max_angle,final_angle,cumulative_increase,regression_amount,progress,success,regression_event,stalled,lost_contact,episode_steps,env_steps,env_index,policy_version,return_value,initial_angle_deg,offset_x_m,offset_y_m,offset_z_m,offset_linf_cm,friction_scale,initial_handle_x_m,initial_handle_y_m,initial_handle_z_m,final_handle_x_m,final_handle_y_m,final_handle_z_m,curriculum_level,contact_stability
1.0043267011642456,1.0043267011642456,1.0043902397155762,0.03161231800913811,1.0,1.0,0.0,0.0,0.0,257,8224,6,0,34.883399963378906,1.8076142595989289,0.005452368408441544,0.00809098593890667,-0.00028840216691605747,0.809098593890667,1.0,0.4482765197753906,-0.021883726119995117,0.45498162508010864,0.22415685653686523,-0.2894730567932129,0.45498162508010864,2,1.0
1.0036875009536743,1.0036875009536743,1.0176453590393066,0.020675912499427795,1.0,1.0,0.0,0.0,0.0,276,8832,11,0,35.31303405761719,0.3849203799570932,-0.0008150975336320698,-0.0019832258112728596,0.0027977952267974615,0.27977952267974615,1.0,0.450636625289917,-0.0285642147064209,0.45806780457496643,0.2179393768310547,-0.2993137836456299,0.4580678343772888,2,1.0
1.0053532123565674,1.0053532123565674,1.0266258716583252,0.0477842278778553,1.0,1.0,0.0,0.0,0.0,280,8960,21,0,35.78852844238281,1.5190093119750945,0.007364490535110235,0.008254875428974628,-0.007374847773462534,0.8254875428974628,1.0,0.451932430267334,-0.02101421356201172,0.4478951692581177,0.22598886489868164,-0.2896842956542969,0.4478951096534729,2,1.0
0.013210004195570946,7.913875776921486e-09,1.9825634808512405e-05,0.047593988478183746,0.0,0.0,0.0,1.0,1.0,600,19200,0,0,0.28283095359802246,2.7257995779315047,0.002340936101973057,0.0033413369674235582,-0.004088000860065222,0.4088000860065222,1.0,0.43964290618896484,-0.02893686294555664,0.4511820673942566,0.45614051818847656,-0.022357940673828125,0.451182097196579,2,0.0
0.3168637454509735,7.913868671494129e-09,0.3172176778316498,0.37439030408859253,0.0,0.0,1.0,1.0,1.0,600,19200,1,0,1.4507579803466797,3.2757474134373026,-0.0019281033892184496,-0.0049502793699502945,0.0036775371991097927,0.49502793699502945,1.0,0.4320845603942871,-0.0386505126953125,0.4589475989341736,0.451871395111084,-0.03065013885498047,0.45894762873649597,2,0.0
0.013856182806193829,7.913876665099906e-09,0.0013044684892520308,0.08131936937570572,0.0,0.0,1.0,1.0,1.0,600,19200,2,0,-0.24068288505077362,4.584516459126823,-0.006407877895981073,0.0014567893231287599,0.003707221243530512,0.6407877895981073,1.0,0.419832706451416,-0.035753726959228516,0.45897722244262695,0.4473915100097656,-0.024243146181106567,0.4589773118495941,2,0.0
0.34671974182128906,7.913875776921486e-09,0.46289756894111633,0.548276424407959,0.0,0.0,1.0,1.0,1.0,600,19200,3,0,1.066025972366333,4.891851919888948,-0.007985246367752552,-0.007950992323458195,0.0065478491596877575,0.7985246367752552,1.0,0.4164419174194336,-0.04601168632507324,0.4618178606033325,0.4458141326904297,-0.033650994300842285,0.4618179500102997,2,0.012345679104328156
0.4198267459869385,7.913869559672548e-09,0.42020291090011597,0.43477901816368103,0.0,0.0,1.0,1.0,1.0,600,19200,4,0,2.9802520275115967,0.8351579656687241,-0.005680480506271124,0.004484621342271566,0.0005058968090452254,0.5680480506271124,1.0,0.44303178787231445,-0.0231473445892334,0.4557759165763855,0.4481191635131836,-0.021215438842773438,0.45577600598335266,2,0.704081654548645
0.41691526770591736,7.913868671494129e-09,0.4170185625553131,0.45650428533554077,0.0,0.0,1.0,1.0,1.0,600,19200,5,0,2.1282589435577393,2.2623787132655444,-0.0016171556198969483,-0.009547404944896698,0.0075044478289783,0.9547404944896698,1.0,0.43846702575683594,-0.040651798248291016,0.46277445554733276,0.4521822929382324,-0.035246849060058594,0.4627745449542999,2,0.009433962404727936
0.03545938804745674,7.913876665099906e-09,0.028353942558169365,0.10214056819677353,0.0,0.0,1.0,1.0,1.0,600,19200,7,0,0.051754698157310486,4.2276616999952825,-0.0018306036945432425,0.008869683369994164,-0.0006958190351724625,0.8869683369994164,1.0,0.42652130126953125,-0.02736610174179077,0.4545742869377136,0.4519691467285156,-0.016830265522003174,0.45457425713539124,2,0.0
0.0017961760750040412,7.913876665099906e-09,0.002381660742685199,0.033664148300886154,0.0,0.0,0.0,1.0,1.0,600,19200,8,0,1.2362899780273438,1.7923536960024165,0.002394747454673052,-0.0031613954342901707,0.004080276936292648,0.40802769362926483,1.0,0.4453115463256836,-0.033098578453063965,0.4593502879142761,0.4561944007873535,-0.028861403465270996,0.4593503773212433,2,0.0
0.1429731845855713,7.913875776921486e-09,0.15736712515354156,0.24348314106464386,0.0,0.0,1.0,1.0,1.0,600,19200,9,0,0.5575791597366333,4.934087675282191,-0.0052971928380429745,-0.0068672471679747105,0.005769518204033375,0.686724716797471,1.0,0.4188809394836426,-0.04504513740539551,0.4610394835472107,0.4485025405883789,-0.03256702423095703,0.46103963255882263,2,0.0
0.0013953729066997766,7.913875776921486e-09,0.0029495360795408487,0.05206509679555893,0.0,0.0,1.0,1.0,1.0,600,19200,10,0,0.9943663477897644,2.814114777673416,-0.008318121545016766,2.394321381871123e-05,0.001512636081315577,0.8318121545016766,1.0,0.4284553527832031,-0.032480716705322266,0.4567827582359314,0.4454822540283203,-0.02567577362060547,0.456782728433609,2,0.0
0.08060440421104431,7.913875776921486e-09,0.08753379434347153,0.1451067328453064,0.0,0.0,1.0,1.0,1.0,600,19200,12,0,1.1352729797363281,3.2986861768779674,-0.003807145170867443,-0.00437140604481101,-0.0065487162210047245,0.6548716221004725,1.0,0.4300689697265625,-0.03813162446022034,0.44872134923934937,0.4499931335449219,-0.030071347951889038,0.44872137904167175,2,0.0
1.3971252883493435e-05,7.913875776921486e-09,2.767470505204983e-05,0.04782412573695183,0.0,0.0,0.0,1.0,1.0,600,19200,13,0,0.22698268294334412,2.73853531941264,-0.00573381083086133,0.0037449297960847616,0.0010522138327360153,0.573381083086133,1.0,0.43149232864379883,-0.02856600284576416,0.45632219314575195,0.44806647300720215,-0.021955132484436035,0.4563222825527191,2,0.0
0.0561416931450367,7.913875776921486e-09,0.00010208941239397973,0.06321185827255249,0.0,0.0,1.0,1.0,1.0,600,19200,14,0,0.10669104009866714,3.6159234909459066,-0.0038834705483168364,0.0013766648480668664,0.008011392317712307,0.8011392317712307,1.0,0.4281015396118164,-0.033219099044799805,0.46328145265579224,0.4499168395996094,-0.024323463439941406,0.4632814824581146,2,0.0
0.0689115971326828,7.913876665099906e-09,0.00041729563963599503,0.07004422694444656,0.0,0.0,1.0,1.0,1.0,600,19200,15,0,0.16326190531253815,3.9893295059836804,0.0037593459710478783,-0.008100965060293674,0.0022525873500853777,0.8100965060293674,1.0,0.433524489402771,-0.04369306564331055,0.45752257108688354,0.4575594365596771,-0.033800601959228516,0.4575226604938507,2,0.0
0.06381949782371521,7.913876665099906e-09,0.00010915946768363938,0.07059061527252197,0.0,0.0,1.0,1.0,1.0,600,19200,16,0,0.021624287590384483,4.038290436388448,-0.007636964321136475,0.006105620879679918,0.00455619627609849,0.7636964321136475,1.0,0.421837717294693,-0.029618024826049805,0.4598262310028076,0.446163147687912,-0.019594192504882812,0.4598263204097748,2,0.0
0.03532794117927551,7.913875776921486e-09,0.00013533297169487923,0.03697536513209343,0.0,0.0,0.0,1.0,1.0,600,19200,17,0,1.0226986408233643,2.1107790360991148,-0.007270320784300566,-0.007189744617789984,-0.002824407070875168,0.7270320784300566,1.0,0.4337269067764282,-0.03791540861129761,0.4524456858634949,0.4465297758579254,-0.03288969397544861,0.45244571566581726,2,0.0
0.48379746079444885,7.913875776921486e-09,0.5263592004776001,0.5710548162460327,0.0,0.0,1.0,1.0,1.0,600,19200,18,0,2.293712615966797,2.560872921033911,0.0007067336118780077,0.008005930110812187,0.0017115740338340402,0.8005930110812187,1.0,0.43899834156036377,-0.023852109909057617,0.4569816589355469,0.45450684428215027,-0.01769411563873291,0.45698168873786926,2,0.30000001192092896
0.079662024974823,7.913875776921486e-09,2.88648770947475e-05,0.08391348272562027,0.0,0.0,1.0,1.0,1.0,600,19200,19,0,-0.4249258041381836,4.806234644869192,0.0032738978043198586,0.0008766173850744963,0.005276585463434458,0.5276585463434458,1.0,0.4282059669494629,-0.03694629669189453,0.46054667234420776,0.45707401633262634,-0.024823665618896484,0.46054670214653015,2,0.0
0.07791636884212494,7.913876665099906e-09,0.006544684525579214,0.08903317898511887,0.0,0.0,1.0,1.0,1.0,600,19200,20,0,-0.40559372305870056,4.726244165065057,0.006374381948262453,0.005028366576880217,0.001915053348056972,0.6374381948262453,1.0,0.43177831172943115,-0.032573699951171875,0.45718514919281006,0.46017444133758545,-0.020671367645263672,0.45718517899513245,2,0.0
0.02410566434264183,7.913871336029388e-09,0.0003761442203540355,0.026726704090833664,0.0,0.0,0.0,1.0,1.0,600,19200,22,0,1.206084132194519,1.509776923929647,-0.00723539711907506,-0.00847003236413002,-0.0022716643288731575,0.847003236413002,1.0,0.43738818168640137,-0.03771659731864929,0.4529983401298523,0.44656479358673096,-0.034170001745224,0.45299842953681946,2,0.0
0.06529773771762848,7.913875776921486e-09,0.00028044055216014385,0.06898588687181473,0.0,0.0,1.0,1.0,1.0,600,19200,23,0,-0.05029834806919098,3.9365329974731282,0.0026901974342763424,0.00469777500256896,-0.008549799211323261,0.8549799211323261,1.0,0.43276894092559814,-0.03075253963470459,0.4467202425003052,0.4564903974533081,-0.02100217342376709,0.44672027230262756,2,0.0
0.1404607743024826,0.1404607743024826,0.15694941580295563,0.10059351474046707,0.06153099233374404,0.0,1.0,0.0,1.0,600,19200,24,0,4.315545082092285,4.818852138700321,-0.006951885763555765,0.009226816706359386,-0.005501477513462305,0.9226816706359386,1.0,0.41790568828582764,-0.02863144874572754,0.449768602848053,0.39912867546081543,-0.03812003135681152,0.4497685432434082,2,0.0
0.6268300414085388,7.913875776921486e-09,0.6270033717155457,0.6422821283340454,0.0,0.0,1.0,1.0,1.0,600,19200,25,0,3.827012538909912,0.8754038948576722,0.0015666232211515307,0.003028439125046134,0.003937811125069857,0.39378111250698566,1.0,0.45003461837768555,-0.024698257446289062,0.45920783281326294,0.455366849899292,-0.022671222686767578,0.4592079222202301,2,0.7027027010917664
0.06375393271446228,7.913875776921486e-09,0.0009650583961047232,0.06799159944057465,0.0,0.0,1.0,1.0,1.0,600,19200,26,0,0.39070796966552734,3.840337893863138,0.007073272485285997,0.0007769767544232309,-0.008778988383710384,0.8778988383710384,1.0,0.43772339820861816,-0.034415483474731445,0.4464910626411438,0.4608736038208008,-0.024922847747802734,0.4464910924434662,2,0.0
0.07725033909082413,7.913875776921486e-09,2.239512832602486e-05,0.07972541451454163,0.0,0.0,1.0,1.0,1.0,600,19200,27,0,-0.33988478779792786,4.5666456960503075,0.008337571285665035,-0.0075767855159938335,0.0077491640113294125,0.8337571285665035,1.0,0.43468379974365234,-0.04473838210105896,0.4630192518234253,0.46213793754577637,-0.03327673673629761,0.4630192816257477,2,0.0
0.31925591826438904,7.913867783315709e-09,0.3192640244960785,0.3315250873565674,0.0,0.0,1.0,1.0,1.0,600,19200,28,0,2.4096646308898926,0.702512543696756,0.006897532846778631,-0.007625465281307697,-0.008300011977553368,0.8300011977553368,1.0,0.45641613006591797,-0.03494572639465332,0.44697001576423645,0.46069788932800293,-0.03332555294036865,0.4469700753688812,2,0.02500000037252903
0.4834763705730438,7.913876665099906e-09,0.5154851675033569,0.5440607070922852,0.0,0.0,1.0,1.0,1.0,600,19200,29,0,2.614244222640991,1.6372600569104079,-0.0019248714670538902,0.008300382643938065,-0.0002633381518535316,0.8300382643938065,1.0,0.4419283866882324,-0.02125716209411621,0.4550066888332367,0.4518754482269287,-0.01739978790283203,0.45500674843788147,2,0.42105263471603394
0.07526898384094238,7.913876665099906e-09,5.5573850659129675e-06,0.07886804640293121,0.0,0.0,1.0,1.0,1.0,600,19200,30,0,-0.24222804605960846,4.518488166646663,0.0053589679300785065,-0.0016215798677876592,-0.009412506595253944,0.9412506595253944,1.0,0.4319901466369629,-0.0386509895324707,0.44585752487182617,0.45915842056274414,-0.027321338653564453,0.44585761427879333,2,0.0
0.02856920287013054,7.913875776921486e-09,0.00022808913490734994,0.03210465610027313,0.0,0.0,0.0,1.0,1.0,600,19200,31,0,0.8200437426567078,1.826393437835056,-0.009347553364932537,-0.009851932525634766,-0.0060124704614281654,0.9851932525634766,1.0,0.4333639144897461,-0.03987312316894531,0.4492575526237488,0.44445228576660156,-0.03555178642272949,0.44925764203071594,2,0.0
1.0058602094650269,1.0058602094650269,1.0157530307769775,0.04676777124404907,1.0,1.0,0.0,0.0,0.0,243,26976,4,1,33.68635559082031,2.1127777202049898,0.009452421218156815,-0.0020491615869104862,-0.0016523407539352775,0.9452421218156815,1.0,0.4504375457763672,-0.03277945518493652,0.45361775159835815,0.22803735733032227,-0.3001735210418701,0.4536176919937134,2,1.0
0.00010611596371745691,7.913876665099906e-09,0.00011885922867804766,0.02321726642549038,0.0,0.0,0.0,1.0,1.0,600,27424,6,1,0.9828210473060608,1.3234413592437657,-0.006043318193405867,-0.0029905710835009813,0.009482760913670063,0.9482760913670063,1.0,0.43970775604248047,-0.03178596496582031,0.46475276350975037,0.447756290435791,-0.028690338134765625,0.4647528827190399,2,0.0
1.0035306215286255,1.0035306215286255,1.0046143531799316,0.008623601868748665,1.0,1.0,0.0,0.0,0.0,259,27488,16,1,35.24708557128906,0.4320010606689762,-0.006009262055158615,0.003760112216696143,-0.007139683701097965,0.7139683701097965,1.0,0.4451555609703064,-0.022929906845092773,0.44813039898872375,0.21275722980499268,-0.29351329803466797,0.44813042879104614,2,1.0
1.0044362545013428,1.0044362545013428,1.191420078277588,0.2710857391357422,1.0,1.0,1.0,0.0,1.0,269,27808,0,1,31.61286735534668,4.818676261329193,-0.008523606695234776,-0.0050623151473701,-0.007663262542337179,0.8523606695234776,1.0,0.4163351058959961,-0.04291963577270508,0.44760680198669434,0.21017217636108398,-0.30266666412353516,0.44760680198669434,2,0.0
1.003706455230713,1.003706455230713,1.035918951034546,0.04378966987133026,1.0,1.0,0.0,0.0,0.0,275,28000,13,1,35.93175506591797,0.6633262009636589,0.008089219219982624,-0.0022428117226809263,-0.006787091493606567,0.8089219219982624,1.0,0.45784616470336914,-0.029471278190612793,0.44848302006721497,0.22684216499328613,-0.29958057403564453,0.4484829306602478,2,0.9887640476226807
1.0054630041122437,1.0054630041122437,1.0184972286224365,0.024934448301792145,1.0,1.0,0.0,0.0,0.0,275,28000,31,1,35.997314453125,0.6818251813612567,0.009530589915812016,0.009216160513460636,-0.009666125290095806,0.9666125290095806,1.0,0.45917510986328125,-0.018055438995361328,0.44560399651527405,0.22814607620239258,-0.28876280784606934,0.44560396671295166,2,1.0
0.02844313345849514,7.913875776921486e-09,7.946438174144532e-09,0.07632055878639221,0.0,0.0,1.0,1.0,1.0,600,28032,11,1,-0.25814247131347656,4.372844627879896,0.0024406469892710447,-0.007911760360002518,0.0005537379183806479,0.7911760360002518,1.0,0.4299328327178955,-0.044542551040649414,0.45582371950149536,0.4562408924102783,-0.03361153602600098,0.4558238089084625,2,0.0
1.0022742748260498,1.0022742748260498,1.0132062435150146,0.011464962735772133,1.0,1.0,0.0,0.0,0.0,279,28128,5,1,36.2118034362793,0.030540894053967812,0.009226464666426182,-9.994080755859613e-05,-0.00798550434410572,0.9226464666426182,1.0,0.46283960342407227,-0.025869369506835938,0.44728460907936096,0.22809171676635742,-0.29691553115844727,0.4472845792770386,2,1.0
0.07679734379053116,7.913876665099906e-09,0.006057456601411104,0.08886504918336868,0.0,0.0,1.0,1.0,1.0,600,28160,21,1,-0.719447910785675,4.744526020152242,-0.002724430989474058,-0.0005417438223958015,0.008432605303823948,0.8432605303823948,1.0,0.42257165908813477,-0.038193464279174805,0.46370261907577515,0.4510756731033325,-0.026241540908813477,0.4637027084827423,2,0.0
0.001177515252493322,6.776280425668801e-09,0.0015214746817946434,0.03529489040374756,0.0,0.0,0.0,1.0,1.0,600,38400,1,2,0.7264719605445862,1.9350741272478293,0.0037728247698396444,0.0059538474306464195,0.0056730094365775585,0.595384743064642,1.0,0.4458284378051758,-0.024335622787475586,0.4609431028366089,0.45757246017456055,-0.019746065139770508,0.4609431326389313,2,0.0
0.03197190538048744,7.913875776921486e-09,0.026029447093605995,0.10250045359134674,0.0,0.0,1.0,1.0,1.0,600,38400,2,2,-0.4683583974838257,4.381466034159745,-0.002139614662155509,0.009484908543527126,0.003056422807276249,0.9484908543527126,1.0,0.42530202865600586,-0.02716928720474243,0.4583265781402588,0.45166015625,-0.01621505618095398,0.4583265483379364,2,0.0
0.5513356328010559,7.916217015235816e-09,0.5853089690208435,0.6081808805465698,0.0,0.0,1.0,1.0,1.0,600,38400,3,2,3.2547976970672607,1.3104538612586922,-0.0009469392825849354,-0.005099328700453043,-0.0072064874693751335,0.7206487469375134,1.0,0.4448823928833008,-0.03386390209197998,0.44806355237960815,0.452852725982666,-0.030799269676208496,0.44806358218193054,2,0.6692307591438293
0.0009964213240891695,7.913872224207807e-09,6.977992597967386e-05,0.022361507639288902,0.0,0.0,0.0,1.0,1.0,600,38400,7,2,1.2571815252304077,1.2772222161822298,-0.002786173252388835,-0.004765148740261793,-0.00854092463850975,0.854092463850975,1.0,0.44324445724487305,-0.033449649810791016,0.4467291235923767,0.45101356506347656,-0.03046509623527527,0.4467291533946991,2,0.0
0.46448519825935364,7.943385504916023e-09,0.4903743267059326,0.5625686645507812,0.0,0.0,1.0,1.0,1.0,600,38400,8,2,1.5859967470169067,4.136429582590953,0.001636001979932189,0.00678162882104516,0.008754447102546692,0.8754447102546692,1.0,0.4305286407470703,-0.02920699119567871,0.46402448415756226,0.45543575286865234,-0.018918395042419434,0.4640245735645294,2,0.23595505952835083
0.004774276167154312,7.913876665099906e-09,0.0008689019596204162,0.05315280705690384,0.0,0.0,1.0,1.0,1.0,600,38400,9,2,0.42151662707328796,2.99564690510378,-0.009300529956817627,0.00026505248388275504,-0.003891661064699292,0.9300529956817627,1.0,0.42638587951660156,-0.03270721435546875,0.45137834548950195,0.44449901580810547,-0.02543497085571289,0.4513784348964691,2,0.0
0.0714099183678627,7.913875776921486e-09,0.00011388504935894161,0.07400083541870117,0.0,0.0,1.0,1.0,1.0,600,38400,10,2,-0.1627061367034912,4.233411438615963,-0.0020633789245039225,-0.006534329149872065,0.005543719045817852,0.6534329149872065,1.0,0.4262547492980957,-0.04278564453125,0.4608137607574463,0.4517369270324707,-0.03223371505737305,0.4608137905597687,2,0.0
0.0007309012580662966,6.7035612616450635e-09,0.001010402454994619,0.021049227565526962,0.0,0.0,0.0,1.0,1.0,600,38400,12,2,0.9668692946434021,1.148140818935686,-0.009356497786939144,0.0021634818986058235,0.009147592820227146,0.9356497786939144,1.0,0.4374566078186035,-0.026211559772491455,0.46441757678985596,0.444443941116333,-0.023536473512649536,0.4644176661968231,2,0.0
0.08226387202739716,7.913875776921486e-09,1.6571457308600657e-06,0.08440901339054108,0.0,0.0,1.0,1.0,1.0,600,38400,14,2,-0.44722291827201843,4.836186305040167,0.004695833660662174,-0.004830736201256514,-0.0021764931734651327,0.48307362012565136,1.0,0.42945146560668945,-0.04273653030395508,0.45309364795684814,0.45849609375,-0.030530691146850586,0.45309361815452576,2,0.0
0.5987637042999268,7.913868671494129e-09,0.5987823009490967,0.6354827284812927,0.0,0.0,1.0,1.0,1.0,600,38400,15,2,3.257539987564087,2.10279731972372,-0.003954204730689526,0.006772533059120178,-0.006380900740623474,0.6772533059120178,1.0,0.43709105253219604,-0.023932456970214844,0.4488891363143921,0.4498458802700043,-0.01892709732055664,0.44888922572135925,2,0.7446808218955994
0.6941587924957275,7.898221632274272e-09,0.6963208913803101,0.7160845994949341,0.0,0.0,1.0,1.0,1.0,600,38400,17,2,3.6692543029785156,1.132384319572407,0.0005417317734099925,0.00869334489107132,0.0035104197449982166,0.869334489107132,1.0,0.44745028018951416,-0.019643932580947876,0.4587804973125458,0.454341858625412,-0.017006605863571167,0.4587804973125458,2,0.7417218685150146
0.039667949080467224,7.913875776921486e-09,0.02425648272037506,0.09782642871141434,0.0,0.0,1.0,1.0,1.0,600,38400,18,2,-0.01429748348891735,4.215246550518315,-0.002009677467867732,0.002972460351884365,-0.0027187117375433445,0.2972460351884365,1.0,0.42641574144363403,-0.033229827880859375,0.45255130529403687,0.4517904222011566,-0.022727608680725098,0.45255139470100403,2,0.0
0.00019496468303259462,7.919744859918865e-09,0.0002872068725991994,0.02049504593014717,0.0,0.0,0.0,1.0,1.0,600,38400,19,2,0.951558530330658,1.1578244263531774,-0.006028240546584129,-0.009186106733977795,-0.003488139482215047,0.9186106733977795,1.0,0.44072601199150085,-0.03758406639099121,0.45178189873695374,0.4477718770503998,-0.03488588333129883,0.4517819583415985,2,0.0
0.5840663313865662,7.913876665099906e-09,0.5841544270515442,0.5843403339385986,0.0,0.0,1.0,1.0,1.0,600,38400,20,2,3.627434730529785,0.010651436551743571,-0.0010280332062393427,-0.009302051737904549,-0.007530175615102053,0.9302051737904549,1.0,0.45270681381225586,-0.03502655029296875,0.4477398991584778,0.45277202129364014,-0.03500175476074219,0.44773992896080017,2,0.2876712381839752
0.7087780237197876,7.913870447850968e-09,0.708864152431488,0.7572633624076843,0.0,0.0,1.0,1.0,1.0,600,38400,22,2,3.279303789138794,2.7730941556222004,0.00528744887560606,0.0057958983816206455,0.007089404389262199,0.7089404389262199,1.0,0.4423065185546875,-0.026603370904922485,0.4623594284057617,0.4590877294540405,-0.01990404725074768,0.4623595178127289,2,0.7161290049552917
0.5499714612960815,7.913868671494129e-09,0.5503156781196594,0.5977370738983154,0.0,0.0,1.0,1.0,1.0,600,38400,23,2,2.8423922061920166,2.7170460501798988,7.346580241573974e-05,0.006810784339904785,-0.003490464761853218,0.6810784339904785,1.0,0.43742823600769043,-0.025445222854614258,0.4517795443534851,0.45387375354766846,-0.018889307975769043,0.45177963376045227,2,0.7364341020584106
0.521499514579773,7.913876665099906e-09,0.5281147956848145,0.5319140553474426,0.0,0.0,1.0,1.0,1.0,600,38400,24,2,3.247450590133667,0.21768065014860546,-0.0018739205552265048,-0.005736862774938345,0.005978763569146395,0.5978763569146395,1.0,0.45059728622436523,-0.03193330764770508,0.4612487852573395,0.4519263505935669,-0.03143668174743652,0.46124884486198425,2,0.3731343150138855
0.06891155987977982,7.913874888743067e-09,1.3060614037385676e-05,0.07783125340938568,0.0,0.0,1.0,1.0,1.0,600,38400,25,2,-0.3968562185764313,4.458653575083236,0.0002580338332336396,0.00955746229737997,0.00875065941363573,0.955746229737997,1.0,0.4272429943084717,-0.027307510375976562,0.4640207290649414,0.4540584087371826,-0.016141891479492188,0.4640207588672638,2,0.0
0.09868552535772324,0.09868552535772324,0.1387501060962677,0.12181354314088821,0.018444410980993208,0.0,1.0,0.0,1.0,600,38400,26,2,3.5812482833862305,4.683868390793829,-0.008995822630822659,0.007764041423797607,-0.0069099850952625275,0.8995822630822659,1.0,0.4166581630706787,-0.029719829559326172,0.44836002588272095,0.4109528064727783,-0.032446861267089844,0.4483600854873657,2,0.0
4.29749270551838e-05,9.412112866868938e-09,5.733652869821526e-05,0.016715779900550842,0.0,0.0,0.0,1.0,1.0,600,38400,27,2,0.8702746629714966,0.9544590656323385,0.001393085578456521,0.0059289648197591305,0.00539941992610693,0.592896481975913,1.0,0.44938087463378906,-0.021984994411468506,0.4606693983078003,0.45519328117370605,-0.01977100968360901,0.46066948771476746,2,0.0
0.0398002527654171,7.913871336029388e-09,0.02160649746656418,0.10872025787830353,0.0,0.0,1.0,1.0,1.0,600,38400,28,2,-0.24674169719219208,4.991251662880144,0.0014026106800884008,0.008304083719849586,0.004053862299770117,0.8304083719849586,1.0,0.4252445697784424,-0.030033349990844727,0.4593238830566406,0.4552028179168701,-0.017395853996276855,0.4593239724636078,2,0.0
0.41370517015457153,7.913875776921486e-09,0.4137970209121704,0.44046759605407715,0.0,0.0,1.0,1.0,1.0,600,38400,29,2,2.318005084991455,1.5281116062611944,-0.006369829643517733,-0.009156564250588417,6.604853115277365e-05,0.9156564250588417,1.0,0.4381430149078369,-0.03844738006591797,0.45533618330955505,0.4474303722381592,-0.034856319427490234,0.4553361237049103,2,0.03773584961891174
0.016175810247659683,7.913874888743067e-09,0.016186537221074104,0.06867668777704239,0.0,0.0,1.0,1.0,1.0,600,38400,30,2,0.6916598677635193,3.0074639861415484,-3.345853474456817e-05,0.002461574738845229,0.008683386258780956,0.8683386258780956,1.0,0.43558311462402344,-0.03054046630859375,0.46395349502563477,0.4537663459777832,-0.02323770523071289,0.4639534652233124,2,0.0
0.5558261275291443,7.913875776921486e-09,0.5561997890472412,0.632917582988739,0.0,0.0,1.0,1.0,1.0,600,46176,4,2,1.7572133541107178,4.395604952628495,0.00408533401787281,-0.0034064280334860086,-0.0004396954900585115,0.40853340178728104,1.0,0.4314427375793457,-0.040099143981933594,0.4548303484916687,0.4578847885131836,-0.02910637855529785,0.4548303782939911,2,0.1818181872367859
0.00016322349256370217,5.2254001126073035e-09,0.00018102701869793236,0.020111730322241783,0.0,0.0,0.0,1.0,1.0,600,46624,6,2,0.7975358366966248,1.1419454104716613,0.0007149788434617221,0.004503306001424789,0.005626705475151539,0.5626705475151539,1.0,0.44756555557250977,-0.02385687828063965,0.460896760225296,0.4545145034790039,-0.021196603775024414,0.4608968198299408,2,0.0
4.748406354337931e-05,7.913876665099906e-09,5.0188151362817734e-05,0.05889851599931717,0.0,0.0,1.0,1.0,1.0,600,46688,16,2,0.3394792377948761,3.3717604498172298,-0.009930253028869629,0.0003722368273884058,0.00267228577286005,0.9930253028869629,1.0,0.42350977659225464,-0.033579349517822266,0.4579423666000366,0.44386985898017883,-0.025327682495117188,0.457942396402359,2,0.0
1.005319595336914,1.005319595336914,1.0054124593734741,0.008952835574746132,1.0,1.0,0.0,0.0,0.0,267,46944,9,2,35.20234298706055,0.5076397227960345,0.006981165613979101,-0.004993658512830734,0.004816554486751556,0.6981165613979101,1.0,0.4576854705810547,-0.03185892105102539,0.4600866138935089,0.22560787200927734,-0.3029203414916992,0.4600865840911865,2,1.0
0.0457724891602993,7.913876665099906e-09,0.00015505740884691477,0.05207169055938721,0.0,0.0,1.0,1.0,1.0,600,47008,0,2,0.29786938428878784,2.97460437293144,-0.005792614072561264,-0.00536166550591588,0.008200555108487606,0.8200555108487606,1.0,0.4300198554992676,-0.038279056549072266,0.4634705185890198,0.44800710678100586,-0.031061172485351562,0.4634706676006317,2,0.0
0.02107798308134079,7.913876665099906e-09,8.288974640890956e-06,0.027836935594677925,0.0,0.0,0.0,1.0,1.0,600,47200,13,2,0.57520592212677,1.5944644394486351,-0.009648905135691166,0.002641526749357581,0.0061009167693555355,0.9648905135691166,1.0,0.4344627857208252,-0.02681124210357666,0.46137094497680664,0.4441514015197754,-0.023058533668518066,0.4613710343837738,2,0.0
0.48210838437080383,7.942974278307702e-09,0.4822896122932434,0.5070540904998779,0.0,0.0,1.0,1.0,1.0,600,47200,31,2,2.524883270263672,1.4189057393342703,-0.0040925960056483746,0.009729946963489056,0.0059977429918944836,0.9729946963489056,1.0,0.44108057022094727,-0.01929616928100586,0.46126770973205566,0.44970703125,-0.01596999168395996,0.4612678587436676,2,0.3611111044883728
0.6312670111656189,7.913875776921486e-09,0.6324397325515747,0.6532164812088013,0.0,0.0,1.0,1.0,1.0,600,47232,11,2,3.324549436569214,1.1904321763376415,0.004583466798067093,0.0009416989632882178,0.0026534360367804766,0.4583466798067093,1.0,0.4511399269104004,-0.02753448486328125,0.45792344212532043,0.45838379859924316,-0.024758100509643555,0.45792356133461,2,0.25874125957489014
0.39412933588027954,7.913868671494129e-09,0.3942277431488037,0.41689586639404297,0.0,0.0,1.0,1.0,1.0,600,47328,5,2,1.9642136096954346,1.2987882183214279,-0.00748335849493742,-0.0036115290131419897,0.006283540278673172,0.748335849493742,1.0,0.4384164810180664,-0.0323486328125,0.4615536034107208,0.4463162422180176,-0.029311180114746094,0.4615536630153656,2,0.0729166641831398
0.034356825053691864,7.913876665099906e-09,0.02640625275671482,0.09347430616617203,0.0,0.0,1.0,1.0,1.0,600,47360,21,2,0.01742548681795597,3.842716507241595,-0.0002263696223963052,0.004626092500984669,-0.0016342331655323505,0.4626092500984669,1.0,0.43040966987609863,-0.030573368072509766,0.4536357522010803,0.4535738229751587,-0.02107381820678711,0.4536358416080475,2,0.0
1.0048441886901855,1.0048441886901855,1.1442935466766357,0.21136623620986938,1.0,1.0,1.0,0.0,1.0,292,47744,25,2,31.713287353515625,4.120518230032585,-0.0016064814990386367,-0.006121501792222261,-0.008053305558860302,0.8053305558860302,1.0,0.4273808002471924,-0.042067527770996094,0.4472167491912842,0.2170577049255371,-0.3038749694824219,0.44721680879592896,2,0.0
1.0027801990509033,1.0027801990509033,1.031642198562622,0.06415022164583206,1.0,1.0,1.0,0.0,0.0,250,54688,16,3,33.556556701660156,2.02186107216295,0.007658901624381542,0.0032605230808258057,-0.0005879242089577019,0.7658901624381542,1.0,0.4491915702819824,-0.027243614196777344,0.45468205213546753,0.22648456692695618,-0.29373884201049805,0.4546821117401123,2,0.8827160596847534
1.0029007196426392,1.0029007196426392,1.003148078918457,0.031756870448589325,1.0,1.0,0.0,0.0,0.0,271,55296,6,3,35.420494079589844,1.805361577833294,0.00870352890342474,0.003874596208333969,-0.009335003793239594,0.9335003793239594,1.0,0.4515414237976074,-0.026094913482666016,0.4459350109100342,0.22751903533935547,-0.2931694984436035,0.4459350109100342,2,1.0
1.0018779039382935,1.0018779039382935,1.0327739715576172,0.060028091073036194,1.0,1.0,1.0,0.0,0.0,270,55584,9,3,35.432350158691406,1.6691511706405495,0.007830151356756687,0.0035573188215494156,-0.007856355048716068,0.7856355048716068,1.0,0.4514904022216797,-0.026077747344970703,0.44741368293762207,0.22672700881958008,-0.29311323165893555,0.4474136233329773,2,1.0
1.0010682344436646,1.0010682344436646,1.0015774965286255,0.06253233551979065,1.0,1.0,1.0,0.0,0.0,259,55648,21,3,33.98999786376953,3.5536614074627746,0.0031814714893698692,0.007792760152369738,-0.004505114629864693,0.7792760152369738,1.0,0.43553733825683594,-0.026638031005859375,0.4507649540901184,0.22214233875274658,-0.28858232498168945,0.4507649540901184,2,1.0
1.000853180885315,1.000853180885315,1.0011112689971924,0.003002590499818325,1.0,1.0,0.0,0.0,0.0,276,56032,31,3,36.030235290527344,0.1572510583950201,0.005717548541724682,0.002006769645959139,-0.003756301710382104,0.5717548541724682,1.0,0.45855712890625,-0.024051666259765625,0.45151373744010925,0.22469568252563477,-0.29428958892822266,0.45151370763778687,2,1.0
0.038158345967531204,7.913871336029388e-09,9.203623631037772e-05,0.04409562423825264,0.0,0.0,0.0,1.0,1.0,600,57600,1,3,0.5206030607223511,2.5212206846942253,-0.00424851942807436,-0.003993136342614889,0.006475023925304413,0.6475023925304413,1.0,0.4342803955078125,-0.035750389099121094,0.461745023727417,0.4495511054992676,-0.029692888259887695,0.46174511313438416,2,0.0
0.7300938367843628,7.913876665099906e-09,0.7306731939315796,0.7859086990356445,0.0,0.0,1.0,1.0,1.0,600,57600,2,3,3.2153337001800537,3.164764736830823,-0.0009803363354876637,0.001232739188708365,-0.0027914701495319605,0.27914701495319605,1.0,0.43369531631469727,-0.03217795491218567,0.4524785876274109,0.4528193473815918,-0.02446720004081726,0.4524786174297333,2,0.7307692170143127
0.020246105268597603,7.913873112386227e-09,9.187501746055204e-06,0.0426354706287384,0.0,0.0,0.0,1.0,1.0,600,57600,3,3,0.9766111373901367,2.4423072403448365,0.0013244944857433438,-0.0068975756876170635,-0.008985841646790504,0.8985841646790504,1.0,0.44032764434814453,-0.03845512866973877,0.4462842345237732,0.4551239013671875,-0.03259766101837158,0.4462842643260956,2,0.0
0.07517219334840775,7.913876665099906e-09,4.389745299704373e-05,0.08481861650943756,0.0,0.0,1.0,1.0,1.0,600,57600,7,3,-0.48025062680244446,4.857233959854384,0.0072304182685911655,-0.008450845256447792,-0.009119813330471516,0.9119813330471516,1.0,0.43186140060424805,-0.046415120363235474,0.4461502432823181,0.4610300064086914,-0.03415080904960632,0.4461502730846405,2,0.0
0.024979833513498306,7.913876665099906e-09,0.025160392746329308,0.0795445516705513,0.0,0.0,1.0,1.0,1.0,600,57600,8,3,0.7205460071563721,3.1159824585615343,0.003699502907693386,-0.0003839570563286543,-0.007103152107447386,0.7103152107447386,1.0,0.43866682052612305,-0.033667802810668945,0.4481669068336487,0.45749902725219727,-0.026084065437316895,0.44816693663597107,2,0.0
0.04562053084373474,7.913875776921486e-09,0.0003635766333900392,0.047981664538383484,0.0,0.0,0.0,1.0,1.0,600,57600,10,3,0.4699513912200928,2.728316289197243,-0.00388465472497046,-0.007085610646754503,0.0012668960262089968,0.7085610646754503,1.0,0.43340277671813965,-0.03937101364135742,0.4565368890762329,0.44991564750671387,-0.03278541564941406,0.4565369784832001,2,0.0
2.1788113372167572e-05,7.913875776921486e-09,2.5734003429533914e-05,0.04637261852622032,0.0,0.0,0.0,1.0,1.0,600,57600,12,3,0.39834409952163696,2.6554812863223427,-0.008743125945329666,-0.009690326638519764,0.0005395821062847972,0.9690326638519764,1.0,0.42898106575012207,-0.04178902506828308,0.4558095335960388,0.4450571537017822,-0.03539028763771057,0.45580968260765076,2,0.0
0.6216906309127808,7.913875776921486e-09,0.6217150688171387,0.6258041262626648,0.0,0.0,1.0,1.0,1.0,600,57600,14,3,3.5460736751556396,0.23428365274192964,0.005278365686535835,-0.00568410474807024,-0.00468794209882617,0.568410474807024,1.0,0.45764780044555664,-0.03191852569580078,0.45058202743530273,0.4590785503387451,-0.03138399124145508,0.4505821764469147,2,0.251655638217926
0.9212979674339294,7.802681167845549e-09,1.0271917581558228,1.106866717338562,0.0,0.0,1.0,1.0,1.0,600,57600,15,3,1.737051010131836,4.5650487124449945,0.0010510430438444018,-0.008904146030545235,-0.0014784808736294508,0.8904146030545235,1.0,0.4274066686630249,-0.046061038970947266,0.4537915587425232,0.4548511803150177,-0.03460359573364258,0.4537915885448456,2,0.0
0.05383080244064331,7.913875776921486e-09,1.1861237908306066e-05,0.060184381902217865,0.0,0.0,1.0,1.0,1.0,600,57600,17,3,0.09244266897439957,3.4476321121084355,-0.0009555481956340373,0.005136552732437849,0.0066717201843857765,0.6671720184385777,1.0,0.43203216791152954,-0.029014527797698975,0.46194177865982056,0.4528445899486542,-0.020563393831253052,0.46194180846214294,2,0.0
2.146291808458045e-05,7.913875776921486e-09,3.770894545596093e-05,0.04112968593835831,0.0,0.0,0.0,1.0,1.0,600,57600,18,3,0.5850611925125122,2.3543967293112487,-0.005276910495012999,0.0059485347010195255,-0.002327551832422614,0.5948534701019526,1.0,0.4342547059059143,-0.02538740634918213,0.45294249057769775,0.4485231935977936,-0.019751429557800293,0.45294252038002014,2,0.0
0.0009396633831784129,7.913876665099906e-09,0.0009490321390330791,0.012830239720642567,0.0,0.0,0.0,1.0,1.0,600,57600,19,3,1.078163981437683,0.6807435035123088,-0.0047586048021912575,0.009723197668790817,-0.0010915319435298443,0.9723197668790817,1.0,0.44489234685897827,-0.01754593849182129,0.4541785418987274,0.4490415155887604,-0.015976905822753906,0.4541785418987274,2,0.0
0.061898503452539444,7.913868671494129e-09,0.0007800527382642031,0.07020146399736404,0.0,0.0,1.0,1.0,1.0,600,57600,20,3,-0.14198672771453857,3.977555540515048,0.002635395620018244,0.0076365903951227665,0.007339454721659422,0.7636590395122766,1.0,0.43247032165527344,-0.027924060821533203,0.46260952949523926,0.45643556118011475,-0.018063068389892578,0.46260955929756165,2,0.0
0.010544586926698685,7.913875776921486e-09,0.011581865139305592,0.04129514470696449,0.0,0.0,0.0,1.0,1.0,600,57600,22,3,1.2840598821640015,1.702445247914894,-0.002571854507550597,-0.0014368060510605574,-0.0013639864046126604,0.2571854507550597,1.0,0.44088733196258545,-0.031153440475463867,0.45390599966049194,0.4512282609939575,-0.027136772871017456,0.4539060890674591,2,0.0
0.5348841547966003,7.913876665099906e-09,0.5542762279510498,0.5800872445106506,0.0,0.0,1.0,1.0,1.0,600,57600,23,3,2.8831193447113037,1.4788624205291117,-0.0005177267012186348,0.003815283300355077,0.009817130863666534,0.9817130863666534,1.0,0.4442927837371826,-0.025356292724609375,0.4650872051715851,0.4532824754714966,-0.021884799003601074,0.4650872051715851,2,0.375
0.36961954832077026,7.913870447850968e-09,0.3734223544597626,0.42440271377563477,0.0,0.0,1.0,1.0,1.0,600,57600,24,3,1.552927017211914,2.9209536638878135,-0.007458693813532591,-0.005292358808219433,0.0029219589196145535,0.7458693813532591,1.0,0.42867493629455566,-0.038071393966674805,0.45819199085235596,0.4463413953781128,-0.03099226951599121,0.4581920802593231,2,0.0
0.05171889066696167,7.913875776921486e-09,0.00021560788445640355,0.05845929682254791,0.0,0.0,1.0,1.0,1.0,600,57600,26,3,0.13707028329372406,3.337118157233748,-0.006299590226262808,0.0014742251951247454,0.006539089605212212,0.6539089605212212,1.0,0.42734742164611816,-0.03238677978515625,0.46180909872055054,0.44750070571899414,-0.024225711822509766,0.4618091881275177,2,0.0
8.196098497137427e-05,7.904221277499346e-09,9.938138100551441e-05,0.0556119941174984,0.0,0.0,1.0,1.0,1.0,600,57600,27,3,0.22634395956993103,3.1806406577828716,-0.006343656685203314,0.00014598456618841738,0.0036437276285141706,0.6343656685203314,1.0,0.4282374382019043,-0.033305972814559937,0.45891374349594116,0.44745659828186035,-0.025553971529006958,0.4589138329029083,2,0.0
0.03005494549870491,7.913875776921486e-09,0.00024092635430861264,0.03351190313696861,0.0,0.0,0.0,1.0,1.0,600,57600,28,3,0.737236499786377,1.906286160556695,-0.00622806791216135,-0.0020081086549907923,-0.007864294573664665,0.7864294573664665,1.0,0.4360013008117676,-0.032225966453552246,0.44740569591522217,0.4475722312927246,-0.02770817279815674,0.44740578532218933,2,0.0
0.7590757012367249,7.913875776921486e-09,0.9235966205596924,1.0052580833435059,0.0,0.0,1.0,1.0,1.0,600,57600,29,3,1.1533949375152588,4.678857593263978,-0.007769898045808077,-0.0016690089832991362,-0.007884371094405651,0.7884371094405651,1.0,0.41791367530822754,-0.0391392707824707,0.44738560914993286,0.4460303783416748,-0.027368783950805664,0.4473856985569,2,0.0
7.255401669681305e-06,7.913876665099906e-09,1.625980803510174e-05,0.042640745639801025,0.0,0.0,0.0,1.0,1.0,600,57600,30,3,0.5808194279670715,2.442204574063875,0.0037667201831936836,0.0034924056380987167,0.0096187274903059,0.9618727490305901,1.0,0.44277048110961914,-0.028065204620361328,0.46488869190216064,0.4575662612915039,-0.022207260131835938,0.4648888409137726,2,0.0
1.0055493116378784,1.0055493116378784,1.0057759284973145,0.02768387831747532,1.0,1.0,0.0,0.0,0.0,262,63680,6,4,35.33903503417969,1.5731908547832785,0.009552530013024807,0.005544810555875301,0.0007249970221891999,0.9552530013024807,1.0,0.4537925720214844,-0.023856163024902344,0.45599502325057983,0.22816133499145508,-0.2924656867980957,0.45599502325057983,2,1.0
0.0030519210267812014,7.913876665099906e-09,0.0032510689925402403,0.029450494796037674,0.0,0.0,0.0,1.0,1.0,600,65376,4,4,1.1700854301452637,1.5011167776705998,0.009132863022387028,-0.00873094704002142,0.004889727104455233,0.9132863022387028,1.0,0.4538087844848633,-0.03795647621154785,0.4601597487926483,0.4629325866699219,-0.034430742263793945,0.4601598083972931,2,0.0
1.0039430856704712,1.0039430856704712,1.0154504776000977,0.016801437363028526,1.0,1.0,0.0,0.0,0.0,260,65920,12,4,35.04716873168945,0.3033288611228249,0.005706083495169878,-0.002749271923676133,0.006963117979466915,0.6963117979466915,1.0,0.4576549530029297,-0.029142439365386963,0.46223321557044983,0.224440336227417,-0.3001733720302582,0.4622330665588379,2,1.0
1.0006954669952393,1.0006954669952393,1.004582405090332,0.017896797508001328,1.0,1.0,0.0,0.0,0.0,267,66144,1,4,35.53165054321289,0.8027057092095837,-0.0008496757363900542,-0.002364576095715165,-0.007033270783722401,0.7033270783722401,1.0,0.4480595588684082,-0.029919862747192383,0.4482368230819702,0.2181406021118164,-0.29860353469848633,0.44823676347732544,2,1.0
0.6054497361183167,7.853346417618923e-09,0.6055231690406799,0.6233910918235779,0.0,0.0,1.0,1.0,1.0,600,66208,0,4,3.5842480659484863,1.0237582716729936,-0.006953880190849304,0.0021228594705462456,-0.00014770856068935245,0.6953880190849304,1.0,0.4406132698059082,-0.025955677032470703,0.45512235164642334,0.44684553146362305,-0.023576736450195312,0.4551223814487457,2,0.7681159377098083
1.0013927221298218,1.0013927221298218,1.018566370010376,0.03351965546607971,1.0,1.0,0.0,0.0,0.0,270,66240,26,4,35.60071563720703,0.9365590608084392,0.00798908993601799,0.004940453451126814,-0.008866841904819012,0.8866841904819012,1.0,0.4560859203338623,-0.02293109893798828,0.4464031457901001,0.22692441940307617,-0.2915530204772949,0.4464032053947449,2,1.0
0.6422436833381653,7.913874888743067e-09,0.6424123048782349,0.7010161280632019,0.0,0.0,1.0,1.0,1.0,600,66400,13,4,2.8616607189178467,3.357756214141176,0.005790855269879103,0.007553167641162872,0.003235666314139962,0.7553167641162872,1.0,0.439314603805542,-0.026361584663391113,0.4585057497024536,0.4595911502838135,-0.018146872520446777,0.458505779504776,2,0.7394366264343262
0.638030469417572,7.926176159855913e-09,0.6382331848144531,0.6794142723083496,0.0,0.0,1.0,1.0,1.0,600,66432,11,4,3.2018818855285645,2.3594997343948947,0.0020738800521939993,-0.006855670362710953,-0.004924179520457983,0.6855670362710953,1.0,0.4415748119354248,-0.038204193115234375,0.45034587383270264,0.4558742046356201,-0.032555580139160156,0.450345903635025,2,0.7071428298950195
0.0679362490773201,7.913876665099906e-09,0.00011667190119624138,0.07294357568025589,0.0,0.0,1.0,1.0,1.0,600,66528,5,4,-0.14026805758476257,4.172673981421625,-0.002784696640446782,0.0017850103322416544,-0.00737037044018507,0.737037044018507,1.0,0.42589330673217773,-0.0343017578125,0.44789963960647583,0.45101499557495117,-0.023914337158203125,0.447899729013443,2,0.0
0.021280085667967796,7.913875776921486e-09,0.0009532629046589136,0.02796965092420578,0.0,0.0,0.0,1.0,1.0,600,66944,25,4,0.5950149297714233,1.547925664878284,-0.009543049149215221,0.006154346279799938,0.002658463316038251,0.9543049149215221,1.0,0.43484997749328613,-0.023185253143310547,0.45792853832244873,0.4442572593688965,-0.01954507827758789,0.4579285681247711,2,0.0
1.0028284788131714,1.0028284788131714,1.0964810848236084,0.17790065705776215,1.0,1.0,1.0,1.0,1.0,349,68768,14,4,32.166709899902344,4.827062026082676,0.002745098900049925,-0.00964099820703268,0.004146952647715807,0.964099820703268,1.0,0.4275543689727783,-0.04752159118652344,0.45941704511642456,0.22156691551208496,-0.3066580295562744,0.459416925907135,2,0.0
0.00016524632519576699,7.914423783006441e-09,0.00019262917339801788,0.022906873375177383,0.0,0.0,0.0,1.0,1.0,600,73888,16,4,0.8610943555831909,1.3014301141480475,-0.0017268670490011573,-0.001795400632545352,0.00960798840969801,0.960798840969801,1.0,0.4441573917865753,-0.030538082122802734,0.46487805247306824,0.45207324624061584,-0.027495145797729492,0.464878112077713,2,0.0
1.0054984092712402,1.0054984092712402,1.0305832624435425,0.07239705324172974,1.0,1.0,1.0,0.0,0.0,251,74464,11,4,33.973628997802734,2.7107876759094633,0.003535160329192877,0.008029263466596603,0.003910137340426445,0.8029263466596603,1.0,0.44092798233032227,-0.024210691452026367,0.45918023586273193,0.22214794158935547,-0.2899627685546875,0.4591801166534424,2,1.0
0.5978022217750549,6.2467311323644026e-09,0.6303951740264893,0.6896663904190063,0.0,0.0,1.0,1.0,1.0,600,74784,9,4,2.6788551807403564,3.39599054589785,0.00115682661999017,0.0012874937383458018,-0.002724496414884925,0.2724496414884925,1.0,0.4344520568847656,-0.032727718353271484,0.4525455832481384,0.4549565315246582,-0.02441263198852539,0.4525456130504608,2,0.7121211886405945
0.013942606747150421,7.914561450661495e-09,0.0018424524459987879,0.06696010380983353,0.0,0.0,1.0,1.0,1.0,600,74848,21,4,-0.07169339060783386,3.7309690628914858,0.0027611693367362022,0.007761371321976185,0.004351492039859295,0.7761371321976185,1.0,0.43406176567077637,-0.027139663696289062,0.4596216082572937,0.45656144618988037,-0.017938613891601562,0.4596215784549713,2,0.0
0.044639863073825836,7.913875776921486e-09,0.0002349089627387002,0.05275673791766167,0.0,0.0,1.0,1.0,1.0,600,75232,31,4,0.34386342763900757,3.0092806030173604,-0.004957050085067749,-0.0009570620604790747,0.009919203817844391,0.9919203817844391,1.0,0.4306478500366211,-0.03396439552307129,0.46518927812576294,0.44884252548217773,-0.0266568660736084,0.4651893079280853,2,0.0
0.9486724138259888,7.913872224207807e-09,1.1203100681304932,1.2058318853378296,0.0,0.0,1.0,1.0,1.0,600,76800,2,4,1.4920806884765625,4.900031071420038,0.004965714178979397,-0.002387839602306485,-0.008227032609283924,0.8227032609283924,1.0,0.42934513092041016,-0.040471017360687256,0.44704294204711914,0.45876550674438477,-0.0280877947807312,0.4470430910587311,2,0.0
4.852312486036681e-06,7.91386423060203e-09,1.1956730304518715e-05,0.009869251400232315,0.0,0.0,0.0,1.0,1.0,600,76800,3,4,1.4609041213989258,0.5647818858051546,0.0012022184673696756,-0.008675194345414639,0.005199900828301907,0.8675194345414639,1.0,0.45155811309814453,-0.03567361831665039,0.46046996116638184,0.4550018310546875,-0.03437530994415283,0.4604699909687042,2,0.0
0.0015273885801434517,7.913876665099906e-09,0.001704085385426879,0.04987208917737007,0.0,0.0,0.0,1.0,1.0,600,76800,7,4,0.5576305389404297,2.7598235249516887,-0.007496626116335392,-0.0003252601600252092,0.00020820765348616987,0.7496626116335392,1.0,0.42960166931152344,-0.032690614461898804,0.45547813177108765,0.4463028907775879,-0.026025205850601196,0.4554782807826996,2,0.0
0.06742855906486511,7.913876665099906e-09,0.00017501396359875798,0.07132428884506226,0.0,0.0,1.0,1.0,1.0,600,76800,8,4,-0.13453668355941772,4.076554009892505,0.007666543126106262,-0.0008208046201616526,0.006167227867990732,0.7666543126106262,1.0,0.43691396713256836,-0.036647796630859375,0.46143728494644165,0.46146631240844727,-0.026520848274230957,0.46143731474876404,2,0.0
0.0024421110283583403,7.913875776921486e-09,0.0007845494546927512,0.006966463290154934,0.0,0.0,0.0,1.0,1.0,600,76800,10,4,1.6421020030975342,0.35419805566824364,-0.00914014596492052,0.002941247308626771,0.0029704864136874676,0.9140145964920521,1.0,0.44249868392944336,-0.02356863021850586,0.4582405388355255,0.4446601867675781,-0.02275848388671875,0.4582405984401703,2,0.0
0.5881896018981934,7.918462330280818e-09,0.5892819166183472,0.6297648549079895,0.0,0.0,1.0,1.0,1.0,600,76800,15,4,2.9400112628936768,2.3195038541625923,0.0016579160001128912,-0.003746424335986376,-0.006106572225689888,0.6106572225689888,1.0,0.44139930605888367,-0.03499460220336914,0.44916337728500366,0.45545801520347595,-0.029446125030517578,0.4491635262966156,2,0.7835820913314819
0.0424119308590889,7.913875776921486e-09,0.0004124041588511318,0.04612147808074951,0.0,0.0,0.0,1.0,1.0,600,76800,17,4,0.4978369176387787,2.6189372129418356,-0.00955101940780878,-0.0074866884388029575,0.0060356720350682735,0.9551019407808781,1.0,0.4283921718597412,-0.03949230909347534,0.46130573749542236,0.44424906373023987,-0.033186644315719604,0.46130576729774475,2,0.0
0.004128823522478342,7.781661537364926e-09,5.4785461543360725e-05,0.05425656959414482,0.0,0.0,1.0,1.0,1.0,600,76800,18,4,0.17138810455799103,3.1055356842259996,0.007068446837365627,0.0075614433735609055,0.009488571435213089,0.9488571435213089,1.0,0.4420980215072632,-0.025694966316223145,0.46475863456726074,0.46086856722831726,-0.018138527870178223,0.46475866436958313,2,0.0
0.08058765530586243,7.913875776921486e-09,0.004026228561997414,0.08790435642004013,0.0,0.0,1.0,1.0,1.0,600,76800,19,4,-0.48984402418136597,4.805863680219896,0.005948587786406279,0.0016150050796568394,0.0021316111087799072,0.5948587786406279,1.0,0.4308827817440033,-0.03620719909667969,0.45740169286727905,0.4597487151622772,-0.024085044860839844,0.45740172266960144,2,0.0
0.6119445562362671,7.913875776921486e-09,0.6123648881912231,0.654948890209198,0.0,0.0,1.0,1.0,1.0,600,76800,20,4,2.9069981575012207,2.4398788946514856,0.007861867547035217,-0.0010769017972052097,0.000939107034355402,0.7861867547035217,1.0,0.44687986373901367,-0.03262901306152344,0.4562091827392578,0.4616619348526001,-0.02677631378173828,0.4562092125415802,2,0.42957746982574463
0.007029396947473288,7.913876665099906e-09,0.0002851638710126281,0.04557929188013077,0.0,0.0,0.0,1.0,1.0,600,76800,22,4,0.09142870455980301,2.595162605101491,-0.005376453977078199,0.009747101925313473,-0.004476137924939394,0.9747101925313473,1.0,0.4327094554901123,-0.022197961807250977,0.45079392194747925,0.44842374324798584,-0.015952855348587036,0.45079395174980164,2,0.0
0.023883400484919548,7.913873112386227e-09,0.025483697652816772,0.0785938948392868,0.0,0.0,1.0,1.0,1.0,600,76800,23,4,0.4377058148384094,3.042990574779135,-0.008267262950539589,-0.008561428636312485,-0.002143734134733677,0.8561428636312485,1.0,0.42713630199432373,-0.041655778884887695,0.4531262516975403,0.4455329179763794,-0.034261345863342285,0.45312634110450745,2,0.0
0.045313358306884766,7.913876665099906e-09,0.00045111856888979673,0.04560667276382446,0.0,0.0,0.0,1.0,1.0,600,76800,24,4,0.7289358377456665,2.5872222967479392,0.008205887861549854,-0.00947180762887001,-0.004815260414034128,0.947180762887001,1.0,0.44633936882019043,-0.0413966178894043,0.45045483112335205,0.46200597286224365,-0.0351717472076416,0.45045486092567444,2,0.0
0.056139130145311356,7.913875776921486e-09,0.00022274514776654541,0.06084957718849182,0.0,0.0,1.0,1.0,1.0,600,76800,27,4,0.09945892542600632,3.473661749591942,-0.006497455760836601,0.005014503374695778,-0.003441672073677182,0.6497455760836601,1.0,0.42633485794067383,-0.029205143451690674,0.45182836055755615,0.44730281829833984,-0.020685464143753052,0.4518284499645233,2,0.0
0.00030829565366730094,7.918568911691182e-09,0.0003484440967440605,0.02128507010638714,0.0,0.0,0.0,1.0,1.0,600,76800,28,4,0.8847747445106506,1.199580574400639,-0.003835126059129834,-0.0064230007119476795,-0.006578713655471802,0.6578713655471802,1.0,0.44266605377197266,-0.03492128849029541,0.44869130849838257,0.449965238571167,-0.03212296962738037,0.44869139790534973,2,0.0
0.05593663454055786,7.914893629390463e-09,0.09656941890716553,0.1335330605506897,0.0,0.0,1.0,1.0,1.0,600,76800,29,4,1.216088056564331,2.117857673400187,-0.0039765359833836555,0.0068549830466508865,-0.009468963369727135,0.9468963369727135,1.0,0.4369781017303467,-0.023888587951660156,0.4458010196685791,0.44982385635375977,-0.018845081329345703,0.44580110907554626,2,0.0
0.008028746582567692,7.913876665099906e-09,2.1020779968239367e-05,0.06172625720500946,0.0,0.0,1.0,1.0,1.0,600,76800,30,4,0.10153910517692566,3.535449561814582,-0.0055494774132966995,-4.604782589012757e-05,0.0011034574126824737,0.55494774132967,1.0,0.42691469192504883,-0.034429073333740234,0.45637351274490356,0.44825029373168945,-0.025745868682861328,0.45637354254722595,2,0.0
0.04497203975915909,7.913875776921486e-09,7.817466394044459e-05,0.050125349313020706,0.0,0.0,1.0,1.0,1.0,600,82880,6,5,0.3829084634780884,2.8674924925936542,-0.006201989017426968,-0.0008250884129665792,-0.007892793044447899,0.7892793044447899,1.0,0.4302520751953125,-0.03346657752990723,0.4473772644996643,0.4475975036621094,-0.026525020599365234,0.4473772943019867,2,0.0
1.0023003816604614,1.0023003816604614,1.2267320156097412,0.2883809208869934,1.0,1.0,1.0,0.0,1.0,262,83232,21,5,31.725379943847656,3.6640157066656127,-0.0006729538436047733,-0.008408812806010246,-0.009146134369075298,0.9146134369075298,1.0,0.43102574348449707,-0.04313158988952637,0.4461238980293274,0.21819043159484863,-0.3052332401275635,0.44612395763397217,2,0.0
1.0026473999023438,1.0026473999023438,1.0042688846588135,0.025304116308689117,1.0,1.0,0.0,0.0,0.0,270,83872,31,5,35.45343017578125,1.3569197449039947,0.005147306714206934,0.006613981910049915,-0.009675201959908009,0.9675201959908009,1.0,0.4506950378417969,-0.0222625732421875,0.44559478759765625,0.2239823341369629,-0.29033732414245605,0.445594847202301,2,1.0
0.06891153752803802,7.913875776921486e-09,0.016702549532055855,0.09030132740736008,0.0,0.0,1.0,1.0,1.0,600,84576,4,5,-0.13291871547698975,4.216898602523812,-0.0027185268700122833,0.0030685067176818848,-0.004729376640170813,0.47293766401708126,1.0,0.42569732666015625,-0.033138275146484375,0.4505406618118286,0.4510812759399414,-0.02263164520263672,0.450540691614151,2,0.0
1.0038528442382812,1.0038528442382812,1.0242022275924683,0.07302578538656235,1.0,1.0,1.0,0.0,0.0,252,84864,22,5,34.03692626953125,3.0181291130871117,0.0014025716809555888,0.008497352711856365,0.003206743160262704,0.8497352711856365,1.0,0.4369546175003052,-0.024532705545425415,0.45847684144973755,0.22014403343200684,-0.28889381885528564,0.4584767818450928,2,1.0
0.4552839994430542,7.465758677938084e-09,0.4553937017917633,0.4564190208911896,0.0,0.0,1.0,1.0,1.0,600,85120,12,5,3.0369584560394287,0.05875268026074805,-0.007381810341030359,0.005364703480154276,0.00030983067699708045,0.7381810341030359,1.0,0.4460597038269043,-0.02046865224838257,0.45557984709739685,0.44641852378845215,-0.020335257053375244,0.4555799067020416,2,0.37719297409057617
1.0035276412963867,1.0035276412963867,1.022290587425232,0.04453083127737045,1.0,1.0,0.0,0.0,0.0,262,85184,15,5,34.677955627441406,1.4763925600922114,-0.004564923699945211,0.002815062180161476,-0.005430955905467272,0.5430955905467272,1.0,0.44026049971580505,-0.026350021362304688,0.4498390257358551,0.2142018973827362,-0.29445743560791016,0.44983911514282227,2,1.0
1.005253791809082,1.005253791809082,1.0443580150604248,0.05457549914717674,1.0,1.0,1.0,0.0,0.0,262,85184,20,5,34.9017333984375,0.8864397196482674,0.003887324361130595,0.009688425809144974,0.0034703915007412434,0.9688425809144974,1.0,0.45228803157806396,-0.018064498901367188,0.4587404131889343,0.2225193977355957,-0.28821468353271484,0.4587404727935791,2,0.9653179049491882
0.03901330754160881,7.913876665099906e-09,8.910644828574732e-05,0.044521771371364594,0.0,0.0,0.0,1.0,1.0,600,85344,1,5,0.307578444480896,2.545805950611686,-0.004135594237595797,0.006805035285651684,0.002012816024944186,0.6805035285651684,1.0,0.4342460632324219,-0.025014400482177734,0.4572828412055969,0.4496641159057617,-0.01889491081237793,0.4572829306125641,2,0.0
0.3460422158241272,7.91386689513729e-09,0.3466496169567108,0.42911797761917114,0.0,0.0,1.0,1.0,1.0,600,85408,0,5,0.6564545631408691,4.725088155548033,0.009686791338026524,-0.009365007281303406,-0.0011115570086985826,0.9686791338026524,1.0,0.43509769439697266,-0.04696321487426758,0.4541584849357605,0.4634861946105957,-0.035064697265625,0.4541585147380829,2,0.0
0.05042143166065216,7.913875776921486e-09,0.0007622886332683265,0.05432875081896782,0.0,0.0,1.0,1.0,1.0,600,85440,26,5,0.37402284145355225,3.0691329103839475,-0.007465295493602753,-0.006005468778312206,0.0002730411652009934,0.7465295493602753,1.0,0.4277820587158203,-0.03916740417480469,0.4555431008338928,0.4463350772857666,-0.031705379486083984,0.4555431306362152,2,0.0
0.05238134786486626,7.914892741212043e-09,0.05982685089111328,0.1342712640762329,0.0,0.0,1.0,1.0,1.0,600,85600,13,5,0.3985695540904999,4.265348122514474,0.0028951268177479506,0.009542492218315601,0.0011983023723587394,0.9542492218315601,1.0,0.43102383613586426,-0.026795387268066406,0.4564683437347412,0.4566953182220459,-0.01615750789642334,0.4564683735370636,2,0.0
0.01570221036672592,7.91386689513729e-09,8.305584196932614e-05,0.07047025114297867,0.0,0.0,1.0,1.0,1.0,600,85728,5,5,0.22089362144470215,4.032892025623199,0.006740355398505926,0.0037220215890556574,0.009617880918085575,0.9617880918085575,1.0,0.4362468719482422,-0.03198719024658203,0.46488797664642334,0.4605398178100586,-0.02197742462158203,0.4648880064487457,2,0.0
0.011175883002579212,9.562844266453041e-11,0.010518801398575306,0.06827489286661148,0.0,0.0,1.0,1.0,1.0,600,86144,25,5,0.3113546669483185,3.3091818297547495,0.0019007143564522266,0.0024675363674759865,0.0027670273557305336,0.27670273557305336,1.0,0.4357142448425293,-0.03132009506225586,0.45803701877593994,0.4557011127471924,-0.023231983184814453,0.4580371081829071,2,0.0
0.3344114422798157,7.913872224207807e-09,0.3344310224056244,0.38522258400917053,0.0,0.0,1.0,1.0,1.0,600,87968,14,5,1.2900594472885132,2.910137632450275,0.009172899648547173,-0.007101723458617926,-0.0004958372446708381,0.9172899648547173,1.0,0.4453716278076172,-0.03985309600830078,0.4547741413116455,0.46297335624694824,-0.03280162811279297,0.45477423071861267,2,0.0
1.0027735233306885,1.0027735233306885,1.003251075744629,0.01797899417579174,1.0,1.0,0.0,0.0,0.0,265,91712,21,6,35.35584259033203,1.0027600290085532,0.00805759709328413,0.0005090146441943944,0.0074528893455863,0.805759709328413,1.0,0.45575225353240967,-0.027519702911376953,0.46272289752960205,0.2268836498260498,-0.29648852348327637,0.4627228379249573,2,1.0
1.0013744831085205,1.0013744831085205,1.01947021484375,0.018523545935750008,1.0,1.0,0.0,0.0,0.0,269,92480,31,6,35.46697998046875,0.02451237665993882,0.0036463458091020584,0.008768696337938309,0.0014235636917874217,0.8768696337938309,1.0,0.45729732513427734,-0.016987085342407227,0.4566936194896698,0.22258281707763672,-0.2877180576324463,0.4566935896873474,2,1.0
1.0049962997436523,1.0049962997436523,1.0050443410873413,0.014814346097409725,1.0,1.0,0.0,0.0,0.0,259,92864,4,6,34.920166015625,0.8460482754134864,0.00696560088545084,0.00032880681101232767,0.00953676551580429,0.9536765515804291,1.0,0.4556117057800293,-0.0273287296295166,0.4648067355155945,0.2256178855895996,-0.29747962951660156,0.46480679512023926,2,1.0
0.39959344267845154,7.913872224207807e-09,0.41899174451828003,0.4811381697654724,0.0,0.0,1.0,1.0,1.0,600,93088,16,6,1.4420130252838135,3.5607244633948025,-9.960154420696199e-05,-0.006439626682549715,0.0006757541559636593,0.6439626682549715,1.0,0.4322141110897064,-0.04088902473449707,0.45594578981399536,0.4537005126476288,-0.03213953971862793,0.4559458792209625,2,0.0
0.01432904601097107,7.913875776921486e-09,0.002474746434018016,0.06020676717162132,0.0,0.0,1.0,1.0,1.0,600,93664,11,6,0.46035537123680115,3.307801704655584,-0.005321308970451355,-0.005724302027374506,-0.004054901655763388,0.5724302027374506,1.0,0.4285004138946533,-0.03950786590576172,0.45121508836746216,0.44847893714904785,-0.03142404556274414,0.4512151777744293,2,0.0
1.0016624927520752,1.0016624927520752,1.04538893699646,0.05451274663209915,1.0,1.0,1.0,0.0,0.0,261,93952,13,6,34.93134307861328,0.618009069759388,0.004806938581168652,0.0036843428388237953,0.0005671319086104631,0.48069385811686516,1.0,0.45483922958374023,-0.023438096046447754,0.455837219953537,0.22372102737426758,-0.29290735721588135,0.4558371901512146,2,0.932584285736084
0.6340225338935852,7.913876665099906e-09,0.6342814564704895,0.644639790058136,0.0,0.0,1.0,1.0,1.0,600,93984,9,6,3.6004891395568848,0.5934898112169529,0.0006810312042944133,-0.0026339893229305744,-0.0038204349111765623,0.38204349111765623,1.0,0.45086240768432617,-0.029699087142944336,0.4514496326446533,0.4544806480407715,-0.02833390235900879,0.4514496624469757,2,0.29801324009895325
0.9499861001968384,7.913876665099906e-09,1.103510856628418,1.1708866357803345,0.0,0.0,1.0,1.0,1.0,600,96000,2,6,2.0427794456481934,3.8603336995451736,-0.008183476515114307,-0.009523287415504456,-0.002560113091021776,0.9523287415504456,1.0,0.4223484992980957,-0.04476958513259888,0.4527099132537842,0.4456162452697754,-0.03522324562072754,0.45271000266075134,2,0.0
0.07578170299530029,7.913875776921486e-09,4.6713648771401495e-05,0.08010664582252502,0.0,0.0,1.0,1.0,1.0,600,96000,3,6,-0.32183393836021423,4.587097843746265,-0.002638666657730937,0.0019436852307990193,0.004138526506721973,0.41385265067219734,1.0,0.4235868453979492,-0.03527402877807617,0.45940858125686646,0.45116090774536133,-0.02375638484954834,0.45940861105918884,2,0.0
1.0870315236388706e-05,7.943385504916023e-09,3.4986704122275114e-05,0.020806532353162766,0.0,0.0,0.0,1.0,1.0,600,96000,7,6,0.7738270163536072,1.1901223632257578,0.007365298457443714,0.0037215235643088818,0.009404032491147518,0.9404032491147518,1.0,0.45392417907714844,-0.024753957986831665,0.4646740257740021,0.4611649513244629,-0.021978437900543213,0.4646741449832916,2,0.0
0.2984061539173126,7.913868671494129e-09,0.29861554503440857,0.3553543984889984,0.0,0.0,1.0,1.0,1.0,600,96000,8,6,0.9234153628349304,3.2509132725019594,0.008455073460936546,-0.008193939924240112,0.00882007833570242,0.8820078335702419,1.0,0.44261646270751953,-0.04182934761047363,0.46409016847610474,0.46225452423095703,-0.03389394283294678,0.4640901982784271,2,0.0
0.49765312671661377,7.913875776921486e-09,0.4977341890335083,0.5144596695899963,0.0,0.0,1.0,1.0,1.0,600,96000,10,6,2.8606467247009277,0.9583104385505795,-0.008353808894753456,0.003698445623740554,0.0028264722786843777,0.8353808894753456,1.0,0.43961071968078613,-0.02422475814819336,0.4580965042114258,0.4454464912414551,-0.022001266479492188,0.45809659361839294,2,0.31147539615631104
0.2737506330013275,7.913876665099906e-09,0.2743205726146698,0.3131721019744873,0.0,0.0,1.0,1.0,1.0,600,96000,17,6,1.6461668014526367,2.226028233059325,-0.0007890843553468585,-0.008359287865459919,-0.001276102033443749,0.8359287865459919,1.0,0.4395143389701843,-0.03937262296676636,0.45399391651153564,0.45301100611686707,-0.03405925631523132,0.4539940059185028,2,0.0
0.6435261964797974,7.913876665099906e-09,0.6435348391532898,0.6438509821891785,0.0,0.0,1.0,1.0,1.0,600,96000,18,6,4.189141750335693,0.01812115721117831,-0.001964347902685404,0.002063642954453826,0.0033979015424847603,0.33979015424847603,1.0,0.4517250657081604,-0.023677349090576172,0.45866793394088745,0.4518357813358307,-0.023636221885681152,0.4586680233478546,2,0.698113203048706
0.0003080231253989041,7.913874888743067e-09,0.0003236074117012322,0.0265978816896677,0.0,0.0,0.0,1.0,1.0,600,96000,19,6,1.0093932151794434,1.5054057095825448,-0.006535824853926897,-0.0002659684687387198,-0.00787404365837574,0.787404365837574,1.0,0.4381141662597656,-0.029501914978027344,0.44739603996276855,0.44726428389549255,-0.02596592903137207,0.44739606976509094,2,0.0
0.6123635768890381,7.913875776921486e-09,0.6130456924438477,0.6533764004707336,0.0,0.0,1.0,1.0,1.0,600,96000,23,6,3.199922561645508,2.3107795681583703,0.0006460794829763472,1.8675027604331262e-05,-0.0020724269561469555,0.20724269561469555,1.0,0.44043970108032227,-0.03120744228363037,0.4531975984573364,0.4544461965560913,-0.025681376457214355,0.4531976878643036,2,0.7304964661598206
0.06926929205656052,7.913876665099906e-09,1.5966857972671278e-05,0.07312779128551483,0.0,0.0,1.0,1.0,1.0,600,96000,24,6,-0.16444891691207886,4.188999414198425,0.00737928319722414,0.00022563179663848132,0.0053378138691186905,0.737928319722414,1.0,0.4359602928161621,-0.03590559959411621,0.4606078863143921,0.46117937564849854,-0.02547454833984375,0.4606079161167145,2,0.0
0.010304753668606281,7.913875776921486e-09,0.0023431156296283007,0.08207696676254272,0.0,0.0,1.0,1.0,1.0,600,96000,27,6,0.032682184129953384,4.568413434384872,-0.009941387921571732,0.00707594770938158,0.0025603040121495724,0.9941387921571732,1.0,0.4163947105407715,-0.030090302228927612,0.45783042907714844,0.4438588619232178,-0.01862400770187378,0.45783039927482605,2,0.0
0.06209685653448105,7.913875776921486e-09,0.0022332435473799706,0.06419342756271362,0.0,0.0,1.0,1.0,1.0,600,96000,28,6,0.3224550187587738,3.5500576289019463,0.0082608163356781,-0.006507393438369036,-0.008792402222752571,0.8792402222752571,1.0,0.44063806533813477,-0.04092872142791748,0.44647765159606934,0.46206116676330566,-0.032207369804382324,0.4464776813983917,2,0.0
0.08237974345684052,7.913875776921486e-09,0.0827125683426857,0.11135311424732208,0.0,0.0,1.0,1.0,1.0,600,96000,29,6,1.4244226217269897,1.640981015904184,-0.004530808422714472,0.008001081645488739,0.00823277235031128,0.8232772350311279,1.0,0.4393000602722168,-0.02156543731689453,0.46350279450416565,0.44926953315734863,-0.017699241638183594,0.4635028541088104,2,0.21052631735801697
4.9895511438080575e-06,7.913876665099906e-09,1.7527972886455245e-05,0.0182466022670269,0.0,0.0,0.0,1.0,1.0,600,96000,30,6,0.8332588076591492,1.044449475989901,0.001669609104283154,0.0020421152003109455,0.000920825288631022,0.20421152003109455,1.0,0.4491109848022461,-0.026085376739501953,0.456190824508667,0.45546913146972656,-0.02365732192993164,0.45619091391563416,2,0.0
0.354183554649353,7.913870447850968e-09,0.3542865216732025,0.4310963749885559,0.0,0.0,1.0,1.0,1.0,600,102080,6,7,0.935147225856781,4.4008825544227985,0.007117258384823799,-0.006259777583181858,0.008676586672663689,0.8676586672663689,1.0,0.43444347381591797,-0.04296684265136719,0.4639465808868408,0.46091699600219727,-0.03195953369140625,0.463946670293808,2,0.0
1.0025582313537598,1.0025582313537598,1.002673864364624,0.07601651549339294,1.0,1.0,1.0,0.0,0.0,255,102112,13,7,33.45753479003906,4.348803642661921,0.004755616188049316,0.007109960541129112,-0.0025889056269079447,0.7109960541129112,1.0,0.4323902130126953,-0.02945530414581299,0.45268118381500244,0.22359895706176758,-0.2898085117340088,0.45268112421035767,2,1.0
7.955503861012403e-06,7.913875776921486e-09,2.035010766121559e-05,0.01851974055171013,0.0,0.0,0.0,1.0,1.0,600,104064,22,7,0.8676792979240417,1.0599379971499627,-0.007353286724537611,-0.005787968169897795,-0.004573365207761526,0.7353286724537611,1.0,0.4399944543838501,-0.03395262360572815,0.450696736574173,0.4464467763900757,-0.03148791193962097,0.450696736574173,2,0.0
1.002325177192688,1.002325177192688,1.0024607181549072,0.059196025133132935,1.0,1.0,1.0,0.0,0.0,256,104192,29,7,34.312232971191406,3.383918826870087,-0.0014438830548897386,0.0026784713845700026,-0.0028273987118154764,0.28273987118154764,1.0,0.43192362785339355,-0.03130507469177246,0.45244264602661133,0.21741771697998047,-0.2941553592681885,0.45244264602661133,2,1.0
1.0027341842651367,1.0027341842651367,1.0028235912322998,0.0005172236706130207,1.0,1.0,0.0,0.0,0.0,258,104256,24,7,35.06932067871094,0.02451308869381958,-0.002930911025032401,0.008534797467291355,-0.00377870025113225,0.8534797467291355,1.0,0.4507192373275757,-0.01722097396850586,0.4514913260936737,0.2158982753753662,-0.2884480953216553,0.4514912962913513,2,1.0
0.010022151283919811,7.913875776921486e-09,0.003016063477844,0.060833271592855453,0.0,0.0,1.0,1.0,1.0,600,104320,12,7,0.3976447284221649,3.3126827285912044,-0.005484051536768675,-0.00843355804681778,-0.0007058577612042427,0.843355804681778,1.0,0.42830872535705566,-0.042230308055877686,0.4545641541481018,0.4483163356781006,-0.03413352370262146,0.45456424355506897,2,0.0
0.282625675201416,7.91386511878045e-09,0.28325021266937256,0.3369700312614441,0.0,0.0,1.0,1.0,1.0,600,104384,15,7,1.3321785926818848,3.0779235772891655,-0.007521814201027155,-0.008551505394279957,0.00608959561213851,0.8551505394279957,1.0,0.4276728630065918,-0.041736602783203125,0.4613596200942993,0.44627830386161804,-0.03425121307373047,0.4613597095012665,2,0.0
0.012665553018450737,7.913876665099906e-09,4.263576920493506e-05,0.061867065727710724,0.0,0.0,1.0,1.0,1.0,600,104384,20,7,0.09386890381574631,3.542279964428006,-0.001748064998537302,0.0018284812103956938,0.0007314042304642498,0.18284812103956938,1.0,0.4306755065917969,-0.032572269439697266,0.45600152015686035,0.4520519971847534,-0.02387094497680664,0.45600149035453796,2,0.0
1.0049877166748047,1.0049877166748047,1.0254828929901123,0.02721944823861122,1.0,1.0,0.0,0.0,0.0,263,104416,2,7,35.15679168701172,0.38526968010011586,0.009595503099262714,0.007766442839056253,0.009195463731884956,0.9595503099262714,1.0,0.4610447883605957,-0.018815577030181885,0.46446549892425537,0.22824811935424805,-0.29003894329071045,0.46446549892425537,2,1.0
1.002105712890625,1.002105712890625,1.0061652660369873,0.020826905965805054,1.0,1.0,0.0,0.0,0.0,264,104448,23,7,35.34504699707031,0.9606955619530891,0.002190461615100503,0.001407112693414092,-0.0012388541363179684,0.2190461615100503,1.0,0.45014047622680664,-0.026521682739257812,0.45403119921684265,0.22106921672821045,-0.2953464984893799,0.45403116941452026,2,1.0
0.030743436887860298,7.913868671494129e-09,0.03179723769426346,0.08304938673973083,0.0,0.0,1.0,1.0,1.0,600,104544,1,7,0.7638900876045227,2.936532685054378,0.004110477399080992,-0.006984006613492966,-0.009791293181478977,0.9791293181478977,1.0,0.44015073776245117,-0.039803504943847656,0.44547873735427856,0.45791006088256836,-0.0326838493347168,0.4454788267612457,2,0.0
0.04053230583667755,7.913875776921486e-09,1.559439260745421e-05,0.07428634911775589,0.0,0.0,1.0,1.0,1.0,600,104608,0,7,0.16113996505737305,4.2554008057619965,0.009798967279493809,0.0020804954692721367,-0.005937678273767233,0.9798967279493809,1.0,0.4379868507385254,-0.034230709075927734,0.44933241605758667,0.46359872817993164,-0.02361917495727539,0.44933244585990906,2,0.0
0.5192455053329468,7.913876665099906e-09,0.5389350652694702,0.5753647685050964,0.0,0.0,1.0,1.0,1.0,600,104640,26,7,2.682199478149414,2.0872644023340534,-0.0018580438336357474,0.008361459709703922,-0.008652666583657265,0.8652666583657265,1.0,0.43928050994873047,-0.022305727005004883,0.4466174244880676,0.45194220542907715,-0.01733851432800293,0.44661745429039,2,0.7333333492279053
0.0011024529812857509,7.913876665099906e-09,8.623555913800374e-05,0.030720429494976997,0.0,0.0,0.0,1.0,1.0,600,104928,5,7,1.0867486000061035,1.7552100600788292,0.007535408716648817,-0.004508716985583305,0.0058273496106266975,0.7535408716648817,1.0,0.45067691802978516,-0.034354209899902344,0.4610973596572876,0.4613351821899414,-0.030208110809326172,0.46109744906425476,2,0.0
0.047386907041072845,7.913875776921486e-09,1.7428139472031035e-05,0.0554499514400959,0.0,0.0,1.0,1.0,1.0,600,105344,25,7,0.11643163859844208,3.176051197547446,0.001045072334818542,0.00840829685330391,0.007865851745009422,0.8408296853303909,1.0,0.4356536865234375,-0.025031566619873047,0.46313589811325073,0.4548454284667969,-0.01729106903076172,0.4631359279155731,2,0.0
0.014941772446036339,7.913868671494129e-09,0.0019217761000618339,0.017741914838552475,0.0,0.0,0.0,1.0,1.0,600,107168,14,7,1.0648794174194336,0.9064280014500453,-0.006691841408610344,0.0055992016568779945,-0.009624120779335499,0.9624120779335499,1.0,0.4415876865386963,-0.0222012996673584,0.4456459879875183,0.44710850715637207,-0.020101070404052734,0.4456459581851959,2,0.0
1.002930760383606,1.002930760383606,1.031569480895996,0.07317305356264114,1.0,1.0,1.0,0.0,0.0,273,110816,6,8,34.55071258544922,2.5516329557473534,0.009602823294699192,-0.005657379049807787,-0.008423606865108013,0.9602823294699192,1.0,0.4479494094848633,-0.037491798400878906,0.4468464255332947,0.22841644287109375,-0.30271220207214355,0.4468463659286499,2,1.0
0.38234254717826843,7.913874000564647e-09,0.3824019730091095,0.46376940608024597,0.0,0.0,1.0,1.0,1.0,600,110912,21,8,0.8529495596885681,4.662008370355203,0.009197826497256756,-0.006215567234903574,0.0036700379569083452,0.9197826497256756,1.0,0.4349808692932129,-0.043639421463012695,0.4589400887489319,0.46299803256988525,-0.03191542625427246,0.4589401185512543,2,0.0
0.011201656423509121,7.913876665099906e-09,0.011235416866838932,0.05145224928855896,0.0,0.0,1.0,1.0,1.0,600,111680,31,8,0.7246541976928711,2.304253962736658,0.009537997655570507,-0.007635469548404217,-0.004246636293828487,0.9537997655570507,1.0,0.4493703842163086,-0.03884482383728027,0.4510233402252197,0.46333742141723633,-0.033335208892822266,0.45102348923683167,2,0.0
0.6304020881652832,7.919725319993631e-09,0.6305781602859497,0.6869444847106934,0.0,0.0,1.0,1.0,1.0,600,112064,4,8,2.782047748565674,3.229552496202979,-0.000756861874833703,0.008624664507806301,0.005991638172417879,0.8624664507806301,1.0,0.4335317611694336,-0.024955034255981445,0.46126168966293335,0.45304298400878906,-0.017075538635253906,0.46126171946525574,2,0.7851851582527161
0.02552907168865204,7.913876665099906e-09,0.025598574429750443,0.10577688366174698,0.0,0.0,1.0,1.0,1.0,600,112288,16,8,0.20562100410461426,4.593879367818441,-0.0009355397778563201,-0.009755927138030529,0.007521732244640589,0.9755927138030529,1.0,0.42524972558021545,-0.04699206352233887,0.4627917408943176,0.45286455750465393,-0.03545570373535156,0.4627918303012848,2,0.0
1.0056697130203247,1.0056697130203247,1.0481631755828857,0.044262904673814774,1.0,1.0,0.0,0.0,0.0,259,112704,2,8,35.148948669433594,0.10137587546661761,-0.0018084836192429066,0.008066209964454174,-0.0094800665974617,0.94800665974617,1.0,0.4513721466064453,-0.017864108085632324,0.44579002261161804,0.21679115295410156,-0.28998830914497375,0.4457899332046509,2,0.8918918967247009
6.108652087277733e-06,7.913875776921486e-09,1.5199449990177527e-05,0.015469260513782501,0.0,0.0,0.0,1.0,1.0,600,112864,11,8,0.8692840933799744,0.8854530241174651,-0.0058135343715548515,0.009099399670958519,-0.007341851945966482,0.9099399670958519,1.0,0.4425935745239258,-0.018651247024536133,0.44792819023132324,0.4479868412017822,-0.016600608825683594,0.44792822003364563,2,0.0
0.021839523687958717,7.913876665099906e-09,2.3266158677870408e-05,0.02386990562081337,0.0,0.0,0.0,1.0,1.0,600,113184,9,8,1.2792856693267822,1.3663123222298201,0.004248371347784996,-0.006619617808610201,0.008808411657810211,0.8808411657810211,1.0,0.4497394561767578,-0.035518646240234375,0.46407851576805115,0.45804786682128906,-0.03231954574584961,0.46407851576805115,2,0.0
0.016433659940958023,7.913875776921486e-09,0.00428613368421793,0.08114947378635406,0.0,0.0,1.0,1.0,1.0,600,115200,3,8,0.12818634510040283,4.40394589426555,-0.005015878472477198,-0.004559975583106279,0.0032576669473201036,0.5015878472477198,1.0,0.42229223251342773,-0.041275739669799805,0.45852768421173096,0.44878387451171875,-0.03025996685028076,0.4585277736186981,2,0.0
0.0685950294137001,7.913876665099906e-09,5.0154299060523044e-06,0.0701005831360817,0.0,0.0,1.0,1.0,1.0,600,115200,7,8,0.015304102562367916,4.016180687158293,0.001277162809856236,-0.008961773477494717,-0.003081720322370529,0.8961773477494717,1.0,0.43088293075561523,-0.04462611675262451,0.4521883726119995,0.4550766944885254,-0.03466174006462097,0.4521884024143219,2,0.0
0.04892951250076294,7.913876665099906e-09,1.0315686267858837e-05,0.05161283537745476,0.0,0.0,1.0,1.0,1.0,600,115200,8,8,0.3775682747364044,2.9566072513552797,-0.0027544808108359575,-0.0014344220981001854,-0.004702246747910976,0.47022467479109764,1.0,0.4331655502319336,-0.034305453300476074,0.4505678415298462,0.45104503631591797,-0.02713453769683838,0.4505678713321686,2,0.0
0.02784201130270958,7.913875776921486e-09,0.0001474776363465935,0.03175579756498337,0.0,0.0,0.0,1.0,1.0,600,115200,10,8,0.8107670545578003,1.811024658428881,-0.00885185319930315,0.0003741905384231359,0.001241503399796784,0.885185319930315,1.0,0.43395233154296875,-0.029609203338623047,0.4565114974975586,0.4449484348297119,-0.025325298309326172,0.45651158690452576,2,0.0
0.405912846326828,7.913872224207807e-09,0.405950665473938,0.4748587906360626,0.0,0.0,1.0,1.0,1.0,600,115200,17,8,1.1196630001068115,3.9481468803830886,0.007938232272863388,-0.009508372284471989,0.007184482645243406,0.9508372284471989,1.0,0.43794798851013184,-0.04498988389968872,0.46245449781417847,0.46173831820487976,-0.035208314657211304,0.46245458722114563,2,0.0
2.985957144119311e-05,7.913876665099906e-09,3.981046029366553e-05,0.03974398970603943,0.0,0.0,0.0,1.0,1.0,600,115200,18,8,0.6512637734413147,2.2748824417583107,-0.0008723582723177969,-0.003568587824702263,0.0014628495555371046,0.3568587824702263,1.0,0.43913733959198,-0.03470456600189209,0.4567328691482544,0.45292773842811584,-0.029268622398376465,0.45673295855522156,2,0.0
0.07486588507890701,7.913876665099906e-09,1.6313790183630772e-05,0.07992184162139893,0.0,0.0,1.0,1.0,1.0,600,115200,19,8,-0.2986311614513397,4.578249760563336,0.003403529291972518,0.0042049637995660305,0.004133597947657108,0.42049637995660305,1.0,0.4296812117099762,-0.032988548278808594,0.4594036340713501,0.4572036564350128,-0.021495342254638672,0.45940372347831726,2,0.0
0.5662011504173279,7.913875776921486e-09,0.6067320704460144,0.6417546272277832,0.0,0.0,1.0,1.0,1.0,600,115200,27,8,2.4480690956115723,2.0066276158797063,0.001728648436255753,0.004744338802993298,0.009656330570578575,0.9656330570578575,1.0,0.44335341453552246,-0.025722146034240723,0.4649263620376587,0.45552897453308105,-0.02095562219619751,0.46492645144462585,2,0.265625
0.5660660266876221,7.913877553278326e-09,0.6061064600944519,0.6322347521781921,0.0,0.0,1.0,1.0,1.0,600,115200,28,8,2.8769609928131104,1.4970318976601091,-0.0010064427042379975,0.002633505268022418,-0.0035745068453252316,0.35745068453252316,1.0,0.4436943531036377,-0.02658212184906006,0.4516955614089966,0.45279383659362793,-0.023066401481628418,0.45169559121131897,2,0.4661654233932495
0.09152527898550034,7.913875776921486e-09,0.04622761160135269,0.13300898671150208,0.0,0.0,1.0,1.0,1.0,600,115200,30,8,0.14938600361347198,4.972207814813679,-0.008695344440639019,-0.004692036658525467,-0.0012268010759726167,0.8695344440639019,1.0,0.41525840759277344,-0.04297637939453125,0.45404326915740967,0.44510412216186523,-0.030391693115234375,0.45404329895973206,2,0.0
1.0056500434875488,1.0056500434875488,1.0057437419891357,0.0030059777200222015,1.0,1.0,0.0,0.0,0.0,267,119456,21,8,35.86847686767578,0.16685521150255717,-0.0007597029907628894,0.007694873958826065,-0.00400134501978755,0.7694873958826065,1.0,0.4520214796066284,-0.01838541030883789,0.4512687027454376,0.21784162521362305,-0.29035234451293945,0.45126867294311523,2,1.0
0.07931271195411682,7.913875776921486e-09,8.822982636047527e-05,0.0855066329240799,0.0,0.0,1.0,1.0,1.0,600,121312,13,9,-0.47944962978363037,4.894113566277868,-0.0015129175735637546,0.0022476031444966793,0.008158783428370953,0.8158783428370953,1.0,0.4229011535644531,-0.035819292068481445,0.4634288549423218,0.4522874355316162,-0.023452401161193848,0.46342888474464417,2,0.0
0.3683163523674011,7.913871336029388e-09,0.37194955348968506,0.44133320450782776,0.0,0.0,1.0,1.0,1.0,600,123264,22,9,1.125171422958374,3.975393785642739,0.008567261509597301,-0.008670353330671787,0.00010159948578802869,0.8670353330671787,1.0,0.43841516971588135,-0.04422497749328613,0.4553716778755188,0.4623674154281616,-0.0343703031539917,0.4553717076778412,2,0.0
1.006062626838684,1.006062626838684,1.0061296224594116,0.0527624748647213,1.0,1.0,1.0,0.0,0.0,253,123296,19,9,33.982391357421875,3.0192283466566607,0.002903010230511427,0.004530495032668114,-0.005857388488948345,0.5857388488948345,1.0,0.43844860792160034,-0.028502941131591797,0.44941264390945435,0.22147220373153687,-0.2936680316925049,0.4494127035140991,2,1.0
0.6326276659965515,7.913876665099906e-09,0.6363589763641357,0.6772809028625488,0.0,0.0,1.0,1.0,1.0,600,123392,29,9,2.606329917907715,2.344652824129991,0.0047695389948785305,0.000875549390912056,-0.006321079097688198,0.6321079097688198,1.0,0.44435977935791016,-0.030435800552368164,0.4489489197731018,0.4585697650909424,-0.02482461929321289,0.44894900918006897,2,0.18571428954601288
0.04163390025496483,7.913876665099906e-09,0.04180745780467987,0.06554730236530304,0.0,0.0,1.0,1.0,1.0,600,123456,24,9,1.6510649919509888,1.360193753393958,0.004287528805434704,-0.0078109498135745525,0.008753197267651558,0.8753197267651558,1.0,0.4498162269592285,-0.036695003509521484,0.46402326226234436,0.4580878019332886,-0.033510684967041016,0.46402332186698914,2,0.0
0.5814579129219055,7.913875776921486e-09,0.5828636288642883,0.6196693181991577,0.0,0.0,1.0,1.0,1.0,600,123520,12,9,3.040163040161133,2.108822827232141,-0.002722879173234105,0.008504733443260193,0.0016935673775151372,0.8504733443260193,1.0,0.43828630447387695,-0.02221590280532837,0.45696359872817993,0.4510774612426758,-0.01719522476196289,0.4569636881351471,2,0.6488549709320068
6.250949354580371e-06,7.91386689513729e-09,1.4501787518383935e-05,0.032530516386032104,0.0,0.0,0.0,1.0,1.0,600,123584,15,9,0.6459335088729858,1.8630309994298273,0.0062181781977415085,0.004047547932714224,0.00565706193447113,0.6218178197741508,1.0,0.4487082362174988,-0.02606344223022461,0.46092700958251953,0.4600183069705963,-0.021651744842529297,0.46092715859413147,2,0.0
0.10050726681947708,7.913875776921486e-09,0.09090632945299149,0.15893270075321198,0.0,0.0,1.0,1.0,1.0,600,123584,20,9,0.3345066010951996,3.897622263545212,0.0034120632335543633,-0.001140287728048861,-0.004338863771408796,0.43388637714087963,1.0,0.43372201919555664,-0.03648662567138672,0.4509311318397522,0.45721232891082764,-0.026839733123779297,0.45093122124671936,2,0.0
0.37475380301475525,7.913875776921486e-09,0.3747780919075012,0.4221956729888916,0.0,0.0,1.0,1.0,1.0,600,123648,23,9,1.6293327808380127,2.716825776579166,0.006300151348114014,-0.008745484054088593,0.0012447608169168234,0.8745484054088593,1.0,0.44365620613098145,-0.0410008430480957,0.45651477575302124,0.46010029315948486,-0.03444540500640869,0.4565148651599884,2,0.0
0.0016297334805130959,7.913876665099906e-09,0.001734015648253262,0.013291404582560062,0.0,0.0,0.0,1.0,1.0,600,123744,1,9,1.5637435913085938,0.6621899883230568,-0.0015057703712955117,-0.004782753996551037,-0.00429852120578289,0.4782753996551037,1.0,0.4482579231262207,-0.03200840950012207,0.4509715735912323,0.45229387283325195,-0.03048253059387207,0.4509715735912323,2,0.0
0.005627147387713194,7.913875776921486e-09,0.00018258710042573512,0.04282895475625992,0.0,0.0,0.0,1.0,1.0,600,123808,0,9,0.9650276899337769,2.4434581272199836,-0.008125966414809227,-0.0036629054229706526,-0.007883070036768913,0.8125966414809227,1.0,0.43087053298950195,-0.035223960876464844,0.4473869800567627,0.44567346572875977,-0.02936267852783203,0.4473870098590851,2,0.0
0.632514476776123,7.913875776921486e-09,0.6326019167900085,0.6689466238021851,0.0,0.0,1.0,1.0,1.0,600,123840,26,9,3.4704904556274414,2.082399600097712,-0.008029472082853317,0.0019828220829367638,-0.005523874424397945,0.8029472082853317,1.0,0.4331388473510742,-0.028671979904174805,0.44974613189697266,0.4457709789276123,-0.023717164993286133,0.4497462213039398,2,0.7323943376541138
0.06961998343467712,7.913873112386227e-09,1.765811066434253e-05,0.07299372553825378,0.0,0.0,1.0,1.0,1.0,600,124128,5,9,-0.004278208594769239,4.181221536281074,0.008404485881328583,0.004765838384628296,-0.006968984846025705,0.8404485881328583,1.0,0.43703126907348633,-0.03134441375732422,0.4483010768890381,0.4622039794921875,-0.02093362808227539,0.4483011066913605,2,0.0
3.5588227547123097e-06,7.913875776921486e-09,1.2394169061735738e-05,0.006097705569118261,0.0,0.0,0.0,1.0,1.0,600,124544,25,9,1.17481529712677,0.34866317452172674,-0.006847115233540535,0.007857834920287132,0.001933583407662809,0.7857834920287132,1.0,0.4448256492614746,-0.01864004135131836,0.4572036564350128,0.44695305824279785,-0.017841815948486328,0.4572036564350128,2,0.0
0.06476575881242752,7.913872224207807e-09,0.06511995941400528,0.12681646645069122,0.0,0.0,1.0,1.0,1.0,600,126368,14,9,1.1501436233520508,3.534949890788113,-0.004273891448974609,-0.008017254061996937,0.004733292385935783,0.8017254061996937,1.0,0.4281938076019287,-0.04239845275878906,0.4600033164024353,0.4495265483856201,-0.03371715545654297,0.46000340580940247,2,0.0
0.049193937331438065,7.913876665099906e-09,1.0256492714688648e-05,0.0531025230884552,0.0,0.0,1.0,1.0,1.0,600,130016,6,9,0.40365663170814514,3.041963271639283,-0.003204231383278966,-0.001976609230041504,-0.005164199508726597,0.5164199508726597,1.0,0.4322052001953125,-0.03506827354431152,0.45010584592819214,0.4505953788757324,-0.02767634391784668,0.4501058757305145,2,0.0
0.5889549255371094,7.913875776921486e-09,0.6092096567153931,0.6221564412117004,0.0,0.0,1.0,1.0,1.0,600,130880,31,9,3.1602959632873535,0.7418010724631386,-0.00351613643579185,0.0020387715194374323,0.0010184850543737411,0.351613643579185,1.0,0.44576311111450195,-0.025373458862304688,0.45628854632377625,0.4502835273742676,-0.023661136627197266,0.456288605928421,2,0.4637681245803833
0.5635456442832947,7.913870447850968e-09,0.5962940454483032,0.6128865480422974,0.0,0.0,1.0,1.0,1.0,600,131264,4,9,3.072746515274048,0.9506875205500221,-0.008954157121479511,-0.0011846690904349089,-0.0023119007237255573,0.8954157121479511,1.0,0.4390559196472168,-0.029089927673339844,0.4529581069946289,0.44484519958496094,-0.02688455581665039,0.45295819640159607,2,0.2631579041481018
4.505630386120174e-06,7.913868671494129e-09,1.3517275874619372e-05,0.03603128343820572,0.0,0.0,0.0,1.0,1.0,600,131488,16,9,0.5186907649040222,2.0636665256384825,-0.007064237259328365,0.004266276955604553,-0.002319297520443797,0.7064237259328365,1.0,0.43421676754951477,-0.026341915130615234,0.45295071601867676,0.4467358887195587,-0.021433591842651367,0.4529508054256439,2,0.0
1.003377914428711,1.003377914428711,1.0036580562591553,0.03985306993126869,1.0,1.0,0.0,0.0,0.0,257,131488,22,9,34.38089370727539,2.267364111029419,0.0018452773801982403,0.008938299492001534,-0.008214619010686874,0.8938299492001534,1.0,0.4419001340866089,-0.022178858518600464,0.4470553994178772,0.22062397003173828,-0.2882795035839081,0.447055459022522,2,1.0
1.0003530979156494,1.0003530979156494,1.0061955451965332,0.04442634433507919,1.0,1.0,0.0,0.0,0.0,255,131744,20,9,34.71371841430664,2.210692110495119,0.005326698999851942,0.004740518983453512,0.0018093218095600605,0.5326698999851942,1.0,0.4457223415374756,-0.026234149932861328,0.45707935094833374,0.22434425354003906,-0.29137277603149414,0.45707935094833374,2,1.0
1.0029836893081665,1.0029836893081665,1.0079145431518555,0.05992109701037407,1.0,1.0,1.0,0.0,0.0,261,131808,24,9,34.04998016357422,3.150710768839876,0.0027029127813875675,0.0011245678178966045,-0.002789865480735898,0.2789865480735898,1.0,0.43746256828308105,-0.03224992752075195,0.4524802565574646,0.22151243686676025,-0.29594969749450684,0.45248013734817505,2,1.0
0.6687174439430237,7.913875776921486e-09,0.6687710881233215,0.7138262987136841,0.0,0.0,1.0,1.0,1.0,600,131904,2,9,3.1224777698516846,2.581466154824911,4.653387804864906e-05,0.009793962351977825,0.0007228938629850745,0.9793962351977825,1.0,0.4382143020629883,-0.02211630344390869,0.4559929370880127,0.4538459777832031,-0.01590600609779358,0.4559929668903351,2,0.7350993156433105
0.005907217040657997,7.913875776921486e-09,1.2990501090826001e-05,0.046265844255685806,0.0,0.0,0.0,1.0,1.0,600,132064,11,9,0.3826632499694824,2.6500937611710835,-0.003549147630110383,0.0015913872048258781,-0.0037597815971821547,0.37597815971821547,1.0,0.4342074394226074,-0.030493736267089844,0.4515102505683899,0.45025110244750977,-0.024108409881591797,0.45151033997535706,2,0.0
0.05402044579386711,7.913874888743067e-09,0.0001130841628764756,0.05744565650820732,0.0,0.0,1.0,1.0,1.0,600,132384,9,9,0.3521139621734619,3.2849150214073406,-0.005663385149091482,0.000857560196891427,-0.0008977369288913906,0.5663385149091482,1.0,0.42829465866088867,-0.0328669548034668,0.4543722867965698,0.4481363296508789,-0.02484273910522461,0.454372376203537,2,0.0
1.0057215690612793,1.0057215690612793,1.0382308959960938,0.06078837066888809,1.0,1.0,1.0,0.0,0.0,271,133216,25,9,35.457576751708984,1.6202804200771679,0.006342300213873386,-0.001103755203075707,-0.0035818153992295265,0.6342300213873386,1.0,0.4502980709075928,-0.03061962127685547,0.4516882598400116,0.22493791580200195,-0.2991771697998047,0.4516882300376892,2,1.0
0.46151185035705566,0.4614896774291992,0.4448295533657074,0.06432695686817169,0.41403400645233907,0.0,1.0,0.0,1.0,600,134400,3,9,10.829259872436523,4.640217505581923,-0.008321644738316536,0.0033716957550495863,-0.008182910270988941,0.8321644738316536,1.0,0.4175901412963867,-0.03399193286895752,0.4470871090888977,0.30322837829589844,-0.1168280839920044,0.4470871686935425,2,0.0
0.03812729939818382,7.913875776921486e-09,0.025304092094302177,0.10605297237634659,0.0,0.0,1.0,1.0,1.0,600,134400,7,9,-0.0157876405864954,4.626569933846591,-0.0010287862969562411,0.009206644259393215,-0.00937078706920147,0.9370787069201469,1.0,0.42496299743652344,-0.028119593858718872,0.4458993077278137,0.4527707099914551,-0.016493290662765503,0.4458993375301361,2,0.0
0.03756393864750862,7.913876665099906e-09,1.710469769022893e-05,0.04018152877688408,0.0,0.0,0.0,1.0,1.0,600,134400,8,9,0.5891211628913879,2.301251881153026,-0.003345809644088149,0.009981432929635048,-0.0053314692340791225,0.9981432929635048,1.0,0.4365048408508301,-0.021220684051513672,0.4499385356903076,0.4504537582397461,-0.015718579292297363,0.4499386250972748,2,0.0
0.5000219345092773,7.913871336029388e-09,0.5255520343780518,0.5485557913780212,0.0,0.0,1.0,1.0,1.0,600,134400,10,9,2.3573293685913086,1.3180169083823061,-0.0037456504069268703,-0.007025640457868576,0.0018789350287988782,0.7025640457868576,1.0,0.44203805923461914,-0.035808563232421875,0.4571489691734314,0.4500546455383301,-0.03272533416748047,0.45714905858039856,2,0.06611569970846176
0.03418807312846184,7.913872224207807e-09,0.002786448923870921,0.08750434219837189,0.0,0.0,1.0,1.0,1.0,600,134400,17,9,0.007602313999086618,4.853978520941228,0.0027698674239218235,-0.0029952789191156626,-0.0008171783410944045,0.29952789191156626,1.0,0.42742037773132324,-0.04095059633255005,0.4544527530670166,0.45656999945640564,-0.028695255517959595,0.45445290207862854,2,0.0
0.48560643196105957,7.913874000564647e-09,0.4857902526855469,0.5003141164779663,0.0,0.0,1.0,1.0,1.0,600,134400,18,9,2.7578437328338623,0.8321601529533232,-0.008418372832238674,0.0020855353213846684,-1.0751363333838526e-05,0.8418372832238674,1.0,0.4403122067451477,-0.025539159774780273,0.4552593529224396,0.4453817307949066,-0.02361452579498291,0.4552593529224396,2,0.29661017656326294
0.2249802052974701,0.2249802052974701,0.2193709760904312,0.07550845295190811,0.15656251115652467,0.0,1.0,0.0,1.0,600,134400,27,9,6.008880138397217,4.647700831591319,-0.006207835860550404,0.00900508277118206,-0.0010943381348624825,0.900508277118206,1.0,0.4196598529815674,-0.028379499912261963,0.4541757106781006,0.3727881908416748,-0.054516613483428955,0.4541756510734558,2,0.0
0.40085315704345703,7.913870447850968e-09,0.4009571969509125,0.4403325319290161,0.0,0.0,1.0,1.0,1.0,600,134400,28,9,1.8568803071975708,2.2560394439421265,0.0035201339051127434,-0.0076970383524894714,0.006263112183660269,0.7697038352489471,1.0,0.44364333152770996,-0.038785696029663086,0.4615331292152405,0.4573204517364502,-0.03339707851409912,0.46153321862220764,2,0.01075268816202879
0.6933107972145081,7.913869559672548e-09,0.6933997273445129,0.7176259160041809,0.0,0.0,1.0,1.0,1.0,600,134400,30,9,3.711932420730591,1.3880889930162306,-0.007614214438945055,0.0016382226021960378,-0.009695129469037056,0.9695129469037056,1.0,0.4377460479736328,-0.027313232421875,0.44557493925094604,0.4461855888366699,-0.024061203002929688,0.44557496905326843,2,0.7250000238418579
0.6532936096191406,7.913876665099906e-09,0.6644453406333923,0.7288713455200195,0.0,0.0,1.0,1.0,1.0,600,138656,21,9,2.655222177505493,3.6913347557983713,0.009832114912569523,0.008462891913950443,-0.0042906408198177814,0.9832114912569523,1.0,0.4413682222366333,-0.026333093643188477,0.45097941160202026,0.4636322259902954,-0.017236948013305664,0.45097944140434265,2,0.7428571581840515
1.0023735761642456,1.0023735761642456,1.0024640560150146,0.030587365850806236,1.0,1.0,0.0,0.0,0.0,258,140160,2,10,34.934226989746094,1.747346377910029,0.003971483092755079,0.007620050571858883,-0.0007108966237865388,0.7620050571858883,1.0,0.4471597671508789,-0.02220669388771057,0.4545591473579407,0.22282886505126953,-0.2892310619354248,0.4545591473579407,2,1.0
1.0015143156051636,1.0015143156051636,1.0017499923706055,0.01175229623913765,1.0,1.0,0.0,0.0,0.0,273,140480,20,10,35.45870590209961,0.6598565715869983,0.007446320727467537,0.002864436013624072,0.001543872756883502,0.7446320727467537,1.0,0.45722436904907227,-0.02435588836669922,0.4568140208721161,0.2263718843460083,-0.293673038482666,0.4568139314651489,2,1.0
0.5063435435295105,7.913875776921486e-09,0.5063568353652954,0.5220915675163269,0.0,0.0,1.0,1.0,1.0,600,140512,13,10,2.2918193340301514,0.901533744022908,0.004623853601515293,-0.008367665112018585,0.008300070650875568,0.8367665112018585,1.0,0.45293283462524414,-0.036156415939331055,0.46357008814811707,0.45842409133911133,-0.034067749977111816,0.46357014775276184,2,0.05737704783678055
1.0047199726104736,1.0047199726104736,1.0049054622650146,0.022412100806832314,1.0,1.0,0.0,0.0,0.0,270,141024,9,10,35.523406982421875,1.273489944687641,0.0008146429900079966,0.009604920633137226,-0.006843922659754753,0.9604920633137226,1.0,0.4468684196472168,-0.019070863723754883,0.44842615723609924,0.21948814392089844,-0.2881028652191162,0.44842618703842163,2,1.0
0.053885042667388916,7.913875776921486e-09,0.0003919693117495626,0.05792327597737312,0.0,0.0,1.0,1.0,1.0,600,142496,19,10,0.3420413136482239,3.2963015870839865,-0.009409015998244286,-0.004997667390853167,0.003114940831437707,0.9409015998244286,1.0,0.42448118329048157,-0.038751840591430664,0.4583849310874939,0.4443911015987396,-0.03069758415222168,0.45838502049446106,2,0.0
0.02305786684155464,7.913876665099906e-09,0.0058442275039851665,0.08290017396211624,0.0,0.0,1.0,1.0,1.0,600,142592,29,10,-0.4914969205856323,4.414979211096059,-0.004995270632207394,0.00197416078299284,-0.002893500030040741,0.49952706322073936,1.0,0.42224788665771484,-0.03477168083190918,0.4523765444755554,0.4488050937652588,-0.02372598648071289,0.4523765742778778,2,0.0
0.008566088043153286,7.913875776921486e-09,5.5931712267920375e-05,0.029391037300229073,0.0,0.0,0.0,1.0,1.0,600,142720,12,10,1.1112253665924072,1.6807785004854383,-0.0005228103836998343,-0.006229419726878405,-0.00866659078747034,0.8666590787470341,1.0,0.4430675506591797,-0.03589281439781189,0.4466034471988678,0.453277587890625,-0.0319293737411499,0.4466035068035126,2,0.0
0.005945989396423101,7.913876665099906e-09,0.00015758859808556736,0.05032849684357643,0.0,0.0,1.0,1.0,1.0,600,142784,15,10,0.6583060026168823,2.8745818020653044,-0.008069641888141632,0.00914212130010128,-0.005748844239860773,0.914212130010128,1.0,0.42834144830703735,-0.023518085479736328,0.4495212435722351,0.4457304775714874,-0.01655721664428711,0.4495212733745575,2,0.0
0.01993514411151409,7.913875776921486e-09,4.5304797822609544e-05,0.05868672952055931,0.0,0.0,1.0,1.0,1.0,600,142848,23,10,0.41056522727012634,3.3599060161824377,0.006490748375654221,0.0030439409893006086,-0.0004564626724459231,0.6490748375654221,1.0,0.44000160694122314,-0.030876517295837402,0.4548135995864868,0.4602910280227661,-0.02265608310699463,0.4548136293888092,2,0.0
0.03536411002278328,7.913876665099906e-09,0.03639611229300499,0.050781458616256714,0.0,0.0,1.0,1.0,1.0,600,142944,1,10,1.477928638458252,0.8242196311563602,-0.008901122026145458,-0.0006441014120355248,-0.0015843004221096635,0.8901122026145458,1.0,0.4398775100708008,-0.028250455856323242,0.4536857604980469,0.4448986053466797,-0.02634406089782715,0.45368579030036926,2,0.0
0.011383991688489914,7.913876665099906e-09,2.856045466614887e-05,0.0554393008351326,0.0,0.0,1.0,1.0,1.0,600,143008,0,10,0.9113069772720337,3.174802553589803,-0.0012467544293031096,-0.002016468672081828,-0.00036710803396999836,0.2016468672081828,1.0,0.4333686828613281,-0.03545379638671875,0.4549029469490051,0.45255279541015625,-0.02771615982055664,0.4549029767513275,2,0.0
0.6063334941864014,7.913875776921486e-09,0.6067823171615601,0.6319997310638428,0.0,0.0,1.0,1.0,1.0,600,143040,26,10,2.9516959190368652,1.4448589640764378,0.004857098218053579,0.00789821706712246,0.0024894261732697487,0.7898217067122459,1.0,0.4498734474182129,-0.021191120147705078,0.45775946974754333,0.45865750312805176,-0.017801761627197266,0.4577595293521881,2,0.39716312289237976
0.05729375407099724,7.913875776921486e-09,0.0005019980017095804,0.06366997212171555,0.0,0.0,1.0,1.0,1.0,600,143328,5,10,0.18107035756111145,3.619257477034519,-0.00838871207088232,0.004309096839278936,0.004002303350716829,0.838871207088232,1.0,0.42357635498046875,-0.03029489517211914,0.4592723250389099,0.44541072845458984,-0.021390438079833984,0.4592724144458771,2,0.0
0.0352439321577549,7.913875776921486e-09,0.03535672277212143,0.0444997102022171,0.0,0.0,0.0,1.0,1.0,600,145568,14,10,1.2672268152236938,0.5238543250813804,-0.008616944774985313,0.005098490975797176,-0.0036557214334607124,0.8616944774985313,1.0,0.4419889450073242,-0.0218048095703125,0.45161429047584534,0.44518351554870605,-0.020601749420166016,0.4516143500804901,2,0.0
1.0029150247573853,1.0029150247573853,1.0051422119140625,0.02906915917992592,1.0,1.0,0.0,0.0,0.0,261,147008,21,10,34.744022369384766,1.5379354460000825,0.009472467005252838,0.002373375231400132,0.004975778516381979,0.9472467005252838,1.0,0.45392584800720215,-0.026941776275634766,0.46024584770202637,0.22828733921051025,-0.2946755886077881,0.46024584770202637,2,1.0
0.7108277082443237,7.913876665099906e-09,0.7108703851699829,0.7675357460975647,0.0,0.0,1.0,1.0,1.0,600,149216,6,10,2.74873948097229,3.246693496255361,0.006967813242226839,0.0015754387713968754,0.009885803796350956,0.9885803796350956,1.0,0.44115447998046875,-0.032048940658569336,0.4651558995246887,0.4607672691345215,-0.0241243839263916,0.4651559293270111,2,0.36305731534957886
0.705136239528656,7.913875776921486e-09,0.7137031555175781,0.7299636006355286,0.0,0.0,1.0,1.0,1.0,600,150080,31,11,3.4566187858581543,0.9316474077432596,0.004429429769515991,-0.003997366409748793,-0.0070915836840868,0.70915836840868,1.0,0.45255565643310547,-0.03185725212097168,0.4481784999370575,0.45822906494140625,-0.029697179794311523,0.4481784999370575,2,0.3037974536418915
0.4216233789920807,7.913871336029388e-09,0.42171621322631836,0.44601044058799744,0.0,0.0,1.0,1.0,1.0,600,150464,4,11,2.282632350921631,1.3919600027283352,0.0014602193841710687,-0.008945968933403492,-0.002605037298053503,0.8945968933403492,1.0,0.4467964172363281,-0.03790712356567383,0.4526650011539459,0.4552597999572754,-0.034645795822143555,0.4526650607585907,2,0.048076923936605453
0.00010522970114834607,7.913876665099906e-09,0.0001137110375566408,0.014993525110185146,0.0,0.0,0.0,1.0,1.0,600,150688,16,11,1.2433542013168335,0.8525512024727203,-0.0037465926725417376,-0.004115466959774494,0.004517961759120226,0.4517961759120226,1.0,0.44486016035079956,-0.03178834915161133,0.45978808403015137,0.45005354285240173,-0.0298154354095459,0.459788054227829,2,0.0
0.5719431042671204,7.913869559672548e-09,0.5720462203025818,0.6127825379371643,0.0,0.0,1.0,1.0,1.0,600,150688,22,11,2.958415985107422,2.3340342278481483,-0.005198864731937647,0.002458900446072221,-0.004446269944310188,0.5198864731937647,1.0,0.43445515632629395,-0.028825700283050537,0.4508237838745117,0.4486013650894165,-0.0232410728931427,0.4508238136768341,2,0.6589147448539734
0.06281543523073196,7.913875776921486e-09,8.833571337163448e-05,0.06831556558609009,0.0,0.0,1.0,1.0,1.0,600,151008,24,11,0.058396171778440475,3.9091328398439757,0.007573163136839867,0.002989270957186818,0.00844577793031931,0.8445777930319309,1.0,0.43781471252441406,-0.032387733459472656,0.4637157917022705,0.4613734483718872,-0.022710800170898438,0.46371588110923767,2,0.0
0.4231613874435425,7.913873112386227e-09,0.4231836199760437,0.4583808183670044,0.0,0.0,1.0,1.0,1.0,600,151264,11,11,2.21518611907959,2.0166479302789377,-0.005882467143237591,-0.008408869616687298,0.0021069953218102455,0.8408869616687298,1.0,0.4356818199157715,-0.038900136947631836,0.45737701654434204,0.4479179382324219,-0.034108638763427734,0.4573771059513092,2,0.019417475908994675
0.08164510130882263,7.913873112386227e-09,0.016157960519194603,0.10227888822555542,0.0,0.0,1.0,1.0,1.0,600,152416,25,11,-0.4139420986175537,4.934366432377693,0.005410056561231613,0.003930531907826662,0.0037792229559272528,0.5410056561231613,1.0,0.42958712577819824,-0.03424835205078125,0.4590492248535156,0.4592103958129883,-0.021769046783447266,0.4590493142604828,2,0.0
0.0016691935015842319,1.8250341327075148e-07,0.002765276934951544,0.04177010804414749,0.0,0.0,0.0,1.0,1.0,600,153600,3,11,0.750522792339325,2.234822741945951,0.008677232079207897,0.005488044116646051,-0.0034787345211952925,0.8677232079207897,1.0,0.4489274024963379,-0.025547266006469727,0.45179128646850586,0.4624767303466797,-0.02021181583404541,0.451791375875473,2,0.0
0.06386420875787735,7.913876665099906e-09,0.0022394030820578337,0.06915412843227386,0.0,0.0,1.0,1.0,1.0,600,153600,7,11,-0.13175368309020996,3.8339298957611967,-0.006951537448912859,-0.006050681229680777,0.0032871062867343426,0.6951537448912859,1.0,0.4237356185913086,-0.04122641682624817,0.4585571885108948,0.44684791564941406,-0.031750649213790894,0.45855721831321716,2,0.0
0.5894642472267151,7.913875776921486e-09,0.5895063281059265,0.6349883675575256,0.0,0.0,1.0,1.0,1.0,600,153600,8,11,2.8473892211914062,2.6059188723837914,-0.0010067550465464592,0.008487513288855553,0.007299567572772503,0.8487513288855553,1.0,0.4370145797729492,-0.02348470687866211,0.46256959438323975,0.4527926445007324,-0.017212510108947754,0.4625696837902069,2,0.6390977501869202
0.0002653427072800696,7.913876665099906e-09,0.0004841736808884889,0.026961786672472954,0.0,0.0,0.0,1.0,1.0,600,153600,10,11,1.135372281074524,1.517055771150765,-0.008615016005933285,0.0011359843192622066,-0.008120222017168999,0.8615016005933285,1.0,0.43596506118774414,-0.028128623962402344,0.4471498131752014,0.44518542289733887,-0.024563312530517578,0.4471499025821686,2,0.0
0.7174761891365051,7.832587356482179e-10,0.717633843421936,0.756615936756134,0.0,0.0,1.0,1.0,1.0,600,153600,17,11,3.485570192337036,2.233512199398955,0.002284363843500614,0.0038328939117491245,0.006690889596939087,0.6690889596939087,1.0,0.4425427317619324,-0.027199268341064453,0.46196091175079346,0.4560844600200653,-0.021867066621780396,0.4619610011577606,2,0.6883116960525513
0.06606484949588776,7.913875776921486e-09,0.09566817432641983,0.11763915419578552,0.0,0.0,1.0,1.0,1.0,600,153600,18,11,1.8771060705184937,1.2588440981164295,-0.009740469045937061,0.002074931049719453,-0.001154945814050734,0.9740469045937061,1.0,0.43640169501304626,-0.02656543254852295,0.4541150629520416,0.4440596401691437,-0.02362501621246338,0.4541151225566864,2,0.11764705926179886
0.023830102756619453,7.913875776921486e-09,9.126082295551896e-05,0.03007059544324875,0.0,0.0,0.0,1.0,1.0,600,153600,27,11,0.9785280823707581,1.7176896965338335,-0.009378216229379177,-0.0024885940365493298,0.007165463641285896,0.9378216229379177,1.0,0.4339890480041504,-0.03224256634712219,0.4624354839324951,0.44442200660705566,-0.028188556432724,0.4624355733394623,2,0.0
8.90867886482738e-05,7.913876665099906e-09,0.0001042536532622762,0.002913321368396282,0.0,0.0,0.0,1.0,1.0,600,153600,28,11,1.4461896419525146,0.16094819176798042,-0.008187987841665745,-0.0003555941511876881,0.008729232475161552,0.8729232475161552,1.0,0.444629430770874,-0.02642202377319336,0.46399933099746704,0.44561219215393066,-0.02605569362640381,0.46399930119514465,2,0.0
0.9876066446304321,7.913868671494129e-09,0.9877262711524963,1.0474826097488403,0.0,0.0,1.0,1.0,1.0,600,153600,30,11,4.01839542388916,3.4237924040275636,0.003571939654648304,0.007077611982822418,-0.007065164390951395,0.7077611982822418,1.0,0.43670177459716797,-0.027011394500732422,0.44820481538772583,0.45737171173095703,-0.01862192153930664,0.448204904794693,2,0.7668393850326538
1.0015226602554321,1.0015226602554321,1.0306097269058228,0.041120946407318115,1.0,1.0,0.0,0.0,0.0,281,159072,31,11,35.94502258300781,0.6894923355088605,0.005353077314794064,-0.004343176260590553,-0.0009258673526346684,0.5353077314794064,1.0,0.45495080947875977,-0.03163290023803711,0.45434412360191345,0.22427845001220703,-0.30088376998901367,0.45434415340423584,2,1.0
1.0000584125518799,1.0000584125518799,1.000067949295044,0.011707569472491741,1.0,1.0,0.0,0.0,0.0,270,159328,16,11,35.66378402709961,0.6702492380177015,0.004571510013192892,0.004748074803501368,-0.003471704898402095,0.47480748035013676,1.0,0.45428621768951416,-0.022496461868286133,0.45179834961891174,0.22361266613006592,-0.2912585735321045,0.45179831981658936,2,1.0
0.7732247114181519,7.852892558446456e-09,0.7732950448989868,0.841417133808136,0.0,0.0,1.0,1.0,1.0,600,159360,2,11,3.2524638175964355,3.9031081861092014,0.0014300222974270582,0.008949978277087212,0.0009187301620841026,0.8949978277087212,1.0,0.43170738220214844,-0.02641087770462036,0.45618873834609985,0.4552297592163086,-0.016749978065490723,0.456188827753067,2,0.746835470199585
0.36907193064689636,0.36833393573760986,0.39823994040489197,0.10664328932762146,0.315832808289499,0.0,1.0,0.0,1.0,600,159680,20,11,8.923083305358887,4.396722115444615,-0.00908603798598051,-0.007315590512007475,0.009441530331969261,0.9441530331969261,1.0,0.41826486587524414,-0.044011592864990234,0.4647115468978882,0.3274118900299072,-0.10329866409301758,0.46471157670021057,2,0.0
7.880267730797641e-06,7.913875776921486e-09,2.332623080292251e-05,0.03272245451807976,0.0,0.0,0.0,1.0,1.0,600,159712,13,11,0.7313247323036194,1.8735230237686131,-0.006061079911887646,-0.005207672715187073,-0.0031418188009411097,0.6061079911887646,1.0,0.43636631965637207,-0.035344839096069336,0.4521282911300659,0.4477393627166748,-0.030907750129699707,0.45212826132774353,2,0.0
0.24701744318008423,7.913876665099906e-09,0.24709264934062958,0.27450284361839294,0.0,0.0,1.0,1.0,1.0,600,160224,9,12,1.8189122676849365,1.5704846057680726,-0.009530234150588512,0.009038454852998257,-0.0029342821799218655,0.9530234150588512,1.0,0.434725284576416,-0.020355701446533203,0.4523357152938843,0.44426918029785156,-0.016661643981933594,0.45233580470085144,2,0.0
0.411607027053833,7.913874000564647e-09,0.41161656379699707,0.474886029958725,0.0,0.0,1.0,1.0,1.0,600,161696,19,12,1.5142861604690552,3.625075944433724,0.009247913956642151,-0.005191019270569086,0.007740973029285669,0.9247913956642151,1.0,0.441178560256958,-0.0398106575012207,0.4630110263824463,0.4630480110645294,-0.030890941619873047,0.4630110561847687,2,0.0
0.03166364133358002,7.913876665099906e-09,0.03498261794447899,0.09321976453065872,0.0,0.0,1.0,1.0,1.0,600,161792,29,12,1.3123947381973267,3.3367433506030437,-0.006347218994051218,-0.007268439047038555,0.005669943988323212,0.7268439047038555,1.0,0.42730164527893066,-0.04112839698791504,0.46094000339508057,0.44745302200317383,-0.03296828269958496,0.46094003319740295,2,0.0
1.0060138702392578,1.0060138702392578,1.0212472677230835,0.08417339622974396,1.0,1.0,1.0,0.0,0.0,257,161824,10,12,33.6822624206543,3.9499705408914823,0.007876267656683922,-0.0016467373352497816,-0.00631873682141304,0.7876267656683922,1.0,0.43787550926208496,-0.03713274002075195,0.4489513635635376,0.22644948959350586,-0.29982662200927734,0.44895124435424805,2,1.0
0.05930314213037491,7.913875776921486e-09,0.009377316571772099,0.08185026049613953,0.0,0.0,1.0,1.0,1.0,600,161920,12,12,-0.2118709236383438,4.152394296002211,-0.009573716670274734,-0.007081231102347374,-0.005466911476105452,0.9573716670274734,1.0,0.41922426223754883,-0.04311323165893555,0.44980311393737793,0.4442265033721924,-0.03278118371963501,0.4498032033443451,2,0.0
1.0011032819747925,1.0011032819747925,1.0011403560638428,0.04914311319589615,1.0,1.0,0.0,0.0,0.0,262,161984,3,12,33.911094665527344,2.813574125511927,0.008503510616719723,0.006154807284474373,-0.0038239078130573034,0.8503510616719723,1.0,0.4452800750732422,-0.026347994804382324,0.45144617557525635,0.2274608612060547,-0.29023277759552,0.4514460563659668,2,0.9333333373069763
0.0006361334235407412,1.0965465202517066e-09,0.0006646926049143076,0.01796252839267254,0.0,0.0,0.0,1.0,1.0,600,161984,15,12,1.121861457824707,0.9910936390193482,-0.00934462808072567,-0.003250300884246826,0.0025340488646179438,0.934462808072567,1.0,0.43842077255249023,-0.03125143051147461,0.45780402421951294,0.44445547461509705,-0.028949737548828125,0.4578041732311249,2,0.0
0.6851213574409485,7.913871336029388e-09,0.6860897541046143,0.7469181418418884,0.0,0.0,1.0,1.0,1.0,600,162048,23,12,2.4333839416503906,3.4852361454707634,0.009096083231270313,0.0013484738301485777,0.002695634262636304,0.9096083231270313,1.0,0.44185948371887207,-0.03290152549743652,0.4579656720161438,0.4628962278366089,-0.02435147762298584,0.4579657018184662,2,0.2199999988079071
0.5097723603248596,0.5097723603248596,0.5504578351974487,0.12206042557954788,0.46634622738727743,0.0,1.0,0.0,1.0,600,162144,1,12,11.72215747833252,4.662450198217138,-0.00701456144452095,0.003294555703178048,-0.008350064046680927,0.8350064046680927,1.0,0.4187655448913574,-0.03413057327270508,0.4469200372695923,0.29252195358276367,-0.13034296035766602,0.4469200372695923,2,0.0
1.002846121788025,1.002846121788025,1.0029374361038208,0.046362850815057755,1.0,1.0,0.0,0.0,0.0,268,162176,28,12,33.9671630859375,2.651164393323483,0.0013605242129415274,0.0012875612592324615,-0.0031675284262746572,0.3167528426274657,1.0,0.43911051750183105,-0.030800223350524902,0.45210254192352295,0.22018098831176758,-0.29573607444763184,0.45210254192352295,2,0.7771084308624268
0.010006596334278584,7.913876665099906e-09,0.0005087284953333437,0.05058569833636284,0.0,0.0,1.0,1.0,1.0,600,162208,0,12,0.9804853200912476,2.8691991861125112,-0.0015222326619550586,-0.0029501677490770817,-0.002741624368354678,0.29501677490770817,1.0,0.4349207878112793,-0.035596370697021484,0.4525284171104431,0.45227718353271484,-0.02864980697631836,0.4525284469127655,2,0.0
0.0016201346879824996,7.913875776921486e-09,0.0016367057105526328,0.02878119796514511,0.0,0.0,0.0,1.0,1.0,600,162240,26,12,1.3219494819641113,1.5552652367499915,0.004342874977737665,-0.0015434060478582978,-0.0004340322338975966,0.4342874977737665,1.0,0.44869136810302734,-0.030900239944458008,0.45483601093292236,0.4581432342529297,-0.027243375778198242,0.45483604073524475,2,0.0
0.06658819317817688,7.913874888743067e-09,0.000454448425443843,0.07047504931688309,0.0,0.0,1.0,1.0,1.0,600,162528,5,12,0.12188908457756042,4.011886205717648,-0.0005128670018166304,-0.0007529511349275708,-0.003079575253650546,0.3079575253650546,1.0,0.42911863327026367,-0.03640604019165039,0.4521905183792114,0.45328664779663086,-0.02645254135131836,0.4521905481815338,2,0.0
0.45628732442855835,7.913873112386227e-09,0.4563046097755432,0.5318713188171387,0.0,0.0,1.0,1.0,1.0,600,164768,14,12,1.2766053676605225,4.329647950247797,0.008098351769149303,-0.005801523104310036,-0.0001623445568839088,0.8098351769149303,1.0,0.43584609031677246,-0.04231429100036621,0.45510774850845337,0.4618985652923584,-0.03150129318237305,0.45510777831077576,2,0.0
0.002002204302698374,7.913876665099906e-09,0.0029252872336655855,0.029949303716421127,0.0,0.0,0.0,1.0,1.0,600,166208,21,12,1.423427939414978,1.5483625835417532,0.004987387452274561,-0.007423045113682747,0.003700248897075653,0.7423045113682747,1.0,0.4493778944015503,-0.03676342964172363,0.4589703679084778,0.45878756046295166,-0.033123016357421875,0.4589703381061554,2,0.0
0.003434219164773822,7.913875776921486e-09,0.003451074007898569,0.030026428401470184,0.0,0.0,0.0,1.0,1.0,600,168416,6,12,1.3865015506744385,1.5226566329918814,0.0032029440626502037,-0.006901705637574196,0.0014910278841853142,0.6901705637574196,1.0,0.44774818420410156,-0.036179542541503906,0.45676106214523315,0.4570026397705078,-0.03260159492492676,0.4567611515522003,2,0.0
0.9270918965339661,7.913876665099906e-09,0.9271807074546814,0.9655158519744873,0.0,0.0,1.0,1.0,1.0,600,169664,4,12,4.105626106262207,2.1964473240942346,0.004509418737143278,0.0052730911411345005,0.00794249214231968,0.7942492142319679,1.0,0.4449915885925293,-0.025666475296020508,0.4632125496864319,0.4583091735839844,-0.020427227020263672,0.4632125794887543,2,0.6683937907218933
0.03835339844226837,7.913875776921486e-09,0.00015108702064026147,0.0405057817697525,0.0,0.0,0.0,1.0,1.0,600,169888,22,12,0.9142332077026367,2.31215478405907,-0.0049156383611261845,-0.0094984732568264,-0.002131178742274642,0.9498473256826401,1.0,0.43486976623535156,-0.04072800278663635,0.4531388282775879,0.44888460636138916,-0.03519842028617859,0.45313891768455505,2,0.0
0.3631497621536255,7.913871336029388e-09,0.36319518089294434,0.43649542331695557,0.0,0.0,1.0,1.0,1.0,600,170208,24,13,1.084269404411316,4.199788551766106,0.007843551225960255,-0.007217081729322672,0.00445832684636116,0.7843551225960255,1.0,0.43636083602905273,-0.04337739944458008,0.4597284197807312,0.4616438150405884,-0.032917022705078125,0.4597284495830536,2,0.0
0.5565155744552612,7.927375200722508e-09,0.5566787123680115,0.5734861493110657,0.0,0.0,1.0,1.0,1.0,600,170464,11,13,3.412480592727661,0.9629978693119123,-0.007058219518512487,0.005468558520078659,-0.008219587616622448,0.8219587616622448,1.0,0.44087791442871094,-0.02246546745300293,0.44705045223236084,0.44674205780029297,-0.020231246948242188,0.4470504820346832,2,0.7404580116271973
0.07383867353200912,7.913875776921486e-09,0.00010907422984018922,0.07932963222265244,0.0,0.0,1.0,1.0,1.0,600,171616,25,13,-0.1321270763874054,4.539004774252913,0.000727892795111984,0.003944109193980694,-0.006717334967106581,0.6717334967106581,1.0,0.42723751068115234,-0.0331416130065918,0.4485527276992798,0.4545280933380127,-0.021755218505859375,0.4485527575016022,2,0.0
6.280047091422603e-05,7.913876665099906e-09,8.365355461137369e-05,0.040196988731622696,0.0,0.0,0.0,1.0,1.0,600,172800,7,13,0.5615761876106262,2.298325358537087,0.005354996770620346,0.007043885532766581,0.007815367542207241,0.7815367542207241,1.0,0.4452238082885742,-0.024150848388671875,0.46308547258377075,0.4591546058654785,-0.01865607500076294,0.46308544278144836,2,0.0
0.07651512324810028,7.913876665099906e-09,5.9127163694938645e-05,0.07991688698530197,0.0,0.0,1.0,1.0,1.0,600,172800,8,13,-0.22019632160663605,4.575512989140277,0.0008460348471999168,-0.0005762806977145374,0.004555128514766693,0.4555128514766693,1.0,0.4271397590637207,-0.03776216506958008,0.45982515811920166,0.45464563369750977,-0.026276230812072754,0.4598252475261688,2,0.0
0.23528949916362762,7.913876665099906e-09,0.20735915005207062,0.2925337553024292,0.0,0.0,1.0,1.0,1.0,600,172800,17,13,0.7088755369186401,4.880141560556961,0.0019376398995518684,-0.004464166704565287,-0.002651265589520335,0.44641667045652866,1.0,0.42643386125564575,-0.04249215126037598,0.45261871814727783,0.45573773980140686,-0.030164122581481934,0.452618807554245,2,0.0
0.08175212889909744,7.913875776921486e-09,0.05135799199342728,0.13666942715644836,0.0,0.0,1.0,1.0,1.0,600,172800,18,13,-0.43814218044281006,4.887983898384605,0.002154071582481265,0.003451735246926546,0.004098760895431042,0.40987608954310417,1.0,0.42660412192344666,-0.03459799289703369,0.45936882495880127,0.4559541642665863,-0.022248148918151855,0.45936885476112366,2,0.0
0.03286774083971977,7.913876665099906e-09,0.02572791278362274,0.10140924155712128,0.0,0.0,1.0,1.0,1.0,600,172800,27,13,0.2583015263080597,4.336220726663465,-0.00400211475789547,0.0033771300222724676,0.0022929860278964043,0.40021147578954697,1.0,0.4237070083618164,-0.03315386176109314,0.45756304264068604,0.4497983455657959,-0.022322803735733032,0.4575630724430084,2,0.0
0.05746489018201828,7.913870447850968e-09,0.0679098516702652,0.12658825516700745,0.0,0.0,1.0,1.0,1.0,600,172800,30,13,1.1095637083053589,3.3620255092592575,-0.007266167551279068,-0.0022211861796677113,-0.006777548231184483,0.7266167551279068,1.0,0.42623186111450195,-0.036147117614746094,0.44849246740341187,0.446533203125,-0.02792072296142578,0.44849255681037903,2,0.0
0.5831881761550903,7.913875776921486e-09,0.6025565266609192,0.6188406944274902,0.0,0.0,1.0,1.0,1.0,600,178272,31,13,3.2776527404785156,0.9330107775346176,-0.0038750034291297197,0.0021738188806921244,-0.0005631874082610011,0.387500342912972,1.0,0.4442424774169922,-0.025689363479614258,0.4547068178653717,0.4499244689941406,-0.02352619171142578,0.45470693707466125,2,0.41843971610069275
0.8723275661468506,7.913875776921486e-09,0.872588574886322,0.8984898924827576,0.0,0.0,1.0,1.0,1.0,600,178528,16,13,4.327575206756592,1.4840397039199813,0.002027700189501047,0.00052422727458179,0.005422161892056465,0.5422161892056465,1.0,0.44680678844451904,-0.028660058975219727,0.4606921672821045,0.4558278024196625,-0.02517557144165039,0.46069225668907166,2,0.6507936716079712
0.06743774563074112,7.913875776921486e-09,1.2581680493894964e-05,0.07297276705503464,0.0,0.0,1.0,1.0,1.0,600,178560,2,13,-0.046755362302064896,4.180312267347816,-0.0017875967314466834,0.008014068007469177,-0.00650471355766058,0.8014068007469177,1.0,0.42684459686279297,-0.028093278408050537,0.4487653374671936,0.4520120620727539,-0.017685890197753906,0.448765367269516,2,0.0
0.39398694038391113,0.39398694038391113,0.45212411880493164,0.13883638381958008,0.34078917518905577,0.0,1.0,0.0,1.0,600,178880,20,13,9.39809799194336,4.623721744962697,-0.006942020263522863,-0.003926682285964489,0.003809175221249461,0.6942020263522863,1.0,0.4190669059753418,-0.04124593734741211,0.45907914638519287,0.3224623203277588,-0.10634517669677734,0.4590792953968048,2,0.0
0.049460411071777344,7.913868671494129e-09,0.011419576592743397,0.09080646932125092,0.0,0.0,1.0,1.0,1.0,600,178912,13,13,0.3419763147830963,4.548536303239665,-0.004482915159314871,0.0007154340855777264,-0.007193141616880894,0.7193141616880894,1.0,0.4219706058502197,-0.036396145820617676,0.4480769634246826,0.44931745529174805,-0.02498447895050049,0.44807693362236023,2,0.0
1.0012527704238892,1.0012527704238892,1.0013526678085327,0.014028054662048817,1.0,1.0,0.0,0.0,0.0,276,179296,11,13,35.79121398925781,0.7980225473164821,0.005367719102650881,-0.00019234081264585257,-0.004658012185245752,0.5367719102650881,1.0,0.45430564880371094,-0.027737140655517578,0.45061203837394714,0.22431397438049316,-0.2966344356536865,0.45061206817626953,2,1.0
6.70081590214977e-06,7.913874888743067e-09,1.646111559239216e-05,0.05149121582508087,0.0,0.0,1.0,1.0,1.0,600,179424,9,13,0.41150614619255066,2.949287849885965,-0.006638995371758938,-0.0005165673792362213,0.006984717678278685,0.6984717678278685,1.0,0.42932558059692383,-0.033368825912475586,0.46225470304489136,0.4471607208251953,-0.026216506958007812,0.4622547924518585,2,0.0
0.6531003713607788,7.913877553278326e-09,0.6532323956489563,0.700134813785553,0.0,0.0,1.0,1.0,1.0,600,180896,19,14,2.5662953853607178,2.6873103947414254,0.00464736158028245,-0.007651480380445719,-0.002613937947899103,0.7651480380445719,1.0,0.4421805739402771,-0.03983139991760254,0.452656090259552,0.45844748616218567,-0.03335142135620117,0.45265617966651917,2,0.18881118297576904
0.00618779007345438,7.913876665099906e-09,0.005077308043837547,0.07868989557027817,0.0,0.0,1.0,1.0,1.0,600,180992,29,14,0.5089457035064697,4.217690904467533,-0.00925640668720007,-0.004769190214574337,0.0056776972487568855,0.9256406687200069,1.0,0.41915440559387207,-0.04097771644592285,0.46094775199890137,0.44454383850097656,-0.03046894073486328,0.46094778180122375,2,0.0
0.05132186785340309,7.913872224207807e-09,0.0003442353627178818,0.05487362667918205,0.0,0.0,1.0,1.0,1.0,600,181024,10,14,0.331994891166687,3.1243048306217833,-0.004276367370039225,-0.00021034604287706316,-0.002821374451741576,0.42763673700392246,1.0,0.43064117431640625,-0.03351593017578125,0.4524487257003784,0.44952392578125,-0.025909900665283203,0.45244869589805603,2,0.0
0.5613608360290527,2.6774657491124287e-10,0.5932605862617493,0.6303865909576416,0.0,0.0,1.0,1.0,1.0,600,181120,12,14,3.067528247833252,2.1271761858622,-0.0024207509122788906,0.008515524677932262,-0.0012099591549485922,0.8515524677932262,1.0,0.4384777545928955,-0.022250890731811523,0.45406001806259155,0.45137953758239746,-0.017184436321258545,0.4540601670742035,2,0.7016128897666931
0.02763504721224308,7.913876665099906e-09,0.00012670826981775463,0.030692031607031822,0.0,0.0,0.0,1.0,1.0,600,181184,3,14,0.9390841722488403,1.7512642384509718,-0.008670490235090256,-0.0022376826964318752,0.000357350887497887,0.8670490235090256,1.0,0.4344935417175293,-0.0320742130279541,0.4556273818016052,0.4451289176940918,-0.027937769889831543,0.4556274712085724,2,0.0
0.3519209027290344,7.913868671494129e-09,0.35197773575782776,0.383230984210968,0.0,0.0,1.0,1.0,1.0,600,181184,15,14,1.644354224205017,1.7906777383348245,0.004473382141441107,-0.006047189701348543,0.00927350390702486,0.927350390702486,1.0,0.44740021228790283,-0.035980224609375,0.46454352140426636,0.4582735002040863,-0.031746864318847656,0.4645436108112335,2,0.0
0.3267562985420227,7.913868671494129e-09,0.32677292823791504,0.36473214626312256,0.0,0.0,1.0,1.0,1.0,600,181248,23,14,1.5692732334136963,2.1749145124055347,0.0031233893241733313,-0.007266615517437458,0.0026488937437534332,0.7266615517437458,1.0,0.44373464584350586,-0.038152217864990234,0.4579189419746399,0.45692360401153564,-0.0329667329788208,0.4579189717769623,2,0.0
0.47125372290611267,7.913876665099906e-09,0.4912652373313904,0.4965187609195709,0.0,0.0,1.0,1.0,1.0,600,181344,1,14,2.651721715927124,0.3010084911152982,-0.004841197747737169,-0.006411293521523476,0.00019571214215829968,0.6411293521523476,1.0,0.44712209701538086,-0.03279876708984375,0.45546579360961914,0.4489583969116211,-0.032111167907714844,0.45546582341194153,2,0.06557376682758331
0.5894538164138794,7.913869559672548e-09,0.590269148349762,0.635419487953186,0.0,0.0,1.0,1.0,1.0,600,181376,28,14,2.670058012008667,2.5869465278602,-0.008910417556762695,-0.004765723831951618,-0.0014794752933084965,0.8910417556762695,1.0,0.42922449111938477,-0.0366898775100708,0.453790545463562,0.44488978385925293,-0.03046572208404541,0.4537906348705292,2,0.3333333432674408
0.6244445443153381,7.74376562873158e-09,0.6251830458641052,0.6480185985565186,0.0,0.0,1.0,1.0,1.0,600,181408,0,14,3.330059289932251,1.3083819660626512,-0.004934880882501602,0.003610961837694049,0.0057847509160637856,0.5784750916063786,1.0,0.44090747833251953,-0.025148391723632812,0.46105483174324036,0.4488649368286133,-0.02208852767944336,0.46105483174324036,2,0.4225352108478546
0.031044289469718933,7.913876665099906e-09,0.00011247320071561262,0.03561505302786827,0.0,0.0,0.0,1.0,1.0,600,181440,26,14,0.8108859062194824,2.0341487959232145,-0.008157128468155861,-0.00015522596368100494,0.0024336923379451036,0.8157128468155861,1.0,0.4333014488220215,-0.03069019317626953,0.4577036499977112,0.44564318656921387,-0.025855064392089844,0.4577037990093231,2,0.0
1.0060738325119019,1.0060738325119019,1.0421676635742188,0.046077582985162735,1.0,1.0,0.0,0.0,0.0,276,181632,18,14,35.365447998046875,0.5720330387436223,0.004760575946420431,0.0071030110120773315,0.0016720122657716274,0.7103011012077332,1.0,0.4550728499889374,-0.019912242889404297,0.4569421112537384,0.22332900762557983,-0.29109883308410645,0.45694202184677124,2,0.9482758641242981
0.04965568706393242,7.913874888743067e-09,0.00018025352619588375,0.0539332777261734,0.0,0.0,1.0,1.0,1.0,600,181728,5,14,0.40459996461868286,3.079821729548194,-0.009529553353786469,-0.009200068190693855,0.007942014373838902,0.9529553353786469,1.0,0.42565345764160156,-0.04239034652709961,0.4632120132446289,0.44427013397216797,-0.03489971160888672,0.46321210265159607,2,0.0
1.2884975149063393e-05,7.913875776921486e-09,2.472562118782662e-05,0.015765611082315445,0.0,0.0,0.0,1.0,1.0,600,183968,14,14,1.040984034538269,0.9018868861473388,0.003255650866776705,0.007253187242895365,0.006262169685214758,0.7253187242895365,1.0,0.45156288146972656,-0.020536422729492188,0.4615322947502136,0.45705604553222656,-0.018446922302246094,0.46153226494789124,2,0.0
0.03395986557006836,7.913876665099906e-09,0.0006318764644674957,0.03928551822900772,0.0,0.0,0.0,1.0,1.0,600,185408,21,14,0.5243527293205261,2.2146909728107502,-0.007695538457483053,0.0032889300491660833,-0.00822618417441845,0.8226184174418449,1.0,0.4326760768890381,-0.02769613265991211,0.44704383611679077,0.44610464572906494,-0.022410869598388672,0.44704392552375793,2,0.0
0.45535561442375183,7.913872224207807e-09,0.4559865891933441,0.5320042371749878,0.0,0.0,1.0,1.0,1.0,600,187616,6,14,1.3278268575668335,4.355489544085717,0.0061574154533445835,-0.009583915583789349,0.0002686579246073961,0.9583915583789349,1.0,0.43375253677368164,-0.04616737365722656,0.4555387496948242,0.4599571228027344,-0.035283803939819336,0.4555387794971466,2,0.0
0.0004813942650798708,7.913870447850968e-09,0.0001107183052226901,0.029314497485756874,0.0,0.0,0.0,1.0,1.0,600,188864,4,14,1.4430354833602905,1.6732535530107884,-0.006009183824062347,-0.007015144918113947,-0.008093850687146187,0.8093850687146187,1.0,0.43762636184692383,-0.03666043281555176,0.44717609882354736,0.44779062271118164,-0.0327150821685791,0.4471762478351593,2,0.0
0.38388609886169434,7.913876665099906e-09,0.3850057125091553,0.43465784192085266,0.0,0.0,1.0,1.0,1.0,600,189088,22,14,1.9586176872253418,2.8448583129012897,-0.0022349655628204346,-0.009801127947866917,-0.0024313260801136494,0.9801127947866917,1.0,0.4343540668487549,-0.042384445667266846,0.4528387188911438,0.451565146446228,-0.03550109267234802,0.4528387486934662,2,0.0
2.3064607375999913e-05,7.913875776921486e-09,3.682948226924054e-05,0.029457543045282364,0.0,0.0,0.0,1.0,1.0,600,189408,24,14,0.7895565629005432,1.6856834300831538,-0.005100370850414038,0.006970232352614403,-0.006965755019336939,0.6970232352614403,1.0,0.438460111618042,-0.0227053165435791,0.44830429553985596,0.44869983196258545,-0.018729686737060547,0.44830432534217834,2,0.0
1.0019116401672363,1.0019116401672363,1.0042123794555664,0.010794349946081638,1.0,1.0,0.0,0.0,0.0,268,189568,29,14,35.748287200927734,0.4866521523021721,0.0010115059558302164,0.007306064013391733,-0.008066566661000252,0.8066566661000252,1.0,0.4518435001373291,-0.019510984420776367,0.44720351696014404,0.21990561485290527,-0.28937673568725586,0.44720345735549927,2,1.0
1.0002555847167969,1.0002555847167969,1.0119521617889404,0.06289820373058319,1.0,1.0,1.0,0.0,0.0,267,190272,5,15,34.172977447509766,2.9336439419222855,-0.006524020340293646,0.005738916806876659,-0.001314945169724524,0.6524020340293646,1.0,0.4295334815979004,-0.027072906494140625,0.45395511388778687,0.21250104904174805,-0.29033946990966797,0.4539550542831421,2,0.9751552939414978
0.28911808133125305,7.913875776921486e-09,0.2895999550819397,0.35997021198272705,0.0,0.0,1.0,1.0,1.0,600,190816,25,15,0.9952542185783386,4.031913601024595,0.009910648688673973,-0.0004838043241761625,0.007415457163006067,0.9910648688673973,1.0,0.4394235610961914,-0.03619098663330078,0.4626855254173279,0.4637110233306885,-0.026183605194091797,0.46268555521965027,2,0.0
0.05062926188111305,7.913876665099906e-09,0.00010396598372608423,0.056132130324840546,0.0,0.0,1.0,1.0,1.0,600,192000,7,15,0.4048495292663574,3.2101775974051803,-0.0023664359468966722,-0.004237151239067316,0.007699613459408283,0.7699613459408283,1.0,0.4320378303527832,-0.0377659797668457,0.46296966075897217,0.4514331817626953,-0.02993711829185486,0.46296969056129456,2,0.0
0.07741453498601913,7.913876665099906e-09,0.008016349747776985,0.08980445563793182,0.0,0.0,1.0,1.0,1.0,600,192000,8,15,-0.12561897933483124,4.686114669257116,-0.003076519351452589,-0.00013418444723356515,-0.004986608400940895,0.4986608400940895,1.0,0.4225645065307617,-0.03762471675872803,0.450283408164978,0.45072317123413086,-0.025834202766418457,0.4502834975719452,2,0.0
0.031756311655044556,7.913875776921486e-09,0.023457150906324387,0.05671452358365059,0.0,0.0,1.0,1.0,1.0,600,192000,17,15,1.2421060800552368,1.9055079458781368,-0.002376709831878543,-0.005784543231129646,-0.007032184861600399,0.7032184861600399,1.0,0.43985724449157715,-0.03600075840950012,0.44823789596557617,0.45142337679862976,-0.031484514474868774,0.44823792576789856,2,0.0
0.37022438645362854,7.913871336029388e-09,0.39099636673927307,0.4748959243297577,0.0,0.0,1.0,1.0,1.0,600,192000,27,15,1.0627491474151611,4.8070939680441445,0.0009621352073736489,0.0024106723722070456,0.005752212833613157,0.5752212833613157,1.0,0.4258890151977539,-0.03541457653045654,0.46102219820022583,0.45476245880126953,-0.02328929305076599,0.461022287607193,2,0.0
0.6649377346038818,7.5018870120402426e-06,0.6650774478912354,0.7198631763458252,0.0,0.0,1.0,1.0,1.0,600,192000,30,15,2.9395651817321777,3.1394302845387765,-0.0023419163189828396,0.00771899102255702,0.0060588219203054905,0.771899102255702,1.0,0.43248510360717773,-0.025625228881835938,0.46132892370224,0.45145559310913086,-0.017982006072998047,0.4613288938999176,2,0.3958333432674408
1.0031189918518066,1.0031189918518066,1.0424609184265137,0.0695621445775032,1.0,1.0,1.0,0.0,0.0,287,194592,21,15,35.10456848144531,1.7314874257091997,0.008297289721667767,-0.0023849457502365112,-0.006145302206277847,0.8297289721667767,1.0,0.4515812397003174,-0.032172441482543945,0.4491247534751892,0.2270963191986084,-0.29950809478759766,0.44912469387054443,2,1.0
1.0052584409713745,1.0052584409713745,1.005443811416626,0.021875806152820587,1.0,1.0,0.0,0.0,0.0,274,196384,6,15,35.60969161987305,1.242767113470689,0.007273923140019178,0.007381780538707972,0.0018784677376970649,0.7381780538707972,1.0,0.45351314544677734,-0.021219968795776367,0.4571484923362732,0.2259054183959961,-0.29052257537841797,0.45714855194091797,2,1.0
0.05605189502239227,7.913875776921486e-09,0.0566454753279686,0.10329236835241318,0.0,0.0,1.0,1.0,1.0,600,197472,31,15,1.6661176681518555,2.6726711649159722,-0.008332769386470318,-0.0076010036282241344,0.007385733537375927,0.8332769386470318,1.0,0.4292879104614258,-0.03974342346191406,0.46265578269958496,0.4454669952392578,-0.03330087661743164,0.46265581250190735,2,0.0
1.0019851922988892,1.0019851922988892,1.01310396194458,0.028933817520737648,1.0,1.0,0.0,0.0,0.0,265,197568,22,15,34.94021987915039,1.020734418861382,0.0011499683605507016,0.00792543962597847,-0.0012188352411612868,0.792543962597847,1.0,0.4487358331680298,-0.020145684480667114,0.45405131578445435,0.22003817558288574,-0.2887840270996094,0.45405113697052,2,1.0
0.5807473659515381,7.913875776921486e-09,0.624067485332489,0.6562454104423523,0.0,0.0,1.0,1.0,1.0,600,197728,16,15,2.7367630004882812,1.8436595157266134,-0.0010739780263975263,0.00577612966299057,-0.002081124344840646,0.577612966299057,1.0,0.44153302907943726,-0.024287700653076172,0.45318883657455444,0.4527261555194855,-0.019923686981201172,0.4531889855861664,2,0.23664122819900513
0.5721867084503174,7.913876665099906e-09,0.5899680852890015,0.6097707152366638,0.0,0.0,1.0,1.0,1.0,600,197760,2,15,2.594644069671631,1.1346055184348365,-0.002990183886140585,-0.0024830030743032694,0.0023104294668883085,0.2990183886140585,1.0,0.44390439987182617,-0.030825644731521606,0.45758041739463806,0.4508094787597656,-0.028182953596115112,0.4575805366039276,2,0.09420289844274521
0.018847288563847542,7.913876665099906e-09,0.018885644152760506,0.030727602541446686,0.0,0.0,0.0,1.0,1.0,600,198080,20,15,1.8876681327819824,0.6784946637280821,0.00691100861877203,-0.004983592312783003,-0.003956420812755823,0.691100861877203,1.0,0.4565753936767578,-0.03224754333496094,0.45131364464759827,0.46071112155914307,-0.030683040618896484,0.45131370425224304,2,0.0
0.20615237951278687,7.913876665099906e-09,0.16930052638053894,0.2508096396923065,0.0,0.0,1.0,1.0,1.0,600,198112,13,15,0.5513564348220825,4.670128611504701,0.0058068083599209785,-0.008526756428182125,-0.006765458267182112,0.8526756428182125,1.0,0.43154191970825195,-0.04597330093383789,0.44850456714630127,0.4596071243286133,-0.03422677516937256,0.44850465655326843,2,0.0
0.39973416924476624,5.153095283816356e-09,0.39990946650505066,0.4014768600463867,0.0,0.0,1.0,1.0,1.0,600,198496,11,15,3.3315675258636475,0.08980322048562187,-0.004171162843704224,-0.009239189326763153,-0.0015379312681034207,0.9239189326763153,1.0,0.4490804672241211,-0.035143136978149414,0.4537321627140045,0.4496290683746338,-0.03493905067443848,0.4537321627140045,2,0.5789473652839661
0.06561864167451859,7.913875776921486e-09,0.0013704345328733325,0.07370074838399887,0.0,0.0,1.0,1.0,1.0,600,198624,9,15,-0.10404632985591888,4.144222401547114,-0.00940660946071148,-0.0003754886274691671,0.009265122003853321,0.9406609460711479,1.0,0.41943979263305664,-0.036385297775268555,0.4645351767539978,0.4443931579589844,-0.026075363159179688,0.4645352065563202,2,0.0
0.7021124958992004,7.945988755864164e-09,0.730022132396698,0.7622731924057007,0.0,0.0,1.0,1.0,1.0,600,200096,19,16,3.6264710426330566,1.847857307301821,0.00015520457236561924,-0.000406607985496521,-0.005866841413080692,0.5866841413080692,1.0,0.4427368640899658,-0.030480146408081055,0.4494031071662903,0.4539553225040436,-0.02610635757446289,0.4494032561779022,2,0.6753246784210205
0.020234446972608566,7.913875776921486e-09,0.0005262375925667584,0.05935807526111603,0.0,0.0,1.0,1.0,1.0,600,200224,10,16,0.7724332809448242,3.370816389607887,0.0030569846276193857,0.0015527367359027267,-0.0035888717975467443,0.35888717975467443,1.0,0.43650293350219727,-0.03239631652832031,0.4516811966896057,0.45685744285583496,-0.024146556854248047,0.4516812264919281,2,0.0
0.00013080127246212214,7.913876665099906e-09,0.0003135570150334388,0.02604985237121582,0.0,0.0,0.0,1.0,1.0,600,200320,12,16,1.223687767982483,1.4745820263536293,-0.00529988668859005,-0.007832263596355915,-0.006876366678625345,0.7832263596355915,1.0,0.43953680992126465,-0.03699341416358948,0.44839364290237427,0.448500394821167,-0.03353223204612732,0.44839373230934143,2,0.0
0.5907067060470581,7.913876665099906e-09,0.5907813310623169,0.5935878753662109,0.0,0.0,1.0,1.0,1.0,600,200384,3,16,3.573103189468384,0.16079814104965168,-0.008998249657452106,-0.00031453679548576474,-0.0026716776192188263,0.8998249657452106,1.0,0.4438199996948242,-0.02638077735900879,0.4525984227657318,0.44480133056640625,-0.02601468563079834,0.4525984227657318,2,0.30201342701911926
0.012350929901003838,7.913876665099906e-09,2.15796480915742e-05,0.0448739118874073,0.0,0.0,0.0,1.0,1.0,600,200384,15,16,1.1544498205184937,2.5698484299335425,0.006899986881762743,-0.006060637068003416,0.001735288300551474,0.6899986881762743,1.0,0.4451376795768738,-0.037941932678222656,0.4570053219795227,0.460700124502182,-0.031760215759277344,0.45700541138648987,2,0.0
0.42989814281463623,7.913871336029388e-09,0.42993244528770447,0.45126527547836304,0.0,0.0,1.0,1.0,1.0,600,200448,23,16,2.1669280529022217,1.2222745182482408,0.0043053156696259975,-0.0047660949639976025,0.009677564725279808,0.9677564725279808,1.0,0.45066893100738525,-0.03331875801086426,0.46494758129119873,0.4581054449081421,-0.030466198921203613,0.4649476706981659,2,0.09900990128517151
1.0005581378936768,1.0005581378936768,1.000641107559204,0.04894702136516571,1.0,1.0,0.0,0.0,0.0,266,200512,27,16,34.25540542602539,2.7997035054115122,0.003341633128002286,5.596288974629715e-05,-0.006109802518039942,0.6109802518039942,1.0,0.4402012825012207,-0.03241169452667236,0.44916021823883057,0.22234296798706055,-0.2961329221725464,0.44916021823883057,2,1.0
0.2634951174259186,7.913875776921486e-09,0.2635100185871124,0.2829461693763733,0.0,0.0,1.0,1.0,1.0,600,200544,1,16,1.9059438705444336,1.1136113311952156,-0.007578596007078886,-0.007435376290231943,0.006559050176292658,0.7578596007078886,1.0,0.43944311141967773,-0.035727739334106445,0.46182915568351746,0.44622087478637695,-0.033135175704956055,0.46182915568351746,2,0.0
0.0027753161266446114,7.913875776921486e-09,0.0027877537067979574,0.01833176426589489,0.0,0.0,0.0,1.0,1.0,600,200576,28,16,1.7513278722763062,0.890606722011357,0.002914189361035824,-0.006267314776778221,-0.0017765723168849945,0.6267314776778221,1.0,0.45128965377807617,-0.03403019905090332,0.45349347591400146,0.456714391708374,-0.03196728229522705,0.45349350571632385,2,0.0
8.284737123176455e-05,7.913876665099906e-09,0.00010538740752963349,0.040893036872148514,0.0,0.0,0.0,1.0,1.0,600,200608,0,16,1.1090450286865234,2.336961817681145,0.0012699433136731386,-0.00032688709325157106,0.0064116776920855045,0.6411677692085505,1.0,0.4409060478210449,-0.03161954879760742,0.46168166399002075,0.45506954193115234,-0.02602672576904297,0.4616817533969879,2,0.0
0.10752199590206146,7.913874000564647e-09,0.10696282237768173,0.1869453340768814,0.0,0.0,1.0,1.0,1.0,600,200640,26,16,0.2046399712562561,4.582661635880341,-0.008358033373951912,0.0063079106621444225,-0.0018860037671402097,0.8358033373951912,1.0,0.4178934097290039,-0.03089761734008789,0.45338404178619385,0.44544219970703125,-0.019392013549804688,0.45338407158851624,2,0.0
0.6172705888748169,7.922035472063271e-09,0.6176925897598267,0.6464634537696838,0.0,0.0,1.0,1.0,1.0,600,200832,18,16,3.5271551609039307,1.6484360606615471,-0.004527302924543619,0.004549777135252953,-0.0003878949210047722,0.45497771352529526,1.0,0.43925827741622925,-0.025034427642822266,0.4548821449279785,0.4492727816104889,-0.02115023136138916,0.4548821747303009,2,0.7482014298439026
0.7842040657997131,7.913872224207807e-09,0.7842751145362854,0.8126405477523804,0.0,0.0,1.0,1.0,1.0,600,203168,14,16,3.9586806297302246,1.6252233426021414,-0.0009720589150674641,0.005629818886518478,-0.004126897547394037,0.5629818886518478,1.0,0.44295382499694824,-0.023897886276245117,0.4511431157588959,0.45282816886901855,-0.02007007598876953,0.45114317536354065,2,0.6842105388641357
1.0060524940490723,1.0060524940490723,1.008401870727539,0.019129643216729164,1.0,1.0,0.0,0.0,0.0,292,207840,11,16,36.26285171508789,0.96143930552068,0.0059590102173388,0.005966933444142342,-0.005103096831589937,0.5966933444142342,1.0,0.4539048671722412,-0.02196359634399414,0.45016688108444214,0.22452926635742188,-0.29222726821899414,0.45016688108444214,2,1.0
0.03214196860790253,7.913876665099906e-09,0.0002616669225972146,0.03467686474323273,0.0,0.0,0.0,1.0,1.0,600,208064,4,16,0.9024222493171692,1.9718463716352972,-0.009976238943636417,-0.009114639833569527,0.0021833402570337057,0.9976238943636417,1.0,0.4318575859069824,-0.039494991302490234,0.4574533700942993,0.44382333755493164,-0.03481459617614746,0.4574534595012665,2,0.0
0.035056158900260925,7.913876665099906e-09,0.029615066945552826,0.09162688255310059,0.0,0.0,1.0,1.0,1.0,600,208608,24,16,0.6339187622070312,3.553015100812562,-0.002686446998268366,0.0059754010289907455,-0.007384879980236292,0.7384879980236292,1.0,0.42967307567596436,-0.028454065322875977,0.4478851556777954,0.45111382007598877,-0.01972484588623047,0.4478852450847626,2,0.0
0.6370601654052734,1.591275911039247e-08,0.6805914044380188,0.688054084777832,0.0,0.0,1.0,1.0,1.0,600,208768,29,16,3.91204833984375,0.4275916399512041,-0.003707696683704853,0.00943482480943203,-0.009437563829123974,0.9437563829123974,1.0,0.44748401641845703,-0.01724529266357422,0.4458325207233429,0.4500925540924072,-0.016265392303466797,0.4458325207233429,2,0.5950919985771179
1.0027121305465698,1.0027121305465698,1.0040743350982666,0.05030940845608711,1.0,1.0,1.0,0.0,0.0,265,208992,27,16,34.792930603027344,2.8044650010366574,0.005281547084450722,0.008742915466427803,-0.009590942412614822,0.9590942412614822,1.0,0.44211292266845703,-0.023736804723739624,0.44567906856536865,0.22411251068115234,-0.28823181986808777,0.44567906856536865,2,1.0
0.05713494122028351,7.913875776921486e-09,0.055608928203582764,0.1252984255552292,0.0,0.0,1.0,1.0,1.0,600,209472,5,16,0.5199060440063477,3.9929145015242913,-0.0001987091382034123,-0.00013401969044934958,-0.0024844848085194826,0.24844848085194826,1.0,0.42954492568969727,-0.0357365608215332,0.45278555154800415,0.4536008834838867,-0.025833606719970703,0.4527856409549713,2,0.0
0.5653649568557739,7.913877553278326e-09,0.5655016303062439,0.5739411115646362,0.0,0.0,1.0,1.0,1.0,600,210016,25,16,3.2856435775756836,0.48354868509804755,-0.00877608172595501,0.0028436107095330954,-0.005102273542433977,0.877608172595501,1.0,0.4420750141143799,-0.023965835571289062,0.4501677453517914,0.4450242519378662,-0.022855758666992188,0.45016780495643616,2,0.39259257912635803
0.03787471726536751,7.913873112386227e-09,0.0034135726746171713,0.08933170884847641,0.0,0.0,1.0,1.0,1.0,600,211200,7,16,0.03537314385175705,4.922747853712678,0.004567202180624008,0.0007792823016643524,-0.0018075088737532496,0.4567202180624008,1.0,0.42881250381469727,-0.03736722469329834,0.45346254110336304,0.45836687088012695,-0.024920672178268433,0.4534625709056854,2,0.0
9.711812163004652e-05,7.913868671494129e-09,0.00011018760415026918,0.02788671851158142,0.0,0.0,0.0,1.0,1.0,600,211200,8,16,0.9751185178756714,1.5914785795642818,-0.0010872832499444485,0.004018500447273254,0.0036179234739392996,0.40185004472732544,1.0,0.4430418014526367,-0.025426626205444336,0.45888787508010864,0.4527120590209961,-0.02168142795562744,0.4588880240917206,2,0.0
7.0653477450832725e-06,7.925816447595935e-09,1.6425006833742373e-05,0.006628894247114658,0.0,0.0,0.0,1.0,1.0,600,211200,17,16,1.277825951576233,0.37886704476389005,-0.0011086845770478249,0.006589273922145367,0.007132063154131174,0.7132063154131174,1.0,0.4503796696662903,-0.019977957010269165,0.4624021351337433,0.4526914060115814,-0.019110679626464844,0.4624021351337433,2,0.0
0.000588299531955272,7.913876665099906e-09,2.406789099040907e-05,0.041304584592580795,0.0,0.0,0.0,1.0,1.0,600,211200,30,16,1.3094146251678467,2.3651997407006817,0.004755788948386908,-0.004565530922263861,0.006781204603612423,0.6781204603612423,1.0,0.44422245025634766,-0.03592872619628906,0.4620512127876282,0.4585552215576172,-0.030265331268310547,0.46205130219459534,2,0.0
0.42477867007255554,7.913871336029388e-09,0.4248960018157959,0.47580358386039734,0.0,0.0,1.0,1.0,1.0,600,213792,21,16,1.7130305767059326,2.9167891694848094,0.007986300624907017,-0.0046535395085811615,0.003010333050042391,0.7986300624907017,1.0,0.4441448450088501,-0.03742170333862305,0.45828044414520264,0.4617863893508911,-0.030353307723999023,0.45828041434288025,2,0.02150537632405758
0.007668588310480118,7.913876665099906e-09,2.1227340766927227e-05,0.06133146584033966,0.0,0.0,1.0,1.0,1.0,600,215584,6,16,0.5051477551460266,3.5128181568865675,-0.00506272679194808,-0.008714399300515652,0.002541446825489402,0.8714399300515652,1.0,0.4275364875793457,-0.04303717613220215,0.45781153440475464,0.44873714447021484,-0.03441429138183594,0.457811564207077,2,0.0
0.04003195837140083,7.913876665099906e-09,1.4943783753551543e-05,0.04608173295855522,0.0,0.0,0.0,1.0,1.0,600,216672,31,16,0.6873269081115723,2.639433543423986,-0.0014130367198958993,-0.00129729846958071,0.007300298660993576,0.7300298660993576,1.0,0.43640708923339844,-0.033354997634887695,0.46257030963897705,0.45238637924194336,-0.026997089385986328,0.4625703990459442,2,0.0
0.7734028100967407,7.913876665099906e-09,0.7969597578048706,0.8141010999679565,0.0,0.0,1.0,1.0,1.0,600,216768,22,16,3.7006912231445312,0.9821177032328936,0.0071366955526173115,-0.004320639185607433,-0.001348700257949531,0.7136695552617311,1.0,0.45495665073394775,-0.03230026364326477,0.4539213478565216,0.46093690395355225,-0.030020594596862793,0.4539214074611664,2,0.2764706015586853
0.010701922699809074,7.913876665099906e-09,0.011028558015823364,0.027287298813462257,0.0,0.0,0.0,1.0,1.0,600,216928,16,16,1.5434460639953613,0.9315576547886973,0.004091417882591486,-0.0042848140001297,0.0010008001700043678,0.42848140001296997,1.0,0.4522184133529663,-0.03214430809020996,0.45627087354660034,0.4578915536403656,-0.029984712600708008,0.45627090334892273,2,0.0
0.7054005265235901,7.913876665099906e-09,0.706403911113739,0.7493187189102173,0.0,0.0,1.0,1.0,1.0,600,216960,2,16,2.900991439819336,2.4588301082773323,0.0065965778194367886,-0.003725679824128747,-0.000680223572999239,0.6596577819436789,1.0,0.44550132751464844,-0.03532499074935913,0.45458984375,0.46039628982543945,-0.02942565083503723,0.4545898735523224,2,0.2467532455921173
0.04106193408370018,7.913876665099906e-09,0.058985546231269836,0.13450102508068085,0.0,0.0,1.0,1.0,1.0,600,217280,20,16,1.0302340984344482,4.326716945320215,0.002324762986972928,0.006858308333903551,-0.008695699274539948,0.8695699274539948,1.0,0.430090069770813,-0.02964639663696289,0.446574330329895,0.4561249017715454,-0.018841266632080078,0.4465744197368622,2,0.0
0.07541212439537048,7.913875776921486e-09,1.3713223779632244e-05,0.08039507269859314,0.0,0.0,1.0,1.0,1.0,600,217312,13,16,-0.1786653846502304,4.605514168182735,0.0024006704334169626,0.0075046466663479805,-0.008767075836658478,0.8767075836658478,1.0,0.42851758003234863,-0.02976357936859131,0.4465029835700989,0.45620107650756836,-0.018195271492004395,0.44650301337242126,2,0.0
1.0025320053100586,1.0025320053100586,1.0037850141525269,0.026732997968792915,1.0,1.0,0.0,0.0,0.0,279,217696,29,16,35.70256805419922,1.459898507020277,0.009009347297251225,0.004749984014779329,0.004267305601388216,0.9009347297251225,1.0,0.453934907913208,-0.02437591552734375,0.4595372974872589,0.22785496711730957,-0.2921593189239502,0.4595373272895813,2,1.0
0.7968810200691223,7.913876665099906e-09,0.7969686985015869,0.8357570171356201,0.0,0.0,1.0,1.0,1.0,600,217824,9,16,3.878314256668091,2.2224018294968713,0.0024265528190881014,0.004456032998859882,0.0033439495600759983,0.44560329988598824,1.0,0.4427523612976074,-0.026548385620117188,0.45861393213272095,0.4562263488769531,-0.021244049072265625,0.4586140215396881,2,0.6399999856948853
1.0062662363052368,1.0062662363052368,1.0064549446105957,0.05742482468485832,1.0,1.0,1.0,0.0,0.0,264,217920,5,16,34.747711181640625,3.279391959689739,0.0068936580792069435,0.00880174059420824,-0.0019868239760398865,0.880174059420824,1.0,0.440885066986084,-0.024907588958740234,0.45328325033187866,0.2254471778869629,-0.2894706726074219,0.45328325033187866,2,1.0
0.4596875011920929,7.913876665099906e-09,0.4708920121192932,0.5130347609519958,0.0,0.0,1.0,1.0,1.0,600,219296,19,16,2.203153610229492,2.414603139297619,-0.004146656021475792,0.004253486171364784,-0.008584816008806229,0.8584816008806229,1.0,0.4350232183933258,-0.027234554290771484,0.44668513536453247,0.4496534764766693,-0.021446704864501953,0.4466852843761444,2,0.0810810774564743
0.06423404067754745,7.913875776921486e-09,0.0002248188975499943,0.07040984183549881,0.0,0.0,1.0,1.0,1.0,600,219424,10,16,0.09369738399982452,4.021307597904034,0.0014913975028321147,0.0030982880853116512,0.006603926420211792,0.6603926420211792,1.0,0.43106698989868164,-0.032579898834228516,0.46187394857406616,0.455291748046875,-0.02260112762451172,0.4618740379810333,2,0.0
0.0025590858422219753,7.913876665099906e-09,0.0001406313676852733,0.03814290836453438,0.0,0.0,0.0,1.0,1.0,600,219520,12,16,1.2963389158248901,2.177371032629212,0.005753038916736841,-0.0002336764009669423,0.003913424909114838,0.5753038916736841,1.0,0.4463496208190918,-0.031125366687774658,0.4591835141181946,0.45955348014831543,-0.025933653116226196,0.45918354392051697,2,0.0
0.05074779689311981,7.913868671494129e-09,0.000258127722190693,0.053030580282211304,0.0,0.0,1.0,1.0,1.0,600,219584,3,16,0.5398027896881104,3.0236397950868428,-0.002170965075492859,-0.008062856271862984,-0.0037311953492462635,0.8062856271862984,1.0,0.4333481788635254,-0.041107177734375,0.4515388607978821,0.4516286849975586,-0.03376281261444092,0.45153889060020447,2,0.0
1.652796709095128e-05,7.913876665099906e-09,2.6076748326886445e-05,0.01489230152219534,0.0,0.0,0.0,1.0,1.0,600,219584,15,16,1.158603310585022,0.8517724541856331,-0.0007423636270686984,0.002028456889092922,0.009655092842876911,0.9655092842876911,1.0,0.44786906242370605,-0.025642871856689453,0.46492519974708557,0.45305773615837097,-0.02367115020751953,0.46492519974708557,2,0.0
0.7189611792564392,7.913868671494129e-09,0.7191274166107178,0.7625481486320496,0.0,0.0,1.0,1.0,1.0,600,219648,23,16,3.27291202545166,2.487829383945914,0.003085174597799778,-8.758913463680074e-05,0.001198236714117229,0.3085174597799778,1.0,0.4418153762817383,-0.031760454177856445,0.45646828413009644,0.4568854570388794,-0.025787711143493652,0.4564683139324188,2,0.3048780560493469
2.2093868210504297e-06,7.913876665099906e-09,1.000573411147343e-05,0.037828657776117325,0.0,0.0,0.0,1.0,1.0,600,219744,1,16,0.7872953414916992,2.166849766543042,-0.005444873124361038,-0.00469965860247612,0.004344443324953318,0.5444873124361038,1.0,0.4352145195007324,-0.03556513786315918,0.45961451530456543,0.44835472106933594,-0.030399560928344727,0.4596145451068878,2,0.0
0.03717264533042908,7.913875776921486e-09,0.03449065983295441,0.0765569880604744,0.0,0.0,1.0,1.0,1.0,600,219776,28,16,0.6222074031829834,2.410223707379171,-0.008759702555835247,0.0018336415523663163,-0.009949764236807823,0.9949764236807823,1.0,0.4304368495941162,-0.029642701148986816,0.4453203082084656,0.4450407028198242,-0.02386629581451416,0.44532033801078796,2,0.0
0.6859635710716248,7.913875776921486e-09,0.6877046227455139,0.731137216091156,0.0,0.0,1.0,1.0,1.0,600,219808,0,16,3.0968682765960693,2.488509628098565,-0.0007450254634022713,0.0019615713972598314,0.004273040685802698,0.4273040685802698,1.0,0.43798065185546875,-0.029712677001953125,0.45954304933547974,0.45305442810058594,-0.02373790740966797,0.4595431387424469,2,0.30921053886413574
0.4147911071777344,7.913872224207807e-09,0.4148052930831909,0.43576475977897644,0.0,0.0,1.0,1.0,1.0,600,219840,26,16,2.5044267177581787,1.2008895161220483,-0.00793625321239233,-0.009362129494547844,0.0031423617620021105,0.9362129494547844,1.0,0.43855714797973633,-0.03786325454711914,0.4584123492240906,0.4458639621734619,-0.03506207466125488,0.45841243863105774,2,0.019607843831181526
0.7466117143630981,7.913868671494129e-09,0.7788257598876953,0.831840455532074,0.0,0.0,1.0,1.0,1.0,600,220032,18,16,2.900355815887451,3.037541577925346,0.009918290190398693,-0.009131007827818394,-0.0062385923229157925,0.9918290190398693,1.0,0.44535449147224426,-0.042211294174194336,0.4490314722061157,0.46371838450431824,-0.03483092784881592,0.4490315020084381,2,0.26708075404167175
1.002320647239685,1.002320647239685,1.0051263570785522,0.0262905340641737,1.0,1.0,0.0,0.0,0.0,294,220608,7,16,36.133445739746094,1.3455803502213042,0.008146493695676327,-0.00017338649195153266,-0.0007465327507816255,0.8146493695676327,1.0,0.4537630081176758,-0.029022514820098877,0.454523503780365,0.22700786590576172,-0.2970053255558014,0.45452356338500977,2,1.0
0.06189830228686333,7.913875776921486e-09,7.484378147637472e-05,0.06731265038251877,0.0,0.0,1.0,1.0,1.0,600,222368,14,16,0.20304255187511444,3.8524439772801626,-0.00539779756218195,0.0036257195752114058,0.0025082887150347233,0.539779756218195,1.0,0.42518091201782227,-0.03159928321838379,0.45777833461761475,0.44840264320373535,-0.022074222564697266,0.45777836441993713,2,0.0
1.0033982992172241,1.0033982992172241,1.003411054611206,0.04022335633635521,1.0,1.0,0.0,0.0,0.0,244,224736,16,16,33.543853759765625,2.3038996466734636,0.009815046563744545,0.005360669456422329,0.0008664397173561156,0.9815046563744545,1.0,0.44965019822120667,-0.025847911834716797,0.45613646507263184,0.22859209775924683,-0.29186439514160156,0.45613646507263184,2,1.0
1.0015223026275635,1.0015223026275635,1.0017669200897217,0.04193012788891792,1.0,1.0,0.0,0.0,0.0,270,225952,13,16,34.46268081665039,2.388400399207334,0.0013446774100884795,-0.0004794630513060838,-0.00620618462562561,0.620618462562561,1.0,0.4406721591949463,-0.03190112113952637,0.44906383752822876,0.22026968002319336,-0.2970200777053833,0.44906383752822876,2,1.0
0.6124099493026733,7.913875776921486e-09,0.6563820242881775,0.6715208292007446,0.0,0.0,1.0,1.0,1.0,600,227040,11,16,3.258678436279297,0.867396085025214,-0.0023492658510804176,0.008336524479091167,-0.0009417543769814074,0.8336524479091167,1.0,0.4461674690246582,-0.019371509552001953,0.4543282985687256,0.45145106315612793,-0.017363309860229492,0.454328328371048,2,0.23376622796058655
0.6865840554237366,7.913868671494129e-09,0.6870500445365906,0.7241194844245911,0.0,0.0,1.0,1.0,1.0,600,227264,4,16,2.9855449199676514,2.1239265099211546,0.004348081070929766,-0.007287499029189348,-0.0027692243456840515,0.7287499029189348,1.0,0.4452657699584961,-0.038045644760131836,0.45250076055526733,0.4581475257873535,-0.032987356185913086,0.4525008499622345,2,0.17880794405937195
0.06627266854047775,7.913876665099906e-09,0.016650673002004623,0.08679769188165665,0.0,0.0,1.0,1.0,1.0,600,227808,24,16,0.17330969870090485,4.019127486898331,-0.009180950932204723,-0.0021470114588737488,7.91430429671891e-05,0.9180950932204723,1.0,0.4204075336456299,-0.03781890869140625,0.45534926652908325,0.4446192979812622,-0.027846813201904297,0.45534923672676086,2,0.0
0.6257643699645996,7.913876665099906e-09,0.6674128174781799,0.6861844062805176,0.0,0.0,1.0,1.0,1.0,600,228192,27,16,3.2851998805999756,1.0755325996855714,-0.002581870649009943,0.006270568817853928,-0.005529954098165035,0.6270568817853928,1.0,0.4446711540222168,-0.021931201219558716,0.44974005222320557,0.4512183666229248,-0.019429385662078857,0.44974014163017273,2,0.40522876381874084
1.0043187141418457,1.0043187141418457,1.0329225063323975,0.07570742070674896,1.0,1.0,1.0,0.0,0.0,270,228224,3,16,34.87269592285156,2.698832283541002,-0.005396894179284573,0.007653730921447277,-0.0020924049895256758,0.7653730921447277,1.0,0.4320669174194336,-0.024555444717407227,0.4531775712966919,0.21330785751342773,-0.2899075746536255,0.45317763090133667,2,1.0
1.001059651374817,1.001059651374817,1.012033462524414,0.02219824492931366,1.0,1.0,0.0,0.0,0.0,279,228672,1,16,35.38492202758789,0.6431212740991448,0.008110838010907173,0.005604400299489498,0.009350338950753212,0.9350338950753212,1.0,0.4579906463623047,-0.021576404571533203,0.4646203815937042,0.22707271575927734,-0.2907674312591553,0.46462035179138184,2,1.0
1.0027515888214111,1.0027515888214111,1.004305362701416,0.03566514328122139,1.0,1.0,0.0,0.0,0.0,270,228672,18,16,34.83591842651367,1.9544323774595265,0.0005759107298217714,0.003618369810283184,-3.091203325311653e-05,0.3618369810283184,1.0,0.44251489639282227,-0.026718616485595703,0.45523911714553833,0.21940380334854126,-0.2933703660964966,0.4552391767501831,2,1.0
0.042479097843170166,7.913875776921486e-09,0.00032332961563952267,0.07868722081184387,0.0,0.0,1.0,1.0,1.0,600,229216,25,16,0.2348090410232544,4.489921327329908,0.007640154100954533,-0.008688622154295444,-0.005066693760454655,0.8688622154295444,1.0,0.43443989753723145,-0.0456395149230957,0.4502033591270447,0.4614405632019043,-0.034388065338134766,0.45020338892936707,2,0.0
0.07894182205200195,7.913876665099906e-09,0.03195935860276222,0.11594376713037491,0.0,0.0,1.0,1.0,1.0,600,230400,8,17,-0.18146014213562012,4.811953220751785,-0.008614610880613327,0.0002861415850929916,0.006628869567066431,0.8614610880613327,1.0,0.41628408432006836,-0.037552595138549805,0.4618989825248718,0.44518518447875977,-0.025413870811462402,0.46189895272254944,2,0.0
0.04623134434223175,7.913875776921486e-09,0.0002616601123008877,0.04823898896574974,0.0,0.0,0.0,1.0,1.0,600,230400,17,17,1.0795886516571045,2.7488999180347227,-0.007853060029447079,-0.006269854959100485,-0.0006164272199384868,0.7853060029447079,1.0,0.4293108284473419,-0.03860735893249512,0.4546535611152649,0.4459470808506012,-0.031969815492630005,0.45465365052223206,2,0.0
0.011489933356642723,7.913876665099906e-09,5.40599794476293e-05,0.045890938490629196,0.0,0.0,0.0,1.0,1.0,600,230400,30,17,1.0404341220855713,2.6262596026189127,-0.00032862910302355886,-0.003052202519029379,-0.004890413489192724,0.4890413489192724,1.0,0.43757104873657227,-0.03507661819458008,0.4503796696662903,0.45347118377685547,-0.028751850128173828,0.45037969946861267,2,0.0
0.09330426901578903,7.913867783315709e-09,0.10901649296283722,0.15727292001247406,0.0,0.0,1.0,1.0,1.0,600,232992,21,17,1.7353547811508179,2.764892165646073,-0.0004184244608040899,-0.0010472008725628257,-0.009372242726385593,0.9372242726385593,1.0,0.4366495609283447,-0.033425331115722656,0.44589781761169434,0.45338165760040283,-0.02674698829650879,0.4458978474140167,2,0.0
0.6660010814666748,7.913875776921486e-09,0.6662440299987793,0.6985989809036255,0.0,0.0,1.0,1.0,1.0,600,234784,6,17,3.018873453140259,1.8537980777758511,0.00509842811152339,-0.005024706944823265,0.003533582668751478,0.509842811152339,1.0,0.4476447105407715,-0.03511309623718262,0.45880359411239624,0.45889806747436523,-0.030724525451660156,0.4588036835193634,2,0.20805369317531586
0.39255136251449585,7.913875776921486e-09,0.39257025718688965,0.43848833441734314,0.0,0.0,1.0,1.0,1.0,600,235872,31,17,2.112192153930664,2.6309084001227525,-0.008139350451529026,-0.005835235118865967,0.00929805263876915,0.929805263876915,1.0,0.4297323226928711,-0.03787112236022949,0.4645680785179138,0.4456601142883301,-0.03153514862060547,0.464568167924881,2,0.0
0.6718182563781738,2.456276604334562e-08,0.6760774254798889,0.6820276975631714,0.0,0.0,1.0,1.0,1.0,600,235968,22,17,4.211820602416992,0.34092299604694204,-0.00924158375710249,0.0013026577653363347,-0.006947638001292944,0.924158375710249,1.0,0.4424780607223511,-0.025176972150802612,0.44832244515419006,0.4445585012435913,-0.024397283792495728,0.44832244515419006,2,0.7151898741722107
0.05081949755549431,7.913876665099906e-09,1.1614966751949396e-05,0.053398896008729935,0.0,0.0,1.0,1.0,1.0,600,236160,2,17,0.515764057636261,3.0588669226180065,-0.006402759812772274,-0.0066341315396130085,0.002981856232509017,0.6634131539613008,1.0,0.4289054870605469,-0.0397697389125824,0.4582518935203552,0.44739675521850586,-0.032334089279174805,0.4582519233226776,2,0.0
0.00357753224670887,7.913868671494129e-09,0.00035789585672318935,0.0037056892178952694,0.0,0.0,0.0,1.0,1.0,600,236480,20,17,1.4908267259597778,0.19181489718453906,-0.009298431687057018,0.008181335404515266,-0.008762003853917122,0.9298431687057018,1.0,0.4433305263519287,-0.017956256866455078,0.4465080797672272,0.44450175762176514,-0.017518043518066406,0.4465080797672272,2,0.0
0.5156655311584473,7.913876665099906e-09,0.51568603515625,0.5365135669708252,0.0,0.0,1.0,1.0,1.0,600,236896,29,17,2.7485909461975098,1.1933286034325499,-0.0039595807902514935,0.008945731446146965,0.00469402177259326,0.8945731446146965,1.0,0.4425797462463379,-0.01953744888305664,0.4599640965461731,0.449840784072876,-0.016754150390625,0.4599641263484955,2,0.26724138855934143
0.40520983934402466,7.913873112386227e-09,0.4055720269680023,0.47347667813301086,0.0,0.0,1.0,1.0,1.0,600,237024,9,17,1.5122240781784058,3.8906499210630985,0.003551906207576394,-0.00690073799341917,-0.0031374720856547356,0.690073799341917,1.0,0.43390321731567383,-0.04222822189331055,0.45213258266448975,0.4573516845703125,-0.03260064125061035,0.45213261246681213,2,0.0
0.042868293821811676,7.913875776921486e-09,0.00010375038255006075,0.04926375299692154,0.0,0.0,0.0,1.0,1.0,600,237120,5,17,0.47811755537986755,2.816661797903596,-0.007847875356674194,0.003968806937336922,0.004804032854735851,0.7847875356674194,1.0,0.4289097785949707,-0.028542518615722656,0.4600740671157837,0.4459514617919922,-0.021730899810791016,0.46007415652275085,2,0.0
1.003975510597229,1.003975510597229,1.0106161832809448,0.012915284372866154,1.0,1.0,0.0,0.0,0.0,276,238048,25,17,35.40875244140625,0.3595135703485267,0.0074348412454128265,2.7685500754159875e-05,0.007728565484285355,0.7728565484285355,1.0,0.4590413570404053,-0.026494503021240234,0.4629986882209778,0.2261667251586914,-0.2974081039428711,0.46299856901168823,2,1.0
0.073094941675663,7.913875776921486e-09,0.03272020071744919,0.11793053150177002,0.0,0.0,1.0,1.0,1.0,600,238496,19,17,-0.606133759021759,4.882192324855257,-0.0029239377472549677,-0.006207807920873165,-0.009036142379045486,0.9036142379045486,1.0,0.4215601980686188,-0.04424118995666504,0.446233868598938,0.4508761465549469,-0.03190755844116211,0.44623395800590515,2,0.0
8.520040864823386e-06,7.913875776921486e-09,1.6562376913498156e-05,0.04382474347949028,0.0,0.0,0.0,1.0,1.0,600,238624,10,17,0.6455888748168945,2.5100249374275165,-0.006548152305185795,0.0012175042647868395,0.009126564487814903,0.9126564487814903,1.0,0.4320485591888428,-0.03051137924194336,0.464396595954895,0.4472520351409912,-0.024481773376464844,0.4643966853618622,2,0.0
0.7095244526863098,7.913875776921486e-09,0.7329167723655701,0.8010390400886536,0.0,0.0,1.0,1.0,1.0,600,238720,12,17,2.0931203365325928,3.9031218464875415,0.009849493391811848,-0.008674334734678268,-0.0038764216005802155,0.9849493391811848,1.0,0.4401266574859619,-0.04403519630432129,0.45139360427856445,0.4636497497558594,-0.03437426686286926,0.4513936936855316,2,0.15646257996559143
0.254877507686615,7.913876665099906e-09,0.2820056080818176,0.34143227338790894,0.0,0.0,1.0,1.0,1.0,600,238784,15,17,1.3418970108032227,3.4048926302639035,-0.0017204447649419308,-0.00033905167947523296,-0.006152764428406954,0.6152764428406954,1.0,0.43152186274528503,-0.0343780517578125,0.4491172432899475,0.4520796835422516,-0.026038646697998047,0.4491173326969147,2,0.01886792480945587
0.64909827709198,7.913867783315709e-09,0.649270236492157,0.6813368201255798,0.0,0.0,1.0,1.0,1.0,600,238848,23,17,3.337674617767334,1.8372722216355937,0.0022260250989347696,0.0034491021651774645,-0.00014084888971410692,0.34491021651774645,1.0,0.44487154483795166,-0.026598453521728516,0.4551292061805725,0.45602619647979736,-0.022250771522521973,0.4551292359828949,2,0.3708609342575073
0.657477855682373,7.913876665099906e-09,0.657694935798645,0.6913443803787231,0.0,0.0,1.0,1.0,1.0,600,238976,28,17,3.473444700241089,1.9279745724924242,0.0035852708388119936,0.009764201939105988,0.0034836342092603445,0.9764201939105988,1.0,0.44568395614624023,-0.020507335662841797,0.4587535858154297,0.4573855400085449,-0.015935778617858887,0.4587537348270416,2,0.6778523325920105
0.0685274749994278,7.913875776921486e-09,1.7475693312007934e-05,0.07397646456956863,0.0,0.0,1.0,1.0,1.0,600,239008,0,17,0.03707391396164894,4.23753815353512,-0.000979852513410151,0.005311885382980108,-0.005620503332465887,0.5620503332465887,1.0,0.42731332778930664,-0.030950546264648438,0.4496495723724365,0.45281982421875,-0.020387649536132812,0.4496496021747589,2,0.0
0.0017724063945934176,7.913876665099906e-09,0.0017832799348980188,0.005992748774588108,0.0,0.0,0.0,1.0,1.0,600,239040,26,17,1.6530464887619019,0.24118510533097795,9.203349327435717e-05,0.008703452534973621,0.005893646273761988,0.8703452534973621,1.0,0.4524199962615967,-0.017546892166137695,0.4611636698246002,0.45389246940612793,-0.016996383666992188,0.461163729429245,2,0.0
0.7351175546646118,7.919065403427794e-09,0.7353630661964417,0.771575391292572,0.0,0.0,1.0,1.0,1.0,600,239808,7,17,3.446042776107788,2.074814888467824,0.008423838764429092,0.006563941482454538,-0.0005556645337492228,0.8423838764429092,1.0,0.44963741302490234,-0.02407205104827881,0.454714298248291,0.46222352981567383,-0.019136011600494385,0.45471444725990295,2,0.7548387050628662
0.002109578810632229,7.913875776921486e-09,0.0033030768390744925,0.050586722791194916,0.0,0.0,1.0,1.0,1.0,600,241568,14,18,0.7941491007804871,2.709154406924184,0.007942089810967445,0.006329252850264311,-0.00736201973631978,0.7942089810967445,1.0,0.4453442096710205,-0.025906801223754883,0.44790804386138916,0.4617424011230469,-0.01937103271484375,0.44790807366371155,2,0.0
7.583904789498774e-06,7.913876665099906e-09,1.8515336705604568e-05,0.03637794777750969,0.0,0.0,0.0,1.0,1.0,600,243936,16,18,0.8035328984260559,2.083242915016797,-0.009658999741077423,-0.0016918291803449392,0.0014742984203621745,0.9658999741077423,1.0,0.43150395154953003,-0.0323486328125,0.45674431324005127,0.44414111971855164,-0.027391672134399414,0.45674440264701843,2,0.0
1.0025666952133179,1.0025666952133179,1.002578854560852,0.043345268815755844,1.0,1.0,0.0,0.0,0.0,237,244480,29,18,33.58309555053711,2.482805566367958,0.009478609077632427,0.0059869675897061825,-0.0010667842580005527,0.9478609077632427,1.0,0.4482388496398926,-0.025673389434814453,0.4542032480239868,0.22832107543945312,-0.29093480110168457,0.4542033076286316,2,1.0
0.00027520174626260996,7.913875776921486e-09,0.0003908550424966961,0.024116838350892067,0.0,0.0,0.0,1.0,1.0,600,245152,13,18,1.5104321241378784,1.3593992102944152,-0.008109659887850285,-0.006382706109434366,-0.007481659762561321,0.8109659887850285,1.0,0.4374239444732666,-0.035265207290649414,0.44778838753700256,0.4456906318664551,-0.03208267688751221,0.44778844714164734,2,0.0
0.6832417249679565,7.913876665099906e-09,0.6833847761154175,0.7168431282043457,0.0,0.0,1.0,1.0,1.0,600,246240,11,18,3.093400716781616,1.9170272733567748,0.0011683275224640965,-0.00046551175182685256,0.004074879456311464,0.40748794563114643,1.0,0.4433329105377197,-0.03070974349975586,0.4593448042869568,0.4549686908721924,-0.026165246963500977,0.4593449532985687,2,0.2152777761220932
0.0017468607984483242,7.913876665099906e-09,4.497899135458283e-05,0.04085628315806389,0.0,0.0,0.0,1.0,1.0,600,246464,4,18,1.0198922157287598,2.3383159026841,-0.004774115979671478,0.00432725390419364,-0.004806024022400379,0.4806024022400379,1.0,0.43485403060913086,-0.02696824073791504,0.45046401023864746,0.44902563095092773,-0.02137279510498047,0.4504640996456146,2,0.0
0.06678783148527145,7.913876665099906e-09,0.027650514617562294,0.10672333091497421,0.0,0.0,1.0,1.0,1.0,600,247008,24,18,-0.5127937197685242,4.530538754776682,-0.005363853182643652,-0.0071498616598546505,-0.006468839477747679,0.714986165985465,1.0,0.4211956262588501,-0.04421210289001465,0.4488011598587036,0.4484363794326782,-0.032849788665771484,0.4488012492656708,2,0.0
1.0050030946731567,1.0050030946731567,1.0315160751342773,0.028977522626519203,1.0,1.0,0.0,0.0,0.0,268,247072,19,18,35.3143310546875,0.1412114930473691,-0.006937424652278423,0.0028339861892163754,-0.007189476862549782,0.7189476862549782,1.0,0.44600051641464233,-0.023187637329101562,0.4480806291103363,0.21171414852142334,-0.29497742652893066,0.4480805993080139,2,1.0
0.013227497227489948,7.913875776921486e-09,0.013530312106013298,0.044371262192726135,0.0,0.0,0.0,1.0,1.0,600,247392,27,18,1.5574897527694702,1.7670559559771586,0.006952526513487101,-0.006589563563466072,-0.004142779391258955,0.6952526513487101,1.0,0.45002150535583496,-0.0364646315574646,0.45112723112106323,0.4607527256011963,-0.0322895348072052,0.4511273205280304,2,0.0
8.884637281880714e-06,7.913876665099906e-09,1.7157559341285378e-05,0.02725806273519993,0.0,0.0,0.0,1.0,1.0,600,247424,3,18,0.9840564131736755,1.5607889387978278,-0.007349532563239336,-0.0065000043250620365,0.0035346478689461946,0.7349532563239336,1.0,0.4369659423828125,-0.03587055206298828,0.4588046967983246,0.44645023345947266,-0.032199978828430176,0.45880475640296936,2,0.0
9.780220352695324e-06,7.913874888743067e-09,2.0138011677772738e-05,0.026655474677681923,0.0,0.0,0.0,1.0,1.0,600,247872,1,18,1.3315547704696655,1.5260927517529266,-0.0032623326405882835,-0.0012680963845923543,-0.006043614819645882,0.6043614819645882,1.0,0.44126224517822266,-0.03055429458618164,0.449226438999176,0.45053720474243164,-0.026968002319335938,0.4492264688014984,2,0.0
0.017851458862423897,7.913875776921486e-09,0.00021108776854816824,0.056655850261449814,0.0,0.0,1.0,1.0,1.0,600,247872,18,18,0.7963902354240417,3.234046547233436,0.008358635939657688,0.00034340788261033595,0.002314056269824505,0.8358635939657688,1.0,0.44262054562568665,-0.033247947692871094,0.4575841426849365,0.46215876936912537,-0.025356650352478027,0.4575841724872589,2,0.0
1.0040342807769775,1.0040342807769775,1.0082086324691772,0.01600913144648075,1.0,1.0,0.0,0.0,0.0,280,247936,28,18,35.407203674316406,0.678087467059673,0.003822595812380314,0.002202999545261264,0.0026699809823185205,0.3822595812380314,1.0,0.4534900188446045,-0.025059819221496582,0.45794007182121277,0.2225499153137207,-0.2952539920806885,0.4579400420188904,2,1.0
0.003943711519241333,7.913876665099906e-09,0.0011329756816849113,0.038741353899240494,0.0,0.0,0.0,1.0,1.0,600,249600,8,18,0.6359432935714722,2.154802593507609,0.0021650795824825764,0.0004347878566477448,-0.0008475082577206194,0.21650795824825764,1.0,0.44289684295654297,-0.030400395393371582,0.4544225335121155,0.4559645652770996,-0.025265097618103027,0.45442256331443787,2,0.0
0.03216151148080826,7.913876665099906e-09,0.022863121703267097,0.1028614342212677,0.0,0.0,1.0,1.0,1.0,600,249600,17,18,0.2378942221403122,4.5835653552848985,-0.003687809454277158,0.0056500984355807304,0.003740370273590088,0.565009843558073,1.0,0.4225585162639618,-0.031557828187942505,0.45901036262512207,0.45011231303215027,-0.020049840211868286,0.45901045203208923,2,0.0
0.03418498486280441,7.913875776921486e-09,0.04643993824720383,0.10941563546657562,0.0,0.0,1.0,1.0,1.0,600,249600,30,18,0.7168002724647522,3.608242516337404,-0.00374755822122097,-0.008094449527561665,0.005452816840261221,0.8094449527561665,1.0,0.4282832145690918,-0.04266977310180664,0.4607229232788086,0.45005226135253906,-0.03379392623901367,0.4607228934764862,2,0.0
0.6982906460762024,7.920138322958792e-09,0.6989419460296631,0.7334601283073425,0.0,0.0,1.0,1.0,1.0,600,252192,21,18,3.0708606243133545,1.977747655078188,0.005393946077674627,-0.00045335281174629927,-0.0007959568174555898,0.5393946077674627,1.0,0.4471924304962158,-0.030848026275634766,0.45447415113449097,0.4591940641403198,-0.026153087615966797,0.4544741213321686,2,0.30718955397605896
1.000982642173767,1.000982642173767,1.0010225772857666,0.025257930159568787,1.0,1.0,0.0,0.0,0.0,275,252736,16,18,35.49379348754883,1.4448809487478287,0.0013260151026770473,0.007971353828907013,-0.005101592745631933,0.7971353828907013,1.0,0.44634193181991577,-0.0211179256439209,0.4501684606075287,0.22029364109039307,-0.288372278213501,0.4501684308052063,2,1.0
0.026662515476346016,7.913875776921486e-09,0.026679787784814835,0.05619443580508232,0.0,0.0,1.0,1.0,1.0,600,253984,6,18,1.3944581747055054,1.6910661527576527,0.00023645980400033295,-0.006442500744014978,0.00012074911501258612,0.6442500744014978,1.0,0.44376468658447266,-0.03613090515136719,0.4553908109664917,0.45403623580932617,-0.03214240074157715,0.4553908407688141,2,0.0
1.0050365924835205,1.0050365924835205,1.005059838294983,0.005948533769696951,1.0,1.0,0.0,0.0,0.0,278,254048,13,18,36.0816650390625,0.3394944993346309,0.0060138097032904625,0.008718322962522507,-0.0052765435539186,0.8718322962522507,1.0,0.45774221420288086,-0.01775801181793213,0.4499935507774353,0.22466278076171875,-0.2891049385070801,0.44999343156814575,2,1.0
0.6450451016426086,7.920443856335169e-09,0.6452252864837646,0.6599720120429993,0.0,0.0,1.0,1.0,1.0,600,255072,31,18,3.6671974658966064,0.8449318062884537,-0.007966330274939537,0.0017997672548517585,-0.004676010459661484,0.7966330274939537,1.0,0.4406862258911133,-0.025854825973510742,0.450594037771225,0.4458332061767578,-0.02390003204345703,0.45059409737586975,2,0.6853147149085999
0.05423561856150627,7.913875776921486e-09,0.0002888656163122505,0.057890042662620544,0.0,0.0,1.0,1.0,1.0,600,255168,22,18,0.3100893795490265,3.3003042913810257,-0.003886787686496973,-0.007958488538861275,0.006149045657366514,0.7958488538861275,1.0,0.4299795627593994,-0.041722893714904785,0.46141916513442993,0.4499133825302124,-0.03365844488143921,0.46141913533210754,2,0.0
0.6049707531929016,7.913876665099906e-09,0.6050270795822144,0.6416586637496948,0.0,0.0,1.0,1.0,1.0,600,255360,2,18,2.5503246784210205,2.0988390116562865,0.00020815175957977772,-0.009704457595944405,0.00418110890313983,0.9704457595944405,1.0,0.44127702713012695,-0.04040026664733887,0.4594510793685913,0.454007625579834,-0.03540441393852234,0.45945122838020325,2,0.0
0.03794024884700775,7.913876665099906e-09,0.01914851926267147,0.08021645247936249,0.0,0.0,1.0,1.0,1.0,600,255680,20,18,0.8077704906463623,3.4989345167380472,0.007963729090988636,-0.003814897732809186,-0.008703107945621014,0.8703107945621014,1.0,0.44064557552337646,-0.0381011962890625,0.44656693935394287,0.46176397800445557,-0.029514312744140625,0.44656696915626526,2,0.0
1.0058566331863403,1.0058566331863403,1.0092313289642334,0.012489580549299717,1.0,1.0,0.0,0.0,0.0,273,255808,19,18,35.329410552978516,0.5222417067461698,-0.002095499774441123,-0.0006662606028839946,-0.005222048610448837,0.5222048610448837,1.0,0.44851964712142944,-0.027565479278564453,0.4500479996204376,0.21648967266082764,-0.29878854751586914,0.45004802942276,2,1.0
0.8361371159553528,7.913868671494129e-09,0.9517843127250671,1.0107494592666626,0.0,0.0,1.0,1.0,1.0,600,256224,9,18,1.985417366027832,3.3784446436937334,-0.003559962147846818,-0.0092595424503088,-0.0077217561192810535,0.92595424503088,1.0,0.429840087890625,-0.0432283878326416,0.4475482702255249,0.4502396583557129,-0.03495931625366211,0.44754835963249207,2,0.0
0.0033646831288933754,7.913875776921486e-09,0.0033740822691470385,0.04381648078560829,0.0,0.0,0.0,1.0,1.0,600,256320,5,18,0.8605141043663025,2.3171792419672608,0.008232801221311092,0.008876406587660313,-0.00899436790496111,0.8994367904961109,1.0,0.44798803329467773,-0.022366046905517578,0.44627565145492554,0.4620323181152344,-0.016823291778564453,0.4462757408618927,2,0.0
1.0047410726547241,1.0047410726547241,1.005844235420227,0.03335875645279884,1.0,1.0,0.0,0.0,0.0,280,256896,28,18,34.49651336669922,1.8481085301972304,0.007837018929421902,-0.004722933750599623,0.0013951676664873958,0.7837018929421902,1.0,0.45041704177856445,-0.0347973108291626,0.4566652178764343,0.22650909423828125,-0.30243825912475586,0.45666515827178955,2,0.7869822382926941
0.14036202430725098,7.913876665099906e-09,0.06784584373235703,0.1493777632713318,0.0,0.0,1.0,1.0,1.0,600,257248,25,18,-0.1461954414844513,4.671434458296643,-0.009437274187803268,-0.0016388335498049855,-0.005170177202671766,0.9437274187803268,1.0,0.416290283203125,-0.03908824920654297,0.4500998258590698,0.4443631172180176,-0.027338504791259766,0.450099915266037,2,0.0
0.033948689699172974,7.913875776921486e-09,0.00027246453100815415,0.03573830425739288,0.0,0.0,0.0,1.0,1.0,600,257824,10,18,0.936897337436676,2.03204360355497,0.0005584635073319077,0.009439594112336636,-0.007740638218820095,0.9439594112336636,1.0,0.4420299530029297,-0.021089553833007812,0.4475293755531311,0.4543588161468506,-0.01625967025756836,0.44752946496009827,2,0.0
0.10380316525697708,7.913875776921486e-09,0.13005252182483673,0.20794707536697388,0.0,0.0,1.0,1.0,1.0,600,257920,12,18,0.8514500260353088,4.463030445680745,-0.001038961810991168,-0.004371287301182747,0.0077522993087768555,0.7752299308776855,1.0,0.4259200096130371,-0.04124853014945984,0.4630223512649536,0.4527614116668701,-0.030071228742599487,0.463022381067276,2,0.0
0.00024288921849802136,7.913875776921486e-09,0.00025677672238089144,0.017188871279358864,0.0,0.0,0.0,1.0,1.0,600,257984,15,18,1.179604172706604,0.9701379783155144,-0.00836513377726078,-0.001512089162133634,0.00304211862385273,0.836513377726078,1.0,0.4395275413990021,-0.02946329116821289,0.45831215381622314,0.44543495774269104,-0.027211666107177734,0.4583122432231903,2,0.0
0.07915817946195602,7.913875776921486e-09,0.026068193838000298,0.1117267981171608,0.0,0.0,1.0,1.0,1.0,600,258048,23,18,-0.41811516880989075,4.907876824342267,0.006349538452923298,-0.00849128793925047,-0.0042646718211472034,0.8491287939250469,1.0,0.4306824207305908,-0.046596527099609375,0.4510052800178528,0.4601496458053589,-0.034191250801086426,0.4510054290294647,2,0.0
0.07307593524456024,7.913870447850968e-09,7.203138920885976e-06,0.08064278960227966,0.0,0.0,1.0,1.0,1.0,600,258208,0,18,-0.22130493819713593,4.62007997347461,0.0019211702747270465,0.00228601205162704,0.00931720994412899,0.931720994412899,1.0,0.4279518127441406,-0.03502225875854492,0.46458733081817627,0.4557209014892578,-0.023413658142089844,0.4645873010158539,2,0.0
0.7007346153259277,7.913876665099906e-09,0.703116238117218,0.753571093082428,0.0,0.0,1.0,1.0,1.0,600,258240,26,18,2.8440122604370117,2.890848751347336,0.0033210723195225,0.006325940601527691,-0.0007270969799719751,0.6325940601527691,1.0,0.4396350383758545,-0.026375532150268555,0.45454293489456177,0.4571213722229004,-0.01937389373779297,0.45454302430152893,2,0.27586206793785095
0.05727154761552811,7.913876665099906e-09,0.04033423215150833,0.12370418757200241,0.0,0.0,1.0,1.0,1.0,600,259008,7,18,0.07484444230794907,4.7767470106749546,-0.0003299009695183486,0.007570948451757431,-0.0018482471350580454,0.7570948451757431,1.0,0.4247751235961914,-0.03016999363899231,0.45342177152633667,0.45346975326538086,-0.018129020929336548,0.45342186093330383,2,0.0
0.561450719833374,7.913871336029388e-09,0.5616390705108643,0.6033870577812195,0.0,0.0,1.0,1.0,1.0,600,260768,14,19,2.449767827987671,2.3920161305992096,0.0021419909317046404,-0.008380750194191933,0.004808320198208094,0.8380750194191933,1.0,0.44144773483276367,-0.03981137275695801,0.4600783586502075,0.45594239234924316,-0.03408050537109375,0.4600783884525299,2,0.015384615398943424
1.00508451461792,1.00508451461792,1.008758306503296,0.029414454475045204,1.0,1.0,0.0,0.0,0.0,279,262912,6,19,35.773193359375,1.4748313282583347,0.00984958466142416,0.005895917769521475,-0.0028806831687688828,0.984958466142416,1.0,0.4546847343444824,-0.023265600204467773,0.45238927006721497,0.22849464416503906,-0.2919449806213379,0.4523894190788269,2,1.0
1.003582239151001,1.003582239151001,1.0044410228729248,0.008883454836905003,1.0,1.0,0.0,0.0,0.0,280,263008,13,19,35.53767395019531,0.4597812276119899,0.0072446358390152454,0.005575633607804775,0.008007652126252651,0.8007652126252651,1.0,0.458240270614624,-0.021178603172302246,0.4632777273654938,0.22600722312927246,-0.2917165756225586,0.4632776975631714,2,1.0
1.0047475099563599,1.0047475099563599,1.022845983505249,0.07711566984653473,1.0,1.0,1.0,0.0,0.0,262,263456,31,19,34.59409713745117,3.3814281557005597,0.005622541066259146,0.006384685169905424,-0.006074009463191032,0.6384685169905424,1.0,0.43900489807128906,-0.02759265899658203,0.4491960406303406,0.22429370880126953,-0.2913331985473633,0.449195921421051,2,1.0
0.9235237836837769,7.913876665099906e-09,0.9249661564826965,0.9711714386940002,0.0,0.0,1.0,1.0,1.0,600,263680,29,19,3.9847824573516846,2.6473507998890886,0.003073421772569418,0.004214632324874401,0.004585466347634792,0.45854663476347923,1.0,0.44084644317626953,-0.027863264083862305,0.45985549688339233,0.45687365531921387,-0.021485328674316406,0.4598555862903595,2,0.640625
1.0007661581039429,1.0007661581039429,1.0346910953521729,0.07635112851858139,1.0,1.0,1.0,0.0,0.0,263,264736,5,19,34.76213836669922,2.430845756030732,-0.0016697600949555635,0.0049234600737690926,-0.008380889892578125,0.8380889892578125,1.0,0.43740224838256836,-0.02660512924194336,0.44688916206359863,0.2173147201538086,-0.29134130477905273,0.44688910245895386,2,1.0
0.0771552249789238,7.913875776921486e-09,3.377963730599731e-05,0.08151799440383911,0.0,0.0,1.0,1.0,1.0,600,265440,11,19,-0.2505517601966858,4.668701955741815,0.009889540262520313,-0.0016879118047654629,0.006771361920982599,0.9889540262520313,1.0,0.43563318252563477,-0.039130210876464844,0.46204137802124023,0.46368980407714844,-0.02738785743713379,0.4620414674282074,2,0.0
8.947161404648796e-06,7.913873112386227e-09,1.7057129298336804e-05,0.026538696140050888,0.0,0.0,0.0,1.0,1.0,600,265664,4,19,1.0125718116760254,1.5195786722754385,-0.009370328858494759,-0.006919896230101585,-0.0014404936227947474,0.9370328858494759,1.0,0.4351944923400879,-0.03619027137756348,0.4538295567035675,0.4444293975830078,-0.03261971473693848,0.4538296163082123,2,0.0
0.7293000221252441,7.853347305797342e-09,0.7298408150672913,0.7311696410179138,0.0,0.0,1.0,1.0,1.0,600,266208,24,19,4.6042656898498535,0.07613466459489086,-0.006577674299478531,-0.0030561357270926237,-0.006583978421986103,0.6583978421986103,1.0,0.446757435798645,-0.02892923355102539,0.4486860930919647,0.44722259044647217,-0.028755903244018555,0.4486860930919647,2,0.7100591659545898
0.69620680809021,7.937278390102165e-09,0.6969848871231079,0.7427353262901306,0.0,0.0,1.0,1.0,1.0,600,266592,27,19,2.9709692001342773,2.621306434810184,0.005421649664640427,0.007155944127589464,0.0062402584590017796,0.7155944127589464,1.0,0.44335079193115234,-0.02485567331314087,0.4615103006362915,0.45922207832336426,-0.018543988466262817,0.4615103304386139,2,0.443708598613739
0.05454915016889572,7.913876665099906e-09,1.4792110050620977e-05,0.05855174735188484,0.0,0.0,1.0,1.0,1.0,600,266624,3,19,0.35247310996055603,3.353920422591979,-0.005750718060880899,-0.003314379835501313,0.00546887144446373,0.5750718060880899,1.0,0.4277949333190918,-0.03721928596496582,0.4607389569282532,0.44804906845092773,-0.0290144681930542,0.46073898673057556,2,0.0
0.03474234789609909,7.913876665099906e-09,0.03497772291302681,0.0684763640165329,0.0,0.0,1.0,1.0,1.0,600,267072,1,19,1.518086552619934,1.9193322487582425,0.008033828809857368,-0.0031317146494984627,-0.006805115845054388,0.8033828809857368,1.0,0.45018434524536133,-0.03338170051574707,0.44846493005752563,0.46183347702026367,-0.02883148193359375,0.448464959859848,2,0.0
0.673105776309967,7.913875776921486e-09,0.673424243927002,0.7012381553649902,0.0,0.0,1.0,1.0,1.0,600,267072,18,19,3.618757963180542,1.5936194169822577,0.00329068792052567,0.006267097312957048,-0.0008869936573319137,0.6267097312957048,1.0,0.44740742444992065,-0.023183584213256836,0.4543830454349518,0.457090824842453,-0.019432902336120605,0.45438310503959656,2,0.7171052694320679
0.017855968326330185,7.913872224207807e-09,0.003305362071841955,0.06608318537473679,0.0,0.0,1.0,1.0,1.0,600,268800,8,19,0.7383871674537659,3.5969052560888293,-0.006013525649905205,-0.006427126470953226,-0.0030035285744816065,0.6427126470953226,1.0,0.4260849952697754,-0.040972232818603516,0.45226651430130005,0.4477863311767578,-0.0321272611618042,0.45226654410362244,2,0.0
0.045784495770931244,7.913875776921486e-09,0.00014814117457717657,0.05097910389304161,0.0,0.0,1.0,1.0,1.0,600,268800,17,19,0.4948787987232208,2.91239991916943,-0.004298609681427479,0.0025208282750099897,0.004600918386131525,0.4600918386131525,1.0,0.4318861961364746,-0.030236124992370605,0.45987099409103394,0.44950148463249207,-0.02317914366722107,0.4598710238933563,2,0.0
0.6142594814300537,7.913875776921486e-09,0.6474091410636902,0.6829922199249268,0.0,0.0,1.0,1.0,1.0,600,268800,30,19,3.1463990211486816,2.0387572526222693,-0.004030310083180666,0.0067124394699931145,-0.0017388422274962068,0.6712439469993114,1.0,0.43740081787109375,-0.023833751678466797,0.4535311460494995,0.4497694969177246,-0.018987178802490234,0.4535312354564667,2,0.4513888955116272
0.695252537727356,1.7725241150401416e-06,0.7106656432151794,0.735230028629303,0.0,0.0,1.0,1.0,1.0,600,271392,21,20,3.4884543418884277,1.4075575934717057,-0.0014238328440114856,0.0006219865172170103,0.0062350379303097725,0.6235037930309772,1.0,0.4438180923461914,-0.02837681770324707,0.46150505542755127,0.4523756504058838,-0.02507805824279785,0.46150514483451843,2,0.3670886158943176
0.012245915830135345,7.913876665099906e-09,1.5216701285680756e-05,0.045441124588251114,0.0,0.0,0.0,1.0,1.0,600,271936,16,20,0.8178656101226807,2.602713806115763,-0.0030402091797441244,0.0024870799388736486,-0.008960176259279251,0.8960176259279251,1.0,0.43500033020973206,-0.02947711944580078,0.44630980491638184,0.4507599174976349,-0.023212909698486328,0.446309894323349,2,0.0
1.0001991987228394,1.0001991987228394,1.0004091262817383,0.027708875015378,1.0,1.0,0.0,0.0,0.0,256,272928,5,20,34.88515090942383,1.5755736303082608,0.0009831018978729844,0.00636599725112319,-0.0015484881587326527,0.636599725112319,1.0,0.4452085494995117,-0.023040771484375,0.4537216126918793,0.22001314163208008,-0.2896914482116699,0.4537215232849121,2,1.0
0.3445364534854889,7.913871336029388e-09,0.3448539972305298,0.4068194627761841,0.0,0.0,1.0,1.0,1.0,600,274368,22,20,1.5617494583129883,3.550358157225427,-0.0016489529516547918,-0.0032209157943725586,0.003057879628613591,0.32209157943725586,1.0,0.4307265281677246,-0.0376429557800293,0.4583279490470886,0.45215117931365967,-0.028920859098434448,0.458327978849411,2,0.0
1.005347728729248,1.005347728729248,1.0083703994750977,0.01799866557121277,1.0,1.0,0.0,0.0,0.0,277,274528,4,20,35.85985565185547,0.8580697285178261,0.005578784737735987,0.0013187476433813572,-0.0051144687458872795,0.5578784737735987,1.0,0.45415210723876953,-0.0263674259185791,0.4501555562019348,0.22420310974121094,-0.2966184616088867,0.45015549659729004,2,1.0
0.5125558972358704,7.945137880938091e-09,0.5128140449523926,0.5540266036987305,0.0,0.0,1.0,1.0,1.0,600,274560,2,20,2.356306314468384,2.361295433816373,0.006060730200260878,-0.0011245755013078451,-0.002550356788560748,0.6060730200260878,1.0,0.44555091857910156,-0.032477766275405884,0.45271962881088257,0.45986032485961914,-0.026824533939361572,0.45271971821784973,2,0.25
0.017683017998933792,7.913876665099906e-09,1.868792787718121e-05,0.053160008043050766,0.0,0.0,1.0,1.0,1.0,600,274880,20,20,0.8238937258720398,3.044774107926155,0.009081645868718624,0.002860670443624258,0.0013934143353253603,0.9081645868718624,1.0,0.4444746971130371,-0.03023815155029297,0.45666348934173584,0.4628819227218628,-0.022838592529296875,0.4566635191440582,2,0.0
1.00168776512146,1.00168776512146,1.0017664432525635,0.03594891354441643,1.0,1.0,0.0,0.0,0.0,271,274880,24,20,34.56690216064453,2.055218435408823,0.0007753937388770282,0.002377281663939357,0.0016862339107319713,0.23772816639393568,1.0,0.4421072006225586,-0.028209924697875977,0.45695626735687256,0.2196873426437378,-0.2942235469818115,0.45695626735687256,2,0.9938650131225586
1.0033544301986694,1.0033544301986694,1.0405405759811401,0.08690935373306274,1.0,1.0,1.0,0.0,0.0,260,274912,27,20,34.55425262451172,2.8489318804109676,0.006969176232814789,0.0005815525073558092,-0.0019214096246287227,0.6969176232814789,1.0,0.44353413581848145,-0.032012104988098145,0.45334869623184204,0.22574973106384277,-0.29662764072418213,0.45334863662719727,2,1.0
0.00017638895951677114,7.913876665099906e-09,0.00020483625121414661,0.025018179789185524,0.0,0.0,0.0,1.0,1.0,600,275008,19,20,1.2717721462249756,1.4217001404784517,0.0034579073544591665,-0.0005942777497693896,0.004508595913648605,0.45085959136486053,1.0,0.4486141800880432,-0.029627323150634766,0.45977866649627686,0.457258015871048,-0.026294231414794922,0.45977869629859924,2,0.0
0.08944924920797348,7.915826216731148e-08,0.08968497812747955,0.12093939632177353,0.0,0.0,1.0,1.0,1.0,600,275424,9,20,1.7978581190109253,1.7907496687645212,0.002757261972874403,0.003630207385867834,0.001534807961434126,0.3630207385867834,1.0,0.44568347930908203,-0.02630329132080078,0.45680487155914307,0.4565567970275879,-0.022069931030273438,0.45680490136146545,2,0.25
0.06205768138170242,7.913875776921486e-09,0.0006367575260810554,0.06624096632003784,0.0,0.0,1.0,1.0,1.0,600,276096,28,20,-0.10072323679924011,3.7588439186679543,-0.009715644642710686,-0.006098870653659105,0.0056961337104439735,0.9715644642710686,1.0,0.4214193820953369,-0.041074275970458984,0.4609661102294922,0.44408464431762695,-0.03179895877838135,0.4609662592411041,2,0.0
0.32817262411117554,7.913868671494129e-09,0.32818761467933655,0.351310670375824,0.0,0.0,1.0,1.0,1.0,600,276448,25,20,1.8244954347610474,1.3248667343461826,0.0036287191323935986,-0.008254431188106537,0.00898922048509121,0.8989220485091209,1.0,0.449371337890625,-0.03705406188964844,0.46425920724868774,0.4574291706085205,-0.03395414352416992,0.4642592966556549,2,0.02631578966975212
0.4997767210006714,7.913870447850968e-09,0.49985867738723755,0.5174905061721802,0.0,0.0,1.0,1.0,1.0,600,277024,10,20,2.5164663791656494,1.010225425771377,-0.001367066870443523,-0.007680398412048817,0.004729872569441795,0.7680398412048817,1.0,0.44628238677978516,-0.03572654724121094,0.45999985933303833,0.45243334770202637,-0.03338003158569336,0.4599999487400055,2,0.09243697673082352
0.6521021723747253,7.913876665099906e-09,0.6526297926902771,0.7023718953132629,0.0,0.0,1.0,1.0,1.0,600,277120,12,20,3.2588212490081787,2.850009342752537,-0.005049119237810373,-0.001484295236878097,-0.0028312222566455603,0.5049119237810373,1.0,0.43150925636291504,-0.0340808629989624,0.4524388313293457,0.44875121116638184,-0.027184247970581055,0.4524388611316681,2,0.6944444179534912
0.0016207945300266147,7.913875776921486e-09,0.002058120444417,0.016053367406129837,0.0,0.0,0.0,1.0,1.0,600,277184,15,20,1.8827753067016602,0.8018690110362571,-0.007737013977020979,-0.006432469468563795,0.006824014242738485,0.7737013977020979,1.0,0.4411775767803192,-0.03398609161376953,0.46209412813186646,0.4460630714893341,-0.03213214874267578,0.46209409832954407,2,0.0
5.518682428373722e-06,7.913868671494129e-09,1.3408697668637615e-05,0.02268736995756626,0.0,0.0,0.0,1.0,1.0,600,277248,23,20,1.0496315956115723,1.2991227908690526,-0.009466300718486309,-0.007543298415839672,-0.0002044413995463401,0.9466300718486309,1.0,0.43643200397491455,-0.03628051280975342,0.4550655782222748,0.44433391094207764,-0.03324329853057861,0.45506563782691956,2,0.0
0.7812439203262329,7.775433630285988e-09,0.7814493179321289,0.8038215637207031,0.0,0.0,1.0,1.0,1.0,600,277408,0,20,4.279748439788818,1.281833767810752,-0.009190257638692856,0.00110570655670017,-0.007273358292877674,0.9190257638692856,1.0,0.4368124008178711,-0.027589797973632812,0.44799670577049255,0.4446091651916504,-0.024593830108642578,0.44799676537513733,2,0.6783625483512878
0.003977653104811907,7.9060180624424e-09,0.004564006347209215,0.045177947729825974,0.0,0.0,0.0,1.0,1.0,600,277440,26,20,0.8678224682807922,2.327007884182909,0.007667249534279108,0.0049001858569681644,-0.0037342971190810204,0.7667249534279108,1.0,0.44736337661743164,-0.026366710662841797,0.45153576135635376,0.4614675045013428,-0.020799636840820312,0.45153579115867615,2,0.0
1.0047342777252197,1.0047342777252197,1.0324556827545166,0.029125848785042763,1.0,1.0,0.0,0.0,0.0,287,277984,17,20,36.38437271118164,0.08046643193149378,0.0051768505945801735,-0.002897770842537284,0.0007872015121392906,0.5176850594580173,1.0,0.45848533511161804,-0.02878066897392273,0.45605725049972534,0.22384917736053467,-0.3006107211112976,0.45605725049972534,2,0.9567567706108093
0.62042236328125,7.913875776921486e-09,0.6205317974090576,0.6411623358726501,0.0,0.0,1.0,1.0,1.0,600,278208,7,20,3.209559202194214,1.1820424628810444,-0.005895959213376045,-0.0007138532237149775,0.0031701039988547564,0.5895959213376045,1.0,0.44071149826049805,-0.02917000651359558,0.45844021439552307,0.4479036331176758,-0.026413828134536743,0.45844021439552307,2,0.3287671208381653
0.807426929473877,7.913871336029388e-09,0.8100064396858215,0.8609780073165894,0.0,0.0,1.0,1.0,1.0,600,279968,14,20,3.0770442485809326,2.9204531390876984,0.009804598055779934,0.0033558683935552835,0.0018352962797507644,0.9804598055779934,1.0,0.4459414482116699,-0.02942204475402832,0.4571053385734558,0.4636049270629883,-0.022344112396240234,0.4571053683757782,2,0.23255814611911774
0.06533022224903107,7.913876665099906e-09,1.6895723092602566e-05,0.07485564053058624,0.0,0.0,1.0,1.0,1.0,600,282112,6,21,-0.18081404268741608,4.287944095836169,-0.0025154431350529194,0.00829855352640152,0.009963415563106537,0.9963415563106537,1.0,0.4254794120788574,-0.02810072898864746,0.4652334451675415,0.45128440856933594,-0.017401456832885742,0.46523353457450867,2,0.0
9.314078852185048e-06,7.913876665099906e-09,1.762276042427402e-05,0.044655587524175644,0.0,0.0,0.0,1.0,1.0,600,282208,13,21,0.4571473300457001,2.5575668960322133,-0.009347723796963692,0.003254918847233057,0.0007828332600183785,0.9347723796963692,1.0,0.42896389961242676,-0.0285947322845459,0.45605289936065674,0.44445252418518066,-0.022445082664489746,0.4560529291629791,2,0.0
0.06938832998275757,7.913876665099906e-09,0.0026869955472648144,0.08533580601215363,0.0,0.0,1.0,1.0,1.0,600,282656,31,21,-0.44078367948532104,4.735427781290962,-0.0028336280956864357,-0.005352530162781477,-0.007266493514180183,0.7266493514180183,1.0,0.422515869140625,-0.04297924041748047,0.44800353050231934,0.45096588134765625,-0.031052350997924805,0.4480036199092865,2,0.0
0.003917268943041563,7.913875776921486e-09,0.00021988133084960282,0.035158246755599976,0.0,0.0,0.0,1.0,1.0,600,282880,29,21,1.2045376300811768,2.0018215105815442,-0.009516210295259953,-0.009425287134945393,-0.009832940995693207,0.9832940995693207,1.0,0.43213748931884766,-0.039879798889160156,0.44543707370758057,0.44428420066833496,-0.0351252555847168,0.44543716311454773,2,0.0
0.33678439259529114,7.913868671494129e-09,0.344673216342926,0.36724743247032166,0.0,0.0,1.0,1.0,1.0,600,284640,11,21,2.4554147720336914,1.293405388925223,-0.007098828908056021,-0.008843493647873402,0.004426954779773951,0.8843493647873402,1.0,0.43883419036865234,-0.0375666618347168,0.4596969783306122,0.4467015266418457,-0.03454327583312988,0.45969703793525696,2,0.012500000186264515
0.2602126896381378,7.913875776921486e-09,0.2617502808570862,0.3236253261566162,0.0,0.0,1.0,1.0,1.0,600,285824,3,21,0.8174458742141724,3.5451723360980947,0.0029611268546432257,-0.008218927308917046,-0.005169848911464214,0.8218927308917046,1.0,0.43536806106567383,-0.04262721538543701,0.45010024309158325,0.45676088333129883,-0.03391897678375244,0.45010027289390564,2,0.0
1.0686090945455362e-06,7.913874000564647e-09,8.698766578163486e-06,0.016589675098657608,0.0,0.0,0.0,1.0,1.0,600,286272,1,21,1.174667239189148,0.9500207233322997,-0.003635469591245055,-0.005072090309113264,-0.0033751600421965122,0.5072090309113264,1.0,0.4443788528442383,-0.03297543525695801,0.4518948197364807,0.4501643180847168,-0.030771970748901367,0.4518949091434479,2,0.0
0.006620338186621666,7.913875776921486e-09,0.0005072586936876178,0.0768929049372673,0.0,0.0,1.0,1.0,1.0,600,286272,18,21,0.1870102435350418,4.3765747649403695,-0.005662148352712393,0.001858643488958478,0.007443608716130257,0.7443608716130257,1.0,0.42180806398391724,-0.03478217124938965,0.46271371841430664,0.44813796877861023,-0.023841261863708496,0.46271368861198425,2,0.0
0.07635950297117233,7.913876665099906e-09,0.01964559778571129,0.10128364711999893,0.0,0.0,1.0,1.0,1.0,600,288000,8,21,-0.20233465731143951,4.677514607318424,-0.0013247283641248941,-0.0020173799712210894,0.00916895642876625,0.9168956428766251,1.0,0.42436742782592773,-0.03948414325714111,0.4644390344619751,0.45247507095336914,-0.0277174711227417,0.4644390642642975,2,0.0
0.3783133327960968,7.913868671494129e-09,0.37832406163215637,0.43811628222465515,0.0,0.0,1.0,1.0,1.0,600,288000,30,21,1.1366654634475708,3.4258442355429177,0.007996832020580769,-0.008875957690179348,0.0057737636379897594,0.8875957690179348,1.0,0.4411139488220215,-0.04297018051147461,0.4610437750816345,0.46179628372192383,-0.034575462341308594,0.4610438644886017,2,0.0
0.5649331212043762,7.913875776921486e-09,0.5649701356887817,0.5844085812568665,0.0,0.0,1.0,1.0,1.0,600,290592,21,22,2.9565536975860596,1.1137363023126856,-0.006575572770088911,0.0032721771858632565,0.00032759594614617527,0.6575572770088911,1.0,0.44044601917266846,-0.025020599365234375,0.4555976688861847,0.447224497795105,-0.022427797317504883,0.4555976688861847,2,0.27819550037384033
0.05654078349471092,7.913876665099906e-09,0.056778326630592346,0.07161137461662292,0.0,0.0,1.0,1.0,1.0,600,291136,16,22,1.6116224527359009,0.8498717939665184,-0.006487666163593531,0.005808430723845959,-0.002504648407921195,0.6487666163593531,1.0,0.4421353340148926,-0.02185821533203125,0.45276543498039246,0.44731244444847107,-0.01989150047302246,0.45276543498039246,2,0.1111111119389534
0.004602004773914814,7.913876665099906e-09,0.004625613801181316,0.07775666564702988,0.0,0.0,1.0,1.0,1.0,600,292128,5,22,0.22992603480815887,4.190102489749382,-0.009206125512719154,-0.0044189696200191975,0.009688914753496647,0.9688914753496647,1.0,0.41936779022216797,-0.04055309295654297,0.46495896577835083,0.4445934295654297,-0.030118465423583984,0.4649589955806732,2,0.0
0.36426740884780884,7.913867783315709e-09,0.4018002152442932,0.41493716835975647,0.0,0.0,1.0,1.0,1.0,600,293568,22,22,2.1175873279571533,0.7526969850974544,-0.002946964232251048,-0.007862372323870659,-0.0012666700640693307,0.7862372323870659,1.0,0.44626641273498535,-0.035300225019454956,0.4540034234523773,0.45085322856903076,-0.03356233239173889,0.4540034234523773,2,0.0
0.7537373304367065,7.913876665099906e-09,0.7877392768859863,0.8008841276168823,0.0,0.0,1.0,1.0,1.0,600,293728,4,22,3.6077351570129395,0.7531372654946558,0.00439482182264328,-0.004580652341246605,0.0015891267685219646,0.4580652341246605,1.0,0.45360565185546875,-0.032019615173339844,0.45685920119285583,0.4581942558288574,-0.030280590057373047,0.45685920119285583,2,0.21052631735801697
0.03596816211938858,7.913875776921486e-09,0.020705370232462883,0.08174575865268707,0.0,0.0,1.0,1.0,1.0,600,293760,2,22,1.0021332502365112,3.4973563161529513,0.009842528030276299,0.004364293534308672,-0.006451290566474199,0.9842528030276299,1.0,0.4425334930419922,-0.029917746782302856,0.44881880283355713,0.4636421203613281,-0.0213356614112854,0.4488188326358795,2,0.0
0.044678643345832825,7.913873112386227e-09,0.044745784252882004,0.1253410428762436,0.0,0.0,1.0,1.0,1.0,600,294080,20,22,0.2816413938999176,4.61776923510103,0.007745211478322744,0.007908091880381107,0.0012796060182154179,0.7908091880381107,1.0,0.4337894916534424,-0.02939319610595703,0.45654964447021484,0.46154534816741943,-0.017791271209716797,0.45654967427253723,2,0.0
7.448174528690288e-06,7.913876665099906e-09,2.1818364984937944e-05,0.023647136986255646,0.0,0.0,0.0,1.0,1.0,600,294080,24,22,0.899598240852356,1.3536318625922799,-0.009750745259225368,0.0029146892484277487,-0.0048004998825490475,0.9750745259225368,1.0,0.4358177185058594,-0.025954008102416992,0.4504695534706116,0.4440494775772095,-0.022785186767578125,0.45046958327293396,2,0.0
0.32347869873046875,7.913867783315709e-09,0.323499858379364,0.35351696610450745,0.0,0.0,1.0,1.0,1.0,600,294112,27,22,1.7597051858901978,1.719866392444952,0.004681688267737627,-0.007567431777715683,-0.003616027068346739,0.7567431777715683,1.0,0.44803619384765625,-0.03732657432556152,0.45165395736694336,0.458482027053833,-0.03326740860939026,0.4516540467739105,2,0.0
0.07155913859605789,7.913875776921486e-09,0.059886250644922256,0.13738630712032318,0.0,0.0,1.0,1.0,1.0,600,294208,19,22,-0.0750088319182396,4.4404276421698805,-0.003747740527614951,-0.0019006929360330105,0.009008524939417839,0.9008524939417839,1.0,0.42334482073783875,-0.03871583938598633,0.46427857875823975,0.4500523507595062,-0.027600526809692383,0.46427860856056213,2,0.0
1.0044124126434326,1.0044124126434326,1.0348548889160156,0.0783061608672142,1.0,1.0,1.0,0.0,0.0,270,294464,3,22,34.65614318847656,2.7423898939820543,0.0015727917198091745,0.00973507296293974,-0.0030043881852179766,0.9735072962939739,1.0,0.43877553939819336,-0.022585630416870117,0.4522656202316284,0.22027063369750977,-0.2878601551055908,0.4522656798362732,2,1.0
0.0019478591857478023,7.913876665099906e-09,0.0031764733139425516,0.013590159825980663,0.0,0.0,0.0,1.0,1.0,600,294624,9,22,1.8238797187805176,0.5966605664565726,0.00017331809794995934,-0.009957456029951572,-0.006562800612300634,0.9957456029951572,1.0,0.4503355026245117,-0.03703022003173828,0.4487071931362152,0.45397281646728516,-0.035657405853271484,0.44870731234550476,2,0.0
0.0019045558292418718,7.913876665099906e-09,0.0019134796457365155,0.03004153072834015,0.0,0.0,0.0,1.0,1.0,600,295296,28,22,0.9282119870185852,1.6116194200444742,-0.004108487628400326,0.0027228533290326595,0.004043918568640947,0.4108487628400326,1.0,0.4398994445800781,-0.0267716646194458,0.45931386947631836,0.4496917724609375,-0.022977232933044434,0.4593140184879303,2,0.0
0.668438732624054,7.913876665099906e-09,0.7082718014717102,0.7371680736541748,0.0,0.0,1.0,1.0,1.0,600,295648,25,22,2.8183512687683105,1.6556267557536897,0.00019446971418801695,-0.0005285536171868443,0.003944624215364456,0.3944624215364456,1.0,0.443936824798584,-0.030130386352539062,0.4592146873474121,0.4539947509765625,-0.026227951049804688,0.4592147171497345,2,0.1986754983663559
0.6011106371879578,7.071478957954014e-09,0.6013502478599548,0.622269868850708,0.0,0.0,1.0,1.0,1.0,600,296224,10,22,3.432999610900879,1.1986139959113762,-0.006765160709619522,0.0032153890933841467,-0.007442479953169823,0.7442479953169823,1.0,0.439741849899292,-0.025280475616455078,0.44782754778862,0.4470350742340088,-0.022484302520751953,0.44782760739326477,2,0.633093535900116
0.6595639586448669,7.913876665099906e-09,0.6608450412750244,0.6755770444869995,0.0,0.0,1.0,1.0,1.0,600,296320,12,22,3.1799533367156982,0.8440785128898781,0.0017859362997114658,-0.0036414056085050106,0.005811415147036314,0.5811415147036314,1.0,0.45044422149658203,-0.03129434585571289,0.46108144521713257,0.45558619499206543,-0.02934136986732483,0.46108153462409973,2,0.2628205120563507
8.344464731635526e-06,7.913876665099906e-09,1.6354379113181494e-05,0.021668069064617157,0.0,0.0,0.0,1.0,1.0,600,296384,15,22,1.0508121252059937,1.2405525313540182,-0.0036640437319874763,-0.0028961331117898226,0.00975840538740158,0.9758405387401581,1.0,0.4425889849662781,-0.03149271011352539,0.46502843499183655,0.45013609528541565,-0.028595924377441406,0.4650284945964813,2,0.0
0.8585807681083679,7.913876665099906e-09,0.858712911605835,0.9187586307525635,0.0,0.0,1.0,1.0,1.0,600,296448,23,22,3.4741344451904297,3.4403519842268477,0.0071404180489480495,0.005968817044049501,0.007373656611889601,0.7373656611889601,1.0,0.44017136096954346,-0.02816295623779297,0.46264374256134033,0.46094048023223877,-0.01973116397857666,0.4626437723636627,2,0.6610169410705566
1.0056294202804565,1.0056294202804565,1.0057179927825928,0.06521078199148178,1.0,1.0,1.0,0.0,0.0,268,296576,8,22,33.88957595825195,3.7312298907404156,0.006554609630256891,0.008033006452023983,0.006257751025259495,0.8033006452023983,1.0,0.4378533363342285,-0.026868581771850586,0.4615277647972107,0.2251572608947754,-0.2900066375732422,0.46152782440185547,2,0.9259259104728699
0.026053497567772865,7.913876665099906e-09,0.006286619696766138,0.07459830492734909,0.0,0.0,1.0,1.0,1.0,600,296608,0,22,0.4588492214679718,3.9139703213236374,0.0029962556436657906,0.0030082385055720806,-0.0029854695312678814,0.30082385055720806,1.0,0.43320798873901367,-0.032381534576416016,0.4522845149040222,0.45679569244384766,-0.02269124984741211,0.4522846043109894,2,0.0
0.592150092124939,1.3007927179842227e-08,0.595950722694397,0.6217943429946899,0.0,0.0,1.0,1.0,1.0,600,296640,26,22,3.128749370574951,1.4807426435415691,-0.003920325543731451,0.005194759927690029,0.0044197444804012775,0.5194759927690029,1.0,0.44087886810302734,-0.023981571197509766,0.459689736366272,0.44987988471984863,-0.020505189895629883,0.45968982577323914,2,0.5185185074806213
0.4895758628845215,0.4895758628845215,0.5121685266494751,0.10077030956745148,0.44628794564625185,0.0,1.0,0.0,1.0,600,297184,17,22,11.256990432739258,4.479250437412233,-0.0072885905392467976,-0.009575868025422096,-0.005256686359643936,0.9575868025422096,1.0,0.4195742607116699,-0.04649743437767029,0.45001333951950073,0.29719412326812744,-0.13752210140228271,0.45001333951950073,2,0.0
0.07691086083650589,7.913876665099906e-09,0.0002607367350719869,0.0790376290678978,0.0,0.0,1.0,1.0,1.0,600,297408,7,22,-0.1380119025707245,4.513583237048948,0.0008462597616016865,-0.007834731601178646,0.00633656233549118,0.7834731601178646,1.0,0.4275059700012207,-0.044850558042526245,0.46160662174224854,0.45464611053466797,-0.03353467583656311,0.4616066515445709,2,0.0
0.6317021250724792,7.913876665099906e-09,0.6317086219787598,0.6480555534362793,0.0,0.0,1.0,1.0,1.0,600,299168,14,22,3.7775352001190186,0.9366110342791548,-0.004438687115907669,0.004410421941429377,-0.008244680240750313,0.8244680240750313,1.0,0.44365739822387695,-0.02346181869506836,0.447025328874588,0.44936156272888184,-0.021289825439453125,0.4470253884792328,2,0.7074829936027527
