max_angle,final_angle,cumulative_increase,regression_amount,progress,success,regression_event,stalled,lost_contact,episode_steps,env_steps,env_index,policy_version,return_value,initial_angle_deg,offset_x_m,offset_y_m,offset_z_m,offset_linf_cm,friction_scale,initial_handle_x_m,initial_handle_y_m,initial_handle_z_m,final_handle_x_m,final_handle_y_m,final_handle_z_m,curriculum_level,contact_stability
1.0006943941116333,1.0006943941116333,1.0007331371307373,0.047996483743190765,1.0,1.0,0.0,0.0,0.0,242,7744,2,0,33.329551696777344,2.747776778803079,-0.0019246689043939114,0.0028575952164828777,-0.00039495641249231994,0.2857595216482878,1.0,0.43524599075317383,-0.029476940631866455,0.454875111579895,0.21706533432006836,-0.29338082671165466,0.45487505197525024,2,1.0
1.0050301551818848,1.0050301551818848,1.0061516761779785,0.02537228912115097,1.0,1.0,0.0,0.0,0.0,265,8480,5,0,35.15837860107422,1.3894646358037535,0.008821075782179832,-0.002166556194424629,0.0071186283603310585,0.8821075782179832,1.0,0.45417165756225586,-0.03112173080444336,0.46238866448402405,0.22747039794921875,-0.29998779296875,0.46238869428634644,2,1.0
1.0015287399291992,1.0015287399291992,1.00242280960083,0.009504005312919617,1.0,1.0,0.0,0.0,0.0,274,8768,7,0,35.64801025390625,0.493316229137136,0.005697946064174175,-0.0022878102026879787,0.004077548161149025,0.5697946064174175,1.0,0.45648908615112305,-0.02911996841430664,0.45934751629829407,0.2246227264404297,-0.2988307476043701,0.45934760570526123,2,1.0
1.0039105415344238,1.0039105415344238,1.0472819805145264,0.07998145371675491,1.0,1.0,1.0,0.0,0.0,281,8992,9,0,35.261474609375,2.097596344114167,-0.004138841759413481,0.0027841872069984674,0.0071836113929748535,0.7183611392974854,1.0,0.4369378089904785,-0.0279085636138916,0.46245360374450684,0.2145977020263672,-0.294628381729126,0.4624536633491516,2,1.0
1.000449776649475,1.000449776649475,1.0162968635559082,0.08873853832483292,1.0,1.0,1.0,0.0,0.0,283,9056,26,0,32.77561950683594,4.176364418007548,0.009374112822115421,-0.00848524272441864,0.001101369154639542,0.9374112822115421,1.0,0.4380300045013428,-0.04458189010620117,0.4563714265823364,0.22838425636291504,-0.30463457107543945,0.45637136697769165,2,0.25827813148498535
1.0020582675933838,1.0020582675933838,1.0036051273345947,0.049424659460783005,1.0,1.0,0.0,0.0,0.0,284,9088,8,0,34.2922248840332,2.7431999117289356,-0.007166056428104639,0.008384332060813904,0.0021964265033602715,0.8384332060813904,1.0,0.43003177642822266,-0.023938417434692383,0.4574664235115051,0.2117161750793457,-0.28835177421569824,0.4574664831161499,2,1.0
1.004331111907959,1.004331111907959,1.0073691606521606,0.06937894225120544,1.0,1.0,1.0,0.0,0.0,284,9088,30,0,34.8427734375,3.801051499530871,0.00873752310872078,0.0003268688451498747,-0.0008140748250298202,0.8737523108720779,1.0,0.4396214485168457,-0.03476142883300781,0.4544559121131897,0.22744131088256836,-0.2972393035888672,0.4544559121131897,2,1.0
1.0007953643798828,1.0007953643798828,1.0011067390441895,0.07409048825502396,1.0,1.0,1.0,0.0,0.0,292,9344,22,0,34.45095443725586,4.227233105624864,0.003857336239889264,0.00533460546284914,0.006037991959601641,0.6037991959601641,1.0,0.4322117567062378,-0.03089997172355652,0.46130800247192383,0.2228395938873291,-0.2909405827522278,0.4613080620765686,2,1.0
1.002152919769287,1.002152919769287,1.0025339126586914,0.0038382471539080143,1.0,1.0,0.0,0.0,0.0,292,9344,31,0,36.169654846191406,0.19808214269676788,-0.0010912393918260932,-0.0031719165854156017,-0.008555222302675247,0.8555222302675247,1.0,0.45149898529052734,-0.029323339462280273,0.4467149078845978,0.21778345108032227,-0.2999424934387207,0.4467148780822754,2,1.0
1.0015305280685425,1.0015305280685425,1.0183063745498657,0.02400975301861763,1.0,1.0,0.0,0.0,0.0,296,9472,15,0,36.28903579711914,0.41447079319475666,0.005900861695408821,-0.0011319222394376993,-0.0022748534101992846,0.5900861695408821,1.0,0.45717257261276245,-0.02778148651123047,0.45299527049064636,0.22482502460479736,-0.29767560958862305,0.4529951810836792,2,1.0
1.0003997087478638,1.0003997087478638,1.001072883605957,0.020871227607131004,1.0,1.0,0.0,0.0,0.0,327,10464,14,1,36.7210807800293,1.1572681928226445,0.0014675151323899627,-6.658044003415853e-05,0.0002944827720057219,0.14675151323899627,1.0,0.4482252597808838,-0.028463363647460938,0.45556455850601196,0.22048163414001465,-0.29619741439819336,0.4555644989013672,2,1.0
1.0053365230560303,1.0053365230560303,1.0058287382125854,0.06976527720689774,1.0,1.0,1.0,1.0,0.0,342,10944,27,1,36.16864013671875,3.969060919621668,0.009975503198802471,0.004187851678580046,-0.009673533961176872,0.9975503198802471,1.0,0.43986082077026367,-0.03134980797767639,0.44559651613235474,0.22860097885131836,-0.2937450408935547,0.44559651613235474,2,1.0
1.0049011707305908,1.0049011707305908,1.0163508653640747,0.04101772606372833,1.0,1.0,0.0,0.0,0.0,278,17664,7,1,35.46776580810547,1.6941332278601058,0.0006531047984026372,0.0008643561159260571,-0.005386816803365946,0.5386816803365946,1.0,0.44416284561157227,-0.028831779956817627,0.44988319277763367,0.21931219100952148,-0.29690948128700256,0.4498831629753113,2,1.0
1.001160979270935,1.001160979270935,1.0013107061386108,0.003037756774574518,1.0,1.0,0.0,0.0,0.0,233,17920,14,1,34.25029754638672,0.16547013718428585,0.0034747286699712276,-0.00366623024456203,0.00020435338956303895,0.366623024456203,1.0,0.4562644958496094,-0.029742956161499023,0.4554744064807892,0.222428560256958,-0.30007481575012207,0.4554743766784668,2,0.9886363744735718
1.000014066696167,1.000014066696167,1.003248691558838,0.030804404988884926,1.0,1.0,0.0,0.0,0.0,277,18336,15,1,35.315826416015625,1.579633537439599,-0.005558754317462444,-0.0005171009106561542,-0.00663169426843524,0.663169426843524,1.0,0.4386424720287323,-0.029933452606201172,0.448638379573822,0.21348601579666138,-0.2965073585510254,0.448638379573822,2,1.0
1.0052506923675537,1.0052506923675537,1.0055251121520996,0.026592500507831573,1.0,1.0,0.0,1.0,0.0,341,18656,2,1,36.451316833496094,1.5079154839374072,-0.005200671497732401,0.0035315712448209524,0.004594821482896805,0.5200671497732401,1.0,0.43943357467651367,-0.025710374116897583,0.4598647952079773,0.21343183517456055,-0.2943699061870575,0.45986485481262207,2,1.0
1.0034985542297363,1.0034985542297363,1.0391870737075806,0.060980889946222305,1.0,1.0,1.0,0.0,0.0,304,18784,26,1,36.04902648925781,1.4491550463426701,0.0011974074877798557,-0.0011528253089636564,-0.0031923148781061172,0.3192314878106117,1.0,0.44618797302246094,-0.030252456665039062,0.4520777463912964,0.21996688842773438,-0.2984144687652588,0.4520777463912964,2,1.0
0.006493057124316692,1.264725815259193e-14,0.0008847572607919574,0.06250395625829697,0.0,0.0,1.0,1.0,1.0,600,19200,0,1,0.9047839045524597,3.5305202996679483,-0.007230083923786879,-0.004751313012093306,0.001205810927785933,0.7230083923786879,1.0,0.4252634048461914,-0.03912162780761719,0.4564758539199829,0.44656944274902344,-0.030450820922851562,0.4564758837223053,2,0.0
0.02505074441432953,2.8175631427984626e-07,0.025113951414823532,0.06291565299034119,0.0,0.0,1.0,1.0,1.0,600,19200,1,1,0.8240442872047424,2.1658924728421827,-0.006299858447164297,0.004393360577523708,-0.009874648414552212,0.9874648414552212,1.0,0.43436574935913086,-0.026469707489013672,0.44539541006088257,0.44749975204467773,-0.021306514739990234,0.44539543986320496,2,0.0
0.00020593847148120403,3.9631209425294855e-09,0.0016944212839007378,0.037468016147613525,0.0,0.0,0.0,1.0,1.0,600,19200,3,1,0.9562098383903503,2.0496795788787656,0.003896858310326934,0.008268162608146667,0.004932781215757132,0.8268162608146667,1.0,0.44526195526123047,-0.02230536937713623,0.4602028727531433,0.45769643783569336,-0.01743185520172119,0.4602029025554657,2,0.0
0.033498384058475494,7.917321909189923e-09,0.0006412797956727445,0.07266153395175934,0.0,0.0,1.0,1.0,1.0,600,19200,4,1,0.4187193214893341,4.126457933289557,0.0019073542207479477,0.005462430417537689,-0.009688266552984715,0.9688266552984715,1.0,0.4308590888977051,-0.03049921989440918,0.4455817937850952,0.4557070732116699,-0.020237445831298828,0.4455818235874176,2,0.0
4.6023851609788835e-05,7.040573109406978e-06,0.0005315730813890696,0.04324242100119591,0.0,0.0,0.0,1.0,1.0,600,19200,6,1,0.7303860783576965,2.447558588599519,0.005799904000014067,0.004717320203781128,-0.008154618553817272,0.8154618553817272,1.0,0.44477176666259766,-0.026853561401367188,0.447115421295166,0.4595975875854492,-0.02098369598388672,0.4471154510974884,2,0.0
0.6929618120193481,2.687235434173374e-10,0.6931548714637756,0.7741906046867371,0.0,0.0,1.0,1.0,1.0,600,19200,10,1,3.6098597049713135,4.643016602481159,0.007871382869780064,-0.0010756482370197773,0.0029395362362265587,0.7871382869780064,1.0,0.43376660346984863,-0.03844738006591797,0.4582095742225647,0.4616715908050537,-0.026775360107421875,0.4582096040248871,2,0.8102189898490906
0.00018497215933166444,1.2121084182581399e-05,0.0011894911294803023,0.0375678576529026,0.0,0.0,0.0,1.0,1.0,600,19200,11,1,0.9117324948310852,2.0850245271731125,-0.0008681835024617612,0.005966778378933668,0.008932298980653286,0.8932298980653286,1.0,0.44028401374816895,-0.02469491958618164,0.464202344417572,0.452927827835083,-0.019734859466552734,0.4642023742198944,2,0.0
0.0011294016148895025,-9.641643039515202e-10,0.004617737606167793,0.06901130825281143,0.0,0.0,1.0,1.0,1.0,600,19200,12,1,0.7596799731254578,3.689483347646475,-0.007080911658704281,0.008571471087634563,0.00976749137043953,0.9767491370439529,1.0,0.4244663715362549,-0.02621912956237793,0.46503764390945435,0.4467194080352783,-0.01712849736213684,0.46503761410713196,2,0.0
0.9028224945068359,6.172969733597711e-05,0.9069350957870483,0.9243754744529724,0.0,0.0,1.0,1.0,1.0,600,19200,13,1,3.8094828128814697,1.0027995160396923,0.004565357696264982,-0.007541358005255461,-0.003258032025769353,0.7541358005255461,1.0,0.45226001739501953,-0.03556990623474121,0.45201194286346436,0.4583439826965332,-0.03324925899505615,0.4520120322704315,2,0.31609195470809937
0.03427125886082649,7.941041602066434e-09,0.0004231878847349435,0.03728748485445976,0.0,0.0,0.0,1.0,1.0,600,19200,16,1,2.0033798217773438,2.1121704736990936,-0.007810575421899557,-0.0032112649641931057,-0.004033923614770174,0.7810575421899557,1.0,0.43317824602127075,-0.03394007682800293,0.45123612880706787,0.4459895193576813,-0.028911113739013672,0.45123615860939026,2,0.0
0.05849294736981392,-1.1102582186950372e-09,0.002044686581939459,0.06365791708230972,0.0,0.0,1.0,1.0,1.0,600,19200,17,1,1.328194499015808,3.530179643983094,-0.004117070697247982,-0.00536949560046196,0.004282023292034864,0.536949560046196,1.0,0.42837846279144287,-0.03973814845085144,0.4595521092414856,0.4496830403804779,-0.031069427728652954,0.459552139043808,2,0.0
0.4027641713619232,1.5975301721482538e-05,0.4031728208065033,0.4775596559047699,0.0,0.0,1.0,1.0,1.0,600,19200,18,1,1.9952030181884766,4.262969509136017,-0.0011867954162880778,-0.0062986393459141254,-0.003258457174524665,0.6298639345914125,1.0,0.426955908536911,-0.04263043403625488,0.4520115256309509,0.4526076316833496,-0.03200054168701172,0.4520115554332733,2,0.033707864582538605
0.06369604170322418,1.7646861749653908e-08,0.009559783153235912,0.0784941017627716,0.0,0.0,1.0,1.0,1.0,600,19200,19,1,1.1250286102294922,3.9496499488873145,0.008601839654147625,2.5206101781805046e-05,0.008289149031043053,0.8601839654147625,1.0,0.4386025667190552,-0.035460710525512695,0.46355921030044556,0.46240195631980896,-0.025674819946289062,0.46355924010276794,2,0.0
0.07182887196540833,6.460621193582483e-07,0.056796737015247345,0.13413946330547333,0.0,0.0,1.0,1.0,1.0,600,19200,20,1,0.7762715220451355,4.431444235864021,0.0078091099858284,0.00495244562625885,0.005109238903969526,0.78091099858284,1.0,0.43495452404022217,-0.031838417053222656,0.46037936210632324,0.4616091251373291,-0.02074718475341797,0.46037933230400085,2,0.0
0.19104623794555664,7.913868671494129e-09,0.1911497563123703,0.2515457272529602,0.0,0.0,1.0,1.0,1.0,600,19200,21,1,1.7831536531448364,3.4604365823680934,0.006333028897643089,-0.0045134564861655235,-0.009090060368180275,0.9090060368180275,1.0,0.43924427032470703,-0.03869819641113281,0.44617998600006104,0.4601331949234009,-0.030213356018066406,0.4461800158023834,2,0.2432432472705841
0.08053890615701675,3.6205892683938146e-07,0.052324455231428146,0.137283056974411,0.0,0.0,1.0,1.0,1.0,600,19200,23,1,0.7764922976493835,4.867786602122054,0.004658103454858065,0.007167721167206764,7.568662113044411e-05,0.7167721167206764,1.0,0.42922699451446533,-0.03082597255706787,0.45534569025039673,0.4584583044052124,-0.018532156944274902,0.4553457796573639,2,0.0
0.4007801115512848,0.4007801115512848,0.39906930923461914,0.0811934620141983,0.34661140597319023,0.0,1.0,0.0,1.0,600,19200,24,1,9.580595970153809,4.750064876682299,-0.007200408726930618,0.004855229053646326,-0.007436032872647047,0.7436032872647047,1.0,0.4180629253387451,-0.03281211853027344,0.4478340148925781,0.32035326957702637,-0.09929776191711426,0.44783398509025574,2,0.0
0.04513631761074066,3.218425626982935e-05,0.004907798953354359,0.05742797628045082,0.0,0.0,1.0,1.0,1.0,600,19200,25,1,1.3348993062973022,3.011028918001472,-0.008401622995734215,0.0063177146948874,0.006456099916249514,0.8401622995734215,1.0,0.42719292640686035,-0.026694297790527344,0.4617261290550232,0.4453871250152588,-0.01938629150390625,0.4617261588573456,2,0.0
0.7366986870765686,4.19413045165129e-05,0.7370638847351074,0.8143320679664612,0.0,0.0,1.0,1.0,1.0,600,19200,28,1,2.2835605144500732,4.429539893746057,-0.0004291570803616196,-0.005236310418695211,-0.006245477590709925,0.6245477590709925,1.0,0.4267277717590332,-0.0420222282409668,0.44902461767196655,0.4533567428588867,-0.03094172477722168,0.4490245282649994,2,0.013698630034923553
0.42206788063049316,6.2226686168287415e-06,0.4223879277706146,0.470874547958374,0.0,0.0,1.0,1.0,1.0,600,19200,29,1,2.4308485984802246,2.7784426206291437,-0.0065690320916473866,-0.0029669005889445543,0.008201276883482933,0.8201276883482933,1.0,0.4304180145263672,-0.035379886627197266,0.46347135305404663,0.44722890853881836,-0.028667449951171875,0.463471382856369,2,0.0
1.0031697750091553,1.0031697750091553,1.0033824443817139,0.0418509766459465,1.0,1.0,0.0,0.0,0.0,313,20960,27,2,36.069374084472656,2.3857026879285907,0.0024432730861008167,0.0024191839620471,-0.0008395484182983637,0.24432730861008167,1.0,0.4417867660522461,-0.028995603322982788,0.4544304609298706,0.221238374710083,-0.2947227954864502,0.4544305205345154,2,1.0
1.0034027099609375,1.0034027099609375,1.0233526229858398,0.06570480763912201,1.0,1.0,1.0,0.0,0.0,239,26848,16,2,33.88895034790039,2.6215561636017126,0.009343125857412815,0.0026585261803120375,-0.0031383063178509474,0.9343125857412815,1.0,0.44727063179016113,-0.029353857040405273,0.45213180780410767,0.2281198501586914,-0.2945683002471924,0.4521317481994629,2,1.0
0.012345898896455765,7.038161609074223e-09,7.88822362665087e-05,0.05666283145546913,0.0,0.0,1.0,1.0,1.0,600,27680,5,2,0.9860228300094604,3.2420218603064836,-0.007817549630999565,0.0062138852663338184,-0.007455769460648298,0.7817549630999565,1.0,0.42639636993408203,-0.027398109436035156,0.44781428575515747,0.4459819793701172,-0.0194854736328125,0.44781431555747986,2,0.0
1.0013856887817383,1.0013856887817383,1.0017898082733154,0.016475869342684746,1.0,1.0,0.0,0.0,0.0,271,27872,13,2,34.77511978149414,0.9208453568491786,-0.0012558758025988936,-0.004582949914038181,0.005512653850018978,0.5512653850018978,1.0,0.44693613052368164,-0.0324174165725708,0.46078264713287354,0.2176799774169922,-0.30107367038726807,0.4607827067375183,2,1.0
1.0054717063903809,1.0054717063903809,1.0061426162719727,0.05071207135915756,1.0,1.0,1.0,0.0,0.0,273,27936,4,2,34.83027267456055,2.8671494890312728,0.003087033051997423,0.009532415308058262,-0.0045773922465741634,0.9532415308058262,1.0,0.4395427703857422,-0.023108243942260742,0.45069265365600586,0.22170257568359375,-0.2884500026702881,0.45069265365600586,2,1.0
1.00296950340271,1.00296950340271,1.0095059871673584,0.08805106580257416,1.0,1.0,1.0,0.0,0.0,303,28032,15,2,34.647701263427734,4.670449203508869,0.00596911134198308,0.007955130189657211,-0.005302976351231337,0.7955130189657211,1.0,0.43170231580734253,-0.02949237823486328,0.44996702671051025,0.22477987408638,-0.28911304473876953,0.44996708631515503,2,1.0
1.004634141921997,1.004634141921997,1.005232572555542,0.005562168546020985,1.0,1.0,0.0,0.0,0.0,277,28064,20,2,35.78425598144531,0.28439955212708995,-0.009280530735850334,-0.003008486470207572,-0.009118366055190563,0.9280530735850334,1.0,0.4427837133407593,-0.029358386993408203,0.44615164399147034,0.20939981937408447,-0.30068492889404297,0.44615161418914795,2,1.0
1.0004936456680298,1.0004936456680298,1.00089693069458,0.023089544847607613,1.0,1.0,0.0,0.0,0.0,278,28096,21,2,35.4757080078125,1.2998235255892137,0.00849117524921894,0.0053741359151899815,0.0027534670662134886,0.8491175249218941,1.0,0.4543851613998413,-0.023364782333374023,0.4580235183238983,0.22749781608581543,-0.29079103469848633,0.4580235481262207,2,1.0
0.0008527289610356092,1.3032781964739115e-07,0.0018756986828520894,0.026223447173833847,0.0,0.0,0.0,1.0,1.0,600,28192,9,2,0.9512377977371216,1.3950298525951388,9.263346873922274e-05,0.003919580020010471,0.005713652819395065,0.5713652819395065,1.0,0.44540977478027344,-0.02504897117614746,0.46098366379737854,0.45389223098754883,-0.02178049087524414,0.4609837234020233,2,0.0
1.002846598625183,1.002846598625183,1.005821943283081,0.030153673142194748,1.0,1.0,0.0,0.0,0.0,282,28224,18,2,35.370758056640625,1.5572004214409265,0.008935151621699333,0.0008062521228566766,0.0032203274313360453,0.8935151621699333,1.0,0.4532720148563385,-0.02855539321899414,0.45849037170410156,0.22775554656982422,-0.29621732234954834,0.4584903120994568,2,1.0
0.05285090580582619,1.0198987921566927e-12,0.0037506786175072193,0.06131422892212868,0.0,0.0,1.0,1.0,1.0,600,28288,8,2,1.5313547849655151,3.298149153254475,-0.007533696014434099,-0.008347931317985058,0.007963588461279869,0.8347931317985058,1.0,0.4263458251953125,-0.04210686683654785,0.4632336497306824,0.44626617431640625,-0.03404796123504639,0.46323367953300476,2,0.0
1.0003082752227783,1.0003082752227783,1.0004258155822754,0.013000666163861752,1.0,1.0,0.0,0.0,0.0,284,28288,23,2,35.77863311767578,0.7381464943703587,0.004777464549988508,0.001171547221019864,-0.008061999455094337,0.8061999455094337,1.0,0.45407938957214355,-0.026232004165649414,0.4472080171108246,0.2237987518310547,-0.2949256896972656,0.447208046913147,2,1.0
0.061105865985155106,7.913878441456745e-09,0.033013634383678436,0.0966111347079277,0.0,0.0,1.0,1.0,1.0,600,28288,30,2,0.5914166569709778,3.6438687830481906,-0.006068721879273653,-0.008427992463111877,-6.544604548253119e-05,0.8427992463111877,1.0,0.4257497787475586,-0.04309797286987305,0.4552046060562134,0.44773101806640625,-0.03412771224975586,0.45520463585853577,2,0.0
1.0038188695907593,1.0038188695907593,1.0056991577148438,0.017490077763795853,1.0,1.0,0.0,0.0,0.0,286,28352,19,2,34.6234245300293,0.894372130595591,-0.0004137217183597386,-0.0035084078554064035,-0.00830076914280653,0.830076914280653,1.0,0.4479389488697052,-0.0312800407409668,0.44696930050849915,0.21833032369613647,-0.3008871078491211,0.44696927070617676,2,0.7469135522842407
1.0020904541015625,1.0020904541015625,1.0029330253601074,0.052600886672735214,1.0,1.0,1.0,0.0,0.0,289,28448,3,2,34.430511474609375,2.965532601053194,-0.006211517844349146,-0.0017862438689917326,-0.00012954130943398923,0.6211517844349146,1.0,0.4296550750732422,-0.03468036651611328,0.45514053106307983,0.21266794204711914,-0.2985342741012573,0.4551404118537903,2,1.0
0.0008832472376525402,1.7793563529266976e-05,0.0019809091463685036,0.021120725199580193,0.0,0.0,0.0,1.0,1.0,600,28544,22,2,1.2343069314956665,1.097649499270013,0.0028739336412400007,0.006914696656167507,-0.004445062484592199,0.6914696656167507,1.0,0.4499930143356323,-0.021339863538742065,0.45082494616508484,0.4566679000854492,-0.018787503242492676,0.4508249759674072,2,0.0
0.3091450035572052,0.3091450035572052,0.3292219042778015,0.10655736178159714,0.24374357069808175,0.0,1.0,0.0,1.0,600,28544,31,2,7.638822078704834,4.95496756357492,-0.007045553531497717,0.00987792294472456,-0.003896150039508939,0.987792294472456,1.0,0.4170093536376953,-0.02835845947265625,0.4513738751411438,0.34643077850341797,-0.07196593284606934,0.4513739049434662,2,0.0
1.002470850944519,1.002470850944519,1.0103955268859863,0.03659564629197121,1.0,1.0,0.0,0.0,0.0,296,28672,12,2,35.2418327331543,1.6427205797084217,0.004213170148432255,-0.003981970250606537,-0.008763035759329796,0.8763035759329796,1.0,0.44803357124328613,-0.03355240821838379,0.4465070366859436,0.22306323051452637,-0.3008687198162079,0.44650697708129883,2,1.0
1.0049861669540405,1.0049861669540405,1.0105581283569336,0.023562172427773476,1.0,1.0,0.0,0.0,0.0,310,29120,29,2,35.83868408203125,1.0307657255963094,-0.0012939349981024861,0.007955674082040787,0.002650901908054948,0.7955674082040787,1.0,0.4462306499481201,-0.02013993263244629,0.45792096853256226,0.21735882759094238,-0.28984951972961426,0.45792102813720703,2,1.0
1.0012261867523193,1.0012261867523193,1.0074687004089355,0.028098681941628456,1.0,1.0,0.0,0.0,0.0,330,29760,24,2,36.212764739990234,1.2522700410402923,-0.004594014957547188,-0.008629090152680874,0.0006269013974815607,0.8629090152680874,1.0,0.44158804416656494,-0.037253379821777344,0.45589691400527954,0.2143542766571045,-0.30506157875061035,0.45589691400527954,2,1.0
1.0043002367019653,1.0043002367019653,1.0051801204681396,0.06600280851125717,1.0,1.0,1.0,1.0,0.0,327,31424,27,3,33.894195556640625,3.7312730063095514,0.009722920134663582,-0.004389872774481773,0.004855986684560776,0.9722920134663582,1.0,0.4410216808319092,-0.039291828870773315,0.46012604236602783,0.22842931747436523,-0.3019443154335022,0.46012604236602783,2,0.2569444477558136
1.0028691291809082,1.0028691291809082,1.0345406532287598,0.07894356548786163,1.0,1.0,1.0,0.0,0.0,266,36544,15,3,34.735206604003906,2.708478858526587,-0.00019279496336821467,0.0009558745659887791,-0.004631443414837122,0.4631443414837122,1.0,0.43721336126327515,-0.03127861022949219,0.4506385922431946,0.2186257243156433,-0.29607582092285156,0.4506385326385498,2,1.0
1.0046757459640503,1.0046757459640503,1.005689024925232,0.025680843740701675,1.0,1.0,0.0,0.0,0.0,279,36608,5,3,35.440826416015625,1.4133475661754666,0.00266781123355031,0.002248068805783987,-0.0047503369860351086,0.47503369860351086,1.0,0.4478745460510254,-0.02676534652709961,0.45051977038383484,0.2213449478149414,-0.2954435348510742,0.45051974058151245,2,1.0
1.00203537940979,1.00203537940979,1.002913475036621,0.003312965389341116,1.0,1.0,0.0,0.0,0.0,263,36640,18,3,35.4107666015625,0.13951343064646723,0.0013300759019330144,-0.004756265785545111,0.0027857471723109484,0.47562657855451107,1.0,0.45427820086479187,-0.03077387809753418,0.4580557942390442,0.22021430730819702,-0.30148398876190186,0.4580557942390442,2,1.0
0.0083101075142622,2.928255860012996e-09,0.0067180064506828785,0.016326837241649628,0.0,0.0,0.0,1.0,1.0,600,36864,7,3,1.854203462600708,0.5505456371407323,-0.00650141853839159,0.003074818290770054,-0.005165935028344393,0.650141853839159,1.0,0.4439411163330078,-0.023890376091003418,0.45010411739349365,0.4472980499267578,-0.022625118494033813,0.45010414719581604,2,0.0
0.41281986236572266,-1.775977876859649e-14,0.4208672046661377,0.47167420387268066,0.0,0.0,1.0,1.0,1.0,600,37120,14,3,2.936424493789673,2.9110227822780264,0.0004726162878796458,-0.008047943003475666,-0.006953635718673468,0.8047943003475666,1.0,0.43666577339172363,-0.0408015251159668,0.44831639528274536,0.454272985458374,-0.03374791145324707,0.4483164846897125,2,0.1910112351179123
1.000206708908081,1.000206708908081,1.0037161111831665,0.07030759006738663,1.0,1.0,1.0,0.0,0.0,290,37344,20,3,34.850284576416016,3.82725210518704,0.007169094868004322,0.00634313840419054,0.002687289146706462,0.7169094868004322,1.0,0.4378969669342041,-0.028814315795898438,0.45795726776123047,0.22619831562042236,-0.2897171974182129,0.45795726776123047,2,1.0
0.03544577956199646,7.913875776921486e-09,0.06475310027599335,0.09380222111940384,0.0,0.0,1.0,1.0,1.0,600,37856,2,3,6.9174113273620605,1.6643919161712257,-0.0033728433772921562,-0.0006590011180378497,0.0008979076519608498,0.3372843377292156,1.0,0.44031572341918945,-0.030282288789749146,0.456167995929718,0.4504265785217285,-0.026358962059020996,0.4561680257320404,2,0.0
1.0038774013519287,1.0038774013519287,1.0044026374816895,0.051912132650613785,1.0,1.0,1.0,0.0,0.0,344,37856,16,3,36.58272933959961,2.944254854241312,0.005039805546402931,-0.0003829627239611,0.008789107203483582,0.8789107203483582,1.0,0.4410339891910553,-0.03322196006774902,0.4640592336654663,0.22377920150756836,-0.29778289794921875,0.46405917406082153,2,1.0
0.059728655964136124,7.913875776921486e-09,0.0025467395316809416,0.07186311483383179,0.0,0.0,1.0,1.0,1.0,600,37984,26,3,1.0638043880462646,3.971536009422151,-0.006250646896660328,-0.008910280652344227,-0.0007108469144441187,0.8910280652344227,1.0,0.42362046241760254,-0.044454336166381836,0.45455920696258545,0.44754958152770996,-0.03461003303527832,0.45455923676490784,2,0.0
1.0011812448501587,1.0011812448501587,1.0413339138031006,0.049227457493543625,1.0,1.0,0.0,1.0,0.0,318,38112,4,3,36.182491302490234,0.5199526862397164,-0.0031933574937283993,0.008096613921225071,-0.0021013468503952026,0.8096613921225071,1.0,0.4474353790283203,-0.018797636032104492,0.45316869020462036,0.2157583236694336,-0.28831958770751953,0.4531686305999756,2,0.9285714030265808
0.04357580095529556,0.00014905855641700327,0.003680808236822486,0.05130040645599365,0.0,0.0,1.0,1.0,1.0,600,38400,0,3,1.678277850151062,2.7369426046755576,0.0012066321214661002,-0.008902403526008129,0.008434987626969814,0.8902403526008129,1.0,0.43844175338745117,-0.04120969772338867,0.46370500326156616,0.4549541473388672,-0.0346221923828125,0.46370503306388855,2,0.0
0.0016425345093011856,-8.618991631514916e-10,0.0025668307207524776,0.05618362873792648,0.0,0.0,1.0,1.0,1.0,600,38400,1,3,1.4661145210266113,3.0720186653082777,-0.009162478148937225,-0.002504867035895586,0.003710987977683544,0.9162478148937225,1.0,0.4260678291320801,-0.035674095153808594,0.4589810371398926,0.4446372985839844,-0.028204679489135742,0.45898106694221497,2,0.0
0.5475664734840393,1.1774523045460228e-05,0.548353374004364,0.6209012866020203,0.0,0.0,1.0,1.0,1.0,600,38400,6,3,2.4077415466308594,4.157379480322675,0.003319360315799713,0.00016708762268535793,0.008574603125452995,0.8574603125452995,1.0,0.43208789825439453,-0.03587841987609863,0.4638446569442749,0.45711517333984375,-0.025534391403198242,0.4638446569442749,2,0.15238095819950104
0.7402417659759521,6.615788472608131e-10,0.7417157292366028,0.7538339495658875,0.0,0.0,1.0,1.0,1.0,600,38400,10,3,3.770930051803589,0.6943290165757287,-0.009325562044978142,8.859056106302887e-05,0.008455813862383366,0.9325562044978142,1.0,0.4402427673339844,-0.027212142944335938,0.4637259244918823,0.4444746971130371,-0.025610923767089844,0.46372589468955994,2,0.75
0.13051098585128784,3.166712447821851e-10,0.06486312299966812,0.14806722104549408,0.0,0.0,1.0,1.0,1.0,600,38400,11,3,0.3108416795730591,4.76724536376582,-0.008956510573625565,0.0018203060608357191,-0.006625000387430191,0.8956510573625565,1.0,0.41620564460754395,-0.03589439392089844,0.44864505529403687,0.44484376907348633,-0.023879528045654297,0.44864508509635925,2,0.0
0.0004171327454969287,2.290081319022974e-12,0.0023703561164438725,0.006267000455409288,0.0,0.0,0.0,1.0,1.0,600,38400,17,3,1.6352323293685913,0.22326128822647612,-0.004619330167770386,0.009366802871227264,0.0027213848661631346,0.9366802871227264,1.0,0.447817862033844,-0.016842424869537354,0.45799151062965393,0.4491807520389557,-0.01633313298225403,0.45799151062965393,2,0.0
0.005023324862122536,5.009615500206621e-10,0.006307768169790506,0.0329539030790329,0.0,0.0,0.0,1.0,1.0,600,38400,25,3,1.4646400213241577,1.52671323175034,0.008341568522155285,0.008981266990303993,0.006475214846432209,0.8981266990303993,1.0,0.4528629779815674,-0.02030658721923828,0.4617452323436737,0.462141752243042,-0.016718387603759766,0.4617452919483185,2,0.0
0.5526545643806458,7.913876665099906e-09,0.5663565397262573,0.6344531178474426,0.0,0.0,1.0,1.0,1.0,600,38400,28,3,3.4807417392730713,3.9016525020423427,-0.00545138493180275,-0.005147202406078577,-0.007067088037729263,0.7067088037729263,1.0,0.4248344898223877,-0.0405040979385376,0.4482029676437378,0.4483489990234375,-0.03084719181060791,0.4482029974460602,2,0.29487180709838867
1.005479097366333,1.005479097366333,1.0099196434020996,0.023284204304218292,1.0,1.0,0.0,0.0,0.0,279,40352,27,4,35.69022750854492,1.0796548322930855,0.00038284240872599185,0.008428383618593216,-0.00811439286917448,0.8428383618593216,1.0,0.44761109352111816,-0.019783109426498413,0.4471556842327118,0.21899747848510742,-0.2895563840866089,0.4471556544303894,2,1.0
1.0020413398742676,1.0020413398742676,1.0020780563354492,0.06820333003997803,1.0,1.0,1.0,0.0,0.0,284,45696,5,4,34.75421142578125,3.9056601155378474,0.008647400885820389,0.008619042113423347,0.006917642429471016,0.8647400885820389,1.0,0.43891000747680664,-0.026748180389404297,0.46218764781951904,0.22753047943115234,-0.28811073303222656,0.46218764781951904,2,1.0
1.0042190551757812,1.0042190551757812,1.0386157035827637,0.0361899696290493,1.0,1.0,0.0,0.0,0.0,244,46208,25,4,34.78813171386719,0.10274662239588776,0.0028336658142507076,-0.007865702733397484,0.009361161850392818,0.9361161850392818,1.0,0.4560065269470215,-0.03379964828491211,0.46463122963905334,0.22154664993286133,-0.3053908348083496,0.46463119983673096,2,0.931034505367279
1.0010684728622437,1.0010684728622437,1.0010855197906494,0.009706246666610241,1.0,1.0,0.0,0.0,0.0,246,46272,28,4,34.835384368896484,0.5551528665401705,-0.002405968029052019,0.0008916538208723068,-0.002082555089145899,0.2405968029052019,1.0,0.4480092525482178,-0.026084065437316895,0.453187495470047,0.2165546417236328,-0.29548323154449463,0.4531875252723694,2,1.0
0.020389514043927193,3.788539288507309e-06,0.00019669771427288651,0.06794387102127075,0.0,0.0,1.0,1.0,1.0,600,47072,13,4,0.7322569489479065,3.8818453803361286,-0.006121485028415918,0.008689763024449348,-0.006831311620771885,0.8689763024449348,1.0,0.4242820739746094,-0.026613712310791016,0.4484386444091797,0.4476771354675293,-0.01701045036315918,0.4484387934207916,2,0.0
1.002406120300293,1.002406120300293,1.002866506576538,0.0589473620057106,1.0,1.0,1.0,0.0,0.0,314,47168,14,4,35.6655158996582,3.3510545179049243,0.009412161074578762,0.0036155215930193663,0.007179496809840202,0.9412161074578762,1.0,0.4429757595062256,-0.030282020568847656,0.4624495506286621,0.22826719284057617,-0.29324769973754883,0.4624496102333069,2,1.0
1.0010942220687866,1.0010942220687866,1.0021039247512817,0.0666850134730339,1.0,1.0,1.0,0.0,0.0,294,47264,16,4,34.5927619934082,3.7629185533946896,0.003987628500908613,0.002798618283122778,0.009480109438300133,0.9480109438300133,1.0,0.4350980222225189,-0.032187700271606445,0.4647502303123474,0.22294634580612183,-0.29358577728271484,0.46475017070770264,2,1.0
0.07926701009273529,7.913876665099906e-09,0.07880032807588577,0.16352614760398865,0.0,0.0,1.0,1.0,1.0,600,47296,21,4,0.9966949224472046,4.854433155407857,0.0003799340920522809,0.006285158451646566,-0.0070148552767932415,0.7014855276793242,1.0,0.42502760887145996,-0.03167152404785156,0.44825518131256104,0.45418012142181396,-0.019414663314819336,0.4482552707195282,2,0.0
0.09487935155630112,7.913875776921486e-09,0.10316979885101318,0.12836481630802155,0.0,0.0,1.0,1.0,1.0,600,47392,9,4,6.173175811767578,1.4435681650450112,-0.009017271921038628,0.008792866952717304,0.0023572833742946386,0.9017271921038628,1.0,0.4360065460205078,-0.020293235778808594,0.4576273262500763,0.4447822570800781,-0.016907215118408203,0.45762738585472107,2,0.4000000059604645
0.010700996965169907,-1.0753820056663699e-10,0.011495081707835197,0.02796221897006035,0.0,0.0,0.0,1.0,1.0,600,47488,8,4,1.0624160766601562,0.943496185127645,-0.005631623789668083,0.00490484619513154,0.006878146901726723,0.6878146901726723,1.0,0.44242191314697266,-0.022983074188232422,0.46214815974235535,0.4481678009033203,-0.020795226097106934,0.4621482193470001,2,0.0
0.7208460569381714,7.324825190835327e-10,0.9591907858848572,1.0113695859909058,0.0,0.0,1.0,1.0,1.0,600,47488,23,4,3.532118320465088,2.9896278008977064,-0.00972981471568346,0.005028855055570602,-0.008203497156500816,0.972981471568346,1.0,0.4259929656982422,-0.027927398681640625,0.4470665454864502,0.4440704584121704,-0.02067101001739502,0.4470665752887726,2,0.20958083868026733
0.06829903274774551,7.035140914268823e-09,0.002455180510878563,0.07502687722444534,0.0,0.0,1.0,1.0,1.0,600,47488,30,4,0.3606533706188202,4.15805353461639,0.007079003378748894,-0.005232798866927624,0.008606738410890102,0.8606738410890102,1.0,0.43584299087524414,-0.04127979278564453,0.4638768434524536,0.4608783721923828,-0.03093242645263672,0.4638768136501312,2,0.0
0.0007212620694190264,-9.16778285231512e-12,0.002819392131641507,0.0035152772907167673,0.0,0.0,0.0,1.0,1.0,600,47552,19,4,1.9605330228805542,0.03987128264080232,0.0012035651598125696,-0.007632450666278601,0.0037748110480606556,0.7632450666278601,1.0,0.4547599256038666,-0.03342294692993164,0.45904484391212463,0.45500364899635315,-0.03333234786987305,0.4590449035167694,2,0.0
1.003382921218872,1.003382921218872,1.0450928211212158,0.04282764345407486,1.0,1.0,0.0,0.0,0.0,287,47584,0,4,36.32814025878906,0.06403881312140819,0.00618913397192955,0.00416650902479887,-0.009313934482634068,0.9313934482634068,1.0,0.4595975875854492,-0.021678924560546875,0.4459560811519623,0.22496700286865234,-0.29305267333984375,0.44595611095428467,2,0.9005235433578491
0.07045755535364151,7.913875776921486e-09,0.05179331451654434,0.12588641047477722,0.0,0.0,1.0,1.0,1.0,600,47648,3,4,1.8767611980438232,4.245219555030446,-0.0029931459575891495,0.0033872504718601704,-0.0015671547735109925,0.33872504718601704,1.0,0.42525482177734375,-0.03289604187011719,0.4537028670310974,0.4508066177368164,-0.02231276035308838,0.4537029564380646,2,0.0
0.011100105941295624,9.482767200097442e-05,0.0004255240492057055,0.04836753010749817,0.0,0.0,0.0,1.0,1.0,600,47744,22,4,1.2695157527923584,2.7523079689871475,-0.004553377628326416,-0.0025024362839758396,-0.007049746811389923,0.7049746811389923,1.0,0.432590126991272,-0.03484845161437988,0.4482203722000122,0.44921326637268066,-0.028214693069458008,0.44822028279304504,2,0.0
0.46676915884017944,1.2123728083679453e-05,0.46681270003318787,0.5018346905708313,0.0,0.0,1.0,1.0,1.0,600,47744,31,4,2.9713869094848633,2.007311915457177,-0.005141295026987791,-0.0058527314104139805,0.006967670284211636,0.6967670284211636,1.0,0.4364795684814453,-0.03632068634033203,0.4622376561164856,0.4486546516418457,-0.031554222106933594,0.46223774552345276,2,0.0
0.09189832210540771,3.6817022191826254e-05,0.08253142982721329,0.16584761440753937,0.0,0.0,1.0,1.0,1.0,600,47872,12,4,-0.029378337785601616,4.775771574284112,0.0018458382692188025,-0.004753566347062588,-0.00713873328641057,0.713873328641057,1.0,0.4269578456878662,-0.04249188303947449,0.4481313228607178,0.45563316345214844,-0.030458301305770874,0.4481312930583954,2,0.0
0.06616640836000443,7.913875776921486e-09,0.00019146851263940334,0.06776736676692963,0.0,0.0,1.0,1.0,1.0,600,48320,29,4,2.4053759574890137,3.871815247539965,-0.0010179192759096622,-0.008863011375069618,-0.003855528775602579,0.8863011375069618,1.0,0.4294452667236328,-0.044139862060546875,0.4514145255088806,0.45278239250183105,-0.03456282615661621,0.451414555311203,2,0.0
1.004792332649231,1.004792332649231,1.0085402727127075,0.037200622260570526,1.0,1.0,0.0,0.0,0.0,267,48896,27,4,35.11293411254883,1.916697076399087,0.009249999187886715,0.0055896928533911705,0.0014186669141054153,0.9249999187886715,1.0,0.4514169692993164,-0.024654000997543335,0.45668870210647583,0.22791814804077148,-0.29214441776275635,0.4566887617111206,2,1.0
0.062396399676799774,7.913877553278326e-09,0.07603618502616882,0.10139967501163483,0.0,0.0,1.0,1.0,1.0,600,48960,24,4,7.601367473602295,1.4532214634980607,-0.0052779559046030045,0.0077325329184532166,-0.0018929552752524614,0.7732532918453217,1.0,0.4396876096725464,-0.021377086639404297,0.45337703824043274,0.4485222101211548,-0.017967700958251953,0.4533771574497223,2,0.0
1.0000559091567993,1.0000559091567993,1.0101892948150635,0.03123106062412262,1.0,1.0,0.0,1.0,0.0,380,50560,1,4,37.8845100402832,1.2088059188135047,-0.009166513569653034,0.00838430505245924,0.0047324770130217075,0.9166513569653034,1.0,0.43727827072143555,-0.020135879516601562,0.46000248193740845,0.20987415313720703,-0.28762149810791016,0.4600025415420532,2,1.0
1.002380609512329,1.002380609512329,1.0223698616027832,0.08048385381698608,1.0,1.0,1.0,0.0,0.0,273,54944,25,4,34.54298400878906,3.4660889907931023,0.0017033126205205917,0.0035071915481239557,-0.004411750473082066,0.44117504730820656,1.0,0.43458127975463867,-0.030692100524902344,0.45085829496383667,0.22056055068969727,-0.2933464050292969,0.45085829496383667,2,1.0
1.0040055513381958,1.0040055513381958,1.0042386054992676,0.04610547795891762,1.0,1.0,0.0,0.0,0.0,277,55136,28,4,35.08800506591797,2.6282988409729846,0.0035316096618771553,0.002756278496235609,-0.007138691842556,0.7138691842556,1.0,0.4414186477661133,-0.029273033142089844,0.4481313228607178,0.2222609519958496,-0.2946903705596924,0.4481313228607178,2,1.0
0.08352253586053848,7.614909591779906e-09,0.0013530702563002706,0.08630453795194626,0.0,0.0,1.0,1.0,1.0,600,55744,15,4,0.11601760238409042,4.867363557280337,0.004909568931907415,-0.006861810572445393,0.006727435160428286,0.6861810572445393,1.0,0.42948126792907715,-0.044854164123535156,0.46199744939804077,0.4587096869945526,-0.032561302185058594,0.46199753880500793,2,0.0
0.07546966522932053,2.504092719846085e-07,0.027301106601953506,0.10937394201755524,0.0,0.0,1.0,1.0,1.0,600,55840,18,4,0.13842596113681793,4.702444370902148,0.003426204901188612,0.002312597818672657,0.009513195604085922,0.9513195604085922,1.0,0.4289705753326416,-0.03522288799285889,0.46478331089019775,0.45722630620002747,-0.02338731288909912,0.46478328108787537,2,0.0
1.0011250972747803,1.0011250972747803,1.0084900856018066,0.051567282527685165,1.0,1.0,1.0,0.0,0.0,266,56000,8,4,34.51825714111328,2.532601487398759,-0.008868826553225517,0.00908228661864996,0.0028816242702305317,0.908228661864996,1.0,0.4295930862426758,-0.02270376682281494,0.458151638507843,0.21008777618408203,-0.2873131036758423,0.4581516981124878,2,1.0
0.00125304760877043,7.913876665099906e-09,0.001279780874028802,0.0580010823905468,0.0,0.0,1.0,1.0,1.0,600,56064,7,4,1.5375738143920898,3.2498904516737497,-0.009663322009146214,-0.005870108027011156,0.006873470265418291,0.9663322009146214,1.0,0.42450380325317383,-0.039502859115600586,0.4621434807777405,0.4441361427307129,-0.03157004714012146,0.46214357018470764,2,0.0
1.0010383129119873,1.0010383129119873,1.0152788162231445,0.04350036382675171,1.0,1.0,0.0,0.0,0.0,264,56096,3,4,34.77686309814453,1.6764638486424002,-0.0014223279431462288,-0.0014006398851051927,-0.0054201181046664715,0.5420118104666471,1.0,0.44219446182250977,-0.03105330467224121,0.44984984397888184,0.21754074096679688,-0.29776453971862793,0.4498499035835266,2,1.0
1.0060310363769531,1.0060310363769531,1.014172077178955,0.059703294187784195,1.0,1.0,1.0,0.0,0.0,273,56128,9,4,33.001991271972656,2.954297580198758,-0.0007385759963653982,0.0023553078062832355,0.005984819028526545,0.5984819028526545,1.0,0.4351954460144043,-0.030510425567626953,0.4612547755241394,0.2178330421447754,-0.29583144187927246,0.4612548351287842,2,0.2789115607738495
1.0002647638320923,1.0002647638320923,1.0003337860107422,0.050466202199459076,1.0,1.0,1.0,0.0,0.0,293,56448,13,4,35.188697814941406,2.887545287666577,-0.006831755395978689,0.007784501649439335,9.827926260186359e-05,0.7784501649439335,1.0,0.4295017719268799,-0.02490842342376709,0.4553683400154114,0.21219325065612793,-0.288297176361084,0.4553683400154114,2,1.0
1.005056619644165,1.005056619644165,1.005570888519287,0.012912188656628132,1.0,1.0,0.0,0.0,0.0,279,56512,0,4,35.88161849975586,0.7103498656042282,0.008715135976672173,0.0049471016973257065,-0.0064435978420078754,0.8715135976672173,1.0,0.45818614959716797,-0.022391319274902344,0.44882646203041077,0.22736263275146484,-0.29288339614868164,0.4488264322280884,2,1.0
0.4262332618236542,0.4262332618236542,0.4990217685699463,0.14673583209514618,0.3804167217148253,0.0,1.0,0.0,1.0,600,56544,20,4,10.16423511505127,4.236870929430575,-0.00837809219956398,-0.006392463110387325,-0.005541087128221989,0.837809219956398,1.0,0.41991913318634033,-0.04265308380126953,0.44972896575927734,0.31234753131866455,-0.11715459823608398,0.44972896575927734,2,0.0
1.0008447170257568,1.0008447170257568,1.0041019916534424,0.010828197002410889,1.0,1.0,0.0,0.0,0.0,344,56704,5,4,36.882381439208984,0.43378035162819095,-0.004702636040747166,0.004566518124192953,0.007297871634364128,0.7297871634364128,1.0,0.44645118713378906,-0.02212810516357422,0.46256792545318604,0.21427631378173828,-0.29172706604003906,0.46256792545318604,2,1.0
1.0012303590774536,1.0012303590774536,1.0012630224227905,0.030056552961468697,1.0,1.0,0.0,0.0,0.0,280,56704,31,4,35.249027252197266,1.7202426931795374,0.0020874147303402424,-0.004788822494447231,-0.008955852128565311,0.8955852128565311,1.0,0.44543886184692383,-0.03454899787902832,0.4463142156600952,0.22103500366210938,-0.3012228012084961,0.44631415605545044,2,1.0
0.0443546287715435,9.540525314211123e-11,0.035098087042570114,0.08361916989088058,0.0,0.0,1.0,1.0,1.0,600,57056,2,4,0.6950669884681702,2.7800526242825625,-0.007136160042136908,0.0093020498752594,-0.0024495390243828297,0.9302049875259399,1.0,0.4298410415649414,-0.023115038871765137,0.45282047986984253,0.44666337966918945,-0.016397923231124878,0.4528205692768097,2,0.0
1.0076181888580322,1.0076181888580322,1.0204081535339355,0.05875656381249428,1.0,1.0,1.0,0.0,0.0,300,57088,23,4,34.80842971801758,2.633693836643648,0.00802281778305769,-0.00984908640384674,-0.0005655876011587679,0.9849086403846741,1.0,0.4458775520324707,-0.041892290115356445,0.4547044634819031,0.2264721393585205,-0.30861520767211914,0.4547044634819031,2,0.8805031180381775
1.0026359558105469,1.0026359558105469,1.003401279449463,0.035716552287340164,1.0,1.0,0.0,0.0,0.0,302,57152,30,4,35.90470886230469,2.0025598113421403,0.001812741276808083,0.003458368359133601,0.009313588961958885,0.9313588961958885,1.0,0.44346189498901367,-0.026998519897460938,0.4645836353302002,0.22064924240112305,-0.2934889793395996,0.46458369493484497,2,1.0
0.06751861423254013,7.913869559672548e-09,0.03941827267408371,0.1128024309873581,0.0,0.0,1.0,1.0,1.0,600,57184,26,4,1.2034599781036377,4.204606396451904,-0.006057524587959051,0.009517797268927097,0.0002062436833512038,0.9517797268927097,1.0,0.42243099212646484,-0.02665543556213379,0.4554762840270996,0.4477427005767822,-0.01618218421936035,0.455476313829422,2,0.0
0.08041400462388992,7.913874888743067e-09,0.0029533065389841795,0.08829674124717712,0.0,0.0,1.0,1.0,1.0,600,57312,4,4,0.46013352274894714,4.889819084837223,-0.0038918417412787676,0.006458131596446037,0.0023145307786762714,0.6458131596446037,1.0,0.4205474853515625,-0.03159666061401367,0.45758455991744995,0.4499077796936035,-0.019241809844970703,0.4575846493244171,2,0.0
1.0034466981887817,1.0034466981887817,1.0036323070526123,0.04443123936653137,1.0,1.0,0.0,0.0,0.0,296,57344,12,4,35.48612976074219,2.5350930123419326,0.007201635278761387,0.002314887708052993,0.0038764469791203737,0.7201635278761387,1.0,0.4456479549407959,-0.02947750687599182,0.45914655923843384,0.22597503662109375,-0.29492801427841187,0.45914649963378906,2,1.0
1.0050595998764038,1.0050595998764038,1.0051077604293823,0.05939225107431412,1.0,1.0,1.0,1.0,0.0,318,57344,14,4,33.5587158203125,3.4001657124714315,-0.0035382758360356092,0.0045064473524689674,-0.00011967802129220217,0.45064473524689674,1.0,0.4297323226928711,-0.02951979637145996,0.4551503658294678,0.21510910987854004,-0.29332518577575684,0.455150306224823,2,0.20279720425605774
0.49951303005218506,-4.649310714199828e-09,0.5006236433982849,0.5872836709022522,0.0,0.0,1.0,1.0,1.0,600,57600,6,4,1.7993890047073364,4.965257670446367,0.00389476609416306,0.009803990833461285,0.005182886496186256,0.9803990833461285,1.0,0.4278903007507324,-0.028460979461669922,0.46045297384262085,0.45769453048706055,-0.015895843505859375,0.46045300364494324,2,0.12222222238779068
0.0020428267307579517,7.920244904369156e-09,0.003907251171767712,0.058982860296964645,0.0,0.0,1.0,1.0,1.0,600,57600,10,4,0.4765270948410034,3.1556028918328973,0.009874877519905567,0.007368869613856077,-0.00816996581852436,0.9874877519905567,1.0,0.44460535049438477,-0.026018142700195312,0.44710004329681396,0.46367526054382324,-0.01833057403564453,0.44710013270378113,2,0.0
0.03094632178544998,3.692530663101934e-05,0.0010078503983095288,0.08437153697013855,0.0,0.0,1.0,1.0,1.0,600,57600,11,4,1.0213690996170044,4.77850407683894,0.007825825363397598,0.0027456479147076607,0.004615321755409241,0.7825825363397598,1.0,0.4329216480255127,-0.03500032424926758,0.4598854184150696,0.46161317825317383,-0.022959232330322266,0.4598853290081024,2,0.0
0.22417595982551575,0.22417595982551575,0.4395766854286194,0.29728931188583374,0.15497840531314774,0.0,1.0,0.0,1.0,600,57600,17,4,5.995809555053711,4.691865688538267,-0.009081532247364521,-0.005514142103493214,0.007303574122488499,0.9081532247364521,1.0,0.416525274515152,-0.04302045702934265,0.4625736474990845,0.37016528844833374,-0.06887125968933105,0.4625735878944397,2,0.0
1.0056383609771729,1.0056383609771729,1.0409603118896484,0.05874364823102951,1.0,1.0,1.0,0.0,0.0,319,57760,19,4,35.27460479736328,1.3419655793247807,-0.002667932538315654,-0.00821393821388483,0.006421544589102268,0.821393821388483,1.0,0.4429709017276764,-0.03705453872680664,0.4616915285587311,0.21593421697616577,-0.3062567710876465,0.46169161796569824,2,0.7012194991111755
1.002760887145996,1.002760887145996,1.0032249689102173,0.04140090197324753,1.0,1.0,0.0,0.0,0.0,290,58176,27,4,35.49272918701172,2.3455089456537697,0.005339281167834997,0.006242156494408846,-0.00010835626744665205,0.6242156494408846,1.0,0.44492459297180176,-0.02507123351097107,0.4551616907119751,0.2241663932800293,-0.2907504141330719,0.4551616907119751,2,1.0
1.0013962984085083,1.0013962984085083,1.0059497356414795,0.06836912035942078,1.0,1.0,1.0,0.0,0.0,298,60096,1,5,35.11595916748047,3.656374859418484,0.004845915827900171,-0.00478614866733551,0.001260782009921968,0.48459158279001713,1.0,0.43659019470214844,-0.039488792419433594,0.4565308690071106,0.22378063201904297,-0.3012807369232178,0.4565308690071106,2,1.0
1.0021390914916992,1.0021390914916992,1.0034688711166382,0.04167918115854263,1.0,1.0,0.0,0.0,0.0,273,63680,25,5,35.000282287597656,2.311852761631709,0.0012819046387448907,0.0002866041613742709,-0.0015361979603767395,0.15361979603767395,1.0,0.4410696029663086,-0.030942440032958984,0.4537338614463806,0.22015833854675293,-0.2964787483215332,0.4537338614463806,2,1.0
1.0002861022949219,1.0002861022949219,1.0003061294555664,0.04631536081433296,1.0,1.0,0.0,0.0,0.0,243,63872,3,5,34.155731201171875,2.652522960638081,0.005113845691084862,0.0007839250029064715,-0.006855927407741547,0.6855927407741547,1.0,0.4428553581237793,-0.031307220458984375,0.44841402769088745,0.2241363525390625,-0.2953054904937744,0.4484140872955322,2,1.0
1.0014972686767578,1.0014972686767578,1.003691554069519,0.03005981631577015,1.0,1.0,0.0,0.0,0.0,254,64128,8,5,34.77797317504883,1.5965785964401658,-0.0005875544738955796,0.0061264741234481335,-0.0041973949410021305,0.6126474123448133,1.0,0.4435110092163086,-0.023331284523010254,0.4510725736618042,0.2183389663696289,-0.29040491580963135,0.45107269287109375,2,1.0
1.0051937103271484,1.0051937103271484,1.0054500102996826,0.0010843606432899833,1.0,1.0,0.0,0.0,0.0,260,65376,2,5,34.91573715209961,0.04744413482113496,0.005920504219830036,-0.0027680550701916218,0.008729028515517712,0.8729028515517712,1.0,0.4594302177429199,-0.028575867414474487,0.46399906277656555,0.22455739974975586,-0.30064845085144043,0.46399909257888794,2,1.0
1.0057041645050049,1.0057041645050049,1.008671760559082,0.04025415703654289,1.0,1.0,0.0,0.0,0.0,299,65408,18,5,35.17655944824219,2.1363657785036287,-0.003776706987991929,0.0023190935607999563,-0.007165070157498121,0.7165070157498121,1.0,0.4370664954185486,-0.028470277786254883,0.44810497760772705,0.2148202657699585,-0.29574787616729736,0.44810497760772705,2,1.0
1.0003818273544312,1.0003818273544312,1.0418965816497803,0.07320284843444824,1.0,1.0,1.0,0.0,0.0,256,65792,6,5,34.68191146850586,1.8155865844642147,-0.0021476640831679106,0.008696711622178555,-0.005798697005957365,0.8696711622178555,1.0,0.4406290054321289,-0.021297693252563477,0.44947129487991333,0.21686744689941406,-0.2874279022216797,0.4494713544845581,2,1.0
1.0009082555770874,1.0009082555770874,1.000922679901123,0.006561184301972389,1.0,1.0,0.0,0.0,0.0,268,65920,14,5,35.40408706665039,0.3751044643048593,-8.380805229535326e-05,-0.00033287768019363284,-0.0016149465227499604,0.16149465227499604,1.0,0.4514279365539551,-0.026891231536865234,0.4536551237106323,0.21889019012451172,-0.2966492176055908,0.45365506410598755,2,1.0
1.0043822526931763,1.0043822526931763,1.0430943965911865,0.05077599361538887,1.0,1.0,1.0,0.0,0.0,300,66144,20,5,35.646121978759766,0.6912041516695949,-0.0015163605567067862,0.008511470630764961,0.007396104745566845,0.8511470630764961,1.0,0.4480710029602051,-0.01878213882446289,0.46266621351242065,0.21718358993530273,-0.28907299041748047,0.4626661539077759,2,0.9181286692619324
1.0025981664657593,1.0025981664657593,1.0037075281143188,0.07859915494918823,1.0,1.0,1.0,0.0,0.0,304,66176,13,5,34.570091247558594,4.439838538353967,0.008510090410709381,-0.0022013916168361902,0.001489918096922338,0.8510090410709381,1.0,0.4356060028076172,-0.03901517391204834,0.4567599296569824,0.22735023498535156,-0.2991347312927246,0.4567599296569824,2,1.0
1.0052590370178223,1.0052590370178223,1.0129706859588623,0.00793411023914814,1.0,1.0,0.0,0.0,0.0,282,66208,26,5,35.11977005004883,0.012740368033833317,2.7992118702968583e-05,-0.006389616057276726,-0.002058702288195491,0.6389616057276726,1.0,0.4537503719329834,-0.03211855888366699,0.45321139693260193,0.2186596393585205,-0.3042938709259033,0.45321130752563477,2,0.8148148059844971
1.002411127090454,1.002411127090454,1.0113729238510132,0.02260114625096321,1.0,1.0,0.0,0.0,0.0,275,66400,10,5,35.353553771972656,0.7814733191226586,-0.003828285029157996,-0.003165642498061061,-0.005624691490083933,0.5624691490083933,1.0,0.44520998001098633,-0.03067159652709961,0.44964537024497986,0.2150266170501709,-0.3000302314758301,0.44964540004730225,2,1.0
0.06521002948284149,1.1295032686930995e-09,0.0042353481985628605,0.07240092754364014,0.0,0.0,1.0,1.0,1.0,600,66464,16,5,1.2151257991790771,3.9056050471376644,-0.0055618262849748135,-0.002155617345124483,0.002185655990615487,0.5561826284974813,1.0,0.4247004985809326,-0.03752279281616211,0.45745575428009033,0.4482382833957672,-0.027855396270751953,0.45745572447776794,2,0.0
0.027468813583254814,6.784155903716282e-09,0.027481239289045334,0.08872777223587036,0.0,0.0,1.0,1.0,1.0,600,66496,21,5,0.9147678017616272,3.5091699820961346,-0.005803744308650494,-0.004745714366436005,-0.0009018111159093678,0.5803744308650494,1.0,0.42681705951690674,-0.03905892372131348,0.4543681740760803,0.44799649715423584,-0.030445575714111328,0.4543682634830475,2,0.0
1.003386378288269,1.003386378288269,1.040921688079834,0.08038712292909622,1.0,1.0,1.0,0.0,0.0,294,66560,30,5,35.56155014038086,2.455223981838977,0.0014054898638278246,0.007550530135631561,0.007629210129380226,0.7629210129380226,1.0,0.44033098220825195,-0.024039745330810547,0.46289920806884766,0.2201828956604004,-0.289670467376709,0.46289926767349243,2,1.0
0.000302368076518178,1.743122538755415e-06,0.00033817533403635025,0.03772859647870064,0.0,0.0,0.0,1.0,1.0,600,66944,22,5,1.3913044929504395,2.142414124457087,-0.009165513329207897,0.003882389282807708,-0.0031759124249219894,0.9165513329207897,1.0,0.4316411018371582,-0.026921957731246948,0.45209407806396484,0.44463396072387695,-0.021817803382873535,0.452094167470932,2,0.0
1.0049290657043457,1.0049290657043457,1.0081796646118164,0.010555479675531387,1.0,1.0,0.0,0.0,0.0,277,67040,27,5,35.73030471801758,0.4185379040412348,-0.005734587553888559,-0.002209658268839121,-0.003581008641049266,0.5734587553888559,1.0,0.4455122947692871,-0.02886861562728882,0.4516889750957489,0.2129228115081787,-0.2999935746192932,0.45168906450271606,2,1.0
0.015871508046984673,4.25363388956157e-09,5.8527944929664955e-05,0.04635611176490784,0.0,0.0,0.0,1.0,1.0,600,67520,29,5,1.0735844373703003,2.652657216543954,-0.0004500473733060062,0.007966911420226097,-0.009411673061549664,0.9411673061549664,1.0,0.43729114532470703,-0.024124622344970703,0.4458584189414978,0.453350305557251,-0.017733097076416016,0.4458584487438202,2,0.0
0.017618292942643166,-6.124040163868472e-10,0.0013375395210459828,0.06948015838861465,0.0,0.0,1.0,1.0,1.0,600,68160,24,5,0.8646833300590515,3.90428383242009,0.003184580709785223,0.0031200808007270098,0.00387637154199183,0.387637154199183,1.0,0.43345487117767334,-0.032243967056274414,0.4591463804244995,0.45698463916778564,-0.02258014678955078,0.4591464698314667,2,0.0
1.0010805130004883,1.0010805130004883,1.0022315979003906,0.046845871955156326,1.0,1.0,0.0,0.0,0.0,337,68384,17,5,36.445316314697266,2.6181233532135466,-0.0014795151073485613,0.004666603170335293,0.00683204922825098,0.683204922825098,1.0,0.4364684224128723,-0.027336955070495605,0.46210211515426636,0.21748045086860657,-0.2917127013206482,0.46210217475891113,2,1.0
1.004108190536499,1.004108190536499,1.0414180755615234,0.04821009561419487,1.0,1.0,0.0,1.0,0.0,350,68960,19,5,37.4706916809082,0.6245298193434874,-0.0044860546477139,-0.005580938421189785,-0.0002302996872458607,0.5580938421189785,1.0,0.4455067217350006,-0.032718658447265625,0.45503976941108704,0.21423518657684326,-0.30306506156921387,0.45503973960876465,2,0.9447513818740845
1.0000698566436768,1.0000698566436768,1.0027925968170166,0.03726615384221077,1.0,1.0,0.0,0.0,0.0,220,70720,25,6,33.115325927734375,1.979196508955877,0.006852032616734505,-0.008787905797362328,-0.006536382716149092,0.8787905797362328,1.0,0.4486420154571533,-0.03918647766113281,0.4487336277961731,0.2258925437927246,-0.30479907989501953,0.4487335681915283,2,0.8402366638183594
1.0034445524215698,1.0034445524215698,1.0040013790130615,0.04246532917022705,1.0,1.0,0.0,0.0,0.0,246,74272,10,6,34.376590728759766,2.4011745605025503,0.008046239614486694,-0.005045361816883087,-0.009470212273299694,0.9470212273299694,1.0,0.4472970962524414,-0.0364990234375,0.4457998275756836,0.22681951522827148,-0.30228757858276367,0.4457998275756836,2,1.0
0.09970109164714813,7.913875776921486e-09,0.11163730174303055,0.1357950121164322,0.0,0.0,1.0,1.0,1.0,600,74336,28,6,6.306849956512451,1.3841352739821453,-0.004391425289213657,0.004811261314898729,-0.00021613211720250547,0.48112613148987293,1.0,0.4409923553466797,-0.024130940437316895,0.4550538659095764,0.44940876960754395,-0.020888686180114746,0.4550539553165436,2,0.4423076808452606
0.5217415690422058,-9.984634858611744e-16,0.5220914483070374,0.5908976793289185,0.0,0.0,1.0,1.0,1.0,600,74944,15,6,2.7653050422668457,3.9422912738302722,-0.0011101008858531713,-0.0013505107490345836,0.005565567873418331,0.5565567873418331,1.0,0.428934246301651,-0.03681612014770508,0.4608355760574341,0.4526900351047516,-0.027050018310546875,0.46083566546440125,2,0.14000000059604645
1.0035914182662964,1.0035914182662964,1.0076212882995605,0.03204851970076561,1.0,1.0,0.0,0.0,0.0,284,75232,20,6,35.7203483581543,1.6053524013158702,0.009205506183207035,0.009674707427620888,-0.0071243708953261375,0.9674707427620888,1.0,0.4532512426376343,-0.019804000854492188,0.44814562797546387,0.2279672622680664,-0.28762054443359375,0.44814568758010864,2,1.0
1.005053162574768,1.005053162574768,1.005969524383545,0.03100537322461605,1.0,1.0,0.0,0.0,0.0,271,75232,30,6,35.09442138671875,1.7239717630229527,-0.009870614856481552,-0.00459097046405077,-0.004496823996305466,0.9870614856481552,1.0,0.4334588050842285,-0.034360408782958984,0.4507732093334198,0.20877742767333984,-0.30242061614990234,0.4507732391357422,2,1.0
0.2323695421218872,3.79582321130556e-09,0.3605253994464874,0.3978743255138397,0.0,0.0,1.0,1.0,1.0,600,75264,7,6,3.340038776397705,2.139933271684491,-0.008726434782147408,-0.0022939241025596857,-0.0001246254687430337,0.8726434782147408,1.0,0.4320955276489258,-0.033092111349105835,0.4551454782485962,0.44507312774658203,-0.027993887662887573,0.4551454484462738,2,0.3571428656578064
1.0004726648330688,1.0004726648330688,1.000811219215393,0.0716959685087204,1.0,1.0,1.0,0.0,0.0,293,75296,14,6,34.91952133178711,4.088480800843817,0.009411419741809368,0.006411910522729158,0.0021832098718732595,0.9411419741809368,1.0,0.43858861923217773,-0.029447555541992188,0.457453191280365,0.22841978073120117,-0.2897458076477051,0.457453191280365,2,1.0
0.0010943360393866897,7.417908065576739e-09,0.00212353328242898,0.008302610367536545,0.0,0.0,0.0,1.0,1.0,600,75328,9,6,1.4903268814086914,0.3540355185103385,0.002964101266115904,-0.008076568134129047,-0.00928502343595028,0.9285023435950279,1.0,0.4546041488647461,-0.034586429595947266,0.44598498940467834,0.45676374435424805,-0.03377652168273926,0.4459850490093231,2,0.0
1.0048422813415527,1.0048422813415527,1.0049923658370972,0.020708750933408737,1.0,1.0,0.0,1.0,0.0,317,75552,18,6,36.562965393066406,1.177927594071229,0.0023469028528779745,0.004363838117569685,0.002154675079509616,0.4363838117569685,1.0,0.44897934794425964,-0.024082541465759277,0.45742475986480713,0.22101089358329773,-0.2933884859085083,0.45742470026016235,2,1.0
0.21455083787441254,2.0488691006903537e-05,0.21738898754119873,0.2727278470993042,0.0,0.0,1.0,1.0,1.0,600,75712,0,6,1.7437527179718018,3.171860022717997,-0.002898343838751316,-0.008499255403876305,0.00431732926517725,0.8499255403876305,1.0,0.431734561920166,-0.04192781448364258,0.4595874547958374,0.4508934020996094,-0.034201622009277344,0.4595873951911926,2,0.0
0.3499647378921509,1.7109096006606705e-05,0.35365259647369385,0.40632423758506775,0.0,0.0,1.0,1.0,1.0,600,75904,5,6,2.353424072265625,3.0188377452135007,-0.009335186332464218,-0.009805282577872276,0.009802784770727158,0.9805282577872276,1.0,0.42621278762817383,-0.042836666107177734,0.4650728702545166,0.4444589614868164,-0.0355076789855957,0.4650728404521942,2,0.0
0.082687146961689,7.913875776921486e-09,0.10552618652582169,0.12034017592668533,0.0,0.0,1.0,1.0,1.0,600,75904,31,6,6.647353649139404,0.84877810992567,-0.0048137204721570015,0.0063260868191719055,-0.0008973313961178064,0.6326086819171906,1.0,0.4438157081604004,-0.02133774757385254,0.45437273383140564,0.4489860534667969,-0.01937389373779297,0.4543727934360504,2,0.3541666567325592
1.0030863285064697,1.0030863285064697,1.0064260959625244,0.007658431306481361,1.0,1.0,0.0,0.0,0.0,280,76000,27,6,35.84491729736328,0.24744425333378062,0.00825614482164383,-0.005498560145497322,0.006816512905061245,0.8256144821643829,1.0,0.46054577827453613,-0.03176319599151611,0.4620865285396576,0.22705769538879395,-0.3026098906993866,0.46208655834198,2,1.0
1.0023330450057983,1.0023330450057983,1.0325567722320557,0.0875457152724266,1.0,1.0,1.0,0.0,0.0,307,76032,26,6,34.971160888671875,3.284296675844043,0.009406693279743195,-0.0029964400455355644,0.009142697788774967,0.9406693279743195,1.0,0.44336867332458496,-0.03671860694885254,0.4644128084182739,0.22826766967773438,-0.299832820892334,0.46441274881362915,2,1.0
0.005347114522010088,0.00023764254001434892,0.002842584392055869,0.04751637950539589,0.0,0.0,0.0,1.0,1.0,600,76288,23,6,1.0926450490951538,2.5732379113091612,-0.00754664558917284,-0.0015032407827675343,-0.00736524723470211,0.754664558917284,1.0,0.4306708574295044,-0.03339266777038574,0.4479048252105713,0.4461700916290283,-0.02723407745361328,0.4479047954082489,2,0.0
0.037965185940265656,8.240507668233477e-06,0.03766612708568573,0.12248127907514572,0.0,0.0,1.0,1.0,1.0,600,76512,4,6,0.4891934096813202,4.860024519017158,0.00035919813672080636,0.0033758629579097033,-0.00048663176130503416,0.3375862957909703,1.0,0.4249739646911621,-0.03459620475769043,0.4547833800315857,0.45415592193603516,-0.02232527732849121,0.45478343963623047,2,0.0
0.0034355693496763706,4.905974947178038e-06,0.007340619806200266,0.03585946559906006,0.0,0.0,0.0,1.0,1.0,600,76544,12,6,1.7001382112503052,1.63429201955092,0.003884652629494667,-0.005964877083897591,-0.008083343505859375,0.8083343505859375,1.0,0.4477558135986328,-0.03551483154296875,0.4471867084503174,0.45768308639526367,-0.03166544437408447,0.4471867084503174,2,0.0
1.003308653831482,1.003308653831482,1.0086790323257446,0.05594968795776367,1.0,1.0,1.0,0.0,0.0,263,76576,24,6,34.622474670410156,2.8979764806330675,0.0019825126510113478,0.0004443117359187454,-0.006644923239946365,0.6644923239946365,1.0,0.43825364112854004,-0.03227567672729492,0.4486251473426819,0.22076678276062012,-0.29674816131591797,0.4486250877380371,2,1.0
0.0020171962678432465,1.624274403866366e-07,0.0009003128507174551,0.05541681498289108,0.0,0.0,1.0,1.0,1.0,600,76800,11,6,1.4896670579910278,3.1235746407108267,0.0024915921967476606,0.004534779116511345,0.008845345117151737,0.8845345117151737,1.0,0.43741369247436523,-0.02876901626586914,0.4641153812408447,0.45629191398620605,-0.021165132522583008,0.4641154706478119,2,0.0
0.040231894701719284,1.5744712072773837e-05,0.0014763653744012117,0.04315027594566345,0.0,0.0,0.0,1.0,1.0,600,79296,1,6,0.869890034198761,2.388643084366281,0.0032663848251104355,0.00985492579638958,-0.005178936291486025,0.985492579638958,1.0,0.44259214401245117,-0.021567106246948242,0.45009106397628784,0.4570608139038086,-0.015846967697143555,0.45009109377861023,2,0.0
1.004023790359497,1.004023790359497,1.004367470741272,0.007663587108254433,1.0,1.0,0.0,0.0,0.0,280,79680,25,6,35.948883056640625,0.4193986145983622,0.0054611871019005775,0.007034381851553917,-0.008734967559576035,0.8734967559576035,1.0,0.45670318603515625,-0.019626617431640625,0.4465351402759552,0.22418928146362305,-0.2904191017150879,0.44653499126434326,2,1.0
1.003103494644165,1.003103494644165,1.0038728713989258,0.025778796523809433,1.0,1.0,0.0,1.0,0.0,347,80064,19,6,37.1138801574707,1.4329358016631228,-0.001320629962719977,-0.003704833099618554,0.0009513450204394758,0.3704833099618554,1.0,0.4437677562236786,-0.03276515007019043,0.4562213718891144,0.2174796462059021,-0.30082249641418457,0.45622140169143677,2,1.0
1.001844882965088,1.001844882965088,1.0018728971481323,0.01800866797566414,1.0,1.0,0.0,0.0,0.0,239,82912,7,6,34.5434455871582,1.0302149348727714,-0.006892602425068617,0.0044498746283352375,-0.00801810808479786,0.8018108084797859,1.0,0.44063520431518555,-0.023644059896469116,0.44725194573402405,0.2120065689086914,-0.29220840334892273,0.4472518563270569,2,1.0
0.1434383988380432,7.913867783315709e-09,0.1435534805059433,0.22075878083705902,0.0,0.0,1.0,1.0,1.0,600,83072,3,6,-0.4442545771598816,4.423547256523017,-0.007852724753320217,-0.009034181945025921,-0.004659521393477917,0.9034181945025921,1.0,0.419339656829834,-0.04580354690551758,0.45061051845550537,0.44594669342041016,-0.034734129905700684,0.45061054825782776,2,0.0
0.02984149008989334,1.6829196169965144e-07,0.02364453673362732,0.06348158419132233,0.0,0.0,1.0,1.0,1.0,600,83328,8,6,1.410843849182129,2.2825055732022794,-0.00743240537121892,0.009771546348929405,0.009971214458346367,0.9971214458346367,1.0,0.43253183364868164,-0.021383285522460938,0.4652411937713623,0.4463672637939453,-0.01592838764190674,0.46524128317832947,2,0.0
1.000389814376831,1.000389814376831,1.0363794565200806,0.08839771151542664,1.0,1.0,1.0,0.0,0.0,284,83360,10,6,34.983089447021484,3.002764175662345,-0.00020491408940870315,-0.00284601585008204,-0.0011204197071492672,0.284601585008204,1.0,0.4354395866394043,-0.03583717346191406,0.45414966344833374,0.2188096046447754,-0.29897356033325195,0.45414966344833374,2,1.0
1.0022283792495728,1.0022283792495728,1.1302859783172607,0.14575603604316711,1.0,1.0,1.0,0.0,0.0,258,83488,30,6,34.50891876220703,1.014041153639887,-0.0011662245960906148,-0.007232738193124533,0.00522717647254467,0.7232738193124533,1.0,0.4464602470397949,-0.03528785705566406,0.46049726009368896,0.21770286560058594,-0.3040308952331543,0.4604972004890442,2,0.9274611473083496
1.000433325767517,1.000433325767517,1.0163209438323975,0.016347192227840424,1.0,1.0,0.0,0.0,0.0,263,83744,9,6,35.60778045654297,0.026347294640765514,-0.004379319492727518,0.00956343486905098,-0.009722000919282436,0.9722000919282436,1.0,0.44926023483276367,-0.016196489334106445,0.44554802775382996,0.2146320343017578,-0.28657984733581543,0.44554799795150757,2,1.0
1.0015143156051636,1.0015143156051636,1.0735721588134766,0.11088433116674423,1.0,1.0,1.0,0.0,0.0,247,83808,31,6,33.99890899658203,2.224586636257629,0.007147100754082203,0.00743833975866437,0.00447314465418458,0.743833975866437,1.0,0.44745874404907227,-0.023571252822875977,0.4597432017326355,0.2260723114013672,-0.28909921646118164,0.4597432017326355,2,0.9489796161651611
1.0022128820419312,1.0022128820419312,1.0025473833084106,0.011744730174541473,1.0,1.0,0.0,0.0,0.0,265,84032,18,6,34.76993942260742,0.6537584933186462,0.0008749912376515567,-0.00665687583386898,-0.001400720328092575,0.665687583386898,1.0,0.4506899118423462,-0.03386259078979492,0.45386937260627747,0.21974527835845947,-0.30344951152801514,0.4538692831993103,2,0.981249988079071
1.0066282749176025,1.0066282749176025,1.0093212127685547,0.02034115418791771,1.0,1.0,0.0,0.0,0.0,263,84320,5,6,33.58045959472656,1.0111754623962435,-0.000583005603402853,-0.009383057244122028,-0.009216976352036,0.9383057244122028,1.0,0.44706058502197266,-0.03743171691894531,0.44605308771133423,0.2179427146911621,-0.3077878952026367,0.44605302810668945,2,0.25333333015441895
1.005873680114746,1.005873680114746,1.0058826208114624,0.003750962670892477,1.0,1.0,0.0,0.0,0.0,291,84544,20,6,36.379127502441406,0.21440412035834308,0.00968102179467678,-8.788611012278125e-05,0.0022563766688108444,0.9681021794676781,1.0,0.462172269821167,-0.026276588439941406,0.4575263261795044,0.2282649278640747,-0.2982172966003418,0.45752638578414917,2,1.0
0.062059301882982254,7.913876665099906e-09,0.003409127239137888,0.0705694928765297,0.0,0.0,1.0,1.0,1.0,600,84576,2,6,1.938765525817871,3.8480086231878854,-0.0076078693382442,-0.0004336909914854914,0.006503642536699772,0.76078693382442,1.0,0.42299604415893555,-0.035647034645080566,0.46177369356155396,0.44619178771972656,-0.026133626699447632,0.46177372336387634,2,0.0
1.0027662515640259,1.0027662515640259,1.0031425952911377,0.013999726623296738,1.0,1.0,0.0,0.0,0.0,260,84864,12,6,35.223392486572266,0.7805657577366931,0.002050684532150626,0.003663038369268179,0.002760068280622363,0.3663038369268179,1.0,0.4510951042175293,-0.023840218782424927,0.45803016424179077,0.22087740898132324,-0.293331503868103,0.458030104637146,2,1.0
0.07081902772188187,-3.204616012945249e-16,0.10147799551486969,0.14805269241333008,0.0,0.0,1.0,1.0,1.0,600,84992,6,6,2.102052688598633,2.6685350584867065,-0.008228778839111328,0.004452875815331936,0.009898561052978039,0.9898561052978039,1.0,0.4294166564941406,-0.0276792049407959,0.4651685953140259,0.4455709457397461,-0.021247148513793945,0.46516868472099304,2,0.0
0.08413343131542206,7.935764045896576e-09,0.005486093461513519,0.09274894744157791,0.0,0.0,1.0,1.0,1.0,600,85376,13,6,-0.014847205951809883,4.999794521984537,0.008589111268520355,-0.005318073555827141,0.0077856541611254215,0.8589111268520355,1.0,0.43238067626953125,-0.04367947578430176,0.46305572986602783,0.4623894691467285,-0.03101813793182373,0.4630557596683502,2,0.0
1.0032451152801514,1.0032451152801514,1.0037331581115723,0.020010558888316154,1.0,1.0,0.0,0.0,0.0,282,85536,4,6,35.548892974853516,1.1185584158667146,-0.006034439895302057,-0.004493139684200287,-0.002783746924251318,0.6034439895302057,1.0,0.44095754623413086,-0.03279733657836914,0.4524862468242645,0.2127552032470703,-0.3016622066497803,0.45248621702194214,2,1.0
0.6394610404968262,1.1162691180288675e-06,0.6407306790351868,0.6557894349098206,0.0,0.0,1.0,1.0,1.0,600,85664,16,6,3.3829965591430664,0.8628756203725764,-0.0018995862919837236,0.003101490205153823,0.009192973375320435,0.9192973375320435,1.0,0.4466443657875061,-0.02459573745727539,0.46446293592453003,0.4519002437591553,-0.022598743438720703,0.4644630253314972,2,0.7681159377098083
0.020778628066182137,7.1465029449768736e-09,0.00014652320533059537,0.05711148679256439,0.0,0.0,1.0,1.0,1.0,600,85696,21,6,1.0051356554031372,3.2638530658845486,-0.0011245989007875323,-0.0018235244788229465,-0.008590107783675194,0.8590107783675194,1.0,0.4329591989517212,-0.0354924201965332,0.446679949760437,0.452675461769104,-0.027523279190063477,0.4466799795627594,2,0.0
0.0650508850812912,2.930689003109721e-13,0.044475946575403214,0.10996107012033463,0.0,0.0,1.0,1.0,1.0,600,86144,22,6,1.2554665803909302,3.75202312100805,0.005803087260574102,-0.007753750775009394,0.002243462949991226,0.7753750775009394,1.0,0.43697845935821533,-0.04271075129508972,0.4575135111808777,0.4596031904220581,-0.03345370292663574,0.4575135409832001,2,0.0
9.3028815172147e-05,1.712357970973244e-07,0.0007559023215435445,0.03492344170808792,0.0,0.0,0.0,1.0,1.0,600,86720,29,6,0.7791292667388916,1.9576675392485854,0.006450567860156298,0.007330084685236216,-0.009075312875211239,0.9075312875211239,1.0,0.44837021827697754,-0.023015260696411133,0.44619470834732056,0.4602508544921875,-0.01837015151977539,0.4461947977542877,2,0.0
0.06625543534755707,2.2018471490525826e-09,0.0033226434607058764,0.07095607370138168,0.0,0.0,1.0,1.0,1.0,600,87584,17,6,0.9187189340591431,3.875110386927673,0.005657159723341465,-0.0063459305092692375,0.003359546884894371,0.6345930509269238,1.0,0.43610069155693054,-0.041631728410720825,0.4586296081542969,0.45945724844932556,-0.0320458710193634,0.45862963795661926,2,0.0
1.0004462003707886,1.0004462003707886,1.0017902851104736,0.051320213824510574,1.0,1.0,1.0,0.0,0.0,259,88352,19,6,34.23313903808594,2.86342084607468,0.005410217680037022,-0.0023572000209242105,-0.009882667101919651,0.9882667101919651,1.0,0.4418882429599762,-0.0349881649017334,0.44538742303848267,0.22442039847373962,-0.2985053062438965,0.44538742303848267,2,1.0
1.0028399229049683,1.0028399229049683,1.0030701160430908,0.01227939035743475,1.0,1.0,0.0,1.0,0.0,334,89984,1,6,37.2031364440918,0.6903686274350319,-0.0002846343268174678,0.004166980739682913,0.004645096603780985,0.4645096603780985,1.0,0.4493074417114258,-0.02312469482421875,0.4599151611328125,0.2185359001159668,-0.29285430908203125,0.4599151611328125,2,1.0
1.0030022859573364,1.0030022859573364,1.0030399560928345,0.052264392375946045,1.0,1.0,1.0,0.0,0.0,294,92480,3,6,35.39295196533203,2.9923696949626435,0.005195918492972851,0.0039603072218596935,-0.0016966327093541622,0.5195918492972851,1.0,0.4409012794494629,-0.029003024101257324,0.45357346534729004,0.22400379180908203,-0.29312026500701904,0.45357340574264526,2,1.0
1.0039314031600952,1.0039314031600952,1.0465686321258545,0.06025036796927452,1.0,1.0,1.0,0.0,0.0,249,92544,2,6,34.585609436035156,1.0091538331236256,-0.00477934256196022,0.005844647530466318,-0.005991364363580942,0.5991364363580942,1.0,0.44287633895874023,-0.022199004888534546,0.4492788016796112,0.21395635604858398,-0.2915750741958618,0.44927871227264404,2,0.9509202241897583
0.48372769355773926,-2.5792045582617718e-11,0.49136319756507874,0.5607905983924866,0.0,0.0,1.0,1.0,1.0,600,93536,28,6,2.3491947650909424,3.9778996112944873,-0.003191368654370308,0.0003655396867543459,0.008156472817063332,0.8156472817063332,1.0,0.42664170265197754,-0.03519594669342041,0.46342653036117554,0.4506089687347412,-0.025334477424621582,0.4634265601634979,2,0.08988764137029648
1.0035592317581177,1.0035592317581177,1.0074124336242676,0.015105570666491985,1.0,1.0,0.0,0.0,0.0,271,94048,13,6,35.461856842041016,0.6447096666071429,0.002965780673548579,-0.0009361908305436373,-0.0028066118247807026,0.2965780673548579,1.0,0.4528357982635498,-0.028120875358581543,0.4524635374546051,0.22172999382019043,-0.298220157623291,0.45246338844299316,2,1.0
0.48118430376052856,-1.26704158276425e-09,0.48194652795791626,0.5285833477973938,0.0,0.0,1.0,1.0,1.0,600,94144,15,6,3.0042433738708496,2.672094013931106,-0.006315257865935564,-0.005899475421756506,0.009849360212683678,0.9849360212683678,1.0,0.43130919337272644,-0.0380406379699707,0.4651194214820862,0.4474848806858063,-0.03159904479980469,0.46511945128440857,2,0.07446808367967606
1.0010007619857788,1.0010007619857788,1.0019025802612305,0.009382940828800201,1.0,1.0,0.0,0.0,0.0,270,94176,4,6,35.53249740600586,0.4859342887482332,0.002552133286371827,0.0036629836540669203,0.0002879118255805224,0.36629836540669203,1.0,0.4533882141113281,-0.023151874542236328,0.45555803179740906,0.22151851654052734,-0.29268741607666016,0.45555800199508667,2,1.0
1.0021567344665527,1.0021567344665527,1.0021731853485107,0.03470012918114662,1.0,1.0,0.0,0.0,0.0,271,94336,16,6,34.96489715576172,1.9872279576461658,-0.007208162918686867,0.005038020201027393,-0.005199543200433254,0.7208162918686867,1.0,0.4345332980155945,-0.025380373001098633,0.45007044076919556,0.21166664361953735,-0.291733980178833,0.45007050037384033,2,1.0
0.05301038548350334,5.6566160644422325e-09,0.050095025449991226,0.10518980026245117,0.0,0.0,1.0,1.0,1.0,600,94496,14,6,0.9610674977302551,3.1566946548830415,0.007810185197740793,0.006638559978455305,-0.005039616487920284,0.7810185197740793,1.0,0.4425344467163086,-0.026751279830932617,0.4502304792404175,0.4616105556488037,-0.019061565399169922,0.45023050904273987,2,0.0
0.04569171741604805,7.913867783315709e-09,0.04570044204592705,0.09102443605661392,0.0,0.0,1.0,1.0,1.0,600,94912,0,6,1.8111659288406372,2.5968771960265755,-0.009926398284733295,-0.009806452319025993,0.007878333330154419,0.9926398284733295,1.0,0.4281492233276367,-0.041756629943847656,0.4631483554840088,0.44387340545654297,-0.035506248474121094,0.46314844489097595,2,0.0
1.0056215524673462,1.0056215524673462,1.0474658012390137,0.05836713686585426,1.0,1.0,1.0,0.0,0.0,264,95168,29,6,35.39666748046875,0.9466960220320901,0.005764439236372709,0.00011153789091622457,-0.002016310812905431,0.5764439236372709,1.0,0.4537992477416992,-0.027783870697021484,0.45325377583503723,0.22436785697937012,-0.2979254722595215,0.45325374603271484,2,0.9550561904907227
0.07588059455156326,4.589177478919737e-06,0.0016768088098615408,0.08129049092531204,0.0,0.0,1.0,1.0,1.0,600,95200,27,6,0.7737258672714233,4.561791992871368,0.0006790608167648315,-0.00442599318921566,0.006908238399773836,0.6908238399773836,1.0,0.42705440521240234,-0.04157400131225586,0.4621782898902893,0.45447778701782227,-0.03012654185295105,0.4621783196926117,2,0.0
0.41484129428863525,0.002625345950946212,0.4190383851528168,0.47820791602134705,0.0,0.0,1.0,1.0,1.0,600,95232,26,6,2.5652809143066406,3.5405871447309005,0.008514094166457653,-0.006638433784246445,0.007549620699137449,0.8514094166457653,1.0,0.4409477710723877,-0.041034698486328125,0.4628196358680725,0.4613957405090332,-0.03268074989318848,0.4628196656703949,2,0.14942528307437897
0.02204887568950653,5.182783997977058e-13,0.002450327854603529,0.08751071989536285,0.0,0.0,1.0,1.0,1.0,600,95488,23,6,0.19018760323524475,4.87360250820032,0.003888501087203622,0.008593367412686348,0.007728399243205786,0.8593367412686348,1.0,0.4284231662750244,-0.029416322708129883,0.4629983901977539,0.45768868923187256,-0.01710665225982666,0.46299847960472107,2,0.0
1.0011746883392334,1.0011746883392334,1.0017411708831787,0.03972279280424118,1.0,1.0,0.0,1.0,0.0,337,95776,6,6,36.55729675292969,2.2434853428042314,0.0034793701488524675,-0.0005488877650350332,0.004496284294873476,0.4496284294873476,1.0,0.4436783790588379,-0.03160595893859863,0.4597662687301636,0.22243165969848633,-0.2969624996185303,0.4597662687301636,2,1.0
0.025388846173882484,2.6341399461671244e-06,0.02372121624648571,0.10182670503854752,0.0,0.0,1.0,1.0,1.0,600,95776,24,6,0.6201485395431519,4.475267156465646,-0.002413733396679163,0.0028987491969019175,-0.0022190732415765524,0.28987491969019175,1.0,0.4244725704193115,-0.034012556076049805,0.45305097103118896,0.451385498046875,-0.022801637649536133,0.4530509412288666,2,0.0
0.04497634619474411,2.730880339640862e-07,0.001988242147490382,0.08120154589414597,0.0,0.0,1.0,1.0,1.0,600,96000,11,6,0.5153645277023315,4.5386056350732895,0.0071939267218112946,-0.001482587424106896,-0.009606610052287579,0.9606610052287579,1.0,0.43370580673217773,-0.03856706619262695,0.4456633925437927,0.46099424362182617,-0.027182340621948242,0.4456634819507599,2,0.0
1.0055270195007324,1.0055270195007324,1.03757905960083,0.08739670366048813,1.0,1.0,1.0,0.0,0.0,293,96960,17,6,35.36676788330078,3.1710056087415106,0.0019158207578584552,0.009029586799442768,0.005984853021800518,0.9029586799442768,1.0,0.4365542531013489,-0.02439737319946289,0.46125495433807373,0.22052651643753052,-0.2889726459980011,0.46125489473342896,2,1.0
1.0012047290802002,1.0012047290802002,1.0366721153259277,0.08079473674297333,1.0,1.0,1.0,0.0,0.0,309,98240,19,6,35.324684143066406,2.5970622514644006,0.0010759129654616117,-0.0008224784396588802,0.00748944329097867,0.748944329097867,1.0,0.43915045261383057,-0.03277230262756348,0.46275949478149414,0.2200259268283844,-0.29724740982055664,0.46275949478149414,2,1.0
1.001806378364563,1.001806378364563,1.0021092891693115,0.023119676858186722,1.0,1.0,0.0,0.0,0.0,270,98624,1,6,35.28141784667969,1.3073055709381394,0.0024242226500064135,-0.001558830263093114,-0.009758382104337215,0.9758382104337215,1.0,0.448272705078125,-0.030315160751342773,0.44551166892051697,0.2213268280029297,-0.2982027530670166,0.4455116391181946,2,1.0
0.025674203410744667,1.8028619308552152e-07,0.01854785531759262,0.04934767261147499,0.0,0.0,0.0,1.0,1.0,600,98880,25,6,1.0030467510223389,1.7647102128840824,-0.00819359254091978,0.009061899036169052,0.002794660860672593,0.9061899036169052,1.0,0.4348900318145752,-0.020807266235351562,0.4580646753311157,0.44560670852661133,-0.016637802124023438,0.4580647647380829,2,0.0
1.003552794456482,1.003552794456482,1.005464792251587,0.005305370781570673,1.0,1.0,0.0,0.0,0.0,261,100896,2,7,35.27760696411133,0.1944299525021548,-0.005723699927330017,-0.0018096998101100326,0.00023623130982741714,0.5723699927330017,1.0,0.44688940048217773,-0.027952879667282104,0.455506294965744,0.21304082870483398,-0.299091100692749,0.4555063247680664,2,1.0
1.004343032836914,1.004343032836914,1.020621657371521,0.055526040494441986,1.0,1.0,1.0,0.0,0.0,247,102048,15,7,34.29844665527344,2.248700619122359,0.009394511580467224,0.0031245083082467318,-0.003981376998126507,0.9394511580467224,1.0,0.4495617747306824,-0.027945518493652344,0.451288640499115,0.22809764742851257,-0.2944455146789551,0.451288640499115,2,1.0
0.4251886308193207,2.9767311389150564e-06,0.42580416798591614,0.5032660961151123,0.0,0.0,1.0,1.0,1.0,600,102112,7,7,1.7109711170196533,4.438404625515087,0.002438307972624898,-0.004265780560672283,-0.003835187526419759,0.4265780560672283,1.0,0.42954254150390625,-0.04107549786567688,0.451434850692749,0.4562363624572754,-0.029966026544570923,0.45143482089042664,2,0.024096384644508362
0.06910907477140427,7.913867783315709e-09,0.0016752416267991066,0.07709772884845734,0.0,0.0,1.0,1.0,1.0,600,102528,8,7,0.9388659000396729,4.321391105314898,-0.004870263859629631,-0.0012888249475508928,0.00824554543942213,0.8245545439422131,1.0,0.4229269027709961,-0.03777933120727539,0.4635156989097595,0.4489293098449707,-0.026988863945007324,0.46351566910743713,2,0.0
0.07373607903718948,7.931350687329086e-09,0.0004696030227933079,0.07617026567459106,0.0,0.0,1.0,1.0,1.0,600,102560,10,7,0.6242074966430664,4.337328924856299,0.00036081246798858047,-0.0028787266928702593,0.002300215419381857,0.28787266928702593,1.0,0.42806315422058105,-0.0394129753112793,0.4575701951980591,0.4541611671447754,-0.02857828140258789,0.45757028460502625,2,0.0
1.0029680728912354,1.0029680728912354,1.0187307596206665,0.026390526443719864,1.0,1.0,0.0,0.0,0.0,282,102560,28,7,35.816505432128906,0.608925878658623,0.00919062178581953,-0.00029031955637037754,0.0007350353407673538,0.919062178581953,1.0,0.45927858352661133,-0.027391552925109863,0.45600512623786926,0.22800159454345703,-0.29735875129699707,0.4560050368309021,2,1.0
0.026664629578590393,1.310556345520894e-13,0.001499166595749557,0.08092296868562698,0.0,0.0,1.0,1.0,1.0,600,102688,30,7,0.5963375568389893,4.5506511005614305,-0.007600882556289434,-0.0022914372384548187,-0.0003736430371645838,0.7600882556289434,1.0,0.4188394546508789,-0.03940916061401367,0.45489633083343506,0.4461984634399414,-0.02799081802368164,0.454896479845047,2,0.0
1.0050925016403198,1.0050925016403198,1.048437237739563,0.059232402592897415,1.0,1.0,1.0,0.0,0.0,272,102752,13,7,35.30584716796875,0.9102928213032146,0.004849439952522516,-0.006406952161341906,0.002758896676823497,0.6406952161341906,1.0,0.4531056880950928,-0.03421628475189209,0.4580289125442505,0.223494291305542,-0.3042503595352173,0.45802897214889526,2,0.9428571462631226
0.9935925006866455,7.936763068983055e-08,0.99460768699646,1.0757256746292114,0.0,0.0,1.0,1.0,1.0,600,102944,9,7,2.695976495742798,4.647774683011719,0.009923182427883148,0.0033193049021065235,0.0064602685160934925,0.9923182427883148,1.0,0.4357905387878418,-0.03406548500061035,0.46173036098480225,0.46372270584106445,-0.022380828857421875,0.46173039078712463,2,0.3218390941619873
0.0690656453371048,2.0343010476153722e-07,0.05139059200882912,0.1270182579755783,0.0,0.0,1.0,1.0,1.0,600,103008,31,7,0.6735236048698425,4.333156106160245,0.008299017325043678,0.008031937293708324,0.007653075270354748,0.8299017325043678,1.0,0.43602657318115234,-0.028490543365478516,0.4629231095314026,0.4620985984802246,-0.01766800880432129,0.46292319893836975,2,0.0
0.15963177382946014,7.913875776921486e-09,0.13200169801712036,0.20964489877223969,0.0,0.0,1.0,1.0,1.0,600,103232,18,7,0.7139745354652405,4.448625576721188,0.0024605190847069025,-0.0032069741282612085,-0.008720590732991695,0.8720590732991695,1.0,0.4295044243335724,-0.04004478454589844,0.4465494155883789,0.45626065135002136,-0.028906941413879395,0.44654950499534607,2,0.0
0.1238354817032814,-6.818846598477535e-10,0.10162816941738129,0.18409612774848938,0.0,0.0,1.0,1.0,1.0,600,103520,5,7,0.10333293676376343,4.725066811206876,0.0010017298627644777,-0.007255391217768192,-0.009006025269627571,0.9006025269627571,1.0,0.42641305923461914,-0.04485368728637695,0.4462640881538391,0.4548015594482422,-0.032955169677734375,0.4462640583515167,2,0.0
0.05662084370851517,7.91386689513729e-09,0.007195332553237677,0.06884171068668365,0.0,0.0,1.0,1.0,1.0,600,103744,20,7,-0.048562660813331604,3.532078436572357,-0.009360123425722122,-0.002945441985502839,-0.0032481784000992775,0.9360123425722122,1.0,0.4231243133544922,-0.037319183349609375,0.45202183723449707,0.44444000720977783,-0.028645038604736328,0.45202192664146423,2,0.0
1.0000312328338623,1.0000312328338623,1.0012084245681763,0.045437246561050415,1.0,1.0,0.0,0.0,0.0,273,103904,29,7,34.91489791870117,2.5359149829198615,0.004052651114761829,0.002520059933885932,-0.0023378150071948767,0.40526511147618294,1.0,0.44249415397644043,-0.029274702072143555,0.4529322385787964,0.22309613227844238,-0.29347681999206543,0.4529322385787964,2,1.0
0.4103566110134125,0.4103566110134125,0.49541181325912476,0.1676972657442093,0.3572373192706516,0.0,1.0,0.0,1.0,600,104064,12,7,9.6499662399292,4.735046571357911,-0.008588138967752457,0.0003182272776030004,-0.006857678294181824,0.8588138967752457,1.0,0.4167637825012207,-0.03730735182762146,0.4484124183654785,0.3163769245147705,-0.10630092024803162,0.44841232895851135,2,0.0
0.43405580520629883,3.8364072679542005e-05,0.43419596552848816,0.4894516170024872,0.0,0.0,1.0,1.0,1.0,600,104896,21,7,2.7434310913085938,3.168109181646602,0.002887156791985035,-0.006431921850889921,0.0021623880602419376,0.6431921850889921,1.0,0.43754279613494873,-0.03985095024108887,0.4574323892593384,0.45667362213134766,-0.03213644027709961,0.45743241906166077,2,0.19780220091342926
0.0011912572663277388,4.925921714971082e-08,0.001264158170670271,0.0048085725866258144,0.0,0.0,0.0,1.0,1.0,600,105344,22,7,1.530012607574463,0.2030827616439296,-0.00811835378408432,0.006329266354441643,-0.00995016098022461,0.9950160980224609,1.0,0.44444215297698975,-0.019833505153656006,0.4453199803829193,0.44568192958831787,-0.019370704889297485,0.44531992077827454,2,0.0
1.0009301900863647,1.0009301900863647,1.0036234855651855,0.07038018852472305,1.0,1.0,1.0,0.0,0.0,273,107616,25,7,32.725345611572266,3.878170738562662,0.0016957023181021214,0.008668102324008942,0.009973783977329731,0.9973783977329731,1.0,0.43212127685546875,-0.026626110076904297,0.4652438163757324,0.22066760063171387,-0.2876567840576172,0.4652438163757324,2,0.24113474786281586
1.0031930208206177,1.0031930208206177,1.0035552978515625,0.07832478731870651,1.0,1.0,1.0,1.0,0.0,336,107712,17,7,35.57866668701172,4.466922372847183,0.0016428864328190684,0.00022138672647997737,-0.007750250864773989,0.7750250864773989,1.0,0.42857858538627625,-0.03666657209396362,0.44751977920532227,0.2204360067844391,-0.29692891240119934,0.44751977920532227,2,1.0
1.0042482614517212,1.0042482614517212,1.0066930055618286,0.05704661086201668,1.0,1.0,1.0,0.0,0.0,297,108128,1,7,35.401588439941406,3.1284554512030356,0.008166894316673279,0.0028740265406668186,0.009015027433633804,0.9015027433633804,1.0,0.44305896759033203,-0.030442476272583008,0.4642850160598755,0.22687721252441406,-0.2946617603302002,0.4642850160598755,2,1.0
1.004420280456543,1.004420280456543,1.0044317245483398,0.04130394384264946,1.0,1.0,0.0,0.0,0.0,236,109664,7,7,34.25362777709961,2.365886174712268,0.0059285592287778854,-0.0022181228268891573,-0.008400978520512581,0.8400978520512581,1.0,0.4453911781311035,-0.03358280658721924,0.4468690752983093,0.2246255874633789,-0.29981642961502075,0.4468690752983093,2,1.0
1.0021147727966309,1.0021147727966309,1.002158522605896,0.017186621204018593,1.0,1.0,0.0,0.0,0.0,276,109728,2,7,35.51110076904297,0.982214713263449,0.008618339896202087,0.0035295577254146338,0.0033376633655279875,0.8618339896202087,1.0,0.4564371109008789,-0.024450302124023438,0.4586077034473419,0.22749567031860352,-0.29322728514671326,0.4586077332496643,2,1.0
1.000720739364624,1.000720739364624,1.0040273666381836,0.042783670127391815,1.0,1.0,0.0,0.0,0.0,273,110784,15,7,34.930458068847656,2.261869223842144,0.00423039635643363,-0.0035169043112546206,-0.0025723897852003574,0.423039635643363,1.0,0.44431835412979126,-0.034619808197021484,0.4526975750923157,0.2232188582420349,-0.29976511001586914,0.45269763469696045,2,1.0
0.3908466100692749,9.516486904059818e-11,0.3914635479450226,0.4399951994419098,0.0,0.0,1.0,1.0,1.0,600,111680,3,7,2.4465181827545166,2.7806526137124656,-0.008606569841504097,-0.005564679391682148,0.00868095550686121,0.868095550686121,1.0,0.42836761474609375,-0.03798341751098633,0.4639509320259094,0.4451932907104492,-0.031264662742614746,0.46395108103752136,2,0.0
1.0021566152572632,1.0021566152572632,1.0038530826568604,0.02322675660252571,1.0,1.0,0.0,0.0,0.0,276,112064,18,7,35.27044677734375,1.2335985450052989,0.007011201698333025,-0.0023833985906094313,0.00039588456274941564,0.7011201698333025,1.0,0.4533063769340515,-0.03096306324005127,0.4556659460067749,0.22588598728179932,-0.29915547370910645,0.4556659460067749,2,1.0
1.0004318952560425,1.0004318952560425,1.0005102157592773,0.06268265843391418,1.0,1.0,1.0,0.0,0.0,292,112096,13,7,35.000587463378906,3.5869630619782296,0.00751744257286191,-0.0023047393187880516,0.0014679600717499852,0.751744257286191,1.0,0.43967485427856445,-0.03682363033294678,0.4567379951477051,0.22652912139892578,-0.2984476089477539,0.4567379951477051,2,1.0
1.0019384622573853,1.0019384622573853,1.0026395320892334,0.055449455976486206,1.0,1.0,1.0,0.0,0.0,310,112480,28,7,35.01008224487305,3.136851888127097,0.006500110495835543,-0.007839186117053032,0.00034015384153462946,0.7839186117053032,1.0,0.4413425922393799,-0.04117727279663086,0.45561009645462036,0.22539210319519043,-0.3045315742492676,0.45561009645462036,2,1.0
0.5328323245048523,6.397611286956817e-05,0.5331605076789856,0.5701676607131958,0.0,0.0,1.0,1.0,1.0,600,113376,4,7,3.113374948501587,2.1240249073338853,0.0014948260504752398,-0.0090203071013093,0.005154058337211609,0.90203071013093,1.0,0.4424123764038086,-0.039778709411621094,0.46042400598526,0.4552726745605469,-0.0347285270690918,0.4604240953922272,2,0.1367521435022354
0.04957030713558197,7.913871336029388e-09,0.03001938946545124,0.08213111758232117,0.0,0.0,1.0,1.0,1.0,600,113536,16,7,2.6401312351226807,2.9857836850554587,-0.00615626061335206,-0.005973311141133308,-0.004926001187413931,0.615626061335206,1.0,0.42958948016166687,-0.038919925689697266,0.4503440260887146,0.44764384627342224,-0.03167319297790527,0.45034411549568176,2,0.0
0.13075202703475952,7.913875776921486e-09,0.18167714774608612,0.23791468143463135,0.0,0.0,1.0,1.0,1.0,600,113696,14,7,7.90443229675293,3.2221758918993655,-0.002865096554160118,0.005387588869780302,-0.004383191931992769,0.5387588869780302,1.0,0.43146777153015137,-0.02817249298095703,0.4508867859840393,0.45093512535095215,-0.02031230926513672,0.45088687539100647,2,0.6888889074325562
0.03454112634062767,1.6552274246350862e-05,0.03589567914605141,0.06924013048410416,0.0,0.0,1.0,1.0,1.0,600,114112,0,7,2.768176555633545,1.911443807153701,-0.0025083606597036123,-0.009700189344584942,-0.002038426697254181,0.9700189344584942,1.0,0.43968915939331055,-0.0399317741394043,0.4532315731048584,0.45128583908081055,-0.03540229797363281,0.4532316029071808,2,0.0
1.00043523311615,1.00043523311615,1.0064128637313843,0.05474996566772461,1.0,1.0,1.0,0.0,0.0,349,114112,9,7,36.255496978759766,2.7944508764963607,-0.009408407844603062,0.0044417837634682655,0.006045893300324678,0.9408407844603062,1.0,0.42748260498046875,-0.028012514114379883,0.46131592988967896,0.20960235595703125,-0.2917025089263916,0.46131592988967896,2,1.0
1.0045793056488037,1.0045793056488037,1.0051689147949219,0.026059219613671303,1.0,1.0,0.0,1.0,0.0,347,114112,31,7,37.22284698486328,1.459302252850076,0.001536069205030799,0.007578660733997822,-0.0016675599617883563,0.7578660733997822,1.0,0.44646406173706055,-0.0215456485748291,0.45360249280929565,0.22022056579589844,-0.29007768630981445,0.4536024332046509,2,1.0
0.04561050608754158,4.87677409566345e-09,0.010845803655683994,0.06389317661523819,0.0,0.0,1.0,1.0,1.0,600,114400,27,7,1.5854432582855225,3.039392345747008,-0.005546777043491602,0.005043533630669117,0.006188325118273497,0.6188325118273497,1.0,0.42987847328186035,-0.028041571378707886,0.46145838499069214,0.4482536315917969,-0.020656436681747437,0.4614584147930145,2,0.0
0.010094617493450642,6.258548523874197e-08,0.0006230443832464516,0.05823754519224167,0.0,0.0,1.0,1.0,1.0,600,114432,26,7,1.0106308460235596,3.3010716204455943,-0.00582045828923583,0.007323848083615303,-0.003424509894102812,0.7323848083615303,1.0,0.4280414581298828,-0.026442527770996094,0.45184552669525146,0.4479799270629883,-0.01837611198425293,0.45184561610221863,2,0.0
0.019675781950354576,-6.865542023781757e-10,0.0036862422712147236,0.05298347771167755,0.0,0.0,1.0,1.0,1.0,600,114688,23,7,1.0791789293289185,2.8245259069592197,0.006422451231628656,-0.002637761877849698,-0.0031425084453076124,0.6422451231628656,1.0,0.44313347339630127,-0.03516876697540283,0.4521276354789734,0.46022260189056396,-0.028337836265563965,0.452127605676651,2,0.0
0.3711244761943817,0.21592003107070923,0.4578908681869507,0.31341561675071716,0.15559141428626072,0.0,1.0,0.0,1.0,600,114976,6,7,6.017279624938965,4.09348647573179,-0.008393744006752968,-0.0007556771161034703,-0.007660370320081711,0.8393744006752968,1.0,0.42075347900390625,-0.03662848472595215,0.44760966300964355,0.37343835830688477,-0.06243491172790527,0.4476096034049988,2,0.0
0.0408780612051487,2.5943156742869178e-06,0.00230012321844697,0.04662788659334183,0.0,0.0,0.0,1.0,1.0,600,114976,24,7,1.5771005153656006,2.5399441541999344,-0.0011755547020584345,-0.003075898624956608,0.004828881938010454,0.4828881938010454,1.0,0.437241792678833,-0.03488039970397949,0.46009892225265503,0.45262372493743896,-0.028775930404663086,0.4600989520549774,2,0.0
0.036630384624004364,-1.3214582761378324e-09,0.010742297396063805,0.0944095328450203,0.0,0.0,1.0,1.0,1.0,600,115200,11,7,0.5528150200843811,4.7937802218044965,0.00017204177856910974,-0.007733264937996864,0.0008354755700565875,0.7733264937996864,1.0,0.42517757415771484,-0.04552149772644043,0.45610564947128296,0.45397233963012695,-0.03343319892883301,0.4561055600643158,2,0.0
1.0030800104141235,1.0030800104141235,1.0265134572982788,0.043629493564367294,1.0,1.0,0.0,0.0,0.0,280,117088,1,7,35.674957275390625,1.1571496250075213,0.008012636564671993,-0.0026308048982173204,-0.000787941797170788,0.8012636564671993,1.0,0.454770565032959,-0.03102731704711914,0.4544820487499237,0.22681427001953125,-0.2997395992279053,0.4544820785522461,2,1.0
1.0041260719299316,1.0041260719299316,1.0042732954025269,0.035268090665340424,1.0,1.0,0.0,0.0,0.0,294,117120,17,7,35.293312072753906,2.0122785302008337,-0.008007330819964409,-0.005639059003442526,-0.002288298448547721,0.8007330819964409,1.0,0.43358314037323,-0.0361194908618927,0.4529816508293152,0.21071261167526245,-0.30313000082969666,0.45298171043395996,2,1.0
0.06025006249547005,1.9401038287014671e-07,0.0020427173003554344,0.06635139137506485,0.0,0.0,1.0,1.0,1.0,600,117440,19,7,0.940315842628479,3.684628790693888,-0.005069507285952568,-0.004750027321279049,0.005212968681007624,0.5212968681007624,1.0,0.4265064001083374,-0.03952813148498535,0.4604828953742981,0.44873061776161194,-0.030449867248535156,0.46048304438591003,2,0.0
1.0045166015625,1.0045166015625,1.0048670768737793,0.01658746227622032,1.0,1.0,0.0,0.0,0.0,273,118464,2,7,34.78877258300781,0.930313599864403,0.002181992633268237,-0.006423317361623049,0.000560532498639077,0.6423317361623049,1.0,0.4503164291381836,-0.03428006172180176,0.45583054423332214,0.2208714485168457,-0.30405670404434204,0.45583051443099976,2,0.9254658222198486
1.00453519821167,1.00453519821167,1.0103182792663574,0.025441749021410942,1.0,1.0,0.0,0.0,0.0,274,119552,15,7,35.54629135131836,1.1263583851771635,0.0004119985969737172,0.009853397496044636,-0.005922781303524971,0.9853397496044636,1.0,0.4473569691181183,-0.018469810485839844,0.44934719800949097,0.2190999686717987,-0.28778696060180664,0.44934725761413574,2,1.0
1.003917932510376,1.003917932510376,1.0043482780456543,0.0008280135225504637,1.0,1.0,0.0,1.0,0.0,315,119744,7,7,36.80850601196289,0.02278342332779319,-0.007530194707214832,-0.0008437592186965048,-0.004554251674562693,0.7530194707214832,1.0,0.44613075256347656,-0.026595234870910645,0.4507158696651459,0.21120595932006836,-0.29825878143310547,0.45071572065353394,2,1.0
1.0013045072555542,1.0013045072555542,1.0034255981445312,0.008802159689366817,1.0,1.0,0.0,0.0,0.0,251,120128,13,8,34.794151306152344,0.382799232693834,0.000823946378659457,0.004351750016212463,0.005967068485915661,0.5967068485915661,1.0,0.4522888660430908,-0.02222442626953125,0.46123719215393066,0.21976637840270996,-0.29210925102233887,0.4612370729446411,2,1.0
1.003751516342163,1.003751516342163,1.0047249794006348,0.036060020327568054,1.0,1.0,0.0,0.0,0.0,266,120192,3,8,34.890323638916016,2.0103105819462237,0.0013407119549810886,0.0019818341825157404,-0.007732998114079237,0.7732998114079237,1.0,0.44294309616088867,-0.02849400043487549,0.44753700494766235,0.22008991241455078,-0.2953723669052124,0.44753706455230713,2,1.0
0.010355465114116669,0.00015581304614897817,0.01178045105189085,0.034889932721853256,0.0,0.0,0.0,1.0,1.0,600,121728,8,8,0.9209299683570862,1.3330052249073703,0.0013614072231575847,0.00822877325117588,0.008818530477583408,0.8818530477583408,1.0,0.447054386138916,-0.02058994770050049,0.4640885591506958,0.4551067352294922,-0.01749134063720703,0.4640885293483734,2,0.0
0.514607310295105,0.00016129105642903596,0.514909029006958,0.5744641423225403,0.0,0.0,1.0,1.0,1.0,600,121760,10,8,2.463134288787842,3.421484867305157,0.0064824544824659824,-0.004806980490684509,0.005263075232505798,0.6482454482465982,1.0,0.43962597846984863,-0.038889408111572266,0.46053314208984375,0.46022605895996094,-0.030528545379638672,0.460533082485199,2,0.1458333283662796
0.23367679119110107,7.913875776921486e-09,0.21048963069915771,0.2834061086177826,0.0,0.0,1.0,1.0,1.0,600,121888,30,8,0.6247060298919678,4.177811137451121,-0.0016234942013397813,-0.0038359244354069233,-0.005201720632612705,0.5201720632612705,1.0,0.42702388763427734,-0.03993701934814453,0.45006829500198364,0.4521760940551758,-0.029535770416259766,0.4500683844089508,2,0.0
1.0031205415725708,1.0031205415725708,1.0031623840332031,0.06200406700372696,1.0,1.0,1.0,0.0,0.0,300,122080,28,8,34.953819274902344,3.550170753910075,-0.005364876706153154,0.005950508173555136,0.0006410588975995779,0.5950508173555136,1.0,0.42701220512390137,-0.028470993041992188,0.45591115951538086,0.21343421936035156,-0.29117321968078613,0.45591115951538086,2,1.0
0.012506885454058647,5.3244752052705735e-05,0.0006705461419187486,0.07796885073184967,0.0,0.0,1.0,1.0,1.0,600,122720,5,8,0.6194899678230286,4.431918080237691,-0.004988985136151314,0.007663969416171312,0.003598300274461508,0.7663969416171312,1.0,0.4221534729003906,-0.02912759780883789,0.4588683247566223,0.4487924575805664,-0.018043041229248047,0.4588683545589447,2,0.0
1.001140832901001,1.001140832901001,1.001201868057251,0.05150948837399483,1.0,1.0,1.0,1.0,1.0,293,122912,16,8,33.619964599609375,2.9477864889290317,-0.006127991247922182,-0.003685848554596305,0.005104744806885719,0.6127991247922182,1.0,0.4298449754714966,-0.03653407096862793,0.4603748321533203,0.21282702684402466,-0.30008697509765625,0.4603748321533203,2,0.9870967864990234
0.04441623389720917,7.887315689458774e-09,0.00040216449997387826,0.049656208604574203,0.0,0.0,0.0,1.0,1.0,600,122944,20,8,1.5646235942840576,2.8220499633850897,-0.0023654114920645952,-0.004469888750463724,0.005167665891349316,0.5167665891349316,1.0,0.434360146522522,-0.03699541091918945,0.4604376554489136,0.4514347314834595,-0.03016948699951172,0.46043774485588074,2,0.0
0.04777464643120766,7.913870447850968e-09,9.989941463572904e-05,0.05215571075677872,0.0,0.0,1.0,1.0,1.0,600,123104,29,8,2.4481139183044434,2.9825798994478996,-0.008230375126004219,0.0010737767443060875,-0.007516404613852501,0.8230375126004219,1.0,0.4275345802307129,-0.03186464309692383,0.4477536082267761,0.4455699920654297,-0.02462625503540039,0.4477536976337433,2,0.0
0.05027732253074646,9.732463513500988e-05,0.01363936997950077,0.06364063918590546,0.0,0.0,1.0,1.0,1.0,600,123264,12,8,1.6636828184127808,2.8704388654468684,0.00805371068418026,-0.008699610829353333,0.0019291563658043742,0.8699610829353333,1.0,0.4444897174835205,-0.041348934173583984,0.45719921588897705,0.4618196487426758,-0.0344122052192688,0.45719918608665466,2,0.0
1.0029653310775757,1.0029653310775757,1.0035626888275146,0.07328024506568909,1.0,1.0,1.0,0.0,0.0,283,124032,6,8,34.288299560546875,4.164426527998835,0.005377535242587328,0.00486743776127696,-7.358696893788874e-05,0.5377535242587328,1.0,0.43410396575927734,-0.031197071075439453,0.4551963806152344,0.22418832778930664,-0.29219961166381836,0.4551964998245239,2,1.0
0.005207284353673458,0.00039226753870025277,0.007975945249199867,0.05073569342494011,0.0,0.0,1.0,1.0,1.0,600,124096,21,8,0.8598787188529968,2.4724298686884736,-0.008420507423579693,-0.001074125524610281,0.005609969142824411,0.8420507423579693,1.0,0.4304020404815674,-0.03270769119262695,0.46087998151779175,0.4452422857284546,-0.0268247127532959,0.4608800709247589,2,0.0
0.43563899397850037,5.6606737075526325e-09,0.4699659049510956,0.5053697228431702,0.0,0.0,1.0,1.0,1.0,600,124544,22,8,2.7139461040496826,2.0284733356097573,-7.049819396343082e-05,-0.006180856842547655,-0.001073195831850171,0.6180856842547655,1.0,0.44142234325408936,-0.03670161962509155,0.4541968107223511,0.4537297487258911,-0.03188082575798035,0.45419690012931824,2,0.14942528307437897
1.004032850265503,1.004032850265503,1.00437331199646,0.048018380999565125,1.0,1.0,0.0,0.0,0.0,260,125760,19,8,34.38941192626953,2.7317412021791814,0.0020707398653030396,-0.001645576674491167,-0.006655606906861067,0.6655606906861067,1.0,0.43933752179145813,-0.03393864631652832,0.44861453771591187,0.22079798579216003,-0.2991023063659668,0.4486144185066223,2,1.0
1.0041159391403198,1.0041159391403198,1.0042251348495483,0.07048363983631134,1.0,1.0,1.0,0.0,0.0,279,126048,17,8,34.57203674316406,4.032158207174246,0.009005752392113209,0.009182821027934551,-0.0065261004492640495,0.9182821027934551,1.0,0.4385167956352234,-0.026524603366851807,0.448743999004364,0.2277265191078186,-0.2883044481277466,0.44874393939971924,2,1.0
1.000889539718628,1.000889539718628,1.001976728439331,0.07214051485061646,1.0,1.0,1.0,0.0,0.0,281,126080,1,8,34.64360046386719,4.071053146289707,0.007957778871059418,0.001318945549428463,-0.0001768581278156489,0.7957778871059418,1.0,0.4372372627258301,-0.034493207931518555,0.4550932049751282,0.22693252563476562,-0.29499053955078125,0.4550932049751282,2,1.0
1.0052210092544556,1.0052210092544556,1.03871488571167,0.03735996410250664,1.0,1.0,0.0,0.0,0.0,261,126816,2,8,35.51137161254883,0.22150324822692508,0.0029297408182173967,-0.006634035613387823,0.003747084876522422,0.6634035613387823,1.0,0.45537757873535156,-0.03283923864364624,0.4590170979499817,0.22156429290771484,-0.30452460050582886,0.45901715755462646,2,0.9251337051391602
0.06520035862922668,0.00030269791022874415,0.00231671379879117,0.07503148168325424,0.0,0.0,1.0,1.0,1.0,600,126816,25,8,0.9876148700714111,4.183593746357183,-0.0024337931536138058,0.004112764727324247,0.0098561467602849,0.9856146760284901,1.0,0.4261794090270996,-0.03200340270996094,0.4651261568069458,0.4512603282928467,-0.021625995635986328,0.46512624621391296,2,0.0
1.0040817260742188,1.0040817260742188,1.0205750465393066,0.06024830788373947,1.0,1.0,1.0,0.0,0.0,271,130432,10,8,34.831443786621094,2.5069797402747485,-0.007437178399413824,0.007284511812031269,0.002937180455774069,0.7437178399413824,1.0,0.43117833137512207,-0.02443695068359375,0.45820724964141846,0.2112865447998047,-0.2901906967163086,0.45820724964141846,2,1.0
1.0046876668930054,1.0046876668930054,1.0059703588485718,0.08236890286207199,1.0,1.0,1.0,0.0,0.0,280,131040,28,8,34.10926818847656,4.645894673442673,0.0064605348743498325,0.008643867447972298,-0.009693584404885769,0.9693584404885769,1.0,0.4323387145996094,-0.028735637664794922,0.44557642936706543,0.22513675689697266,-0.28905200958251953,0.44557642936706543,2,1.0
1.0041719675064087,1.0041719675064087,1.0049331188201904,0.06248209625482559,1.0,1.0,1.0,1.0,0.0,359,131232,7,8,35.130470275878906,3.5363473048036154,0.0050268154591321945,0.0007858913158997893,-0.009046846069395542,0.9046846069395542,1.0,0.4374856948852539,-0.03359910845756531,0.4462231397628784,0.22374343872070312,-0.2967216670513153,0.4462231993675232,2,0.7021276354789734
0.055740099400281906,1.9173274523609507e-08,0.002193302381783724,0.06135600432753563,0.0,0.0,1.0,1.0,1.0,600,131264,18,8,1.429768443107605,3.3897759275267845,-0.004334354307502508,-0.0008181689772754908,0.0027655442245304585,0.4334354307502508,1.0,0.4289981424808502,-0.03481721878051758,0.45803558826446533,0.4494657814502716,-0.02651822566986084,0.4580356180667877,2,0.0
1.0018428564071655,1.0018428564071655,1.0399489402770996,0.08614876121282578,1.0,1.0,1.0,1.0,0.0,375,131552,15,8,37.3324089050293,2.752647770898356,-9.719845365907531e-06,0.0082019018009305,0.000903407228179276,0.82019018009305,1.0,0.4371318817138672,-0.024144649505615234,0.45617353916168213,0.2188897728919983,-0.2884559631347656,0.4561734199523926,2,1.0
0.06149906665086746,7.926705514194055e-09,0.001437992206774652,0.06959521770477295,0.0,0.0,1.0,1.0,1.0,600,132576,4,8,0.7430167198181152,3.905122665027532,-0.0007181144319474697,-0.0005439349915832281,0.009525636211037636,0.9525636211037636,1.0,0.4295473098754883,-0.03590989112854004,0.46479570865631104,0.4530816078186035,-0.02624368667602539,0.4647957384586334,2,0.0
0.06409350037574768,7.913877553278326e-09,0.07094179093837738,0.08144387602806091,0.0,0.0,1.0,1.0,1.0,600,132896,14,8,9.004283905029297,0.6017250983652842,-0.005616198759526014,-0.00013214423961471766,0.005317138507962227,0.5616198759526014,1.0,0.4445154666900635,-0.027216434478759766,0.46058720350265503,0.4481842517852783,-0.025831937789916992,0.4605872333049774,2,0.10526315867900848
0.002306477865204215,8.983047905530839e-08,0.0024764612317085266,0.05550957843661308,0.0,0.0,1.0,1.0,1.0,600,133312,0,8,1.071756362915039,3.0385804070094227,0.003353777574375272,0.0009534516138955951,0.009019293822348118,0.9019293822348118,1.0,0.4387831687927246,-0.03212928771972656,0.46428924798965454,0.4571533203125,-0.024745941162109375,0.4642893970012665,2,0.0
0.05408471077680588,2.6774332750889585e-10,0.011289187707006931,0.07133141160011292,0.0,0.0,1.0,1.0,1.0,600,133312,9,8,0.4558270573616028,3.4401682094494923,-0.00949175376445055,0.008946020156145096,-0.0007579345256090164,0.949175376445055,1.0,0.4235401153564453,-0.025185346603393555,0.4545121192932129,0.444307804107666,-0.016754150390625,0.4545121490955353,2,0.0
1.0032418966293335,1.0032418966293335,1.0032687187194824,0.010217435657978058,1.0,1.0,0.0,0.0,0.0,274,133312,22,8,35.06815719604492,0.5838768002078359,0.0011041858233511448,-0.008149819448590279,-0.006789210718125105,0.8149819448590279,1.0,0.45134425163269043,-0.0351928174495697,0.44848087430000305,0.2198934555053711,-0.3053179681301117,0.44848084449768066,2,1.0
0.37629425525665283,0.29026827216148376,0.622514009475708,0.41554969549179077,0.22577201661355792,0.0,1.0,1.0,1.0,600,133312,31,8,6.855632305145264,4.772965220308883,-0.008601794950664043,-0.009967892430722713,-0.009439725428819656,0.9967892430722713,1.0,0.41652679443359375,-0.047698020935058594,0.4458303451538086,0.3504633903503418,-0.08751630783081055,0.445830374956131,2,0.0
0.0013288197806105018,7.913875776921486e-09,0.0020367084071040154,0.05731208622455597,0.0,0.0,1.0,1.0,1.0,600,133600,27,8,2.3973913192749023,3.167046233457019,-0.003973160870373249,-0.005107173230499029,0.007292375899851322,0.7292375899851322,1.0,0.43068909645080566,-0.03852379322052002,0.4625623822212219,0.4498271942138672,-0.03080710768699646,0.4625624716281891,2,0.0
0.20268090069293976,7.913876665099906e-09,0.20454667508602142,0.2757926881313324,0.0,0.0,1.0,1.0,1.0,600,133632,26,8,2.050706624984741,4.082092012648916,0.006127538159489632,-0.006651123519986868,-0.005064456257969141,0.6651123519986868,1.0,0.43534231185913086,-0.042493343353271484,0.45020556449890137,0.4599277973175049,-0.032351016998291016,0.45020565390586853,2,0.0784313753247261
0.7513442635536194,4.195740075374488e-07,0.7554472088813782,0.7699123024940491,0.0,0.0,1.0,1.0,1.0,600,133888,23,8,3.358182668685913,0.8288102119696964,0.009996524080634117,-0.00825745239853859,-0.0013030902482569218,0.9996524080634117,1.0,0.4587472677230835,-0.035874366760253906,0.45396700501441956,0.46379661560058594,-0.033957600593566895,0.45396700501441956,2,0.281879186630249
1.0052357912063599,1.0052357912063599,1.0053372383117676,0.013680697418749332,1.0,1.0,0.0,1.0,0.0,346,133984,16,8,37.40233612060547,0.7780291962336796,0.0009733869810588658,0.003272027475759387,0.005398130044341087,0.5398130044341087,1.0,0.4500328004360199,-0.024225234985351562,0.4606681764125824,0.21960687637329102,-0.29462385177612305,0.4606682062149048,2,1.0
0.07383916527032852,1.9644903659354895e-07,0.02928329072892666,0.10941450297832489,0.0,0.0,1.0,1.0,1.0,600,134176,24,8,0.8515150547027588,4.5911912614932175,-0.0006524898926727474,0.0028789881616830826,0.007735007908195257,0.7735007908195257,1.0,0.4255485534667969,-0.034349918365478516,0.46300506591796875,0.4531477689743042,-0.02282094955444336,0.46300509572029114,2,0.0
0.00676506944000721,2.210689444837044e-07,0.00805798638612032,0.011492698453366756,0.0,0.0,0.0,1.0,1.0,600,134400,11,8,1.4255608320236206,0.19680715181801015,-0.0026894507464021444,0.002318856306374073,-0.0031117929611355066,0.31117929611355066,1.0,0.4499094486236572,-0.02382946014404297,0.4521583020687103,0.45111083984375,-0.02338099479675293,0.4521583020687103,2,0.0
1.003136396408081,1.003136396408081,1.0127294063568115,0.020810071378946304,1.0,1.0,0.0,0.0,0.0,253,134912,25,8,34.627052307128906,0.6426932133372554,0.004026161041110754,-0.006207921542227268,0.00672683073207736,0.672683073207736,1.0,0.45390844345092773,-0.03338813781738281,0.4619969129562378,0.2228240966796875,-0.30333757400512695,0.4619969129562378,2,1.0
1.0054843425750732,1.0054843425750732,1.0373451709747314,0.04946766048669815,1.0,1.0,0.0,1.0,0.0,319,135968,19,8,36.18350601196289,1.0087895919417935,-0.0033575459383428097,-0.006140955723822117,0.004300557076931,0.6140955723822117,1.0,0.44430047273635864,-0.03418374061584473,0.45957064628601074,0.21525657176971436,-0.30412793159484863,0.45957058668136597,2,1.0
1.0048669576644897,1.0048669576644897,1.039474368095398,0.03986712172627449,1.0,1.0,0.0,0.0,0.0,273,139168,10,8,35.8447265625,0.3013649149321818,0.006777705159038305,-0.006883305963128805,-0.001344800926744938,0.6883305963128805,1.0,0.4587388038635254,-0.03327226638793945,0.45392531156539917,0.22544002532958984,-0.3046445846557617,0.4539252519607544,2,0.9462365508079529
0.7450051307678223,9.540174206179586e-11,0.7485994100570679,0.7655965685844421,0.0,0.0,1.0,1.0,1.0,600,139328,13,8,3.951465606689453,0.9738553087712938,0.00030472982325591147,-0.004426673986017704,0.0006052646785974503,0.4426673986017704,1.0,0.44817519187927246,-0.03238654136657715,0.45587536692619324,0.4541051387786865,-0.03012669086456299,0.45587536692619324,2,0.6838709712028503
0.0009110458195209503,1.4481520338449627e-07,0.0018325704149901867,0.019395412877202034,0.0,0.0,0.0,1.0,1.0,600,139392,3,8,1.3311489820480347,1.0062844066202796,0.006034968886524439,0.006377409677952528,0.0071082450449466705,0.710824504494667,1.0,0.4537081718444824,-0.021659493446350098,0.4623783528804779,0.45983457565307617,-0.019322514533996582,0.4623783528804779,2,0.0
1.003623127937317,1.003623127937317,1.0326594114303589,0.04934622347354889,1.0,1.0,0.0,0.0,0.0,276,140064,7,8,35.543025970458984,1.1636719220563545,0.005033642053604126,-0.005620547570288181,-0.0027714285533875227,0.5620547570288181,1.0,0.4517521858215332,-0.034032732248306274,0.45249855518341064,0.22379302978515625,-0.3029278516769409,0.4524986147880554,2,1.0
0.40116652846336365,1.630188307899516e-06,0.4016461968421936,0.4406193792819977,0.0,0.0,1.0,1.0,1.0,600,140928,8,8,2.7038259506225586,2.2330917158781762,-0.005605186801403761,-0.0011579992715269327,0.007831266149878502,0.7831266149878502,1.0,0.43465614318847656,-0.032189130783081055,0.463101327419281,0.4481945037841797,-0.026858210563659668,0.4631013572216034,2,0.0
0.05688853934407234,7.913798505398972e-09,0.006123770028352737,0.07195515185594559,0.0,0.0,1.0,1.0,1.0,600,141088,30,8,1.4764153957366943,3.771861405452352,-0.0031254442874342203,-0.009960989467799664,-0.006737640593200922,0.9960989467799664,1.0,0.4279313087463379,-0.04497098922729492,0.44853246212005615,0.45067405700683594,-0.035660743713378906,0.44853243231773376,2,0.0
9.5230876468122e-05,2.6763555260878036e-10,0.00017915225180331618,0.0038930275477468967,0.0,0.0,0.0,1.0,1.0,600,141920,5,8,1.6538143157958984,0.21278931422816397,-0.005236370023339987,-0.0029597333632409573,-0.00919188093394041,0.9191880933940411,1.0,0.4472646713256836,-0.029144763946533203,0.44607818126678467,0.4485630989074707,-0.028659343719482422,0.44607821106910706,2,0.0
1.0041459798812866,1.0041459798812866,1.0045406818389893,0.033506106585264206,1.0,1.0,0.0,1.0,0.0,342,141984,28,8,36.86254119873047,1.897147367447218,0.002610950730741024,-0.002423190278932452,0.0030379474628716707,0.3037947462871671,1.0,0.44489526748657227,-0.03261864185333252,0.4583079218864441,0.2213292121887207,-0.29992151260375977,0.45830804109573364,2,1.0
1.0015872716903687,1.0015872716903687,1.0040873289108276,0.06399942189455032,1.0,1.0,1.0,0.0,0.0,297,142080,4,8,35.19947052001953,3.523651690683854,0.008944113738834858,0.004038885235786438,0.008971641771495342,0.8971641771495342,1.0,0.44147825241088867,-0.030312776565551758,0.464241623878479,0.22786378860473633,-0.2925257682800293,0.464241623878479,2,1.0
0.07706857472658157,2.6246167905696893e-08,0.003262715646997094,0.0799952894449234,0.0,0.0,1.0,1.0,1.0,600,142144,20,8,0.45953038334846497,4.396457018727454,0.006008564494550228,-0.008273092098534107,0.0028903386555612087,0.8273092098534107,1.0,0.4333611726760864,-0.044968605041503906,0.4581603407859802,0.45980870723724365,-0.033972740173339844,0.4581604301929474,2,0.0
0.012088769115507603,1.9475046428851783e-06,0.00013430484978016466,0.06520873308181763,0.0,0.0,1.0,1.0,1.0,600,142304,29,8,0.8536933660507202,3.7285994141363146,-0.003458903869614005,0.003006983082741499,0.0008291509002447128,0.3458903869614005,1.0,0.4278557300567627,-0.03188800811767578,0.4560992121696472,0.45034074783325195,-0.022693395614624023,0.4560992419719696,2,0.0
0.0025341971777379513,3.918934453395195e-06,0.004739107098430395,0.03260699659585953,0.0,0.0,0.0,1.0,1.0,600,142464,12,8,1.0979547500610352,1.5969369679281797,-0.0013559935614466667,0.0027423191349953413,0.005022188648581505,0.5022188648581505,1.0,0.44274091720581055,-0.02671632170677185,0.4602922797203064,0.45244264602661133,-0.02295812964439392,0.4602923095226288,2,0.0
1.0011883974075317,1.0011883974075317,1.001314640045166,0.004359208047389984,1.0,1.0,0.0,0.0,0.0,286,142464,22,8,36.119293212890625,0.24252718414203256,0.004366454668343067,-0.004021932836622,-0.0071019819006323814,0.7101981900632381,1.0,0.4566861391067505,-0.030275195837020874,0.44816818833351135,0.22331786155700684,-0.30044063925743103,0.4481680989265442,2,1.0
0.10113859921693802,7.913875776921486e-09,0.11379241943359375,0.12478994578123093,0.0,0.0,1.0,1.0,1.0,600,143232,6,8,6.480669021606445,0.6301105641430639,-0.009193569421768188,0.005641832947731018,-0.0018807403976097703,0.9193569421768188,1.0,0.4407649040222168,-0.021509170532226562,0.45338931679725647,0.44460582733154297,-0.020058155059814453,0.45338937640190125,2,0.5
1.0039976835250854,1.0039976835250854,1.0040075778961182,0.02182128094136715,1.0,1.0,0.0,0.0,0.0,277,143264,11,8,35.507686614990234,1.2497019966340732,0.008137826807796955,-0.0029130217153578997,-0.0024102467577904463,0.8137826807796955,1.0,0.45433568954467773,-0.03153085708618164,0.4528597891330719,0.2268681526184082,-0.3003571033477783,0.4528598189353943,2,1.0
0.026179032400250435,5.628206789509704e-09,0.011677896603941917,0.08367224782705307,0.0,0.0,1.0,1.0,1.0,600,143296,21,8,0.4252986013889313,4.124972794031903,-0.0013025178341194987,0.0057525341399014,-0.0058710589073598385,0.5871058907359838,1.0,0.4276578426361084,-0.030205249786376953,0.4493989944458008,0.45249760150909424,-0.019947290420532227,0.44939902424812317,2,0.0
1.0004819631576538,1.0004819631576538,1.00143563747406,0.054483864456415176,1.0,1.0,1.0,0.0,0.0,267,143456,25,8,34.62919998168945,3.067052477451444,0.008419674821197987,0.0013432035921141505,-0.006402809172868729,0.8419674821197987,1.0,0.4436795711517334,-0.0318140983581543,0.44886720180511475,0.22742748260498047,-0.2948179244995117,0.4488672614097595,2,1.0
1.0021415948867798,1.0021415948867798,1.0237075090408325,0.04503117874264717,1.0,1.0,0.0,0.0,0.0,329,143840,31,8,36.16712951660156,1.3444555034423677,1.2809504369215574e-05,-0.009248451329767704,0.009089970029890537,0.9248451329767704,1.0,0.44563722610473633,-0.03809475898742676,0.4643600285053253,0.2188887596130371,-0.3060152530670166,0.4643600583076477,2,1.0
0.35735926032066345,0.3172081708908081,0.43949249386787415,0.2085876166820526,0.2527150214755991,0.0,1.0,0.0,1.0,600,145248,17,8,7.777774810791016,4.944814060486873,-0.008503272198140621,0.0026257894933223724,-0.005287628620862961,0.8503272198140621,1.0,0.41561195254325867,-0.035582274198532104,0.4499824047088623,0.34261220693588257,-0.08108451962471008,0.4499824345111847,2,0.0
0.038372695446014404,3.2547746720013038e-09,0.007759809959679842,0.05292294919490814,0.0,0.0,1.0,1.0,1.0,600,145280,1,8,1.7660796642303467,2.5876592154114086,-0.0017980046104639769,0.0004048790142405778,0.009402050636708736,0.9402050636708736,1.0,0.43633317947387695,-0.03152132034301758,0.4646720290184021,0.45200157165527344,-0.025295019149780273,0.46467211842536926,2,0.0
1.0047805309295654,1.0047805309295654,1.0081443786621094,0.05551960691809654,1.0,1.0,1.0,0.0,0.0,308,145824,19,8,35.64544677734375,2.9883010366514315,0.0035583265125751495,-0.001629766309633851,0.0003010928339790553,0.35583265125751495,1.0,0.4392888844013214,-0.03458285331726074,0.4555710554122925,0.22222721576690674,-0.2993593215942383,0.45557111501693726,2,1.0
0.031228095293045044,7.890629058238119e-05,0.002529119374230504,0.08638133853673935,0.0,0.0,1.0,1.0,1.0,600,146016,2,8,0.5051705241203308,4.808901833740082,-0.007554450072348118,0.0003902607422787696,-0.0021670269779860973,0.7554450072348118,1.0,0.4173617362976074,-0.03743991255760193,0.45310306549072266,0.44621801376342773,-0.02532002329826355,0.45310303568840027,2,0.0
1.0032317638397217,1.0032317638397217,1.0036890506744385,0.03308415785431862,1.0,1.0,0.0,0.0,0.0,313,149408,3,8,35.59305953979492,1.8693781661594733,-0.002458849921822548,0.00944550335407257,0.009021260775625706,0.9445503354072571,1.0,0.43999290466308594,-0.02068150043487549,0.46429115533828735,0.21633052825927734,-0.28771889209747314,0.46429121494293213,2,1.0
1.0050801038742065,1.0050801038742065,1.0051002502441406,0.00741097005084157,1.0,1.0,0.0,0.0,0.0,271,149600,8,8,35.598602294921875,0.42346697942488326,0.006050799507647753,0.001625871635042131,0.0034985370002686977,0.6050799507647753,1.0,0.45726728439331055,-0.02504432201385498,0.4587686061859131,0.22469615936279297,-0.2962135076522827,0.45876848697662354,2,1.0
0.7236437797546387,1.4790599607295007e-06,0.7244243025779724,0.7541713714599609,0.0,0.0,1.0,1.0,1.0,600,150464,18,9,3.4494168758392334,1.7044675175177466,-0.00957838911563158,-0.005118310451507568,0.0047844694927334785,0.957838911563158,1.0,0.4338686466217041,-0.034839749336242676,0.46005451679229736,0.44422125816345215,-0.030818700790405273,0.46005454659461975,2,0.0071428571827709675
1.0024454593658447,1.0024454593658447,1.0295071601867676,0.05935696139931679,1.0,1.0,1.0,0.0,0.0,263,150496,4,9,34.89558410644531,1.850394509135069,-0.004585199989378452,-0.008324329741299152,-0.005841357633471489,0.8324329741299152,1.0,0.43798112869262695,-0.038404226303100586,0.44942861795425415,0.21426630020141602,-0.30520153045654297,0.4494287371635437,2,1.0
1.0005285739898682,1.0005285739898682,1.0012285709381104,0.008825687691569328,1.0,1.0,0.0,0.0,0.0,214,150688,31,9,33.76728820800781,0.46556565078705026,-0.0013140728697180748,-0.0014881230890750885,0.0014870836166664958,0.14881230890750885,1.0,0.44964599609375,-0.02825617790222168,0.45675715804100037,0.21768951416015625,-0.297666072845459,0.4567570686340332,2,0.9939758777618408
0.17811313271522522,7.913875776921486e-09,0.15918993949890137,0.23592150211334229,0.0,0.0,1.0,1.0,1.0,600,150752,15,9,0.6611612439155579,4.396392985703985,0.001314318971708417,-0.0070280954241752625,-0.007879585027694702,0.7879585027694702,1.0,0.4286673069000244,-0.043723106384277344,0.44739043712615967,0.4551144540309906,-0.032727718353271484,0.44739052653312683,2,0.0
1.0006636381149292,1.0006636381149292,1.0052580833435059,0.03434126079082489,1.0,1.0,0.0,0.0,0.0,303,150784,30,9,35.888797760009766,1.7043653848453137,-0.009082482196390629,-0.0006661135703325272,-0.003057024907320738,0.9082482196390629,1.0,0.43436431884765625,-0.030386924743652344,0.4522130489349365,0.20990991592407227,-0.2968935966491699,0.45221298933029175,2,1.0
1.0041502714157104,1.0041502714157104,1.0439860820770264,0.05225599184632301,1.0,1.0,1.0,0.0,0.0,292,151264,5,9,36.13081359863281,0.7116189467685283,0.007368235383182764,-0.008873620070517063,-0.007934887893497944,0.8873620070517063,1.0,0.4568309783935547,-0.036214351654052734,0.44733521342277527,0.22608613967895508,-0.30637311935424805,0.4473351240158081,2,0.95652174949646
1.0016580820083618,1.0016580820083618,1.0016686916351318,0.010348494164645672,1.0,1.0,0.0,0.0,0.0,263,151648,6,9,34.78298568725586,0.5923195009913536,-0.002661151112988591,-0.002699491335079074,0.007920174859464169,0.7920174859464169,1.0,0.4475278854370117,-0.029761791229248047,0.4631902277469635,0.21625328063964844,-0.2992892265319824,0.46319031715393066,2,1.0
0.011247037909924984,7.913870447850968e-09,8.702166815055534e-05,0.04152681306004524,0.0,0.0,0.0,1.0,1.0,600,152096,14,9,3.1134393215179443,2.374326794422523,-0.0019489438273012638,-0.009780261665582657,-0.006651648785918951,0.9780261665582657,1.0,0.43746304512023926,-0.041166067123413086,0.44861841201782227,0.45185136795043945,-0.03548002243041992,0.44861844182014465,2,0.0
1.0058375597000122,1.0058375597000122,1.0060572624206543,0.048997148871421814,1.0,1.0,0.0,1.0,0.0,301,152096,22,9,33.61862564086914,2.7947396654322056,0.0012689712457358837,0.00036553252721205354,0.004587186966091394,0.45871869660913944,1.0,0.4381580352783203,-0.032089293003082275,0.45985716581344604,0.2198556661605835,-0.29775041341781616,0.4598572254180908,2,0.2789115607738495
1.0017333030700684,1.0017333030700684,1.0023307800292969,0.026637718081474304,1.0,1.0,0.0,0.0,0.0,285,152416,21,9,35.56351852416992,1.4919982616852212,-0.009449344128370285,0.009915269911289215,-0.006233371328562498,0.9915269911289215,1.0,0.4352816343307495,-0.01928853988647461,0.4490366578102112,0.2094588279724121,-0.28670215606689453,0.4490365982055664,2,1.0
0.11924353241920471,2.0750371731992345e-06,0.04981156066060066,0.1360672563314438,0.0,0.0,1.0,1.0,1.0,600,152512,0,9,0.17404475808143616,4.942207489544867,-0.007946684956550598,-0.0020084502175450325,-0.009018062613904476,0.9018062613904476,1.0,0.4161834716796875,-0.04020977020263672,0.4462519884109497,0.44585275650024414,-0.027709007263183594,0.4462520182132721,2,0.0
0.01053581852465868,3.97738676838344e-06,0.0011271763360127807,0.08756528794765472,0.0,0.0,1.0,1.0,1.0,600,152512,9,9,0.4818984866142273,4.952768242662176,-0.008310559205710888,0.008523880504071712,0.004979606717824936,0.8523880504071712,1.0,0.4157576560974121,-0.029706239700317383,0.46024972200393677,0.44548797607421875,-0.01717662811279297,0.4602496922016144,2,0.0
8.848270954331383e-05,5.500754779246778e-16,0.0008231206447817385,0.003892909036949277,0.0,0.0,0.0,1.0,1.0,600,152800,27,9,1.4052990674972534,0.17588594888493053,-0.001272540888749063,0.000736809684894979,0.008012237958610058,0.8012237958610058,1.0,0.45145368576049805,-0.025363773107528687,0.4632823169231415,0.4525277614593506,-0.0249631404876709,0.4632823169231415,2,0.0
0.026625704020261765,7.93765053686002e-09,0.005502517335116863,0.08038309216499329,0.0,0.0,1.0,1.0,1.0,600,152832,26,9,0.506591260433197,4.290340638461197,-0.0010072644799947739,-0.0010480950586497784,-0.0027445072773844004,0.27445072773844004,1.0,0.4269735813140869,-0.03745412826538086,0.4525255560874939,0.4527931213378906,-0.026747941970825195,0.4525255858898163,2,0.0
0.004494999535381794,6.018905929217055e-10,0.0021716493647545576,0.07054246962070465,0.0,0.0,1.0,1.0,1.0,600,153088,23,9,0.9463311433792114,3.9173606564729027,-0.0037984042428433895,0.0073734307661652565,0.006927555426955223,0.7373430766165257,1.0,0.4263942241668701,-0.028025388717651367,0.46219754219055176,0.4500018358230591,-0.018326640129089355,0.4621976315975189,2,0.0
0.0248532984405756,1.8436769888552362e-09,0.001528141787275672,0.027425270527601242,0.0,0.0,0.0,1.0,1.0,600,153184,16,9,1.3147246837615967,1.4837954179354476,-0.0037472585681825876,0.004983886145055294,-0.005264678504317999,0.5264678504317999,1.0,0.44103336334228516,-0.024199485778808594,0.45000532269477844,0.45005282759666443,-0.020715951919555664,0.450005441904068,2,0.0
0.06653933227062225,7.913876665099906e-09,0.05304670333862305,0.13146419823169708,0.0,0.0,1.0,1.0,1.0,600,153376,24,9,-0.2940621078014374,4.492991924248652,-0.00984553899616003,-0.004149970132857561,0.0015820584958419204,0.984553899616003,1.0,0.41693592071533203,-0.04110884666442871,0.4568520784378052,0.44395458698272705,-0.029849767684936523,0.45685216784477234,2,0.0
1.001965880393982,1.001965880393982,1.0022023916244507,0.017115486785769463,1.0,1.0,0.0,0.0,0.0,274,154016,17,9,35.63932418823242,0.9670945954317448,0.008671142160892487,-0.00046219382784329355,-0.00838855654001236,0.8671142160892487,1.0,0.456582248210907,-0.028406143188476562,0.4468814432621002,0.22756093740463257,-0.29716458916664124,0.44688159227371216,2,1.0
0.05504193902015686,7.913876665099906e-09,0.09324268996715546,0.13502663373947144,0.0,0.0,1.0,1.0,1.0,600,158368,10,9,5.871880531311035,2.3940406413578836,-0.0016118456842377782,0.0007361588650383055,-0.008762569166719913,0.8762569166719913,1.0,0.4376816749572754,-0.030699729919433594,0.44650745391845703,0.45218849182128906,-0.02496337890625,0.4465075433254242,2,0.0
0.045649658888578415,0.00016267284809146076,0.002404269529506564,0.07943493872880936,0.0,0.0,1.0,1.0,1.0,600,158528,13,9,0.5538562536239624,4.422853565435437,0.008618874475359917,-0.007837329059839249,-0.007688828743994236,0.8618874475359917,1.0,0.43581509590148926,-0.04460477828979492,0.4475812315940857,0.46236228942871094,-0.03355836868286133,0.4475812017917633,2,0.0
1.0050599575042725,1.0050599575042725,1.0053987503051758,0.028661031275987625,1.0,1.0,0.0,0.0,0.0,292,158944,8,9,35.716941833496094,1.6227392881783724,0.0030174278654158115,-0.0048442864790558815,-0.002398386597633362,0.48442864790558815,1.0,0.446958065032959,-0.03436601161956787,0.452871710062027,0.2216644287109375,-0.3026762008666992,0.4528716206550598,2,1.0
1.0015385150909424,1.0015385150909424,1.0017147064208984,0.044830676168203354,1.0,1.0,0.0,0.0,0.0,245,159104,5,9,34.29093933105469,2.558519280534607,0.009928685612976551,0.000528422009665519,-0.009430299513041973,0.9928685612976551,1.0,0.44823455810546875,-0.031323909759521484,0.44583970308303833,0.2288522720336914,-0.2960176467895508,0.44583970308303833,2,1.0
0.07461033016443253,7.881896912920183e-09,0.00066370889544487,0.08708694577217102,0.0,0.0,1.0,1.0,1.0,600,159264,7,9,0.5555028915405273,4.951688645886491,0.003751366399228573,-0.006898317486047745,-0.004831215832382441,0.6898317486047745,1.0,0.427825927734375,-0.04512545466423035,0.45043885707855225,0.4575510025024414,-0.032598286867141724,0.45043888688087463,2,0.0
1.0051708221435547,1.0051708221435547,1.0338125228881836,0.03733708709478378,1.0,1.0,0.0,0.0,0.0,269,159392,30,9,35.626617431640625,0.4982183306096482,0.003652268787845969,-0.0033506874460726976,0.0023733973503112793,0.3652268787845969,1.0,0.45441341400146484,-0.030194759368896484,0.45764341950416565,0.2222905158996582,-0.3012237548828125,0.45764338970184326,2,1.0
1.0024362802505493,1.0024362802505493,1.0024747848510742,0.01600370556116104,1.0,1.0,0.0,0.0,0.0,280,159424,18,9,34.93861770629883,0.9147411954435971,-0.001262288773432374,-0.00679198931902647,-0.009125937707722187,0.9125937707722187,1.0,0.44696661829948425,-0.03461182117462158,0.4461440443992615,0.21759027242660522,-0.3036661148071289,0.44614410400390625,2,1.0
1.0004358291625977,1.0004358291625977,1.000554084777832,0.02554922178387642,1.0,1.0,0.0,1.0,0.0,322,161056,15,9,35.92200469970703,1.4570871371248764,0.00719129852950573,-0.003402598900720477,0.00820873212069273,0.820873212069273,1.0,0.4521334767341614,-0.03252124786376953,0.4634787142276764,0.2262023687362671,-0.2995471954345703,0.4634787440299988,2,1.0
0.23352931439876556,7.913875776921486e-09,0.3508381247520447,0.41946089267730713,0.0,0.0,1.0,1.0,1.0,600,161184,28,9,3.467627763748169,3.931794553736432,0.0011655967682600021,-0.0071264696307480335,-0.006218471564352512,0.7126469630748034,1.0,0.4312725067138672,-0.04256415367126465,0.44905155897140503,0.45496582984924316,-0.03282654285430908,0.4490516483783722,2,0.71875
0.15079596638679504,9.500093256065156e-06,0.15096606314182281,0.22387062013149261,0.0,0.0,1.0,1.0,1.0,600,161344,20,9,1.6450053453445435,4.177668557252197,-0.004522131755948067,0.00452070590108633,-0.0035725294146686792,0.45221317559480667,1.0,0.4241257905960083,-0.03157949447631836,0.45169752836227417,0.4492744207382202,-0.02118062973022461,0.45169755816459656,2,0.05000000074505806
0.0065884944051504135,9.835169123562082e-09,0.00048179866280406713,0.05015293508768082,0.0,0.0,1.0,1.0,1.0,600,161504,29,9,1.0139786005020142,2.845947087743672,-0.006898948922753334,0.009353269822895527,-0.005721809808164835,0.9353269822895527,1.0,0.4296836853027344,-0.023233413696289062,0.4495481848716736,0.4469013214111328,-0.01634693145751953,0.44954827427864075,2,0.0
0.07800684869289398,1.0119596481672488e-05,0.0781354233622551,0.13538159430027008,0.0,0.0,1.0,1.0,1.0,600,161664,12,9,0.9310632944107056,3.28054476755559,-0.007533830590546131,-0.0066609629429876804,-0.0019580842927098274,0.7533830590546131,1.0,0.4264507293701172,-0.040373653173446655,0.4533119797706604,0.44626283645629883,-0.0323621928691864,0.4533120095729828,2,0.0
1.0023119449615479,1.0023119449615479,1.0083738565444946,0.05585281550884247,1.0,1.0,1.0,0.0,0.0,288,161728,9,9,33.20970153808594,2.852808866538596,-0.0032557533122599125,0.003233786905184388,0.006508887745440006,0.6508887745440006,1.0,0.4332857131958008,-0.02937030792236328,0.4617789387702942,0.215606689453125,-0.2935948371887207,0.4617789387702942,2,0.2430555522441864
1.0046355724334717,1.0046355724334717,1.0060844421386719,0.018310099840164185,1.0,1.0,0.0,0.0,0.0,273,161920,16,9,35.41899490356445,0.966077324132236,-0.0017376048490405083,0.0011716160224750638,-0.005769707728177309,0.5769707728177309,1.0,0.44617989659309387,-0.02677011489868164,0.4495004117488861,0.21694260835647583,-0.2965054512023926,0.44950026273727417,2,1.0
0.05066700279712677,8.098660631006283e-11,0.0013822611654177308,0.05772918090224266,0.0,0.0,1.0,1.0,1.0,600,162464,11,9,1.2526389360427856,3.2284413098023825,-0.0029794075526297092,-0.0023236318957060575,0.00757045391947031,0.757045391947031,1.0,0.4313161373138428,-0.03590035438537598,0.4628404378890991,0.4508209228515625,-0.028023481369018555,0.4628405272960663,2,0.0
1.0014477968215942,1.0014477968215942,1.0334131717681885,0.057541970163583755,1.0,1.0,1.0,0.0,0.0,328,162592,22,9,36.65727996826172,1.4654250905541693,-0.002404295140877366,-0.004038035869598389,0.00990554504096508,0.990554504096508,1.0,0.4424874782562256,-0.033176958560943604,0.4651755690574646,0.21652650833129883,-0.30055132508277893,0.4651755690574646,2,1.0
0.05970408394932747,7.913871336029388e-09,0.00957420188933611,0.0747346505522728,0.0,0.0,1.0,1.0,1.0,600,162656,25,9,-0.07586369663476944,3.733419820143051,-0.009457483887672424,0.007449686527252197,-0.005299083888530731,0.9457483887672424,1.0,0.4218287467956543,-0.02745819091796875,0.4499710202217102,0.44434285163879395,-0.018249988555908203,0.4499709904193878,2,0.0
1.000623106956482,1.000623106956482,1.0014846324920654,0.051687855273485184,1.0,1.0,1.0,1.0,0.0,301,162720,23,9,33.435523986816406,2.912133968678623,0.0027933642268180847,-0.005501198582351208,0.0010735857067629695,0.5501198582351208,1.0,0.4389798641204834,-0.038257718086242676,0.4563436508178711,0.22178959846496582,-0.3017134666442871,0.4563436508178711,2,0.24161073565483093
1.0011342763900757,1.0011342763900757,1.0011565685272217,0.05297946557402611,1.0,1.0,1.0,1.0,0.0,295,163456,17,9,33.46181869506836,3.034219544667781,0.005601751618087292,-0.0030863010324537754,0.0070830825716257095,0.708308257162571,1.0,0.44105786085128784,-0.036158084869384766,0.4623531103134155,0.22455739974975586,-0.29948535561561584,0.4623531103134155,2,0.27702704071998596
1.0050972700119019,1.0050972700119019,1.0374070405960083,0.036595072597265244,1.0,1.0,0.0,1.0,0.0,353,164128,26,9,37.1889762878418,0.24554391327978323,-0.0029847302939742804,0.0007157947984524071,0.007876972667872906,0.7876972667872906,1.0,0.44931650161743164,-0.02554464340209961,0.46314701437950134,0.21565961837768555,-0.29712963104248047,0.4631469249725342,2,0.9221556782722473
0.01579539105296135,2.6458242246008012e-06,0.0018634956795722246,0.04549655690789223,0.0,0.0,0.0,1.0,1.0,600,164480,1,9,1.3867965936660767,2.500142080585331,-0.0039704181253910065,0.0046069626696407795,-0.008642783388495445,0.8642783388495445,1.0,0.43468523025512695,-0.027096986770629883,0.44662731885910034,0.4498276710510254,-0.02109360694885254,0.4466272294521332,2,0.0
0.046130429953336716,1.704338956187712e-06,0.0015277090715244412,0.05378613993525505,0.0,0.0,1.0,1.0,1.0,600,165024,19,9,0.6599217057228088,2.994288978119417,-0.007490701973438263,0.00952775776386261,0.0010576015338301659,0.952775776386261,1.0,0.42820411920547485,-0.023440837860107422,0.45632755756378174,0.446308970451355,-0.01617264747619629,0.4563277065753937,2,0.0
0.4044909179210663,1.4302203518723466e-11,0.4116383492946625,0.4311939477920532,0.0,0.0,1.0,1.0,1.0,600,165216,2,9,2.8590121269226074,1.120450484988514,-0.003905107267200947,-0.007308180443942547,0.008365982212126255,0.8365982212126255,1.0,0.44307565689086914,-0.03561696410179138,0.46363601088523865,0.44989442825317383,-0.03300812840461731,0.4636360704898834,2,0.125
1.004225492477417,1.004225492477417,1.0054882764816284,0.010976428166031837,1.0,1.0,0.0,0.0,0.0,268,167104,13,9,35.57196807861328,0.5565534288459933,0.007546630688011646,-0.003967521712183952,0.007804943714290857,0.7804943714290857,1.0,0.45795321464538574,-0.03094661235809326,0.4630749523639679,0.2262587547302246,-0.301494836807251,0.4630749225616455,2,1.0
0.1577138453722,7.913871336029388e-09,0.15795673429965973,0.23480890691280365,0.0,0.0,1.0,1.0,1.0,600,168608,3,9,1.454871654510498,4.403305990917684,-0.0013967393897473812,0.004476054105907679,-0.0068590170703828335,0.6859017070382833,1.0,0.4259152412414551,-0.03223776817321777,0.4484110474586487,0.45240306854248047,-0.021223902702331543,0.44841107726097107,2,0.21739129722118378
1.0052317380905151,1.0052317380905151,1.0052491426467896,0.06020652875304222,1.0,1.0,1.0,1.0,0.0,305,169152,30,9,33.583740234375,3.448582362176713,0.009351390413939953,-0.0018724072724580765,0.007922283373773098,0.9351390413939953,1.0,0.4423332214355469,-0.0360260009765625,0.463192343711853,0.22798490524291992,-0.29976654052734375,0.463192343711853,2,0.28082191944122314
0.3979361951351166,1.0021512508728847e-09,0.4001958668231964,0.4242343306541443,0.0,0.0,1.0,1.0,1.0,600,169696,4,9,2.7979445457458496,1.3773063654726019,0.001229613902978599,-0.00800248421728611,0.007936565205454826,0.800248421728611,1.0,0.4466538429260254,-0.03692817687988281,0.4632066488265991,0.4550290107727051,-0.03370237350463867,0.4632066786289215,2,0.0
0.016810940578579903,3.6240021472622175e-06,0.008352191187441349,0.05993232876062393,0.0,0.0,1.0,1.0,1.0,600,169888,31,9,0.9914440512657166,2.955534484768765,0.0033390484750270844,-0.0038799464236944914,-0.00034522413625381887,0.38799464236944914,1.0,0.43926525115966797,-0.03674817085266113,0.4549248218536377,0.4571375846862793,-0.029580354690551758,0.4549248516559601,2,0.0
0.013420470990240574,8.285897479254345e-08,0.0007950958679430187,0.05461738258600235,0.0,0.0,1.0,1.0,1.0,600,170848,6,10,1.046136736869812,3.083795192097849,-0.005015508737415075,-0.00809392984956503,-0.006025407463312149,0.8093929849565029,1.0,0.4301433563232422,-0.041294097900390625,0.4492446780204773,0.44878387451171875,-0.03379368782043457,0.4492447078227997,2,0.0
1.001548171043396,1.001548171043396,1.0018813610076904,0.02424272708594799,1.0,1.0,0.0,0.0,0.0,264,170912,11,10,35.207130432128906,1.3699173814511174,0.008237979374825954,0.00832349993288517,0.007781774736940861,0.832349993288517,1.0,0.4537079334259033,-0.0205843448638916,0.46305182576179504,0.22716093063354492,-0.2882266044616699,0.4630517363548279,2,1.0
0.20937897264957428,0.20933900773525238,0.2617108225822449,0.13545162975788116,0.1376991203079495,0.0,1.0,0.0,1.0,600,171296,14,10,5.7677321434021,4.76012873353749,-0.008928956463932991,-0.0057555497623980045,-0.007814797572791576,0.8928956463932991,1.0,0.4162750244140625,-0.04345059394836426,0.4474552273750305,0.37497472763061523,-0.06611227989196777,0.4474552869796753,2,0.0
0.20369967818260193,1.7933883267318151e-09,0.20542530715465546,0.2870088517665863,0.0,0.0,1.0,1.0,1.0,600,171616,21,10,1.362919807434082,4.674388941999497,0.0055855088867247105,0.0029199228156358004,-0.008282145485281944,0.8282145485281944,1.0,0.4312955141067505,-0.03453803062438965,0.4469878673553467,0.4593857526779175,-0.02277994155883789,0.44698795676231384,2,0.125
0.05693075805902481,7.925046396906055e-09,0.00016894139116629958,0.06296101957559586,0.0,0.0,1.0,1.0,1.0,600,171712,0,10,1.364301323890686,3.5977210368078225,-0.008884948678314686,0.0006381404818966985,0.005331446882337332,0.8884948678314686,1.0,0.42320823669433594,-0.033908843994140625,0.4606015086174011,0.4449148178100586,-0.02506113052368164,0.4606015384197235,2,0.0
0.44076550006866455,4.308608822611859e-06,0.5258606672286987,0.5788390040397644,0.0,0.0,1.0,1.0,1.0,600,172000,27,10,1.6200923919677734,3.035664983450885,0.00633560074493289,-0.008188464678823948,0.004999041091650724,0.8188464678823948,1.0,0.44178318977355957,-0.04126414656639099,0.46026909351348877,0.46013450622558594,-0.033888936042785645,0.46026909351348877,2,0.0
9.71121626207605e-05,1.8126722522993077e-07,0.0009175975574180484,0.02131005749106407,0.0,0.0,0.0,1.0,1.0,600,172576,24,10,1.249585747718811,1.1684131405574012,0.0026870518922805786,0.0024715273175388575,0.0026210187934339046,0.26870518922805786,1.0,0.44937729835510254,-0.02595233917236328,0.457891047000885,0.4564872980117798,-0.02322864532470703,0.4578911364078522,2,0.0
1.0018681287765503,1.0018681287765503,1.0036571025848389,0.003346462268382311,1.0,1.0,0.0,0.0,0.0,272,172832,26,10,35.87213897705078,0.08923714854783722,0.0032042216043919325,0.008382006548345089,-0.009925574995577335,0.9925574995577335,1.0,0.45645928382873535,-0.017521142959594727,0.4453444480895996,0.22210192680358887,-0.2882847785949707,0.4453444480895996,2,1.0
1.0020760297775269,1.0020760297775269,1.0023982524871826,0.02401421219110489,1.0,1.0,0.0,1.0,0.0,361,176032,1,10,37.55318832397461,1.3574552744236061,-0.0015907364431768656,0.002472826512530446,-0.0010181255638599396,0.2472826512530446,1.0,0.4439544677734375,-0.026404857635498047,0.45425182580947876,0.21728992462158203,-0.29427003860473633,0.45425188541412354,2,1.0
1.0015522241592407,1.0015522241592407,1.007891058921814,0.09112446010112762,1.0,1.0,1.0,0.0,0.0,279,176032,13,10,33.86983871459961,4.857854226408387,0.007883823476731777,0.006487774662673473,0.00039394700434058905,0.7883823476731777,1.0,0.432511568069458,-0.031478047370910645,0.4556639790534973,0.226806640625,-0.2900635004043579,0.4556639790534973,2,1.0
1.0060867071151733,1.0060867071151733,1.0061805248260498,0.04745110869407654,1.0,1.0,0.0,0.0,0.0,246,177024,30,10,34.30430603027344,2.7133731159537247,0.009459178894758224,-0.00475979084149003,-0.009654780849814415,0.9654780849814415,1.0,0.4468355178833008,-0.037006378173828125,0.445615291595459,0.2280263900756836,-0.3029665946960449,0.44561517238616943,2,1.0
0.4262188673019409,7.853557804082811e-09,0.4263778030872345,0.47434625029563904,0.0,0.0,1.0,1.0,1.0,600,177568,10,10,2.681441307067871,2.748387653846972,0.005581455770879984,-0.009602055884897709,-0.003554812865331769,0.9602055884897709,1.0,0.4427487850189209,-0.04193830490112305,0.45171523094177246,0.4593818187713623,-0.03530168533325195,0.45171526074409485,2,0.22727273404598236
0.072850301861763,7.913876665099906e-09,0.08755052834749222,0.1136329174041748,0.0,0.0,1.0,1.0,1.0,600,178144,8,10,6.115810871124268,1.494409745349059,-0.007660781033337116,-0.0003662090457510203,0.0011168655473738909,0.7660781033337116,1.0,0.4370555877685547,-0.029575467109680176,0.456386923789978,0.446138858795166,-0.026066184043884277,0.4563869535923004,2,0.21212121844291687
0.04060869663953781,5.153208082475658e-09,0.0010236517991870642,0.04693492501974106,0.0,0.0,0.0,1.0,1.0,600,178304,5,10,0.7802687883377075,2.6305227078780584,-0.005507790949195623,0.008169450797140598,0.002674937015399337,0.8169450797140598,1.0,0.43236589431762695,-0.023865699768066406,0.45794498920440674,0.4482917785644531,-0.017529964447021484,0.4579450190067291,2,0.0
0.15523238480091095,2.60715948829926e-10,0.15587174892425537,0.20806185901165009,0.0,0.0,1.0,1.0,1.0,600,178464,7,10,1.815448522567749,2.990276668868858,-0.006377998739480972,-0.0025259237736463547,0.006997949909418821,0.6997949909418821,1.0,0.42934083938598633,-0.03548392653465271,0.46226799488067627,0.4474215507507324,-0.028225868940353394,0.46226802468299866,2,0.0
0.06488177180290222,7.913876665099906e-09,0.016191739588975906,0.09286659955978394,0.0,0.0,1.0,1.0,1.0,600,178624,18,10,-0.4401084780693054,4.39314608452729,-0.0019489408005028963,-0.006504699122160673,-0.009827611036598682,0.9827611036598682,1.0,0.4254230856895447,-0.043190836906433105,0.44544243812561035,0.45185115933418274,-0.03220474720001221,0.44544246792793274,2,0.0
0.06226811930537224,-4.558843524904432e-09,0.0030594482086598873,0.06907352060079575,0.0,0.0,1.0,1.0,1.0,600,180256,15,11,0.8958539366722107,3.78232781658175,-7.828110392438248e-05,-0.009101861156523228,0.009739723056554794,0.9739723056554794,1.0,0.43091678619384766,-0.044139862060546875,0.46500974893569946,0.4537218511104584,-0.034801483154296875,0.4650098383426666,2,0.0
0.00030375723144970834,1.5816292275872e-08,0.0013245206791907549,0.0148174362257123,0.0,0.0,0.0,1.0,1.0,600,180384,28,11,1.4825162887573242,0.7730879812559985,0.007506609428673983,-0.0012271194718778133,0.006811114028096199,0.7506609428673983,1.0,0.45659589767456055,-0.028712987899780273,0.4620812237262726,0.4613068103790283,-0.02692711353302002,0.4620812237262726,2,0.0
0.03937840461730957,1.7439923283291137e-07,0.01606842875480652,0.10294569283723831,0.0,0.0,1.0,1.0,1.0,600,180544,20,11,0.4885464012622833,4.977711239737417,0.0030496830586344004,0.004472958855330944,-0.004248572047799826,0.4472958855330944,1.0,0.4269711971282959,-0.033826351165771484,0.45102155208587646,0.45684993267059326,-0.02122640609741211,0.4510215222835541,2,0.0
0.2443070113658905,0.23069599270820618,0.28601089119911194,0.14233450591564178,0.1573707514030038,0.0,1.0,0.0,1.0,600,180704,29,11,6.119688510894775,4.985854532775364,-0.008868726901710033,0.006379290483891964,-0.0017796657048165798,0.8868726901710033,1.0,0.4150047302246094,-0.031943321228027344,0.4534904360771179,0.3683459758758545,-0.0583186149597168,0.4534904360771179,2,0.0
0.023508241400122643,3.9678829466538446e-07,0.02491391822695732,0.09756091237068176,0.0,0.0,1.0,1.0,1.0,600,180864,12,11,0.8224372267723083,4.1623915585129945,0.0011303838109597564,0.004527074284851551,0.009725403971970081,0.9725403971970081,1.0,0.4298694133758545,-0.03153187036514282,0.46499550342559814,0.45493030548095703,-0.021172910928726196,0.46499547362327576,2,0.0
0.0003224093234166503,4.145944743072505e-08,0.0017126963939517736,0.011085139587521553,0.0,0.0,0.0,1.0,1.0,600,180928,9,11,1.3876835107803345,0.5370040400592416,-0.00020758219761773944,0.006975890137255192,-0.005562158767133951,0.6975890137255192,1.0,0.4503178596496582,-0.019958019256591797,0.44970783591270447,0.45359182357788086,-0.01872396469116211,0.449707955121994,2,0.0
0.07821962237358093,7.774726640263907e-08,0.03776948153972626,0.12082003057003021,0.0,0.0,1.0,1.0,1.0,600,181120,16,11,0.7117424607276917,4.758451922096252,0.0024618799798190594,0.007905240170657635,0.003083727555349469,0.7905240170657635,1.0,0.4276757538318634,-0.0297849178314209,0.45835375785827637,0.4562619626522064,-0.01779460906982422,0.45835384726524353,2,0.0
1.0056830644607544,1.0056830644607544,1.0065830945968628,0.0057467687875032425,1.0,1.0,0.0,0.0,0.0,306,181408,21,11,34.929168701171875,0.2776980426538232,-0.00908590666949749,-0.007664639037102461,0.007298606913536787,0.908590666949749,1.0,0.44301939010620117,-0.033998966217041016,0.4625687003135681,0.2095128297805786,-0.3057239055633545,0.46256864070892334,2,0.4303797483444214
1.0005998611450195,1.0005998611450195,1.0222442150115967,0.05563190579414368,1.0,1.0,1.0,1.0,0.0,367,181440,4,11,37.4171028137207,1.9473543804886893,-0.002941145095974207,-0.0017418626230210066,0.0034825399052351713,0.34825399052351713,1.0,0.4390406608581543,-0.03206157684326172,0.45875251293182373,0.21605682373046875,-0.297945499420166,0.4587526321411133,2,1.0
0.09130101650953293,7.913875776921486e-09,0.10174401104450226,0.127940833568573,0.0,0.0,1.0,1.0,1.0,600,181792,22,11,5.669197082519531,1.500966726952271,-0.009040516801178455,0.00888157356530428,-0.0038293637335300446,0.9040516801178455,1.0,0.4356362819671631,-0.0203436017036438,0.451440691947937,0.444759726524353,-0.016818374395370483,0.4514407217502594,2,0.3488371968269348
0.07571306079626083,5.65659297180332e-09,0.0032401687931269407,0.0854937806725502,0.0,0.0,1.0,1.0,1.0,600,181856,25,11,0.39607760310173035,4.712787838626485,0.007987283170223236,0.0048606195487082005,0.009362420998513699,0.9362420998513699,1.0,0.4334707260131836,-0.03270387649536133,0.464632511138916,0.46178746223449707,-0.02083873748779297,0.4646325409412384,2,0.0
0.03656670078635216,-1.534592675156432e-09,0.01081741414964199,0.09238956868648529,0.0,0.0,1.0,1.0,1.0,600,181920,23,11,1.0624982118606567,4.673742208462461,-0.0011917856754735112,-0.008640440180897713,-0.0003294899652246386,0.8640440180897713,1.0,0.4245220422744751,-0.0460968017578125,0.4549404978752136,0.45260846614837646,-0.034340500831604004,0.4549405872821808,2,0.0
1.0050629377365112,1.0050629377365112,1.0057590007781982,0.027661819010972977,1.0,1.0,0.0,0.0,0.0,293,182208,26,11,35.330108642578125,1.5450251823585557,0.006756860297173262,-0.006296535953879356,0.0014813148882240057,0.6756860297173262,1.0,0.45116734504699707,-0.0356290340423584,0.45675134658813477,0.2254037857055664,-0.30412936210632324,0.45675140619277954,2,1.0
0.4566023647785187,-3.5833169764742934e-10,0.4584166705608368,0.5068375468254089,0.0,0.0,1.0,1.0,1.0,600,182656,17,11,2.519317865371704,2.7743095024076396,-0.003303557401522994,-0.004153069574385881,0.00861366931349039,0.8613669313490391,1.0,0.43370819091796875,-0.036555349826812744,0.46388375759124756,0.4504965841770172,-0.029853016138076782,0.46388378739356995,2,0.13793103396892548
0.0896567702293396,7.913876665099906e-09,0.09788461029529572,0.11936019361019135,0.0,0.0,1.0,1.0,1.0,600,184224,19,11,5.8410491943359375,1.2304609268553244,-0.009188252501189709,0.005697011947631836,0.009536630474030972,0.9536630474030972,1.0,0.4371259808540344,-0.022875070571899414,0.4648067057132721,0.44461187720298767,-0.02000284194946289,0.4648067057132721,2,0.42307692766189575
0.0688323900103569,7.913876665099906e-09,0.022021938115358353,0.09983032196760178,0.0,0.0,1.0,1.0,1.0,600,184416,2,11,0.2732560634613037,4.458090938250356,-0.009653106331825256,-0.009003955870866776,0.006777304690331221,0.9653106331825256,1.0,0.41733455657958984,-0.045867592096328735,0.4620473384857178,0.44414663314819336,-0.03470391035079956,0.46204742789268494,2,0.0
1.0032304525375366,1.0032304525375366,1.0082167387008667,0.022433103993535042,1.0,1.0,0.0,1.0,0.0,396,185248,24,11,38.43299102783203,0.9996341502462145,0.0008199707372114062,-0.0050691841170191765,0.0028308613691478968,0.5069184117019176,1.0,0.4485337734222412,-0.03309035301208496,0.45810094475746155,0.219610333442688,-0.3022329807281494,0.45810091495513916,2,1.0
1.0072070360183716,1.0072070360183716,1.0074212551116943,0.02833431214094162,1.0,1.0,0.0,0.0,0.0,272,187168,7,11,33.808441162109375,1.6111646788561396,-0.0037987297400832176,0.00768652930855751,-0.006286425981670618,0.768652930855751,1.0,0.44021177291870117,-0.021806925535202026,0.4489836096763611,0.21468162536621094,-0.29092952609062195,0.4489836096763611,2,0.46405228972435
1.0052322149276733,1.0052322149276733,1.00544273853302,0.057121749967336655,1.0,1.0,1.0,0.0,0.0,281,187296,5,11,34.950035095214844,3.260772864012284,0.005683483090251684,0.006924699526280165,0.0005430761957541108,0.6924699526280165,1.0,0.4397854804992676,-0.02673625946044922,0.45581310987472534,0.22431707382202148,-0.2909703254699707,0.4558131694793701,2,1.0
0.0777985155582428,7.913875776921486e-09,0.0504627600312233,0.13283269107341766,0.0,0.0,1.0,1.0,1.0,600,187808,3,11,-0.10334449261426926,4.7194489806145405,-0.0011863387189805508,0.0011682092444971204,-0.009068083018064499,0.9068083018064499,1.0,0.424257755279541,-0.036414146423339844,0.44620203971862793,0.45261335372924805,-0.02453172206878662,0.44620200991630554,2,0.0
0.0030126720666885376,-4.404046571870879e-10,0.003722601104527712,0.03178050369024277,0.0,0.0,0.0,1.0,1.0,600,189088,31,11,0.9019529223442078,1.6075995335528044,0.0034868745133280754,0.006026608403772116,0.00855401810258627,0.8554018102586269,1.0,0.44751882553100586,-0.023458003997802734,0.4638241231441498,0.45728635787963867,-0.01967334747314453,0.4638241231441498,2,0.0
1.004417061805725,1.004417061805725,1.0044821500778198,0.01627197675406933,1.0,1.0,0.0,0.0,0.0,278,190016,16,11,35.735252380371094,0.9285881233253286,0.006312181707471609,0.0035616415552794933,-0.006757950875908136,0.6757950875908136,1.0,0.45445704460144043,-0.024291276931762695,0.44851207733154297,0.2250095009803772,-0.2940354347229004,0.44851213693618774,2,1.0
0.08347070217132568,3.652787627927978e-09,0.11364338546991348,0.15456266701221466,0.0,0.0,1.0,1.0,1.0,600,190048,6,11,1.5860085487365723,2.3445002120907232,-0.008919456042349339,0.009834571741521358,-0.003721307497471571,0.9834571741521358,1.0,0.43067121505737305,-0.02147650718688965,0.45154881477355957,0.44488000869750977,-0.015865325927734375,0.4515487849712372,2,0.8181818127632141
0.049762409180402756,7.913875776921486e-09,1.8407428797218017e-05,0.05398688465356827,0.0,0.0,1.0,1.0,1.0,600,190112,11,11,2.3776090145111084,3.092165802369111,-0.006677460391074419,-0.00032487514545209706,-0.006434031296521425,0.6677460391074419,1.0,0.4284322261810303,-0.03354692459106445,0.448836088180542,0.44712281227111816,-0.026024818420410156,0.4488360583782196,2,0.0
0.055605873465538025,0.00046352739445865154,0.0028200249653309584,0.0665767714381218,0.0,0.0,1.0,1.0,1.0,600,190496,14,11,1.3099638223648071,3.6795501181591606,-0.003904909361153841,0.005279910750687122,0.009858584962785244,0.9858584962785244,1.0,0.4277017116546631,-0.029484272003173828,0.46512866020202637,0.44973278045654297,-0.02048015594482422,0.4651285707950592,2,0.0
1.0024809837341309,1.0024809837341309,1.0025745630264282,0.009583006612956524,1.0,1.0,0.0,0.0,0.0,279,190848,23,11,35.7785758972168,0.5437058963780522,0.005013887770473957,-0.0030110885854810476,-0.006070888601243496,0.6070888601243496,1.0,0.45549845695495605,-0.02996039390563965,0.4491991400718689,0.223862886428833,-0.29990148544311523,0.4491991400718689,2,1.0
0.01483883336186409,8.676589224876352e-09,0.01773032546043396,0.058018311858177185,0.0,0.0,1.0,1.0,1.0,600,190912,0,11,0.8178755044937134,2.3083341469920944,0.008375578559935093,0.003470865311101079,-0.006006627343595028,0.8375578559935093,1.0,0.4481840133666992,-0.027749061584472656,0.44926345348358154,0.4621753692626953,-0.022228717803955078,0.44926348328590393,2,0.0
1.0048928260803223,1.0048928260803223,1.0052905082702637,0.033497441560029984,1.0,1.0,0.0,0.0,0.0,274,190976,26,11,35.314247131347656,1.8964805702294953,0.0028567896224558353,0.005411745980381966,-0.008339133113622665,0.8339133113622665,1.0,0.4451456069946289,-0.024782180786132812,0.4469308853149414,0.22151708602905273,-0.2923591136932373,0.4469308853149414,2,1.0
1.001075267791748,1.001075267791748,1.004746437072754,0.006294288672506809,1.0,1.0,0.0,0.0,0.0,291,191104,22,11,36.16756820678711,0.1502994999651074,-0.008913202211260796,-0.00518433004617691,-0.00824357382953167,0.8913202211260796,1.0,0.44396913051605225,-0.03122645616531372,0.44702649116516113,0.21004724502563477,-0.30156171321868896,0.44702649116516113,2,1.0
0.4284317195415497,6.77628442247169e-09,0.42848771810531616,0.47686177492141724,0.0,0.0,1.0,1.0,1.0,600,191200,27,11,2.023136854171753,2.7716438076406305,0.007955840788781643,-0.008956358768045902,-0.006568436045199633,0.8956358768045902,1.0,0.44498419761657715,-0.04135200381278992,0.4487016201019287,0.46175622940063477,-0.03465631604194641,0.4487016499042511,2,0.09756097197532654
1.0013842582702637,1.0013842582702637,1.0028984546661377,0.007204989902675152,1.0,1.0,0.0,0.0,0.0,326,191296,12,11,36.41791534423828,0.3260539943889416,-0.008178779855370522,0.004238368943333626,0.007349580060690641,0.8178779855370522,1.0,0.443631649017334,-0.022207051515579224,0.4626196324825287,0.21075725555419922,-0.292251855134964,0.4626196026802063,2,1.0
1.0011725425720215,1.0011725425720215,1.0012755393981934,0.03821909427642822,1.0,1.0,0.0,0.0,0.0,273,191392,17,11,35.005287170410156,2.183897491824571,0.002991476794704795,0.005968450102955103,0.0010956369806081057,0.5968450102955103,1.0,0.4435485899448395,-0.02493947744369507,0.456365704536438,0.22194409370422363,-0.2904445230960846,0.4563656449317932,2,1.0
1.0049554109573364,1.0049554109573364,1.0064021348953247,0.03660767525434494,1.0,1.0,0.0,0.0,0.0,348,191840,29,11,36.997859954833984,2.014572619988312,0.005347478203475475,-0.004582326393574476,0.002537953667342663,0.5347478203475475,1.0,0.44692420959472656,-0.03506875038146973,0.4578080177307129,0.22400259971618652,-0.30237555503845215,0.4578080177307129,2,1.0
1.0038903951644897,1.0038903951644897,1.004577398300171,0.025432726368308067,1.0,1.0,0.0,1.0,0.0,327,191872,21,11,35.847652435302734,1.4178278501058776,0.005211107898503542,-0.007816002704203129,0.0066895028576254845,0.7816002704203129,1.0,0.4503908157348633,-0.03683948516845703,0.461959570646286,0.22394967079162598,-0.305220365524292,0.46195948123931885,2,0.956250011920929
1.0028042793273926,1.0028042793273926,1.0046172142028809,0.0073178671300411224,1.0,1.0,0.0,0.0,0.0,258,193504,24,11,35.386260986328125,0.3154089044436387,-0.0005003900732845068,-0.0004768101207446307,0.005432649981230497,0.5432649981230497,1.0,0.45137500762939453,-0.026897907257080078,0.46070271730422974,0.2183234691619873,-0.2974851131439209,0.46070271730422974,2,1.0
1.0004197359085083,1.0004197359085083,1.0033690929412842,0.009573591873049736,1.0,1.0,0.0,0.0,0.0,285,193536,2,11,36.011436462402344,0.37954302004830975,0.005758295767009258,5.217545185587369e-05,-0.005733881611377001,0.5758295767009258,1.0,0.4572429656982422,-0.02651640772819519,0.44953617453575134,0.22477054595947266,-0.2960861027240753,0.44953614473342896,2,1.0
0.02750825323164463,-5.834213112621001e-10,0.0012995091965422034,0.035446491092443466,0.0,0.0,0.0,1.0,1.0,600,195232,1,11,2.119445562362671,1.9564784460027684,-0.004658315796405077,-0.0002609639777801931,0.008990154601633549,0.8990154601633549,1.0,0.4372682571411133,-0.03060293197631836,0.4642602205276489,0.4491415023803711,-0.025960922241210938,0.4642602503299713,2,0.0
0.3693471848964691,0.3693471848964691,0.5630232691764832,0.28089770674705505,0.30908430990736235,0.0,1.0,1.0,1.0,600,195232,13,11,8.649951934814453,4.997438106720883,-0.008248839527368546,-0.002486771671101451,0.005272898823022842,0.8248839527368546,1.0,0.4155564308166504,-0.04084157943725586,0.4605429172515869,0.32796549797058105,-0.09872031211853027,0.4605429470539093,2,0.0
0.00350215844810009,2.0771749404957518e-05,0.007269588764756918,0.049494557082653046,0.0,0.0,0.0,1.0,1.0,600,196224,30,11,0.6192831993103027,2.420503782410275,0.005213005468249321,0.007603059057146311,-0.009161146357655525,0.9161146357655525,1.0,0.4443473815917969,-0.023899555206298828,0.446108877658844,0.45900535583496094,-0.018099308013916016,0.44610893726348877,2,0.0
0.48098430037498474,1.50273410781665e-06,0.48238325119018555,0.5250009298324585,0.0,0.0,1.0,1.0,1.0,600,196768,10,11,2.740112781524658,2.44189657522099,0.005868879146873951,-0.00970370601862669,0.006301522254943848,0.970370601862669,1.0,0.44487476348876953,-0.0412602424621582,0.4615715742111206,0.4596686363220215,-0.035404205322265625,0.461571604013443,2,0.11881188303232193
0.02840283513069153,1.3868117093807086e-05,0.02941952273249626,0.08248558640480042,0.0,0.0,1.0,1.0,1.0,600,197344,8,11,0.9578498601913452,3.0412559201733633,-0.003426601877436042,-0.0023719340097159147,-0.0025900471955537796,0.3426601877436042,1.0,0.43198728561401367,-0.0354619026184082,0.45267999172210693,0.45036840438842773,-0.028073549270629883,0.45267999172210693,2,0.0
1.0004386901855469,1.0004386901855469,1.000884771347046,0.0469696931540966,1.0,1.0,0.0,0.0,0.0,272,197792,31,11,34.74542236328125,2.665605334219594,0.0027430583722889423,0.004379019606858492,-0.004685688763856888,0.4685688763856888,1.0,0.44040584564208984,-0.02774524688720703,0.4505842924118042,0.22175359725952148,-0.2917661666870117,0.450584352016449,2,1.0
0.45607268810272217,5.75440424199769e-07,0.45674294233322144,0.5092769265174866,0.0,0.0,1.0,1.0,1.0,600,197824,18,11,2.3646249771118164,3.0100105794849057,-0.007155063096433878,-0.0013981228694319725,0.00722546735778451,0.722546735778451,1.0,0.42844557762145996,-0.03440725803375244,0.46249550580978394,0.44664496183395386,-0.02709805965423584,0.4624955356121063,2,0.0
1.003159761428833,1.003159761428833,1.0032389163970947,0.004560768138617277,1.0,1.0,0.0,0.0,0.0,239,198144,14,11,34.46937561035156,0.25677429174001803,0.00731290690600872,-0.00932502280920744,0.00836216751486063,0.9325022809207439,1.0,0.4595456123352051,-0.03561091423034668,0.46363213658332825,0.22610878944396973,-0.30646276473999023,0.46363216638565063,2,1.0
1.00391685962677,1.00391685962677,1.004049301147461,0.08237943053245544,1.0,1.0,1.0,0.0,0.0,278,199008,11,11,34.372154235839844,4.712402786712026,0.003258286276832223,0.009791248477995396,0.003194291377440095,0.9791248477995396,1.0,0.428743839263916,-0.027771711349487305,0.45846426486968994,0.22199487686157227,-0.28762316703796387,0.4584643840789795,2,1.0
1.0024415254592896,1.0024415254592896,1.0152132511138916,0.0875115692615509,1.0,1.0,1.0,0.0,0.0,264,199296,23,11,33.550472259521484,4.282281869014228,0.005655035376548767,-0.009482033550739288,-0.0019412103574723005,0.9482033550739288,1.0,0.4336833953857422,-0.04586625099182129,0.4533289074897766,0.22450721263885498,-0.3063582181930542,0.45332878828048706,2,1.0
1.0041369199752808,1.0041369199752808,1.0050723552703857,0.010229579173028469,1.0,1.0,0.0,0.0,0.0,265,199392,0,11,35.42262268066406,0.5325180998784242,0.0006031241500750184,-6.535244210681412e-06,0.0015863713342696428,0.15863713342696428,1.0,0.4511561393737793,-0.026929855346679688,0.45685645937919617,0.21932220458984375,-0.2975015640258789,0.456856369972229,2,1.0
0.00022371968952938914,4.601668933901237e-06,0.0009239037754014134,0.037709057331085205,0.0,0.0,0.0,1.0,1.0,600,199456,15,11,0.4936411380767822,2.107900324807366,0.005832653027027845,0.009427113458514214,-0.009197782725095749,0.9427113458514214,1.0,0.44684720039367676,-0.02129077911376953,0.4460723400115967,0.45963120460510254,-0.016273021697998047,0.4460723102092743,2,0.0
0.5365089774131775,1.6385941989938146e-06,0.5807653665542603,0.6203188300132751,0.0,0.0,1.0,1.0,1.0,600,199584,28,11,2.871798515319824,2.2663306180306315,0.00943920947611332,-0.009963082149624825,0.005499470513314009,0.9963082149624825,1.0,0.44950032234191895,-0.041077494621276855,0.46076953411102295,0.4632389545440674,-0.03566324710845947,0.46076956391334534,2,0.054054055362939835
9.009295899886638e-05,4.915209128597553e-09,0.00022918175091035664,0.07007049024105072,0.0,0.0,1.0,1.0,1.0,600,199744,20,11,0.6690579056739807,4.0016110398850095,-0.009745540097355843,-0.0004904078668914735,0.007423569913953543,0.9745540097355843,1.0,0.41994690895080566,-0.03611564636230469,0.46269357204437256,0.4440547227859497,-0.026189804077148438,0.4626936614513397,2,0.0
0.0017338264733552933,1.541624605749803e-08,0.004722068086266518,0.023776639252901077,0.0,0.0,0.0,1.0,1.0,600,200128,9,12,1.6342154741287231,1.0917481091054162,0.006255893502384424,-0.009394005872309208,0.0012149532558396459,0.9394005872309208,1.0,0.45341014862060547,-0.03763437271118164,0.4564850330352783,0.4600553512573242,-0.03509378433227539,0.4564850628376007,2,0.0
0.047218021005392075,7.913876665099906e-09,3.145012669847347e-05,0.05068695917725563,0.0,0.0,1.0,1.0,1.0,600,200640,4,12,2.4906604290008545,2.902346521041406,-0.007284075487405062,1.9814699044218287e-05,-0.003769089002162218,0.7284075487405062,1.0,0.42896080017089844,-0.03271126747131348,0.45150095224380493,0.4465155601501465,-0.025680065155029297,0.4515009820461273,2,0.0
0.05260729789733887,2.606474147626159e-09,0.005342929158359766,0.06046254187822342,0.0,0.0,1.0,1.0,1.0,600,201056,25,12,1.6066406965255737,3.158122164419574,-0.00729697709903121,-0.009685138240456581,0.006921207066625357,0.9685138240456581,1.0,0.42741870880126953,-0.043077945709228516,0.46219122409820557,0.4465034008026123,-0.0353846549987793,0.46219131350517273,2,0.0
1.000009298324585,1.000009298324585,1.0418221950531006,0.058571089059114456,1.0,1.0,1.0,0.0,0.0,314,201152,22,12,36.0438232421875,0.9601677163962941,-0.0025876357685774565,-0.006506594363600016,0.009512652643024921,0.9512652643024921,1.0,0.44536542892456055,-0.03443408012390137,0.46478271484375,0.21645736694335938,-0.30249518156051636,0.46478271484375,2,1.0
1.0038535594940186,1.0038535594940186,1.0167036056518555,0.05430470407009125,1.0,1.0,1.0,0.0,0.0,241,202944,13,12,34.386756896972656,2.375173524436193,0.007879793643951416,-0.0001357856672257185,-0.005659744143486023,0.7879793643951416,1.0,0.44728684425354004,-0.031523942947387695,0.44961029291152954,0.2266216278076172,-0.2975273132324219,0.44961023330688477,2,1.0
1.0008797645568848,1.0008797645568848,1.0019991397857666,0.024306748062372208,1.0,1.0,0.0,1.0,0.0,361,202944,17,12,36.85884094238281,1.3285346526521853,-0.004447669722139835,-0.0007997617940418422,0.00032117031514644623,0.44476697221398354,1.0,0.441272497177124,-0.02960789203643799,0.4555912911891937,0.2145281434059143,-0.2971058189868927,0.45559126138687134,2,1.0
0.07029885798692703,7.913876665099906e-09,0.025694701820611954,0.09950218349695206,0.0,0.0,1.0,1.0,1.0,600,203424,19,12,1.8559690713882446,4.228856556213212,0.002766601275652647,-0.005674560554325581,-0.009335275739431381,0.9335275739431381,1.0,0.43111148476600647,-0.04191327095031738,0.4459347724914551,0.456566721200943,-0.031374454498291016,0.44593480229377747,2,0.0
1.0009881258010864,1.0009881258010864,1.0022348165512085,0.06378135830163956,1.0,1.0,1.0,0.0,0.0,288,204448,1,12,34.958534240722656,3.5829716701820034,0.006199875380843878,0.007220001425594091,0.0023213238455355167,0.7220001425594091,1.0,0.4383811950683594,-0.027288198471069336,0.4575914144515991,0.22516727447509766,-0.289125919342041,0.45759129524230957,2,1.0
1.0030616521835327,1.0030616521835327,1.0030784606933594,0.023258594796061516,1.0,1.0,0.0,0.0,0.0,279,206272,8,12,35.5550651550293,1.3316514600695326,0.004000550601631403,0.0004248864424880594,-0.003066906239837408,0.4000550601631403,1.0,0.44970130920410156,-0.02839052677154541,0.4522031545639038,0.22280359268188477,-0.29667723178863525,0.45220309495925903,2,1.0
0.37162479758262634,7.913875776921486e-09,0.37169164419174194,0.4465659558773041,0.0,0.0,1.0,1.0,1.0,600,206368,7,12,1.885385274887085,4.289983761077064,0.003008319763466716,-0.007518320344388485,-0.005193010438233614,0.7518320344388485,1.0,0.43099117279052734,-0.043923377990722656,0.45007699728012085,0.45680809020996094,-0.03321829438209534,0.450077086687088,2,0.0235294122248888
0.34551283717155457,0.2433772087097168,0.3554639220237732,0.18491870164871216,0.18394206873942728,0.0,1.0,1.0,1.0,600,206496,5,12,6.456727981567383,4.172966825782289,-0.008927800692617893,-0.005544652696698904,-0.0030225373338907957,0.8927800692617893,1.0,0.41974830627441406,-0.041632652282714844,0.4522475600242615,0.36435985565185547,-0.07288694381713867,0.4522475302219391,2,0.0
1.0036224126815796,1.0036224126815796,1.0057063102722168,0.035004258155822754,1.0,1.0,0.0,0.0,0.0,272,206528,18,12,33.94039535522461,1.886196439773572,0.0038673931267112494,-0.0009811401832848787,-0.00036948619526810944,0.38673931267112494,1.0,0.44621777534484863,-0.031149864196777344,0.45490050315856934,0.22262677550315857,-0.29828810691833496,0.4549006223678589,2,0.6050955653190613
0.0009677232592366636,3.964736450257078e-08,0.002012259792536497,0.0130332475528121,0.0,0.0,0.0,1.0,1.0,600,207008,3,12,1.2886995077133179,0.6314588328130538,0.005044060293585062,0.0015269139548763633,0.009737507440149784,0.9737507440149784,1.0,0.45499467849731445,-0.0256270170211792,0.4650075435638428,0.4588437080383301,-0.02417314052581787,0.46500763297080994,2,0.0
1.0007787942886353,1.0007787942886353,1.0082252025604248,0.04966788738965988,1.0,1.0,0.0,0.0,0.0,303,207488,31,12,35.667945861816406,2.4191142658010003,0.006605958566069603,-0.003213420743122697,0.009246155619621277,0.9246155619621277,1.0,0.44574880599975586,-0.03471231460571289,0.4645161032676697,0.22558975219726562,-0.2994828224182129,0.46451622247695923,2,1.0
0.023180797696113586,1.0234253977614571e-07,0.0218063797801733,0.04584810882806778,0.0,0.0,0.0,1.0,1.0,600,209216,16,12,1.778327465057373,1.3774960099437754,0.002475589048117399,0.009175573475658894,-0.0004168279701843858,0.9175573475658894,1.0,0.44789934158325195,-0.019750595092773438,0.45485326647758484,0.45627567172050476,-0.016524314880371094,0.45485326647758484,2,0.0
0.05459870398044586,7.91386689513729e-09,0.000340961356414482,0.060411520302295685,0.0,0.0,1.0,1.0,1.0,600,209248,6,12,2.6310794353485107,3.4417899524905473,-0.005459779407829046,5.9658410464180633e-05,-0.009189838543534279,0.9189838543534279,1.0,0.4275627136230469,-0.03407597541809082,0.44608020782470703,0.44833993911743164,-0.025640249252319336,0.4460802376270294,2,0.0
1.0032137632369995,1.0032137632369995,1.0034438371658325,0.03277244046330452,1.0,1.0,0.0,1.0,0.0,328,209504,11,12,35.862823486328125,1.8645389771325194,0.007558775134384632,-0.0050284722819924355,0.009815527126193047,0.9815527126193047,1.0,0.4500398635864258,-0.03514361381530762,0.46508556604385376,0.2263503074645996,-0.3021860122680664,0.46508556604385376,2,1.0
1.0046312808990479,1.0046312808990479,1.005202293395996,0.020823199301958084,1.0,1.0,0.0,0.0,0.0,284,209728,4,12,35.69575500488281,1.1603658970546569,0.007711593993008137,-0.0034345153253525496,0.00011181945592397824,0.7711593993008137,1.0,0.4544501304626465,-0.031838417053222656,0.4553818106651306,0.22639131546020508,-0.30111002922058105,0.4553818702697754,2,1.0
0.07669780403375626,3.168871955949726e-07,0.0043781958520412445,0.08676210790872574,0.0,0.0,1.0,1.0,1.0,600,210176,26,12,0.33574000000953674,4.720269457088588,0.004629575181752443,0.0007533878087997437,0.007943441160023212,0.7943441160023212,1.0,0.4300684928894043,-0.03683137893676758,0.4632134437561035,0.45842981338500977,-0.02494645118713379,0.4632135331630707,2,0.0
0.09469842165708542,1.1435146916483063e-05,0.07685776799917221,0.1591254323720932,0.0,0.0,1.0,1.0,1.0,600,210400,27,12,0.766891360282898,4.714244376466991,-0.004088626708835363,-0.003621521173045039,0.001760144135914743,0.40886267088353634,1.0,0.4213860034942627,-0.041189610958099365,0.4570302367210388,0.4497072696685791,-0.029322922229766846,0.4570302367210388,2,0.0
0.006229802966117859,5.050919238414053e-09,0.001956217922270298,0.008945804089307785,0.0,0.0,0.0,1.0,1.0,600,210496,12,12,1.5100675821304321,0.4004740547185345,-0.009683498181402683,0.006049744319170713,-0.006766889244318008,0.9683498181402683,1.0,0.44167327880859375,-0.020567476749420166,0.44850313663482666,0.44411683082580566,-0.019650191068649292,0.4485032260417938,2,0.0
1.0052495002746582,1.0052495002746582,1.0056835412979126,0.06225166842341423,1.0,1.0,1.0,0.0,0.0,293,210528,22,12,34.96792221069336,3.541889362984846,0.007027248851954937,0.0005904693971388042,0.008690718561410904,0.8690718561410904,1.0,0.439453125,-0.033809155225753784,0.46396076679229736,0.22565960884094238,-0.29731035232543945,0.46396076679229736,2,1.0
1.0011943578720093,1.0011943578720093,1.0013034343719482,0.05662966147065163,1.0,1.0,1.0,1.0,0.0,308,210912,25,12,35.59857940673828,3.2383941760835606,0.0053507802076637745,0.0031020049937069416,0.0008776311296969652,0.5350780207663774,1.0,0.439586877822876,-0.030500411987304688,0.4561476707458496,0.22430181503295898,-0.2933192253112793,0.45614755153656006,2,1.0
9.835007222136483e-05,1.0088764611282386e-05,0.0007769902586005628,0.01301973033696413,0.0,0.0,0.0,1.0,1.0,600,211040,29,12,1.5213531255722046,0.7020357644761773,0.0005072150961495936,0.006649575661867857,-0.006718792021274567,0.6718792021274567,1.0,0.450028657913208,-0.02066946029663086,0.44855132699012756,0.4543037414550781,-0.019051790237426758,0.44855132699012756,2,0.0
0.08047494292259216,7.490004172439058e-09,0.09005704522132874,0.16732245683670044,0.0,0.0,1.0,1.0,1.0,600,211072,21,12,0.19469889998435974,4.42698369544918,0.008362928405404091,0.00885718408972025,-0.007120565976947546,0.8857184089720249,1.0,0.4355347156524658,-0.027921676635742188,0.4481494426727295,0.4621630907058716,-0.01684284210205078,0.44814953207969666,2,0.0
1.001554012298584,1.001554012298584,1.001880407333374,0.045103758573532104,1.0,1.0,0.0,0.0,0.0,267,211488,13,12,34.804683685302734,2.565556509813836,0.006143779028207064,-2.0137045794399455e-05,-0.003282767254859209,0.6143779028207064,1.0,0.44440722465515137,-0.031889915466308594,0.4519873261451721,0.2250661849975586,-0.29657232761383057,0.4519873261451721,2,1.0
0.033524926751852036,0.00023426365805789828,0.06642328202724457,0.12052299082279205,0.0,0.0,1.0,1.0,1.0,600,212704,24,12,1.4211674928665161,3.1131090833550745,-0.003385920077562332,0.00034780040732584894,0.009388493373990059,0.9388493373990059,1.0,0.431598424911499,-0.0329289436340332,0.46465855836868286,0.45033204555511475,-0.02538275718688965,0.4646585285663605,2,0.0
0.9781702160835266,5.689053068635985e-06,1.0323612689971924,1.118812918663025,0.0,0.0,1.0,1.0,1.0,600,212736,2,12,2.4476537704467773,4.953607502156442,0.0037840837612748146,0.007434759754687548,-0.001109314034692943,0.7434759754687548,1.0,0.42784690856933594,-0.03079777956008911,0.45416080951690674,0.4575815200805664,-0.018265902996063232,0.45416074991226196,2,0.19411765038967133
1.001187801361084,1.001187801361084,1.0201811790466309,0.04467049986124039,1.0,1.0,0.0,0.0,0.0,272,215232,18,12,35.34860610961914,1.4712007625493555,0.00419005099684,-0.0021398200187832117,-0.003039719071239233,0.419005099684,1.0,0.4490469694137573,-0.03129303455352783,0.4522303342819214,0.22314128279685974,-0.29855823516845703,0.4522302746772766,2,1.0
0.0019367679487913847,2.434887562685617e-07,0.0008819177164696157,0.051061391830444336,0.0,0.0,1.0,1.0,1.0,600,215424,30,12,1.0801256895065308,2.8750868091770623,-0.008987735025584698,-0.006435354705899954,-0.0014952704077586532,0.8987735025584698,1.0,0.42742013931274414,-0.03909635543823242,0.45377475023269653,0.4448118209838867,-0.032135009765625,0.4537748396396637,2,0.0
0.001955722225829959,7.913875776921486e-09,2.626619243528694e-05,0.06104994937777519,0.0,0.0,1.0,1.0,1.0,600,215968,10,12,1.5482789278030396,3.496399876225738,-0.00677811773493886,-0.0017299259779974818,0.004266920033842325,0.677811773493886,1.0,0.4259188175201416,-0.0360102653503418,0.45953696966171265,0.4470221996307373,-0.027429580688476562,0.45953699946403503,2,0.0
1.0026423931121826,1.0026423931121826,1.0026456117630005,0.08669636398553848,1.0,1.0,1.0,0.0,0.0,221,216288,16,12,31.216934204101562,4.967153901714692,0.00908325333148241,0.00849912315607071,0.00352563988417387,0.908325333148241,1.0,0.4330669641494751,-0.02977132797241211,0.4587956666946411,0.2279198169708252,-0.2884504795074463,0.4587957262992859,2,0.3202614486217499
0.3462013602256775,7.945886615345898e-09,0.3469214141368866,0.41762471199035645,0.0,0.0,1.0,1.0,1.0,600,217344,14,12,1.9387598037719727,4.050999710886549,0.004398087039589882,-0.0014561712741851807,-0.0063077895902097225,0.6307789590209723,1.0,0.43379712104797363,-0.03721451759338379,0.4489622712135315,0.45819830894470215,-0.02715611457824707,0.4489623010158539,2,0.09210526198148727
1.0046666860580444,1.0046666860580444,1.0052798986434937,0.061862606555223465,1.0,1.0,1.0,0.0,0.0,288,218464,6,12,34.99698257446289,3.509331772202099,0.006841710768640041,-0.00545380637049675,-0.0018268628045916557,0.6841710768640041,1.0,0.43946123123168945,-0.03976726531982422,0.45344316959381104,0.22551965713500977,-0.30314207077026367,0.45344316959381104,2,1.0
0.050614263862371445,-3.6506115907997128e-09,0.034514885395765305,0.09095534682273865,0.0,0.0,1.0,1.0,1.0,600,218496,23,12,0.5151244401931763,3.2338025814140194,-0.008367139846086502,0.008319436572492123,0.0015663601225242019,0.8367139846086502,1.0,0.42589616775512695,-0.025271058082580566,0.45683640241622925,0.44543302059173584,-0.017380595207214355,0.45683643221855164,2,0.0
0.06995217502117157,7.913874888743067e-09,0.02185269631445408,0.10538729280233383,0.0,0.0,1.0,1.0,1.0,600,218592,0,12,0.3167840242385864,4.7861799288055655,-0.0007609117892570794,-0.00177651341073215,-0.004877777770161629,0.4877777770161629,1.0,0.4242897033691406,-0.039544105529785156,0.45039230585098267,0.45303869247436523,-0.02747631072998047,0.45039233565330505,2,0.0
0.06557925790548325,-1.7258624529503663e-09,0.001391153084114194,0.07432092726230621,0.0,0.0,1.0,1.0,1.0,600,218656,15,12,0.7259684801101685,4.178570569109462,-0.003944240976125002,0.009267895482480526,0.006186322309076786,0.9267895482480526,1.0,0.4246985912322998,-0.026834964752197266,0.4614563584327698,0.44985589385032654,-0.016431808471679688,0.46145644783973694,2,0.0
1.0006816387176514,1.0006816387176514,1.0010184049606323,0.01624143496155739,1.0,1.0,0.0,0.0,0.0,267,218720,26,12,34.37409591674805,0.9112706055715843,-0.001973941223695874,-0.0038433619774878025,0.005015428643673658,0.5015428643673658,1.0,0.4462761878967285,-0.03165483474731445,0.460285484790802,0.21701741218566895,-0.3000771999359131,0.460285484790802,2,1.0
1.0040874481201172,1.0040874481201172,1.0395407676696777,0.03939715400338173,1.0,1.0,0.0,0.0,0.0,261,218752,27,12,35.11979675292969,0.22596106723826911,0.003229428781196475,0.007668140344321728,0.006684055086225271,0.7668140344321728,1.0,0.45565032958984375,-0.01854720711708069,0.4619540870189667,0.2219526767730713,-0.28980863094329834,0.4619540572166443,2,0.9364162087440491
0.058846648782491684,7.922978717544993e-09,0.0002893317141570151,0.06549455225467682,0.0,0.0,1.0,1.0,1.0,600,218784,28,12,1.4526522159576416,3.7359841292895677,-0.006353425327688456,0.00489222863689065,0.00421172333881259,0.6353425327688456,1.0,0.42491722106933594,-0.030022144317626953,0.45948177576065063,0.4474468231201172,-0.020807862281799316,0.459481805562973,2,0.0
1.0036638975143433,1.0036638975143433,1.0096263885498047,0.03176151216030121,1.0,1.0,0.0,0.0,0.0,355,218848,31,12,36.77996063232422,1.4781831368718126,0.00026664906181395054,-0.003570899134501815,0.003099225228652358,0.3570899134501815,1.0,0.4450812339782715,-0.03274059295654297,0.4583692252635956,0.2190227508544922,-0.30089306831359863,0.45836925506591797,2,1.0
0.42302361130714417,2.4866182446459106e-09,0.4268687963485718,0.45032817125320435,0.0,0.0,1.0,1.0,1.0,600,218944,20,12,2.9535489082336426,1.3441222115552123,-0.001267898129299283,-0.008467447943985462,0.0020138577092438936,0.8467447943985462,1.0,0.4443577527999878,-0.03731346130371094,0.4572838544845581,0.45253217220306396,-0.03416728973388672,0.45728394389152527,2,0.04597701132297516
0.03011113964021206,-6.723505086014825e-10,0.031437307596206665,0.08250652998685837,0.0,0.0,1.0,1.0,1.0,600,219328,9,12,1.4445655345916748,2.9260526135466396,0.008416715078055859,-0.002920962404459715,0.009747836738824844,0.9747836738824844,1.0,0.4445195198059082,-0.03571319580078125,0.4650178551673889,0.4622163772583008,-0.02862071990966797,0.4650179445743561,2,0.0
1.001031517982483,1.001031517982483,1.0173625946044922,0.05033964663743973,1.0,1.0,1.0,0.0,0.0,410,219488,7,12,37.08344268798828,1.948547956046149,-0.006456364411860704,-0.00892267283052206,0.002882576547563076,0.892267283052206,1.0,0.4355182647705078,-0.0392451286315918,0.45815253257751465,0.2125072479248047,-0.3052842915058136,0.45815253257751465,2,1.0
1.0043872594833374,1.0043872594833374,1.0335912704467773,0.0752514973282814,1.0,1.0,1.0,0.0,0.0,267,219584,29,12,34.762229919433594,2.6383212898063317,-0.0007899869815446436,-0.0016567106358706951,-0.003457041457295418,0.3457041457295418,1.0,0.43703722953796387,-0.03371167182922363,0.4518129825592041,0.2179098129272461,-0.2992427349090576,0.4518129825592041,2,1.0
1.0005252361297607,1.0005252361297607,1.0036845207214355,0.010166111402213573,1.0,1.0,0.0,0.0,0.0,275,219712,25,12,35.613338470458984,0.4014660329737731,0.00551967229694128,-0.004834065213799477,0.0014498542295768857,0.551967229694128,1.0,0.45687055587768555,-0.031453609466552734,0.45671990513801575,0.22452378273010254,-0.3010110855102539,0.4567198157310486,2,1.0
1.0042628049850464,1.0042628049850464,1.0043361186981201,0.0430830754339695,1.0,1.0,0.0,0.0,0.0,286,220224,21,13,34.880126953125,2.4642810261218253,0.001527114654891193,0.005449135787785053,0.009366109035909176,0.9366109035909176,1.0,0.4403986930847168,-0.02616405487060547,0.4646362066268921,0.22023630142211914,-0.29209160804748535,0.4646362066268921,2,1.0
1.0002683401107788,1.0002683401107788,1.0011597871780396,0.05951474979519844,1.0,1.0,1.0,1.0,0.0,339,220576,4,13,34.09347152709961,3.3588703887495344,0.008815213106572628,-0.005266401916742325,0.007111028302460909,0.8815213106572628,1.0,0.44233274459838867,-0.0391840934753418,0.46238112449645996,0.22783946990966797,-0.301349401473999,0.4623810648918152,2,0.19708029925823212
0.06906270235776901,4.291820005164482e-06,0.0024922583252191544,0.0745699480175972,0.0,0.0,1.0,1.0,1.0,600,222144,17,13,0.8301458358764648,4.12999810571374,-0.0022665318101644516,-0.005079231690615416,0.004628464113920927,0.5079231690615416,1.0,0.426664263010025,-0.04105055332183838,0.4598984718322754,0.45153194665908813,-0.03077968955039978,0.4598985016345978,2,0.0
0.07628488540649414,7.913876665099906e-09,0.00999454315751791,0.09522175788879395,0.0,0.0,1.0,1.0,1.0,600,222624,19,13,-0.3600074350833893,4.88315965039646,-0.0037988198455423117,0.008385404013097286,0.00865204632282257,0.8652046322822571,1.0,0.42067962884902954,-0.029651403427124023,0.46392208337783813,0.4500012695789337,-0.017314910888671875,0.4639221727848053,2,0.0
0.08119691908359528,7.913875776921486e-09,0.003206687280908227,0.08744735270738602,0.0,0.0,1.0,1.0,1.0,600,223648,1,13,0.4941033720970154,4.826635139259551,-0.00018658411863725632,-0.002525977324694395,-0.0011997761903330684,0.2525977324694395,1.0,0.42462587356567383,-0.0404052734375,0.4540702700614929,0.45361328125,-0.02822589874267578,0.4540702998638153,2,0.0
1.002227783203125,1.002227783203125,1.0203633308410645,0.019861266016960144,1.0,1.0,0.0,0.0,0.0,272,224128,30,13,35.851036071777344,0.09887324479593601,0.0052711316384375095,0.006546425633132458,0.006484244018793106,0.6546425633132458,1.0,0.4584670066833496,-0.019378185272216797,0.46175435185432434,0.22414064407348633,-0.2902517318725586,0.4617542028427124,2,1.0
1.00119948387146,1.00119948387146,1.0031356811523438,0.026759497821331024,1.0,1.0,0.0,0.0,0.0,279,224160,18,13,35.4468879699707,1.4222658722407993,0.00939139910042286,-0.0014806350227445364,0.002379431389272213,0.9391399100422859,1.0,0.4545442461967468,-0.030515193939208984,0.45764943957328796,0.22834187746047974,-0.29790329933166504,0.4576495289802551,2,1.0
0.05570095404982567,7.913876665099906e-09,0.001360046910122037,0.06272273510694504,0.0,0.0,1.0,1.0,1.0,600,225472,8,13,2.953683853149414,3.5158236535647847,-0.009795921854674816,0.0035174889490008354,-0.0032741157338023186,0.9795921854674816,1.0,0.42278480529785156,-0.03081345558166504,0.4519959092140198,0.4440035820007324,-0.022182583808898926,0.45199599862098694,2,0.0
0.4373263716697693,7.998843187806415e-08,0.4426105320453644,0.5011640787124634,0.0,0.0,1.0,1.0,1.0,600,225696,5,13,2.5624427795410156,3.3548798507269546,-0.0066404640674591064,-0.0019907900132238865,-0.00027351872995495796,0.6640464067459106,1.0,0.42690038681030273,-0.03589820861816406,0.45499658584594727,0.4471592903137207,-0.027690410614013672,0.4549965560436249,2,0.10891088843345642
0.06353404372930527,7.913875776921486e-09,0.03321998193860054,0.10885443538427353,0.0,0.0,1.0,1.0,1.0,600,226208,3,13,1.148789644241333,4.333535608546004,-0.00582104129716754,-0.004171073902398348,-0.004295847378671169,0.582104129716754,1.0,0.4219036102294922,-0.040694594383239746,0.4509742259979248,0.44797849655151367,-0.029871106147766113,0.4509742558002472,2,0.0
1.005151629447937,1.005151629447937,1.007325291633606,0.0070962198078632355,1.0,1.0,0.0,0.0,0.0,277,226208,14,13,35.8251953125,0.2820380942628374,-0.00672792037948966,-0.006283946335315704,-0.005404292605817318,0.672792037948966,1.0,0.44535088539123535,-0.03262805938720703,0.44986578822135925,0.2119121551513672,-0.30414915084838867,0.44986575841903687,2,1.0
1.003449559211731,1.003449559211731,1.0042753219604492,0.0326974131166935,1.0,1.0,0.0,0.0,0.0,268,227072,23,13,35.225196838378906,1.8261080639937963,0.008382005617022514,0.007622531149536371,0.0025783455930650234,0.8382005617022514,1.0,0.4510948657989502,-0.022397756576538086,0.45784837007522583,0.22715497016906738,-0.2896212339401245,0.45784837007522583,2,1.0
1.0029518604278564,1.0029518604278564,1.0157370567321777,0.07013783603906631,1.0,1.0,1.0,0.0,0.0,351,227520,16,13,36.5772705078125,3.286061425970845,0.005931866820901632,-0.00254825153388083,0.003870081389322877,0.5931866820901632,1.0,0.439883291721344,-0.036275386810302734,0.45914018154144287,0.22474396228790283,-0.2996101379394531,0.45914018154144287,2,1.0
1.0012176036834717,1.0012176036834717,1.001670241355896,0.050228431820869446,1.0,1.0,1.0,0.0,0.0,266,228096,29,13,34.65992736816406,2.8519429266178853,0.007290988694876432,0.002667617052793503,-0.002757108537480235,0.7290988694876432,1.0,0.44383788108825684,-0.029934167861938477,0.4525129199028015,0.22623991966247559,-0.2937619686126709,0.45251303911209106,2,1.0
0.010031890124082565,4.835872459807433e-06,0.010904678143560886,0.048595916479825974,0.0,0.0,0.0,1.0,1.0,600,228704,11,13,0.76197749376297,2.1598270514157996,0.007252424024045467,0.008865234442055225,-0.007405621465295553,0.8865234442055225,1.0,0.4479541778564453,-0.021982669830322266,0.4478644132614136,0.46105098724365234,-0.016835689544677734,0.44786450266838074,2,0.0
1.0031803846359253,1.0031803846359253,1.0034172534942627,0.019722964614629745,1.0,1.0,0.0,0.0,0.0,286,228864,25,13,35.86898422241211,1.1164722199620989,0.009037105366587639,-0.004627631977200508,-0.009729011915624142,0.9729011915624142,1.0,0.4560420513153076,-0.03292703628540039,0.445541113615036,0.22783136367797852,-0.3017740249633789,0.4455410838127136,2,1.0
1.0033811330795288,1.0033811330795288,1.0063148736953735,0.07581336051225662,1.0,1.0,1.0,0.0,0.0,317,229088,20,13,35.28851318359375,4.17569420569524,0.004739105701446533,0.005179604049772024,-0.007640367839485407,0.7640367839485407,1.0,0.4333990812301636,-0.030915260314941406,0.4476296305656433,0.2235172986984253,-0.2920384407043457,0.4476296305656433,2,1.0
0.001425442984327674,3.6128970926085913e-09,0.0019352213712409139,0.00419669970870018,0.0,0.0,0.0,1.0,1.0,600,229696,12,13,1.6250587701797485,0.12957337096998306,-0.005572747439146042,0.0027681447099894285,-0.008505728095769882,0.8505728095769882,1.0,0.4474360942840576,-0.023226678371429443,0.4467643201351166,0.4482276439666748,-0.022931814193725586,0.44676437973976135,2,0.0
0.07176495343446732,7.913876665099906e-09,0.04198861122131348,0.11748836934566498,0.0,0.0,1.0,1.0,1.0,600,229728,22,13,0.01881503500044346,4.325816641010243,-0.008354553021490574,-0.0018656827742233872,0.00043964263750240207,0.8354553021490574,1.0,0.41941606998443604,-0.038368433713912964,0.45570963621139526,0.4454456567764282,-0.02756562829017639,0.4557097256183624,2,0.0
0.057282622903585434,7.913875776921486e-09,0.10517257452011108,0.16900376975536346,0.0,0.0,1.0,1.0,1.0,600,230688,13,13,7.740566253662109,3.6572585151423542,-0.007608978543430567,0.00791508611291647,-0.008545859716832638,0.8545859716832638,1.0,0.4241302013397217,-0.02678990364074707,0.44672417640686035,0.44619131088256836,-0.017784953117370605,0.4467242658138275,2,0.0
1.0038443803787231,1.0038443803787231,1.0067431926727295,0.05139433965086937,1.0,1.0,1.0,0.0,0.0,279,231072,17,13,34.99327850341797,2.7785930982342952,0.008892792277038097,0.00024407458840869367,-0.0005850875750184059,0.8892792277038097,1.0,0.4458787143230438,-0.03216928243637085,0.45468491315841675,0.22763487696647644,-0.297143816947937,0.4546850323677063,2,1.0
1.0005923509597778,1.0005923509597778,1.0039372444152832,0.03916017338633537,1.0,1.0,0.0,0.0,0.0,255,231808,1,13,34.63713073730469,2.0520703585316817,0.003592160763218999,0.00875575840473175,-0.0005094450898468494,0.875575840473175,1.0,0.4449424743652344,-0.021823883056640625,0.4547605514526367,0.22259044647216797,-0.2874457836151123,0.4547606110572815,2,1.0
0.16288405656814575,7.913875776921486e-09,0.11133316904306412,0.19158923625946045,0.0,0.0,1.0,1.0,1.0,600,231904,24,13,0.6975021958351135,4.598333931817759,-0.006294443737715483,-0.009307248517870903,-0.009012213908135891,0.9307248517870903,1.0,0.4198646545410156,-0.046555519104003906,0.4462578296661377,0.4475058317184448,-0.03500699996948242,0.4462578594684601,2,0.0
0.010727825574576855,1.925980905070901e-05,0.0001035428504110314,0.05095462128520012,0.0,0.0,1.0,1.0,1.0,600,231936,2,13,1.1576088666915894,2.91465601602965,-0.003408581716939807,-0.0016881226329132915,-0.004253425169736147,0.4253425169736147,1.0,0.43276262283325195,-0.034451067447662354,0.4510166049003601,0.45038414001464844,-0.02739053964614868,0.4510166645050049,2,0.0
1.00497305393219,1.00497305393219,1.005051612854004,0.04079847410321236,1.0,1.0,0.0,0.0,0.0,264,232576,30,13,34.7280387878418,2.3330784282511696,0.005314427427947521,-0.007785717025399208,-0.0071423910558223724,0.7785717025399208,1.0,0.4449739456176758,-0.03906822204589844,0.4481276869773865,0.2239680290222168,-0.3055858612060547,0.4481276273727417,2,1.0
1.004766583442688,1.004766583442688,1.004835605621338,0.02847454696893692,1.0,1.0,0.0,0.0,0.0,265,233952,8,13,35.014488220214844,1.627519566823735,-0.00271590962074697,0.0044156634248793125,-0.009211436845362186,0.9211436845362186,1.0,0.4411959648132324,-0.02511763572692871,0.44605857133865356,0.21595382690429688,-0.29330897331237793,0.4460585117340088,2,1.0
0.08521565794944763,5.913229870202485e-07,0.0818861648440361,0.1627720296382904,0.0,0.0,1.0,1.0,1.0,600,235168,10,13,0.5757072567939758,4.634454533469725,0.002705113496631384,0.006248256657272577,-0.002729051513597369,0.6248256657272577,1.0,0.4286508560180664,-0.031099319458007812,0.45254093408584595,0.45650529861450195,-0.019451141357421875,0.4525410234928131,2,0.0
1.003685712814331,1.003685712814331,1.0038652420043945,0.02944340370595455,1.0,1.0,0.0,1.0,0.0,344,235168,18,13,36.98444747924805,1.676701731324587,-0.00018174108117818832,-0.003509415779262781,0.003911315929144621,0.3911315929144621,1.0,0.44343316555023193,-0.033162832260131836,0.4591813087463379,0.2185726761817932,-0.3008394241333008,0.45918142795562744,2,1.0
1.00143563747406,1.00143563747406,1.003154993057251,0.012554246000945568,1.0,1.0,0.0,0.0,0.0,257,237088,25,13,35.09305953979492,0.6207899172469352,-0.001812850940041244,0.0034343076404184103,-0.0022125854156911373,0.34343076404184103,1.0,0.44820308685302734,-0.023694515228271484,0.4530574679374695,0.2171189785003662,-0.2930746078491211,0.4530574083328247,2,1.0
1.000013828277588,1.000013828277588,1.0019524097442627,0.08682950586080551,1.0,1.0,1.0,0.0,0.0,285,237216,29,13,33.76233673095703,4.863889552313739,0.006614843849092722,-0.001539723132736981,0.00018401441047899425,0.6614843849092722,1.0,0.43120694160461426,-0.039522409439086914,0.4554539918899536,0.22565960884094238,-0.2975301742553711,0.4554540514945984,2,1.0
0.034502118825912476,2.3053246422932716e-06,0.03497658297419548,0.04006469249725342,0.0,0.0,0.0,1.0,1.0,600,237664,6,13,1.6265180110931396,0.29165825562624165,0.005111958831548691,0.009288660250604153,-0.0004087782872375101,0.9288660250604153,1.0,0.45713186264038086,-0.01707744598388672,0.4548613131046295,0.4589114189147949,-0.016411542892456055,0.4548613131046295,2,0.0
0.029319439083337784,7.706823623720993e-09,0.00025430673849768937,0.08047125488519669,0.0,0.0,1.0,1.0,1.0,600,237792,0,13,0.5820046067237854,4.596094483543641,0.0011233813129365444,0.009874872863292694,-0.002240997739136219,0.9874872863292694,1.0,0.4272956848144531,-0.027367115020751953,0.4530290365219116,0.454923152923584,-0.01582479476928711,0.4530291259288788,2,0.0
0.011927815154194832,8.398131285503041e-06,5.967008473817259e-05,0.0663263350725174,0.0,0.0,1.0,1.0,1.0,600,237856,15,13,0.9150986671447754,3.797281235109024,-0.005301798228174448,0.002622735220938921,4.396772419568151e-05,0.5301798228174448,1.0,0.42560428380966187,-0.032454490661621094,0.4553139805793762,0.4484952688217163,-0.023077964782714844,0.455314040184021,2,0.0
0.05478455871343613,1.4074278631426296e-08,0.003629438579082489,0.06347430497407913,0.0,0.0,1.0,1.0,1.0,600,237920,26,13,1.3370691537857056,3.4288582699575976,-0.004961925093084574,-0.0017578781116753817,0.005893521010875702,0.5893521010875702,1.0,0.42813801765441895,-0.03585958480834961,0.46116358041763306,0.448838472366333,-0.027457714080810547,0.46116361021995544,2,0.0
0.07209175825119019,7.913875776921486e-09,0.0018912599189206958,0.0801994577050209,0.0,0.0,1.0,1.0,1.0,600,237952,27,13,1.2459089756011963,4.486729067666573,-0.00606120191514492,0.004177171271294355,0.005482903681695461,0.606120191514492,1.0,0.420757532119751,-0.03276500105857849,0.4607529044151306,0.4477391242980957,-0.02152279019355774,0.4607529938220978,2,0.0
5.011649045627564e-05,5.4191126253044786e-08,1.924813841469586e-05,0.03002161905169487,0.0,0.0,0.0,1.0,1.0,600,237984,28,13,1.413435935974121,1.7190121919118773,-0.00637939665466547,0.0059110550209879875,-0.009673230350017548,0.9673230350017548,1.0,0.4369800090789795,-0.023845911026000977,0.4455968141555786,0.4474208354949951,-0.01978886127471924,0.445596843957901,2,0.0
0.08517158031463623,7.913873112386227e-09,0.06110109016299248,0.14121901988983154,0.0,0.0,1.0,1.0,1.0,600,238048,31,13,0.05809781700372696,4.590421157664299,0.0030305958352983,-0.008625732734799385,-0.005378330126404762,0.8625732734799385,1.0,0.42923593521118164,-0.0458526611328125,0.44989168643951416,0.4568300247192383,-0.034325599670410156,0.4498917758464813,2,0.0
1.005977988243103,1.005977988243103,1.0078133344650269,0.07880280911922455,1.0,1.0,1.0,0.0,0.0,335,238240,16,13,34.45155334472656,4.409912918279202,-0.0018124963389709592,0.006044593174010515,-0.006671757437288761,0.6671757437288761,1.0,0.4254605174064636,-0.030687332153320312,0.44859838485717773,0.21676325798034668,-0.29212236404418945,0.4485982656478882,2,0.8450704216957092
0.08976349979639053,7.913875776921486e-09,0.1001267358660698,0.10368669778108597,0.0,0.0,1.0,1.0,1.0,600,238528,9,13,7.797182083129883,0.20397135324669238,-0.007059386000037193,0.007909799925982952,-0.0035814137663692236,0.7909799925982952,1.0,0.4454951286315918,-0.018255233764648438,0.45168861746788025,0.44674015045166016,-0.01779031753540039,0.451688677072525,2,0.3870967626571655
0.0646096020936966,7.913876665099906e-09,0.010592433623969555,0.08799456804990768,0.0,0.0,1.0,1.0,1.0,600,238688,7,13,-0.291989266872406,4.434816641766715,-0.00439137127250433,-0.005259156692773104,-0.0005097302491776645,0.5259156692773104,1.0,0.42273378372192383,-0.04205921292304993,0.4547603130340576,0.44940805435180664,-0.030959099531173706,0.45476034283638,2,0.0
1.0021460056304932,1.0021460056304932,1.0021657943725586,0.03618425503373146,1.0,1.0,0.0,1.0,0.0,327,239168,11,13,34.7766227722168,2.072073207846299,0.005621238145977259,-0.006572355516254902,0.00784674659371376,0.784674659371376,1.0,0.4468517303466797,-0.0372014045715332,0.46311676502227783,0.22449731826782227,-0.30334019660949707,0.4631168246269226,2,0.3928571343421936
0.026669329032301903,7.913876665099906e-09,0.02799801714718342,0.11312985420227051,0.0,0.0,1.0,1.0,1.0,600,239424,21,13,2.628835678100586,4.87769677972092,0.005040776450186968,-0.0043855393305420876,0.008013100363314152,0.8013100363314152,1.0,0.429551362991333,-0.04240679740905762,0.46328312158584595,0.4588409662246704,-0.030085325241088867,0.4632832109928131,2,0.0
0.14010009169578552,7.913875776921486e-09,0.1268584132194519,0.19826430082321167,0.0,0.0,1.0,1.0,1.0,600,239776,4,13,0.3642423152923584,4.091254711420488,0.003234549891203642,-0.00957737397402525,-0.009359212592244148,0.957737397402525,1.0,0.43239450454711914,-0.04544377326965332,0.44591087102890015,0.4570341110229492,-0.03527712821960449,0.44591090083122253,2,0.0
1.003678321838379,1.003678321838379,1.0038288831710815,0.002203861251473427,1.0,1.0,0.0,1.0,0.0,405,240032,23,13,38.29475784301758,0.11764667340016396,-0.007496269885450602,-0.0053439391776919365,0.00209154118783772,0.7496269885450602,1.0,0.4455854892730713,-0.0313115119934082,0.4573615491390228,0.21125876903533936,-0.30267131328582764,0.4573615789413452,2,1.0
0.058847103267908096,3.0764394978177734e-06,0.044914279133081436,0.12432125955820084,0.0,0.0,1.0,1.0,1.0,600,241824,19,13,0.5663803219795227,4.549863921259586,-0.006032698787748814,0.003783527063205838,-0.007428939454257488,0.7428939454257488,1.0,0.42041268944740295,-0.033331871032714844,0.4478411078453064,0.44776636362075806,-0.021916866302490234,0.4478411376476288,2,0.0
1.0015193223953247,1.0015193223953247,1.0025538206100464,0.05601115897297859,1.0,1.0,1.0,1.0,0.0,379,241856,22,13,37.2581901550293,3.1499323407179056,0.0030017036478966475,0.002945485059171915,-0.008367915637791157,0.8367915637791157,1.0,0.4377659559249878,-0.030426442623138428,0.44690215587615967,0.22192668914794922,-0.29359397292137146,0.4469020962715149,2,1.0
0.0006505589699372649,2.080333683096569e-09,0.0018345196731388569,0.0034741410054266453,0.0,0.0,0.0,1.0,1.0,600,244896,5,13,1.35602867603302,0.0939435557624793,-0.0037199314683675766,0.001717120292596519,0.0019596575293689966,0.37199314683675766,1.0,0.4495067596435547,-0.024196147918701172,0.45722973346710205,0.45007991790771484,-0.023982524871826172,0.45722976326942444,2,0.0
0.016553107649087906,7.912849930846733e-09,0.00023527363373432308,0.04754743352532387,0.0,0.0,0.0,1.0,1.0,600,245408,3,13,1.1697427034378052,2.7107878893528747,-0.001512328744865954,0.004489281680434942,-0.009992112405598164,0.9992112405598164,1.0,0.4358797073364258,-0.027750611305236816,0.44527798891067505,0.4522871971130371,-0.021210789680480957,0.44527795910835266,2,0.0
0.01145441085100174,1.318073685752097e-07,0.00253446982242167,0.015065379440784454,0.0,0.0,0.0,1.0,1.0,600,245408,14,13,1.4413269758224487,0.7179758251734003,-0.005963846575468779,0.0008209623629227281,-0.005292955785989761,0.5963846575468779,1.0,0.44346046447753906,-0.026535511016845703,0.4499770402908325,0.44783639907836914,-0.024878978729248047,0.4499771296977997,2,0.0
1.0032615661621094,1.0032615661621094,1.0036795139312744,0.03783025965094566,1.0,1.0,0.0,0.0,0.0,274,246432,6,13,35.07255172729492,2.143566291992703,-0.003353280480951071,0.0025130698923021555,-0.002695715054869652,0.3353280480951071,1.0,0.43744564056396484,-0.028294086456298828,0.45257431268692017,0.21543407440185547,-0.2946622371673584,0.45257431268692017,2,1.0
1.001407265663147,1.001407265663147,1.0016642808914185,0.046987395733594894,1.0,1.0,0.0,0.0,0.0,278,246752,15,13,34.983558654785156,2.6774512301179234,0.00577773479744792,-0.0016419067978858948,-0.002052085706964135,0.577773479744792,1.0,0.44336986541748047,-0.03379678726196289,0.45321786403656006,0.22471165657043457,-0.2981405258178711,0.45321792364120483,2,1.0
1.0054279565811157,1.0054279565811157,1.0054678916931152,0.061957430094480515,1.0,1.0,1.0,0.0,0.0,285,247040,26,13,33.88806915283203,3.547614342169786,-0.0032334052957594395,0.004039757419377565,0.0043971482664346695,0.43971482664346695,1.0,0.42915868759155273,-0.030375003814697266,0.4596671462059021,0.21538543701171875,-0.293926477432251,0.4596672058105469,2,1.0
1.0013036727905273,1.0013036727905273,1.0016993284225464,0.040961623191833496,1.0,1.0,0.0,0.0,0.0,289,247296,31,13,35.427188873291016,2.324256385164452,0.006066063418984413,0.006080908235162497,-0.0005943796131759882,0.6080908235162497,1.0,0.44577836990356445,-0.025179147720336914,0.4546756148338318,0.2250080108642578,-0.29038023948669434,0.4546756148338318,2,1.0
1.0021249055862427,1.0021249055862427,1.0065531730651855,0.047886401414871216,1.0,1.0,0.0,0.0,0.0,284,247616,9,13,34.32026290893555,2.4899697944770667,-0.006841150112450123,-0.004650012589991093,0.0009970858227461576,0.6841150112450123,1.0,0.43187618255615234,-0.03632807731628418,0.45626717805862427,0.2120361328125,-0.3014106750488281,0.4562670588493347,2,1.0
1.0040100812911987,1.0040100812911987,1.0378391742706299,0.06174755468964577,1.0,1.0,1.0,1.0,0.0,313,248000,28,13,35.7558479309082,1.5996122676487092,-0.0016495872987434268,0.006998791825026274,0.002959198085591197,0.6998791825026274,1.0,0.4424309730529785,-0.022466540336608887,0.4582291841506958,0.21707963943481445,-0.2904496192932129,0.45822930335998535,2,1.0
1.0021406412124634,1.0021406412124634,1.1528615951538086,0.16984347999095917,1.0,1.0,1.0,0.0,0.0,278,248064,11,13,35.06035614013672,1.0956524159897247,0.004338674712926149,0.004896110855042934,0.009874310344457626,0.9874310344457626,1.0,0.45147013664245605,-0.02335357666015625,0.4651443660259247,0.22321462631225586,-0.2918698787689209,0.4651443362236023,2,0.9104477763175964
1.0008779764175415,1.0008779764175415,1.001279592514038,0.028852902352809906,1.0,1.0,0.0,0.0,0.0,270,248064,21,13,35.293121337890625,1.630144814064253,0.00976096373051405,0.0017711436375975609,-0.00968297477811575,0.976096373051405,1.0,0.45365703105926514,-0.027768850326538086,0.44558703899383545,0.22873687744140625,-0.29453444480895996,0.44558703899383545,2,1.0
1.004828691482544,1.004828691482544,1.0053539276123047,0.0740809217095375,1.0,1.0,1.0,1.0,0.0,309,248128,16,13,33.454586029052734,4.214426074044267,2.930813207058236e-05,0.006854597944766283,0.0002834530605468899,0.6854597944766283,1.0,0.42845961451530457,-0.029345035552978516,0.4555535316467285,0.21869432926177979,-0.2908926010131836,0.45555347204208374,2,0.34285715222358704
0.07044720649719238,7.918462330280818e-09,4.1199175029760227e-05,0.07594496756792068,0.0,0.0,1.0,1.0,1.0,600,248288,20,13,0.9199457764625549,4.348967567202001,-0.004776427522301674,0.0029640081338584423,0.003666982753202319,0.4776427522301674,1.0,0.42285728454589844,-0.03360176086425781,0.45893704891204834,0.4490238428115845,-0.022735595703125,0.4589370787143707,2,0.0
1.0026075839996338,1.0026075839996338,1.0029267072677612,0.022418159991502762,1.0,1.0,0.0,1.0,0.0,338,248608,0,13,36.990108489990234,1.266180895223787,0.0024492773227393627,-0.002626356901600957,0.0013502752408385277,0.2626356901600957,1.0,0.4485464096069336,-0.03128480911254883,0.45662030577659607,0.22128820419311523,-0.2995634078979492,0.45662033557891846,2,1.0
1.0019398927688599,1.0019398927688599,1.0111780166625977,0.020296597853302956,1.0,1.0,0.0,1.0,0.0,315,248768,7,13,36.045562744140625,0.6336076209981103,-0.003333424683660269,0.0075067440047860146,0.008246100507676601,0.8246100507676601,1.0,0.44660425186157227,-0.019652217626571655,0.4635161757469177,0.21555805206298828,-0.28918612003326416,0.46351611614227295,2,1.0
0.07925132662057877,7.913876665099906e-09,0.12101605534553528,0.14031945168972015,0.0,0.0,1.0,1.0,1.0,600,248896,12,13,5.438995838165283,1.106004528172231,-0.009943205863237381,0.0037568334955722094,0.0011594704119488597,0.9943205863237381,1.0,0.43712568283081055,-0.024517595767974854,0.45642945170402527,0.44385719299316406,-0.021943122148513794,0.4564295709133148,2,0.3777777850627899
0.06763413548469543,3.7087168038851814e-06,0.002202697331085801,0.07259517163038254,0.0,0.0,1.0,1.0,1.0,600,249888,13,13,0.9710067510604858,4.033407704905534,-0.0031919130124151707,-0.005557441618293524,0.0015314972260966897,0.5557441618293524,1.0,0.426311731338501,-0.041268110275268555,0.45680153369903564,0.4506072998046875,-0.03125786781311035,0.4568016231060028,2,0.0
0.0006224960670806468,9.754123203586929e-11,0.002697654766961932,0.016070445999503136,0.0,0.0,0.0,1.0,1.0,600,250272,17,13,1.793857216835022,0.7662047513982124,0.002200792310759425,-0.006981091573834419,-0.002203709911555052,0.6981091573834419,1.0,0.451332151889801,-0.03445059061050415,0.45306631922721863,0.4560008943080902,-0.032681047916412354,0.4530663788318634,2,0.0
0.32193875312805176,2.4125240088324063e-05,0.324611097574234,0.3799726068973541,0.0,0.0,1.0,1.0,1.0,600,251008,1,13,2.180755376815796,3.1733618105617536,-0.00948583334684372,0.0034597849007695913,0.008482607081532478,0.948583334684372,1.0,0.4251384735107422,-0.029973268508911133,0.4637526273727417,0.4443058967590332,-0.022243261337280273,0.46375271677970886,2,0.0
0.981160581111908,1.1773760888900142e-05,0.9945970773696899,1.055967092514038,0.0,0.0,1.0,1.0,1.0,600,251104,24,13,3.0957911014556885,3.5169250215684493,0.0007906566024757922,0.0024623440112918615,0.00028339691925793886,0.24623440112918615,1.0,0.43336522579193115,-0.03187155723571777,0.45555341243743896,0.4545865058898926,-0.0232391357421875,0.45555344223976135,2,0.22857142984867096
0.0783911645412445,7.913876665099906e-09,0.05116656422615051,0.13460998237133026,0.0,0.0,1.0,1.0,1.0,600,251136,2,13,0.3209590017795563,4.780958676071913,0.0035820717457681894,-0.008804259821772575,0.0006015058606863022,0.8804259821772575,1.0,0.4286632537841797,-0.046557068824768066,0.45587146282196045,0.4573817253112793,-0.034504204988479614,0.4558716118335724,2,0.0
0.10130580514669418,7.913876665099906e-09,0.10147549957036972,0.175969660282135,0.0,0.0,1.0,1.0,1.0,600,251776,30,13,1.7073317766189575,4.268202714700716,-0.0012771569890901446,0.0038089759182184935,-0.008691713213920593,0.8691713213920593,1.0,0.4268345832824707,-0.03253650665283203,0.44657832384109497,0.45252227783203125,-0.021890640258789062,0.44657841324806213,2,0.0
0.4176102876663208,2.256364041386405e-06,0.4179677367210388,0.44992369413375854,0.0,0.0,1.0,1.0,1.0,600,253152,8,13,2.7006421089172363,1.8310793744925078,-0.006465029902756214,0.00024287363339681178,0.007118306588381529,0.7118306588381529,1.0,0.4362177848815918,-0.02978956699371338,0.4623883366584778,0.44733476638793945,-0.025457262992858887,0.46238836646080017,2,0.0
1.000195860862732,1.000195860862732,1.0429884195327759,0.07616320252418518,1.0,1.0,1.0,0.0,0.0,271,254080,3,13,33.433353424072266,1.9120021751183494,0.0009663421660661697,-0.006808395031839609,-0.005580787546932697,0.6808395031839609,1.0,0.4431610107421875,-0.03704047203063965,0.44968926906585693,0.21999549865722656,-0.3028651475906372,0.4496891498565674,2,0.34228187799453735
0.1367136538028717,7.936187707002773e-09,0.11394768208265305,0.2008144110441208,0.0,0.0,1.0,1.0,1.0,600,254368,10,13,0.2940253019332886,4.977096522712115,0.009148170240223408,0.007097866386175156,-0.009767201729118824,0.9767201729118824,1.0,0.4330735206604004,-0.031200408935546875,0.4455028772354126,0.4629485607147217,-0.018601417541503906,0.445502907037735,2,0.0
0.06614745408296585,3.274719801993342e-07,0.015043859370052814,0.08183030039072037,0.0,0.0,1.0,1.0,1.0,600,254368,18,13,0.9942906498908997,3.8266019565554195,0.006236149463802576,-0.007237961515784264,0.003714830381795764,0.7237961515784264,1.0,0.4369679093360901,-0.042394042015075684,0.4589848518371582,0.4600362479686737,-0.03293788433074951,0.45898494124412537,2,0.0
1.002927303314209,1.002927303314209,1.0029672384262085,0.013678924180567265,1.0,1.0,0.0,0.0,0.0,271,255712,26,13,35.65032196044922,0.7814566705365567,0.006844289600849152,0.00996265560388565,-0.004320399835705757,0.9962655603885651,1.0,0.4558830261230469,-0.01754307746887207,0.45094963908195496,0.22565841674804688,-0.2870907783508301,0.45094960927963257,2,1.0
0.5205716490745544,7.8720150398226e-09,0.5206676721572876,0.5951396822929382,0.0,0.0,1.0,1.0,1.0,600,256288,25,13,2.142028331756592,4.2669335801755635,0.008249377831816673,-0.002436126582324505,0.004348930437117815,0.8249377831816673,1.0,0.4363689422607422,-0.03877878189086914,0.4596189856529236,0.4620497226715088,-0.02813577651977539,0.45961901545524597,2,0.1489361673593521
0.7588560581207275,4.889579940936528e-06,0.7599264979362488,0.8181077241897583,0.0,0.0,1.0,1.0,1.0,600,256416,29,13,3.3277907371520996,3.333838172328261,0.0020655638072639704,-0.009694636799395084,-0.0023782115895301104,0.9694636799395084,1.0,0.4357318878173828,-0.04354691505432129,0.45289188623428345,0.45586395263671875,-0.035394906997680664,0.45289182662963867,2,0.7066666483879089
1.0001875162124634,1.0001875162124634,1.0005342960357666,0.05542431399226189,1.0,1.0,1.0,1.0,0.0,316,256864,15,13,35.80047607421875,3.1557079059913864,0.003508353605866432,0.00663820980116725,-0.0026201829314231873,0.663820980116725,1.0,0.4382382035255432,-0.0267486572265625,0.4526498317718506,0.22253912687301636,-0.2894153594970703,0.4526498317718506,2,1.0
1.0005202293395996,1.0005202293395996,1.0007498264312744,0.03323700651526451,1.0,1.0,0.0,1.0,0.0,360,256928,14,13,36.6501350402832,1.891186960179324,-0.005154612008482218,0.0001176846562884748,0.006067321635782719,0.6067321635782719,1.0,0.4371659755706787,-0.030063152313232422,0.4613373875617981,0.2138500213623047,-0.29605722427368164,0.4613373279571533,2,1.0
0.002969287568703294,-9.534954076295676e-11,0.0011097699170932174,0.026079097762703896,0.0,0.0,0.0,1.0,1.0,600,257152,27,13,1.4790879487991333,1.4306381900593539,-0.0017415545880794525,-0.0095121581107378,-0.0046770148910582066,0.9512158110737801,1.0,0.4433608055114746,-0.03856697678565979,0.4505929946899414,0.4520587921142578,-0.03521212935447693,0.45059308409690857,2,0.0
1.0009676218032837,1.0009676218032837,1.001096487045288,0.02912803739309311,1.0,1.0,0.0,0.0,0.0,294,257408,28,13,35.80855178833008,1.6615345492206333,0.004735238384455442,0.004595560487359762,-8.578616689192131e-05,0.47352383844554424,1.0,0.4484415054321289,-0.025020599365234375,0.45518434047698975,0.22370409965515137,-0.2917426824569702,0.4551842212677002,2,1.0
3.0172770493663847e-05,6.291909659950079e-09,6.27098124823533e-05,0.03930620849132538,0.0,0.0,0.0,1.0,1.0,600,258976,4,13,1.2239152193069458,2.248487816041031,-0.009142422117292881,-0.007853040471673012,-0.004017180763185024,0.9142422117292881,1.0,0.43102598190307617,-0.03892254829406738,0.45125287771224976,0.4446573257446289,-0.03355288505554199,0.45125290751457214,2,0.0
1.0042808055877686,1.0042808055877686,1.0051321983337402,0.026120739057660103,1.0,1.0,0.0,0.0,0.0,277,259136,17,13,35.39861297607422,1.4478245468366928,0.008530616760253906,0.003645156044512987,0.0037533901631832123,0.8530616760253906,1.0,0.4535287916660309,-0.025451093912124634,0.45902347564697266,0.22723862528800964,-0.293902188539505,0.45902347564697266,2,1.0
0.061627987772226334,2.0038135062350193e-07,0.005132278893142939,0.07039108872413635,0.0,0.0,1.0,1.0,1.0,600,259232,23,13,0.9777835011482239,3.739067105926182,-0.005376793444156647,-0.004726778715848923,0.005514380056411028,0.5514380056411028,1.0,0.4258754253387451,-0.039649367332458496,0.4607844352722168,0.44842326641082764,-0.030426859855651855,0.4607844650745392,2,0.0
1.0007401704788208,1.0007401704788208,1.0314007997512817,0.06543871015310287,1.0,1.0,1.0,0.0,0.0,256,259296,24,13,34.68177795410156,1.992640882563401,-0.00386974960565567,0.009801691398024559,-0.004747896920889616,0.9801691398024559,1.0,0.4378390312194824,-0.0206301212310791,0.4505220651626587,0.2151172161102295,-0.2864534854888916,0.45052212476730347,2,1.0
1.0015621185302734,1.0015621185302734,1.001828908920288,0.03375750035047531,1.0,1.0,0.0,0.0,0.0,299,259456,13,13,35.80522918701172,1.918872064762913,0.0021224883385002613,0.008284160867333412,-0.0006915269768796861,0.8284160867333412,1.0,0.4442760944366455,-0.0219651460647583,0.4545784592628479,0.22104430198669434,-0.2882709503173828,0.4545784592628479,2,1.0
1.003126621246338,1.003126621246338,1.0033066272735596,0.04771752655506134,1.0,1.0,0.0,0.0,0.0,283,260064,1,14,35.169776916503906,2.7237029232997227,0.007766338996589184,0.0021920183207839727,-0.006351171061396599,0.7766338996589184,1.0,0.4450817108154297,-0.030080795288085938,0.448918879032135,0.2265644073486328,-0.2949340343475342,0.448918879032135,2,1.0
1.003800630569458,1.003800630569458,1.0078465938568115,0.004710619803518057,1.0,1.0,0.0,0.0,0.0,270,260416,30,14,35.719425201416016,0.038083473955444876,-0.003529441077262163,-0.005250054411590099,-0.007826877757906914,0.7826877757906914,1.0,0.45003795623779297,-0.031036376953125,0.4474432170391083,0.21521568298339844,-0.30262231826782227,0.4474431276321411,2,1.0
0.027891850098967552,7.913868671494129e-09,0.028215954080224037,0.08781248331069946,0.0,0.0,1.0,1.0,1.0,600,261024,19,14,0.9192280769348145,3.4146322665769304,-0.0032255600672215223,-0.009035376831889153,0.008671843446791172,0.9035376831889153,1.0,0.4299588203430176,-0.043099403381347656,0.46394187211990356,0.4505745470523834,-0.03473520278930664,0.4639419615268707,2,0.0
0.07405871152877808,7.913875776921486e-09,0.022196238860487938,0.0988529771566391,0.0,0.0,1.0,1.0,1.0,600,261056,22,14,1.7957921028137207,4.392109176433918,0.0027467086911201477,-0.00400531804189086,-0.006949802860617638,0.6949802860617638,1.0,0.43012475967407227,-0.040688514709472656,0.448320209980011,0.4565469026565552,-0.02970525622367859,0.44832029938697815,2,0.0
0.07445339858531952,7.913869559672548e-09,0.0746617540717125,0.14713957905769348,0.0,0.0,1.0,1.0,1.0,600,264096,5,14,1.5107969045639038,4.152677321965943,-0.0034259813837707043,-0.008636398240923882,-0.008809424005448818,0.8809424005448818,1.0,0.4253702163696289,-0.044669151306152344,0.4464606046676636,0.45037364959716797,-0.034336090087890625,0.44646069407463074,2,0.0
0.04563849791884422,-3.1476488082660126e-09,0.0003234785981476307,0.051805272698402405,0.0,0.0,1.0,1.0,1.0,600,265632,6,14,1.737527847290039,2.949689336943115,-0.006125610321760178,0.0045641520991921425,0.0027732776943594217,0.6125610321760178,1.0,0.42983579635620117,-0.028289079666137695,0.45804333686828613,0.4476737976074219,-0.021135807037353516,0.4580433666706085,2,0.0
0.14440910518169403,7.913868671494129e-09,0.14515309035778046,0.219457745552063,0.0,0.0,1.0,1.0,1.0,600,266496,31,14,1.864270806312561,4.257349970996389,-0.0023750276304781437,-0.0011023293482139707,-0.006290390156209469,0.6290390156209469,1.0,0.42580127716064453,-0.03741884231567383,0.4489796757698059,0.45142459869384766,-0.02680230140686035,0.4489797055721283,2,0.08695652335882187
0.12561197578907013,-2.2211040217967623e-17,0.11916720122098923,0.18416012823581696,0.0,0.0,1.0,1.0,1.0,600,266816,9,14,0.7645862698554993,3.7238208430382445,0.003247389802709222,0.005404541734606028,-0.00856475904583931,0.856475904583931,1.0,0.43459033966064453,-0.029477357864379883,0.44670528173446655,0.4570469856262207,-0.02029561996459961,0.44670531153678894,2,0.0
1.0004931688308716,1.0004931688308716,1.0051310062408447,0.025806982070207596,1.0,1.0,0.0,1.0,0.0,311,267104,27,14,35.76279067993164,1.2129108625046823,-0.003758693113923073,0.003583701327443123,0.006372569594532251,0.6372569594532251,1.0,0.44266200065612793,-0.024946361780166626,0.46164262294769287,0.21524786949157715,-0.29258137941360474,0.46164262294769287,2,1.0
0.3946824371814728,1.8010710846283473e-05,0.41603586077690125,0.4543564021587372,0.0,0.0,1.0,1.0,1.0,600,267264,11,14,2.9561026096343994,2.1966396366080527,0.007931415922939777,-0.009425902739167213,0.0043185679242014885,0.9425902739167213,1.0,0.4484119415283203,-0.04036569595336914,0.4595886468887329,0.46172499656677246,-0.035127878189086914,0.4595886766910553,2,0.1666666716337204
0.19997602701187134,7.913875776921486e-09,0.22994068264961243,0.303392231464386,0.0,0.0,1.0,1.0,1.0,600,267264,21,14,1.73750638961792,4.2084641726724925,0.001703588292002678,-0.005832070950418711,-0.002259323373436928,0.5832070950418711,1.0,0.4301692247390747,-0.04201555252075195,0.4530107378959656,0.45550382137298584,-0.03153181076049805,0.45301076769828796,2,0.0555555559694767
0.15438540279865265,1.11484799170114e-09,0.13940083980560303,0.22199159860610962,0.0,0.0,1.0,1.0,1.0,600,267328,16,14,-0.00281043560244143,4.732104894259751,0.008573798462748528,-0.0027842202689498663,-0.007901025004684925,0.8573798462748528,1.0,0.4339429438114166,-0.04040193557739258,0.4473689794540405,0.46237388253211975,-0.028484106063842773,0.4473690688610077,2,0.0
0.01992049813270569,3.5816628951579332e-06,0.0008375862380489707,0.069234699010849,0.0,0.0,1.0,1.0,1.0,600,267488,20,14,0.77475506067276,3.9190728995204602,-0.0016262037679553032,-0.004284664522856474,-0.000783775991294533,0.4284664522856474,1.0,0.4285562038421631,-0.0396885871887207,0.45448625087738037,0.4521728754043579,-0.029985427856445312,0.45448634028434753,2,0.0
1.0010980367660522,1.0010980367660522,1.0058026313781738,0.04662422835826874,1.0,1.0,0.0,0.0,0.0,332,267552,14,14,36.0461540222168,2.4018131831899465,-0.0076090991497039795,0.003703715978190303,0.004524842370301485,0.760909914970398,1.0,0.4316377639770508,-0.027751684188842773,0.45979493856430054,0.2113492488861084,-0.2926819324493408,0.45979487895965576,2,1.0
1.0001288652420044,1.0001288652420044,1.0002467632293701,0.020864836871623993,1.0,1.0,0.0,0.0,0.0,271,267648,4,14,35.26390075683594,1.1887151308133237,0.005827265325933695,0.0017046143766492605,-0.0003938017471227795,0.5827265325933695,1.0,0.4523940086364746,-0.026767730712890625,0.45487621426582336,0.22486257553100586,-0.2943274974822998,0.45487624406814575,2,1.0
0.07169606536626816,7.913876665099906e-09,0.03260960429906845,0.10703123360872269,0.0,0.0,1.0,1.0,1.0,600,267808,0,14,-0.43804892897605896,4.264044837043471,-0.002770240418612957,-0.00912545807659626,0.007334479596465826,0.912545807659626,1.0,0.4253659248352051,-0.045459747314453125,0.4626045227050781,0.45102930068969727,-0.03482484817504883,0.4626045525074005,2,0.0
1.0030802488327026,1.0030802488327026,1.0038981437683105,0.022033119574189186,1.0,1.0,0.0,1.0,0.0,345,267904,15,14,37.17498016357422,1.2155370702405521,-0.00032280286541208625,-0.0038058573845773935,-0.0007034275331534445,0.38058573845773935,1.0,0.4460816979408264,-0.032341957092285156,0.45456662774086,0.2184792160987854,-0.30091428756713867,0.4545666575431824,2,1.0
0.07251984626054764,7.913876665099906e-09,0.0068877157755196095,0.09398068487644196,0.0,0.0,1.0,1.0,1.0,600,267968,7,14,0.8977027535438538,4.990061075530446,-0.0002689761749934405,0.0002808435237966478,-0.00876936037093401,0.876936037093401,1.0,0.42357969284057617,-0.03805333375930786,0.4465007185935974,0.45353078842163086,-0.025419116020202637,0.4465007483959198,2,0.0
0.06939221173524857,7.91386511878045e-09,0.002403820864856243,0.08087718486785889,0.0,0.0,1.0,1.0,1.0,600,268096,12,14,0.007164367940276861,4.496194429195742,-0.006441077217459679,0.007436592597514391,0.00957881473004818,0.957881473004818,1.0,0.4203217029571533,-0.029531389474868774,0.4648488759994507,0.4473593235015869,-0.01826336979866028,0.46484890580177307,2,0.0
1.0056488513946533,1.0056488513946533,1.007666826248169,0.04121650010347366,1.0,1.0,0.0,0.0,0.0,296,268928,13,14,35.73421096801758,2.2459049373177082,0.004550029989331961,0.00859871320426464,0.007797304540872574,0.8598713204264641,1.0,0.4447340965270996,-0.022464513778686523,0.46306735277175903,0.22315144538879395,-0.2894480228424072,0.46306735277175903,2,1.0
1.0000202655792236,1.0000202655792236,1.0002021789550781,0.03290218487381935,1.0,1.0,0.0,0.0,0.0,269,269024,30,14,34.86472702026367,1.874734101685821,-0.004308226518332958,-0.005698194727301598,-0.006707561668008566,0.6707561668008566,1.0,0.4381117820739746,-0.03583812713623047,0.44856250286102295,0.2147359848022461,-0.30169105529785156,0.44856250286102295,2,1.0
1.000316858291626,1.000316858291626,1.0026607513427734,0.02777666226029396,1.0,1.0,0.0,0.0,0.0,263,269472,22,14,34.967899322509766,1.457186388311253,0.0011263227788731456,0.005119121167808771,-0.002753338310867548,0.5119121167808771,1.0,0.44606804847717285,-0.023999810218811035,0.4525166153907776,0.2201470136642456,-0.29098156094551086,0.45251673460006714,2,1.0
1.0035539865493774,1.0035539865493774,1.0036835670471191,0.04632925987243652,1.0,1.0,0.0,0.0,0.0,297,269568,1,14,35.596946716308594,2.647048564018316,0.005261286627501249,0.006767706945538521,0.009995678439736366,0.9995678439736366,1.0,0.4430351257324219,-0.02530956268310547,0.46526575088500977,0.22402572631835938,-0.2905144691467285,0.4652656316757202,2,1.0
0.01657973602414131,3.7285934695319156e-07,0.01825176551938057,0.08230850845575333,0.0,0.0,1.0,1.0,1.0,600,270336,2,14,1.0775150060653687,3.6702047118272905,-0.00048155360855162144,0.00027387525187805295,0.008234641514718533,0.8234641514718533,1.0,0.4311809539794922,-0.03446558117866516,0.4635046720504761,0.45331811904907227,-0.02542605996131897,0.46350476145744324,2,0.0
1.004639744758606,1.004639744758606,1.0248844623565674,0.03946804627776146,1.0,1.0,0.0,1.0,0.0,359,270784,24,14,37.59347152709961,1.101409091521282,-0.0019014826975762844,0.0090200649574399,0.00946680549532175,0.9466805495321751,1.0,0.4451948404312134,-0.019243955612182617,0.46473678946495056,0.21677839756011963,-0.28865885734558105,0.4647367596626282,2,1.0
0.0003122135531157255,-8.966092313045237e-10,0.001202136161737144,0.013474762439727783,0.0,0.0,0.0,1.0,1.0,600,272352,8,14,1.5328373908996582,0.7031694691566936,-0.005750261712819338,-0.005735605489462614,0.0068939970806241035,0.6893997080624104,1.0,0.44376373291015625,-0.033057451248168945,0.462164044380188,0.44804954528808594,-0.031435608863830566,0.4621640741825104,2,0.0
1.0004487037658691,1.0004487037658691,1.0014798641204834,0.043120380491018295,1.0,1.0,0.0,0.0,0.0,263,272512,5,14,33.03803634643555,2.4115316886052285,0.001781661994755268,0.0011953212087973952,0.009412898682057858,0.9412898682057858,1.0,0.44096994400024414,-0.030284404754638672,0.464682936668396,0.22079133987426758,-0.2949533462524414,0.464682936668396,2,0.25850340723991394
0.028120052069425583,7.928916190280688e-09,0.012694730423390865,0.08147520571947098,0.0,0.0,1.0,1.0,1.0,600,273280,3,14,0.422787606716156,3.9408326015556514,0.0008056231890805066,-0.0003333223576191813,-0.006137682590633631,0.6137682590633631,1.0,0.4308590888977051,-0.03579533100128174,0.44913238286972046,0.4546051025390625,-0.02603328227996826,0.44913241267204285,2,0.0
0.003033334156498313,1.5650344948880957e-06,3.3334687032038346e-05,0.0461641326546669,0.0,0.0,0.0,1.0,1.0,600,273568,10,14,1.1411361694335938,2.6431899340240816,-0.006791028659790754,0.0006980355829000473,-0.0032904145773500204,0.6791028659790754,1.0,0.43100643157958984,-0.03136920928955078,0.4519795775413513,0.4470088481903076,-0.025002479553222656,0.4519796669483185,2,0.0
0.08574699610471725,7.913875776921486e-09,0.09070836007595062,0.09136609733104706,0.0,0.0,1.0,1.0,1.0,600,273568,18,14,6.0738935470581055,0.03768444816763465,-0.0088499141857028,0.0001810958347050473,-0.005932048428803682,0.8849914185702801,1.0,0.44471997022628784,-0.025604248046875,0.44933798909187317,0.4449501931667328,-0.02551877498626709,0.44933804869651794,2,0.42424243688583374
1.003182291984558,1.003182291984558,1.005605936050415,0.053762536495923996,1.0,1.0,1.0,0.0,0.0,242,274240,31,14,33.60588836669922,2.9414965250336844,0.009365609847009182,0.0008552927756682038,-0.008359380066394806,0.9365609847009182,1.0,0.445375919342041,-0.03197669982910156,0.4469106197357178,0.22815990447998047,-0.2962911128997803,0.44691067934036255,2,1.0
1.0046265125274658,1.0046265125274658,1.0075448751449585,0.012125220149755478,1.0,1.0,0.0,0.0,0.0,280,274592,6,14,35.813316345214844,0.5275126384338626,0.006784204859286547,0.0012528563383966684,0.0029333869460970163,0.6784204859286547,1.0,0.4573674201965332,-0.025658607482910156,0.45820340514183044,0.2254648208618164,-0.2964208126068115,0.45820337533950806,2,1.0
0.0576314739882946,9.153230257075151e-12,0.00489036925137043,0.06513278186321259,0.0,0.0,1.0,1.0,1.0,600,274912,26,14,0.2787405252456665,3.4516382315000596,0.007482781074941158,0.00935238879173994,-0.0026872840244323015,0.9352388791739941,1.0,0.4404463768005371,-0.02480912208557129,0.45258283615112305,0.46128296852111816,-0.016347408294677734,0.45258280634880066,2,0.0
0.05490774288773537,7.913875776921486e-09,0.02483421005308628,0.08233164995908737,0.0,0.0,1.0,1.0,1.0,600,275488,25,14,2.2727549076080322,3.294360746142645,0.0008543714648112655,-0.0005630420055240393,-0.007318697404116392,0.7318697404116392,1.0,0.4347565174102783,-0.03431224822998047,0.4479513168334961,0.4546546936035156,-0.026262760162353516,0.44795140624046326,2,0.0
0.0007900146883912385,4.173209902091912e-07,0.0029111963231116533,0.02257796749472618,0.0,0.0,0.0,1.0,1.0,600,275616,29,14,2.0195279121398926,1.1268467437028193,-0.0033468040637671947,-0.0062096319161355495,-0.009133569896221161,0.9133569896221161,1.0,0.44359540939331055,-0.03453350067138672,0.446136474609375,0.4504532814025879,-0.03190970420837402,0.4461365044116974,2,0.0
1.0046480894088745,1.0046480894088745,1.0320305824279785,0.05749486759305,1.0,1.0,1.0,0.0,0.0,269,276256,4,14,35.272769927978516,1.725314535525095,0.005342623684555292,0.0014700565952807665,-0.0066221836023032665,0.6622183602303267,1.0,0.44866418838500977,-0.028302669525146484,0.4486478567123413,0.22402143478393555,-0.29621148109436035,0.4486478567123413,2,1.0
0.06405628472566605,7.944872315590601e-09,0.0013972732704132795,0.07232246547937393,0.0,0.0,1.0,1.0,1.0,600,276608,28,14,1.1017330884933472,4.063712400479235,0.0013773645041510463,-0.0012963974149897695,0.00937651377171278,0.937651377171278,1.0,0.43070101737976074,-0.037088751792907715,0.464646577835083,0.45517754554748535,-0.026996493339538574,0.4646466076374054,2,0.0
1.0044885873794556,1.0044885873794556,1.0045607089996338,0.024438899010419846,1.0,1.0,0.0,1.0,0.0,284,277056,7,14,33.9573860168457,1.3961148921778186,0.004022947046905756,-0.001799782388843596,0.001750222989358008,0.4022947046905756,1.0,0.44933414459228516,-0.030770868062973022,0.45702025294303894,0.22271442413330078,-0.29942288994789124,0.4570203423500061,2,0.3571428656578064
0.05554606765508652,9.97335955617018e-05,0.0023362499196082354,0.06406596302986145,0.0,0.0,1.0,1.0,1.0,600,278336,17,14,1.3643262386322021,3.5425664054863235,-0.00726286368444562,0.0023372366558760405,0.005746786016970873,0.726286368444562,1.0,0.4251589775085449,-0.032064199447631836,0.46101677417755127,0.4465021789073944,-0.02337568998336792,0.46101680397987366,2,0.0
0.054959580302238464,7.913875776921486e-09,0.0001170668620034121,0.05974529683589935,0.0,0.0,1.0,1.0,1.0,600,278432,23,14,2.3114213943481445,3.4164458952449803,-0.009090197272598743,-0.00044412826537154615,-0.004931152332574129,0.9090197272598743,1.0,0.4240834712982178,-0.03451335430145264,0.4503389596939087,0.4447098970413208,-0.02614414691925049,0.4503389298915863,2,0.0
1.0034408569335938,1.0034408569335938,1.0117889642715454,0.02958628535270691,1.0,1.0,0.0,0.0,0.0,312,279552,1,14,35.900306701660156,1.2168602059488307,0.002147876424714923,0.005221997387707233,0.0005247310036793351,0.5221997387707233,1.0,0.4485445022583008,-0.023317813873291016,0.4557947516441345,0.22092151641845703,-0.2920188903808594,0.4557947516441345,2,1.0
1.002815842628479,1.002815842628479,1.0058233737945557,0.028280096128582954,1.0,1.0,0.0,0.0,0.0,334,279712,30,14,35.70368576049805,1.4480108829349871,0.005055480170994997,-0.007801669649779797,0.006370100658386946,0.7801669649779797,1.0,0.45005273818969727,-0.036898136138916016,0.4616401195526123,0.2238783836364746,-0.30481433868408203,0.4616401195526123,2,0.8227847814559937
0.05489950627088547,2.895998818530643e-07,0.07962963730096817,0.11942578852176666,0.0,0.0,1.0,1.0,1.0,600,280224,19,14,1.262809157371521,2.280167300628608,0.009934630244970322,-0.007899520918726921,-0.007465605158358812,0.9934630244970322,1.0,0.44991257786750793,-0.03904843330383301,0.44780439138412476,0.4637347161769867,-0.0335993766784668,0.4478044807910919,2,0.0
1.0032598972320557,1.0032598972320557,1.0032767057418823,0.05343228206038475,1.0,1.0,1.0,0.0,0.0,271,281184,5,14,34.6982307434082,3.060478206931895,0.0067549110390245914,0.00854561198502779,0.0018766646971926093,0.854561198502779,1.0,0.44205379486083984,-0.024593830108642578,0.45714670419692993,0.22554254531860352,-0.28862905502319336,0.45714670419692993,2,1.0
1.0049290657043457,1.0049290657043457,1.037992238998413,0.06193606182932854,1.0,1.0,1.0,0.0,0.0,263,281696,3,14,35.124053955078125,1.654287078181015,-0.001791481045074761,0.00022354000248014927,-0.009912635199725628,0.9912635199725628,1.0,0.4419584274291992,-0.029375076293945312,0.44535744190216064,0.21686601638793945,-0.29756009578704834,0.44535744190216064,2,1.0
1.0031129121780396,1.0031129121780396,1.0383111238479614,0.05812381953001022,1.0,1.0,1.0,0.0,0.0,264,282016,18,14,35.13054275512695,1.3135380118340703,-0.001881380914710462,-0.009956390596926212,-0.0045166015625,0.9956390596926212,1.0,0.4439295828342438,-0.03872835636138916,0.4507533609867096,0.21691805124282837,-0.30707740783691406,0.450753390789032,2,1.0
1.0045101642608643,1.0045101642608643,1.0083777904510498,0.041964124888181686,1.0,1.0,0.0,0.0,0.0,290,283872,6,14,35.54876708984375,2.182768376177403,-0.009666136465966702,0.0028347927145659924,-0.0037615615874528885,0.9666136465966702,1.0,0.43089723587036133,-0.028070449829101562,0.45150846242904663,0.20902395248413086,-0.2947964668273926,0.45150846242904663,2,1.0
0.028104277327656746,2.688176287471422e-13,0.022778978571295738,0.08970022946596146,0.0,0.0,1.0,1.0,1.0,600,286016,9,14,1.622120976448059,3.8343059830523707,-0.0022498120088130236,-0.0012905958574265242,-0.004820039961487055,0.4820039961487055,1.0,0.4284358024597168,-0.03646683692932129,0.45045000314712524,0.4515495300292969,-0.026990413665771484,0.45045003294944763,2,0.0
0.06021134555339813,7.913870447850968e-09,7.072584412526339e-05,0.06698832660913467,0.0,0.0,1.0,1.0,1.0,600,286304,27,14,0.8322084546089172,3.834099369829978,-0.002605140209197998,-0.00128361233510077,0.008714582771062851,0.8714582771062851,1.0,0.4280822277069092,-0.03645971417427063,0.4639846086502075,0.45119524002075195,-0.026983588933944702,0.4639846980571747,2,0.0
0.060112010687589645,7.913875776921486e-09,1.3324093742994592e-05,0.06440744549036026,0.0,0.0,1.0,1.0,1.0,600,286464,11,14,2.6265861988067627,3.689511522176801,-0.007524374406784773,0.0007292006048373878,-0.0021969499066472054,0.7524374406784773,1.0,0.4240226745605469,-0.034061431884765625,0.4530731439590454,0.4462759494781494,-0.02497076988220215,0.4530731737613678,2,0.0
0.12387964874505997,7.913872224207807e-09,0.1238909438252449,0.21111465990543365,0.0,0.0,1.0,1.0,1.0,600,286464,21,14,1.5244535207748413,4.997550804842188,0.006887338124215603,-0.0010761537123471498,-0.005393258295953274,0.6887338124215603,1.0,0.43069207668304443,-0.039431095123291016,0.4498767852783203,0.460687518119812,-0.02677607536315918,0.4498768150806427,2,0.09090909361839294
0.0738002210855484,1.7302754784509489e-09,0.004548320081084967,0.07915309816598892,0.0,0.0,1.0,1.0,1.0,600,286528,16,14,0.8177592754364014,4.274540276476841,-0.0014148717746138573,-0.007678538095206022,0.0016706548631191254,0.7678538095206022,1.0,0.42665931582450867,-0.04404163360595703,0.45694077014923096,0.45238521695137024,-0.03337836265563965,0.45694074034690857,2,0.0
0.02181360498070717,7.844863034733862e-07,0.023283954709768295,0.06941119581460953,0.0,0.0,1.0,1.0,1.0,600,286688,20,14,1.3659995794296265,2.642943620327138,-0.002190511440858245,-0.003350677900016308,0.008540273644030094,0.8540273644030094,1.0,0.4356088638305664,-0.03541755676269531,0.46381038427352905,0.45160937309265137,-0.029050350189208984,0.46381035447120667,2,0.0
0.0006925169727765024,2.552843270109406e-08,0.003182303626090288,0.013440322130918503,0.0,0.0,0.0,1.0,1.0,600,286752,14,14,1.679416537284851,0.5877426339172103,0.0031244661659002304,-0.009549073874950409,0.0026259180158376694,0.9549073874950409,1.0,0.4533412456512451,-0.03660082817077637,0.457895964384079,0.4569246768951416,-0.03524899482727051,0.45789602398872375,2,0.0
0.9102898240089417,0.00019569396681617945,0.9111319780349731,0.9742604494094849,0.0,0.0,1.0,1.0,1.0,600,287008,0,14,3.3402016162872314,3.6282084399418206,-0.0012648723786696792,0.0029329312965273857,0.0050165290012955666,0.5016529001295567,1.0,0.4306473731994629,-0.03169441223144531,0.46028661727905273,0.4524664878845215,-0.022792339324951172,0.46028658747673035,2,0.11180124431848526
0.06645519286394119,7.9143092079903e-09,0.00023191508080344647,0.06887537240982056,0.0,0.0,1.0,1.0,1.0,600,287104,15,14,0.6846957206726074,3.932982579765191,0.0057042986154556274,-0.008103256113827229,0.007404386531561613,0.8103256113827229,1.0,0.43580418825149536,-0.04354381561279297,0.46267449855804443,0.4595043957233429,-0.03380298614501953,0.46267446875572205,2,0.0
1.0008288621902466,1.0008288621902466,1.0009450912475586,0.07074686139822006,1.0,1.0,1.0,1.0,0.0,278,287232,17,14,32.872528076171875,4.046831587945548,0.005424992181360722,0.0042534805834293365,0.0010846970835700631,0.5424992181360722,1.0,0.4348490834236145,-0.031493425369262695,0.4563547372817993,0.22440478205680847,-0.29203400015830994,0.4563547372817993,2,0.30069929361343384
0.1985541135072708,7.913875776921486e-09,0.17469315230846405,0.24878577888011932,0.0,0.0,1.0,1.0,1.0,600,287296,12,14,0.7278974056243896,4.245196930028821,-0.007725079078227282,-0.0026740063913166523,-0.009782279841601849,0.9782279841601849,1.0,0.42052292823791504,-0.038957417011260986,0.44548773765563965,0.4460752010345459,-0.02837395668029785,0.4454878270626068,2,0.0
1.006568193435669,1.006568193435669,1.0448079109191895,0.09397729486227036,1.0,1.0,1.0,0.0,0.0,299,288000,23,14,33.852046966552734,3.193527517199393,0.0002913246862590313,-0.009121079929172993,-0.001152495271526277,0.9121079929172993,1.0,0.4347951412200928,-0.04260671138763428,0.4541175961494446,0.21882152557373047,-0.30750346183776855,0.4541175365447998,2,0.48076921701431274
0.11095136404037476,7.913876665099906e-09,0.11157511174678802,0.1745951771736145,0.0,0.0,1.0,1.0,1.0,600,288128,13,14,2.067394733428955,3.610784627369118,-0.0019559739157557487,0.002218937734141946,-0.003528819652274251,0.3528819652274251,1.0,0.43005990982055664,-0.032363057136535645,0.45174115896224976,0.4518444538116455,-0.023481011390686035,0.4517412483692169,2,0.21052631735801697
0.05584423616528511,7.913875776921486e-09,0.00020418126950971782,0.059015728533267975,0.0,0.0,1.0,1.0,1.0,600,288672,22,14,2.285834312438965,3.3696537633451036,-0.005279522854834795,-0.006412167567759752,-0.0064142849296331406,0.6414284929633141,1.0,0.4281728267669678,-0.04035830497741699,0.44885575771331787,0.4485205411911011,-0.03211212158203125,0.44885578751564026,2,0.0
1.0020123720169067,1.0020123720169067,1.0020641088485718,0.024777300655841827,1.0,1.0,0.0,0.0,0.0,280,288672,30,14,35.5713996887207,1.4166695994330316,0.008785812184214592,0.007062500808387995,0.00484659057110548,0.8785812184214592,1.0,0.45397233963012695,-0.021958351135253906,0.4601166546344757,0.22767162322998047,-0.2896566390991211,0.4601166248321533,2,1.0
0.00030389768653549254,0.00021465597092173994,0.0016884364886209369,0.03008616529405117,0.0,0.0,0.0,1.0,1.0,600,289536,2,14,0.8734655976295471,1.6393674904344742,-0.002765042008832097,0.006752572488039732,0.007801705040037632,0.7801705040037632,1.0,0.44107484817504883,-0.022809773683547974,0.4630717635154724,0.4509596824645996,-0.018975257873535156,0.4630717635154724,2,0.0
0.07111029326915741,7.913876665099906e-09,0.04919904097914696,0.12332029640674591,0.0,0.0,1.0,1.0,1.0,600,289984,24,14,0.17192475497722626,4.246835748542801,-0.006461198907345533,-0.0030806914437562227,0.0029430489521473646,0.6461198907345533,1.0,0.42177724838256836,-0.039368391036987305,0.45821309089660645,0.44733893871307373,-0.028780460357666016,0.45821312069892883,2,0.0
1.00330650806427,1.00330650806427,1.0033423900604248,0.03719306364655495,1.0,1.0,0.0,0.0,0.0,264,290144,3,14,34.78304672241211,2.1289484065084068,0.0020167676266282797,-0.00867602601647377,-0.006386612541973591,0.867602601647377,1.0,0.4429044723510742,-0.03944683074951172,0.44888341426849365,0.22080135345458984,-0.3058677911758423,0.4488834738731384,2,1.0
1.0050299167633057,1.0050299167633057,1.0146458148956299,0.025983581319451332,1.0,1.0,0.0,0.0,0.0,311,290176,19,14,36.39956283569336,0.937796072100152,0.003916922025382519,-0.007784468121826649,0.007355617359280586,0.7784468121826649,1.0,0.45200586318969727,-0.035658836364746094,0.462625652551651,0.2225663661956787,-0.3056051731109619,0.4626256823539734,2,1.0
0.02594376727938652,7.913876665099906e-09,1.5181616618065163e-05,0.07563221454620361,0.0,0.0,1.0,1.0,1.0,600,291552,8,14,0.3353108763694763,4.33253541271942,-0.004861786030232906,0.009141171351075172,-0.00721062021329999,0.9141171351075172,1.0,0.4228687286376953,-0.027379393577575684,0.44805943965911865,0.44893789291381836,-0.01655876636505127,0.44805946946144104,2,0.0
1.0022979974746704,1.0022979974746704,1.002958059310913,0.030803605914115906,1.0,1.0,0.0,1.0,0.0,355,292544,5,14,36.74183654785156,1.7270971081767625,0.0027266768738627434,-0.0026487333234399557,0.0016020324546843767,0.27266768738627434,1.0,0.44603633880615234,-0.03242635726928711,0.45687204599380493,0.2215900421142578,-0.2994723320007324,0.45687204599380493,2,1.0
0.03467173129320145,7.913875776921486e-09,1.732099917717278e-05,0.036817990243434906,0.0,0.0,0.0,1.0,1.0,600,292768,10,14,2.132124900817871,2.108522939238895,-0.008473099209368229,-0.0037774681113660336,-0.0043944427743554115,0.8473099209368229,1.0,0.4325377941131592,-0.03449726104736328,0.45087558031082153,0.4453272819519043,-0.02947711944580078,0.4508756697177887,2,0.0
1.0056315660476685,1.0056315660476685,1.0061172246932983,0.028359780088067055,1.0,1.0,0.0,0.0,0.0,289,293120,6,14,35.7680778503418,1.5970727179379338,0.0076722148805856705,-0.009325080551207066,-0.008216561749577522,0.9325080551207066,1.0,0.4517679214477539,-0.03878426551818848,0.4470534324645996,0.22627496719360352,-0.30736517906188965,0.4470534920692444,2,1.0
1.0038148164749146,1.0038148164749146,1.0038312673568726,0.0180569589138031,1.0,1.0,0.0,1.0,0.0,353,293312,18,14,36.8221435546875,1.033643049505883,-0.007892357185482979,0.004572584759443998,0.005568619351834059,0.7892357185482979,1.0,0.43961501121520996,-0.0235292911529541,0.4608387351036072,0.2108520269393921,-0.292804479598999,0.4608386158943176,2,1.0
0.08098515123128891,7.913876665099906e-09,0.011313803493976593,0.09806305170059204,0.0,0.0,1.0,1.0,1.0,600,293440,31,14,1.2242428064346313,4.970368786379653,0.0017873372416943312,-0.006652559153735638,-0.0070920586585998535,0.7092058658599854,1.0,0.4257526397705078,-0.044931888580322266,0.4481779932975769,0.45558691024780273,-0.032352447509765625,0.4481780230998993,2,0.0
0.4950593113899231,1.9747209080378525e-05,0.49605557322502136,0.5448983311653137,0.0,0.0,1.0,1.0,1.0,600,294112,26,14,2.523613452911377,2.7996016929041967,0.006700676400214434,-0.008347424678504467,-0.00959726981818676,0.959726981818676,1.0,0.4435608386993408,-0.04081463813781738,0.4456726908683777,0.4604940414428711,-0.03404974937438965,0.44567275047302246,2,0.1818181872367859
1.0011414289474487,1.0011414289474487,1.0060051679611206,0.02028609625995159,1.0,1.0,0.0,0.0,0.0,263,294432,9,14,34.44385528564453,0.8836364072416533,0.0052156406454741955,-0.009962026961147785,0.005274111405014992,0.9962026961147785,1.0,0.45363330841064453,-0.03770852088928223,0.4605441689491272,0.22417068481445312,-0.3063638210296631,0.4605441689491272,2,0.8427672982215881
0.5604599714279175,1.8664414458413603e-10,0.5611189007759094,0.5985581278800964,0.0,0.0,1.0,1.0,1.0,600,294688,25,14,3.2282638549804688,2.145126563331228,-0.006099258083850145,-0.006793129723519087,-0.0014296966837719083,0.6793129723519087,1.0,0.4346914291381836,-0.037604331970214844,0.45384037494659424,0.44770097732543945,-0.032492637634277344,0.4538404047489166,2,0.1465517282485962
0.07539999485015869,7.913875776921486e-09,0.0017472320469096303,0.08082738518714905,0.0,0.0,1.0,1.0,1.0,600,294816,29,14,-0.38823220133781433,4.530959665184284,-0.00590889248996973,-0.0006028179195709527,0.0035946136340498924,0.590889248996973,1.0,0.42064857482910156,-0.03766632080078125,0.45886456966400146,0.4478914737701416,-0.026302576065063477,0.4588647186756134,2,0.0
0.09324152022600174,7.913875776921486e-09,0.09651415050029755,0.1356227993965149,0.0,0.0,1.0,1.0,1.0,600,295456,4,14,5.849815845489502,2.2407598838819847,-0.004574897233396769,0.00641000596806407,0.0007472829311154783,0.641000596806407,1.0,0.4356398582458496,-0.02464008331298828,0.45601731538772583,0.44922447204589844,-0.01928997039794922,0.456017404794693,2,0.2702702581882477
1.0043292045593262,1.0043292045593262,1.0345866680145264,0.03933941200375557,1.0,1.0,0.0,0.0,0.0,282,295488,11,14,36.03268814086914,0.5203575350305983,0.004127941560000181,0.009513667784631252,-0.0024794333148747683,0.9513667784631252,1.0,0.4547548294067383,-0.01738119125366211,0.4527907073497772,0.22283220291137695,-0.28805112838745117,0.45279067754745483,2,1.0
1.0051485300064087,1.0051485300064087,1.0390405654907227,0.09014559537172318,1.0,1.0,1.0,0.0,0.0,287,295712,16,14,35.10551834106445,3.2230870818233273,0.0004649823531508446,-0.0021312683820724487,-1.9932886061724275e-05,0.21312683820724487,1.0,0.43479210138320923,-0.03569388389587402,0.4552500247955322,0.21910524368286133,-0.29999566078186035,0.455250084400177,2,1.0
0.04320511221885681,4.578059285831326e-12,0.0016222830163314939,0.050204284489154816,0.0,0.0,1.0,1.0,1.0,600,295808,28,14,1.5742422342300415,2.7835432778352622,-0.001861819764599204,-0.005653327330946922,0.007643625605851412,0.7643625605851412,1.0,0.43509459495544434,-0.03807950019836426,0.4629136919975281,0.4519383907318115,-0.03135335445404053,0.46291372179985046,2,0.0
1.006458044052124,1.006458044052124,1.0207915306091309,0.060232024639844894,1.0,1.0,1.0,0.0,0.0,274,296064,12,14,33.378849029541016,2.629787822212047,0.0023041784297674894,-0.0008827608544379473,-0.0014575093518942595,0.23041784297674894,1.0,0.4401826858520508,-0.032916098833084106,0.4538125991821289,0.22084307670593262,-0.29922518134117126,0.45381247997283936,2,0.3684210479259491
0.04814066365361214,7.198591500667817e-09,0.05134845897555351,0.0580299086868763,0.0,0.0,1.0,1.0,1.0,600,296256,7,14,2.053804397583008,0.38281878944641845,-0.00462146382778883,-0.009089653380215168,-0.0038737966679036617,0.9089653380215168,1.0,0.44684314727783203,-0.03566595911979675,0.45139628648757935,0.44917821884155273,-0.034789592027664185,0.45139631628990173,2,0.15789473056793213
1.000340461730957,1.000340461730957,1.0003780126571655,0.013204057700932026,1.0,1.0,0.0,0.0,0.0,264,296576,13,14,33.675899505615234,0.7543864430608276,0.0027832365594804287,-0.004575306084007025,-0.0024904084857553244,0.4575306084007025,1.0,0.45198631286621094,-0.03201711177825928,0.45277974009513855,0.2218019962310791,-0.30068469047546387,0.4527795910835266,2,0.30921053886413574
1.0051889419555664,1.0051889419555664,1.0053762197494507,0.06335761398077011,1.0,1.0,1.0,0.0,0.0,287,297184,23,14,35.01068115234375,3.6193910926101576,0.0074954465962946415,0.008751246146857738,0.0031165832187980413,0.8751246146857738,1.0,0.4394599199295044,-0.025853633880615234,0.4583866000175476,0.22613263130187988,-0.28912782669067383,0.4583866000175476,2,1.0
1.0028542280197144,1.0028542280197144,1.0329833030700684,0.04150489345192909,1.0,1.0,0.0,0.0,0.0,303,298368,22,14,36.32693099975586,0.6517797128108995,-0.0026954261120408773,-0.005964172072708607,-0.0022571817971765995,0.5964172072708607,1.0,0.44713151454925537,-0.03316560387611389,0.4530129134654999,0.2161242961883545,-0.3029908835887909,0.4530128836631775,2,1.0
1.0043810606002808,1.0043810606002808,1.006293535232544,0.01492444146424532,1.0,1.0,0.0,0.0,0.0,268,298720,3,14,35.3756217956543,0.7455307292759359,-0.003060584655031562,0.004851512610912323,-0.005715972278267145,0.5715972278267145,1.0,0.4461965560913086,-0.02256929874420166,0.44955408573150635,0.2156391143798828,-0.29273200035095215,0.4495541453361511,2,1.0
0.13187386095523834,7.913875776921486e-09,0.13259920477867126,0.21118853986263275,0.0,0.0,1.0,1.0,1.0,600,298752,1,14,1.742745280265808,4.502837641937226,0.0007668320322409272,-7.074515451677144e-05,-0.009136051870882511,0.9136051870882511,1.0,0.427490234375,-0.037056922912597656,0.4461340308189392,0.45456647872924805,-0.02577066421508789,0.4461340606212616,2,0.05882352963089943
1.0047739744186401,1.0047739744186401,1.0136938095092773,0.06897816807031631,1.0,1.0,1.0,0.0,0.0,294,299392,24,14,33.32936096191406,3.441088150553328,0.005091785453259945,-1.520135447208304e-05,0.004384678788483143,0.5091785453259945,1.0,0.43811845779418945,-0.0341489315032959,0.4596547484397888,0.2237612009048462,-0.2977430820465088,0.45965468883514404,2,0.2800000011920929
1.0003567934036255,1.0003567934036255,1.0410046577453613,0.051646023988723755,1.0,1.0,1.0,0.0,0.0,315,299616,2,14,36.565818786621094,0.6301391121993604,-0.0030341544188559055,-0.007388778030872345,0.00926035176962614,0.9260351769626141,1.0,0.44692420959472656,-0.034539639949798584,0.4645303785800934,0.21598243713378906,-0.3035040497779846,0.46453040838241577,2,0.9613259434700012
