max_angle,final_angle,cumulative_increase,regression_amount,progress,success,regression_event,stalled,lost_contact,episode_steps,env_steps,env_index,policy_version,return_value,initial_angle_deg,offset_x_m,offset_y_m,offset_z_m,offset_linf_cm,friction_scale,initial_handle_x_m,initial_handle_y_m,initial_handle_z_m,final_handle_x_m,final_handle_y_m,final_handle_z_m,curriculum_level,contact_stability
1.0003530979156494,1.0003530979156494,1.008659839630127,0.03592780604958534,1.0,1.0,0.0,0.0,0.0,269,8608,7,0,35.05842208862305,1.5825720128865852,-0.008267538622021675,0.007756852079182863,5.058311671746196e-06,0.8267538622021675,1.0,0.435915470123291,-0.021666795015335083,0.4552750587463379,0.21074962615966797,-0.2883571982383728,0.45527511835098267,2,1.0
1.0045230388641357,1.0045230388641357,1.01405930519104,0.06232093274593353,1.0,1.0,1.0,0.0,1.0,278,8896,3,0,32.44287109375,3.0243396760333576,-0.007917406968772411,-0.008471524342894554,-0.006112485192716122,0.8471524342894554,1.0,0.4275975227355957,-0.04151761531829834,0.44915759563446045,0.2107715606689453,-0.30610740184783936,0.4491574764251709,2,0.0
1.0043268203735352,1.0043268203735352,1.0047554969787598,0.006422781385481358,1.0,1.0,0.0,0.0,0.0,278,8896,14,0,35.99553680419922,0.34343826656965215,0.00021964096231386065,0.009436988271772861,-0.007594465743750334,0.9436988271772861,1.0,0.45192408561706543,-0.017048358917236328,0.4476756453514099,0.21892404556274414,-0.28812694549560547,0.4476756453514099,2,1.0
1.0048902034759521,1.0048902034759521,1.0247879028320312,0.04972631484270096,1.0,1.0,0.0,0.0,0.0,279,8928,26,0,34.973304748535156,1.709053669380293,-0.001383568742312491,-0.004345467314124107,-0.005992716643959284,0.5992716643959284,1.0,0.44203615188598633,-0.034078121185302734,0.44927728176116943,0.21727657318115234,-0.30211496353149414,0.449277400970459,2,1.0
1.002374529838562,1.002374529838562,1.0253835916519165,0.06584136188030243,1.0,1.0,1.0,0.0,0.0,280,8960,13,0,34.78401184082031,2.454101909824391,-0.0018037216505035758,0.006970575544983149,-0.004039057530462742,0.6970575544983149,1.0,0.43712902069091797,-0.024616718292236328,0.4512310028076172,0.21705389022827148,-0.289880633354187,0.4512310028076172,2,1.0
1.0012274980545044,1.0012274980545044,1.036085605621338,0.08966100960969925,1.0,1.0,1.0,0.0,0.0,286,9152,24,0,34.31153106689453,3.1399713635870885,3.252777241868898e-05,-0.007244693581014872,-0.002299014013260603,0.7244693581014872,1.0,0.4348562955856323,-0.040590524673461914,0.4529709815979004,0.21898066997528076,-0.3036775588989258,0.45297104120254517,2,0.8999999761581421
1.0035614967346191,1.0035614967346191,1.0119057893753052,0.013455614447593689,1.0,1.0,0.0,0.0,0.0,288,9216,29,0,36.085777282714844,0.29284625497457434,0.008926273323595524,0.00456805108115077,-0.004619176499545574,0.8926273323595524,1.0,0.4609394073486328,-0.021800994873046875,0.4506509006023407,0.2276906967163086,-0.29271674156188965,0.45065081119537354,2,1.0
1.00333571434021,1.00333571434021,1.0034788846969604,0.03223660960793495,1.0,1.0,0.0,0.0,0.0,289,9248,18,0,34.97827911376953,1.838817125048486,0.0007879105978645384,-0.0010352678364142776,0.008999978192150593,0.8999978192150593,1.0,0.4434240162372589,-0.03108692169189453,0.4642699956893921,0.21957004070281982,-0.29823756217956543,0.46427005529403687,2,0.977011501789093
1.0046201944351196,1.0046201944351196,1.0256226062774658,0.0324958860874176,1.0,1.0,0.0,0.0,0.0,291,9312,25,0,35.66926193237305,0.6585277796283134,0.004039872903376818,-0.0014767574612051249,0.004772184882313013,0.4772184882313013,1.0,0.4538259506225586,-0.02869415283203125,0.46004220843315125,0.22272133827209473,-0.2991480827331543,0.46004223823547363,2,1.0
1.0019465684890747,1.0019465684890747,1.0032379627227783,0.01771429367363453,1.0,1.0,0.0,0.0,0.0,287,18080,3,1,35.476776123046875,0.9409665605355073,-0.0016398673178628087,-0.0022027103696018457,-0.002251621335744858,0.22516213357448578,1.0,0.4464297294616699,-0.030084848403930664,0.4530184268951416,0.21725082397460938,-0.29889822006225586,0.4530184268951416,2,1.0
1.002535104751587,1.002535104751587,1.0094245672225952,0.014114839024841785,1.0,1.0,0.0,0.0,0.0,279,18176,18,1,36.01144790649414,0.41398635669178824,0.005889636464416981,0.005262225866317749,-0.009335190989077091,0.9335190989077091,1.0,0.4571639895439148,-0.021386265754699707,0.44593483209609985,0.22473454475402832,-0.29164791107177734,0.44593489170074463,2,1.0
1.0022441148757935,1.0022441148757935,1.0041873455047607,0.006056241691112518,1.0,1.0,0.0,0.0,0.0,292,18304,13,1,35.8177490234375,0.23565483989823616,0.008444483391940594,0.0048646037466824055,0.00026800911291502416,0.8444483391940594,1.0,0.46080613136291504,-0.021372556686401367,0.4555381238460541,0.22731256484985352,-0.2919391393661499,0.4555380344390869,2,1.0
1.001145362854004,1.001145362854004,1.0437071323394775,0.07593286782503128,1.0,1.0,1.0,0.0,0.0,286,18304,24,1,34.94911575317383,1.9120260807804446,-0.0015264706453308463,-0.0024815897922962904,9.561932529322803e-05,0.24815897922962904,1.0,0.44066834449768066,-0.03271365165710449,0.4553656578063965,0.21742820739746094,-0.29888486862182617,0.4553655982017517,2,1.0
1.002504587173462,1.002504587173462,1.0060635805130005,0.047694042325019836,1.0,1.0,0.0,0.0,0.0,296,18688,29,1,34.36530303955078,2.5287545967921607,0.0020840473007410765,-0.00486038951203227,0.0063807424157857895,0.638074241578579,1.0,0.4405686855316162,-0.0366368293762207,0.4616508483886719,0.2209315299987793,-0.3017592430114746,0.4616507291793823,2,0.725806474685669
0.01113979984074831,7.913876665099906e-09,1.7296033547609113e-05,0.07175052165985107,0.0,0.0,1.0,1.0,1.0,600,19200,0,1,0.9906539916992188,4.110010837768167,-0.004782414063811302,-0.00686712097376585,0.003945028409361839,0.686712097376585,1.0,0.42426633834838867,-0.042784690856933594,0.45921504497528076,0.4490170478820801,-0.03256654739379883,0.4592151343822479,2,0.0
0.0004954852629452944,7.913876665099906e-09,0.0009309947490692139,0.012017113156616688,0.0,0.0,0.0,1.0,1.0,600,19200,1,1,2.1393892765045166,0.6351883829041451,0.0013017613673582673,-0.0029831677675247192,0.00047563930274918675,0.2983167767524719,1.0,0.4512295722961426,-0.030145883560180664,0.455745667219162,0.45510149002075195,-0.028682947158813477,0.45574572682380676,2,0.0
0.17690272629261017,7.913875776921486e-09,0.1725740283727646,0.23985598981380463,0.0,0.0,1.0,1.0,1.0,600,19200,2,1,1.4073917865753174,3.8549720010467134,-0.008941086940467358,-0.005101063288748264,-0.004173805937170982,0.8941086940467358,1.0,0.42162227630615234,-0.04033282399177551,0.4510962963104248,0.4448585510253906,-0.03080102801322937,0.4510962665081024,2,0.0
0.8393473625183105,7.913875776921486e-09,0.8402682542800903,0.9051615595817566,0.0,0.0,1.0,1.0,1.0,600,19200,4,1,3.8341729640960693,3.7181142199866986,0.008644908666610718,-0.0004934503813274205,-0.00842554122209549,0.8644908666610718,1.0,0.4400215148925781,-0.03536033630371094,0.44684457778930664,0.4624443054199219,-0.02619338035583496,0.44684454798698425,2,0.6647399067878723
0.7527580261230469,7.913868671494129e-09,0.7817228436470032,0.8509963154792786,0.0,0.0,1.0,1.0,1.0,600,19200,5,1,3.6848490238189697,3.9690873866047016,-0.0007365091005340219,0.009591737762093544,0.003578638657927513,0.9591737762093544,1.0,0.42914867401123047,-0.02594614028930664,0.45884865522384644,0.4530630111694336,-0.016107559204101562,0.4588487446308136,2,0.6424242258071899
0.13196569681167603,7.913875776921486e-09,0.13198629021644592,0.20489004254341125,0.0,0.0,1.0,1.0,1.0,600,19200,6,1,0.985381543636322,4.177076892115345,0.007017581723630428,-0.005617906805127859,0.004349134862422943,0.7017581723630428,1.0,0.4356689453125,-0.04171633720397949,0.4596191644668579,0.4608173370361328,-0.031317710876464844,0.4596192538738251,2,0.0
0.15690970420837402,7.913874000564647e-09,0.15714485943317413,0.20911270380020142,0.0,0.0,1.0,1.0,1.0,600,19200,8,1,1.4476972818374634,2.9775377257365494,0.007276931311935186,-0.007264535874128342,0.004616253077983856,0.7276931311935186,1.0,0.4430718421936035,-0.04018986225128174,0.45988619327545166,0.4610767364501953,-0.03296458721160889,0.4598863422870636,2,0.0
0.07099328190088272,7.913868671494129e-09,0.07460296154022217,0.13435815274715424,0.0,0.0,1.0,1.0,1.0,600,19200,9,1,1.209250807762146,3.4237191929373973,-0.002563574118539691,0.007430380675941706,-0.0018706733826547861,0.7430380675941706,1.0,0.43056631088256836,-0.026657581329345703,0.4533993601799011,0.4512357711791992,-0.01826953887939453,0.4533994495868683,2,0.0
0.02187112160027027,7.913875776921486e-09,0.003622841788455844,0.06844078749418259,0.0,0.0,1.0,1.0,1.0,600,19200,10,1,0.9203923940658569,3.7137966866576044,0.007299879100173712,-0.0010156827047467232,0.0020771946292370558,0.7299879100173712,1.0,0.4387028217315674,-0.035871028900146484,0.4573472738265991,0.46110033988952637,-0.02671527862548828,0.4573473036289215,2,0.0
0.036601338535547256,7.913876665099906e-09,4.0264256995214964e-07,0.08171333372592926,0.0,0.0,1.0,1.0,1.0,600,19200,11,1,0.6950727105140686,4.681806954324954,0.0024138661101460457,-0.0004910226562060416,-0.004155661910772324,0.41556619107723236,1.0,0.42808008193969727,-0.037969350814819336,0.45111435651779175,0.45621418952941895,-0.026190757751464844,0.4511144459247589,2,0.0
0.0445089265704155,7.913875776921486e-09,8.953841461334378e-05,0.050424881279468536,0.0,0.0,1.0,1.0,1.0,600,19200,12,1,1.1424891948699951,2.8840027673648674,-0.009615650400519371,0.00540524534881115,-0.0013548071729019284,0.9615650400519371,1.0,0.426738977432251,-0.02727895975112915,0.45391517877578735,0.4441845417022705,-0.02029469609260559,0.4539152681827545,2,0.0
0.056752532720565796,7.913876665099906e-09,0.0003751332114916295,0.06547241657972336,0.0,0.0,1.0,1.0,1.0,600,19200,15,1,0.5691277384757996,3.7298002467697673,-0.008494222536683083,0.005487012676894665,0.007697572000324726,0.8494222536683083,1.0,0.42281320691108704,-0.029410362243652344,0.46296757459640503,0.4453059136867523,-0.020212650299072266,0.4629676640033722,2,0.0
0.06339401751756668,7.913876665099906e-09,0.0003269260923843831,0.07063330709934235,0.0,0.0,1.0,1.0,1.0,600,19200,16,1,0.19570845365524292,4.028260303592284,0.00032603679574094713,0.0036486394237726927,0.009344242513179779,0.9344242513179779,1.0,0.4298602342605591,-0.03204822540283203,0.46461421251296997,0.45412614941596985,-0.022051334381103516,0.4646143615245819,2,0.0
0.052805133163928986,7.913875776921486e-09,0.0001502418890595436,0.05920032039284706,0.0,0.0,1.0,1.0,1.0,600,19200,17,1,0.49064597487449646,3.3833199046572413,0.001016887603327632,0.003917957190424204,0.007106969133019447,0.7106969133019447,1.0,0.4343879222869873,-0.030064016580581665,0.4623769521713257,0.4548170268535614,-0.021782010793685913,0.46237704157829285,2,0.0
0.04863828793168068,7.913876665099906e-09,1.2517514733190183e-05,0.05108712241053581,0.0,0.0,1.0,1.0,1.0,600,19200,19,1,0.8104673027992249,2.9263597586158783,-0.0005904121790081263,-0.001282785669900477,0.0028133431915193796,0.28133431915193796,1.0,0.43551093339920044,-0.03407573699951172,0.4580833911895752,0.4532097280025482,-0.026982545852661133,0.4580834209918976,2,0.0
0.05607049539685249,7.913876665099906e-09,0.005377476569265127,0.06846165657043457,0.0,0.0,1.0,1.0,1.0,600,19200,20,1,0.6169943809509277,3.614457988482116,-0.00579409021884203,0.002988410647958517,0.007366997189819813,0.7366997189819813,1.0,0.42619967460632324,-0.03160285949707031,0.4626370072364807,0.4480060338973999,-0.02271127700805664,0.4626370966434479,2,0.0
0.061849817633628845,7.913876665099906e-09,0.00015224108938127756,0.06805165857076645,0.0,0.0,1.0,1.0,1.0,600,19200,21,1,0.6584829688072205,3.8903502465132638,-0.003942263778299093,0.007103825453668833,-0.009590627625584602,0.9590627625584602,1.0,0.4264106750488281,-0.028223037719726562,0.4456794261932373,0.44985783100128174,-0.018596172332763672,0.4456794559955597,2,0.0
0.009340498596429825,7.913875776921486e-09,0.016936471685767174,0.05258826166391373,0.0,0.0,1.0,1.0,1.0,600,19200,22,1,1.2041360139846802,2.0426978448865434,0.009238390251994133,0.0006329080788418651,-0.003477964550256729,0.9238390251994133,1.0,0.45064568519592285,-0.029923170804977417,0.45179206132888794,0.4630385637283325,-0.025067061185836792,0.4517921507358551,2,0.0
0.7166268825531006,7.913873112386227e-09,0.7173647880554199,0.7851230502128601,0.0,0.0,1.0,1.0,1.0,600,19200,23,1,2.6258246898651123,3.882259887441384,0.003339610528200865,-0.004035259131342173,-0.00224317517131567,0.40352591313421726,1.0,0.4337407350540161,-0.03934001922607422,0.4530268907546997,0.45713984966278076,-0.029735207557678223,0.4530269205570221,2,0.21604938805103302
0.06426164507865906,7.913869559672548e-09,2.4175205908250064e-05,0.06794491410255432,0.0,0.0,1.0,1.0,1.0,600,19200,27,1,0.38068655133247375,3.8915724234878732,0.006338833831250668,-0.0035559912212193012,0.007123356219381094,0.7123356219381094,1.0,0.43668460845947266,-0.03888586163520813,0.4623934030532837,0.46013903617858887,-0.029255956411361694,0.4623934328556061,2,0.0
0.01896669715642929,7.913868671494129e-09,0.019941536709666252,0.022967055439949036,0.0,0.0,0.0,1.0,1.0,600,19200,28,1,1.6299607753753662,0.17334982760895337,0.0034468150697648525,-0.006104404106736183,0.006838957313448191,0.6838957313448191,1.0,0.456188440322876,-0.03219938278198242,0.4621089994907379,0.4572470188140869,-0.031804442405700684,0.4621090590953827,2,0.0
0.6751714944839478,7.913877553278326e-09,0.6752241253852844,0.7076734304428101,0.0,0.0,1.0,1.0,1.0,600,19200,30,1,3.454108476638794,1.8592203942031948,-0.0024107126519083977,-0.004957243334501982,0.0077972495928406715,0.7797249592840672,1.0,0.44010257720947266,-0.03505897521972656,0.46306729316711426,0.4513888359069824,-0.030656814575195312,0.46306732296943665,2,0.2777777910232544
0.03317861631512642,7.913876665099906e-09,0.00026625776081345975,0.03408503904938698,0.0,0.0,0.0,1.0,1.0,600,19200,31,1,0.8883957266807556,1.9376742948874885,-0.008718384429812431,0.0032385943923145533,-0.005045573227107525,0.8718384429812431,1.0,0.4333219528198242,-0.02705693244934082,0.45022451877593994,0.4450812339782715,-0.022461414337158203,0.45022454857826233,2,0.0
1.0026432275772095,1.0026432275772095,1.003371000289917,0.013057653792202473,1.0,1.0,0.0,0.0,0.0,276,26912,3,2,35.778167724609375,0.7064534027652947,0.002693059854209423,0.004064597189426422,0.0012886562617495656,0.4064597189426422,1.0,0.45218658447265625,-0.023264646530151367,0.4565586745738983,0.2215290069580078,-0.2928849458694458,0.4565587043762207,2,1.0
1.002166509628296,1.002166509628296,1.0029103755950928,0.0014469705056399107,1.0,1.0,0.0,0.0,0.0,292,27648,24,2,36.13758087158203,0.04028747061292353,0.00020566853345371783,0.00280000944621861,-0.007308748550713062,0.7308748550713062,1.0,0.45375967025756836,-0.022991657257080078,0.4479612410068512,0.2190796136856079,-0.293975830078125,0.4479612708091736,2,1.0
0.1502508819103241,7.913875776921486e-09,0.11913566291332245,0.19678837060928345,0.0,0.0,1.0,1.0,1.0,600,27808,7,2,1.1495929956436157,4.449171138081143,-0.0031345710158348083,-0.005057456903159618,-0.00971203949302435,0.9712039493024349,1.0,0.4239058494567871,-0.04189673066139221,0.4455581307411194,0.4506649971008301,-0.030757397413253784,0.4455580413341522,2,0.0
1.001015067100525,1.001015067100525,1.0017077922821045,0.052851367741823196,1.0,1.0,1.0,0.0,0.0,272,27904,28,2,34.743404388427734,2.98847157793727,0.004182964097708464,0.008079417049884796,-0.005314207170158625,0.8079417049884796,1.0,0.4399125576019287,-0.024873852729797363,0.4499558210372925,0.22314810752868652,-0.28827595710754395,0.4499558210372925,2,1.0
0.06364943832159042,7.913876665099906e-09,1.188276019092882e-05,0.06811363995075226,0.0,0.0,1.0,1.0,1.0,600,28096,14,2,0.35664501786231995,3.901943211968891,-0.0015598101308569312,-0.0037278204690665007,0.007547001354396343,0.7547001354396343,1.0,0.4287242889404297,-0.03908538818359375,0.4628170132637024,0.4522404670715332,-0.029427766799926758,0.46281710267066956,2,0.0
1.000329852104187,1.000329852104187,1.0023832321166992,0.01213392335921526,1.0,1.0,0.0,0.0,0.0,278,28096,16,2,35.659568786621094,0.5775709347783274,-0.0018059348221868277,0.0043622772209346294,0.0004889309057034552,0.43622772209346294,1.0,0.4484725594520569,-0.022665977478027344,0.4557589888572693,0.21721351146697998,-0.29174327850341797,0.4557589292526245,2,1.0
1.0022073984146118,1.0022073984146118,1.0279308557510376,0.04606231302022934,1.0,1.0,0.0,0.0,0.0,279,28128,17,2,35.730979919433594,1.1653269622696134,0.005733786150813103,0.006880168337374926,-0.0032663277816027403,0.6880168337374926,1.0,0.452442467212677,-0.021536052227020264,0.4520036280155182,0.22460448741912842,-0.2899104356765747,0.4520036578178406,2,1.0
0.689103901386261,7.913869559672548e-09,0.7303690910339355,0.7718680500984192,0.0,0.0,1.0,1.0,1.0,600,28128,26,2,3.9054527282714844,2.377725880751662,0.009987583383917809,-0.007640589959919453,0.0036000849213451147,0.9987583383917809,1.0,0.44937896728515625,-0.03903508186340332,0.4588701128959656,0.4637877941131592,-0.0333404541015625,0.45887020230293274,2,0.6012269854545593
1.0001106262207031,1.0001106262207031,1.0001201629638672,0.03760935366153717,1.0,1.0,0.0,0.0,0.0,282,28224,15,2,34.699676513671875,2.1543078316796063,-0.002674449933692813,-0.002674712333828211,-0.007802639156579971,0.7802639156579971,1.0,0.4380606710910797,-0.0335087776184082,0.4474674463272095,0.21636247634887695,-0.29870033264160156,0.4474674463272095,2,1.0
1.0018912553787231,1.0018912553787231,1.006370186805725,0.05457459017634392,1.0,1.0,1.0,0.0,0.0,285,28320,23,2,35.2614860534668,2.8702649090664445,0.009432400576770306,0.009236887097358704,-0.005634155124425888,0.9432400576770306,1.0,0.44586944580078125,-0.023411870002746582,0.4496358633041382,0.22832822799682617,-0.2874382734298706,0.44963592290878296,2,1.0
1.0051615238189697,1.0051615238189697,1.0051789283752441,0.024877304211258888,1.0,1.0,0.0,0.0,0.0,288,28416,2,2,35.15386199951172,1.4243694637834574,-0.004177920985966921,0.0078678447753191,0.007678941357880831,0.7867844775319099,1.0,0.4409618377685547,-0.02117180824279785,0.4629490375518799,0.2144613265991211,-0.2900010049343109,0.46294891834259033,2,1.0
1.0041552782058716,1.0041552782058716,1.0049540996551514,0.03859015181660652,1.0,1.0,0.0,0.0,0.0,291,28512,10,2,35.08403778076172,2.165277755816881,0.003125682007521391,0.0054483856074512005,0.0036189407110214233,0.54483856074512,1.0,0.44379496574401855,-0.025413990020751953,0.4588890075683594,0.22184371948242188,-0.29205322265625,0.4588889479637146,2,1.0
0.06346091628074646,7.913875776921486e-09,0.0038655234966427088,0.06831623613834381,0.0,0.0,1.0,1.0,1.0,600,28512,25,2,0.3509766757488251,3.6927554351457337,-0.00024689952260814607,0.008193657733500004,-0.004229401238262653,0.8193657733500004,1.0,0.43128108978271484,-0.026605606079101562,0.45104068517684937,0.4535534381866455,-0.017505645751953125,0.45104071497917175,2,0.0
1.0034586191177368,1.0034586191177368,1.0316832065582275,0.07208886742591858,1.0,1.0,1.0,0.0,0.0,292,28544,22,2,34.98462677001953,2.513220825628848,0.0012562371557578444,0.007147478871047497,0.00644739018753171,0.7147478871047497,1.0,0.4398338794708252,-0.024589627981185913,0.461717426776886,0.22002840042114258,-0.2900996804237366,0.461717426776886,2,1.0
1.00367271900177,1.00367271900177,1.0200636386871338,0.02331019565463066,1.0,1.0,0.0,0.0,0.0,300,28800,8,2,35.8858642578125,0.39645592913501004,-0.008468137122690678,0.00015726791752967983,-0.0023237247951328754,0.8468137122690678,1.0,0.4429130554199219,-0.026450276374816895,0.452946275472641,0.21028757095336914,-0.2971677780151367,0.45294636487960815,2,1.0
1.0056499242782593,1.0056499242782593,1.0076042413711548,0.007984860800206661,1.0,1.0,0.0,0.0,0.0,297,37152,24,2,35.61029052734375,0.34552977187913053,-0.007567758206278086,-0.005920364521443844,0.006110576447099447,0.7567758206278086,1.0,0.44412386417388916,-0.03241086006164551,0.46138063073158264,0.21103358268737793,-0.3039674758911133,0.46138060092926025,2,0.9289617538452148
1.0046366453170776,1.0046366453170776,1.0048067569732666,0.020702101290225983,1.0,1.0,0.0,0.0,0.0,287,37312,17,2,35.279319763183594,1.1763935762723265,-0.0038785261567682028,0.003339324379339814,0.0071123139932751656,0.7112313993275166,1.0,0.44276323914527893,-0.025103360414505005,0.46238234639167786,0.21480154991149902,-0.29433801770210266,0.46238231658935547,2,1.0
0.00046285169082693756,7.913875776921486e-09,0.000664487830363214,0.023737451061606407,0.0,0.0,0.0,1.0,1.0,600,37376,18,2,1.5235271453857422,1.3219843945164373,0.000531818310264498,-0.007808892987668514,-0.006512554362416267,0.7808892987668514,1.0,0.44629159569740295,-0.03660118579864502,0.44875743985176086,0.4543319046497345,-0.033508896827697754,0.4487575590610504,2,0.0
0.07223349809646606,7.913875776921486e-09,1.0945765097858384e-05,0.07480469346046448,0.0,0.0,1.0,1.0,1.0,600,37504,13,2,0.5832028985023499,4.285366980084958,0.001725881826132536,0.002896386431530118,-0.003101876238361001,0.3101876238361001,1.0,0.4297361373901367,-0.03349626064300537,0.45216816663742065,0.45552611351013184,-0.022803664207458496,0.45216819643974304,2,0.0
1.0052481889724731,1.0052481889724731,1.0062694549560547,0.0667133703827858,1.0,1.0,1.0,0.0,0.0,291,37728,2,2,34.33781051635742,3.7638841713886,0.008661653846502304,0.002714076079428196,0.0061037857085466385,0.8661653846502304,1.0,0.43976640701293945,-0.0322745144367218,0.46137380599975586,0.2272939682006836,-0.2951866090297699,0.46137386560440063,2,0.9698795080184937
1.0059336423873901,1.0059336423873901,1.0127065181732178,0.03414062410593033,1.0,1.0,0.0,0.0,0.0,284,37888,8,2,35.110313415527344,1.568049643328963,0.0015192829305306077,0.008047805167734623,0.009513954631984234,0.9513954631984234,1.0,0.44579076766967773,-0.021340370178222656,0.46478399634361267,0.22009849548339844,-0.2901031970977783,0.46478402614593506,2,0.988304078578949
0.03924686834216118,7.913875776921486e-09,0.0005979421548545361,0.04153710976243019,0.0,0.0,0.0,1.0,1.0,600,37888,29,2,1.3918781280517578,2.345641280568939,-0.0037123512011021376,-0.009094227105379105,0.004336593672633171,0.9094227105379105,1.0,0.43587207794189453,-0.04040789604187012,0.4596066474914551,0.4500880241394043,-0.03479409217834473,0.45960667729377747,2,0.0
0.3107505440711975,7.913876665099906e-09,0.31076779961586,0.3783690929412842,0.0,0.0,1.0,1.0,1.0,600,38400,0,2,1.4664225578308105,3.873273492927763,0.007540939375758171,-0.009913821704685688,0.001537520787678659,0.9913821704685688,1.0,0.43799495697021484,-0.045195579528808594,0.45680755376815796,0.46134042739868164,-0.0356135368347168,0.4568076431751251,2,0.0
0.3076089918613434,7.913868671494129e-09,0.3086901903152466,0.3681526780128479,0.0,0.0,1.0,1.0,1.0,600,38400,1,2,1.308809518814087,3.406963458242887,0.0062126778066158295,0.002814499195665121,0.00295718084089458,0.621267780661583,1.0,0.43944215774536133,-0.03122997283935547,0.45822715759277344,0.46001243591308594,-0.02288532257080078,0.4582273066043854,2,0.0
0.011221569031476974,7.913875776921486e-09,0.016597844660282135,0.09830337762832642,0.0,0.0,1.0,1.0,1.0,600,38400,4,2,0.9906057119369507,4.681380494388652,-0.008029079996049404,0.006432065740227699,0.0042668781243264675,0.8029079996049404,1.0,0.41763973236083984,-0.03104543685913086,0.45953696966171265,0.445770263671875,-0.019268035888671875,0.45953699946403503,2,0.0
0.03631973639130592,7.913876665099906e-09,0.03647814318537712,0.09588014334440231,0.0,0.0,1.0,1.0,1.0,600,38400,5,2,0.9819860458374023,3.403483690304177,0.0051223658956587315,-3.343624121043831e-05,-0.0018197250319644809,0.5122365895658731,1.0,0.4383730888366699,-0.03406858444213867,0.4534503221511841,0.4589219093322754,-0.025732994079589844,0.45345035195350647,2,0.0
0.015459000132977962,7.913876665099906e-09,0.0006517524598166347,0.06581325083971024,0.0,0.0,1.0,1.0,1.0,600,38400,6,2,1.1472476720809937,3.7334791574114656,-0.0022712531499564648,-0.0016987010603770614,0.0009502474567852914,0.22712531499564648,1.0,0.4290142059326172,-0.036606550216674805,0.4562203288078308,0.45152854919433594,-0.02739858627319336,0.4562203586101532,2,0.0
5.820127171318745e-06,7.913876665099906e-09,1.7437205315218307e-05,0.02911599539220333,0.0,0.0,0.0,1.0,1.0,600,38400,9,2,1.059238076210022,1.6672251640163116,-0.0038221320137381554,0.006768085993826389,0.009980743750929832,0.9980743750929832,1.0,0.4398503303527832,-0.022861957550048828,0.4652508795261383,0.44997739791870117,-0.018931865692138672,0.46525081992149353,2,0.0
0.0895027220249176,7.913875776921486e-09,0.06645876169204712,0.15361040830612183,0.0,0.0,1.0,1.0,1.0,600,38400,11,2,0.9043148159980774,4.993421528602092,0.004493312444537878,-0.008696826174855232,0.0020816423930227757,0.8696826174855232,1.0,0.42832255363464355,-0.04704022407531738,0.4573516845703125,0.4582936763763428,-0.03439664840698242,0.4573517143726349,2,0.0
0.21501345932483673,7.913875776921486e-09,0.21509011089801788,0.24553950130939484,0.0,0.0,1.0,1.0,1.0,600,38400,12,2,1.8751939535140991,1.744622519813369,-0.008516044355928898,-0.009537567384541035,0.0037120275665074587,0.9537567384541035,1.0,0.4346888065338135,-0.03935745358467102,0.45898211002349854,0.4452841281890869,-0.035237520933151245,0.4589821398258209,2,0.0
0.03017115406692028,7.913876665099906e-09,0.030180642381310463,0.09251554310321808,0.0,0.0,1.0,1.0,1.0,600,38400,19,2,0.900094747543335,3.5715259806803545,-0.0038999528624117374,0.00632950384169817,0.009026746265590191,0.9026746265590191,1.0,0.42834949493408203,-0.028148412704467773,0.464296817779541,0.44990018010139465,-0.019370555877685547,0.4642968475818634,2,0.0
0.013449660502374172,7.913876665099906e-09,0.00043592668953351676,0.05181456729769707,0.0,0.0,1.0,1.0,1.0,600,38400,20,2,0.997649073600769,2.9437812233110536,0.007335455156862736,-0.0011282969499006867,0.004631320480257273,0.7335455156862736,1.0,0.4433324337005615,-0.0339655876159668,0.45990145206451416,0.46113574504852295,-0.02682781219482422,0.4599014222621918,2,0.0
0.05241341516375542,7.913876665099906e-09,0.00020803204097319394,0.060620952397584915,0.0,0.0,1.0,1.0,1.0,600,38400,21,2,0.34618330001831055,3.461406682673647,-0.00368553982116282,0.009579004719853401,0.006449315696954727,0.9579004719853401,1.0,0.4292198419570923,-0.024608612060546875,0.4617193341255188,0.4501146078109741,-0.01612091064453125,0.46171942353248596,2,0.0
0.001781717874109745,7.913875776921486e-09,0.0022477100137621164,0.05069965124130249,0.0,0.0,1.0,1.0,1.0,600,38400,27,2,1.1377418041229248,2.776092608667836,0.003367010271176696,0.006770578678697348,0.009108280763030052,0.9108280763030052,1.0,0.4403684139251709,-0.02563658356666565,0.464378297328949,0.457167387008667,-0.018929392099380493,0.46437838673591614,2,0.0
0.0021273016463965178,7.913877553278326e-09,0.002185649471357465,0.037215154618024826,0.0,0.0,0.0,1.0,1.0,600,38400,30,2,1.5146727561950684,2.0070442574190768,-0.00981472060084343,-0.0032109085004776716,0.0018846954917535186,0.981472060084343,1.0,0.4318070411682129,-0.03367900848388672,0.4571548104286194,0.4439849853515625,-0.02891063690185547,0.457154780626297,2,0.0
0.003157090861350298,7.913876665099906e-09,0.003697545500472188,0.023079413920640945,0.0,0.0,0.0,1.0,1.0,600,38400,31,2,1.4565449953079224,1.1104992195329226,-0.0014392895391210914,-0.008535880595445633,-0.009023938328027725,0.9023938328027725,1.0,0.4456014633178711,-0.03682088851928711,0.44624608755111694,0.4523601531982422,-0.03423571586608887,0.4462461769580841,2,0.0
0.10352624952793121,7.913869559672548e-09,0.07962256669998169,0.1637822389602661,0.0,0.0,1.0,1.0,1.0,600,46112,3,3,1.1308925151824951,4.821997013926289,0.009128037840127945,-0.009591066278517246,-0.003731176955625415,0.9591066278517246,1.0,0.43396711349487305,-0.04745757579803467,0.4515388607978821,0.46292781829833984,-0.035291075706481934,0.45153889060020447,2,0.0
1.0046371221542358,1.0046371221542358,1.0075675249099731,0.01945842057466507,1.0,1.0,0.0,0.0,0.0,270,46144,13,3,35.44327163696289,0.9469886529493429,-0.004943877924233675,0.0035587565507739782,-0.001747657312080264,0.4943877924233675,1.0,0.44308924674987793,-0.024337172508239746,0.45352235436439514,0.21373605728149414,-0.29411864280700684,0.45352238416671753,2,1.0
1.0002765655517578,1.0002765655517578,1.0652183294296265,0.14817702770233154,1.0,1.0,1.0,0.0,1.0,289,46976,2,3,31.776039123535156,4.769043837951649,-0.006456515286117792,0.003763994900509715,-0.0076719047501683235,0.7671904750168324,1.0,0.41869449615478516,-0.03395569324493408,0.44759809970855713,0.21256685256958008,-0.29232195019721985,0.4475981593132019,2,0.0
0.31025397777557373,7.913870447850968e-09,0.31031614542007446,0.3281957507133484,0.0,0.0,1.0,1.0,1.0,600,47008,7,3,2.5761497020721436,1.0244259226643624,-0.005986396688967943,-0.00136636383831501,-0.006072660442441702,0.6072660442441702,1.0,0.4415769577026367,-0.029446393251419067,0.449197381734848,0.4478130340576172,-0.027066320180892944,0.4491974413394928,2,0.0
0.7220348119735718,7.913875776921486e-09,0.7244840264320374,0.7354816794395447,0.0,0.0,1.0,1.0,1.0,600,47104,28,3,4.679699897766113,0.6301247581299327,-0.0001449844567105174,-0.001223086379468441,-0.003554092487320304,0.3554092487320304,1.0,0.4498140811920166,-0.02837395668029785,0.4517159163951874,0.453655481338501,-0.026923060417175293,0.45171597599983215,2,0.6327683329582214
6.150105036795139e-05,7.913875776921486e-09,8.35816899780184e-05,0.00017531239427626133,0.0,0.0,0.0,1.0,1.0,600,47296,14,3,1.596469521522522,0.005256236192183114,-0.003747819224372506,0.009908055886626244,0.009403005242347717,0.9908055886626244,1.0,0.45002031326293945,-0.015803813934326172,0.46467307209968567,0.45005249977111816,-0.015791893005371094,0.46467313170433044,2,0.0
0.012368387542665005,7.913876665099906e-09,0.014491616748273373,0.08966994285583496,0.0,0.0,1.0,1.0,1.0,600,47296,16,3,1.0776822566986084,4.307399035913304,-0.007966886274516582,0.004202884156256914,0.0007233431097120047,0.7966886274516582,1.0,0.4199126362800598,-0.03224968910217285,0.45599329471588135,0.4458332359790802,-0.021497011184692383,0.4559934437274933,2,0.0
0.004631595220416784,7.913875776921486e-09,0.0019673029892146587,0.008696290664374828,0.0,0.0,0.0,1.0,1.0,600,47328,26,3,1.8069900274276733,0.38554296770819574,-0.006990061607211828,0.009449128061532974,-0.0006849448545835912,0.9449128061532974,1.0,0.4444580078125,-0.017133474349975586,0.45458513498306274,0.446810245513916,-0.0162508487701416,0.45458516478538513,2,0.0
0.07003533840179443,7.913875776921486e-09,0.001820239471271634,0.07554538547992706,0.0,0.0,1.0,1.0,1.0,600,47424,15,3,0.4622757136821747,4.224142871912257,0.0007852754206396639,-0.0006823103758506477,0.0024932497180998325,0.24932497180998325,1.0,0.42915797233581543,-0.03690814971923828,0.45776331424713135,0.45458540320396423,-0.026381969451904297,0.45776334404945374,2,0.0
0.0279459860175848,7.913875776921486e-09,0.029663236811757088,0.06920485198497772,0.0,0.0,1.0,1.0,1.0,600,47520,23,3,1.7193958759307861,2.26556841160794,0.006958131678402424,0.00451672961935401,-0.001412259298376739,0.6958131678402424,1.0,0.44702374935150146,-0.0265958309173584,0.45385777950286865,0.4607583284378052,-0.021183133125305176,0.45385780930519104,2,0.0
1.0041790008544922,1.0041790008544922,1.0161627531051636,0.05377274379134178,1.0,1.0,1.0,0.0,0.0,286,47552,11,3,34.80886459350586,2.394329430293728,-0.0027119170408695936,0.009992423467338085,-0.0024319023359566927,0.9992423467338085,1.0,0.43658018112182617,-0.021443843841552734,0.45283812284469604,0.2160041332244873,-0.2875175476074219,0.4528381824493408,2,1.0
0.7504042387008667,7.913875776921486e-09,0.7515639066696167,0.7997204661369324,0.0,0.0,1.0,1.0,1.0,600,47712,10,3,3.5019757747650146,2.7591776451882994,0.004296016413718462,0.0022856364957988262,0.002846367424353957,0.4296016413718462,1.0,0.44139838218688965,-0.03007793426513672,0.45811641216278076,0.4580962657928467,-0.023413658142089844,0.45811644196510315,2,0.4124999940395355
0.11796199530363083,7.913875776921486e-09,0.07332123070955276,0.15609167516231537,0.0,0.0,1.0,1.0,1.0,600,47712,25,3,-0.4697437584400177,4.742398416225783,-0.0037917166482657194,0.009646129794418812,-0.00604067649692297,0.9646129794418812,1.0,0.42151713371276855,-0.0279998779296875,0.4492294192314148,0.4500086307525635,-0.016053199768066406,0.4492294490337372,2,0.0
0.068527452647686,7.913875776921486e-09,0.00019013689598068595,0.07132172584533691,0.0,0.0,1.0,1.0,1.0,600,47744,22,3,0.8382216095924377,4.075539726800758,-0.0011840008664876223,-0.0036995583213865757,-0.005413501989096403,0.5413501989096403,1.0,0.4280698299407959,-0.03952378034591675,0.4498565196990967,0.4526160955429077,-0.029399514198303223,0.44985660910606384,2,0.0
1.0010002851486206,1.0010002851486206,1.001080870628357,0.04680793732404709,1.0,1.0,0.0,0.0,0.0,294,47808,30,3,34.778507232666016,2.6772813291623194,0.003538761753588915,0.0036476391833275557,0.0012298310175538063,0.36476391833275557,1.0,0.441131591796875,-0.028506755828857422,0.4564998745918274,0.2225046157836914,-0.29270219802856445,0.4564998745918274,2,0.9940828680992126
1.0024287700653076,1.0024287700653076,1.0026845932006836,0.037334542721509933,1.0,1.0,0.0,0.0,0.0,299,47968,4,3,34.50881576538086,2.1244541420345384,-0.009117450565099716,-0.004506401717662811,-0.0011080832919105887,0.9117450565099716,1.0,0.4317970275878906,-0.03526568412780762,0.45416194200515747,0.20973587036132812,-0.301377534866333,0.45416194200515747,2,0.6774193644523621
1.0026615858078003,1.0026615858078003,1.0170702934265137,0.03795832023024559,1.0,1.0,0.0,0.0,0.0,284,56096,7,4,35.06396484375,1.3492924513135003,-0.003779327729716897,0.004903167486190796,-0.0038985121063888073,0.4903167486190796,1.0,0.4418148994445801,-0.023954808712005615,0.4513714909553528,0.2150554656982422,-0.2920531630516052,0.45137155055999756,2,1.0
1.0034453868865967,1.0034453868865967,1.0037519931793213,0.03008013404905796,1.0,1.0,0.0,0.0,0.0,279,56256,26,4,35.67716979980469,1.7058921455682232,0.006047358270734549,0.008686977438628674,-0.004177935887128115,0.8686977438628674,1.0,0.44948625564575195,-0.021037817001342773,0.4510921835899353,0.22482085227966309,-0.288555383682251,0.45109206438064575,2,1.0
0.05616278573870659,7.913876665099906e-09,0.0019554123282432556,0.06340046972036362,0.0,0.0,1.0,1.0,1.0,600,56352,24,4,0.44153404235839844,3.520542247064206,0.002459403360262513,0.004923862870782614,0.004785114899277687,0.4923862870782614,1.0,0.43501245975494385,-0.029419422149658203,0.4600551724433899,0.4562596082687378,-0.02077627182006836,0.4600552022457123,2,0.0
1.0014002323150635,1.0014002323150635,1.0018061399459839,0.03605556860566139,1.0,1.0,0.0,0.0,0.0,267,56512,4,4,34.99884796142578,2.042577035915599,0.0033000377006828785,0.007987448945641518,-0.006366705056279898,0.7987448945641518,1.0,0.44470787048339844,-0.022568225860595703,0.44890326261520386,0.22223424911499023,-0.28850865364074707,0.44890332221984863,2,1.0
0.04759844020009041,7.913875776921486e-09,0.0001443592191208154,0.05202099308371544,0.0,0.0,1.0,1.0,1.0,600,56512,17,4,1.2600151300430298,2.9723130579083126,-0.0021578918676823378,0.003046736354008317,-0.008894460275769234,0.8894460275769234,1.0,0.43366849422454834,-0.029864847660064697,0.44637560844421387,0.451642245054245,-0.02265322208404541,0.44637563824653625,2,0.0
5.37658816028852e-05,7.913875776921486e-09,9.427349868929014e-05,0.03904290124773979,0.0,0.0,0.0,1.0,1.0,600,56576,18,4,0.9403980374336243,2.2315918490251234,0.006889939308166504,-0.00577964261174202,-0.006408410612493753,0.6889939308166504,1.0,0.4471600353717804,-0.03680694103240967,0.44886165857315063,0.46069005131721497,-0.031479716300964355,0.448861688375473,2,0.0
1.0028847455978394,1.0028847455978394,1.0063176155090332,0.023933356627821922,1.0,1.0,0.0,0.0,0.0,283,56576,23,4,35.339054107666016,1.1745858172980945,0.008232120424509048,-0.002972340676933527,-0.0016222931444644928,0.8232120424509048,1.0,0.45488500595092773,-0.03141069412231445,0.45364776253700256,0.2270495891571045,-0.30001020431518555,0.45364779233932495,2,1.0
0.07252886146306992,7.913876665099906e-09,0.0005949329352006316,0.07578204572200775,0.0,0.0,1.0,1.0,1.0,600,57088,8,4,0.712938129901886,4.307905323685531,-0.00012378768587950617,-0.00064991251565516,-0.001971938880160451,0.1971938880160451,1.0,0.4277529716491699,-0.037103891372680664,0.4532981514930725,0.4536757469177246,-0.026349902153015137,0.4532981812953949,2,0.0
0.12348402291536331,7.913875776921486e-09,0.12456825375556946,0.1692461520433426,0.0,0.0,1.0,1.0,1.0,600,57088,29,4,1.7738895416259766,2.559854795960756,0.004916400648653507,0.003221157705411315,-0.008938553743064404,0.8938553743064404,1.0,0.44321417808532715,-0.028634309768676758,0.4463315010070801,0.45871663093566895,-0.02247905731201172,0.44633153080940247,2,0.30434781312942505
0.052955206483602524,7.913874888743067e-09,0.014442584477365017,0.07393619418144226,0.0,0.0,1.0,1.0,1.0,600,57600,0,4,0.3692042827606201,3.4087324772379204,-0.008352805860340595,0.008570193313062191,0.003659453708678484,0.8570193313062191,1.0,0.4248666763305664,-0.02547931671142578,0.45892947912216187,0.4454469680786133,-0.01712942123413086,0.45892956852912903,2,0.0
0.3611791729927063,7.913875776921486e-09,0.3612891435623169,0.41355499625205994,0.0,0.0,1.0,1.0,1.0,600,57600,1,4,1.7553805112838745,2.994615546539108,0.0063476720824837685,-0.005279764998704195,0.006391622591763735,0.6391622591763735,1.0,0.44204044342041016,-0.03824901580810547,0.461661696434021,0.4601473808288574,-0.030979633331298828,0.4616617262363434,2,0.0
2.2863152480567805e-05,7.913876665099906e-09,5.209559458307922e-05,0.005746788345277309,0.0,0.0,0.0,1.0,1.0,600,57600,5,4,1.8201806545257568,0.3262821653959024,-9.026831685332581e-05,-0.007915378548204899,-0.002093453658744693,0.7915378548204899,1.0,0.451718807220459,-0.034361839294433594,0.4531765878200531,0.45370960235595703,-0.0336151123046875,0.4531766474246979,2,0.0
0.00010158599616261199,7.913876665099906e-09,0.00012667023111134768,0.022066514939069748,0.0,0.0,0.0,1.0,1.0,600,57600,6,4,1.6157671213150024,1.2570614187430562,-0.002015605103224516,-0.00542495958507061,0.004632753320038319,0.542495958507061,1.0,0.4441370964050293,-0.03406095504760742,0.45990270376205444,0.4517841339111328,-0.03112483024597168,0.4599028527736664,2,0.0
0.00041465749382041395,7.913876665099906e-09,0.00043721371912397444,0.022748669609427452,0.0,0.0,0.0,1.0,1.0,600,57600,9,4,1.262408971786499,1.2783523990464554,0.009126919321715832,-0.004744407720863819,0.005829243455082178,0.9126919321715832,1.0,0.4551510810852051,-0.0334315299987793,0.4610992670059204,0.46292638778686523,-0.03044414520263672,0.4610993564128876,2,0.0
0.2825617790222168,7.913875776921486e-09,0.3263401389122009,0.39598166942596436,0.0,0.0,1.0,1.0,1.0,600,57600,12,4,0.8273565769195557,3.990165777270184,-0.00524918595328927,0.0012876582331955433,-0.006304784212261438,0.6304784212261438,1.0,0.424511194229126,-0.034306734800338745,0.44896531105041504,0.4485511779785156,-0.024412304162979126,0.4489653408527374,2,0.0
0.29756835103034973,7.913875776921486e-09,0.3147076964378357,0.34255334734916687,0.0,0.0,1.0,1.0,1.0,600,57600,19,4,2.1480071544647217,1.5954391287875371,-0.008224543184041977,-0.009276559576392174,-0.007598440628498793,0.9276559576392174,1.0,0.43588122725486755,-0.03873133659362793,0.44767165184020996,0.4455755650997162,-0.03497648239135742,0.44767168164253235,2,0.0
0.009146801196038723,7.913876665099906e-09,0.01069765817373991,0.07052884995937347,0.0,0.0,1.0,1.0,1.0,600,57600,20,4,1.289272665977478,3.4280745057503386,-0.007081915158778429,0.000602609827183187,-0.0019528008997440338,0.7081915158778429,1.0,0.42602241039276123,-0.03349637985229492,0.4533172845840454,0.44671833515167236,-0.025096893310546875,0.4533173143863678,2,0.0
0.029962744563817978,7.913869559672548e-09,1.8283464669366367e-05,0.07819340378046036,0.0,0.0,1.0,1.0,1.0,600,57600,21,4,0.5680178999900818,4.479107857213308,0.009337755851447582,0.004897786770015955,0.0038611635100096464,0.9337755851447582,1.0,0.43620145320892334,-0.03202342987060547,0.4591311812400818,0.46313798427581787,-0.020802021026611328,0.45913127064704895,2,0.0
0.8761435151100159,7.913875776921486e-09,0.8794341683387756,0.9270087480545044,0.0,0.0,1.0,1.0,1.0,600,57600,27,4,3.937094211578369,2.7258369305285286,-0.003883112920448184,-0.006837394088506699,-0.002350345253944397,0.6837394088506699,1.0,0.43341922760009766,-0.03911575675010681,0.45291972160339355,0.4499170780181885,-0.032537370920181274,0.45291975140571594,2,0.554973840713501
0.7720299959182739,7.913875776921486e-09,0.7723708152770996,0.8071130514144897,0.0,0.0,1.0,1.0,1.0,600,57600,31,4,3.6799774169921875,1.9905775251038225,0.003486455185338855,0.006042707711458206,0.00023171344946604222,0.6042707711458206,1.0,0.4452075958251953,-0.0243837833404541,0.4555016756057739,0.45728588104248047,-0.019657135009765625,0.45550182461738586,2,0.2670454680919647
1.002814769744873,1.002814769744873,1.046727180480957,0.12415023893117905,1.0,1.0,1.0,0.0,1.0,321,57984,25,4,32.03227233886719,4.597294035516624,0.00568475341424346,-0.006807721219956875,-0.009338867850601673,0.9338867850601673,1.0,0.4318501949310303,-0.044053077697753906,0.44593119621276855,0.22450780868530273,-0.3038201332092285,0.44593119621276855,2,0.0
0.6352779269218445,7.913876665099906e-09,0.6366552114486694,0.6884892582893372,0.0,0.0,1.0,1.0,1.0,600,65312,3,5,2.645251512527466,2.9698729728273254,0.0016795059200376272,-0.009966691955924034,-0.0027049484197050333,0.9966691955924034,1.0,0.43752002716064453,-0.04287219047546387,0.45256513357162476,0.45547914505004883,-0.035666823387145996,0.45256516337394714,2,0.21276596188545227
0.0026678654830902815,7.913876665099906e-09,0.0029279589653015137,0.010137244127690792,0.0,0.0,0.0,1.0,1.0,600,65344,13,5,1.9464690685272217,0.4130619599567358,-0.004218178801238537,-0.0005924152792431414,-0.006808391772210598,0.6808391772210598,1.0,0.44706201553344727,-0.02723860740661621,0.448461651802063,0.4495820999145508,-0.02629244327545166,0.4484616816043854,2,0.0
1.0028936862945557,1.0028936862945557,1.0034356117248535,0.054758209735155106,1.0,1.0,1.0,0.0,0.0,287,65440,26,5,34.58701705932617,3.106362350558983,0.007652930449694395,0.002374012256041169,-0.0033557333517819643,0.7652930449694395,1.0,0.44267797470092773,-0.030884742736816406,0.45191431045532227,0.2264699935913086,-0.29466700553894043,0.4519142508506775,2,1.0
1.0040252208709717,1.0040252208709717,1.0054646730422974,0.047233399003744125,1.0,1.0,0.0,0.0,0.0,296,66048,23,5,34.276092529296875,2.623800094187473,0.0035994139034301043,0.009173303842544556,0.009371825493872166,0.9371825493872166,1.0,0.44151341915130615,-0.022844672203063965,0.464641809463501,0.22232723236083984,-0.2882803678512573,0.46464186906814575,2,0.6740331649780273
0.0555819571018219,7.913876665099906e-09,0.006724364124238491,0.06746571511030197,0.0,0.0,1.0,1.0,1.0,600,66176,2,5,0.4201296865940094,3.4802251344975015,-0.00944983959197998,0.007981640286743641,0.0013716074172407389,0.944983959197998,1.0,0.4233431816101074,-0.02625533938407898,0.4566417932510376,0.4443497657775879,-0.01771831512451172,0.45664170384407043,2,0.0
0.20828406512737274,7.913868671494129e-09,0.22165560722351074,0.2929632365703583,0.0,0.0,1.0,1.0,1.0,600,66304,28,5,0.7184351086616516,4.085645418564615,-0.00794798880815506,0.00016331474762409925,-0.0019829801749438047,0.794798880815506,1.0,0.421245813369751,-0.035688042640686035,0.4532870650291443,0.44585227966308594,-0.025536656379699707,0.4532870948314667,2,0.0535714291036129
0.001381204230710864,7.913876665099906e-09,0.0014215841656550765,0.025950772687792778,0.0,0.0,0.0,1.0,1.0,600,66496,14,5,1.6674354076385498,1.4054195308180801,0.003407853189855814,-0.007444362621754408,0.0090019004419446,0.9001900441944599,1.0,0.44866251945495605,-0.03643798828125,0.46427202224731445,0.45720815658569336,-0.033144235610961914,0.46427199244499207,2,0.0
0.004300763830542564,7.913876665099906e-09,0.00013365472841542214,0.0313732884824276,0.0,0.0,0.0,1.0,1.0,600,66496,16,5,1.2391865253448486,1.7898992034911487,0.00220436230301857,-0.007391007617115974,-4.590617390931584e-05,0.7391007617115974,1.0,0.4451357424259186,-0.037322044372558594,0.45522409677505493,0.45600447058677673,-0.033090829849243164,0.4552241861820221,2,0.0
0.3307625949382782,7.913876665099906e-09,0.33086925745010376,0.3806267976760864,0.0,0.0,1.0,1.0,1.0,600,66624,15,5,1.8204394578933716,2.8508925715895845,0.005001222249120474,-0.009678528644144535,-0.0031202768441289663,0.9678528644144535,1.0,0.4415542781352997,-0.04227733612060547,0.45214974880218506,0.45880135893821716,-0.03537797927856445,0.4521498382091522,2,0.0
1.0026299953460693,1.0026299953460693,1.003183126449585,0.03769346699118614,1.0,1.0,0.0,0.0,0.0,282,66624,21,5,34.733795166015625,2.1279904724773124,0.004552111960947514,0.002428916050121188,-0.00022824763436801732,0.45521119609475136,1.0,0.44544553756713867,-0.028339862823486328,0.455041766166687,0.2233896255493164,-0.29451608657836914,0.455041766166687,2,1.0
0.30950209498405457,0.30950209498405457,0.34981340169906616,0.12658730149269104,0.2443035966198816,0.0,1.0,0.0,1.0,600,66752,11,5,7.746284484863281,4.943253362261525,-0.00960728619247675,0.008792813867330551,0.0021117685828357935,0.9607286192476749,1.0,0.4145171642303467,-0.029410839080810547,0.4573817849159241,0.3437652587890625,-0.07313323020935059,0.45738187432289124,2,0.0
1.005475401878357,1.005475401878357,1.027213454246521,0.0788704976439476,1.0,1.0,1.0,0.0,0.0,287,66784,5,5,34.53654861450195,3.2734445724699506,0.005462579894810915,0.0004448399122338742,-0.0029753835406154394,0.5462579894810915,1.0,0.43948936462402344,-0.0332493782043457,0.45229464769363403,0.2240772247314453,-0.29753875732421875,0.45229464769363403,2,1.0
1.0006073713302612,1.0006073713302612,1.0008447170257568,0.0188535675406456,1.0,1.0,0.0,0.0,0.0,290,66880,6,5,35.28719711303711,1.066628807772225,-0.008660397492349148,0.003616481786593795,0.00596731947734952,0.8660397492349148,1.0,0.4386467933654785,-0.024564266204833984,0.4612373411655426,0.21033716201782227,-0.2925903797149658,0.461237370967865,2,1.0
0.07723898440599442,7.913869559672548e-09,0.00013509196287486702,0.08219416439533234,0.0,0.0,1.0,1.0,1.0,600,66912,10,5,0.5904029011726379,4.701640969901025,0.0034728471655398607,0.009226346388459206,-0.007112488616257906,0.9226346388459206,1.0,0.42902231216430664,-0.028306961059570312,0.44815748929977417,0.4572732448577881,-0.01647329330444336,0.44815757870674133,2,0.0
0.024231255054473877,7.913875776921486e-09,0.025747377425432205,0.07877349108457565,0.0,0.0,1.0,1.0,1.0,600,66944,22,5,1.0524693727493286,3.0381723032065144,-0.0014915361534804106,-0.0004978891229256988,0.009987943805754185,0.9987943805754185,1.0,0.4339406490325928,-0.033579856157302856,0.46525800228118896,0.4523085355758667,-0.026197850704193115,0.46525803208351135,2,0.0
0.3398837149143219,7.913870447850968e-09,0.342168927192688,0.38875892758369446,0.0,0.0,1.0,1.0,1.0,600,67008,30,5,1.6980676651000977,2.669410816804349,0.007603690959513187,-0.007576423697173595,0.009317761287093163,0.9317761287093163,1.0,0.44524335861206055,-0.03971099853515625,0.4645878076553345,0.46140336990356445,-0.03327608108520508,0.46458783745765686,2,0.0
1.0007060766220093,1.0007060766220093,1.0007152557373047,0.014605710282921791,1.0,1.0,0.0,0.0,0.0,281,74432,26,6,35.85573959350586,0.8363190978276263,0.006341199856251478,0.00724573340266943,-0.009040452539920807,0.9040452539920807,1.0,0.4550466537475586,-0.020389080047607422,0.44622957706451416,0.22533082962036133,-0.28899693489074707,0.44622963666915894,2,1.0
0.06558140367269516,7.913876665099906e-09,0.0021687650587409735,0.0684434026479721,0.0,0.0,1.0,1.0,1.0,600,75296,7,6,0.3179912865161896,3.7972590369942214,0.0018364604329690337,-0.009953031316399574,0.006626870017498732,0.9953031316399574,1.0,0.4327421188354492,-0.04503074288368225,0.4618968963623047,0.45563602447509766,-0.03565296530723572,0.46189698576927185,2,0.0
0.01669332943856716,7.913875776921486e-09,0.023419495671987534,0.0942629724740982,0.0,0.0,1.0,1.0,1.0,600,75552,24,6,1.0567121505737305,4.059032440237307,-0.005934667307883501,0.005304149817675352,-0.0022223484702408314,0.5934667307883501,1.0,0.42341697216033936,-0.030475378036499023,0.4530476927757263,0.4478656053543091,-0.020395755767822266,0.4530477225780487,2,0.0
0.013601136393845081,7.91386689513729e-09,2.022834451054223e-05,0.049997925758361816,0.0,0.0,0.0,1.0,1.0,600,75712,4,6,0.9740860462188721,2.8635124132982406,0.006854308303445578,0.0013985864352434874,0.0027849748730659485,0.6854308303445578,1.0,0.443331241607666,-0.031232833862304688,0.4580550789833069,0.46065378189086914,-0.024301528930664062,0.4580550491809845,2,0.0
0.07796245813369751,7.913875776921486e-09,0.0008933034259825945,0.0851396694779396,0.0,0.0,1.0,1.0,1.0,600,75712,17,6,0.18347494304180145,4.826963415226534,-0.003020734991878271,0.005960647948086262,-0.0087196696549654,0.8719669654965401,1.0,0.4217890202999115,-0.03191971778869629,0.4465504288673401,0.45077934861183167,-0.0197393000125885,0.4465503990650177,2,0.0
1.0009671449661255,1.0009671449661255,1.0009783506393433,0.02548912912607193,1.0,1.0,0.0,0.0,0.0,290,75776,14,6,35.097900390625,1.4597797257617422,-0.005477633327245712,0.006073370110243559,-0.000883870932739228,0.6073370110243559,1.0,0.43944859504699707,-0.023052215576171875,0.4543861746788025,0.21349143981933594,-0.2902648448944092,0.4543861150741577,2,1.0
0.6832926869392395,7.913877553278326e-09,0.7134712934494019,0.7579737901687622,0.0,0.0,1.0,1.0,1.0,600,75776,18,6,3.8676135540008545,2.5498099355691943,-0.005688089411705732,0.007030113600194454,0.004149843007326126,0.7030113600194454,1.0,0.43267005681991577,-0.024799704551696777,0.4594199061393738,0.44811204075813293,-0.018669962882995605,0.45941993594169617,2,0.6907894611358643
1.005344271659851,1.005344271659851,1.0062174797058105,0.007542693987488747,1.0,1.0,0.0,0.0,0.0,281,75872,6,6,35.494293212890625,0.38213342265189,0.0009564326028339565,0.007777686230838299,0.00013753546227235347,0.7777686230838299,1.0,0.4524245262145996,-0.018796920776367188,0.4554075300693512,0.21958112716674805,-0.2901580333709717,0.4554075598716736,2,1.0
1.001918077468872,1.001918077468872,1.0274977684020996,0.07890930026769638,1.0,1.0,1.0,0.0,0.0,287,75968,5,6,34.55177307128906,3.0555553480876085,0.001614954206161201,0.009207021445035934,0.00599472364410758,0.9207021445035934,1.0,0.43694353103637695,-0.023920059204101562,0.46126478910446167,0.22050809860229492,-0.287477970123291,0.46126478910446167,2,1.0
1.0002501010894775,1.0002501010894775,1.000746250152588,0.034328628331422806,1.0,1.0,0.0,0.0,0.0,285,76032,10,6,34.928375244140625,1.9384614741893327,0.0024145562201738358,0.0015037520788609982,0.008611834608018398,0.8611834608018398,1.0,0.44445013999938965,-0.028793811798095703,0.46388185024261475,0.22144055366516113,-0.2945728302001953,0.46388185024261475,2,1.0
0.7860909104347229,7.913876665099906e-09,0.7868279218673706,0.8072333335876465,0.0,0.0,1.0,1.0,1.0,600,76288,8,6,3.8181443214416504,1.1691459985110024,0.009597419761121273,-0.005749761592596769,-0.005320706404745579,0.9597419761121273,1.0,0.4562826156616211,-0.03417503833770752,0.4499492943286896,0.4633970260620117,-0.03144967555999756,0.4499494135379791,2,0.2142857164144516
0.6718500852584839,7.913875776921486e-09,0.693159282207489,0.7073593139648438,0.0,0.0,1.0,1.0,1.0,600,76288,29,6,4.198983669281006,0.8135923370554964,0.005671764258295298,-0.006225806660950184,-0.0003309973981231451,0.6225806660950184,1.0,0.4545149803161621,-0.033806800842285156,0.4549391269683838,0.4594719409942627,-0.03192567825317383,0.4549390971660614,2,0.5822784900665283
0.08995814621448517,7.913869559672548e-09,0.07188135385513306,0.14950546622276306,0.0,0.0,1.0,1.0,1.0,600,76800,0,6,1.018129587173462,4.447537442209041,-0.009486890397965908,0.006425726693123579,-0.00889738742262125,0.9486890397965908,1.0,0.41756296157836914,-0.03040933609008789,0.4463726282119751,0.44431257247924805,-0.019273757934570312,0.44637271761894226,2,0.0
0.22508704662322998,7.913876665099906e-09,0.20078836381435394,0.28276824951171875,0.0,0.0,1.0,1.0,1.0,600,76800,1,6,1.0232064723968506,4.697101028537082,-0.005884238518774509,-0.0030507571063935757,-0.0059911529533565044,0.5991152953356504,1.0,0.4196920394897461,-0.04057145118713379,0.44927889108657837,0.44791555404663086,-0.02875065803527832,0.44927892088890076,2,0.0
0.0342714786529541,7.913876665099906e-09,0.018511194735765457,0.057135533541440964,0.0,0.0,1.0,1.0,1.0,600,76800,9,6,0.7730070352554321,2.2130120269353966,-0.007919703610241413,0.006009254138916731,-0.00020424775721039623,0.7919703610241413,1.0,0.432462215423584,-0.024971961975097656,0.45506584644317627,0.4458799362182617,-0.019690990447998047,0.45506587624549866,2,0.0
0.6600371599197388,7.913875776921486e-09,0.6609296798706055,0.6794277429580688,0.0,0.0,1.0,1.0,1.0,600,76800,12,6,3.6184489727020264,1.0598654263900313,0.002769131911918521,-0.007956611923873425,0.0041166734881699085,0.7956611923873425,1.0,0.4501175880432129,-0.036121100187301636,0.45938679575920105,0.4565694332122803,-0.033656567335128784,0.45938679575920105,2,0.3048780560493469
0.11428038775920868,7.913876665099906e-09,0.08869627118110657,0.1738661527633667,0.0,0.0,1.0,1.0,1.0,600,76800,19,6,1.0456897020339966,4.879873048745215,-0.001759813749231398,-0.009215563535690308,-0.006744991522282362,0.9215563535690308,1.0,0.42273807525634766,-0.04724287986755371,0.44852501153945923,0.45204028487205505,-0.03491544723510742,0.4485251009464264,2,0.0
0.3024686276912689,7.913876665099906e-09,0.3025781810283661,0.3576565384864807,0.0,0.0,1.0,1.0,1.0,600,76800,20,6,1.7043594121932983,3.1557608399574537,0.0044917212799191475,-0.009899151511490345,-0.008806411176919937,0.9899151511490345,1.0,0.4392211437225342,-0.043286800384521484,0.4464636445045471,0.4582918882369995,-0.0355987548828125,0.4464636743068695,2,0.0
0.06923273950815201,7.913876665099906e-09,1.148950650531333e-05,0.07393503189086914,0.0,0.0,1.0,1.0,1.0,600,76800,27,6,0.11932244151830673,4.235508306691158,0.001219837460666895,-0.008737357333302498,-0.004783010110259056,0.8737357333302498,1.0,0.42952537536621094,-0.044994354248046875,0.45048701763153076,0.4550201892852783,-0.034437328577041626,0.4504871070384979,2,0.0
0.08038323372602463,7.913876665099906e-09,5.329683335730806e-05,0.08159332722425461,0.0,0.0,1.0,1.0,1.0,600,76800,31,6,-0.011659645475447178,4.671900618707497,0.0051968456245958805,0.00846095010638237,-0.007562986575067043,0.846095010638237,1.0,0.4309210777282715,-0.02899026870727539,0.44770705699920654,0.4589962959289551,-0.017238855361938477,0.44770708680152893,2,0.0
0.011887998320162296,7.913875776921486e-09,0.0013295667013153434,0.012015760876238346,0.0,0.0,0.0,1.0,1.0,600,77184,25,6,1.2061342000961304,0.6122744322600747,-0.007237985264509916,-0.0007938133785501122,-0.004560179077088833,0.7237985264509916,1.0,0.4428293704986572,-0.027903079986572266,0.45070990920066833,0.4465622901916504,-0.026493549346923828,0.45070990920066833,2,0.0
0.032751426100730896,7.913876665099906e-09,0.0008560308488085866,0.037348851561546326,0.0,0.0,0.0,1.0,1.0,600,84512,3,7,0.8876044154167175,2.090884616037572,-0.008565378375351429,0.00424635224044323,-0.008482137694954872,0.8565378375351429,1.0,0.43255138397216797,-0.02642977237701416,0.44678783416748047,0.4452342987060547,-0.02145373821258545,0.4467879831790924,2,0.0
0.08309169858694077,7.913875776921486e-09,0.09875784814357758,0.1115974485874176,0.0,0.0,1.0,1.0,1.0,600,84544,13,7,2.0674216747283936,0.7356553963140081,-0.006385931745171547,0.008614509366452694,-0.0042959763668477535,0.8614509366452694,1.0,0.4429311752319336,-0.0187833309173584,0.45097407698631287,0.4474143981933594,-0.01708543300628662,0.45097413659095764,2,0.23076923191547394
1.004384160041809,1.004384160041809,1.0109648704528809,0.05059123411774635,1.0,1.0,1.0,0.0,0.0,281,84960,5,7,34.4857063293457,2.5216127802412664,0.009795069694519043,0.00999204907566309,0.007383405696600676,0.999204907566309,1.0,0.4483218193054199,-0.021765708923339844,0.4626535177230835,0.22849464416503906,-0.28759288787841797,0.4626534581184387,2,0.9526627063751221
1.00202476978302,1.00202476978302,1.0021109580993652,0.011835393495857716,1.0,1.0,0.0,0.0,0.0,294,84960,24,7,35.59098434448242,0.6731834979573096,0.0004926675464957952,-0.002554521895945072,0.004239540547132492,0.4239540547132492,1.0,0.45018959045410156,-0.029805421829223633,0.45950961112976074,0.21937787532806396,-0.29927825927734375,0.45950955152511597,2,1.0
1.004281759262085,1.004281759262085,1.0424718856811523,0.0958247110247612,1.0,1.0,1.0,0.0,0.0,290,84992,4,7,34.70223617553711,3.302221653547095,0.0005187311908230186,-0.002927781082689762,-2.948411383840721e-05,0.2927781082689762,1.0,0.4343738555908203,-0.0366969108581543,0.45524054765701294,0.21922731399536133,-0.3004753589630127,0.45524054765701294,2,1.0
1.0031105279922485,1.0031105279922485,1.003255844116211,0.06107436493039131,1.0,1.0,1.0,0.0,0.0,291,85024,17,7,34.60957717895508,3.4909792673456863,0.004125495441257954,0.005831616465002298,0.0019339073915034533,0.5831616465002298,1.0,0.43685469031333923,-0.02843385934829712,0.4572039246559143,0.2229251265525818,-0.2912885546684265,0.4572039842605591,2,1.0
1.002317190170288,1.002317190170288,1.0024114847183228,0.04915047436952591,1.0,1.0,0.0,0.0,0.0,289,85024,18,7,34.75700378417969,2.810711849362869,-0.0028647519648075104,0.00882523600012064,0.007802115753293037,0.882523600012064,1.0,0.4339287281036377,-0.023670315742492676,0.4630722403526306,0.21599727869033813,-0.28800535202026367,0.46307218074798584,2,1.0
1.0045093297958374,1.0045093297958374,1.0050216913223267,0.028965186327695847,1.0,1.0,0.0,0.0,0.0,288,85248,10,7,35.16962432861328,1.63022634944747,0.0070420922711491585,0.0041570221073925495,0.0028183383401483297,0.7042092271149158,1.0,0.45093750953674316,-0.02538299560546875,0.45808833837509155,0.22573208808898926,-0.2934732437133789,0.45808833837509155,2,1.0
0.7210341095924377,7.913868671494129e-09,0.723219633102417,0.7753856182098389,0.0,0.0,1.0,1.0,1.0,600,85248,23,7,3.5668890476226807,2.9888899270239335,-0.005980554036796093,0.008058346807956696,-0.0031975694000720978,0.8058346807956696,1.0,0.4297463893890381,-0.02489626407623291,0.45207250118255615,0.4478195905685425,-0.017641663551330566,0.45207253098487854,2,0.6257668733596802
0.8647463321685791,7.913869559672548e-09,0.8656277060508728,0.8916257619857788,0.0,0.0,1.0,1.0,1.0,600,85376,2,7,4.67379093170166,1.4896050274330723,-0.002769450657069683,0.005583298858255148,-0.001520767342299223,0.5583298858255148,1.0,0.44197607040405273,-0.023614317178726196,0.45374923944473267,0.45103025436401367,-0.0201166570186615,0.45374932885169983,2,0.7043010592460632
0.056047290563583374,7.913875776921486e-09,0.0006345617584884167,0.06159009784460068,0.0,0.0,1.0,1.0,1.0,600,85504,28,7,0.6930757164955139,3.492495782784841,-0.009643614292144775,0.007036605384200811,0.0003478792787063867,0.9643614292144775,1.0,0.42307615280151367,-0.027232646942138672,0.45561790466308594,0.4441566467285156,-0.01866328716278076,0.4556179940700531,2,0.0
0.7765957117080688,7.913875776921486e-09,0.7865278124809265,0.8303061723709106,0.0,0.0,1.0,1.0,1.0,600,85696,16,7,3.485105514526367,2.508311627162901,9.706189302960411e-05,0.0022518436890095472,0.002747088437899947,0.2747088437899947,1.0,0.4387040436267853,-0.029472827911376953,0.4580170512199402,0.4538971483707428,-0.02344799041748047,0.4580172002315521,2,0.18023255467414856
2.5618241124902852e-05,7.91386689513729e-09,5.824295658385381e-05,0.03648752719163895,0.0,0.0,0.0,1.0,1.0,600,85824,15,7,1.2159075736999512,2.087244552096778,0.00892336294054985,0.0013684850418940187,-0.008143223822116852,0.892336294054985,1.0,0.45006227493286133,-0.02929830551147461,0.4471268057823181,0.4627234637737274,-0.024331092834472656,0.4471268951892853,2,0.0
0.00013400649186223745,7.913876665099906e-09,0.00026871718000620604,0.018749656155705452,0.0,0.0,0.0,1.0,1.0,600,85824,21,7,1.2983542680740356,1.0588803850456687,0.006165646482259035,-0.008807028643786907,0.005402335897088051,0.8807028643786907,1.0,0.4535198211669922,-0.03696870803833008,0.4606723189353943,0.4599658250808716,-0.034506797790527344,0.46067240834236145,2,0.0
1.0057162046432495,1.0057162046432495,1.0069783926010132,0.014408073388040066,1.0,1.0,0.0,0.0,0.0,286,85952,1,7,35.3643684387207,0.7532066346034137,0.0024932341184467077,0.006313558202236891,0.009981472045183182,0.9981472045183182,1.0,0.4517035484313965,-0.02112555503845215,0.46525153517723083,0.22108936309814453,-0.29175782203674316,0.46525150537490845,2,1.0
0.19550752639770508,7.913875776921486e-09,0.1958218365907669,0.2448955774307251,0.0,0.0,1.0,1.0,1.0,600,85952,11,7,1.689271092414856,2.8117178081615646,-0.001952694496139884,-0.009129896759986877,-0.006893566809594631,0.9129896759986877,1.0,0.43483471870422363,-0.041628122329711914,0.4483764171600342,0.45184755325317383,-0.03482985496520996,0.44837650656700134,2,0.0
0.030593736097216606,7.913875776921486e-09,0.0015200150664895773,0.03625901788473129,0.0,0.0,0.0,1.0,1.0,600,86144,22,7,1.3652371168136597,1.990398019194698,-0.009369801729917526,-0.0083538219332695,0.007007195148617029,0.9369801729917526,1.0,0.4323524236679077,-0.038780152797698975,0.46227723360061646,0.44443047046661377,-0.03405377268791199,0.46227726340293884,2,0.0
0.018330268561840057,7.913876665099906e-09,2.239831337647047e-05,0.07391949743032455,0.0,0.0,1.0,1.0,1.0,600,86208,30,7,0.996958315372467,4.233990724034945,-0.0023354291915893555,-0.002385725500062108,0.001642960007302463,0.2385725500062108,1.0,0.4259786605834961,-0.03863859176635742,0.4569131135940552,0.4514641761779785,-0.02808523178100586,0.4569130837917328,2,0.0
0.04934285953640938,7.913875776921486e-09,0.0004338137514423579,0.0516604483127594,0.0,0.0,1.0,1.0,1.0,600,93632,26,8,1.1950993537902832,2.935071024571995,-0.0060951728373765945,-0.007015494164079428,0.0007211855263449252,0.7015494164079428,1.0,0.42995405197143555,-0.039830923080444336,0.455991268157959,0.4477050304412842,-0.0327153205871582,0.45599129796028137,2,0.0
1.0025380849838257,1.0025380849838257,1.0403772592544556,0.060054123401641846,1.0,1.0,1.0,0.0,0.0,286,94112,5,8,35.13926696777344,1.2728320053714983,-0.0006336466176435351,-0.0015672657173126936,0.0071149603463709354,0.7114960346370935,1.0,0.44542360305786133,-0.03024148941040039,0.4623849391937256,0.21821117401123047,-0.2984781265258789,0.46238499879837036,2,1.0
1.0012094974517822,1.0012094974517822,1.0029726028442383,0.015509833581745625,1.0,1.0,0.0,0.0,0.0,280,94208,10,8,35.264339447021484,0.7876270527605757,-0.009053734131157398,-0.002714770846068859,-0.003137983148917556,0.9053734131157398,1.0,0.43994736671447754,-0.030234813690185547,0.45213204622268677,0.20989632606506348,-0.29914045333862305,0.4521321654319763,2,1.0
1.001312255859375,1.001312255859375,1.0013906955718994,0.019266441464424133,1.0,1.0,0.0,0.0,0.0,292,94336,4,8,34.88612747192383,1.0993904504564258,0.0010530473664402962,-0.008108085952699184,0.008778276853263378,0.8778276853263378,1.0,0.44816112518310547,-0.03636670112609863,0.4640483260154724,0.21999454498291016,-0.30457210540771484,0.46404826641082764,2,0.7956989407539368
0.29529869556427,7.91386689513729e-09,0.295764684677124,0.3211049735546112,0.0,0.0,1.0,1.0,1.0,600,94496,7,8,2.118558883666992,1.4518987546766053,-0.005273367743939161,-0.008749037981033325,0.009200243279337883,0.9200243279337883,1.0,0.439699649810791,-0.03785520792007446,0.4644702672958374,0.44852638244628906,-0.0344490110874176,0.46447035670280457,2,0.0
1.000172734260559,1.000172734260559,1.0102218389511108,0.05373319610953331,1.0,1.0,1.0,0.0,0.0,280,94784,21,8,34.69563674926758,2.502920686917057,0.009853566065430641,0.007875817827880383,-0.0024691768921911716,0.9853566065430641,1.0,0.44849300384521484,-0.023835182189941406,0.45280081033706665,0.22888553142547607,-0.28817224502563477,0.4528008699417114,2,1.0
1.002465844154358,1.002465844154358,1.0026179552078247,0.036270566284656525,1.0,1.0,0.0,0.0,0.0,282,94848,15,8,34.84112548828125,2.069433980062324,0.0021963969338685274,-0.0018844931619241834,-0.008981181308627129,0.8981181308627129,1.0,0.44344252347946167,-0.03250694274902344,0.4462888240814209,0.22104668617248535,-0.298769474029541,0.4462888836860657,2,1.0
0.06405050307512283,7.913875776921486e-09,0.008856169879436493,0.07570108026266098,0.0,0.0,1.0,1.0,1.0,600,94976,14,8,1.0529459714889526,3.8299308200021542,0.0027810537721961737,-0.001766827772371471,-0.005037609487771988,0.5037609487771988,1.0,0.43349313735961914,-0.036931514739990234,0.45023244619369507,0.45658135414123535,-0.027466773986816406,0.45023247599601746,2,0.0
5.4688516684109345e-06,7.913876665099906e-09,2.5670933609944768e-05,0.027619164437055588,0.0,0.0,0.0,1.0,1.0,600,95072,6,8,1.1237986087799072,1.5809912509805504,-0.008755921386182308,-0.0030960121657699347,0.008291698060929775,0.8755921386182308,1.0,0.4354372024536133,-0.0325160026550293,0.4635617733001709,0.44504356384277344,-0.028795957565307617,0.4635618031024933,2,0.0
1.003606915473938,1.003606915473938,1.004041075706482,0.023019198328256607,1.0,1.0,0.0,0.0,0.0,294,95104,16,8,35.55292510986328,1.294026936139694,0.0033559435978531837,0.002538815839216113,0.0002491406339686364,0.3355943597853184,1.0,0.4492850601673126,-0.026186227798461914,0.4555192291736603,0.22211655974388123,-0.29476237297058105,0.4555191993713379,2,1.0
0.019194087013602257,7.913875776921486e-09,0.004406711086630821,0.06439917534589767,0.0,0.0,1.0,1.0,1.0,600,95488,8,8,1.223992109298706,3.437316605471012,-0.006573478691279888,0.002113847993314266,-0.008878076449036598,0.8878076449036598,1.0,0.42647600173950195,-0.03200984001159668,0.4463919401168823,0.44722604751586914,-0.023586153984069824,0.4463920295238495,2,0.0
0.016207367181777954,7.913875776921486e-09,0.0012201707577332854,0.04653942584991455,0.0,0.0,0.0,1.0,1.0,600,95488,29,8,1.3603936433792114,2.596602494355894,0.0016766339540481567,0.0027459589764475822,-0.005053467117249966,0.5053467117249966,1.0,0.43975400924682617,-0.029203176498413086,0.4502165913581848,0.4554769992828369,-0.02295398712158203,0.4502166211605072,2,0.0
0.24672366678714752,7.913876665099906e-09,0.17984217405319214,0.2619066536426544,0.0,0.0,1.0,1.0,1.0,600,96000,0,8,1.085170865058899,4.701948328413676,-0.008079690858721733,-0.0052740201354026794,-0.008957036770880222,0.8957036770880222,1.0,0.4174671173095703,-0.04280805587768555,0.4463130831718445,0.44571971893310547,-0.030973434448242188,0.4463130533695221,2,0.0
0.28859367966651917,7.913875776921486e-09,0.28944894671440125,0.36071524024009705,0.0,0.0,1.0,1.0,1.0,600,96000,9,8,1.2705127000808716,4.083259548110165,0.004534437321126461,-0.008434991352260113,0.004485858138650656,0.8434991352260113,1.0,0.43374204635620117,-0.044280052185058594,0.4597558379173279,0.45833396911621094,-0.034134864807128906,0.45975592732429504,2,0.0
0.607334554195404,7.913876665099906e-09,0.6102852821350098,0.621551513671875,0.0,0.0,1.0,1.0,1.0,600,96000,12,8,3.7503302097320557,0.6455067710276245,-0.006086054723709822,-0.008147493936121464,0.004744783975183964,0.8147493936121464,1.0,0.44377946853637695,-0.035334110260009766,0.4600149095058441,0.44771432876586914,-0.03384745121002197,0.4600149095058441,2,0.3708609342575073
0.02264544740319252,7.913876665099906e-09,0.02473757043480873,0.041538599878549576,0.0,0.0,0.0,1.0,1.0,600,96000,19,8,2.167410373687744,0.962628398766497,-0.005059433169662952,-0.005907562095671892,-0.005543345119804144,0.5907562095671892,1.0,0.4428788423538208,-0.03384089469909668,0.4497267007827759,0.448740690946579,-0.03160738945007324,0.44972673058509827,2,0.0
3.900727824657224e-05,7.913876665099906e-09,8.82299427757971e-05,0.017443424090743065,0.0,0.0,0.0,1.0,1.0,600,96000,20,8,1.2764164209365845,0.9943800272271821,-0.00922471471130848,0.0028427294455468655,0.0038355921860784292,0.9224714711308479,1.0,0.4385209083557129,-0.025166034698486328,0.45910561084747314,0.4445754289627075,-0.022856712341308594,0.4591057002544403,2,0.0
0.005856227595359087,7.913875776921486e-09,1.2763750419253483e-05,0.06332724541425705,0.0,0.0,1.0,1.0,1.0,600,96000,27,8,0.5807557702064514,3.627653487071757,-0.005783306434750557,0.007409224286675453,0.0022124648094177246,0.7409224286675453,1.0,0.4261322021484375,-0.027217388153076172,0.45748257637023926,0.448016881942749,-0.018290728330612183,0.45748254656791687,2,0.0
0.08551053702831268,7.913875776921486e-09,0.032787784934043884,0.1172858253121376,0.0,0.0,1.0,1.0,1.0,600,96000,31,8,0.997338056564331,4.841380237017138,0.008765876293182373,-0.003252302296459675,-0.004516926594078541,0.8765876293182373,1.0,0.4334902763366699,-0.04117250442504883,0.4507530927658081,0.46256542205810547,-0.02895212173461914,0.45075318217277527,2,0.0
0.07878623902797699,7.913875776921486e-09,0.048763468861579895,0.12804318964481354,0.0,0.0,1.0,1.0,1.0,600,96384,25,8,-0.0886460468173027,4.542395109402177,0.004684957209974527,0.009297755546867847,0.0032498021610081196,0.9297755546867847,1.0,0.43117499351501465,-0.02779674530029297,0.4585198760032654,0.45848536491394043,-0.01640176773071289,0.45851990580558777,2,0.0
1.001535177230835,1.001535177230835,1.0016210079193115,0.05330415070056915,1.0,1.0,1.0,0.0,0.0,283,102688,26,9,34.45572280883789,3.049183421922221,0.004019140265882015,-0.002548684598878026,-0.008055346086621284,0.8055346086621284,1.0,0.43938565254211426,-0.0356593132019043,0.4472147226333618,0.22294306755065918,-0.29909372329711914,0.44721466302871704,2,1.0
1.0054513216018677,1.0054513216018677,1.0062482357025146,0.01998775079846382,1.0,1.0,0.0,0.0,0.0,288,103328,5,9,35.231727600097656,1.09955149351045,0.0028438398148864508,0.001969955861568451,0.007697975728660822,0.7697975728660822,1.0,0.449951171875,-0.026288509368896484,0.46296802163124084,0.22146034240722656,-0.2960047721862793,0.46296799182891846,2,0.977011501789093
1.0024919509887695,1.0024919509887695,1.0103473663330078,0.0190083310008049,1.0,1.0,0.0,0.0,0.0,283,103552,7,9,35.963436126708984,0.6390151564692035,0.005721564404666424,0.0013706634053960443,-0.0019570738077163696,0.5721564404666424,1.0,0.4556260108947754,-0.02580094337463379,0.4533129930496216,0.22457027435302734,-0.29552364349365234,0.4533129930496216,2,1.0
0.21283629536628723,7.913870447850968e-09,0.22977431118488312,0.3132464289665222,0.0,0.0,1.0,1.0,1.0,600,103712,3,9,0.9120658040046692,4.7826000559068325,0.005855616647750139,-0.009154013358056545,0.006057848688215017,0.9154013358056545,1.0,0.4309267997741699,-0.04691135883331299,0.4613279104232788,0.4596552848815918,-0.03485405445098877,0.4613279402256012,2,0.0
0.3337896764278412,7.913868671494129e-09,0.33647167682647705,0.3897385001182556,0.0,0.0,1.0,1.0,1.0,600,103744,13,9,1.9451982975006104,3.0519637358012393,0.0004130946472287178,-0.009864619933068752,-0.004888057243078947,0.9864619933068752,1.0,0.4357631206512451,-0.04298233985900879,0.45038193464279175,0.45421338081359863,-0.035564541816711426,0.4503820240497589,2,0.0
0.05310161039233208,7.913876665099906e-09,0.0004392427217680961,0.059211377054452896,0.0,0.0,1.0,1.0,1.0,600,104160,24,9,0.4662420153617859,3.3673953186073566,-0.00209543714299798,0.006882571615278721,0.0030715009197592735,0.6882571615278721,1.0,0.4313706159591675,-0.027057886123657227,0.4583415389060974,0.45170462131500244,-0.018817424774169922,0.4583415687084198,2,0.0
0.03432774171233177,7.913876665099906e-09,0.0003188042901456356,0.037541475147008896,0.0,0.0,0.0,1.0,1.0,600,104224,17,9,1.5350751876831055,2.1327024492309747,-0.008807720616459846,-0.00663828756660223,-0.0038270929362624884,0.8807720616459846,1.0,0.43205738067626953,-0.0374184250831604,0.4514429569244385,0.44499239325523376,-0.032338231801986694,0.45144298672676086,2,0.0
2.5850406018435024e-05,7.913876665099906e-09,4.038887345814146e-05,0.008885778486728668,0.0,0.0,0.0,1.0,1.0,600,104224,18,9,1.4798005819320679,0.506804038478913,-0.007624202407896519,0.004803765099495649,0.008999704383313656,0.8999704383313656,1.0,0.4430851638317108,-0.02205967903137207,0.46426984667778015,0.4461759030818939,-0.020896315574645996,0.4642697870731354,2,0.0
0.03398860618472099,7.913875776921486e-09,0.040359362959861755,0.10803955048322678,0.0,0.0,1.0,1.0,1.0,600,104448,23,9,1.1414066553115845,3.8777903824032567,-0.009637216106057167,0.00504689896479249,0.007726906333118677,0.9637216106057167,1.0,0.42079031467437744,-0.03024601936340332,0.4629969000816345,0.4441629648208618,-0.020653128623962402,0.4629969894886017,2,0.0
0.0018914863467216492,7.913868671494129e-09,0.0019095034804195166,0.011379648931324482,0.0,0.0,0.0,1.0,1.0,600,104576,2,9,1.8012982606887817,0.5425998859801862,-0.005169244483113289,-0.008609512820839882,0.006816635373979807,0.8609512820839882,1.0,0.44532203674316406,-0.03555622696876526,0.4620867073535919,0.44863033294677734,-0.03430947661399841,0.4620867073535919,2,0.0
0.7628172636032104,7.913873112386227e-09,0.7816066145896912,0.8035048842430115,0.0,0.0,1.0,1.0,1.0,600,104704,28,9,4.382124423980713,1.254705963974754,-0.00910918042063713,0.004646155051887035,-0.0020904645789414644,0.9109180420637131,1.0,0.4370584487915039,-0.023984313011169434,0.45317962765693665,0.44469118118286133,-0.02105391025543213,0.45317962765693665,2,0.6954023241996765
1.0025025606155396,1.0025025606155396,1.0032660961151123,0.07494618743658066,1.0,1.0,1.0,0.0,0.0,289,104736,29,9,34.17198944091797,4.2503503077575955,0.006290894001722336,0.002132776193320751,-0.003029024228453636,0.6290894001722336,1.0,0.4345085620880127,-0.0341646671295166,0.4522410035133362,0.22513866424560547,-0.2947659492492676,0.4522410035133362,2,1.0
0.06932643055915833,7.913876665099906e-09,0.0012219479540362954,0.07123340666294098,0.0,0.0,1.0,1.0,1.0,600,105152,1,9,0.4318694770336151,4.011362842472495,0.005504219327121973,-0.009533565491437912,0.005495571531355381,0.9533565491437912,1.0,0.4351382255554199,-0.045185089111328125,0.460765540599823,0.4593038558959961,-0.035233497619628906,0.46076568961143494,2,0.0
0.05768485739827156,7.913875776921486e-09,0.0003262390091549605,0.06322433054447174,0.0,0.0,1.0,1.0,1.0,600,105152,11,9,0.49189120531082153,3.6037960631877257,0.0061426423490047455,0.00246504251845181,0.007842255756258965,0.7842255756258965,1.0,0.4381999969482422,-0.03209853172302246,0.4631122350692749,0.4599430561065674,-0.023234844207763672,0.46311232447624207,2,0.0
0.0200762040913105,7.913875776921486e-09,0.01664435863494873,0.09626095741987228,0.0,0.0,1.0,1.0,1.0,600,105344,22,9,0.3172529637813568,4.5616921013547564,0.0015492612728849053,0.006710015702992678,0.00507567822933197,0.6710015702992678,1.0,0.42792487144470215,-0.030437856912612915,0.4603457450866699,0.455349326133728,-0.01898995041847229,0.4603457748889923,2,0.0
9.277625940740108e-05,7.913876665099906e-09,0.0001291090011363849,0.03845532611012459,0.0,0.0,0.0,1.0,1.0,600,105408,30,9,0.975180447101593,2.1959307910382524,-0.005542177706956863,0.0006893473910167813,-0.0002699471660889685,0.5542177706956863,1.0,0.43494224548339844,-0.03024911880493164,0.455000102519989,0.4482574462890625,-0.025010108947753906,0.4550001323223114,2,0.0
1.0017437934875488,1.0017437934875488,1.001990795135498,0.032317474484443665,1.0,1.0,0.0,0.0,0.0,280,112704,13,10,35.25988006591797,1.8375070093883128,-0.006396749522536993,0.0036327973939478397,0.00836359802633524,0.8363598026335239,1.0,0.4362473487854004,-0.026415586471557617,0.46363365650177,0.2125110626220703,-0.29298830032348633,0.4636337161064148,2,1.0
1.0050524473190308,1.0050524473190308,1.0221613645553589,0.03848674148321152,1.0,1.0,0.0,0.0,0.0,287,112736,7,10,35.2721061706543,1.2248647607692624,-0.0019663884304463863,0.00530110951513052,0.004710571840405464,0.530110951513052,1.0,0.4443817138671875,-0.023257702589035034,0.45998063683509827,0.21668148040771484,-0.2925279438495636,0.4599806070327759,2,1.0
1.0025535821914673,1.0025535821914673,1.0190327167510986,0.029875051230192184,1.0,1.0,0.0,0.0,0.0,291,113024,3,10,35.50251007080078,0.7675263930026099,-0.002795170294120908,-0.00465611694380641,0.006616571918129921,0.6616571918129921,1.0,0.44632768630981445,-0.03212869167327881,0.4618866443634033,0.2160487174987793,-0.3015730381011963,0.46188652515411377,2,1.0
1.0033320188522339,1.0033320188522339,1.0172374248504639,0.03330151364207268,1.0,1.0,0.0,0.0,0.0,279,113152,18,10,35.67349624633789,1.1113196960069704,0.008973117917776108,0.005607678554952145,0.006984568201005459,0.8973117917776108,1.0,0.4560092091560364,-0.022679567337036133,0.4622545838356018,0.2277553677558899,-0.29159343242645264,0.4622545838356018,2,1.0
7.058796472847462e-05,7.913869559672548e-09,9.14120755624026e-05,0.036908410489559174,0.0,0.0,0.0,1.0,1.0,600,113408,10,10,0.9416894316673279,2.10945910204201,-0.007333982735872269,0.005063575226813555,0.009054267778992653,0.9054267778992653,1.0,0.4336707592010498,-0.025658607482910156,0.4643242359161377,0.44646620750427246,-0.02063608169555664,0.46432438492774963,2,0.0
0.435488224029541,7.913867783315709e-09,0.43690699338912964,0.44875267148017883,0.0,0.0,1.0,1.0,1.0,600,113536,4,10,3.0705482959747314,0.6787123760078763,0.007466604933142662,-2.4356553694815375e-05,0.003972737584263086,0.7466604933142662,1.0,0.45712947845458984,-0.02728891372680664,0.45924288034439087,0.46126604080200195,-0.025724411010742188,0.4592428505420685,2,0.28421053290367126
0.013040859252214432,7.913875776921486e-09,0.0053869872353971004,0.0898129865527153,0.0,0.0,1.0,1.0,1.0,600,113984,21,10,0.9351078867912292,4.837253522097981,-0.003347524907439947,0.0034878929145634174,0.007504758890718222,0.7504758890718222,1.0,0.4214015007019043,-0.03442120552062988,0.46277475357055664,0.45045268535614014,-0.02221202850341797,0.4627748429775238,2,0.0
0.002010965021327138,7.913876665099906e-09,0.0020252889953553677,0.037615422159433365,0.0,0.0,0.0,1.0,1.0,600,114048,15,10,0.9679691195487976,2.0391649295383543,0.0034198991488665342,-0.005196075886487961,-0.009154297411441803,0.9154297411441803,1.0,0.44484835863113403,-0.03574371337890625,0.44611573219299316,0.4572199881076813,-0.030895709991455078,0.4461158215999603,2,0.0
1.0032410621643066,1.0032410621643066,1.005030870437622,0.01857428066432476,1.0,1.0,0.0,0.0,0.0,273,114144,30,10,35.51995849609375,0.9616753739338686,-0.0014566087629646063,9.633432637201622e-05,-0.00624951021745801,0.624951021745801,1.0,0.4464869499206543,-0.027834415435791016,0.44902053475379944,0.21733331680297852,-0.2970714569091797,0.44902050495147705,2,1.0
0.015843143686652184,7.913875776921486e-09,0.01905278116464615,0.09482218325138092,0.0,0.0,1.0,1.0,1.0,600,114176,14,10,1.1050560474395752,4.341266102025989,-0.008466190658509731,0.0050624036230146885,0.007569252513349056,0.8466190658509731,1.0,0.41921329498291016,-0.03148221969604492,0.4628393054008484,0.44533419609069824,-0.02063751220703125,0.4628393352031708,2,0.0
0.26999449729919434,7.913875776921486e-09,0.272612601518631,0.30108723044395447,0.0,0.0,1.0,1.0,1.0,600,114272,6,10,2.0140931606292725,1.631482250481106,0.002492672996595502,-0.007723757531493902,0.0011697927257046103,0.7723757531493902,1.0,0.4463801383972168,-0.03726696968078613,0.4564398229122162,0.45629215240478516,-0.033423662185668945,0.45643988251686096,2,0.0
0.30498337745666504,7.913875776921486e-09,0.30504724383354187,0.3739541172981262,0.0,0.0,1.0,1.0,1.0,600,114304,16,10,1.4776759147644043,3.9480751633968034,0.0005056529771536589,-0.005208931397646666,0.007696713786572218,0.7696713786572218,1.0,0.430515855550766,-0.040689945220947266,0.4629667401313782,0.4543057382106781,-0.030908823013305664,0.46296682953834534,2,0.0
1.0040689706802368,1.0040689706802368,1.0041733980178833,0.009163026697933674,1.0,1.0,0.0,0.0,0.0,302,114368,28,10,35.45893478393555,0.5190171104059833,0.002089923247694969,-0.005763140507042408,0.009773596189916134,0.9773596189916134,1.0,0.4527249336242676,-0.03265500068664551,0.46504366397857666,0.22081422805786133,-0.30323314666748047,0.4650435447692871,2,0.8360655903816223
1.004642128944397,1.004642128944397,1.0117989778518677,0.014048093929886818,1.0,1.0,0.0,0.0,0.0,287,114528,22,10,35.63201141357422,0.39484037595289045,-0.0010218286188319325,0.006561724469065666,-0.004476618487387896,0.6561724469065666,1.0,0.4503694772720337,-0.0200423002243042,0.45079347491264343,0.21765804290771484,-0.2911176085472107,0.45079344511032104,2,1.0
0.034489911049604416,7.913876665099906e-09,0.034505002200603485,0.10689447820186615,0.0,0.0,1.0,1.0,1.0,600,114688,8,10,0.6403070688247681,4.147610175375441,0.004200189374387264,0.0011394578032195568,0.0011769189732149243,0.4200189374387264,1.0,0.4330263137817383,-0.03487956523895264,0.45644694566726685,0.45799970626831055,-0.02456057071685791,0.456447035074234,2,0.0
0.2661241888999939,7.913876665099906e-09,0.2714080810546875,0.3478412926197052,0.0,0.0,1.0,1.0,1.0,600,115200,0,10,0.5625283122062683,4.379297449098266,-0.009805882349610329,0.007035444024950266,-0.008104239590466022,0.9805882349610329,1.0,0.4176478385925293,-0.029613494873046875,0.4471657872200012,0.44399356842041016,-0.018663883209228516,0.4471658766269684,2,0.0
0.11941099911928177,7.913874888743067e-09,0.11229713261127472,0.18269909918308258,0.0,0.0,1.0,1.0,1.0,600,115200,9,10,1.3517940044403076,4.033735553985696,-0.006044330541044474,-0.0025626218412071466,-0.006988964043557644,0.6988964043557644,1.0,0.42345762252807617,-0.03827404975891113,0.44828110933303833,0.4477553367614746,-0.02826237678527832,0.4482811391353607,2,0.0
0.30765241384506226,7.913875776921486e-09,0.3076862096786499,0.3351310193538666,0.0,0.0,1.0,1.0,1.0,600,115200,12,10,2.5968451499938965,1.5724731513118981,-0.008960590697824955,-0.004187786020338535,-0.004291665740311146,0.8960590697824955,1.0,0.435283899307251,-0.03358694911003113,0.45097842812538147,0.4448397159576416,-0.029887735843658447,0.45097842812538147,2,0.0
0.02897489070892334,7.913876665099906e-09,0.0007981992675922811,0.05329956114292145,0.0,0.0,1.0,1.0,1.0,600,115200,19,10,0.8599562644958496,3.008105810480118,0.005497211590409279,0.0008290859404951334,-0.00980583019554615,0.980583019554615,1.0,0.44110938906669617,-0.03217506408691406,0.44546419382095337,0.4592973291873932,-0.024870872497558594,0.44546428322792053,2,0.0
0.012289779260754585,7.913878441456745e-09,0.017439095303416252,0.08391515910625458,0.0,0.0,1.0,1.0,1.0,600,115200,20,10,1.3086146116256714,3.808798214710135,-0.009667133912444115,0.0024585004430264235,0.008442001417279243,0.9667133912444115,1.0,0.42117035388946533,-0.032649993896484375,0.46371203660964966,0.444132924079895,-0.023241043090820312,0.4637121260166168,2,0.0
0.7167096138000488,7.913875776921486e-09,0.7168911695480347,0.7855344414710999,0.0,0.0,1.0,1.0,1.0,600,115200,27,10,2.9540176391601562,3.932975322689198,0.007093076594173908,-0.0019739337731152773,0.0015887562185525894,0.7093076594173908,1.0,0.4371933937072754,-0.03741469979286194,0.45685887336730957,0.4608933925628662,-0.0276738703250885,0.4568588435649872,2,0.42675158381462097
0.10259941965341568,7.913876665099906e-09,0.022288374602794647,0.10264866054058075,0.0,0.0,1.0,1.0,1.0,600,115200,31,10,-0.220053568482399,4.60430351715235,0.007672120351344347,0.0023237576242536306,-0.009850920177996159,0.9850920177996159,1.0,0.4337954521179199,-0.03494143486022949,0.4454190731048584,0.4614715576171875,-0.0233762264251709,0.44541916251182556,2,0.0
0.042713720351457596,7.913875776921486e-09,0.0006273802137002349,0.044302698224782944,0.0,0.0,0.0,1.0,1.0,600,115584,25,10,0.5726184844970703,2.502411410937068,-0.006796626839786768,0.0017441356321796775,0.004324082750827074,0.6796626839786768,1.0,0.43184614181518555,-0.02996540069580078,0.45959413051605225,0.4470036029815674,-0.023955345153808594,0.45959416031837463,2,0.0
1.004852533340454,1.004852533340454,1.0139825344085693,0.04376200586557388,1.0,1.0,0.0,0.0,0.0,286,121856,13,11,35.04475402832031,1.9842591732347374,-0.005992252845317125,0.004440274089574814,-0.003941413015127182,0.5992252845317125,1.0,0.43576693534851074,-0.0259706974029541,0.45132869482040405,0.21267127990722656,-0.2933155298233032,0.4513286352157593,2,1.0
0.06848447769880295,7.913875776921486e-09,0.023174859583377838,0.0922946110367775,0.0,0.0,1.0,1.0,1.0,600,121888,26,11,0.5264878273010254,3.960272173707154,-0.007479922845959663,0.003176980884745717,-0.007800645660609007,0.7800645660609007,1.0,0.4224576950073242,-0.032337188720703125,0.4474693536758423,0.4463202953338623,-0.022522926330566406,0.44746944308280945,2,0.0
1.0031828880310059,1.0031828880310059,1.0076371431350708,0.036258868873119354,1.0,1.0,0.0,0.0,0.0,292,122080,7,11,35.15005111694336,1.822272912774834,-0.0053482684306800365,-0.0013949684798717499,0.0011987609323114157,0.5348268430680037,1.0,0.43738746643066406,-0.031405895948410034,0.45646876096725464,0.21344614028930664,-0.29854148626327515,0.45646876096725464,2,1.0
1.0051863193511963,1.0051863193511963,1.0241727828979492,0.05153408646583557,1.0,1.0,1.0,0.0,0.0,291,122336,3,11,36.05380630493164,1.8648416398901155,-0.00910289864987135,0.00971646886318922,-0.00694339768961072,0.971646886318922,1.0,0.43337583541870117,-0.02039921283721924,0.4483265280723572,0.2095341682434082,-0.2881615161895752,0.44832658767700195,2,1.0
1.0064514875411987,1.0064514875411987,1.006923794746399,0.037149492651224136,1.0,1.0,0.0,0.0,0.0,281,122400,10,11,34.839935302734375,2.101447717032408,0.0009576163138262928,0.0005461021792143583,-0.001687624491751194,0.1687624491751194,1.0,0.44201111793518066,-0.03015613555908203,0.4535823464393616,0.2194967269897461,-0.2977938652038574,0.4535823464393616,2,1.0
0.07558713108301163,7.913876665099906e-09,0.00021149283566046506,0.08074701577425003,0.0,0.0,1.0,1.0,1.0,600,122528,5,11,0.2935967743396759,4.614345175892738,-0.0008316244347952306,0.007777696009725332,-0.00972660817205906,0.9726608172059059,1.0,0.4252328872680664,-0.029514789581298828,0.44554346799850464,0.45296812057495117,-0.017921924591064453,0.445543497800827,2,0.0
0.7618337869644165,7.913876665099906e-09,0.7621374726295471,0.7862973213195801,0.0,0.0,1.0,1.0,1.0,600,123360,24,11,3.9593300819396973,1.3842508535895066,0.0069947377778589725,-0.0012997464509680867,-0.009475196711719036,0.9475196711719036,1.0,0.45237767696380615,-0.030242443084716797,0.44579485058784485,0.4607948064804077,-0.026999711990356445,0.4457949101924896,2,0.27840909361839294
0.03399454057216644,7.913873112386227e-09,0.00013747968478128314,0.08228333294391632,0.0,0.0,1.0,1.0,1.0,600,123424,17,11,0.5577888488769531,4.7066124938431475,0.007237538229674101,0.006048215087503195,0.0008660723106004298,0.7237538229674101,1.0,0.4327571392059326,-0.031498879194259644,0.4561361074447632,0.46103766560554504,-0.019651740789413452,0.45613619685173035,2,0.0
1.003156065940857,1.003156065940857,1.0111799240112305,0.04580138996243477,1.0,1.0,0.0,0.0,0.0,285,123488,28,11,34.965782165527344,2.164493991609622,-0.006997332442551851,0.004745360929518938,-0.003875570837408304,0.6997332442551851,1.0,0.43367648124694824,-0.02611398696899414,0.4513944983482361,0.21179890632629395,-0.29239165782928467,0.45139437913894653,2,1.0
1.0022510290145874,1.0022510290145874,1.0034079551696777,0.020888639613986015,1.0,1.0,0.0,0.0,0.0,281,123520,22,11,35.12479019165039,1.1305394214445632,-0.008985408581793308,-0.008270176127552986,-0.003946446347981691,0.8985408581793308,1.0,0.4379342794418335,-0.036603182554244995,0.45132362842559814,0.20988178253173828,-0.30507662892341614,0.4513235092163086,2,1.0
0.017622623592615128,7.913875776921486e-09,2.9968136004754342e-05,0.01995101012289524,0.0,0.0,0.0,1.0,1.0,600,123648,23,11,1.2079503536224365,1.1413920584271846,-0.007396277505904436,0.008865976706147194,-0.002615158911794424,0.8865976706147194,1.0,0.43945765495300293,-0.019492745399475098,0.4526548683643341,0.4464038610458374,-0.016833901405334473,0.4526549279689789,2,0.0
0.005768531002104282,7.913876665099906e-09,0.00031130926799960434,0.04643240571022034,0.0,0.0,0.0,1.0,1.0,600,123776,2,11,1.0525295734405518,2.6425453349211616,-0.003608369268476963,0.0030051979701966047,-0.004069317597895861,0.40693175978958607,1.0,0.43419361114501953,-0.02906051278114319,0.4512007236480713,0.4501914978027344,-0.02269473671913147,0.4512007534503937,2,0.0
0.07562507688999176,7.913875776921486e-09,0.08314287662506104,0.13110873103141785,0.0,0.0,1.0,1.0,1.0,600,123936,29,11,1.0219907760620117,2.74823995100617,-0.0064161685295403,-0.0005267883534543216,-0.006950288079679012,0.6950288079679012,1.0,0.4307518005371094,-0.03286266326904297,0.44831979274749756,0.4473841190338135,-0.02622675895690918,0.44831982254981995,2,0.0714285746216774
1.001486897468567,1.001486897468567,1.0015010833740234,0.055650744587183,1.0,1.0,1.0,0.0,0.0,281,124192,9,11,34.34791564941406,3.1877367974436916,0.004485218320041895,0.0015749760204926133,-0.00805889256298542,0.805889256298542,1.0,0.439023494720459,-0.03189539909362793,0.4472110867500305,0.22341251373291016,-0.2949531078338623,0.4472111463546753,2,1.0
1.0037996768951416,1.0037996768951416,1.003940224647522,0.0283556766808033,1.0,1.0,0.0,0.0,0.0,281,124192,31,11,35.616058349609375,1.6166099404502263,0.007641291245818138,0.004614920821040869,-0.005138165317475796,0.7641291245818138,1.0,0.45161914825439453,-0.02489185333251953,0.4501318335533142,0.22638702392578125,-0.2927570343017578,0.45013177394866943,2,1.0
0.4113568663597107,7.913871336029388e-09,0.41247326135635376,0.458597332239151,0.0,0.0,1.0,1.0,1.0,600,124352,1,11,2.540743827819824,2.6427182240845277,0.001539732562378049,0.002487014513462782,-0.0036562441382557154,0.36562441382557154,1.0,0.43934059143066406,-0.02957916259765625,0.4516138434410095,0.4553394317626953,-0.023212909698486328,0.4516138732433319,2,0.3372093141078949
1.0677085811039433e-06,7.913875776921486e-09,5.872534529771656e-06,0.01185531448572874,0.0,0.0,0.0,1.0,1.0,600,124352,11,11,1.7952228784561157,0.6789232580985004,0.002272753743454814,-0.0024552051909267902,0.0053939432837069035,0.5393943283706903,1.0,0.451934814453125,-0.029720067977905273,0.4606640636920929,0.4560730457305908,-0.028155088424682617,0.4606640636920929,2,0.0
1.0043939352035522,1.0043939352035522,1.0127131938934326,0.06067721173167229,1.0,1.0,1.0,0.0,0.0,277,124448,25,11,34.35948181152344,2.999891867672943,0.009462564252316952,-0.007066332269459963,-0.003561697667464614,0.9462564252316952,1.0,0.44512367248535156,-0.040049076080322266,0.4517083168029785,0.22816157341003418,-0.3046550750732422,0.4517083764076233,2,1.0
1.0040109157562256,1.0040109157562256,1.0040853023529053,0.06192048266530037,1.0,1.0,1.0,0.0,0.0,285,131200,7,11,34.467857360839844,3.54351921687554,0.003530130023136735,0.006088539492338896,-9.918462455971166e-05,0.6088539492338896,1.0,0.435945987701416,-0.028315454721450806,0.45517081022262573,0.2222590446472168,-0.29136019945144653,0.45517081022262573,2,1.0
1.0013108253479004,1.0013108253479004,1.00178861618042,0.0517122708261013,1.0,1.0,1.0,0.0,0.0,276,131232,10,11,34.428096771240234,2.9355175481889844,0.0029705443885177374,0.003681756090372801,-0.005974401719868183,0.5974401719868183,1.0,0.43901705741882324,-0.02913522720336914,0.44929569959640503,0.22191214561462402,-0.2927818298339844,0.4492955803871155,2,1.0
1.0053515434265137,1.0053515434265137,1.0055503845214844,0.03781544789671898,1.0,1.0,0.0,0.0,0.0,268,132000,17,11,35.06474304199219,2.155265979154112,0.00264053069986403,0.007168027106672525,-0.0028771436773240566,0.7168027106672525,1.0,0.44336986541748047,-0.023668497800827026,0.4523928761482239,0.22126492857933044,-0.29077044129371643,0.4523928761482239,2,1.0
1.0010488033294678,1.0010488033294678,1.0015296936035156,0.05932784080505371,1.0,1.0,1.0,0.0,0.0,276,132192,24,11,34.1851692199707,3.371678700990601,0.006578276865184307,0.00013707898324355483,-0.00588366761803627,0.6578276865184307,1.0,0.4400186538696289,-0.03381490707397461,0.4493863582611084,0.2255406379699707,-0.2962310314178467,0.4493863582611084,2,1.0
0.01940285600721836,7.913875776921486e-09,0.004002161789685488,0.07001777738332748,0.0,0.0,1.0,1.0,1.0,600,132352,18,11,1.2121635675430298,3.782415328380491,-0.004915525205433369,0.00018747411377262324,-0.004862114787101746,0.49155252054333687,1.0,0.4260789453983307,-0.0348505973815918,0.4504079818725586,0.4488845765590668,-0.02551257610321045,0.450408011674881,2,0.0
0.01566549949347973,7.913875776921486e-09,0.014875399880111217,0.08560362458229065,0.0,0.0,1.0,1.0,1.0,600,132736,4,11,1.0319541692733765,4.052428501083551,-0.003988557029515505,0.005862458609044552,-6.411521462723613e-05,0.5862458609044552,1.0,0.4254016876220703,-0.029900074005126953,0.4552059769630432,0.4498109817504883,-0.01983785629272461,0.4552060067653656,2,0.0
1.0033538341522217,1.0033538341522217,1.0041940212249756,0.044549643993377686,1.0,1.0,0.0,0.0,0.0,288,132864,23,11,34.77891540527344,2.504366552586984,-0.0006532151019200683,0.0016687811585143209,-0.007935059256851673,0.7935059256851673,1.0,0.43797779083251953,-0.03004586696624756,0.44733500480651855,0.21812748908996582,-0.2955402135848999,0.44733506441116333,2,0.9940119981765747
0.017441634088754654,7.913876665099906e-09,0.00026032220921479166,0.07195501029491425,0.0,0.0,1.0,1.0,1.0,600,133184,21,11,0.6996315121650696,4.107803832892606,0.0006528636440634727,0.003078618785366416,0.0033431334886699915,0.33431334886699915,1.0,0.42971527576446533,-0.032833099365234375,0.45861315727233887,0.45445311069488525,-0.02262139320373535,0.45861324667930603,2,0.0
0.019102146849036217,7.913875776921486e-09,0.001985780196264386,0.06802967935800552,0.0,0.0,1.0,1.0,1.0,600,133248,15,11,0.4136289358139038,3.784037071421546,0.0076210107654333115,0.009580224752426147,0.003630833001807332,0.9580224752426147,1.0,0.4386058449745178,-0.02546215057373047,0.4589008688926697,0.46142110228538513,-0.01611948013305664,0.45890095829963684,2,0.0
0.6771713495254517,7.913875776921486e-09,0.6771799325942993,0.7557207942008972,0.0,0.0,1.0,1.0,1.0,600,133344,30,11,2.431556224822998,4.500059889379146,0.00996412429958582,-0.0025531891733407974,-0.0025887535884976387,0.9964124299585819,1.0,0.4367036819458008,-0.039531707763671875,0.452681303024292,0.4637637138366699,-0.028252601623535156,0.4526813328266144,2,0.22758620977401733
0.1251658797264099,7.913875776921486e-09,0.12528902292251587,0.194720059633255,0.0,0.0,1.0,1.0,1.0,600,133376,14,11,1.1206867694854736,3.978102382535472,-0.00484622223302722,0.005597147159278393,0.008842616342008114,0.8842616342008114,1.0,0.424985408782959,-0.029964923858642578,0.46411263942718506,0.44895410537719727,-0.020102977752685547,0.4641127288341522,2,0.0
0.002389464993029833,7.913876665099906e-09,0.0026701283641159534,0.05794419348239899,0.0,0.0,1.0,1.0,1.0,600,133472,6,11,1.0421903133392334,3.166970674489326,-0.004638425540179014,-0.0017355928430333734,0.007107955403625965,0.7107955403625965,1.0,0.4300241470336914,-0.03515195846557617,0.46237802505493164,0.4491610527038574,-0.0274355411529541,0.46237805485725403,2,0.0
0.686164915561676,7.913875776921486e-09,0.6862508058547974,0.7075145840644836,0.0,0.0,1.0,1.0,1.0,600,133504,16,11,3.9940075874328613,1.2183246411955637,-0.009125039912760258,-0.0017620795406401157,0.009196983650326729,0.9196983650326729,1.0,0.43726253509521484,-0.03030538558959961,0.46446701884269714,0.4446750581264496,-0.027462005615234375,0.4644670784473419,2,0.3294117748737335
0.7346014380455017,7.913875776921486e-09,0.7348586916923523,0.7620641589164734,0.0,0.0,1.0,1.0,1.0,600,133888,8,11,4.239943981170654,1.5587595188406878,-0.008589304983615875,0.009047681465744972,0.0015075214905664325,0.9047681465744972,1.0,0.43573856353759766,-0.020318031311035156,0.4567776024341583,0.44521045684814453,-0.016652226448059082,0.4567776024341583,2,0.6529411673545837
0.07399847358465195,7.913876665099906e-09,6.463330646511167e-05,0.07904431968927383,0.0,0.0,1.0,1.0,1.0,600,134400,0,11,0.35505959391593933,4.52520010816667,-0.007616311777383089,0.005841886159032583,0.0007303737802430987,0.7616311777383089,1.0,0.4189743995666504,-0.03120565414428711,0.4560003876686096,0.4461832046508789,-0.019857406616210938,0.4560004770755768,2,0.0
0.295468270778656,7.91386689513729e-09,0.2957828938961029,0.32489266991615295,0.0,0.0,1.0,1.0,1.0,600,134400,12,11,2.2582321166992188,1.6678692295107027,-0.005367623176425695,-0.005690166261047125,-7.792613905621693e-05,0.5690166261047125,1.0,0.43830060958862305,-0.0353219211101532,0.45519208908081055,0.44843268394470215,-0.031390100717544556,0.4551921784877777,2,0.0
0.0018710291478782892,7.913868671494129e-09,1.1760846973629668e-05,0.03706328943371773,0.0,0.0,0.0,1.0,1.0,600,134400,19,11,1.284265398979187,2.1228972857905983,0.0062093897722661495,-0.00101206183899194,0.005354973021894693,0.620938977226615,1.0,0.4471335709095001,-0.031767845153808594,0.4606249928474426,0.46000948548316956,-0.02671194076538086,0.4606250822544098,2,0.0
0.14222604036331177,7.913876665099906e-09,0.1408374160528183,0.2059849351644516,0.0,0.0,1.0,1.0,1.0,600,134400,20,11,1.4842079877853394,3.7326757564103428,-0.00823760125786066,-0.0069842347875237465,-0.005589183885604143,0.823760125786066,1.0,0.4230525493621826,-0.04189014434814453,0.44968080520629883,0.445562481880188,-0.0326838493347168,0.449680894613266,2,0.0
0.41493499279022217,7.913868671494129e-09,0.4368557333946228,0.4516008198261261,0.0,0.0,1.0,1.0,1.0,600,134400,27,11,2.982653856277466,0.8448416798079212,0.0076273586601018906,-0.007332882843911648,-0.003242522245272994,0.7627358660101891,1.0,0.4562809467315674,-0.034987568855285645,0.45202746987342834,0.4614276885986328,-0.03303283452987671,0.4520275890827179,2,0.2929292917251587
1.0001215934753418,1.0001215934753418,1.0004085302352905,0.019229574128985405,1.0,1.0,0.0,0.0,0.0,289,140448,7,11,35.31988525390625,1.0853321068755413,0.000704627251252532,0.003737702965736389,0.004920460283756256,0.4920460283756256,1.0,0.44789791107177734,-0.024487465620040894,0.46019041538238525,0.2197403907775879,-0.29229193925857544,0.46019041538238525,2,1.0
0.6220362186431885,7.913875776921486e-09,0.6734775900840759,0.6882417798042297,0.0,0.0,1.0,1.0,1.0,600,141056,13,11,4.003969192504883,0.8459225572440757,-0.0031946126837283373,-0.009926524944603443,0.008464585058391094,0.9926524944603443,1.0,0.4454524517059326,-0.03758394718170166,0.4637347161769867,0.4506056308746338,-0.03562653064727783,0.4637346565723419,2,0.6772152185440063
0.3208099603652954,7.913875776921486e-09,0.32085373997688293,0.3397604823112488,0.0,0.0,1.0,1.0,1.0,600,141088,26,11,2.431182861328125,1.0832756863268385,-0.005694097373634577,-0.009610098786652088,0.008516228757798672,0.9610098786652088,1.0,0.4415125846862793,-0.037830352783203125,0.463786244392395,0.4481062889099121,-0.03531002998352051,0.4637863337993622,2,0.0
0.7196477651596069,7.913875776921486e-09,0.7197407484054565,0.7421594262123108,0.0,0.0,1.0,1.0,1.0,600,141536,3,11,4.019928932189941,1.2844949802661183,0.004898104351013899,-0.0024552117101848125,-0.009255568496882915,0.9255568496882915,1.0,0.4508848190307617,-0.031157374382019043,0.44601449370384216,0.4586977958679199,-0.028155207633972168,0.44601455330848694,2,0.3333333432674408
0.000583358749281615,7.913876665099906e-09,0.0006097747245803475,0.03440912440419197,0.0,0.0,0.0,1.0,1.0,600,141728,5,11,1.399695634841919,1.9365601202791303,-0.008871390484273434,-0.0034245296847075224,0.001018637791275978,0.8871390484273434,1.0,0.43317508697509766,-0.03371763229370117,0.4562886953353882,0.4449281692504883,-0.02912425994873047,0.45628872513771057,2,0.0
0.04227827116847038,7.913876665099906e-09,1.383766812068643e-05,0.04545668512582779,0.0,0.0,0.0,1.0,1.0,600,142688,28,11,0.6139242649078369,2.603683266091082,-0.0004377863951958716,0.0074853114783763885,-0.0093345632776618,0.93345632776618,1.0,0.43759679794311523,-0.024481534957885742,0.4459354877471924,0.45336246490478516,-0.01821458339691162,0.44593551754951477,2,0.0
0.07362730801105499,7.913875776921486e-09,4.872922727372497e-05,0.07814062386751175,0.0,0.0,1.0,1.0,1.0,600,142720,22,11,0.09262772649526596,4.474336543191232,-0.0009486881317570806,0.002214699285104871,0.005786087363958359,0.5786087363958359,1.0,0.42594313621520996,-0.034693390130996704,0.461056113243103,0.45285141468048096,-0.023485273122787476,0.4610562026500702,2,0.0
0.03431691601872444,7.913875776921486e-09,0.011138096451759338,0.09664077311754227,0.0,0.0,1.0,1.0,1.0,600,142976,2,11,0.7701762318611145,4.8989416562474215,-5.069195685791783e-05,0.00950575340539217,-0.004252162761986256,0.950575340539217,1.0,0.4243350028991699,-0.028574436902999878,0.4510178565979004,0.4537487030029297,-0.016194194555282593,0.45101794600486755,2,0.0
1.0011439323425293,1.0011439323425293,1.0012539625167847,0.022809818387031555,1.0,1.0,0.0,0.0,0.0,272,143104,19,11,35.21531295776367,1.300603234371653,-0.009303310886025429,0.0011934657813981175,-0.004389243200421333,0.9303310886025429,1.0,0.4365859627723694,-0.027547359466552734,0.4508807957172394,0.2096514105796814,-0.2952086925506592,0.45088082551956177,2,1.0
0.3067985773086548,7.913875776921486e-09,0.30680903792381287,0.3637372851371765,0.0,0.0,1.0,1.0,1.0,600,143136,29,11,1.6517555713653564,3.2617418971007797,-0.002844561357051134,-0.007727428339421749,-0.009721890091896057,0.9721890091896057,1.0,0.43125176429748535,-0.04139089584350586,0.4455481171607971,0.4509556293487549,-0.03342723846435547,0.4455482065677643,2,0.0
1.003269910812378,1.003269910812378,1.0235521793365479,0.020685268566012383,1.0,1.0,0.0,0.0,0.0,292,143232,8,11,35.78936004638672,0.023089074293151258,-0.003758418606594205,0.0009461912559345365,0.00538264587521553,0.538264587521553,1.0,0.44990062713623047,-0.024805903434753418,0.46065279841423035,0.2150287628173828,-0.29623186588287354,0.4606527090072632,2,1.0
0.026542052626609802,7.913876665099906e-09,0.003042700234800577,0.03232420235872269,0.0,0.0,0.0,1.0,1.0,600,143392,9,11,1.5773664712905884,1.6777067296279309,-0.00851966068148613,-0.008800125680863857,0.002569681964814663,0.8800125680863857,1.0,0.435089111328125,-0.038455963134765625,0.4578396677970886,0.4452800750732422,-0.0344998836517334,0.4578397572040558,2,0.0
0.1756163239479065,0.1756163239479065,0.18376238644123077,0.09152459353208542,0.10062797919221647,0.0,1.0,0.0,1.0,600,143392,31,11,4.965386390686035,4.777239638068841,-0.00866690929979086,0.004578599706292152,-0.009420122019946575,0.9420122019946575,1.0,0.41643619537353516,-0.033164024353027344,0.4458499550819397,0.3859825134277344,-0.04921722412109375,0.4458499550819397,2,0.0
0.004550183657556772,7.913876665099906e-09,0.007073736283928156,0.031223013997077942,0.0,0.0,0.0,1.0,1.0,600,143552,1,11,1.5409979820251465,1.3836518246549552,0.0018120098393410444,-0.006788239348679781,-0.005966134835034609,0.6788239348679781,1.0,0.44719886779785156,-0.035729169845581055,0.44930392503738403,0.4556117057800293,-0.032488107681274414,0.4493039548397064,2,0.0
0.6799691319465637,7.913875776921486e-09,0.6802664399147034,0.694365918636322,0.0,0.0,1.0,1.0,1.0,600,143552,11,11,4.41706657409668,0.8078503891193372,0.0012078492436558008,-0.0012625808594748378,-0.0014778563054278493,0.14778563054278493,1.0,0.4500861167907715,-0.028830528259277344,0.45379218459129333,0.45500826835632324,-0.0269625186920166,0.4537922441959381,2,0.5878787636756897
0.08192853629589081,7.913875776921486e-09,0.00958494283258915,0.08428764343261719,0.0,0.0,1.0,1.0,1.0,600,143648,25,11,0.18645316362380981,4.280149569332715,0.008214482106268406,0.006857868749648333,0.008031105622649193,0.8214482106268406,1.0,0.43625569343566895,-0.029520511627197266,0.4633011817932129,0.46201491355895996,-0.01884174346923828,0.4633012115955353,2,0.0
1.0018165111541748,1.0018165111541748,1.0024579763412476,0.015256348066031933,1.0,1.0,0.0,0.0,0.0,295,149888,7,11,35.444427490234375,0.8373683856388695,0.0029022200033068657,-0.004154900088906288,0.009155160747468472,0.9155160747468472,1.0,0.4516005516052246,-0.03179216384887695,0.46442514657974243,0.2218031883239746,-0.3008027970790863,0.4644252061843872,2,0.977142870426178
0.8192486763000488,7.913876665099906e-09,0.8193095326423645,0.8271327018737793,0.0,0.0,1.0,1.0,1.0,600,150432,10,12,4.598065376281738,0.4482268954138555,0.009034093469381332,-0.006914072670042515,-0.002612974029034376,0.9034093469381332,1.0,0.4600999355316162,-0.033641815185546875,0.4526570737361908,0.46283435821533203,-0.03261375427246094,0.45265713334083557,2,0.4791666567325592
0.25763216614723206,7.913875776921486e-09,0.262605220079422,0.2969343960285187,0.0,0.0,1.0,1.0,1.0,600,151200,17,12,2.139738082885742,1.9669179632623097,-0.0009874561801552773,-0.00968495849519968,-0.0007471243152394891,0.968495849519968,1.0,0.44087642431259155,-0.040052950382232666,0.454522967338562,0.45281264185905457,-0.035384923219680786,0.4545229971408844,2,0.0
0.0004260401474311948,7.913876665099906e-09,0.0004387061344459653,0.024162130430340767,0.0,0.0,0.0,1.0,1.0,600,151392,24,12,1.3214399814605713,1.3592523612272598,-0.0005109741468913853,-0.0060217659920454025,-0.009393516927957535,0.9393516927957535,1.0,0.44502317905426025,-0.03490400314331055,0.4458765387535095,0.4532891511917114,-0.03172159194946289,0.4458765685558319,2,0.0
1.0012831687927246,1.0012831687927246,1.0016062259674072,0.048832010477781296,1.0,1.0,0.0,0.0,0.0,274,151488,22,12,34.9632682800293,2.7793553046569865,0.0018398505635559559,0.007717793341726065,-0.001517417491413653,0.7717793341726065,1.0,0.43882131576538086,-0.024697542190551758,0.4537525773048401,0.22078371047973633,-0.2887357771396637,0.45375263690948486,2,1.0
4.284183432901045e-06,7.913875776921486e-09,1.6403220797656104e-05,0.016165385022759438,0.0,0.0,0.0,1.0,1.0,600,151552,18,12,1.2699748277664185,0.9252686513887023,0.002723969053477049,0.004622957669198513,0.006031920202076435,0.6031920202076435,1.0,0.4508891701698303,-0.023221850395202637,0.4613020718097687,0.4565241038799286,-0.02107703685760498,0.4613020122051239,2,0.0
0.7324305176734924,7.913876665099906e-09,0.7661054730415344,0.8108578324317932,0.0,0.0,1.0,1.0,1.0,600,151936,4,12,3.9637818336486816,2.5641260120695413,-0.006673754192888737,0.009235292673110962,0.004085642751306295,0.9235292673110962,1.0,0.4315981864929199,-0.022630929946899414,0.4593557119369507,0.4471259117126465,-0.016464710235595703,0.45935574173927307,2,0.7222222089767456
1.0061278343200684,1.0061278343200684,1.0112415552139282,0.026650724932551384,1.0,1.0,0.0,0.0,0.0,291,152000,28,12,35.020389556884766,1.2339753793484132,0.003823519218713045,0.0014579216949641705,0.008443623781204224,0.8443623781204224,1.0,0.4501163959503174,-0.02712273597717285,0.4637136459350586,0.22238779067993164,-0.29676389694213867,0.4637136459350586,2,0.8465909361839294
0.17191269993782043,7.913876665099906e-09,0.17911843955516815,0.20896105468273163,0.0,0.0,1.0,1.0,1.0,600,152064,23,12,2.0435566902160645,1.7098562166077693,-0.007460054941475391,0.00592801021412015,-0.00510036014020443,0.7460054941475391,1.0,0.4359544515609741,-0.023806452751159668,0.4501696825027466,0.4463402032852173,-0.019771933555603027,0.45016971230506897,2,0.7368420958518982
1.0004515647888184,1.0004515647888184,1.010542869567871,0.01143144816160202,1.0,1.0,0.0,0.0,0.0,280,152352,9,12,36.14056396484375,0.07678545355674614,0.008889846503734589,0.0014422578969970345,-0.006835630163550377,0.8889846503734589,1.0,0.4622206687927246,-0.02443218231201172,0.448434442281723,0.22789955139160156,-0.2947077751159668,0.44843435287475586,2,1.0
0.2458762526512146,7.913875776921486e-09,0.27418315410614014,0.325848251581192,0.0,0.0,1.0,1.0,1.0,600,152384,21,12,1.7085975408554077,2.96019224689589,-0.00344153237529099,-0.008277462795376778,0.009236766956746578,0.9236766956746578,1.0,0.43245744705200195,-0.04115772247314453,0.4645068645477295,0.4503587484359741,-0.03397727012634277,0.4645068347454071,2,0.0
0.8862770199775696,7.913876665099906e-09,0.8863742351531982,0.8997668623924255,0.0,0.0,1.0,1.0,1.0,600,152448,15,12,4.849197864532471,0.7673355212318198,0.006699658930301666,0.005523438099771738,0.007208975497633219,0.7208975497633219,1.0,0.4558241069316864,-0.021948814392089844,0.46247902512550354,0.4604997932910919,-0.020175933837890625,0.4624790847301483,2,0.5693069100379944
0.04730701819062233,7.913868671494129e-09,1.489494025008753e-05,0.05334167554974556,0.0,0.0,1.0,1.0,1.0,600,152544,30,12,0.7515909671783447,3.0553999612839906,-0.008428034372627735,-0.004874746315181255,0.008299123495817184,0.8428034372627735,1.0,0.42690134048461914,-0.03800153732299805,0.46356910467147827,0.4453716278076172,-0.030574321746826172,0.46356919407844543,2,0.0
0.6621218323707581,7.913876665099906e-09,0.6999201774597168,0.755642294883728,0.0,0.0,1.0,1.0,1.0,600,152576,14,12,2.693800210952759,3.1926408732677607,-0.001244395854882896,-0.007443937472999096,0.0011370104039087892,0.7443937472999096,1.0,0.43326497077941895,-0.04092741012573242,0.4564071297645569,0.45255589485168457,-0.03314375877380371,0.4564070999622345,2,0.18918919563293457
0.09401603043079376,7.913875776921486e-09,0.10016903281211853,0.18586334586143494,0.0,0.0,1.0,1.0,1.0,600,152672,6,12,1.042116641998291,4.909922039111863,-0.0035250321961939335,-0.006329303607344627,0.002375200390815735,0.6329303607344627,1.0,0.4207954406738281,-0.04443979263305664,0.4576452970504761,0.4502744674682617,-0.032029151916503906,0.45764532685279846,2,0.0
0.002644692314788699,7.913876665099906e-09,0.0035655179526656866,0.020711537450551987,0.0,0.0,0.0,1.0,1.0,600,152704,16,12,1.6498152017593384,0.9823945393376907,0.0013847360387444496,-0.005605227779597044,-0.00818102527409792,0.818102527409792,1.0,0.44920313358306885,-0.033585309982299805,0.4470890164375305,0.45518484711647034,-0.03130507469177246,0.4470890462398529,2,0.0
1.003661036491394,1.003661036491394,1.0039973258972168,0.024848338216543198,1.0,1.0,0.0,0.0,0.0,288,152768,11,12,35.27544403076172,1.4044388650636543,0.0010399481980130076,0.002786278026178479,-0.0038519406225532293,0.38519406225532293,1.0,0.4463005065917969,-0.02620530128479004,0.45141810178756714,0.21979618072509766,-0.29453492164611816,0.45141804218292236,2,1.0
1.0000581741333008,1.0000581741333008,1.0003571510314941,0.014922688715159893,1.0,1.0,0.0,0.0,0.0,289,152800,1,12,35.38615417480469,0.8378755805455959,0.0005036728689447045,0.0012900927104055882,0.0037306291051208973,0.37306291051208973,1.0,0.44919919967651367,-0.026348114013671875,0.45900073647499084,0.2195444107055664,-0.29471659660339355,0.4590006470680237,2,1.0
0.03273008018732071,7.913876665099906e-09,4.366155917523429e-05,0.052926138043403625,0.0,0.0,1.0,1.0,1.0,600,153600,0,12,1.103378176689148,3.0299434193605297,0.009895036928355694,-0.003411822021007538,-0.0065863365307450294,0.9895036928355694,1.0,0.4453763961791992,-0.036472320556640625,0.4486836791038513,0.46369457244873047,-0.029111385345458984,0.4486837685108185,2,0.0
0.031957149505615234,7.913875776921486e-09,0.0027697128243744373,0.07625166326761246,0.0,0.0,1.0,1.0,1.0,600,153600,12,12,0.4903689920902252,4.210205870910846,0.004710694309324026,0.0024240983184427023,0.003046503523364663,0.4710694309324026,1.0,0.43316650390625,-0.033764392137527466,0.4583166241645813,0.4585111141204834,-0.02327585220336914,0.4583165943622589,2,0.0
0.058782994747161865,7.913876665099906e-09,0.00013545686670113355,0.06343455612659454,0.0,0.0,1.0,1.0,1.0,600,153600,20,12,0.5074768662452698,3.6267715388951793,0.0031210449524223804,0.0014368807896971703,0.004843839444220066,0.4843839444220066,1.0,0.43504154682159424,-0.0331873893737793,0.4601139426231384,0.45692121982574463,-0.024262428283691406,0.46011391282081604,2,0.0
5.733043508371338e-05,7.913876665099906e-09,8.860860543791205e-05,0.04223104566335678,0.0,0.0,0.0,1.0,1.0,600,153600,27,12,0.8813649415969849,2.4145841428339896,-0.005821043625473976,0.0056634885258972645,0.008655094541609287,0.8655094541609287,1.0,0.4333488941192627,-0.025824040174484253,0.4639251232147217,0.447979211807251,-0.02003645896911621,0.46392521262168884,2,0.0
1.003969669342041,1.003969669342041,1.041079044342041,0.06676051765680313,1.0,1.0,1.0,0.0,0.0,288,159104,7,12,34.64202880859375,1.6988885336263155,-0.009907642379403114,-0.006235992535948753,-0.0025486783124506474,0.9907642379403114,1.0,0.43357372283935547,-0.035943835973739624,0.45272135734558105,0.20882415771484375,-0.30366969108581543,0.45272135734558105,2,0.7624309659004211
1.00113844871521,1.00113844871521,1.0015634298324585,0.019014371559023857,1.0,1.0,0.0,0.0,0.0,281,159424,10,12,35.109580993652344,1.0650927622609125,-0.004692022688686848,0.009716198779642582,-0.0032961892429739237,0.9716198779642582,1.0,0.442624568939209,-0.01846027374267578,0.4519737958908081,0.2142634391784668,-0.286684513092041,0.4519738554954529,2,1.0
0.2904956042766571,7.913875776921486e-09,0.29139280319213867,0.36113759875297546,0.0,0.0,1.0,1.0,1.0,600,160256,13,13,1.4789670705795288,3.9960798673177687,0.006800367962568998,-0.00804990902543068,-0.0040523153729736805,0.8049909025430679,1.0,0.4365255832672119,-0.04366016387939453,0.4512177109718323,0.4606006145477295,-0.033749938011169434,0.45121780037879944,2,0.0
0.06670470535755157,7.913875776921486e-09,0.00023934700584504753,0.0708979144692421,0.0,0.0,1.0,1.0,1.0,600,160288,26,13,0.30959072709083557,4.048438816834617,0.008006244897842407,-0.0036047392059117556,0.009099476039409637,0.9099476039409637,1.0,0.4374208450317383,-0.03935575485229492,0.4643694758415222,0.4618065357208252,-0.02930450439453125,0.4643695652484894,2,0.0
0.34197041392326355,7.913868671494129e-09,0.37403133511543274,0.45607975125312805,0.0,0.0,1.0,1.0,1.0,600,160736,3,13,1.2644604444503784,4.70103393683854,0.00863898079842329,-0.0058218734338879585,0.009503801353275776,0.9503801353275776,1.0,0.4341912269592285,-0.04335331916809082,0.46477389335632324,0.46243858337402344,-0.03152191638946533,0.46477392315864563,2,0.0
0.028632042929530144,7.913875776921486e-09,0.003972283098846674,0.08336462825536728,0.0,0.0,1.0,1.0,1.0,600,160928,5,13,0.9309573769569397,4.5488475037337235,0.0011167482007294893,0.008947626687586308,-0.001785934786312282,0.8947626687586308,1.0,0.4275684356689453,-0.028165340423583984,0.45348411798477173,0.45491647720336914,-0.016751766204833984,0.4534841477870941,2,0.0
1.0047036409378052,1.0047036409378052,1.0126440525054932,0.06694713979959488,1.0,1.0,1.0,0.0,0.0,287,161184,28,13,34.102073669433594,3.380838198111,0.008192019537091255,0.00980821531265974,0.001471598749049008,0.980821531265974,1.0,0.441577672958374,-0.024167180061340332,0.4567416310310364,0.2268669605255127,-0.2878934144973755,0.4567415714263916,2,0.8214285969734192
1.0067963600158691,1.0067963600158691,1.0086708068847656,0.03678429126739502,1.0,1.0,0.0,0.0,0.0,286,161504,9,13,34.99418640136719,2.000182905510976,0.0031200675293803215,0.009764513932168484,0.006547172553837299,0.9764513932168484,1.0,0.44478321075439453,-0.02068614959716797,0.46181708574295044,0.2216324806213379,-0.28870153427124023,0.46181720495224,2,0.9940828680992126
1.0025378465652466,1.0025378465652466,1.0148277282714844,0.036115873605012894,1.0,1.0,0.0,0.0,0.0,285,161824,16,13,35.17966842651367,1.3651310196685251,-0.007877174764871597,0.002703635487705469,-0.0029336069710552692,0.7877174764871597,1.0,0.43762144446372986,-0.026192426681518555,0.4523364007472992,0.2109675407409668,-0.2942073345184326,0.4523364305496216,2,1.0
1.0003350973129272,1.0003350973129272,1.0009346008300781,0.027892068028450012,1.0,1.0,0.0,0.0,0.0,295,161824,21,13,34.718082427978516,1.563746090543326,0.005813096649944782,-0.004440865013748407,0.006436489522457123,0.6436489522457123,1.0,0.45011043548583984,-0.03381824493408203,0.4617064893245697,0.2248321771621704,-0.30054807662963867,0.46170657873153687,2,0.7650273442268372
1.000317931175232,1.000317931175232,1.000455379486084,0.01941712014377117,1.0,1.0,0.0,0.0,0.0,290,161824,30,13,35.51382064819336,1.1046444667537523,0.008915760554373264,-0.0008650865056551993,-0.0033178208395838737,0.8915760554373264,1.0,0.455991268157959,-0.029136180877685547,0.4519522190093994,0.227935791015625,-0.296966552734375,0.4519522190093994,2,1.0
0.14425398409366608,7.913868671494129e-09,0.1451372504234314,0.19757714867591858,0.0,0.0,1.0,1.0,1.0,600,162176,2,13,1.5029809474945068,3.0045931722560275,0.0068741487339138985,-0.007277077995240688,0.003377359826117754,0.7277077995240688,1.0,0.442507266998291,-0.04027223587036133,0.4586474895477295,0.46067380905151367,-0.032977014780044556,0.4586474597454071,2,0.0
1.0039434432983398,1.0039434432983398,1.0061620473861694,0.00830486137419939,1.0,1.0,0.0,0.0,0.0,296,162240,11,13,35.73937225341797,0.34871850972617446,-0.00018116101273335516,-0.0039051289204508066,0.007916758768260479,0.7916758768260479,1.0,0.451491117477417,-0.030402660369873047,0.4631868302822113,0.2185533046722412,-0.3013291358947754,0.46318674087524414,2,0.9772727489471436
0.8611840605735779,7.913875776921486e-09,0.861763596534729,0.9100266098976135,0.0,0.0,1.0,1.0,1.0,600,162304,19,13,4.0087432861328125,2.7652620630783113,0.005769535433501005,0.006664002314209938,0.005738440901041031,0.6664002314209938,1.0,0.4428354501724243,-0.02571558952331543,0.4610084295272827,0.45956966280937195,-0.019036293029785156,0.4610085189342499,2,0.554973840713501
0.07398482412099838,7.913875776921486e-09,0.004757302813231945,0.082966648042202,0.0,0.0,1.0,1.0,1.0,600,162336,29,13,0.2476252317428589,4.4810681215051025,-0.00901335570961237,0.003022180637344718,0.00220241816714406,0.901335570961237,1.0,0.41783881187438965,-0.033904314041137695,0.4574725031852722,0.44478702545166016,-0.022677898406982422,0.4574725329875946,2,0.0
0.047618404030799866,7.913872224207807e-09,1.0244250916002784e-05,0.04898875206708908,0.0,0.0,0.0,1.0,1.0,600,162432,8,13,0.9567012786865234,2.806261340788371,-0.00018056553381029516,-0.00891412328928709,0.0035901854280382395,0.891412328928709,1.0,0.43663930892944336,-0.04139852523803711,0.4588601589202881,0.45361900329589844,-0.0346142053604126,0.4588603079319,2,0.0
0.04986715689301491,7.913876665099906e-09,0.0002919875842053443,0.05338752269744873,0.0,0.0,1.0,1.0,1.0,600,162592,31,13,0.8356713652610779,3.042150674954635,-0.009648204781115055,-0.0014541250420734286,0.0012674442259594798,0.9648204781115055,1.0,0.42576026916503906,-0.0345463752746582,0.45653754472732544,0.4441514015197754,-0.027153968811035156,0.45653751492500305,2,0.0
0.0022616898640990257,7.913875776921486e-09,5.6198630772996694e-05,0.05519295483827591,0.0,0.0,1.0,1.0,1.0,600,162848,25,13,1.0264242887496948,3.1591040041127636,-0.0018375895451754332,-0.0016074462328106165,0.005973196588456631,0.5973196588456631,1.0,0.43287229537963867,-0.035003662109375,0.461243212223053,0.4519627094268799,-0.02730703353881836,0.46124330163002014,2,0.0
1.0046602487564087,1.0046602487564087,1.0052828788757324,0.01169393490999937,1.0,1.0,0.0,0.0,0.0,297,163104,20,13,35.094268798828125,0.6343369037745679,0.005606341175734997,0.005248293746262789,0.0021445283200591803,0.5606341175734997,1.0,0.455539345741272,-0.021912097930908203,0.4574145972728729,0.22428441047668457,-0.2924375534057617,0.45741450786590576,2,0.7071823477745056
1.002925992012024,1.002925992012024,1.0030360221862793,0.00320281065069139,1.0,1.0,0.0,0.0,0.0,285,169376,13,13,36.26030731201172,0.1772021343421199,0.009531659074127674,0.002453455002978444,-0.009555376134812832,0.9555376134812832,1.0,0.462249755859375,-0.023649930953979492,0.4457147419452667,0.2283458709716797,-0.2945992946624756,0.4457145929336548,2,1.0
1.000068187713623,1.000068187713623,1.0009766817092896,0.021584073081612587,1.0,1.0,0.0,0.0,0.0,280,169696,3,13,35.700931549072266,1.1846222466748992,0.0061373538337647915,0.0029886013362556696,-0.0031178612262010574,0.6137353833764791,1.0,0.4527292251586914,-0.025473833084106445,0.45215216279029846,0.22517776489257812,-0.29302144050598145,0.4521521329879761,2,1.0
1.0034934282302856,1.0034934282302856,1.004838228225708,0.06703431159257889,1.0,1.0,1.0,0.0,0.0,281,169920,5,13,34.1397819519043,3.7637394567555607,0.00976735819131136,0.003621111623942852,-0.007252044975757599,0.9767358191311359,1.0,0.4408726692199707,-0.031366825103759766,0.44801801443099976,0.22853660583496094,-0.2936382293701172,0.448017954826355,2,1.0
9.327558655058965e-05,7.913875776921486e-09,0.00011766987154260278,0.034500107169151306,0.0,0.0,0.0,1.0,1.0,600,170400,17,13,1.264961838722229,1.9699682830569551,0.0007179235108196735,-0.001270804787054658,0.004786319565027952,0.4786319565027952,1.0,0.4425632953643799,-0.031646400690078735,0.4600563049316406,0.45451804995536804,-0.026970773935317993,0.4600563943386078,2,0.0
0.00023821294598747045,7.913876665099906e-09,0.0002605798654258251,0.018603049218654633,0.0,0.0,0.0,1.0,1.0,600,170592,24,13,1.2677122354507446,1.0509462665510525,0.006420357618480921,-0.0049072736874222755,0.006323202513158321,0.6420357618480921,1.0,0.4538228511810303,-0.0330502986907959,0.4615932106971741,0.46022045612335205,-0.030607223510742188,0.46159330010414124,2,0.0
9.337242227047682e-05,7.913875776921486e-09,0.00010249298065900803,0.016985762864351273,0.0,0.0,0.0,1.0,1.0,600,170688,22,13,1.2179609537124634,0.9673404822418653,-0.009566045366227627,0.009293490089476109,0.0035824147053062916,0.9566045366227627,1.0,0.4383436441421509,-0.018651068210601807,0.4588524103164673,0.4442340135574341,-0.01640644669532776,0.45885249972343445,2,0.0
1.0027390718460083,1.0027390718460083,1.015876054763794,0.06434151530265808,1.0,1.0,1.0,0.0,0.0,289,170752,9,13,34.61514663696289,2.933794632970849,0.009534964337944984,-0.0028271442279219627,-0.0013523997040465474,0.9534964337944984,1.0,0.44559144973754883,-0.035639047622680664,0.4539176821708679,0.2283635139465332,-0.29981160163879395,0.4539176821708679,2,0.9939758777618408
0.3109602928161621,7.913875776921486e-09,0.3121521472930908,0.3286757469177246,0.0,0.0,1.0,1.0,1.0,600,170752,18,13,2.372555732727051,0.9467283587089419,0.0017855202313512564,-0.009882562793791294,0.0023964224383234978,0.9882562793791294,1.0,0.449820339679718,-0.03777813911437988,0.4576664865016937,0.45558562874794006,-0.035582661628723145,0.4576665461063385,2,0.013513513840734959
0.7523454427719116,7.913875776921486e-09,0.7529819011688232,0.7927361726760864,0.0,0.0,1.0,1.0,1.0,600,171136,4,13,3.453909158706665,2.277745144794192,0.009070503525435925,-0.004661906510591507,0.004830235615372658,0.9070503525435925,1.0,0.4490633010864258,-0.03580474853515625,0.46010029315948486,0.46287012100219727,-0.030361652374267578,0.46010032296180725,2,0.26900583505630493
1.000879168510437,1.000879168510437,1.0008938312530518,0.036199089139699936,1.0,1.0,0.0,0.0,0.0,281,171232,11,13,34.71519088745117,2.073218118305922,-0.006224731914699078,0.0004950037691742182,-0.0010562061797827482,0.6224731914699078,1.0,0.4349987506866455,-0.030137062072753906,0.4542137384414673,0.21275115013122559,-0.29581117630004883,0.45421379804611206,2,1.0
0.07154485583305359,7.913870447850968e-09,0.09191066026687622,0.13691957294940948,0.0,0.0,1.0,1.0,1.0,600,171264,23,13,1.490673542022705,2.578822444729293,-0.009342829696834087,0.008304473012685776,-0.006654742173850536,0.9342829696834087,1.0,0.42884111404418945,-0.02359914779663086,0.44861531257629395,0.44445741176605225,-0.017395615577697754,0.44861534237861633,2,0.0
1.0039466619491577,1.0039466619491577,1.0109827518463135,0.03791234269738197,1.0,1.0,0.0,0.0,0.0,274,171360,31,13,35.23963928222656,1.7690789726319516,0.004502858500927687,-0.003204295877367258,-0.002738408977165818,0.45028585009276867,1.0,0.44755983352661133,-0.03308415412902832,0.4525315761566162,0.2232365608215332,-0.3006296157836914,0.452531635761261,2,1.0
1.0051093101501465,1.0051093101501465,1.007171630859375,0.01511212158948183,1.0,1.0,0.0,0.0,0.0,286,171584,8,13,35.485023498535156,0.7476906165183937,-0.009745314717292786,-0.006891345139592886,-0.004520974587649107,0.9745314717292786,1.0,0.4394979476928711,-0.0343174934387207,0.4507490396499634,0.20889759063720703,-0.30474114418029785,0.4507490396499634,2,1.0
0.02236121892929077,7.913876665099906e-09,0.00043762970017269254,0.08492306619882584,0.0,0.0,1.0,1.0,1.0,600,171648,15,13,0.5896000266075134,4.8406583713992335,0.006248250138014555,0.009166707284748554,0.009475325234234333,0.9475325234234333,1.0,0.43097710609436035,-0.028751373291015625,0.46474534273147583,0.4600483477115631,-0.01653289794921875,0.464745432138443,2,0.0
0.7814247608184814,7.913875776921486e-09,0.781487226486206,0.8295654058456421,0.0,0.0,1.0,1.0,1.0,600,171776,14,13,3.196610450744629,2.7546680127887986,0.007664488162845373,-0.0001831187546486035,-0.001024596975184977,0.7664488162845373,1.0,0.4447939395904541,-0.03253507614135742,0.454245388507843,0.46146488189697266,-0.025882959365844727,0.4542454779148102,2,0.13450291752815247
0.014104792848229408,7.913876665099906e-09,0.019354529678821564,0.10250512510538101,0.0,0.0,1.0,1.0,1.0,600,171872,6,13,0.9370909929275513,4.764177755054838,-0.0038249134086072445,0.008703047409653664,0.005471125710755587,0.8703047409653664,1.0,0.4213552474975586,-0.029003381729125977,0.46074116230010986,0.44997453689575195,-0.01699686050415039,0.460741251707077,2,0.0
0.08049184828996658,7.913876665099906e-09,0.007170886732637882,0.09102864563465118,0.0,0.0,1.0,1.0,1.0,600,172000,1,13,-0.06883831322193146,4.804696144758647,0.004667708184570074,0.006577031221240759,-0.0011616230476647615,0.6577031221240759,1.0,0.4296088218688965,-0.031241655349731445,0.45410841703414917,0.4584674835205078,-0.019122838973999023,0.45410844683647156,2,0.0
1.0022611618041992,1.0022611618041992,1.0036462545394897,0.01488199271261692,1.0,1.0,0.0,0.0,0.0,288,172064,25,13,35.598697662353516,0.7733155119327246,0.005945384036749601,-0.0023195927496999502,0.0018090083030983806,0.5945384036749601,1.0,0.4550333023071289,-0.029806137084960938,0.457079142332077,0.22481179237365723,-0.2991304397583008,0.4570789933204651,2,1.0
0.06645923107862473,7.913876665099906e-09,0.0007070967694744468,0.07429537922143936,0.0,0.0,1.0,1.0,1.0,600,172800,0,13,0.18699561059474945,4.216298399650497,0.0055403136648237705,0.007490183692425489,0.00896456465125084,0.8964564651250839,1.0,0.4339599609375,-0.028714656829833984,0.4642345905303955,0.45934009552001953,-0.018209457397460938,0.46423467993736267,2,0.0
0.000473997148219496,7.913875776921486e-09,0.001458848244510591,0.029504967853426933,0.0,0.0,0.0,1.0,1.0,600,172800,12,13,1.830005168914795,1.6069250523722656,-0.002384413033723831,0.0034721409901976585,0.0017465985147282481,0.34721409901976585,1.0,0.4416518211364746,-0.02601093053817749,0.4570166766643524,0.4514157772064209,-0.02222779393196106,0.4570166766643524,2,0.0
0.07166768610477448,7.913869559672548e-09,6.208343984326348e-05,0.0763106569647789,0.0,0.0,1.0,1.0,1.0,600,172800,27,13,0.12432804703712463,4.368724316263086,-0.0013012129347771406,-5.9064856031909585e-05,0.00632748007774353,0.632748007774353,1.0,0.42621564865112305,-0.036678582429885864,0.4615975618362427,0.4524991512298584,-0.025759011507034302,0.46159759163856506,2,0.0
6.52308517601341e-06,7.913876665099906e-09,2.3120313926483504e-05,0.016441792249679565,0.0,0.0,0.0,1.0,1.0,600,178304,7,13,1.2434450387954712,0.9407207804470926,0.007521194871515036,-0.0015982448821887374,0.00999356061220169,0.9993560612201691,1.0,0.45559215545654297,-0.02947959303855896,0.46526357531547546,0.4613208770751953,-0.027298182249069214,0.46526363492012024,2,0.0
0.013953966088593006,7.913875776921486e-09,2.3357630198006518e-05,0.055243100970983505,0.0,0.0,1.0,1.0,1.0,600,178624,10,13,1.2550804615020752,3.1638597367657963,-0.0028532054275274277,-0.0061059072613716125,-0.003005813807249069,0.6105907261371613,1.0,0.4318275451660156,-0.03951454162597656,0.4522641897201538,0.4509470462799072,-0.03180551528930664,0.45226427912712097,2,0.0
1.628442873879976e-07,7.913875776921486e-09,1.10011760625639e-05,0.011505733244121075,0.0,0.0,0.0,1.0,1.0,600,179488,26,13,1.7308396100997925,0.6585999768622746,0.0034862160682678223,-0.00686687370762229,0.0005754077574238181,0.686687370762229,1.0,0.45327210426330566,-0.03408408164978027,0.455845445394516,0.4572865962982178,-0.03256678581237793,0.45584550499916077,2,0.0
1.0020099878311157,1.0020099878311157,1.002258062362671,0.012724890373647213,1.0,1.0,0.0,0.0,0.0,288,179808,24,13,35.276939392089844,0.7148728382169518,-0.004518033470958471,-0.0014371664728969336,0.00478001032024622,0.47800103202462196,1.0,0.4449251890182495,-0.028786420822143555,0.46005013585090637,0.21436834335327148,-0.2981555461883545,0.4600500464439392,2,0.9714285731315613
1.0065032243728638,1.0065032243728638,1.006697177886963,0.032837219536304474,1.0,1.0,0.0,0.0,0.0,275,179936,4,13,34.90064239501953,1.8703252145765779,-0.001283076941035688,0.005129083525389433,-0.0054451036266982555,0.5445103626698256,1.0,0.4411630630493164,-0.025000572204589844,0.44982486963272095,0.21725225448608398,-0.2932300567626953,0.4498249292373657,2,1.0
0.07158096879720688,7.913875776921486e-09,2.5997711418312974e-05,0.07952660322189331,0.0,0.0,1.0,1.0,1.0,600,180384,28,13,0.27560344338417053,4.555052303707857,-0.005424766335636377,0.0052675665356218815,0.00886576622724533,0.8865766227245331,1.0,0.4209904670715332,-0.03186178207397461,0.46413588523864746,0.4483754634857178,-0.020432353019714355,0.4641358554363251,2,0.0
1.0068552494049072,1.0068552494049072,1.007293701171875,0.06668438762426376,1.0,1.0,1.0,0.0,0.0,306,180544,9,13,33.6607780456543,3.7956236335748263,0.009657256305217743,0.008330696262419224,-0.007762112654745579,0.9657256305217743,1.0,0.44057321548461914,-0.026742935180664062,0.44750791788101196,0.2281651496887207,-0.29015684127807617,0.44750791788101196,2,0.4107142984867096
1.0035067796707153,1.0035067796707153,1.012943983078003,0.07194909453392029,1.0,1.0,1.0,0.0,0.0,284,180736,15,13,34.407073974609375,3.5816726535792314,-0.0007278632838279009,0.008087929338216782,0.004317696671932936,0.8087929338216782,1.0,0.43146103620529175,-0.026416778564453125,0.45958781242370605,0.21804064512252808,-0.28917694091796875,0.4595877528190613,2,1.0
1.0002076625823975,1.0002076625823975,1.0002830028533936,0.03862468898296356,1.0,1.0,0.0,0.0,0.0,287,180960,14,13,34.889312744140625,2.208710501862169,-0.00011247453949181363,0.006384055130183697,-0.0021234406158328056,0.6384055130183697,1.0,0.4402952194213867,-0.02458643913269043,0.4531465768814087,0.2189168930053711,-0.28967714309692383,0.4531465768814087,2,1.0
0.008110851980745792,7.913868671494129e-09,1.008727940643439e-05,0.04090001806616783,0.0,0.0,0.0,1.0,1.0,600,181024,16,13,1.1966313123703003,2.3428212662153696,-0.0014442563988268375,-0.003737522754818201,-0.002853500423952937,0.3737522754818201,1.0,0.43815702199935913,-0.035043954849243164,0.4524165987968445,0.45235583186149597,-0.02943730354309082,0.4524165689945221,2,0.0
0.07456689327955246,7.913876665099906e-09,0.05106861889362335,0.12949179112911224,0.0,0.0,1.0,1.0,1.0,600,181024,21,13,0.10276200622320175,4.49331806578152,-0.0035718062426894903,-0.0004150460008531809,0.0038614196237176657,0.38614196237176657,1.0,0.42320775985717773,-0.03737521171569824,0.4591314196586609,0.45022833347320557,-0.026114940643310547,0.45913150906562805,2,0.0
0.0685994103550911,7.913876665099906e-09,0.007326621562242508,0.07887248694896698,0.0,0.0,1.0,1.0,1.0,600,181024,30,13,0.6178056001663208,4.099276768600668,0.0038499983493238688,-0.0014242262113839388,-0.00447651045396924,0.447651045396924,1.0,0.43296289443969727,-0.037312984466552734,0.4507935047149658,0.45764970779418945,-0.02712392807006836,0.450793594121933,2,0.0
0.05513869971036911,7.913871336029388e-09,0.05533646419644356,0.0830400362610817,0.0,0.0,1.0,1.0,1.0,600,181376,2,13,1.9704594612121582,1.5872983970705283,0.008295145817101002,-0.006142448168247938,-0.0002251091500511393,0.8295145817101002,1.0,0.4524497985839844,-0.03557756543159485,0.4550448954105377,0.462094783782959,-0.03184238076210022,0.45504501461982727,2,0.0
0.08040594309568405,7.913875776921486e-09,0.002957851393148303,0.08699797838926315,0.0,0.0,1.0,1.0,1.0,600,181504,19,13,-0.13400238752365112,4.815145053528297,0.009140749461948872,0.000912123650778085,0.006244675721973181,0.9140749461948872,1.0,0.43402013182640076,-0.03693532943725586,0.46151477098464966,0.46294084191322327,-0.02478790283203125,0.46151480078697205,2,0.0
0.0001712215889710933,7.913875776921486e-09,9.985493670683354e-05,0.06393459439277649,0.0,0.0,1.0,1.0,1.0,600,181536,29,13,0.7747910618782043,3.6574625670438086,-0.005937299225479364,0.006327046547085047,0.006400280632078648,0.6400280632078648,1.0,0.4258005619049072,-0.028378725051879883,0.46167027950286865,0.4478631019592285,-0.019372940063476562,0.4616703689098358,2,0.0
1.003098487854004,1.003098487854004,1.005202054977417,0.05995817109942436,1.0,1.0,1.0,0.0,0.0,280,181760,0,13,34.82626724243164,3.314823779452592,0.003947559278458357,0.004534142557531595,-0.009592059068381786,0.9592059068381786,1.0,0.4377269744873047,-0.02926778793334961,0.4456779956817627,0.222747802734375,-0.29258108139038086,0.4456779956817627,2,1.0
0.0006044475012458861,7.913876665099906e-09,0.0007183775305747986,0.02664259821176529,0.0,0.0,0.0,1.0,1.0,600,182304,20,13,1.1185592412948608,1.4853492859716255,-0.004250651691108942,0.0030779140070080757,0.008448505774140358,0.8448505774140358,1.0,0.44052040576934814,-0.02610921859741211,0.4637184739112854,0.4495495557785034,-0.022621631622314453,0.46371862292289734,2,0.0
1.0029079914093018,1.0029079914093018,1.0033224821090698,0.005003691650927067,1.0,1.0,0.0,0.0,0.0,283,187680,10,13,35.51073455810547,0.26294160571499575,-0.0023590668570250273,-0.0007450137636624277,0.0028717892710119486,0.28717892710119486,1.0,0.44983649253845215,-0.027045249938964844,0.4581417739391327,0.21645689010620117,-0.2977910041809082,0.4581418037414551,2,1.0
0.06723212450742722,7.913875776921486e-09,0.0014878727961331606,0.06853166222572327,0.0,0.0,1.0,1.0,1.0,600,188576,13,13,0.7648581266403198,3.841327417519144,0.007584705948829651,-0.00564299151301384,0.0013858559541404247,0.7584705948829651,1.0,0.4382290840148926,-0.04083847999572754,0.45665591955184937,0.46138501167297363,-0.03134310245513916,0.45665594935417175,2,0.0
0.6166043281555176,7.913875776921486e-09,0.6169587969779968,0.6746172308921814,0.0,0.0,1.0,1.0,1.0,600,188896,3,13,2.5602307319641113,3.303580647748516,0.007351226639002562,-0.007054616697132587,-0.001023924327455461,0.7351226639002562,1.0,0.44119739532470703,-0.04082763195037842,0.4542461037635803,0.4611506462097168,-0.03275454044342041,0.4542461931705475,2,0.17164179682731628
0.07940059155225754,7.913875776921486e-09,0.06990954279899597,0.15499281883239746,0.0,0.0,1.0,1.0,1.0,600,189120,5,13,-0.2998849153518677,4.874916038955078,5.895112735743169e-06,-0.009153339080512524,0.004122573882341385,0.9153339080512524,1.0,0.4245328903198242,-0.04716682434082031,0.45939260721206665,0.45380544662475586,-0.03485298156738281,0.4593926966190338,2,0.0
0.00018012912187259644,7.913875776921486e-09,0.00019666411390062422,0.046845369040966034,0.0,0.0,0.0,1.0,1.0,600,189600,17,13,1.1330820322036743,2.6727751118574035,-0.009808747097849846,0.006597882602363825,0.004193711094558239,0.9808747097849846,1.0,0.4278115928173065,-0.02554500102996826,0.4594637155532837,0.44399139285087585,-0.0191020667552948,0.45946380496025085,2,0.0
0.053311802446842194,7.913869559672548e-09,0.024022655561566353,0.0819733515381813,0.0,0.0,1.0,1.0,1.0,600,189888,22,13,0.4017471373081207,3.3203310463577376,-0.006662256550043821,0.007567434571683407,-0.0055865151807665825,0.7567434571683407,1.0,0.4270845651626587,-0.026249319314956665,0.4496835470199585,0.4471379518508911,-0.018132537603378296,0.4496835768222809,2,0.0
0.08483615517616272,7.913876665099906e-09,0.007871551439166069,0.08524201065301895,0.0,0.0,1.0,1.0,1.0,600,189952,18,13,0.19450066983699799,4.433000238334315,0.007003085222095251,0.0023503033444285393,0.006793755106627941,0.7003085222095251,1.0,0.43413934111595154,-0.03444468975067139,0.4620637893676758,0.46080318093299866,-0.023349642753601074,0.46206387877464294,2,0.0
1.003558874130249,1.003558874130249,1.006739854812622,0.01643400266766548,1.0,1.0,0.0,0.0,0.0,273,190240,19,13,35.53192901611328,0.7593492691839294,9.340869291918352e-05,0.006800899747759104,-0.004269161727279425,0.6800899747759104,1.0,0.44926634430885315,-0.02065253257751465,0.45100095868110657,0.21885782480239868,-0.290482759475708,0.4510009288787842,2,1.0
1.0024142265319824,1.0024142265319824,1.0344674587249756,0.07136751711368561,1.0,1.0,1.0,0.0,0.0,289,190272,21,13,35.075042724609375,2.252549644163073,-0.0014855186454951763,0.004907303024083376,-0.004064337350428104,0.4907303024083376,1.0,0.43865859508514404,-0.026172876358032227,0.45120567083358765,0.21736907958984375,-0.2919588088989258,0.45120567083358765,2,1.0
0.040089525282382965,7.913869559672548e-09,0.042314063757658005,0.045525502413511276,0.0,0.0,0.0,1.0,1.0,600,190432,11,13,1.4564532041549683,0.18400414898180636,0.004941114224493504,-0.0018179534235969186,0.00860796682536602,0.860796682536602,1.0,0.45761799812316895,-0.02793717384338379,0.46387800574302673,0.4587414264678955,-0.02751779556274414,0.4638780653476715,2,0.0
0.006753998342901468,7.913875776921486e-09,0.006780334748327732,0.011859579011797905,0.0,0.0,0.0,1.0,1.0,600,190464,23,13,1.7313209772109985,0.2910197663409777,0.004265191499143839,-0.004055678378790617,0.0039521767757833,0.4265191499143839,1.0,0.45628929138183594,-0.030420303344726562,0.4592222571372986,0.458065390586853,-0.029755711555480957,0.45922228693962097,2,0.0
0.7283902764320374,7.913873112386227e-09,0.7284344434738159,0.7620683312416077,0.0,0.0,1.0,1.0,1.0,600,190560,31,13,4.110139846801758,1.927081098371622,-0.004010227508842945,0.004330004099756479,-0.0012384362053126097,0.4330004099756479,1.0,0.4380936622619629,-0.0259397029876709,0.45403164625167847,0.44978952407836914,-0.02136993408203125,0.45403167605400085,2,0.668639063835144
0.08015929162502289,7.913871336029388e-09,0.040659576654434204,0.12470275163650513,0.0,0.0,1.0,1.0,1.0,600,190784,8,13,-0.09892568737268448,4.815319223352132,-0.007597008254379034,-5.26646435901057e-05,0.004270554054528475,0.7597008254379034,1.0,0.4172816276550293,-0.037900686264038086,0.45954060554504395,0.44620275497436523,-0.025752663612365723,0.45954063534736633,2,0.0
0.07790316641330719,7.913876665099906e-09,0.0003924821794498712,0.08172436058521271,0.0,0.0,1.0,1.0,1.0,600,191072,6,13,0.01904723234474659,4.659972973982539,0.0017576406244188547,0.0004940587095916271,0.0027734653558582067,0.2773465355858207,1.0,0.4275522232055664,-0.03692436218261719,0.45804351568222046,0.45555734634399414,-0.02520585060119629,0.45804354548454285,2,0.0
0.009039697237312794,7.913876665099906e-09,0.0003437439154367894,0.03864495828747749,0.0,0.0,0.0,1.0,1.0,600,191200,1,13,1.2682585716247559,2.1944985857466652,-0.004285462666302919,-0.0011853700270876288,-0.007460126653313637,0.7460126653313637,1.0,0.43620777130126953,-0.0321197509765625,0.4478098750114441,0.44951438903808594,-0.026885271072387695,0.44780996441841125,2,0.0
0.08526425808668137,7.913875776921486e-09,0.03173083811998367,0.1169627383351326,0.0,0.0,1.0,1.0,1.0,600,191264,25,13,-0.17956189811229706,4.883426881547737,0.004048520233482122,0.009503735229372978,0.001757096848450601,0.9503735229372978,1.0,0.428525447845459,-0.028533458709716797,0.4570271372795105,0.45784878730773926,-0.01619577407836914,0.4570271670818329,2,0.0
0.08177550137042999,7.913875776921486e-09,0.09340173006057739,0.12626510858535767,0.0,0.0,1.0,1.0,1.0,600,192000,12,13,1.2898555994033813,1.8829333168975984,-0.005297188181430101,0.006563134957104921,-0.008969391696155071,0.8969391696155071,1.0,0.4370729923248291,-0.02359721064567566,0.4463006258010864,0.4485032558441162,-0.019136816263198853,0.4463007152080536,2,0.043478261679410934
0.0001064849057001993,7.913871336029388e-09,0.00012287376739550382,0.02677355706691742,0.0,0.0,0.0,1.0,1.0,600,192000,27,13,1.6012134552001953,1.526972992382212,0.0017679448937997222,-0.0017560853157192469,0.006518515292555094,0.6518515292555094,1.0,0.4462876319885254,-0.03104439377784729,0.46178850531578064,0.4555683135986328,-0.027456045150756836,0.4617886245250702,2,0.0
0.019747493788599968,7.913872224207807e-09,0.016245989128947258,0.0703231692314148,0.0,0.0,1.0,1.0,1.0,600,197504,7,13,1.3898285627365112,3.0983940811185167,0.0061576757580041885,-0.009463404305279255,0.0019909776747226715,0.9463404305279255,1.0,0.44122982025146484,-0.0427016019821167,0.45726096630096436,0.4599571228027344,-0.03516337275505066,0.4572610557079315,2,0.0
1.0046533346176147,1.0046533346176147,1.0198934078216553,0.060418978333473206,1.0,1.0,1.0,0.0,0.0,290,198400,5,13,34.82863998413086,2.588559519721381,0.0023868102580308914,-0.0021762570831924677,0.006771273445338011,0.6771273445338011,1.0,0.44051265716552734,-0.03410482406616211,0.46204131841659546,0.22106552124023438,-0.29986000061035156,0.4620412588119507,2,1.0
0.2757607102394104,7.913875776921486e-09,0.30013537406921387,0.3441692292690277,0.0,0.0,1.0,1.0,1.0,600,198688,26,13,1.3763676881790161,2.5229493628844732,-0.004289891570806503,-0.0032246967311948538,-0.007214389741420746,0.7214389741420746,1.0,0.43422961235046387,-0.034986257553100586,0.4480556845664978,0.4495103359222412,-0.02892446517944336,0.4480557143688202,2,0.0
0.06379883736371994,7.913876665099906e-09,4.349687151261605e-05,0.06652054190635681,0.0,0.0,1.0,1.0,1.0,600,199008,24,13,0.5412823557853699,3.808855844431257,-0.0009669340797699988,-0.003584444522857666,0.00045186313218437135,0.3584444522857666,1.0,0.4298703670501709,-0.03869295120239258,0.455721914768219,0.45283329486846924,-0.029284238815307617,0.4557219445705414,2,0.0
0.054406579583883286,7.913875776921486e-09,0.01361648179590702,0.0716368705034256,0.0,0.0,1.0,1.0,1.0,600,199136,4,13,1.3429864645004272,3.324323932257845,-0.00654552411288023,-0.004902195651084185,-0.0066073001362383366,0.6607300136238337,1.0,0.42717742919921875,-0.038729190826416016,0.44866281747817993,0.4472541809082031,-0.030601978302001953,0.44866278767585754,2,0.0
1.0021977424621582,1.0021977424621582,1.0199930667877197,0.025695204734802246,1.0,1.0,0.0,0.0,0.0,280,199392,11,13,36.01203155517578,0.45262687126066603,0.009445606730878353,-0.0005696774460375309,-0.0011805087560787797,0.9445606730878353,1.0,0.46048498153686523,-0.02730703353881836,0.45408961176872253,0.2283172607421875,-0.29735660552978516,0.45408952236175537,2,1.0
0.17575079202651978,7.913870447850968e-09,0.15034064650535583,0.2347574681043625,0.0,0.0,1.0,1.0,1.0,600,199584,28,13,1.2188445329666138,4.836733573947415,-0.002620100509375334,-0.0054567730985581875,-0.006074815522879362,0.6074815522879362,1.0,0.4221322536468506,-0.04336428642272949,0.4491952657699585,0.45118021965026855,-0.03115689754486084,0.4491952955722809,2,0.0
0.8242495656013489,7.913876665099906e-09,0.8244590759277344,0.8561395406723022,0.0,0.0,1.0,1.0,1.0,600,199744,9,13,4.364616870880127,1.8151458238193374,-0.0008059003739617765,0.009520565159618855,-0.0019454346038401127,0.9520565159618855,1.0,0.4419736862182617,-0.020473003387451172,0.453324556350708,0.45299386978149414,-0.016179561614990234,0.45332464575767517,2,0.6721311211585999
1.0055042505264282,1.0055042505264282,1.0058650970458984,0.05339435860514641,1.0,1.0,1.0,0.0,0.0,299,199840,21,13,34.979740142822266,3.0385936405009395,0.003278289921581745,-0.000349593028659001,0.0035806801170110703,0.358068011701107,1.0,0.43870818614959717,-0.0334324836730957,0.4588506817817688,0.22189080715179443,-0.2983431816101074,0.4588507413864136,2,1.0
0.5460968613624573,7.913876665099906e-09,0.5617492198944092,0.5922141671180725,0.0,0.0,1.0,1.0,1.0,600,199936,15,13,2.994021415710449,1.7455080965279435,-0.0033010784536600113,0.008813572116196156,-0.00410998472943902,0.8813572116196156,1.0,0.4398983120918274,-0.02100849151611328,0.4511600136756897,0.450499027967453,-0.016885757446289062,0.45116010308265686,2,0.2748091518878937
0.01674945093691349,7.913875776921486e-09,0.0028410903178155422,0.027863413095474243,0.0,0.0,0.0,1.0,1.0,600,200160,14,13,1.7897650003433228,1.4336734620934841,-0.009205654263496399,0.007469357457011938,0.008659189566969872,0.9205654263496399,1.0,0.43587827682495117,-0.021593093872070312,0.46392926573753357,0.4445946216583252,-0.018230915069580078,0.46392926573753357,2,0.0
0.7377157211303711,7.913875776921486e-09,0.7402952313423157,0.8005198836326599,0.0,0.0,1.0,1.0,1.0,600,200224,16,13,3.411461353302002,3.450621813974197,-0.006614576559513807,0.005263215396553278,0.00519120879471302,0.6614576559513807,1.0,0.42635515332221985,-0.02889561653137207,0.46046125888824463,0.44718554615974426,-0.020436763763427734,0.460461288690567,2,0.6568047404289246
0.03294551372528076,7.913875776921486e-09,0.001967131160199642,0.039683762937784195,0.0,0.0,0.0,1.0,1.0,600,200224,30,13,0.7209386825561523,2.161005472491038,-0.00981549546122551,0.008980694226920605,-0.007621747441589832,0.981549546122551,1.0,0.4308795928955078,-0.021869659423828125,0.44764822721481323,0.4439840316772461,-0.01671886444091797,0.44764837622642517,2,0.0
0.07079244405031204,7.913876665099906e-09,0.001332369982264936,0.07668615877628326,0.0,0.0,1.0,1.0,1.0,600,200576,2,13,0.38087698817253113,4.317454781918855,-0.0015077214920893312,0.008710143156349659,-0.005070768762379885,0.8710143156349659,1.0,0.4263124465942383,-0.02776971459388733,0.4501992464065552,0.45229196548461914,-0.016989797353744507,0.45019933581352234,2,0.0
0.008023559115827084,7.913875776921486e-09,0.006585544440895319,0.08129613101482391,0.0,0.0,1.0,1.0,1.0,600,200736,29,13,0.24015642702579498,4.2806033500256975,-0.003062592586502433,0.006501637399196625,0.0075028738938272,0.75028738938272,1.0,0.4249758720397949,-0.02987813949584961,0.4627729654312134,0.45073771476745605,-0.01919841766357422,0.46277299523353577,2,0.0
1.002207636833191,1.002207636833191,1.002521276473999,0.056461989879608154,1.0,1.0,1.0,0.0,0.0,279,200928,12,13,35.00388717651367,3.2170622146451415,0.006346109788864851,0.007579546421766281,-0.0027692194562405348,0.7579546421766281,1.0,0.44070959091186523,-0.02596735954284668,0.4525008201599121,0.22521686553955078,-0.289211243391037,0.4525008201599121,2,1.0
0.6908355951309204,7.913875776921486e-09,0.6909458637237549,0.7347673177719116,0.0,0.0,1.0,1.0,1.0,600,200960,0,13,3.260558843612671,2.5107862900765614,0.0035272284876555204,-0.004435351118445396,0.0049596913158893585,0.49596913158893585,1.0,0.4421195983886719,-0.03616666793823242,0.460229754447937,0.45732688903808594,-0.030135154724121094,0.4602297842502594,2,0.3205128312110901
0.029525265097618103,7.913876665099906e-09,0.0002589783107396215,0.03364582732319832,0.0,0.0,0.0,1.0,1.0,600,201504,20,13,1.3586857318878174,1.9129265985338284,-0.0099091287702322,-0.002815049607306719,-0.007826260291039944,0.9909128770232201,1.0,0.4322803020477295,-0.0330500602722168,0.44744378328323364,0.44389092922210693,-0.028514862060546875,0.44744381308555603,2,0.0
0.07191748917102814,7.913875776921486e-09,0.002829319564625621,0.07683197408914566,0.0,0.0,1.0,1.0,1.0,600,206880,10,13,0.7535645961761475,4.2400405640922845,0.002269470365718007,-0.005022086203098297,-0.0019521727226674557,0.5022086203098297,1.0,0.43054795265197754,-0.04129171371459961,0.45331794023513794,0.4560697078704834,-0.030721664428710938,0.45331791043281555,2,0.0
0.08506131172180176,7.913876665099906e-09,0.021956302225589752,0.10873597115278244,0.0,0.0,1.0,1.0,1.0,600,207776,13,13,0.059922054409980774,4.97210835018389,0.005263867788016796,-0.0017210718942806125,-0.0036809633020311594,0.5263867788016796,1.0,0.4292185306549072,-0.04000544548034668,0.45158904790878296,0.459064245223999,-0.027421116828918457,0.4515891373157501,2,0.0
0.03753982111811638,7.913872224207807e-09,0.00023058585065882653,0.04332450032234192,0.0,0.0,0.0,1.0,1.0,600,208096,3,13,1.1623090505599976,2.4691007917983274,-0.007568297907710075,-0.00292382063344121,0.006676274351775646,0.7568297907710075,1.0,0.4312739372253418,-0.03454911708831787,0.46194636821746826,0.4462313652038574,-0.02862393856048584,0.46194639801979065,2,0.0
1.0016813278198242,1.0016813278198242,1.0023962259292603,0.048306822776794434,1.0,1.0,0.0,0.0,0.0,283,208448,11,13,34.45637130737305,2.726816635787602,0.004248188808560371,-0.00731395510956645,-0.004112024325877428,0.731395510956645,1.0,0.441544771194458,-0.039594173431396484,0.4511580467224121,0.2231607437133789,-0.3039126396179199,0.45115798711776733,2,0.9821428656578064
0.6585837006568909,7.913875776921486e-09,0.6588165760040283,0.6636596918106079,0.0,0.0,1.0,1.0,1.0,600,208800,17,13,4.323439121246338,0.2774871338827726,-0.0011137791443616152,-0.003120759967714548,-0.0053358618170022964,0.5335861817002296,1.0,0.4509927034378052,-0.029454469680786133,0.4499341547489166,0.4526863396167755,-0.028820723295211792,0.4499342143535614,2,0.5365853905677795
1.0042836666107178,1.0042836666107178,1.0129594802856445,0.03259340301156044,1.0,1.0,0.0,0.0,0.0,284,208928,21,13,35.82097625732422,1.3703748974038026,0.00410804059356451,0.008708407171070576,-0.0037448792718350887,0.8708407171070576,1.0,0.44957494735717773,-0.020200729370117188,0.45152518153190613,0.2228158712387085,-0.28884005546569824,0.45152515172958374,2,1.0
1.0042049884796143,1.0042049884796143,1.0044759511947632,0.016782471910119057,1.0,1.0,0.0,0.0,0.0,279,209088,14,13,35.7796630859375,0.9460426717492961,-0.0005981774302199483,0.008941790089011192,-0.006428051739931107,0.8941790089011192,1.0,0.44744062423706055,-0.018952369689941406,0.44884204864501953,0.21811556816101074,-0.2885780334472656,0.44884204864501953,2,1.0
0.03648397698998451,7.913876665099906e-09,0.041409656405448914,0.10120569169521332,0.0,0.0,1.0,1.0,1.0,600,209088,22,13,1.2682620286941528,3.4260581058413035,-0.004084734246134758,-0.0017665581544861197,-0.003419749205932021,0.4084734246134758,1.0,0.4290316104888916,-0.03586086630821228,0.4518502950668335,0.4497154951095581,-0.027466505765914917,0.4518503248691559,2,0.0
0.0907648578286171,7.913875776921486e-09,0.007193175610154867,0.09076854586601257,0.0,0.0,1.0,1.0,1.0,600,209152,18,13,-0.48362258076667786,4.788517987935825,0.0024579260498285294,0.005196235608309507,-0.0049046059139072895,0.5196235608309507,1.0,0.4274943470954895,-0.03257715702056885,0.45036548376083374,0.45625802874565125,-0.020503640174865723,0.45036551356315613,2,0.0
0.3567182719707489,7.913875776921486e-09,0.36910882592201233,0.40264251828193665,0.0,0.0,1.0,1.0,1.0,600,209440,19,13,2.3874244689941406,1.9213473680068078,0.006325636059045792,-0.009436996653676033,0.0006840888527221978,0.9436996653676033,1.0,0.44846412539482117,-0.03969216346740723,0.4559541344642639,0.46012577414512634,-0.03513693809509277,0.4559541642665863,2,0.0
0.27441948652267456,7.913874888743067e-09,0.31055766344070435,0.3794322609901428,0.0,0.0,1.0,1.0,1.0,600,209664,23,13,1.289231777191162,3.9462250359053765,-0.008659884333610535,0.0014724215725436807,0.004635075572878122,0.8659884333610535,1.0,0.42136120796203613,-0.0340038537979126,0.45990508794784546,0.4451402425765991,-0.024227499961853027,0.4599051773548126,2,0.0
0.01884610392153263,7.913876665099906e-09,0.0010432684794068336,0.06718269735574722,0.0,0.0,1.0,1.0,1.0,600,209760,31,13,0.6544514894485474,3.7895089067203727,0.005993261002004147,0.003153437515720725,0.0038930207956582308,0.5993261002004147,1.0,0.43694543838500977,-0.03190350532531738,0.4591630697250366,0.4597930908203125,-0.02254652976989746,0.459163099527359,2,0.0
0.03261764720082283,7.913875776921486e-09,0.0046364557929337025,0.08170263469219208,0.0,0.0,1.0,1.0,1.0,600,209984,8,13,0.9438214302062988,4.415567461138326,0.002487678313627839,0.003866038518026471,-0.003983464557677507,0.39834645576775074,1.0,0.42972707748413086,-0.03288137912750244,0.45128655433654785,0.4562873840332031,-0.02183401584625244,0.451286643743515,2,0.0
0.048985760658979416,7.913876665099906e-09,0.050227172672748566,0.10352090001106262,0.0,0.0,1.0,1.0,1.0,600,210272,6,14,1.4876402616500854,3.0535033031288425,-0.008772330358624458,-0.0020672758109867573,-0.005181178450584412,0.8772330358624458,1.0,0.42656755447387695,-0.035189151763916016,0.45008885860443115,0.44502735137939453,-0.027767181396484375,0.4500889480113983,2,0.0
0.006703040562570095,7.913876665099906e-09,4.364393316791393e-05,0.04068140313029289,0.0,0.0,0.0,1.0,1.0,600,210400,1,14,1.1533641815185547,2.3283726413564425,-0.005716054234653711,0.0018911114893853664,-0.004953931085765362,0.5716054234653711,1.0,0.4339714050292969,-0.02937912940979004,0.4503161907196045,0.44808340072631836,-0.023808717727661133,0.4503161609172821,2,0.0
0.06497279554605484,7.913875776921486e-09,0.0035155133809894323,0.06826863437891006,0.0,0.0,1.0,1.0,1.0,600,210464,25,14,0.44374075531959534,3.710082344409587,-0.0012749526649713516,0.0038036510813981295,-0.0024659449700266123,0.38036510813981295,1.0,0.43014979362487793,-0.031042098999023438,0.4528040885925293,0.45252537727355957,-0.021895885467529297,0.45280417799949646,2,0.0
0.12982840836048126,7.913872224207807e-09,0.11757613718509674,0.17783008515834808,0.0,0.0,1.0,1.0,1.0,600,211200,27,14,1.5046216249465942,3.4522994791890813,-0.00768632534891367,-0.006616637110710144,-0.007427207659929991,0.768632534891367,1.0,0.4252736568450928,-0.040779948234558105,0.4478428363800049,0.44611406326293945,-0.03231659531593323,0.44784286618232727,2,0.0
0.06270113587379456,7.913875776921486e-09,1.8473707314115018e-05,0.06545073539018631,0.0,0.0,1.0,1.0,1.0,600,216704,7,14,0.5626562237739563,3.748995212771619,-0.0013334871036931872,-0.008455537259578705,0.007767654024064541,0.8455537259578705,1.0,0.42985963821411133,-0.04340454936027527,0.46303772926330566,0.4524660110473633,-0.03415548801422119,0.46303775906562805,2,0.0
0.3561442196369171,7.913875776921486e-09,0.3563699424266815,0.38573262095451355,0.0,0.0,1.0,1.0,1.0,600,217600,5,14,2.1840925216674805,1.6823586220612385,0.0066720000468194485,-0.009846022352576256,0.0097329281270504,0.9846022352576256,1.0,0.4502525329589844,-0.039513587951660156,0.46500295400619507,0.46047163009643555,-0.03554582595825195,0.46500304341316223,2,0.0
0.07567984610795975,7.913875776921486e-09,0.021887363865971565,0.09720829129219055,0.0,0.0,1.0,1.0,1.0,600,217888,26,14,0.8696662783622742,4.315569222821108,0.009991156868636608,-0.007621950004249811,-0.007413916289806366,0.9991156868636608,1.0,0.4378228187561035,-0.044096946716308594,0.44785618782043457,0.4637916088104248,-0.03332185745239258,0.4478561580181122,2,0.0
1.0065487623214722,1.0065487623214722,1.0377435684204102,0.0983247309923172,1.0,1.0,1.0,0.0,0.0,290,218080,17,14,34.3458366394043,3.8462652174022396,0.000567206006962806,0.0001416907034581527,-0.000645781634375453,0.0645781634375453,1.0,0.4311820864677429,-0.03506690263748169,0.4546242356300354,0.2190987467765808,-0.29823389649391174,0.4546242356300354,2,0.9580838084220886
0.0221781674772501,7.913870447850968e-09,0.0023200560826808214,0.029505060985684395,0.0,0.0,0.0,1.0,1.0,600,218208,24,14,1.093222975730896,1.5575861136856208,-0.00961168110370636,0.005914544221013784,0.0018633377039805055,0.961168110370636,1.0,0.434722900390625,-0.02344822883605957,0.457133412361145,0.4441884756088257,-0.019785404205322266,0.4571334421634674,2,0.0
0.33208808302879333,7.913875776921486e-09,0.3322131633758545,0.3810657858848572,0.0,0.0,1.0,1.0,1.0,600,218336,4,14,1.915971040725708,2.799055277770596,0.0025006760843098164,-0.008492403663694859,-0.006712120957672596,0.8492403663694859,1.0,0.439363956451416,-0.040958404541015625,0.44855791330337524,0.4563002586364746,-0.03419232368469238,0.4485580027103424,2,0.0
0.2541023790836334,7.913876665099906e-09,0.2829640507698059,0.3331945836544037,0.0,0.0,1.0,1.0,1.0,600,218784,28,14,1.6034752130508423,2.878002659622423,-0.006811544764786959,0.0019445830257609487,-0.009751477278769016,0.9751477278769016,1.0,0.429579496383667,-0.030724048614501953,0.4455185532569885,0.4469888210296631,-0.023755431175231934,0.4455186426639557,2,0.0
0.0773150846362114,7.913875776921486e-09,0.002171111525967717,0.08777102082967758,0.0,0.0,1.0,1.0,1.0,600,218944,9,14,-0.0351865328848362,4.904513809949682,-0.0016502392245456576,-0.004855583421885967,0.002229928970336914,0.4855583421885967,1.0,0.4227023124694824,-0.042951345443725586,0.45750004053115845,0.4521493911743164,-0.03055548667907715,0.45750001072883606,2,0.0
0.4399952292442322,7.913876665099906e-09,0.4400576055049896,0.4965048134326935,0.0,0.0,1.0,1.0,1.0,600,219136,15,14,2.2037148475646973,3.2341835779036594,0.008934149518609047,0.0038877588231116533,-0.001526795094832778,0.8934149518609047,1.0,0.4431951642036438,-0.02970409393310547,0.4537432789802551,0.46273425221443176,-0.021811962127685547,0.4537433087825775,2,0.190476194024086
1.0041866302490234,1.0041866302490234,1.0052258968353271,0.035647474229335785,1.0,1.0,0.0,0.0,0.0,282,219296,6,14,34.918575286865234,1.982905301675194,0.0005145948380231857,0.0022310693748295307,-0.002505196724087,0.2505196724087,1.0,0.44228172302246094,-0.028176546096801758,0.4527648687362671,0.21923017501831055,-0.29528188705444336,0.4527648687362671,2,1.0
0.0014245308702811599,7.913868671494129e-09,0.002393866889178753,0.029645470902323723,0.0,0.0,0.0,1.0,1.0,600,219424,16,14,1.1083329916000366,1.5614028020494828,0.0022166790440678596,0.0008701912593096495,0.008403756655752659,0.8403756655752659,1.0,0.4465281367301941,-0.02850198745727539,0.46367380023002625,0.45601680874824524,-0.024829626083374023,0.463673859834671,2,0.0
0.186946302652359,7.913868671494129e-09,0.1599409282207489,0.24468162655830383,0.0,0.0,1.0,1.0,1.0,600,219424,30,14,1.050072193145752,4.855286075280461,-0.0016651646001264453,-0.002232160186395049,-0.004077673889696598,0.4077673889696598,1.0,0.4229774475097656,-0.0401911735534668,0.45119231939315796,0.4521346092224121,-0.027931690216064453,0.4511924088001251,2,0.0
0.06712796539068222,7.913876665099906e-09,3.5018725611735135e-05,0.07333558797836304,0.0,0.0,1.0,1.0,1.0,600,219776,2,14,0.40323370695114136,4.199813738088671,-0.007457807660102844,0.004262879490852356,0.007218061480671167,0.7457807660102844,1.0,0.42105960845947266,-0.03189745545387268,0.4624881148338318,0.44634199142456055,-0.021437078714370728,0.4624881446361542,2,0.0
0.5119144916534424,7.913875776921486e-09,0.545754611492157,0.6081991195678711,0.0,0.0,1.0,1.0,1.0,600,219936,29,14,1.3463623523712158,3.5778052724051235,-0.0009001385769806802,-0.0007894610171206295,-0.006385522428900003,0.6385522428900003,1.0,0.43131208419799805,-0.035283803939819336,0.4488845467567444,0.4529001712799072,-0.0264892578125,0.4488845765590668,2,0.00917431153357029
0.033455103635787964,7.913875776921486e-09,0.0225191880017519,0.06258690357208252,0.0,0.0,1.0,1.0,1.0,600,220128,12,14,0.8824671506881714,2.295712170849322,-0.00865337997674942,0.003070864826440811,0.004673509392887354,0.865337997674942,1.0,0.4312312602996826,-0.028117239475250244,0.45994359254837036,0.4451467990875244,-0.022629112005233765,0.45994362235069275,2,0.0
0.049576595425605774,7.913876665099906e-09,0.0013706674799323082,0.05555226281285286,0.0,0.0,1.0,1.0,1.0,600,220160,0,14,0.8751116991043091,3.104376899944625,-0.005648208782076836,-0.002479882910847664,0.006092228926718235,0.6092228926718235,1.0,0.42938852310180664,-0.035733699798583984,0.4613623023033142,0.4481515884399414,-0.028179645538330078,0.4613623321056366,2,0.0
0.001327386824414134,7.913876665099906e-09,0.0023776572197675705,0.025293903425335884,0.0,0.0,0.0,1.0,1.0,600,220704,20,14,1.4408525228500366,1.3130050436353977,0.0032214419916272163,-0.001421508495695889,-0.0030942081939429045,0.32214419916272163,1.0,0.4490354061126709,-0.03019237518310547,0.4521758258342743,0.4570215940475464,-0.02712106704711914,0.45217588543891907,2,0.0
1.0048646926879883,1.0048646926879883,1.0140328407287598,0.03649295121431351,1.0,1.0,0.0,0.0,0.0,283,225760,7,14,35.0134391784668,1.5655980323037515,0.001043309923261404,0.008202175609767437,0.005989705212414265,0.8202175609767437,1.0,0.4453291893005371,-0.02118012309074402,0.46125972270965576,0.21970605850219727,-0.2895583510398865,0.46125972270965576,2,0.9882352948188782
0.07187514007091522,7.913875776921486e-09,0.001812597387470305,0.082796610891819,0.0,0.0,1.0,1.0,1.0,600,226080,10,14,0.2519441843032837,4.640042908871265,-0.006820668466389179,0.00876261480152607,0.009062869474291801,0.9062869474291801,1.0,0.41909241676330566,-0.028600692749023438,0.4643329381942749,0.4469797611236572,-0.016936779022216797,0.4643329679965973,2,0.0
1.0048907995224,1.0048907995224,1.0049076080322266,0.04651905223727226,1.0,1.0,0.0,0.0,0.0,275,226688,26,14,34.97797775268555,2.6643876395566277,-0.0052992356941103935,0.009324085898697376,-0.0038827366661280394,0.9324085898697376,1.0,0.4323711395263672,-0.022797584533691406,0.45138734579086304,0.21336126327514648,-0.28844594955444336,0.45138728618621826,2,1.0
0.05486854538321495,7.913875776921486e-09,0.005807681009173393,0.06793904304504395,0.0,0.0,1.0,1.0,1.0,600,226976,13,14,0.38817107677459717,3.559865780550085,-0.0035437254700809717,0.0033243964426219463,0.009395616129040718,0.9395616129040718,1.0,0.4287750720977783,-0.031122446060180664,0.46466565132141113,0.4502565860748291,-0.02237546443939209,0.4646657407283783,2,0.0
0.058935247361660004,7.913874888743067e-09,0.00039535551331937313,0.06241636350750923,0.0,0.0,1.0,1.0,1.0,600,227296,3,14,0.9859635829925537,3.55354337325618,0.0038509557489305735,0.0018536194693297148,-0.008489614352583885,0.8489614352583885,1.0,0.43620729446411133,-0.032576799392700195,0.4467804431915283,0.45765066146850586,-0.02384626865386963,0.4467804729938507,2,0.0
1.0028811693191528,1.0028811693191528,1.0029711723327637,0.005733278580009937,1.0,1.0,0.0,0.0,0.0,291,227392,17,14,35.75122833251953,0.3233384339049062,-0.0020685940980911255,0.004963280167430639,-0.007208311464637518,0.7208311464637518,1.0,0.449758380651474,-0.021475881338119507,0.4480617344379425,0.21674904227256775,-0.29207301139831543,0.4480617642402649,2,1.0
0.41377511620521545,7.913875776921486e-09,0.41378942131996155,0.4173555076122284,0.0,0.0,1.0,1.0,1.0,600,227648,11,14,3.319276809692383,0.20432051998758285,-0.0025353191886097193,-0.007524958811700344,-0.003143524983897805,0.7524958811700344,1.0,0.45001769065856934,-0.0336909294128418,0.45212647318840027,0.4512650966644287,-0.03322482109069824,0.4521265923976898,2,0.3663366436958313
1.0015052556991577,1.0015052556991577,1.001665472984314,0.018165867775678635,1.0,1.0,0.0,0.0,0.0,292,227680,4,14,35.345069885253906,1.0316472468860642,0.0035579900722950697,0.003545027459040284,0.009831416420638561,0.9831416420638561,1.0,0.4510769844055176,-0.02455282211303711,0.4651014506816864,0.22248363494873047,-0.29298949241638184,0.465101420879364,2,1.0
0.06254573911428452,7.913875776921486e-09,0.010892641730606556,0.07713467627763748,0.0,0.0,1.0,1.0,1.0,600,228128,21,14,0.4095877707004547,3.7953875651616378,-0.009615977294743061,-0.003146582283079624,0.0008009195444174111,0.9615977294743061,1.0,0.42130136489868164,-0.03821921348571777,0.4560709595680237,0.44418418407440186,-0.02884650230407715,0.45607098937034607,2,0.0
0.32947051525115967,7.913869559672548e-09,0.3294869065284729,0.40525734424591064,0.0,0.0,1.0,1.0,1.0,600,228288,14,14,1.4264147281646729,4.341333123257219,0.007469508331269026,-0.005429695826023817,0.001223777187988162,0.7469508331269026,1.0,0.4351484775543213,-0.041974544525146484,0.4564937949180603,0.4612698554992676,-0.03112959861755371,0.45649388432502747,2,0.0
0.06005825102329254,7.913875776921486e-09,8.910633187042549e-05,0.06467955559492111,0.0,0.0,1.0,1.0,1.0,600,228288,22,14,0.5680778622627258,3.7007595630793424,-0.0005623965989798307,0.007005938794463873,-0.009604685939848423,0.9604685939848423,1.0,0.4309178590774536,-0.027814656496047974,0.4456654191017151,0.4532378911972046,-0.018694013357162476,0.4456653892993927,2,0.0
0.6505376100540161,7.913875776921486e-09,0.6541785001754761,0.7018746733665466,0.0,0.0,1.0,1.0,1.0,600,228352,18,14,2.923137664794922,2.7327885689997204,0.002492370782420039,-0.006453467067331076,0.005793491378426552,0.6453467067331076,1.0,0.4397526979446411,-0.03874969482421875,0.4610634446144104,0.4562924802303314,-0.03215348720550537,0.46106359362602234,2,0.24827586114406586
0.0008740584598854184,7.913875776921486e-09,0.0010199947282671928,0.04801487922668457,0.0,0.0,0.0,1.0,1.0,600,228640,19,14,1.3314460515975952,2.6926084871032394,0.009805653244256973,-0.0058802710846066475,-0.008251434192061424,0.9805653244256973,1.0,0.44730710983276367,-0.03807353973388672,0.44701868295669556,0.4636057913303375,-0.031580209732055664,0.44701865315437317,2,0.0
0.0008095791563391685,7.913875776921486e-09,0.0008393440512008965,0.038168441504240036,0.0,0.0,0.0,1.0,1.0,600,228864,23,14,0.9813879132270813,2.138799887169092,0.007310362067073584,-0.0018300319788977504,-0.007932952605187893,0.7932952605187893,1.0,0.4481388330459595,-0.032625675201416016,0.4473370909690857,0.4611104726791382,-0.02753007411956787,0.4473371207714081,2,0.0
0.06063634529709816,7.913870447850968e-09,0.06542715430259705,0.12874764204025269,0.0,0.0,1.0,1.0,1.0,600,228960,31,14,0.28291308879852295,3.6280001191721354,-0.009952950291335583,-0.004584610927850008,0.0031146060209721327,0.9952950291335583,1.0,0.42195987701416016,-0.03921198844909668,0.45838475227355957,0.4438467025756836,-0.030284404754638672,0.4583847224712372,2,0.0
0.04092595353722572,7.913875776921486e-09,0.046624694019556046,0.11705350130796432,0.0,0.0,1.0,1.0,1.0,600,229184,8,14,1.1380566358566284,4.035274480983064,-0.009426203556358814,0.006549885496497154,0.003847625572234392,0.9426203556358814,1.0,0.42006635665893555,-0.02916586399078369,0.459117591381073,0.44437360763549805,-0.019150137901306152,0.45911774039268494,2,0.0
1.0056133270263672,1.0056133270263672,1.0068812370300293,0.013751638121902943,1.0,1.0,0.0,0.0,0.0,290,229408,12,14,35.68510437011719,0.715263386299259,0.0021233807783573866,0.009793868288397789,0.003918779548257589,0.9793868288397789,1.0,0.4515645503997803,-0.017556190490722656,0.459188848733902,0.22072768211364746,-0.288239985704422,0.4591888189315796,2,1.0
0.3593740165233612,7.913871336029388e-09,0.36653265357017517,0.42646723985671997,0.0,0.0,1.0,1.0,1.0,600,229600,1,14,1.6907449960708618,3.434001402402617,0.009151631034910679,-0.004456975497305393,0.009121212176978588,0.9151631034910679,1.0,0.44222021102905273,-0.03857231140136719,0.46439129114151,0.4629511833190918,-0.030156850814819336,0.4643913209438324,2,0.0
0.04020051285624504,7.913876665099906e-09,0.0004958298522979021,0.041392065584659576,0.0,0.0,0.0,1.0,1.0,600,229664,25,14,0.7542821168899536,2.3431821990243225,0.0038454742170870304,-0.007623729761689901,-0.0022356456611305475,0.7623729761689901,1.0,0.44344449043273926,-0.03893089294433594,0.4530344605445862,0.4576456546783447,-0.03332328796386719,0.4530344307422638,2,0.0
0.2313738912343979,0.2313738912343979,0.2405824065208435,0.09580440074205399,0.15850376731851504,0.0,1.0,0.0,1.0,600,230400,27,14,6.048974990844727,4.961579613578316,-0.004675482399761677,0.008498052135109901,-0.002370030852034688,0.8498052135109901,1.0,0.4193410873413086,-0.02975669503211975,0.4528999924659729,0.372328519821167,-0.056339412927627563,0.4528999626636505,2,0.0
1.0072026252746582,1.0072026252746582,1.0084717273712158,0.022821635007858276,1.0,1.0,0.0,0.0,0.0,287,234944,7,14,34.94841766357422,1.2348669324785113,0.008604053407907486,0.006456371862441301,0.005988616030663252,0.8604053407907486,1.0,0.4548912048339844,-0.022126436233520508,0.4612586796283722,0.22708511352539062,-0.2921580970287323,0.4612587094306946,2,0.8571428656578064
1.0023162364959717,1.0023162364959717,1.002558708190918,0.017663700506091118,1.0,1.0,0.0,0.0,0.0,280,235040,10,14,35.72490692138672,0.9981576554467281,-0.00043077050941064954,0.00022201753745321184,-0.007931689731776714,0.7931689731776714,1.0,0.44729185104370117,-0.02779531478881836,0.4473382830619812,0.2184314727783203,-0.29660844802856445,0.44733840227127075,2,1.0
0.07473159581422806,7.913876665099906e-09,0.0009072025422938168,0.0796256959438324,0.0,0.0,1.0,1.0,1.0,600,236800,5,14,0.41021138429641724,4.510237725016111,-0.00041974199120886624,0.007824297063052654,-0.005475720856338739,0.7824297063052654,1.0,0.42625904083251953,-0.02918243408203125,0.44979429244995117,0.45337963104248047,-0.017875194549560547,0.44979438185691833,2,0.0
0.24533769488334656,7.913875776921486e-09,0.2453647255897522,0.2755397856235504,0.0,0.0,1.0,1.0,1.0,600,237408,24,14,2.0147454738616943,1.7289056142029349,-0.005559494253247976,4.10644997828058e-06,0.008574855513870716,0.8574855513870716,1.0,0.4377399682998657,-0.029777050018310547,0.4638448655605316,0.44824063777923584,-0.02569580078125,0.4638449251651764,2,0.0
0.389617383480072,7.913876665099906e-09,0.390181303024292,0.44760340452194214,0.0,0.0,1.0,1.0,1.0,600,237984,28,14,1.7792997360229492,3.2900496161158976,0.00991703663021326,-0.005198479630053043,0.006068281829357147,0.9917036630213261,1.0,0.4438443183898926,-0.03893613815307617,0.4613383412361145,0.4637172222137451,-0.030898451805114746,0.4613383710384369,2,0.0
5.0738006393658e-05,7.913876665099906e-09,6.804984877817333e-05,0.015674302354454994,0.0,0.0,0.0,1.0,1.0,600,238144,9,14,1.3560742139816284,0.8941725076449268,0.007289712317287922,0.004394215065985918,0.009984198957681656,0.9984198957681656,1.0,0.4556431770324707,-0.023377418518066406,0.46525418758392334,0.4610891342163086,-0.02130603790283203,0.4652542769908905,2,0.0
1.0066646337509155,1.0066646337509155,1.007002592086792,0.043001338839530945,1.0,1.0,0.0,0.0,0.0,301,238272,19,14,34.604042053222656,2.444434630827884,0.006778086069971323,-0.0021187006495893,0.009853777475655079,0.9853777475655079,1.0,0.4457688629627228,-0.033681631088256836,0.4651237726211548,0.2253006100654602,-0.3005361557006836,0.46512383222579956,2,0.7514451146125793
0.07351737469434738,7.913876665099906e-09,0.0029558539390563965,0.08022721856832504,0.0,0.0,1.0,1.0,1.0,600,238336,15,14,0.8151954412460327,4.42732520490768,0.0067573850974440575,-0.0014164260355755687,-0.008182057179510593,0.8182057179510593,1.0,0.43392714858055115,-0.038196563720703125,0.44708794355392456,0.4605574905872345,-0.027115821838378906,0.4470880329608917,2,0.0
0.05352373421192169,7.913869559672548e-09,1.6059466361184604e-06,0.05584466829895973,0.0,0.0,1.0,1.0,1.0,600,238496,6,14,0.3373499810695648,3.1995733018319124,0.005907516926527023,0.001590966945514083,-0.006231991574168205,0.6231991574168205,1.0,0.44037580490112305,-0.03191041946411133,0.4490380883216858,0.45970726013183594,-0.02410888671875,0.4490381181240082,2,0.0
0.00010574989573797211,7.913874000564647e-09,0.00011759562039515004,0.009832613170146942,0.0,0.0,0.0,1.0,1.0,600,238624,16,14,1.5078548192977905,0.5566298415873329,-0.009488211944699287,-0.007853430695831776,0.007553169038146734,0.9488211944699287,1.0,0.4409177899360657,-0.03483295440673828,0.46282318234443665,0.44431188702583313,-0.033553361892700195,0.4628232419490814,2,0.0
0.018462978303432465,7.913875776921486e-09,0.019547848030924797,0.051731668412685394,0.0,0.0,1.0,1.0,1.0,600,238624,30,14,1.5360488891601562,1.8439965428734713,0.005144811235368252,-0.005308730062097311,-0.0027846123557537794,0.5308730062097311,1.0,0.44774961471557617,-0.03537273406982422,0.45248544216156006,0.45894432067871094,-0.031008243560791016,0.45248547196388245,2,0.0
1.0004584789276123,1.0004584789276123,1.0103416442871094,0.02029898203909397,1.0,1.0,0.0,0.0,0.0,300,238784,8,14,35.70215606689453,0.5967871917604823,-0.003728712210431695,-0.00505613861605525,0.005173698998987675,0.5173698998987675,1.0,0.44643211364746094,-0.03212904930114746,0.46044376492500305,0.21528053283691406,-0.3012087345123291,0.46044373512268066,2,1.0
0.0589582584798336,7.913876665099906e-09,0.005488344002515078,0.06913866102695465,0.0,0.0,1.0,1.0,1.0,600,238976,2,14,0.5560924410820007,3.6468949837373295,-0.009988551959395409,0.0017895579803735018,-0.007475754711776972,0.9988551959395409,1.0,0.421811580657959,-0.03288808465003967,0.44779425859451294,0.44381093978881836,-0.02391040325164795,0.4477943480014801,2,0.0
0.006673883181065321,7.91386689513729e-09,0.001756639569066465,0.045524585992097855,0.0,0.0,0.0,1.0,1.0,600,239136,29,14,0.942677915096283,2.507718681365579,0.0061806244775652885,-0.001030642888508737,0.006237579043954611,0.6237579043954611,1.0,0.444791316986084,-0.032753705978393555,0.4615076184272766,0.45998096466064453,-0.02673053741455078,0.461507648229599,2,0.0
0.0719534382224083,7.913868671494129e-09,0.024627503007650375,0.10562978684902191,0.0,0.0,1.0,1.0,1.0,600,239360,0,14,-0.14120709896087646,4.641090489135215,-0.0053832801058888435,-0.006955199409276247,-0.00995816383510828,0.995816383510828,1.0,0.42052316665649414,-0.044321537017822266,0.44531190395355225,0.44841623306274414,-0.032654762268066406,0.44531193375587463,2,0.0
1.0038273334503174,1.0038273334503174,1.0041162967681885,0.031092004850506783,1.0,1.0,0.0,0.0,0.0,287,239584,27,14,34.975189208984375,1.764887691080797,0.004185312893241644,0.007787205744534731,0.0073176356963813305,0.7787205744534731,1.0,0.447268009185791,-0.022082358598709106,0.46258771419525146,0.22292876243591309,-0.28959453105926514,0.4625876545906067,2,1.0
0.2515644431114197,7.913875776921486e-09,0.25172820687294006,0.2622790038585663,0.0,0.0,1.0,1.0,1.0,600,239904,20,14,2.444425582885742,0.6045186990966723,0.00786397885531187,-0.006761099211871624,-0.009631232358515263,0.9631232358515263,1.0,0.4579787254333496,-0.03385210037231445,0.4456387758255005,0.461664080619812,-0.032460689544677734,0.44563886523246765,2,0.0
1.0022169351577759,1.0022169351577759,1.0891244411468506,0.16195034980773926,1.0,1.0,1.0,1.0,1.0,444,240896,26,15,32.53681564331055,4.299627561298299,-0.007573895622044802,-0.0043781111016869545,-0.001344204181805253,0.7573895622044802,1.0,0.4203519821166992,-0.04080915451049805,0.4539259076118469,0.21129608154296875,-0.30117201805114746,0.4539259076118469,2,0.0
0.06798674166202545,7.913875776921486e-09,0.0031846866477280855,0.07569684088230133,0.0,0.0,1.0,1.0,1.0,600,246176,13,15,0.38956090807914734,4.1546410013523225,-0.007623540703207254,0.0029930772725492716,-0.00565690640360117,0.7623540703207254,1.0,0.421161413192749,-0.03304469585418701,0.44961315393447876,0.44617676734924316,-0.02270686626434326,0.44961318373680115,2,0.0
0.001090190839022398,7.913874888743067e-09,0.001103981165215373,0.021405957639217377,0.0,0.0,0.0,1.0,1.0,600,246496,3,15,1.138165831565857,1.1632187816936066,-0.001982589950785041,0.003451529424637556,0.00838581845164299,0.838581845164299,1.0,0.44473838806152344,-0.024959564208984375,0.4636557996273041,0.45181703567504883,-0.022248387336730957,0.46365591883659363,2,0.0
0.3646725118160248,7.913875776921486e-09,0.3768344223499298,0.4247265160083771,0.0,0.0,1.0,1.0,1.0,600,246592,17,15,1.9320226907730103,2.7440124907967554,0.009882290847599506,-0.009488612413406372,0.004587527830153704,0.9882290847599506,1.0,0.44707539677619934,-0.04181364178657532,0.4598575830459595,0.4636823832988739,-0.03518858551979065,0.45985761284828186,2,0.0
0.02856842242181301,7.913875776921486e-09,0.02908274531364441,0.09202059358358383,0.0,0.0,1.0,1.0,1.0,600,246848,11,15,1.2020349502563477,3.606072650615456,0.008370514027774334,0.007888284511864185,-0.0010083140805363655,0.8370514027774334,1.0,0.4404144287109375,-0.026680946350097656,0.4542617201805115,0.4621708393096924,-0.01781153678894043,0.45426180958747864,2,0.0
0.7654018998146057,7.913875776921486e-09,0.7654733657836914,0.8187462091445923,0.0,0.0,1.0,1.0,1.0,600,246880,4,15,3.303305149078369,3.0522996957310395,0.009968605823814869,-0.0010886957170441747,0.00838408898562193,0.9968605823814869,1.0,0.4453158378601074,-0.03420686721801758,0.46365416049957275,0.46376800537109375,-0.02678847312927246,0.46365419030189514,2,0.3195266127586365
0.020921703428030014,7.913876665099906e-09,0.020946981385350227,0.03282175958156586,0.0,0.0,0.0,1.0,1.0,600,247328,21,15,1.842377781867981,0.6803744598537166,-0.00835771206766367,-0.009458042681217194,0.0026649406645447016,0.9458042681217194,1.0,0.4412953853607178,-0.03672623634338379,0.45793500542640686,0.4454425573348999,-0.03515791893005371,0.45793506503105164,2,0.0
0.11821158230304718,7.913875776921486e-09,0.10136998444795609,0.18490491807460785,0.0,0.0,1.0,1.0,1.0,600,247488,14,15,1.148686170578003,4.7861995655994285,-0.0007841488695703447,-0.007959798909723759,-0.005081287585198879,0.7959798909723759,1.0,0.42426609992980957,-0.04572725296020508,0.4501888155937195,0.4530160427093506,-0.03365969657897949,0.4501887857913971,2,0.0
0.7270358204841614,7.913869559672548e-09,0.7284902930259705,0.7923061847686768,0.0,0.0,1.0,1.0,1.0,600,247488,22,15,3.038822889328003,3.6564064490433954,0.007629338186234236,-0.00011728974641300738,0.0028861192986369133,0.7629338186234236,1.0,0.4393733739852905,-0.03481993079185486,0.45815616846084595,0.4614294767379761,-0.02581724524497986,0.45815619826316833,2,0.327160507440567
0.003766919719055295,7.913875776921486e-09,0.0012570427497848868,0.07591492682695389,0.0,0.0,1.0,1.0,1.0,600,247552,18,15,0.5241647362709045,4.277582271978436,-0.0049890740774571896,-0.008711351081728935,0.009758463129401207,0.9758463129401207,1.0,0.4230670928955078,-0.045082807540893555,0.4650285243988037,0.44881102442741394,-0.03441131114959717,0.4650285542011261,2,0.0
1.0010809898376465,1.0010809898376465,1.004843831062317,0.021568525582551956,1.0,1.0,0.0,0.0,0.0,294,247904,6,15,35.539833068847656,1.0201918457091892,0.0052909753285348415,0.00793807115405798,-0.0022859603632241488,0.793807115405798,1.0,0.4528799057006836,-0.020131826400756836,0.45298415422439575,0.22425127029418945,-0.28844165802001953,0.452984094619751,2,1.0
0.637019693851471,7.913875776921486e-09,0.6404967308044434,0.708991289138794,0.0,0.0,1.0,1.0,1.0,600,248064,23,15,2.2964725494384766,3.9244563692468994,0.008469383232295513,-0.007118022534996271,0.001792234368622303,0.8469383232295513,1.0,0.4386199712753296,-0.042536020278930664,0.4570622444152832,0.46226966381073,-0.032817959785461426,0.45706233382225037,2,0.22068965435028076
1.0040435791015625,1.0040435791015625,1.032082438468933,0.038516879081726074,1.0,1.0,0.0,0.0,0.0,296,248096,16,15,35.85972213745117,0.6003420917800624,-0.0010912746656686068,0.0039498284459114075,-0.004127605818212032,0.41276058182120323,1.0,0.4490487575531006,-0.023131370544433594,0.45114246010780334,0.21763503551483154,-0.29351067543029785,0.45114243030548096,2,1.0
3.735860445885919e-05,7.913871336029388e-09,5.35359577042982e-05,0.008113881573081017,0.0,0.0,0.0,1.0,1.0,600,248160,31,15,1.7409038543701172,0.46182430794747,-0.007611040025949478,-0.004435463808476925,4.7247121983673424e-05,0.7611040025949478,1.0,0.4433722496032715,-0.031194686889648438,0.45531731843948364,0.44618844985961914,-0.030135393142700195,0.45531734824180603,2,0.0
1.0002055168151855,1.0002055168151855,1.0055948495864868,0.05163951590657234,1.0,1.0,1.0,0.0,0.0,294,248544,29,15,34.79362869262695,2.6499413625752277,0.007777615450322628,0.00040207395795732737,0.006515159737318754,0.7777615450322628,1.0,0.44553470611572266,-0.03168296813964844,0.46178513765335083,0.2268071174621582,-0.2956581115722656,0.4617852568626404,2,1.0
0.42952924966812134,7.913875776921486e-09,0.4334108233451843,0.48371222615242004,0.0,0.0,1.0,1.0,1.0,600,248608,12,15,2.4782795906066895,2.8820561634514137,0.00363089214079082,0.002220606431365013,-0.0008144837338477373,0.363089214079082,1.0,0.43999719619750977,-0.030458301305770874,0.45445555448532104,0.4574310779571533,-0.023479342460632324,0.45445558428764343,2,0.2954545319080353
1.00006103515625,1.00006103515625,1.0006577968597412,0.03755658492445946,1.0,1.0,0.0,0.0,0.0,284,248672,27,15,34.739540100097656,2.1176395342335694,0.007466834969818592,0.007260971702635288,0.0031943758949637413,0.7466834969818592,1.0,0.4484231472015381,-0.0234815776348114,0.4584643840789795,0.22650790214538574,-0.28874632716178894,0.45846444368362427,2,1.0
0.017839647829532623,7.913876665099906e-09,0.0016413420671597123,0.02135608159005642,0.0,0.0,0.0,1.0,1.0,600,248800,1,15,1.1660513877868652,1.1295717757382429,-0.008650338277220726,0.0071006156504154205,-0.006800202187150717,0.8650338277220726,1.0,0.4382753372192383,-0.021230220794677734,0.4484698176383972,0.44514942169189453,-0.018599271774291992,0.4484699070453644,2,0.0
0.057218220084905624,7.913877553278326e-09,0.05827602744102478,0.10355022549629211,0.0,0.0,1.0,1.0,1.0,600,248864,25,15,1.5883713960647583,2.594019829075983,0.004924309905618429,-0.005665814504027367,-0.0074011110700666904,0.740111107006669,1.0,0.44301700592041016,-0.03760814666748047,0.44786888360977173,0.4587247371673584,-0.031365394592285156,0.4478689730167389,2,0.0
0.002778588328510523,7.91386423060203e-09,0.0027920377906411886,0.0152707165107131,0.0,0.0,0.0,1.0,1.0,600,254144,7,15,1.5033217668533325,0.714976251549854,0.0014486666768789291,-0.00022874862770549953,0.0020343284122645855,0.20343284122645855,1.0,0.45089101791381836,-0.02757817506790161,0.457304447889328,0.4552483558654785,-0.02592870593070984,0.457304447889328,2,0.0
0.03677529841661453,7.913875776921486e-09,0.0003053640539292246,0.041123032569885254,0.0,0.0,0.0,1.0,1.0,600,254240,10,15,1.193961501121521,2.338681531248107,-0.00549412053078413,0.001532792579382658,0.0020067926961928606,0.549412053078413,1.0,0.43413209915161133,-0.029763221740722656,0.4572768807411194,0.4483063220977783,-0.024166584014892578,0.4572769105434418,2,0.0
1.0028595924377441,1.0028595924377441,1.0102202892303467,0.03573973849415779,1.0,1.0,0.0,0.0,0.0,290,255872,17,15,35.21631622314453,1.6259995295682899,-0.008391384035348892,0.0014966330491006374,-0.0032652688678354025,0.8391384035348892,1.0,0.43552976846694946,-0.028033018112182617,0.4520048201084137,0.2104279100894928,-0.2955319285392761,0.4520047903060913,2,1.0
0.07408738136291504,7.913876665099906e-09,2.7563115509110503e-05,0.07863236218690872,0.0,0.0,1.0,1.0,1.0,600,256000,5,15,0.05840441212058067,4.503725566529327,0.006456802133470774,0.006895238533616066,0.004531670827418566,0.6895238533616066,1.0,0.43317508697509766,-0.030092716217041016,0.45980173349380493,0.46025657653808594,-0.018804073333740234,0.4598017632961273,2,0.0
0.07102984189987183,7.913876665099906e-09,0.00012311812315601856,0.07511068880558014,0.0,0.0,1.0,1.0,1.0,600,256608,24,15,0.6652402281761169,4.296473721449045,-0.002467339625582099,0.001286581507883966,-0.001344875548966229,0.2467339625582099,1.0,0.4254770278930664,-0.03513669967651367,0.45392513275146484,0.4513329267501831,-0.024413585662841797,0.453925222158432,2,0.0
0.517174482345581,7.913875776921486e-09,0.5433106422424316,0.615882933139801,0.0,0.0,1.0,1.0,1.0,600,257184,28,15,1.5546380281448364,4.15807274452343,-0.0033939536660909653,0.005029913038015366,-0.008159853518009186,0.8159853518009186,1.0,0.425370454788208,-0.031017065048217773,0.44711023569107056,0.4504063129425049,-0.020670056343078613,0.44711026549339294,2,0.0
0.7909721732139587,7.913876665099906e-09,0.8008294701576233,0.8185210824012756,0.0,0.0,1.0,1.0,1.0,600,257344,9,15,4.169205665588379,1.0136559950037218,0.0028705375734716654,-0.003020881675183773,-0.00858941301703453,0.8589413017034531,1.0,0.4504990577697754,-0.03107476234436035,0.44668060541152954,0.45667028427124023,-0.028720617294311523,0.4466806948184967,2,0.21808511018753052
0.05258500948548317,7.913876665099906e-09,0.0073495665565133095,0.0617869533598423,0.0,0.0,1.0,1.0,1.0,600,257472,19,15,0.8640397191047668,3.119033205243003,0.002716638846322894,-0.00730517553165555,0.006020197179168463,0.730517553165555,1.0,0.4376656413078308,-0.040596961975097656,0.461290180683136,0.4565167725086212,-0.0330049991607666,0.46129027009010315,2,0.0
1.00037682056427,1.00037682056427,1.0013405084609985,0.03641137853264809,1.0,1.0,0.0,0.0,0.0,294,257472,23,15,35.23056411743164,2.0310041341406584,-0.004548446275293827,0.006503329146653414,-0.001970755634829402,0.6503329146653414,1.0,0.43692922592163086,-0.024023771286010742,0.45329922437667847,0.21446728706359863,-0.28961920738220215,0.45329928398132324,2,1.0
0.023205764591693878,7.913874000564647e-09,0.021765073761343956,0.09635148197412491,0.0,0.0,1.0,1.0,1.0,600,257536,15,15,0.9642622470855713,4.273486719797368,-0.0014083152636885643,-0.0017442961689084768,-0.0008502696291543543,0.17442961689084768,1.0,0.42667216062545776,-0.03810453414916992,0.4544198513031006,0.45239177346229553,-0.027443885803222656,0.4544198215007782,2,0.0
1.0030845403671265,1.0030845403671265,1.039062261581421,0.08146541565656662,1.0,1.0,1.0,0.0,0.0,283,257664,12,15,34.69516372680664,2.606252057549241,-0.0002803913375828415,0.008162083104252815,-0.0013021909398958087,0.8162083104252815,1.0,0.43773913383483887,-0.023811131715774536,0.453967809677124,0.2185213565826416,-0.2889486253261566,0.453967809677124,2,1.0
0.0384354442358017,7.913876665099906e-09,0.0001458107290090993,0.046800073236227036,0.0,0.0,0.0,1.0,1.0,600,257824,30,15,0.6270149946212769,2.6730916484367513,-0.003103627124801278,0.005189414601773024,0.009442622773349285,0.9442622773349285,1.0,0.43451499938964844,-0.026954174041748047,0.46471256017684937,0.4506959915161133,-0.020510196685791016,0.4647127091884613,2,0.0
0.6841127276420593,7.913875776921486e-09,0.6855928301811218,0.7471391558647156,0.0,0.0,1.0,1.0,1.0,600,257984,8,15,2.736745834350586,3.526352603613771,0.0072722285985946655,0.008811251260340214,-0.006723753642290831,0.8811251260340214,1.0,0.439791202545166,-0.025547146797180176,0.44854623079299927,0.4610719680786133,-0.016888737678527832,0.44854632019996643,2,0.21621622145175934
1.0023208856582642,1.0023208856582642,1.015130877494812,0.04181104153394699,1.0,1.0,0.0,0.0,0.0,307,257984,31,15,36.3804931640625,1.6616324130248348,-0.008182702586054802,0.008205516263842583,-0.009660528041422367,0.9660528041422367,1.0,0.43552303314208984,-0.02141094207763672,0.44560959935188293,0.2106785774230957,-0.28862643241882324,0.44560950994491577,2,1.0
0.05480416864156723,7.913872224207807e-09,2.7280024369247258e-05,0.05807705223560333,0.0,0.0,1.0,1.0,1.0,600,258176,2,15,0.5540771484375,3.32600714700143,-0.0012561242328956723,0.005477124359458685,0.0010019580367952585,0.5477124359458685,1.0,0.43245601654052734,-0.028354734182357788,0.4562720060348511,0.4525432586669922,-0.02022281289100647,0.45627203583717346,2,0.0
0.036076854914426804,7.913876665099906e-09,0.04059178754687309,0.0888206958770752,0.0,0.0,1.0,1.0,1.0,600,258560,0,15,1.4653931856155396,2.7633141785043884,-0.00941583514213562,0.002059057354927063,-0.0036605822388082743,0.941583514213562,1.0,0.4276614189147949,-0.030314922332763672,0.4516094923019409,0.4443836212158203,-0.02364063262939453,0.4516095221042633,2,0.0
0.6348649263381958,7.913876665099906e-09,0.6350834965705872,0.6649243235588074,0.0,0.0,1.0,1.0,1.0,600,259104,20,15,3.914735794067383,1.709751415892692,-0.0057156505063176155,-0.0032543689012527466,0.005278570577502251,0.5715650506317616,1.0,0.437699556350708,-0.0329890251159668,0.46054863929748535,0.4480844736099243,-0.028954029083251953,0.46054866909980774,2,0.6948052048683167
0.018596377223730087,7.913875776921486e-09,0.01046116091310978,0.07582862675189972,0.0,0.0,1.0,1.0,1.0,600,260096,26,15,0.9120813608169556,3.745280016749955,0.000725477235391736,0.006877898704260588,-0.000906511559151113,0.6877898704260588,1.0,0.43194079399108887,-0.028061389923095703,0.45436352491378784,0.4545257091522217,-0.01882195472717285,0.454363614320755,2,0.0
1.0036540031433105,1.0036540031433105,1.0037431716918945,0.03788591921329498,1.0,1.0,0.0,0.0,0.0,286,263296,7,15,34.89695739746094,2.16559173107529,0.006593012250959873,-0.0010427513625472784,-0.009729035198688507,0.9729035198688507,1.0,0.44726037979125977,-0.03190493583679199,0.4455409646034241,0.22534942626953125,-0.29836106300354004,0.4455410838127136,2,0.9939024448394775
1.002938985824585,1.002938985824585,1.0029534101486206,0.03309493139386177,1.0,1.0,0.0,0.0,0.0,296,265344,17,15,35.13566589355469,1.8953717317064263,-0.008002882823348045,0.004040652420371771,0.0004950077272951603,0.8002882823348045,1.0,0.4342923164367676,-0.02615034580230713,0.4557650089263916,0.21081030368804932,-0.29301702976226807,0.4557650685310364,2,1.0
0.0719880759716034,7.913875776921486e-09,0.14021392166614532,0.20875631272792816,0.0,0.0,1.0,1.0,1.0,600,265376,13,15,0.4032645523548126,3.927188871801728,-0.009081102907657623,0.0007591243484057486,0.0045502884313464165,0.9081102907657623,1.0,0.4210529327392578,-0.03466606140136719,0.4598202705383301,0.4447190761566162,-0.024940848350524902,0.45982035994529724,2,0.0
0.24666257202625275,7.913875776921486e-09,0.2505822777748108,0.3260718584060669,0.0,0.0,1.0,1.0,1.0,600,265696,3,15,0.924905002117157,4.325234794270322,0.00973602570593357,-0.006050931289792061,0.0030186548829078674,0.9736025705933571,1.0,0.43751001358032227,-0.04255211353302002,0.4582887291908264,0.46353578567504883,-0.031751036643981934,0.4582887589931488,2,0.0
0.017415747046470642,7.913875776921486e-09,0.004154214169830084,0.05450551211833954,0.0,0.0,1.0,1.0,1.0,600,266048,11,15,0.8612162470817566,2.8849169454965913,0.009167442098259926,0.0014824309619143605,0.0013329044450074434,0.9167442098259926,1.0,0.44551682472229004,-0.031203746795654297,0.4566029906272888,0.4629676342010498,-0.02421736717224121,0.4566030204296112,2,0.0
0.3993050754070282,7.913876665099906e-09,0.39973556995391846,0.4583131670951843,0.0,0.0,1.0,1.0,1.0,600,266080,4,15,2.0346081256866455,3.356252291863304,0.005086579825729132,0.0009272818570025265,0.002503572730347514,0.5086579825729132,1.0,0.43861865997314453,-0.03298354148864746,0.4577736258506775,0.45888614654541016,-0.02477264404296875,0.4577736556529999,2,0.1666666716337204
1.0001282691955566,1.0001282691955566,1.0001416206359863,0.00021003102301619947,1.0,1.0,0.0,0.0,0.0,280,266496,15,15,36.054420471191406,0.01127419939314465,-0.00037884319317527115,-0.0005351088475435972,-0.0032490480225533247,0.32490480225533247,1.0,0.45335233211517334,-0.026260852813720703,0.4520210325717926,0.21865659952163696,-0.2965669631958008,0.4520210027694702,2,1.0
3.710936289280653e-05,7.913868671494129e-09,5.301677811075933e-05,0.01705433614552021,0.0,0.0,0.0,1.0,1.0,600,266528,21,15,1.2720106840133667,0.9741043972325877,0.00878351554274559,-0.0003744938876479864,0.00946624856442213,0.9466248564422131,1.0,0.45665204524993896,-0.028334856033325195,0.4647362530231476,0.46258366107940674,-0.02607440948486328,0.46473637223243713,2,0.0
0.032133549451828,7.913869559672548e-09,0.032754212617874146,0.06466392427682877,0.0,0.0,1.0,1.0,1.0,600,266688,14,15,1.6172075271606445,1.8282945783018465,0.003148359479382634,-0.008360560983419418,-0.002685723127797246,0.8360560983419418,1.0,0.4458482265472412,-0.038385868072509766,0.4525842070579529,0.45694875717163086,-0.03406047821044922,0.4525843560695648,2,0.0
0.07678021490573883,7.913875776921486e-09,2.9827408525306964e-06,0.07924923300743103,0.0,0.0,1.0,1.0,1.0,600,266688,22,15,0.5452839136123657,4.540475399358581,0.007967920042574406,-0.0014428076101467013,-0.009941184893250465,0.9941184893250465,1.0,0.4344686269760132,-0.03853219747543335,0.44532889127731323,0.4617680311203003,-0.027142763137817383,0.4453289210796356,2,0.0
0.02485610358417034,7.913875776921486e-09,0.009998015128076077,0.036177270114421844,0.0,0.0,0.0,1.0,1.0,600,266752,18,15,1.0459544658660889,1.4999601278233405,-0.0024551369715481997,0.009075986221432686,-0.007390507962554693,0.9075986221432686,1.0,0.4422277808189392,-0.020146846771240234,0.44787952303886414,0.4513449966907501,-0.016624093055725098,0.4478795826435089,2,0.0
1.0038635730743408,1.0038635730743408,1.0038988590240479,0.029879383742809296,1.0,1.0,0.0,0.0,0.0,279,266912,31,15,35.20467758178711,1.7099375385475748,-0.008031857199966908,0.002288268646225333,-0.007025953382253647,0.8031857199966908,1.0,0.4353823661804199,-0.027446746826171875,0.4482441842556,0.2107090950012207,-0.2951068878173828,0.44824403524398804,2,1.0
0.22797845304012299,7.913875776921486e-09,0.2292299121618271,0.2994231879711151,0.0,0.0,1.0,1.0,1.0,600,267104,6,15,1.3496345281600952,4.021771623880772,0.0013088204432278872,-0.003930408041924238,-0.0027346748393028975,0.3930408041924238,1.0,0.4308815002441406,-0.03960990905761719,0.45253533124923706,0.455108642578125,-0.029630184173583984,0.4525354206562042,2,0.0
1.0005545616149902,1.0005545616149902,1.0284152030944824,0.04168340936303139,1.0,1.0,0.0,0.0,0.0,302,267136,23,15,35.03479766845703,0.7919762290754341,0.00935165211558342,-0.0020075172651559114,-0.0028622725512832403,0.935165211558342,1.0,0.4583263397216797,-0.029537677764892578,0.4524077773094177,0.22835326194763184,-0.29819488525390625,0.4524077773094177,2,0.6759776473045349
0.07882709801197052,7.913876665099906e-09,0.0011909378226846457,0.08245141804218292,0.0,0.0,1.0,1.0,1.0,600,267296,16,15,0.5506603717803955,4.655883398216994,0.002977576805278659,-0.0022261065896600485,-0.008752892725169659,0.8752892725169659,1.0,0.42879679799079895,-0.03963279724121094,0.4465171694755554,0.4567776620388031,-0.027925968170166016,0.4465171992778778,2,0.0
1.003767728805542,1.003767728805542,1.0038765668869019,0.014783178456127644,1.0,1.0,0.0,0.0,0.0,295,267424,8,15,35.53974151611328,0.8407777706126166,-0.006172260269522667,-0.0018782984698191285,0.00020633754320442677,0.6172260269522667,1.0,0.4425053596496582,-0.029523611068725586,0.45547643303871155,0.21257638931274414,-0.29923832416534424,0.4554763436317444,2,1.0
0.074532650411129,7.913875776921486e-09,1.2586770026246086e-05,0.07673300802707672,0.0,0.0,1.0,1.0,1.0,600,267744,29,15,0.5299674272537231,4.395757351224351,0.0029727101791650057,-0.00010169893357669935,-0.003767712041735649,0.3767712041735649,1.0,0.4303293228149414,-0.03679466247558594,0.45150238275527954,0.456773042678833,-0.025801658630371094,0.45150241255760193,2,0.0
0.05491730570793152,7.913875776921486e-09,0.00015245472604874521,0.061658527702093124,0.0,0.0,1.0,1.0,1.0,600,267872,27,15,0.43815529346466064,3.5240388770324294,-0.0031045638024806976,0.006633201614022255,0.0060310885310173035,0.6633201614022255,1.0,0.4294278621673584,-0.02771928906440735,0.46130114793777466,0.4506957530975342,-0.01906675100326538,0.46130117774009705,2,0.0
0.0536922961473465,7.913875776921486e-09,0.0014404586981981993,0.05851307883858681,0.0,0.0,1.0,1.0,1.0,600,268000,1,15,1.0651013851165771,3.270020299818247,-0.003443928901106119,-0.00266679166816175,-0.008191912434995174,0.8191912434995174,1.0,0.43060302734375,-0.03635215759277344,0.4470781683921814,0.45035552978515625,-0.028366565704345703,0.4470781981945038,2,0.0
0.07099148631095886,7.913875776921486e-09,0.0015712414169684052,0.0709952786564827,0.0,0.0,1.0,1.0,1.0,600,268064,25,15,0.5015909075737,3.977704524016319,0.003989977762103081,-0.005594637244939804,-0.005373205989599228,0.5594637244939804,1.0,0.4338243007659912,-0.04115581512451172,0.44989681243896484,0.4577903747558594,-0.03129434585571289,0.449896901845932,2,0.0
0.7612926363945007,7.913876665099906e-09,0.7686811685562134,0.7815356254577637,0.0,0.0,1.0,1.0,1.0,600,273440,10,16,4.168885231018066,0.7365041006792351,0.004902163986116648,-0.0007483390509150922,-0.002157700015231967,0.49021639861166477,1.0,0.45421433448791504,-0.02814769744873047,0.4531123638153076,0.45870256423950195,-0.026447772979736328,0.45311239361763,2,0.3016759753227234
1.001542568206787,1.001542568206787,1.0016281604766846,0.034319184720516205,1.0,1.0,0.0,0.0,0.0,291,275008,3,16,35.07870101928711,1.9614382305572555,0.0013305464526638389,0.005268223118036985,-0.0006355415098369122,0.5268223118036985,1.0,0.44322729110717773,-0.025086045265197754,0.45463448762893677,0.22025346755981445,-0.29127955436706543,0.45463448762893677,2,1.0
0.0654149129986763,7.913876665099906e-09,0.025143804028630257,0.09390389919281006,0.0,0.0,1.0,1.0,1.0,600,275200,5,16,0.15809519588947296,3.9396595165657016,-0.008281762711703777,-0.003205409971997142,0.005919366143643856,0.8281762711703777,1.0,0.42177867889404297,-0.03866386413574219,0.4611894488334656,0.44551801681518555,-0.02890491485595703,0.46118947863578796,2,0.0
1.000556468963623,1.000556468963623,1.0006482601165771,0.04163273051381111,1.0,1.0,0.0,0.0,0.0,289,275328,4,16,34.646141052246094,2.3801183679518707,0.006057721562683582,-0.0018415582599118352,0.004391995724290609,0.6057721562683582,1.0,0.4454345703125,-0.033241987228393555,0.4596620202064514,0.22505903244018555,-0.29802966117858887,0.4596620798110962,2,0.9590643048286438
1.0035735368728638,1.0035735368728638,1.0047663450241089,0.005271177738904953,1.0,1.0,0.0,0.0,0.0,280,275488,21,16,35.53951644897461,0.23367416508021177,-0.0026132436469197273,-0.004643939435482025,-0.00682514812797308,0.682514812797308,1.0,0.44976043701171875,-0.030876636505126953,0.4484449028968811,0.21615004539489746,-0.30193328857421875,0.4484449028968811,2,1.0
1.0035080909729004,1.0035080909729004,1.0042119026184082,0.008502410724759102,1.0,1.0,0.0,0.0,0.0,281,275744,18,16,36.12864303588867,0.44682841418129543,0.007931220345199108,0.009563240222632885,-0.004546362441033125,0.9563240222632885,1.0,0.45900559425354004,-0.017161130905151367,0.45072367787361145,0.2266995906829834,-0.2877018451690674,0.45072370767593384,2,1.0
0.03772886097431183,7.913875776921486e-09,0.02387271076440811,0.10931547731161118,0.0,0.0,1.0,1.0,1.0,600,275808,24,16,0.7638001441955566,4.895507351755374,0.0022806404158473015,0.008213183842599392,-0.004775008652359247,0.8213183842599392,1.0,0.42668616771698,-0.029857873916625977,0.45049506425857544,0.4560807943344116,-0.017487049102783203,0.4504950940608978,2,0.0
0.01860283501446247,7.913875776921486e-09,0.012767416425049305,0.08716694265604019,0.0,0.0,1.0,1.0,1.0,600,276384,28,16,1.0130311250686646,4.26277869072608,-0.007479620631784201,0.008949682116508484,-0.0038253667298704386,0.8949682116508484,1.0,0.42066407203674316,-0.027381420135498047,0.45144468545913696,0.4463207721710205,-0.016750216484069824,0.45144471526145935,2,0.0
0.00013802890316583216,7.913874888743067e-09,0.0001476250181440264,0.010500578209757805,0.0,0.0,0.0,1.0,1.0,600,276544,9,16,1.349305272102356,0.5931811186829801,-0.006370059214532375,0.009210430085659027,-0.0006442583398893476,0.9210430085659027,1.0,0.44381284713745117,-0.01785421371459961,0.45462578535079956,0.4474296569824219,-0.016489505767822266,0.45462581515312195,2,0.0
1.0010204315185547,1.0010204315185547,1.0011104345321655,0.009586190804839134,1.0,1.0,0.0,0.0,0.0,289,276672,8,16,35.60935592651367,0.5440911083750704,0.006184547673910856,0.008455062285065651,0.0010276205139234662,0.8455062285065651,1.0,0.4566669464111328,-0.01849508285522461,0.4562975764274597,0.22514963150024414,-0.2879023551940918,0.4562976360321045,2,1.0
0.07552275061607361,7.913869559672548e-09,0.0006077082362025976,0.07811972498893738,0.0,0.0,1.0,1.0,1.0,600,276672,19,16,0.6177260279655457,4.441114929955113,0.0009225824614986777,-0.0036705504171550274,-0.005416359752416611,0.5416359752416611,1.0,0.4280110001564026,-0.04048776626586914,0.44985371828079224,0.45472267270088196,-0.02937030792236328,0.4498537480831146,2,0.0
0.07217955589294434,7.913875776921486e-09,0.0015511607052758336,0.08258294314146042,0.0,0.0,1.0,1.0,1.0,600,276864,12,16,0.3245182931423187,4.64278053406797,-0.004983264021575451,0.00880210567265749,0.008001254871487617,0.880210567265749,1.0,0.4209132194519043,-0.02856883406639099,0.46327126026153564,0.44881701469421387,-0.01689782738685608,0.4632713496685028,2,0.0
1.0051881074905396,1.0051881074905396,1.0063579082489014,0.008555077016353607,1.0,1.0,0.0,0.0,0.0,286,276896,29,16,35.26913070678711,0.4231472678747885,0.0003592289285734296,-0.006110130809247494,0.0008305287919938564,0.6110130809247494,1.0,0.45157790184020996,-0.032779693603515625,0.45610061287879944,0.21899652481079102,-0.3039886951446533,0.45610058307647705,2,0.8795180916786194
0.032900646328926086,7.913875776921486e-09,0.0027057670522481203,0.039700496941804886,0.0,0.0,0.0,1.0,1.0,600,277024,30,16,0.8953850269317627,2.1196422737642644,-0.009165295399725437,0.004271775484085083,-0.007417629007250071,0.9165295399725437,1.0,0.4317784309387207,-0.026475906372070312,0.44785237312316895,0.44463443756103516,-0.021427631378173828,0.4478524625301361,2,0.0
0.05839285999536514,7.913875776921486e-09,0.001520922058261931,0.06270262598991394,0.0,0.0,1.0,1.0,1.0,600,277376,2,16,0.9242715835571289,3.505454145744236,-0.0007928500417619944,-0.0006010622018948197,-0.008244040422141552,0.8244040422141552,1.0,0.43184995651245117,-0.03490439057350159,0.4470260739326477,0.4530067443847656,-0.02630099654197693,0.4470260441303253,2,0.0
0.724006175994873,7.913875776921486e-09,0.7474492192268372,0.7629271149635315,0.0,0.0,1.0,1.0,1.0,600,277760,0,16,3.7817628383636475,0.8868173010433222,0.006289685610681772,-0.009571961127221584,-0.004864152986556292,0.9571961127221584,1.0,0.45468807220458984,-0.03732585906982422,0.45040592551231384,0.46008920669555664,-0.035271644592285156,0.45040592551231384,2,0.1882352977991104
0.001044302131049335,7.913876665099906e-09,0.0011169383069500327,0.029578935354948044,0.0,0.0,0.0,1.0,1.0,600,278304,20,16,1.545854091644287,1.6307530210655015,-0.0035716108977794647,0.00019223112030886114,0.006911351811140776,0.6911351811140776,1.0,0.44032084941864014,-0.02934885025024414,0.4621813893318176,0.45022857189178467,-0.025507450103759766,0.46218141913414,2,0.0
0.011770819313824177,7.913875776921486e-09,0.0016885644290596247,0.0640576109290123,0.0,0.0,1.0,1.0,1.0,600,279296,26,16,1.0220588445663452,3.5734826164341515,0.00624505802989006,0.0025569922290742397,0.008281665854156017,0.8281665854156017,1.0,0.43848276138305664,-0.03192615509033203,0.46355175971984863,0.46004533767700195,-0.02314281463623047,0.463551789522171,2,0.0
0.0017971991328522563,7.913875776921486e-09,0.002069097012281418,0.05478208139538765,0.0,0.0,1.0,1.0,1.0,600,282496,7,16,0.6872725486755371,3.020232171021241,-0.009507258422672749,0.0011324802180752158,0.009646878577768803,0.9646878577768803,1.0,0.42603254318237305,-0.03190314769744873,0.4649169445037842,0.4442925453186035,-0.024567455053329468,0.46491697430610657,2,0.0
1.0026507377624512,1.0026507377624512,1.009286642074585,0.007315801922231913,1.0,1.0,0.0,0.0,0.0,284,284288,5,16,35.674644470214844,0.03895892544818333,5.364863318391144e-05,0.0006430767243728042,0.004743062425404787,0.4743062425404787,1.0,0.4536161422729492,-0.02514505386352539,0.46001312136650085,0.21888971328735352,-0.2963094711303711,0.46001315116882324,2,1.0
1.0038906335830688,1.0038906335830688,1.0040013790130615,0.06523653864860535,1.0,1.0,1.0,0.0,0.0,293,284384,3,16,34.2434196472168,3.7314296737736385,-0.002918293233960867,0.003981979098170996,-0.003973540384322405,0.39819790981709957,1.0,0.42837953567504883,-0.03092026710510254,0.45129644870758057,0.2158198356628418,-0.2934226989746094,0.45129650831222534,2,1.0
1.0029878616333008,1.0029878616333008,1.027918815612793,0.0661393254995346,1.0,1.0,1.0,0.0,0.0,285,284448,4,16,34.807106018066406,2.3610745198854057,0.00016570146544836462,0.0018606324447318912,0.004319948609918356,0.4319948609918356,1.0,0.43965721130371094,-0.02949237823486328,0.45958995819091797,0.21897459030151367,-0.2952148914337158,0.45958995819091797,2,1.0
0.4174976646900177,7.913875776921486e-09,0.41764065623283386,0.49190807342529297,0.0,0.0,1.0,1.0,1.0,600,284544,17,16,1.742003321647644,4.255210414238882,0.005201651714742184,-0.0012955934507772326,-0.00047289172653108835,0.5201651714742184,1.0,0.4333902597427368,-0.03760620951652527,0.4547971487045288,0.459001749753952,-0.026995569467544556,0.4547971785068512,2,0.1975308656692505
0.03025003895163536,7.913875776921486e-09,0.0547514334321022,0.1101512685418129,0.0,0.0,1.0,1.0,1.0,600,284576,13,16,1.3312381505966187,3.174175670290043,-0.007142088375985622,0.00967266783118248,-0.0020633412059396505,0.967266783118248,1.0,0.4274773597717285,-0.02376234531402588,0.4532066583633423,0.4466583728790283,-0.016027331352233887,0.45320674777030945,2,0.0
0.7106321454048157,7.913876665099906e-09,0.7106543183326721,0.7439237833023071,0.0,0.0,1.0,1.0,1.0,600,285248,11,16,3.257603406906128,1.9061990756447773,0.004871721379458904,-0.007629811763763428,0.007221739739179611,0.7629811763763428,1.0,0.4471018314361572,-0.037847280502319336,0.4624917507171631,0.45867204666137695,-0.03332972526550293,0.46249184012413025,2,0.21383647620677948
1.0020923614501953,1.0020923614501953,1.0398083925247192,0.06724002957344055,1.0,1.0,1.0,0.0,0.0,283,285440,28,16,34.9531364440918,1.6916096864051977,0.0008370779105462134,0.006639191880822182,0.008719827979803085,0.8719827979803085,1.0,0.44436192512512207,-0.023050785064697266,0.46398985385894775,0.21971678733825684,-0.29010939598083496,0.46398985385894775,2,1.0
1.000079870223999,1.000079870223999,1.017701506614685,0.05283718556165695,1.0,1.0,1.0,0.0,0.0,270,285536,29,16,35.048622131347656,2.017694870212654,-0.0036122892051935196,0.009054175578057766,-0.005122331902384758,0.9054175578057766,1.0,0.4379456043243408,-0.021439790725708008,0.45014768838882446,0.21542716026306152,-0.2869603633880615,0.45014768838882446,2,1.0
0.07198579609394073,7.913876665099906e-09,1.8921455193776637e-05,0.07353994250297546,0.0,0.0,1.0,1.0,1.0,600,285696,15,16,0.1710062325000763,4.21244489229814,0.0073805321007966995,-0.007448897697031498,0.00383604783564806,0.7448897697031498,1.0,0.43582242727279663,-0.043643951416015625,0.45910608768463135,0.4611806571483612,-0.03314828872680664,0.45910611748695374,2,0.0
1.0012059211730957,1.0012059211730957,1.0012142658233643,0.006870495155453682,1.0,1.0,0.0,0.0,0.0,278,285760,12,16,35.939151763916016,0.3931679401015894,0.0028911151457577944,0.004752134904265404,-0.0013547271955758333,0.4752134904265404,1.0,0.45429277420043945,-0.021847963333129883,0.45391538739204407,0.22184133529663086,-0.29167303442955017,0.4539152979850769,2,1.0
2.880356441892218e-05,7.913875776921486e-09,6.607472460018471e-05,0.03198687732219696,0.0,0.0,0.0,1.0,1.0,600,285888,14,16,1.044370174407959,1.8289276514605421,-0.00017614223179407418,0.006884749513119459,0.006409723311662674,0.6884749513119459,1.0,0.4425199031829834,-0.02314281463623047,0.4616798162460327,0.45362424850463867,-0.01881551742553711,0.4616798460483551,2,0.0
0.04420271888375282,7.913875776921486e-09,0.0006198918563313782,0.048952821642160416,0.0,0.0,0.0,1.0,1.0,600,285888,22,16,0.9512627720832825,2.76927287822499,-0.008174093440175056,-0.0012558853486552835,0.0039802053943276405,0.8174093440175056,1.0,0.4288676977157593,-0.03364554047584534,0.45925021171569824,0.4456261396408081,-0.026955842971801758,0.4592503011226654,2,0.0
1.001355528831482,1.001355528831482,1.0030018091201782,0.016313795000314713,1.0,1.0,0.0,0.0,0.0,290,285952,8,16,35.366024017333984,0.8403895704078366,-0.0043377564288675785,0.007146032527089119,0.009221860207617283,0.9221860207617283,1.0,0.44434261322021484,-0.020498037338256836,0.46449193358421326,0.2146005630493164,-0.2893335819244385,0.46449190378189087,2,1.0
1.1329038898111321e-05,7.913874888743067e-09,2.014580059039872e-05,0.01901954971253872,0.0,0.0,0.0,1.0,1.0,600,286112,31,16,1.2115906476974487,1.0885863718499351,0.008498852141201496,-0.0045924861915409565,0.009819751605391502,0.9819751605391502,1.0,0.4556732177734375,-0.03282499313354492,0.4650897681713104,0.4622983932495117,-0.030292272567749023,0.4650898277759552,2,0.0
0.04033995419740677,7.913872224207807e-09,0.04034003987908363,0.12321058660745621,0.0,0.0,1.0,1.0,1.0,600,286304,6,16,0.26352065801620483,4.748133640694478,-0.00814861711114645,0.005924687720835209,-0.0033774166367948055,0.814861711114645,1.0,0.4171261787414551,-0.031737327575683594,0.4518926739692688,0.4456510543823242,-0.0197751522064209,0.4518927037715912,2,0.0
0.2025265246629715,7.913875776921486e-09,0.2815462350845337,0.36805033683776855,0.0,0.0,1.0,1.0,1.0,600,286336,23,16,0.5781474709510803,4.956328478767046,-0.008318008854985237,0.00514717074111104,-0.005900419317185879,0.8318008854985237,1.0,0.4157294034957886,-0.03309273719787598,0.4493696093559265,0.44548213481903076,-0.020552754402160645,0.4493696987628937,2,0.0
1.0029393434524536,1.0029393434524536,1.018534541130066,0.030346693471074104,1.0,1.0,0.0,0.0,0.0,292,286368,30,16,35.79901123046875,0.8452009050695816,0.005268653854727745,0.0042522684670984745,-0.0019222366390749812,0.5268653854727745,1.0,0.4539203643798828,-0.023403167724609375,0.4533478915691376,0.22408151626586914,-0.29280519485473633,0.4533478021621704,2,1.0
0.0003028616192750633,7.913876665099906e-09,0.0006062819738872349,0.015005596913397312,0.0,0.0,0.0,1.0,1.0,600,286496,16,16,1.6509898900985718,0.8250202040322798,-0.004844538867473602,-0.007023926824331284,0.007872548885643482,0.7872548885643482,1.0,0.44392937421798706,-0.03463149070739746,0.46314260363578796,0.44895556569099426,-0.03272366523742676,0.46314266324043274,2,0.0
1.005582571029663,1.005582571029663,1.0367673635482788,0.05405614525079727,1.0,1.0,1.0,0.0,0.0,292,286720,2,16,35.54500198364258,1.3104310228136549,0.006013633217662573,-0.001163508859463036,-0.001565490965731442,0.6013633217662573,1.0,0.4518427848815918,-0.029927968978881836,0.4537045955657959,0.22461986541748047,-0.2991863191127777,0.4537045359611511,2,1.0
0.010397815145552158,7.913875776921486e-09,0.00010784266487462446,0.010420636273920536,0.0,0.0,0.0,1.0,1.0,600,287072,27,16,1.2100636959075928,0.5908800386237734,-0.007352185435593128,0.005360467359423637,-0.009440972469747066,0.9440972469747066,1.0,0.44284510612487793,-0.021698683500289917,0.4458291232585907,0.44644808769226074,-0.020339488983154297,0.4458291232585907,2,0.0
0.07233832031488419,7.913879329635165e-09,0.012619373388588428,0.08728918433189392,0.0,0.0,1.0,1.0,1.0,600,287200,1,16,0.9331436157226562,4.278266571555907,0.00026313861599192023,-0.0026166141033172607,-0.0007320467266254127,0.2616614103317261,1.0,0.4283151626586914,-0.038990020751953125,0.4545379877090454,0.45406293869018555,-0.028316497802734375,0.4545380771160126,2,0.0
0.035373520106077194,7.913875776921486e-09,0.00863511674106121,0.09501895308494568,0.0,0.0,1.0,1.0,1.0,600,287264,25,16,0.8849021792411804,4.9494291339316865,-0.0005657701403833926,0.00936534721404314,-0.005080356728285551,0.936534721404314,1.0,0.4235224723815918,-0.028855323791503906,0.4501897096633911,0.4532344341278076,-0.016334056854248047,0.4501897394657135,2,0.0
1.0047953128814697,1.0047953128814697,1.005149006843567,0.025546684861183167,1.0,1.0,0.0,0.0,0.0,289,287552,20,16,35.185523986816406,1.4434517316640036,-0.005042780190706253,0.006065176334232092,0.0006319857202470303,0.6065176334232092,1.0,0.4399818181991577,-0.023020267486572266,0.45590201020240784,0.2136249542236328,-0.2916698455810547,0.4559020400047302,2,1.0
1.0009245872497559,1.0009245872497559,1.0009453296661377,0.049974143505096436,1.0,1.0,0.0,0.0,0.0,293,291872,7,16,34.8634033203125,2.8621149992827384,-0.0045481794513762,0.009087271988391876,-0.0008188543142750859,0.9087271988391876,1.0,0.43193721771240234,-0.023540586233139038,0.45445120334625244,0.21442365646362305,-0.28723520040512085,0.45445114374160767,2,1.0
1.5194599654932972e-05,7.913875776921486e-09,3.2405019737780094e-05,0.019074639305472374,0.0,0.0,0.0,1.0,1.0,600,292640,10,16,1.2457870244979858,1.0910394769790275,-0.0036764892283827066,0.005271936766803265,0.009796728380024433,0.9796728380024433,1.0,0.4434826374053955,-0.022966861724853516,0.4650667905807495,0.45012378692626953,-0.020427703857421875,0.4650668203830719,2,0.0
1.0016306638717651,1.0016306638717651,1.0352261066436768,0.0821215882897377,1.0,1.0,1.0,0.0,0.0,276,293408,13,16,34.85203170776367,2.780348883737812,0.00035330659011378884,-0.00931658037006855,-0.0016930470010265708,0.931658037006855,1.0,0.4373292922973633,-0.04173445701599121,0.4535769820213318,0.2192699909210205,-0.3058966398239136,0.45357704162597656,2,1.0
1.0046639442443848,1.0046639442443848,1.0046780109405518,0.028938882052898407,1.0,1.0,0.0,0.0,0.0,284,293472,3,16,35.667320251464844,1.6572645070506118,0.007740880828350782,0.008330071344971657,0.0002421684330329299,0.8330071344971657,1.0,0.45147275924682617,-0.021275758743286133,0.4555121958255768,0.22641801834106445,-0.28935694694519043,0.45551222562789917,2,1.0
0.06433074176311493,7.913876665099906e-09,0.00011560764687601477,0.06852669268846512,0.0,0.0,1.0,1.0,1.0,600,294688,21,16,0.5848623514175415,3.919666699091428,-0.005347816739231348,-0.001981921261176467,0.005129905883222818,0.5347816739231348,1.0,0.4248310327529907,-0.03738689422607422,0.4603999853134155,0.448452353477478,-0.027681827545166016,0.4604000151157379,2,0.0
0.45239171385765076,0.45239171385765076,0.43929457664489746,0.07267989218235016,0.4010123309633932,0.0,1.0,0.0,1.0,600,294944,18,16,10.648838996887207,4.914661763509029,-0.0029120873659849167,-4.932978481519967e-05,-0.007062697317451239,0.7062697317451239,1.0,0.42138075828552246,-0.03817343711853027,0.44820737838745117,0.3109741508960724,-0.1177830696105957,0.44820737838745117,2,0.0
1.0007416009902954,1.0007416009902954,1.030034065246582,0.062022607773542404,1.0,1.0,1.0,0.0,0.0,298,294976,28,16,35.41217041015625,1.8752997267264628,0.008604389615356922,-0.001020048395730555,-0.007783513516187668,0.8604389615356922,1.0,0.4510207176208496,-0.031161785125732422,0.4474864602088928,0.22759127616882324,-0.2972757816314697,0.4474865198135376,2,1.0
0.06237655133008957,7.913875776921486e-09,0.012467572465538979,0.08336596935987473,0.0,0.0,1.0,1.0,1.0,600,295008,24,16,0.2728497385978699,4.062178596123744,-0.005095009692013264,-0.009349712170660496,0.0021333934273570776,0.9349712170660496,1.0,0.4242377281188965,-0.04513812065124512,0.45740342140197754,0.4487050771713257,-0.0350496768951416,0.4574035108089447,2,0.0
1.0003795623779297,1.0003795623779297,1.0229771137237549,0.04376848787069321,1.0,1.0,0.0,0.0,0.0,281,295104,31,16,35.764488220214844,1.2130058448228278,0.006463954225182533,0.0013969638384878635,-0.009655745700001717,0.9655745700001717,1.0,0.4528841972351074,-0.02713322639465332,0.4456143081188202,0.2254800796508789,-0.2947268486022949,0.4456142783164978,2,1.0
1.0053118467330933,1.0053118467330933,1.0062243938446045,0.018738141283392906,1.0,1.0,0.0,0.0,0.0,295,295200,12,16,34.89794921875,1.021332594022287,0.0025180333759635687,0.009137429296970367,0.008970558643341064,0.9137429296970367,1.0,0.4501001834869385,-0.018935173749923706,0.4642406105995178,0.2211456298828125,-0.2887863218784332,0.4642406702041626,2,0.7150837779045105
1.0017099380493164,1.0017099380493164,1.0023834705352783,0.0300738587975502,1.0,1.0,0.0,0.0,0.0,292,295232,22,16,35.10746765136719,1.6845154677350815,-0.0033654572907835245,0.004152709152549505,0.0018299124203622341,0.4152709152549505,1.0,0.44020211696624756,-0.025519907474517822,0.45709991455078125,0.2155447006225586,-0.29245635867118835,0.457099974155426,2,1.0
1.0001976490020752,1.0001976490020752,1.0008010864257812,0.02643859013915062,1.0,1.0,0.0,0.0,0.0,292,295296,8,16,35.21760559082031,1.480250016147682,0.00031268017482943833,-0.004619067534804344,0.0031595586333423853,0.4619067534804344,1.0,0.4451141357421875,-0.03379392623901367,0.4584296643733978,0.21934270858764648,-0.3006763458251953,0.45842957496643066,2,1.0
1.00251042842865,1.00251042842865,1.011265754699707,0.026750678196549416,1.0,1.0,0.0,0.0,0.0,287,295552,30,16,35.271976470947266,1.031062838825205,-0.00227231509052217,0.007415803149342537,0.006688409019261599,0.7415803149342537,1.0,0.4452505111694336,-0.020679950714111328,0.4619584381580353,0.21657419204711914,-0.28948497772216797,0.4619584083557129,2,1.0
0.020528916269540787,7.913876665099906e-09,1.922179080793285e-06,0.06464987993240356,0.0,0.0,1.0,1.0,1.0,600,295744,9,16,1.1880626678466797,3.704055556240697,-0.007983820512890816,9.164126822724938e-05,-0.008779408410191536,0.8779408410191536,1.0,0.4234771728515625,-0.03473782539367676,0.44649064540863037,0.4458160400390625,-0.025608539581298828,0.44649067521095276,2,0.0
0.0001741850865073502,7.913876665099906e-09,0.0003082954790443182,0.026178346946835518,0.0,0.0,0.0,1.0,1.0,600,295872,19,16,1.1197712421417236,1.4822450717155604,0.009711953811347485,0.0057947407476603985,0.009887339547276497,0.9887339547276497,1.0,0.4545019865036011,-0.02338552474975586,0.4651573896408081,0.4635120928287506,-0.019905567169189453,0.4651574194431305,2,0.0
1.0017786026000977,1.0017786026000977,1.0023058652877808,0.028094783425331116,1.0,1.0,0.0,0.0,0.0,293,296448,27,16,34.72587585449219,1.5795021630197819,-0.007278667762875557,0.005906855687499046,0.002676301868632436,0.7278667762875557,1.0,0.4369232654571533,-0.023509323596954346,0.4579463601112366,0.2116260528564453,-0.2907271087169647,0.4579463601112366,2,0.7653631567955017
1.0017945766448975,1.0017945766448975,1.0018516778945923,0.012749463319778442,1.0,1.0,0.0,0.0,0.0,294,296608,1,16,34.97381591796875,0.7272179782549267,-0.005303354933857918,-0.00040640364750288427,0.001543664955534041,0.5303354933857918,1.0,0.4440646171569824,-0.02778482437133789,0.4568137228488922,0.21359968185424805,-0.2970461845397949,0.45681363344192505,2,0.7443181872367859
0.007903464138507843,7.913875776921486e-09,0.0035237069241702557,0.058265481144189835,0.0,0.0,1.0,1.0,1.0,600,296960,0,16,1.4816702604293823,3.136472812628161,-0.005357741843909025,0.0010729555506259203,-0.0019623213447630405,0.5357741843909025,1.0,0.4294872283935547,-0.03226423263549805,0.45330774784088135,0.4484419822692871,-0.024626731872558594,0.45330777764320374,2,0.0
0.12956830859184265,7.913875776921486e-09,0.13008075952529907,0.17045681178569794,0.0,0.0,1.0,1.0,1.0,600,298496,26,16,1.9545899629592896,2.3133778148073256,0.009075675159692764,0.0030731302686035633,0.003613713663071394,0.9075675159692764,1.0,0.4488539695739746,-0.028159618377685547,0.45888370275497437,0.4628760814666748,-0.022626876831054688,0.45888379216194153,2,0.3199999928474426
