max_angle,final_angle,cumulative_increase,regression_amount,progress,success,regression_event,stalled,lost_contact,episode_steps,env_steps,env_index,policy_version,return_value,initial_angle_deg,offset_x_m,offset_y_m,offset_z_m,offset_linf_cm,friction_scale,initial_handle_x_m,initial_handle_y_m,initial_handle_z_m,final_handle_x_m,final_handle_y_m,final_handle_z_m,curriculum_level,contact_stability
1.0006943941116333,1.0006943941116333,1.0007331371307373,0.047996483743190765,1.0,1.0,0.0,0.0,0.0,242,7744,2,0,33.329551696777344,2.747776778803079,-0.0019246689043939114,0.0028575952164828777,-0.00039495641249231994,0.2857595216482878,1.0,0.43524599075317383,-0.029476940631866455,0.454875111579895,0.21706533432006836,-0.29338082671165466,0.45487505197525024,2,1.0
1.0050301551818848,1.0050301551818848,1.0061516761779785,0.02537228912115097,1.0,1.0,0.0,0.0,0.0,265,8480,5,0,35.15837860107422,1.3894646358037535,0.008821075782179832,-0.002166556194424629,0.0071186283603310585,0.8821075782179832,1.0,0.45417165756225586,-0.03112173080444336,0.46238866448402405,0.22747039794921875,-0.29998779296875,0.46238869428634644,2,1.0
1.0015287399291992,1.0015287399291992,1.00242280960083,0.009504005312919617,1.0,1.0,0.0,0.0,0.0,274,8768,7,0,35.64801025390625,0.493316229137136,0.005697946064174175,-0.0022878102026879787,0.004077548161149025,0.5697946064174175,1.0,0.45648908615112305,-0.02911996841430664,0.45934751629829407,0.2246227264404297,-0.2988307476043701,0.45934760570526123,2,1.0
1.0039105415344238,1.0039105415344238,1.0472819805145264,0.07998145371675491,1.0,1.0,1.0,0.0,0.0,281,8992,9,0,35.261474609375,2.097596344114167,-0.004138841759413481,0.0027841872069984674,0.0071836113929748535,0.7183611392974854,1.0,0.4369378089904785,-0.0279085636138916,0.46245360374450684,0.2145977020263672,-0.294628381729126,0.4624536633491516,2,1.0
1.000449776649475,1.000449776649475,1.0162968635559082,0.08873853832483292,1.0,1.0,1.0,0.0,0.0,283,9056,26,0,32.77561950683594,4.176364418007548,0.009374112822115421,-0.00848524272441864,0.001101369154639542,0.9374112822115421,1.0,0.4380300045013428,-0.04458189010620117,0.4563714265823364,0.22838425636291504,-0.30463457107543945,0.45637136697769165,2,0.25827813148498535
1.0020582675933838,1.0020582675933838,1.0036051273345947,0.049424659460783005,1.0,1.0,0.0,0.0,0.0,284,9088,8,0,34.2922248840332,2.7431999117289356,-0.007166056428104639,0.008384332060813904,0.0021964265033602715,0.8384332060813904,1.0,0.43003177642822266,-0.023938417434692383,0.4574664235115051,0.2117161750793457,-0.28835177421569824,0.4574664831161499,2,1.0
1.004331111907959,1.004331111907959,1.0073691606521606,0.06937894225120544,1.0,1.0,1.0,0.0,0.0,284,9088,30,0,34.8427734375,3.801051499530871,0.00873752310872078,0.0003268688451498747,-0.0008140748250298202,0.8737523108720779,1.0,0.4396214485168457,-0.03476142883300781,0.4544559121131897,0.22744131088256836,-0.2972393035888672,0.4544559121131897,2,1.0
1.0007953643798828,1.0007953643798828,1.0011067390441895,0.07409048825502396,1.0,1.0,1.0,0.0,0.0,292,9344,22,0,34.45095443725586,4.227233105624864,0.003857336239889264,0.00533460546284914,0.006037991959601641,0.6037991959601641,1.0,0.4322117567062378,-0.03089997172355652,0.46130800247192383,0.2228395938873291,-0.2909405827522278,0.4613080620765686,2,1.0
1.002152919769287,1.002152919769287,1.0025339126586914,0.0038382471539080143,1.0,1.0,0.0,0.0,0.0,292,9344,31,0,36.169654846191406,0.19808214269676788,-0.0010912393918260932,-0.0031719165854156017,-0.008555222302675247,0.8555222302675247,1.0,0.45149898529052734,-0.029323339462280273,0.4467149078845978,0.21778345108032227,-0.2999424934387207,0.4467148780822754,2,1.0
1.0015305280685425,1.0015305280685425,1.0183063745498657,0.02400975301861763,1.0,1.0,0.0,0.0,0.0,296,9472,15,0,36.28903579711914,0.41447079319475666,0.005900861695408821,-0.0011319222394376993,-0.0022748534101992846,0.5900861695408821,1.0,0.45717257261276245,-0.02778148651123047,0.45299527049064636,0.22482502460479736,-0.29767560958862305,0.4529951810836792,2,1.0
1.0002264976501465,1.0002264976501465,1.0008995532989502,0.020871227607131004,1.0,1.0,0.0,0.0,0.0,327,10464,14,0,36.71760559082031,1.1572681928226445,0.0014675151323899627,-6.658044003415853e-05,0.0002944827720057219,0.14675151323899627,1.0,0.4482252597808838,-0.028463363647460938,0.45556455850601196,0.22049570083618164,-0.29613423347473145,0.45556455850601196,2,1.0
1.0043361186981201,1.0043361186981201,1.0048282146453857,0.06976527720689774,1.0,1.0,1.0,1.0,0.0,342,10944,27,0,36.14860916137695,3.969060919621668,0.009975503198802471,0.004187851678580046,-0.009673533961176872,0.9975503198802471,1.0,0.43986082077026367,-0.03134980797767639,0.44559651613235474,0.22867918014526367,-0.29337963461875916,0.44559651613235474,2,1.0
1.0043379068374634,1.0043379068374634,1.0143861770629883,0.03961662948131561,1.0,1.0,0.0,0.0,0.0,280,17728,7,0,35.53509521484375,1.6941332278601058,0.0006531047984026372,0.0008643561159260571,-0.005386816803365946,0.5386816803365946,1.0,0.44416284561157227,-0.028831779956817627,0.44988319277763367,0.21935606002807617,-0.2967037856578827,0.44988322257995605,2,1.0
1.0035141706466675,1.0035141706466675,1.004558801651001,0.02861449122428894,1.0,1.0,0.0,0.0,0.0,277,18336,15,0,35.34221649169922,1.579633537439599,-0.005558754317462444,-0.0005171009106561542,-0.00663169426843524,0.663169426843524,1.0,0.4386424720287323,-0.029933452606201172,0.448638379573822,0.2132091522216797,-0.29778480529785156,0.44863826036453247,2,1.0
1.001352310180664,1.001352310180664,1.001544713973999,0.02651044726371765,1.0,1.0,0.0,1.0,0.0,340,18624,2,0,36.359161376953125,1.5079154839374072,-0.005200671497732401,0.0035315712448209524,0.004594821482896805,0.5200671497732401,1.0,0.43943357467651367,-0.025710374116897583,0.4598647952079773,0.21373748779296875,-0.292946994304657,0.45986485481262207,2,1.0
1.0040098428726196,1.0040098428726196,1.0399346351623535,0.06121744588017464,1.0,1.0,1.0,0.0,0.0,310,18976,26,0,36.19530487060547,1.4491550463426701,0.0011974074877798557,-0.0011528253089636564,-0.0031923148781061172,0.3192314878106117,1.0,0.44618797302246094,-0.030252456665039062,0.4520777463912964,0.2199265956878662,-0.2986006736755371,0.45207780599594116,2,1.0
0.006493057124316692,6.767247384686925e-08,0.0008557551773265004,0.062474872916936874,0.0,0.0,1.0,1.0,1.0,600,19200,0,0,0.914771318435669,3.5305202996679483,-0.007230083923786879,-0.004751313012093306,0.001205810927785933,0.7230083923786879,1.0,0.4252634048461914,-0.03912162780761719,0.4564758539199829,0.44656944274902344,-0.030450820922851562,0.4564758837223053,2,0.0
0.02505074441432953,7.913749655585889e-09,0.025088680908083916,0.06289064139127731,0.0,0.0,1.0,1.0,1.0,600,19200,1,0,0.8285631537437439,2.1658924728421827,-0.006299858447164297,0.004393360577523708,-0.009874648414552212,0.9874648414552212,1.0,0.43436574935913086,-0.026469707489013672,0.44539541006088257,0.44749975204467773,-0.021306514739990234,0.44539543986320496,2,0.0
0.0001902883523143828,5.038095496345818e-10,0.0017808751435950398,0.03755449503660202,0.0,0.0,0.0,1.0,1.0,600,19200,3,0,0.9576008915901184,2.0496795788787656,0.003896858310326934,0.008268162608146667,0.004932781215757132,0.8268162608146667,1.0,0.44526195526123047,-0.02230536937713623,0.4602028727531433,0.45769643783569336,-0.01743185520172119,0.4602029025554657,2,0.0
0.033498384058475494,7.0351293679493665e-09,0.00012628495460376143,0.07214654982089996,0.0,0.0,1.0,1.0,1.0,600,19200,4,0,0.4150373339653015,4.126457933289557,0.0019073542207479477,0.005462430417537689,-0.009688266552984715,0.9688266552984715,1.0,0.4308590888977051,-0.03049921989440918,0.4455817937850952,0.4557070732116699,-0.020237445831298828,0.4455818235874176,2,0.0
4.609373354469426e-05,2.4832443159539253e-05,0.0005095295491628349,0.043202586472034454,0.0,0.0,0.0,1.0,1.0,600,19200,6,0,0.7339854836463928,2.447558588599519,0.005799904000014067,0.004717320203781128,-0.008154618553817272,0.8154618553817272,1.0,0.44477176666259766,-0.026853561401367188,0.447115421295166,0.4595913887023926,-0.020985841751098633,0.4471154808998108,2,0.0
0.6929618120193481,1.7374690060023568e-06,0.6931782960891724,0.7742124199867249,0.0,0.0,1.0,1.0,1.0,600,19200,10,0,3.604259490966797,4.643016602481159,0.007871382869780064,-0.0010756482370197773,0.0029395362362265587,0.7871382869780064,1.0,0.43376660346984863,-0.03844738006591797,0.4582095742225647,0.4616711139678955,-0.02677631378173828,0.4582096040248871,2,0.8102189898490906
7.463237852789462e-05,-2.5386850399655714e-09,0.0008677212754264474,0.037258222699165344,0.0,0.0,0.0,1.0,1.0,600,19200,11,0,0.9118558764457703,2.0850245271731125,-0.0008681835024617612,0.005966778378933668,0.008932298980653286,0.8932298980653286,1.0,0.44028401374816895,-0.02469491958618164,0.464202344417572,0.45293211936950684,-0.019733190536499023,0.4642023742198944,2,0.0
0.0011294016148895025,-3.3444211289257453e-10,0.004244925919920206,0.06863851845264435,0.0,0.0,1.0,1.0,1.0,600,19200,12,0,0.7583020925521851,3.689483347646475,-0.007080911658704281,0.008571471087634563,0.00976749137043953,0.9767491370439529,1.0,0.4244663715362549,-0.02621912956237793,0.46503764390945435,0.4467194080352783,-0.01712849736213684,0.46503761410713196,2,0.0
0.9028224945068359,2.024646346399095e-05,0.9070024490356445,0.9244841933250427,0.0,0.0,1.0,1.0,1.0,600,19200,13,0,3.8072710037231445,1.0027995160396923,0.004565357696264982,-0.007541358005255461,-0.003258032025769353,0.7541358005255461,1.0,0.45226001739501953,-0.03556990623474121,0.45201194286346436,0.4583585262298584,-0.03324389457702637,0.45201200246810913,2,0.31609195470809937
0.03427125886082649,4.875630121858876e-09,0.00043665661360137165,0.037300966680049896,0.0,0.0,0.0,1.0,1.0,600,19200,16,0,2.0046520233154297,2.1121704736990936,-0.007810575421899557,-0.0032112649641931057,-0.004033923614770174,0.7810575421899557,1.0,0.43317824602127075,-0.03394007682800293,0.45123612880706787,0.4459895193576813,-0.028911113739013672,0.45123615860939026,2,0.0
0.05849294736981392,-1.4353546129441952e-10,0.0026064773555845022,0.06421972811222076,0.0,0.0,1.0,1.0,1.0,600,19200,17,0,1.3244338035583496,3.530179643983094,-0.004117070697247982,-0.00536949560046196,0.004282023292034864,0.536949560046196,1.0,0.42837846279144287,-0.03973814845085144,0.4595521092414856,0.4496830403804779,-0.031069427728652954,0.459552139043808,2,0.0
0.4027641713619232,1.86785484856955e-07,0.4031202793121338,0.4775228202342987,0.0,0.0,1.0,1.0,1.0,600,19200,18,0,1.9957703351974487,4.262969509136017,-0.0011867954162880778,-0.0062986393459141254,-0.003258457174524665,0.6298639345914125,1.0,0.426955908536911,-0.04263043403625488,0.4520115256309509,0.45261332392692566,-0.03199875354766846,0.4520116150379181,2,0.033707864582538605
0.06369604170322418,5.9123874962097034e-05,0.009893168695271015,0.07876839488744736,0.0,0.0,1.0,1.0,1.0,600,19200,19,0,1.127781867980957,3.9496499488873145,0.008601839654147625,2.5206101781805046e-05,0.008289149031043053,0.8601839654147625,1.0,0.4386025667190552,-0.035460710525512695,0.46355921030044556,0.4623813033103943,-0.025682687759399414,0.46355924010276794,2,0.0
0.07182887196540833,2.426106220809743e-06,0.05710228905081749,0.13444316387176514,0.0,0.0,1.0,1.0,1.0,600,19200,20,0,0.7753795981407166,4.431444235864021,0.0078091099858284,0.00495244562625885,0.005109238903969526,0.78091099858284,1.0,0.43495452404022217,-0.031838417053222656,0.46037936210632324,0.46160829067230225,-0.020748138427734375,0.46037933230400085,2,0.0
0.19104623794555664,7.913868671494129e-09,0.1911497563123703,0.2515457272529602,0.0,0.0,1.0,1.0,1.0,600,19200,21,0,1.7838188409805298,3.4604365823680934,0.006333028897643089,-0.0045134564861655235,-0.009090060368180275,0.9090060368180275,1.0,0.43924427032470703,-0.03869819641113281,0.44617998600006104,0.4601331949234009,-0.030213356018066406,0.4461800158023834,2,0.2432432472705841
0.08053890615701675,2.159553647018697e-09,0.053080011159181595,0.13803887367248535,0.0,0.0,1.0,1.0,1.0,600,19200,23,0,0.7775695323944092,4.867786602122054,0.004658103454858065,0.007167721167206764,7.568662113044411e-05,0.7167721167206764,1.0,0.42922699451446533,-0.03082597255706787,0.45534569025039673,0.4584583044052124,-0.018532156944274902,0.4553457796573639,2,0.0
0.39743155241012573,0.39743155241012573,0.3953617811203003,0.08083449304103851,0.3429601414016459,0.0,1.0,0.0,1.0,600,19200,24,0,9.513253211975098,4.750064876682299,-0.007200408726930618,0.004855229053646326,-0.007436032872647047,0.7436032872647047,1.0,0.4180629253387451,-0.03281211853027344,0.4478340148925781,0.3212641477584839,-0.09844112396240234,0.44783392548561096,2,0.0
0.04513631761074066,6.129177720914925e-10,0.004092618823051453,0.056644976139068604,0.0,0.0,1.0,1.0,1.0,600,19200,25,0,1.3330857753753662,3.011028918001472,-0.008401622995734215,0.0063177146948874,0.006456099916249514,0.8401622995734215,1.0,0.42719292640686035,-0.026694297790527344,0.4617261290550232,0.44539856910705566,-0.019381999969482422,0.46172621846199036,2,0.0
0.7366986870765686,2.0603301891242154e-05,0.7369016408920288,0.8141911625862122,0.0,0.0,1.0,1.0,1.0,600,19200,28,0,2.288972854614258,4.429539893746057,-0.0004291570803616196,-0.005236310418695211,-0.006245477590709925,0.6245477590709925,1.0,0.4267277717590332,-0.0420222282409668,0.44902461767196655,0.45336365699768066,-0.030939102172851562,0.44902461767196655,2,0.013698630034923553
0.42206788063049316,7.271744379977463e-06,0.4224684238433838,0.47095397114753723,0.0,0.0,1.0,1.0,1.0,600,19200,29,0,2.4316539764404297,2.7784426206291437,-0.0065690320916473866,-0.0029669005889445543,0.008201276883482933,0.8201276883482933,1.0,0.4304180145263672,-0.035379886627197266,0.46347135305404663,0.44722843170166016,-0.028667449951171875,0.46347132325172424,2,0.0
1.0007145404815674,1.0007145404815674,1.0007288455963135,0.0029022996313869953,1.0,1.0,0.0,0.0,0.0,286,19616,14,0,36.060150146484375,0.16547013718428585,0.0034747286699712276,-0.00366623024456203,0.00020435338956303895,0.366623024456203,1.0,0.4562644958496094,-0.029742956161499023,0.4554744064807892,0.22246360778808594,-0.2999119758605957,0.4554743766784668,2,1.0
1.0038552284240723,1.0038552284240723,1.0053839683532715,0.04316718876361847,1.0,1.0,0.0,0.0,0.0,307,20768,27,1,35.93802261352539,2.3857026879285907,0.0024432730861008167,0.0024191839620471,-0.0008395484182983637,0.24432730861008167,1.0,0.4417867660522461,-0.028995603322982788,0.4544304609298706,0.22118473052978516,-0.29497286677360535,0.45443040132522583,2,1.0
1.0049965381622314,1.0049965381622314,1.0209367275238037,0.061694853007793427,1.0,1.0,1.0,0.0,0.0,243,26976,16,1,33.85102081298828,2.6215561636017126,0.009343125857412815,0.0026585261803120375,-0.0031383063178509474,0.9343125857412815,1.0,0.44727063179016113,-0.029353857040405273,0.45213180780410767,0.22799527645111084,-0.2951505184173584,0.4521317481994629,2,1.0
0.012345898896455765,7.853762085119342e-09,0.00010407777881482616,0.05668802186846733,0.0,0.0,1.0,1.0,1.0,600,27680,5,1,0.971165657043457,3.2420218603064836,-0.007817549630999565,0.0062138852663338184,-0.007455769460648298,0.7817549630999565,1.0,0.42639636993408203,-0.027398109436035156,0.44781428575515747,0.4459819793701172,-0.0194854736328125,0.44781431555747986,2,0.0
1.0032368898391724,1.0032368898391724,1.0034148693084717,0.050219107419252396,1.0,1.0,1.0,0.0,0.0,268,27776,4,1,34.1295280456543,2.8671494890312728,0.003087033051997423,0.009532415308058262,-0.0045773922465741634,0.9532415308058262,1.0,0.4395427703857422,-0.023108243942260742,0.45069265365600586,0.2218761444091797,-0.28763389587402344,0.45069265365600586,2,1.0
1.0006462335586548,1.0006462335586548,1.0069775581359863,0.08784613758325577,1.0,1.0,1.0,0.0,0.0,299,27904,15,1,34.49436569213867,4.670449203508869,0.00596911134198308,0.007955130189657211,-0.005302976351231337,0.7955130189657211,1.0,0.43170231580734253,-0.02949237823486328,0.44996702671051025,0.22496342658996582,-0.2882657051086426,0.44996708631515503,2,1.0
1.0037037134170532,1.0037037134170532,1.0046883821487427,0.028162939473986626,1.0,1.0,0.0,0.0,0.0,272,27904,18,1,35.210906982421875,1.5572004214409265,0.008935151621699333,0.0008062521228566766,0.0032203274313360453,0.8935151621699333,1.0,0.4532720148563385,-0.02855539321899414,0.45849037170410156,0.22768819332122803,-0.29653000831604004,0.45849043130874634,2,1.0
1.0037389993667603,1.0037389993667603,1.0038952827453613,0.028827225789427757,1.0,1.0,0.0,0.0,0.0,275,28000,12,1,35.35288619995117,1.6427205797084217,0.004213170148432255,-0.003981970250606537,-0.008763035759329796,0.8763035759329796,1.0,0.44803357124328613,-0.03355240821838379,0.4465070366859436,0.22296380996704102,-0.301331490278244,0.44650697708129883,2,1.0
1.0014220476150513,1.0014220476150513,1.0026066303253174,0.02387077547609806,1.0,1.0,0.0,0.0,0.0,280,28160,21,1,35.543601989746094,1.2998235255892137,0.00849117524921894,0.0053741359151899815,0.0027534670662134886,0.8491175249218941,1.0,0.4543851613998413,-0.023364782333374023,0.4580235183238983,0.22742390632629395,-0.29112982749938965,0.4580235481262207,2,1.0
0.00041319537558592856,2.894132711261932e-09,0.0010352187091484666,0.025383101776242256,0.0,0.0,0.0,1.0,1.0,600,28192,9,1,1.1195707321166992,1.3950298525951388,9.263346873922274e-05,0.003919580020010471,0.005713652819395065,0.5713652819395065,1.0,0.44540977478027344,-0.02504897117614746,0.46098366379737854,0.45389223098754883,-0.02178049087524414,0.4609837234020233,2,0.0
0.05285090580582619,7.553243631264195e-05,0.0020051158498972654,0.05949309840798378,0.0,0.0,1.0,1.0,1.0,600,28288,8,1,1.238082766532898,3.298149153254475,-0.007533696014434099,-0.008347931317985058,0.007963588461279869,0.8347931317985058,1.0,0.4263458251953125,-0.04210686683654785,0.4632336497306824,0.4462399482727051,-0.0340576171875,0.4632336497306824,2,0.0
0.061105865985155106,7.913875776921486e-09,0.03638527914881706,0.09998276829719543,0.0,0.0,1.0,1.0,1.0,600,28288,30,1,0.5748499631881714,3.6438687830481906,-0.006068721879273653,-0.008427992463111877,-6.544604548253119e-05,0.8427992463111877,1.0,0.4257497787475586,-0.04309797286987305,0.4552046060562134,0.44773101806640625,-0.03412771224975586,0.45520463585853577,2,0.0
1.0049755573272705,1.0049755573272705,1.0074275732040405,0.007415774278342724,1.0,1.0,0.0,0.0,0.0,288,28416,20,1,35.98575210571289,0.28439955212708995,-0.009280530735850334,-0.003008486470207572,-0.009118366055190563,0.9280530735850334,1.0,0.4427837133407593,-0.029358386993408203,0.44615164399147034,0.20937323570251465,-0.300809383392334,0.4461515545845032,2,1.0
0.0007776316488161683,5.684989446308464e-06,0.0020684569608420134,0.02122037298977375,0.0,0.0,0.0,1.0,1.0,600,28544,22,1,1.2707643508911133,1.097649499270013,0.0028739336412400007,0.006914696656167507,-0.004445062484592199,0.6914696656167507,1.0,0.4499930143356323,-0.021339863538742065,0.45082494616508484,0.45667195320129395,-0.018785983324050903,0.4508249759674072,2,0.0
0.30927881598472595,0.30927881598472595,0.3273357152938843,0.10453739762306213,0.2438900507976021,0.0,1.0,0.0,1.0,600,28544,31,1,7.63872766494751,4.95496756357492,-0.007045553531497717,0.00987792294472456,-0.003896150039508939,0.987792294472456,1.0,0.4170093536376953,-0.02835845947265625,0.4513738751411438,0.3463921546936035,-0.07199668884277344,0.4513738453388214,2,0.0
1.0042164325714111,1.0042164325714111,1.0044515132904053,0.013118256814777851,1.0,1.0,0.0,0.0,0.0,293,28576,23,1,36.10449981689453,0.7381464943703587,0.004777464549988508,0.001171547221019864,-0.008061999455094337,0.8061999455094337,1.0,0.45407938957214355,-0.026232004165649414,0.4472080171108246,0.22349047660827637,-0.2963522672653198,0.447208046913147,2,1.0
1.0052752494812012,1.0052752494812012,1.0262210369110107,0.024842439219355583,1.0,1.0,0.0,0.0,0.0,307,29024,17,1,35.39506912231445,0.22326128822647612,-0.004619330167770386,0.009366802871227264,0.0027213848661631346,0.9366802871227264,1.0,0.447817862033844,-0.016842424869537354,0.45799151062965393,0.21401101350784302,-0.28854358196258545,0.457991361618042,2,0.6894409656524658
1.004806637763977,1.004806637763977,1.0073657035827637,0.020549364387989044,1.0,1.0,0.0,0.0,0.0,313,29216,29,1,35.89417266845703,1.0307657255963094,-0.0012939349981024861,0.007955674082040787,0.002650901908054948,0.7955674082040787,1.0,0.4462306499481201,-0.02013993263244629,0.45792096853256226,0.21737313270568848,-0.28978419303894043,0.4579209089279175,2,1.0
1.000245213508606,1.000245213508606,1.0019795894622803,0.023590557277202606,1.0,1.0,0.0,1.0,0.0,323,29536,24,1,34.878395080566406,1.2522700410402923,-0.004594014957547188,-0.008629090152680874,0.0006269013974815607,0.8629090152680874,1.0,0.44158804416656494,-0.037253379821777344,0.45589691400527954,0.2144322395324707,-0.3047037124633789,0.45589685440063477,2,0.42384105920791626
1.0005550384521484,1.0005550384521484,1.0011733770370483,0.06574132293462753,1.0,1.0,1.0,1.0,0.0,326,31200,27,2,33.96299743652344,3.7312730063095514,0.009722920134663582,-0.004389872774481773,0.004855986684560776,0.9722920134663582,1.0,0.4410216808319092,-0.039291828870773315,0.46012604236602783,0.22872447967529297,-0.30057740211486816,0.46012604236602783,2,0.3093525171279907
1.0036686658859253,1.0036686658859253,1.0038926601409912,0.0026589548215270042,1.0,1.0,0.0,0.0,0.0,262,36288,18,2,35.43882369995117,0.13951343064646723,0.0013300759019330144,-0.004756265785545111,0.0027857471723109484,0.47562657855451107,1.0,0.45427820086479187,-0.03077387809753418,0.4580557942390442,0.22008585929870605,-0.30208003520965576,0.4580557942390442,2,1.0
1.0052821636199951,1.0052821636199951,1.0350468158721924,0.07703656703233719,1.0,1.0,1.0,0.0,0.0,266,36416,15,2,34.81360626220703,2.708478858526587,-0.00019279496336821467,0.0009558745659887791,-0.004631443414837122,0.4631443414837122,1.0,0.43721336126327515,-0.03127861022949219,0.4506385922431946,0.21843695640563965,-0.29695701599121094,0.4506385922431946,2,1.0
1.0036848783493042,1.0036848783493042,1.0036962032318115,0.024678898975253105,1.0,1.0,0.0,0.0,0.0,278,36576,5,2,35.40605926513672,1.4133475661754666,0.00266781123355031,0.002248068805783987,-0.0047503369860351086,0.47503369860351086,1.0,0.4478745460510254,-0.02676534652709961,0.45051977038383484,0.2214221954345703,-0.29508161544799805,0.45051974058151245,2,1.0
0.008341261185705662,2.6774010786212443e-10,0.005316333845257759,0.01492516789585352,0.0,0.0,0.0,1.0,1.0,600,36928,7,2,1.4471755027770996,0.5505456371407323,-0.00650141853839159,0.003074818290770054,-0.005165935028344393,0.650141853839159,1.0,0.4439411163330078,-0.023890376091003418,0.45010411739349365,0.4472980499267578,-0.022625118494033813,0.45010414719581604,2,0.0
1.0027564764022827,1.0027564764022827,1.002974033355713,0.06701582670211792,1.0,1.0,1.0,0.0,0.0,292,37760,20,2,35.003448486328125,3.82725210518704,0.007169094868004322,0.00634313840419054,0.002687289146706462,0.7169094868004322,1.0,0.4378969669342041,-0.028814315795898438,0.45795726776123047,0.2259964942932129,-0.2906475067138672,0.45795726776123047,2,1.0
0.03390221670269966,7.913877553278326e-09,0.06983992457389832,0.09888904541730881,0.0,0.0,1.0,1.0,1.0,600,37824,2,2,7.353343486785889,1.6643919161712257,-0.0033728433772921562,-0.0006590011180378497,0.0008979076519608498,0.3372843377292156,1.0,0.44031572341918945,-0.030282288789749146,0.456167995929718,0.4504265785217285,-0.026358962059020996,0.4561680257320404,2,0.0
1.0009232759475708,1.0009232759475708,1.0012507438659668,0.05171442776918411,1.0,1.0,1.0,1.0,0.0,343,37952,16,2,35.921913146972656,2.944254854241312,0.005039805546402931,-0.0003829627239611,0.008789107203483582,0.8789107203483582,1.0,0.4410339891910553,-0.03322196006774902,0.4640592336654663,0.22401216626167297,-0.2967047691345215,0.46405911445617676,2,1.0
1.003612756729126,1.003612756729126,1.0172984600067139,0.09841146320104599,1.0,1.0,1.0,0.0,0.0,309,38048,21,2,34.63068389892578,4.854433155407857,0.0003799340920522809,0.006285158451646566,-0.0070148552767932415,0.7014855276793242,1.0,0.42502760887145996,-0.03167152404785156,0.44825518131256104,0.21914005279541016,-0.2910184860229492,0.44825512170791626,2,1.0
1.0021898746490479,1.0021898746490479,1.0425646305084229,0.049449894577264786,1.0,1.0,0.0,1.0,0.0,324,38144,4,2,36.23469543457031,0.5199526862397164,-0.0031933574937283993,0.008096613921225071,-0.0021013468503952026,0.8096613921225071,1.0,0.4474353790283203,-0.018797636032104492,0.45316869020462036,0.21567916870117188,-0.28868770599365234,0.45316874980926514,2,0.9230769276618958
0.05968692898750305,7.913875776921486e-09,0.03477157652378082,0.10408790409564972,0.0,0.0,1.0,1.0,1.0,600,38176,26,2,1.3456883430480957,3.971536009422151,-0.006250646896660328,-0.008910280652344227,-0.0007108469144441187,0.8910280652344227,1.0,0.42362046241760254,-0.044454336166381836,0.45455920696258545,0.44754958152770996,-0.03461003303527832,0.45455923676490784,2,0.0
0.043582867830991745,1.3688061101246873e-11,0.002765921875834465,0.05053458735346794,0.0,0.0,1.0,1.0,1.0,600,38400,0,2,1.5488488674163818,2.7369426046755576,0.0012066321214661002,-0.008902403526008129,0.008434987626969814,0.8902403526008129,1.0,0.43844175338745117,-0.04120969772338867,0.46370500326156616,0.45500612258911133,-0.03460216522216797,0.4637050926685333,2,0.0
0.420942485332489,2.0341594790806994e-05,0.4212673008441925,0.4748639166355133,0.0,0.0,1.0,1.0,1.0,600,38400,1,2,2.364445209503174,3.0720186653082777,-0.009162478148937225,-0.002504867035895586,0.003710987977683544,0.9162478148937225,1.0,0.4260678291320801,-0.035674095153808594,0.4589810371398926,0.4446296691894531,-0.02820730209350586,0.4589810371398926,2,0.0
0.4859904944896698,2.4059860152192414e-05,0.4870286285877228,0.5387629270553589,0.0,0.0,1.0,1.0,1.0,600,38400,3,2,2.8891959190368652,2.965532601053194,-0.006211517844349146,-0.0017862438689917326,-0.00012954130943398923,0.6211517844349146,1.0,0.4296550750732422,-0.03468036651611328,0.45514053106307983,0.44757986068725586,-0.027489423751831055,0.4551405608654022,2,0.0714285746216774
0.5679550766944885,-7.559722847716444e-10,0.5686890482902527,0.6412491798400879,0.0,0.0,1.0,1.0,1.0,600,38400,6,2,2.4200778007507324,4.157379480322675,0.003319360315799713,0.00016708762268535793,0.008574603125452995,0.8574603125452995,1.0,0.43208789825439453,-0.03587841987609863,0.4638446569442749,0.4571189880371094,-0.02553272247314453,0.4638446867465973,2,0.14150942862033844
0.003093452425673604,-2.509778829207221e-09,0.005743773188441992,0.0178621057420969,0.0,0.0,0.0,1.0,1.0,600,38400,10,2,1.445621132850647,0.6943290165757287,-0.009325562044978142,8.859056106302887e-05,0.008455813862383366,0.9325562044978142,1.0,0.4402427673339844,-0.027212142944335938,0.4637259244918823,0.4444746971130371,-0.025610923767089844,0.46372589468955994,2,0.0
0.1222156509757042,-1.962177975656232e-09,0.05613238364458084,0.13933652639389038,0.0,0.0,1.0,1.0,1.0,600,38400,11,2,0.3740319013595581,4.76724536376582,-0.008956510573625565,0.0018203060608357191,-0.006625000387430191,0.8956510573625565,1.0,0.41620564460754395,-0.03589439392089844,0.44864505529403687,0.44484376907348633,-0.023879528045654297,0.44864508509635925,2,0.0
0.00039057485992088914,-2.1660154225777717e-10,0.001368650351651013,0.017440451309084892,0.0,0.0,0.0,1.0,1.0,600,38400,13,2,1.340322732925415,0.9208453568491786,-0.0012558758025988936,-0.004582949914038181,0.005512653850018978,0.5512653850018978,1.0,0.44693613052368164,-0.0324174165725708,0.46078264713287354,0.4525444507598877,-0.030283093452453613,0.4607827365398407,2,0.0
0.837465763092041,6.739358013874153e-07,0.8394927382469177,0.8551015853881836,0.0,0.0,1.0,1.0,1.0,600,38400,19,2,4.481616020202637,0.894372130595591,-0.0004137217183597386,-0.0035084078554064035,-0.00830076914280653,0.830076914280653,1.0,0.4479389488697052,-0.0312800407409668,0.44696930050849915,0.45338624715805054,-0.02920842170715332,0.44696930050849915,2,0.6549707651138306
0.013008364476263523,1.1363471230652067e-06,0.014144866727292538,0.040789876133203506,0.0,0.0,0.0,1.0,1.0,600,38400,25,2,1.4710617065429688,1.52671323175034,0.008341568522155285,0.008981266990303993,0.006475214846432209,0.8981266990303993,1.0,0.4528629779815674,-0.02030658721923828,0.4617452323436737,0.4621412754058838,-0.016718387603759766,0.4617452919483185,2,0.0
0.05442485585808754,7.913874888743067e-09,0.04242081940174103,0.1105174794793129,0.0,0.0,1.0,1.0,1.0,600,38400,28,2,2.1893508434295654,3.9016525020423427,-0.00545138493180275,-0.005147202406078577,-0.007067088037729263,0.7067088037729263,1.0,0.4248344898223877,-0.0405040979385376,0.4482029676437378,0.4483489990234375,-0.03084719181060791,0.4482029974460602,2,0.0
0.05163855105638504,7.913875776921486e-09,0.003612505504861474,0.05441942438483238,0.0,0.0,1.0,1.0,1.0,600,38816,14,2,2.975377082824707,2.9110227822780264,0.0004726162878796458,-0.008047943003475666,-0.006953635718673468,0.8047943003475666,1.0,0.43666577339172363,-0.0408015251159668,0.44831639528274536,0.454272985458374,-0.03374791145324707,0.4483164846897125,2,0.0
1.002145767211914,1.002145767211914,1.0065011978149414,0.02082258276641369,1.0,1.0,0.0,0.0,0.0,343,39264,8,2,37.175811767578125,0.943496185127645,-0.005631623789668083,0.00490484619513154,0.006878146901726723,0.6878146901726723,1.0,0.44242191314697266,-0.022983074188232422,0.46214815974235535,0.2132434844970703,-0.29186320304870605,0.46214818954467773,2,1.0
1.0020276308059692,1.0020276308059692,1.006521463394165,0.023337462916970253,1.0,1.0,0.0,0.0,0.0,281,40192,27,2,35.2057991027832,1.0796548322930855,0.00038284240872599185,0.008428383618593216,-0.00811439286917448,0.8428383618593216,1.0,0.44761109352111816,-0.019783109426498413,0.4471556842327118,0.2192680835723877,-0.28829655051231384,0.4471556544303894,2,1.0
1.000501036643982,1.000501036643982,1.000601053237915,0.06826654821634293,1.0,1.0,1.0,0.0,0.0,279,45504,5,2,34.101566314697266,3.9056601155378474,0.008647400885820389,0.008619042113423347,0.006917642429471016,0.8647400885820389,1.0,0.43891000747680664,-0.026748180389404297,0.46218764781951904,0.22765254974365234,-0.2875490188598633,0.4621877074241638,2,1.0
1.0044540166854858,1.0044540166854858,1.0045838356018066,0.000825628696475178,1.0,1.0,0.0,0.0,0.0,270,47040,19,2,35.64325714111328,0.03987128264080232,0.0012035651598125696,-0.007632450666278601,0.0037748110480606556,0.7632450666278601,1.0,0.4547599256038666,-0.03342294692993164,0.45904484391212463,0.21989795565605164,-0.30524277687072754,0.459044873714447,2,1.0
0.07275623083114624,7.937280166459004e-09,0.06311129778623581,0.1464642584323883,0.0,0.0,1.0,1.0,1.0,600,47200,12,2,-0.0034022422041743994,4.775771574284112,0.0018458382692188025,-0.004753566347062588,-0.00713873328641057,0.713873328641057,1.0,0.4269578456878662,-0.04249188303947449,0.4481313228607178,0.455646276473999,-0.030453532934188843,0.44813135266304016,2,0.0
0.08995219320058823,7.913875776921486e-09,0.09836187958717346,0.12355688214302063,0.0,0.0,1.0,1.0,1.0,600,47392,9,2,6.701690196990967,1.4435681650450112,-0.009017271921038628,0.008792866952717304,0.0023572833742946386,0.9017271921038628,1.0,0.4360065460205078,-0.020293235778808594,0.4576273262500763,0.4447822570800781,-0.016907215118408203,0.45762738585472107,2,0.3913043439388275
0.06828813999891281,7.945017088673012e-09,0.0021300786174833775,0.07470178604125977,0.0,0.0,1.0,1.0,1.0,600,47488,30,2,0.4157862961292267,4.15805353461639,0.007079003378748894,-0.005232798866927624,0.008606738410890102,0.8606738410890102,1.0,0.43584299087524414,-0.04127979278564453,0.4638768434524536,0.4608783721923828,-0.03093242645263672,0.4638768136501312,2,0.0
1.0046870708465576,1.0046870708465576,1.0053296089172363,0.06631776690483093,1.0,1.0,1.0,1.0,0.0,303,47648,16,2,33.351566314697266,3.7629185533946896,0.003987628500908613,0.002798618283122778,0.009480109438300133,0.9480109438300133,1.0,0.4350980222225189,-0.032187700271606445,0.4647502303123474,0.2226637303829193,-0.29489731788635254,0.46475011110305786,2,0.28082191944122314
0.011101013980805874,7.759872096357867e-05,0.0008345142123289406,0.0487937405705452,0.0,0.0,0.0,1.0,1.0,600,47744,22,2,1.2716232538223267,2.7523079689871475,-0.004553377628326416,-0.0025024362839758396,-0.007049746811389923,0.7049746811389923,1.0,0.432590126991272,-0.03484845161437988,0.4482203722000122,0.4492194652557373,-0.02821245789527893,0.44822031259536743,2,0.0
0.4597802460193634,-3.887931754320562e-09,0.46100035309791565,0.4960346817970276,0.0,0.0,1.0,1.0,1.0,600,47744,31,2,2.874549150466919,2.007311915457177,-0.005141295026987791,-0.0058527314104139805,0.006967670284211636,0.6967670284211636,1.0,0.4364795684814453,-0.03632068634033203,0.4622376561164856,0.44865846633911133,-0.03155255317687988,0.46223774552345276,2,0.0
0.04642314091324806,7.913868671494129e-09,0.031693052500486374,0.08387187123298645,0.0,0.0,1.0,1.0,1.0,600,47776,23,2,2.3650691509246826,2.9896278008977064,-0.00972981471568346,0.005028855055570602,-0.008203497156500816,0.972981471568346,1.0,0.4259929656982422,-0.027927398681640625,0.4470665454864502,0.4440704584121704,-0.02067101001739502,0.4470665752887726,2,0.0
1.0022507905960083,1.0022507905960083,1.0438374280929565,0.042704254388809204,1.0,1.0,0.0,0.0,0.0,296,47872,0,2,36.513858795166016,0.06403881312140819,0.00618913397192955,0.00416650902479887,-0.009313934482634068,0.9313934482634068,1.0,0.4595975875854492,-0.021678924560546875,0.4459560811519623,0.22505617141723633,-0.29263973236083984,0.4459560513496399,2,0.8994709253311157
1.0033469200134277,1.0033469200134277,1.0037944316864014,0.05893447995185852,1.0,1.0,1.0,0.0,0.0,292,48160,14,2,33.89874267578125,3.3510545179049243,0.009412161074578762,0.0036155215930193663,0.007179496809840202,0.9412161074578762,1.0,0.4429757595062256,-0.030282020568847656,0.4624495506286621,0.2281935214996338,-0.2935912609100342,0.4624495506286621,2,0.6470588445663452
0.07268021255731583,7.913876665099906e-09,0.008183252066373825,0.09007174521684647,0.0,0.0,1.0,1.0,1.0,600,48224,17,2,0.5574548244476318,4.691865688538267,-0.009081532247364521,-0.005514142103493214,0.007303574122488499,0.9081532247364521,1.0,0.416525274515152,-0.04302045702934265,0.4625736474990845,0.4447185695171356,-0.031214088201522827,0.46257367730140686,2,0.0
0.06616495549678802,7.913875776921486e-09,0.00017942393606062979,0.067755326628685,0.0,0.0,1.0,1.0,1.0,600,48416,29,2,2.3945631980895996,3.871815247539965,-0.0010179192759096622,-0.008863011375069618,-0.003855528775602579,0.8863011375069618,1.0,0.4294452667236328,-0.044139862060546875,0.4514145255088806,0.45278239250183105,-0.03456282615661621,0.451414555311203,2,0.0
0.06465710699558258,7.913875776921486e-09,0.07225014269351959,0.0976136326789856,0.0,0.0,1.0,1.0,1.0,600,48736,24,2,6.696801662445068,1.4532214634980607,-0.0052779559046030045,0.0077325329184532166,-0.0018929552752524614,0.7732532918453217,1.0,0.4396876096725464,-0.021377086639404297,0.45337703824043274,0.4485222101211548,-0.017967700958251953,0.4533771574497223,2,0.0
1.0026593208312988,1.0026593208312988,1.0075385570526123,0.038332000374794006,1.0,1.0,0.0,0.0,0.0,275,48992,27,2,35.280513763427734,1.916697076399087,0.009249999187886715,0.0055896928533911705,0.0014186669141054153,0.9249999187886715,1.0,0.4514169692993164,-0.024654000997543335,0.45668870210647583,0.22808551788330078,-0.2913658320903778,0.45668870210647583,2,1.0
0.07551839202642441,7.922048794739567e-09,0.02649116888642311,0.10856431722640991,0.0,0.0,1.0,1.0,1.0,600,55488,18,2,0.2159702330827713,4.702444370902148,0.003426204901188612,0.002312597818672657,0.009513195604085922,0.9513195604085922,1.0,0.4289705753326416,-0.03522288799285889,0.46478331089019775,0.45722630620002747,-0.02338731288909912,0.46478328108787537,2,0.0
0.08351030200719833,7.913754096477987e-09,0.0001977426145458594,0.08514918386936188,0.0,0.0,1.0,1.0,1.0,600,55616,15,2,0.22230923175811768,4.867363557280337,0.004909568931907415,-0.006861810572445393,0.006727435160428286,0.6861810572445393,1.0,0.42948126792907715,-0.044854164123535156,0.46199744939804077,0.4587096869945526,-0.032561302185058594,0.46199753880500793,2,0.0
1.0033780336380005,1.0033780336380005,1.0081822872161865,0.07255516201257706,1.0,1.0,1.0,1.0,0.0,551,56032,13,2,40.75798034667969,3.8818453803361286,-0.006121485028415918,0.008689763024449348,-0.006831311620771885,0.8689763024449348,1.0,0.4242820739746094,-0.026613712310791016,0.4484386444091797,0.21265721321105957,-0.2885277271270752,0.44843876361846924,2,1.0
6.924041372258216e-05,7.913875776921486e-09,0.00014478065713774413,0.05686604976654053,0.0,0.0,1.0,1.0,1.0,600,56128,7,2,1.5747112035751343,3.2498904516737497,-0.009663322009146214,-0.005870108027011156,0.006873470265418291,0.9663322009146214,1.0,0.42450380325317383,-0.039502859115600586,0.4621434807777405,0.4441361427307129,-0.03157004714012146,0.46214357018470764,2,0.0
1.004656434059143,1.004656434059143,1.0110716819763184,0.050660885870456696,1.0,1.0,1.0,0.0,0.0,300,56800,12,2,35.056175231933594,2.5350930123419326,0.007201635278761387,0.002314887708052993,0.0038764469791203737,0.7201635278761387,1.0,0.4456479549407959,-0.02947750687599182,0.45914655923843384,0.22588014602661133,-0.2953696846961975,0.4591464400291443,2,1.0
1.0038830041885376,1.0038830041885376,1.0040814876556396,0.030222371220588684,1.0,1.0,0.0,0.0,0.0,285,56864,31,2,35.46372604370117,1.7202426931795374,0.0020874147303402424,-0.004788822494447231,-0.008955852128565311,0.8955852128565311,1.0,0.44543886184692383,-0.03454899787902832,0.4463142156600952,0.2208261489868164,-0.30219078063964844,0.44631409645080566,2,1.0
1.0030136108398438,1.0030136108398438,1.0030827522277832,0.012467186897993088,1.0,1.0,0.0,0.0,0.0,284,56960,0,2,35.97260284423828,0.7103498656042282,0.008715135976672173,0.0049471016973257065,-0.0064435978420078754,0.8715135976672173,1.0,0.45818614959716797,-0.022391319274902344,0.44882646203041077,0.2275228500366211,-0.29213762283325195,0.4488263726234436,2,1.0
0.07353953272104263,0.07304691523313522,0.11595242470502853,0.11685289442539215,0.0,0.0,1.0,0.0,1.0,600,56960,20,2,3.091597318649292,4.236870929430575,-0.00837809219956398,-0.006392463110387325,-0.005541087128221989,0.837809219956398,1.0,0.41991913318634033,-0.04265308380126953,0.44972896575927734,0.42022478580474854,-0.04251384735107422,0.44972890615463257,2,0.0
0.0012863242300227284,3.582459484618994e-08,0.000540567038115114,0.0490616038441658,0.0,0.0,0.0,1.0,1.0,600,57024,2,2,1.1129240989685059,2.7800526242825625,-0.007136160042136908,0.0093020498752594,-0.0024495390243828297,0.9302049875259399,1.0,0.4298410415649414,-0.023115038871765137,0.45282047986984253,0.44666337966918945,-0.016397923231124878,0.4528205692768097,2,0.0
0.05801675096154213,7.913875776921486e-09,0.019562991335988045,0.0808095633983612,0.0,0.0,1.0,1.0,1.0,600,57248,21,2,1.7759329080581665,3.5091699820961346,-0.005803744308650494,-0.004745714366436005,-0.0009018111159093678,0.5803744308650494,1.0,0.42681705951690674,-0.03905892372131348,0.4543681740760803,0.44799649715423584,-0.030445575714111328,0.4543682634830475,2,0.0
0.08071127533912659,7.913876665099906e-09,0.010603981092572212,0.09594740718603134,0.0,0.0,1.0,1.0,1.0,600,57344,4,2,0.06893370300531387,4.889819084837223,-0.0038918417412787676,0.006458131596446037,0.0023145307786762714,0.6458131596446037,1.0,0.4205474853515625,-0.03159666061401367,0.45758455991744995,0.4499077796936035,-0.019241809844970703,0.4575846493244171,2,0.0
1.005807638168335,1.005807638168335,1.0693044662475586,0.13163956999778748,1.0,1.0,1.0,0.0,0.0,270,57376,24,2,34.17811584472656,3.90428383242009,0.003184580709785223,0.0031200808007270098,0.00387637154199183,0.387637154199183,1.0,0.43345487117767334,-0.032243967056274414,0.4591463804244995,0.22177350521087646,-0.2949850559234619,0.4591464400291443,2,1.0
0.013888753950595856,6.466026380991252e-09,7.06919381627813e-05,0.07345487922430038,0.0,0.0,1.0,1.0,1.0,600,57376,26,2,0.6553229689598083,4.204606396451904,-0.006057524587959051,0.009517797268927097,0.0002062436833512038,0.9517797268927097,1.0,0.42243099212646484,-0.02665543556213379,0.4554762840270996,0.4477427005767822,-0.01618218421936035,0.455476313829422,2,0.0
1.0000016689300537,1.0000016689300537,1.0138304233551025,0.05979544296860695,1.0,1.0,1.0,0.0,0.0,306,57568,23,2,34.29070281982422,2.633693836643648,0.00802281778305769,-0.00984908640384674,-0.0005655876011587679,0.9849086403846741,1.0,0.4458775520324707,-0.041892290115356445,0.4547044634819031,0.22706854343414307,-0.30583512783050537,0.4547044038772583,2,0.6064516305923462
0.09326403588056564,7.913875776921486e-09,0.10689684748649597,0.12799447774887085,0.0,0.0,1.0,1.0,1.0,600,57600,1,2,6.525583744049072,1.2088059188135047,-0.009166513569653034,0.00838430505245924,0.0047324770130217075,0.9166513569653034,1.0,0.43727827072143555,-0.020135879516601562,0.46000248193740845,0.44463300704956055,-0.01731562614440918,0.4600025713443756,2,0.32608696818351746
0.2018812894821167,7.913876665099906e-09,0.26958054304122925,0.3436735272407532,0.0,0.0,1.0,1.0,1.0,600,57600,3,2,3.0428788661956787,4.245219555030446,-0.0029931459575891495,0.0033872504718601704,-0.0015671547735109925,0.33872504718601704,1.0,0.42525482177734375,-0.03289604187011719,0.4537028670310974,0.4508066177368164,-0.02231276035308838,0.4537029564380646,2,0.7647058963775635
0.07975339889526367,-1.5772243511236184e-09,0.027209414169192314,0.11386951059103012,0.0,0.0,1.0,1.0,1.0,600,57600,6,2,0.3177323043346405,4.965257670446367,0.00389476609416306,0.009803990833461285,0.005182886496186256,0.9803990833461285,1.0,0.4278903007507324,-0.028460979461669922,0.46045297384262085,0.45769453048706055,-0.015895843505859375,0.46045300364494324,2,0.0
0.0046568443067371845,1.7933663443159276e-09,0.005962042137980461,0.061037641018629074,0.0,0.0,1.0,1.0,1.0,600,57600,10,2,0.2470429688692093,3.1556028918328973,0.009874877519905567,0.007368869613856077,-0.00816996581852436,0.9874877519905567,1.0,0.44460535049438477,-0.026018142700195312,0.44710004329681396,0.46367526054382324,-0.01833057403564453,0.44710013270378113,2,0.0
0.07918063551187515,1.8944001922704956e-09,0.03614651784300804,0.11954708397388458,0.0,0.0,1.0,1.0,1.0,600,57600,11,2,0.6664607524871826,4.77850407683894,0.007825825363397598,0.0027456479147076607,0.004615321755409241,0.7825825363397598,1.0,0.4329216480255127,-0.03500032424926758,0.4598854184150696,0.4616262912750244,-0.022954225540161133,0.45988544821739197,2,0.0
0.01201176829636097,3.129607017982039e-09,0.025570137426257133,0.027363412082195282,0.0,0.0,0.0,1.0,1.0,600,57600,25,2,2.1268410682678223,0.10274662239588776,0.0028336658142507076,-0.007865702733397484,0.009361161850392818,0.9361161850392818,1.0,0.4560065269470215,-0.03379964828491211,0.46463122963905334,0.4566340446472168,-0.033565521240234375,0.46463122963905334,2,0.0
0.00022393629478756338,1.8554918597146752e-06,0.001003687153570354,0.01069106999784708,0.0,0.0,0.0,1.0,1.0,600,57600,28,2,1.565484881401062,0.5551528665401705,-0.002405968029052019,0.0008916538208723068,-0.002082555089145899,0.2405968029052019,1.0,0.4480092525482178,-0.026084065437316895,0.453187495470047,0.45139384269714355,-0.024808406829833984,0.4531875550746918,2,0.0
1.0024040937423706,1.0024040937423706,1.0054495334625244,0.04043757915496826,1.0,1.0,0.0,0.0,0.0,310,57664,22,2,35.97221374511719,2.142414124457087,-0.009165513329207897,0.003882389282807708,-0.0031759124249219894,0.9165513329207897,1.0,0.4316411018371582,-0.026921957731246948,0.45209407806396484,0.20968961715698242,-0.2929800748825073,0.4520941376686096,2,1.0
1.0007110834121704,1.0007110834121704,1.0076465606689453,0.04188677296042442,1.0,1.0,0.0,0.0,0.0,328,57984,30,2,36.494384765625,2.0025598113421403,0.001812741276808083,0.003458368359133601,0.009313588961958885,0.9313588961958885,1.0,0.44346189498901367,-0.026998519897460938,0.4645836353302002,0.22080135345458984,-0.2927861213684082,0.4645836353302002,2,1.0
1.0013161897659302,1.0013161897659302,1.036132574081421,0.05823831260204315,1.0,1.0,1.0,1.0,0.0,346,58112,19,2,35.9781608581543,1.3419655793247807,-0.002667932538315654,-0.00821393821388483,0.006421544589102268,0.821393821388483,1.0,0.4429709017276764,-0.03705453872680664,0.4616915285587311,0.21627330780029297,-0.30467939376831055,0.46169161796569824,2,0.8064516186714172
1.0008094310760498,1.0008094310760498,1.0008983612060547,0.0594329908490181,1.0,1.0,1.0,1.0,0.0,321,58432,14,2,35.44999694824219,3.4001657124714315,-0.0035382758360356092,0.0045064473524689674,-0.00011967802129220217,0.45064473524689674,1.0,0.4297323226928711,-0.02951979637145996,0.4551503658294678,0.21544313430786133,-0.29177427291870117,0.4551503658294678,2,1.0
0.03734872490167618,2.473705407179949e-10,0.010117600671947002,0.05431979522109032,0.0,0.0,1.0,1.0,1.0,600,58464,8,2,0.8966435194015503,2.532601487398759,-0.008868826553225517,0.00908228661864996,0.0028816242702305317,0.908228661864996,1.0,0.4295930862426758,-0.02270376682281494,0.458151638507843,0.4449310302734375,-0.016617655754089355,0.4581517279148102,2,0.0
1.0054967403411865,1.0054967403411865,1.0057263374328613,0.04116639122366905,1.0,1.0,0.0,0.0,0.0,301,58624,27,2,35.792964935302734,2.3455089456537697,0.005339281167834997,0.006242156494408846,-0.00010835626744665205,0.6242156494408846,1.0,0.44492459297180176,-0.02507123351097107,0.4551616907119751,0.2239525318145752,-0.29174932837486267,0.4551616907119751,2,1.0
1.0034081935882568,1.0034081935882568,1.0036126375198364,0.04589935019612312,1.0,1.0,0.0,1.0,0.0,359,59712,17,2,36.99077606201172,2.6181233532135466,-0.0014795151073485613,0.004666603170335293,0.00683204922825098,0.683204922825098,1.0,0.4364684224128723,-0.027336955070495605,0.46210211515426636,0.21729671955108643,-0.29256224632263184,0.46210211515426636,2,1.0
1.0005431175231934,1.0005431175231934,1.0024709701538086,0.03921453282237053,1.0,1.0,0.0,0.0,0.0,269,64096,18,2,33.54135513305664,2.1363657785036287,-0.003776706987991929,0.0023190935607999563,-0.007165070157498121,0.7165070157498121,1.0,0.4370664954185486,-0.028470277786254883,0.44810497760772705,0.21522578597068787,-0.29386425018310547,0.4481049180030823,2,0.5129870176315308
0.0747549757361412,7.91386689513729e-09,0.10457083582878113,0.11214162409305573,0.0,0.0,1.0,1.0,1.0,600,64704,5,2,8.192340850830078,0.43378035162819095,-0.004702636040747166,0.004566518124192953,0.007297871634364128,0.7297871634364128,1.0,0.44645118713378906,-0.02212810516357422,0.46256792545318604,0.4490971565246582,-0.021132946014404297,0.4625679552555084,2,0.4000000059604645
1.0000202655792236,1.0000202655792236,1.0168898105621338,0.01769760623574257,1.0,1.0,0.0,0.0,0.0,271,65696,2,2,35.71617889404297,0.04744413482113496,0.005920504219830036,-0.0027680550701916218,0.008729028515517712,0.8729028515517712,1.0,0.4594302177429199,-0.028575867414474487,0.46399906277656555,0.22496461868286133,-0.29876065254211426,0.46399909257888794,2,1.0
1.002146601676941,1.002146601676941,1.0086268186569214,0.05705946683883667,1.0,1.0,1.0,0.0,0.0,263,65792,24,2,34.53664016723633,2.8979764806330675,0.0019825126510113478,0.0004443117359187454,-0.006644923239946365,0.6644923239946365,1.0,0.43825364112854004,-0.03227567672729492,0.4486251473426819,0.22085809707641602,-0.2963237762451172,0.4486251473426819,2,1.0
1.0032968521118164,1.0032968521118164,1.003969430923462,0.029196392744779587,1.0,1.0,0.0,0.0,0.0,288,66016,12,2,34.224483489990234,1.63429201955092,0.003884652629494667,-0.005964877083897591,-0.008083343505859375,0.8083343505859375,1.0,0.4477558135986328,-0.03551483154296875,0.4471867084503174,0.2226696014404297,-0.30315300822257996,0.4471866488456726,2,0.5632911324501038
1.001690149307251,1.001690149307251,1.002402424812317,0.061206985265016556,1.0,1.0,1.0,0.0,0.0,264,66048,25,2,34.36488723754883,3.4660889907931023,0.0017033126205205917,0.0035071915481239557,-0.004411750473082066,0.44117504730820656,1.0,0.43458127975463867,-0.030692100524902344,0.45085829496383667,0.22061491012573242,-0.2930946350097656,0.4508582353591919,2,1.0
1.0055683851242065,1.0055683851242065,1.005594253540039,0.00024813637719489634,1.0,1.0,0.0,0.0,0.0,274,66144,26,2,34.26666259765625,0.012740368033833317,2.7992118702968583e-05,-0.006389616057276726,-0.002058702288195491,0.6389616057276726,1.0,0.4537503719329834,-0.03211855888366699,0.45321139693260193,0.21863579750061035,-0.30440711975097656,0.45321124792099,2,0.34193548560142517
1.004686713218689,1.004686713218689,1.012096643447876,0.02104908414185047,1.0,1.0,0.0,0.0,0.0,275,66400,10,2,35.614383697509766,0.7814733191226586,-0.003828285029157996,-0.003165642498061061,-0.005624691490083933,0.5624691490083933,1.0,0.44520998001098633,-0.03067159652709961,0.44964537024497986,0.21484756469726562,-0.3008608818054199,0.44964540004730225,2,1.0
1.0001078844070435,1.0001078844070435,1.0134838819503784,0.04263587296009064,1.0,1.0,0.0,0.0,0.0,281,66592,3,2,35.077415466308594,1.6764638486424002,-0.0014223279431462288,-0.0014006398851051927,-0.0054201181046664715,0.5420118104666471,1.0,0.44219446182250977,-0.03105330467224121,0.44984984397888184,0.21761512756347656,-0.2974250316619873,0.4498499631881714,2,1.0
0.13359026610851288,5.882821785263559e-09,0.1821783035993576,0.23374037444591522,0.0,0.0,1.0,1.0,1.0,600,66592,9,2,1.7260057926177979,2.954297580198758,-0.0007385759963653982,0.0023553078062832355,0.005984819028526545,0.5984819028526545,1.0,0.4351954460144043,-0.030510425567626953,0.4612547755241394,0.4530611038208008,-0.023344993591308594,0.46125492453575134,2,0.3478260934352875
1.0036449432373047,1.0036449432373047,1.0050625801086426,0.0472901277244091,1.0,1.0,0.0,0.0,0.0,284,66688,28,2,35.28471374511719,2.6282988409729846,0.0035316096618771553,0.002756278496235609,-0.007138691842556,0.7138691842556,1.0,0.4414186477661133,-0.029273033142089844,0.4481313228607178,0.2222895622253418,-0.2945587635040283,0.4481313228607178,2,1.0
0.010366847738623619,2.509772798475751e-07,0.0019761717412620783,0.07014158368110657,0.0,0.0,1.0,1.0,1.0,600,66848,16,2,0.7985607981681824,3.9056050471376644,-0.0055618262849748135,-0.002155617345124483,0.002185655990615487,0.5561826284974813,1.0,0.4247004985809326,-0.03752279281616211,0.45745575428009033,0.4482382833957672,-0.027855396270751953,0.45745572447776794,2,0.0
1.0004862546920776,1.0004862546920776,1.041821002960205,0.05339839681982994,1.0,1.0,1.0,0.0,0.0,311,66912,20,2,35.87114715576172,0.6912041516695949,-0.0015163605567067862,0.008511470630764961,0.007396104745566845,0.8511470630764961,1.0,0.4480710029602051,-0.01878213882446289,0.46266621351242065,0.21749067306518555,-0.28765106201171875,0.4626660943031311,2,0.9345238208770752
1.0006327629089355,1.0006327629089355,1.0017738342285156,0.05565781518816948,1.0,1.0,1.0,0.0,0.0,294,67008,11,2,34.816436767578125,3.1235746407108267,0.0024915921967476606,0.004534779116511345,0.008845345117151737,0.8845345117151737,1.0,0.43741369247436523,-0.02876901626586914,0.4641153812408447,0.22148680686950684,-0.29168152809143066,0.4641154408454895,2,1.0
1.0054357051849365,1.0054357051849365,1.0054931640625,0.006604224443435669,1.0,1.0,0.0,0.0,0.0,279,67360,14,2,35.83891296386719,0.3751044643048593,-8.380805229535326e-05,-0.00033287768019363284,-0.0016149465227499604,0.16149465227499604,1.0,0.4514279365539551,-0.026891231536865234,0.4536551237106323,0.21853399276733398,-0.29830193519592285,0.4536551237106323,2,1.0
1.006754755973816,1.006754755973816,1.0070548057556152,0.028165558353066444,1.0,1.0,0.0,0.0,0.0,279,67392,8,2,34.670188903808594,1.5965785964401658,-0.0005875544738955796,0.0061264741234481335,-0.0041973949410021305,0.6126474123448133,1.0,0.4435110092163086,-0.023331284523010254,0.4510725736618042,0.2179279327392578,-0.292324423789978,0.451072633266449,2,0.8589743375778198
0.015848461538553238,2.6551532528173993e-08,2.0601264623110183e-05,0.0463181734085083,0.0,0.0,0.0,1.0,1.0,600,67616,29,2,1.110702633857727,2.652657216543954,-0.0004500473733060062,0.007966911420226097,-0.009411673061549664,0.9411673061549664,1.0,0.43729114532470703,-0.024124622344970703,0.4458584189414978,0.453350305557251,-0.017733097076416016,0.4458584487438202,2,0.0
1.0039758682250977,1.0039758682250977,1.006563663482666,0.009892672300338745,1.0,1.0,0.0,0.0,0.0,285,67744,27,2,35.9827880859375,0.4185379040412348,-0.005734587553888559,-0.002209658268839121,-0.003581008641049266,0.5734587553888559,1.0,0.4455122947692871,-0.02886861562728882,0.4516889750957489,0.2129971981048584,-0.29964566230773926,0.4516890048980713,2,1.0
1.0038678646087646,1.0038678646087646,1.0047166347503662,0.06633398681879044,1.0,1.0,1.0,1.0,0.0,325,68064,22,2,34.8502197265625,3.75202312100805,0.005803087260574102,-0.007753750775009394,0.002243462949991226,0.7753750775009394,1.0,0.43697845935821533,-0.04271075129508972,0.4575135111808777,0.22454333305358887,-0.3051503896713257,0.4575134515762329,2,0.9025974273681641
1.0054513216018677,1.0054513216018677,1.0434212684631348,0.08082180470228195,1.0,1.0,1.0,1.0,0.0,317,68128,30,2,35.589866638183594,2.455223981838977,0.0014054898638278246,0.007550530135631561,0.007629210129380226,0.7629210129380226,1.0,0.44033098220825195,-0.024039745330810547,0.46289920806884766,0.22002172470092773,-0.2904243469238281,0.46289926767349243,2,1.0
1.0019245147705078,1.0019245147705078,1.0451152324676514,0.054090626537799835,1.0,1.0,1.0,0.0,0.0,389,70560,19,2,38.36558532714844,0.6245298193434874,-0.0044860546477139,-0.005580938421189785,-0.0002302996872458607,0.5580938421189785,1.0,0.4455067217350006,-0.032718658447265625,0.45503976941108704,0.21440690755844116,-0.30226778984069824,0.45503973960876465,2,0.9388889074325562
1.0003695487976074,1.0003695487976074,1.0029304027557373,0.016184277832508087,1.0,1.0,0.0,0.0,0.0,267,74560,12,2,35.31218338012695,0.7805657577366931,0.002050684532150626,0.003663038369268179,0.002760068280622363,0.3663038369268179,1.0,0.4510951042175293,-0.023840218782424927,0.45803016424179077,0.22106719017028809,-0.29245683550834656,0.458030104637146,2,1.0
1.0053224563598633,1.0053224563598633,1.0054192543029785,0.042005255818367004,1.0,1.0,0.0,0.0,0.0,257,74624,10,2,34.53318786621094,2.4011745605025503,0.008046239614486694,-0.005045361816883087,-0.009470212273299694,0.9470212273299694,1.0,0.4472970962524414,-0.0364990234375,0.4457998275756836,0.22667312622070312,-0.30297374725341797,0.4457998275756836,2,1.0
1.003939151763916,1.003939151763916,1.0041327476501465,0.020752334967255592,1.0,1.0,0.0,1.0,0.0,332,74720,18,2,36.87128448486328,1.177927594071229,0.0023469028528779745,0.004363838117569685,0.002154675079509616,0.4363838117569685,1.0,0.44897934794425964,-0.024082541465759277,0.45742475986480713,0.2210814356803894,-0.29305875301361084,0.45742470026016235,2,1.0
0.031092001125216484,-1.7940312568853756e-09,0.033186595886945724,0.10199253261089325,0.0,0.0,1.0,1.0,1.0,600,74816,15,2,2.005645751953125,3.9422912738302722,-0.0011101008858531713,-0.0013505107490345836,0.005565567873418331,0.5565567873418331,1.0,0.428934246301651,-0.03681612014770508,0.4608355760574341,0.4526900351047516,-0.027050018310546875,0.46083566546440125,2,0.0
1.002729058265686,1.002729058265686,1.0049865245819092,0.04855277016758919,1.0,1.0,0.0,0.0,0.0,262,74976,3,2,34.68164825439453,2.652522960638081,0.005113845691084862,0.0007839250029064715,-0.006855927407741547,0.6855927407741547,1.0,0.4428553581237793,-0.031307220458984375,0.44841402769088745,0.22394323348999023,-0.2961968183517456,0.448414146900177,2,1.0
0.045103173702955246,4.09673430112889e-06,0.03924645110964775,0.08963951468467712,0.0,0.0,1.0,1.0,1.0,600,75232,13,2,0.6876031756401062,2.887545287666577,-0.006831755395978689,0.007784501649439335,9.827926260186359e-05,0.7784501649439335,1.0,0.4295017719268799,-0.02490842342376709,0.4553683400154114,0.44696688652038574,-0.017915725708007812,0.45536836981773376,2,0.0
0.03320581838488579,7.913875776921486e-09,8.85347108123824e-05,0.03743740916252136,0.0,0.0,0.0,1.0,1.0,600,75328,7,2,3.166226863861084,2.139933271684491,-0.008726434782147408,-0.0022939241025596857,-0.0001246254687430337,0.8726434782147408,1.0,0.4320955276489258,-0.033092111349105835,0.4551454782485962,0.44507312774658203,-0.027993887662887573,0.4551454484462738,2,0.0
1.0027756690979004,1.0027756690979004,1.002931833267212,0.040505677461624146,1.0,1.0,0.0,0.0,0.0,293,75424,25,2,35.57359313964844,2.311852761631709,0.0012819046387448907,0.0002866041613742709,-0.0015361979603767395,0.15361979603767395,1.0,0.4410696029663086,-0.030942440032958984,0.4537338614463806,0.2201080322265625,-0.29671144485473633,0.4537338614463806,2,1.0
0.07905930280685425,7.913876665099906e-09,0.10345415025949478,0.11826811730861664,0.0,0.0,1.0,1.0,1.0,600,76064,31,2,6.148413181304932,0.84877810992567,-0.0048137204721570015,0.0063260868191719055,-0.0008973313961178064,0.6326086819171906,1.0,0.4438157081604004,-0.02133774757385254,0.45437273383140564,0.4489860534667969,-0.01937389373779297,0.4543727934360504,2,0.3191489279270172
1.0032916069030762,1.0032916069030762,1.0079458951950073,0.03267302364110947,1.0,1.0,0.0,0.0,0.0,288,76128,20,2,35.82762908935547,1.6053524013158702,0.009205506183207035,0.009674707427620888,-0.0071243708953261375,0.9674707427620888,1.0,0.4532512426376343,-0.019804000854492188,0.44814562797546387,0.22799086570739746,-0.28751134872436523,0.44814568758010864,2,1.0
0.05267944559454918,7.943829594125873e-09,0.0004780919407494366,0.0558374784886837,0.0,0.0,1.0,1.0,1.0,600,76160,0,2,1.379217267036438,3.171860022717997,-0.002898343838751316,-0.008499255403876305,0.00431732926517725,0.8499255403876305,1.0,0.431734561920166,-0.04192781448364258,0.4595874547958374,0.4509010314941406,-0.034198760986328125,0.459587424993515,2,0.0
0.022093016654253006,7.918463218459237e-09,0.022826779633760452,0.07979175448417664,0.0,0.0,1.0,1.0,1.0,600,76448,21,2,0.6639483571052551,3.2638530658845486,-0.0011245989007875323,-0.0018235244788229465,-0.008590107783675194,0.8590107783675194,1.0,0.4329591989517212,-0.0354924201965332,0.446679949760437,0.452675461769104,-0.027523279190063477,0.4466799795627594,2,0.0
0.1580769568681717,7.913875776921486e-09,0.2669968605041504,0.3518202304840088,0.0,0.0,1.0,1.0,1.0,600,76544,4,2,1.8151038885116577,4.860024519017158,0.00035919813672080636,0.0033758629579097033,-0.00048663176130503416,0.3375862957909703,1.0,0.4249739646911621,-0.03459620475769043,0.4547833800315857,0.4541587829589844,-0.022324085235595703,0.45478346943855286,2,0.03125
1.0060415267944336,1.0060415267944336,1.0060920715332031,0.006229545455425978,1.0,1.0,0.0,1.0,0.0,312,76576,9,2,36.72174835205078,0.3540355185103385,0.002964101266115904,-0.008076568134129047,-0.00928502343595028,0.9285023435950279,1.0,0.4546041488647461,-0.034586429595947266,0.44598498940467834,0.22153520584106445,-0.30626678466796875,0.44598495960235596,2,1.0
0.11592991650104523,-1.380280438556536e-11,0.11668191850185394,0.1615934520959854,0.0,0.0,1.0,1.0,1.0,600,76768,23,2,1.4030181169509888,2.5732379113091612,-0.00754664558917284,-0.0015032407827675343,-0.00736524723470211,0.754664558917284,1.0,0.4306708574295044,-0.03339266777038574,0.4479048252105713,0.4462534189224243,-0.02720320224761963,0.4479048550128937,2,0.0
0.4406035244464874,1.5864339472965888e-15,0.4418705105781555,0.505686342716217,0.0,0.0,1.0,1.0,1.0,600,76800,1,2,2.4265899658203125,3.656374859418484,0.004845915827900171,-0.00478614866733551,0.001260782009921968,0.48459158279001713,1.0,0.43659019470214844,-0.039488792419433594,0.4565308690071106,0.4586453437805176,-0.030486106872558594,0.456530898809433,2,0.2023809552192688
0.03189025819301605,-4.360670678715817e-12,0.03273453563451767,0.06442253291606903,0.0,0.0,1.0,1.0,1.0,600,76800,6,2,1.0694955587387085,1.8155865844642147,-0.0021476640831679106,0.008696711622178555,-0.005798697005957365,0.8696711622178555,1.0,0.4406290054321289,-0.021297693252563477,0.44947129487991333,0.45165205001831055,-0.017003297805786133,0.4494713842868805,2,0.0
1.0035560131072998,1.0035560131072998,1.0039573907852173,0.030490336939692497,1.0,1.0,0.0,0.0,0.0,274,76896,30,2,35.07717514038086,1.7239717630229527,-0.009870614856481552,-0.00459097046405077,-0.004496823996305466,0.9870614856481552,1.0,0.4334588050842285,-0.034360408782958984,0.4507732093334198,0.2088937759399414,-0.30187368392944336,0.4507731795310974,2,1.0
1.0007128715515137,1.0007128715515137,1.0007247924804688,0.07136942446231842,1.0,1.0,1.0,1.0,0.0,306,77152,14,2,35.22822570800781,4.088480800843817,0.009411419741809368,0.006411910522729158,0.0021832098718732595,0.9411419741809368,1.0,0.43858861923217773,-0.029447555541992188,0.457453191280365,0.22840070724487305,-0.28983354568481445,0.45745325088500977,2,1.0
1.004594087600708,1.004594087600708,1.0048785209655762,0.05760622397065163,1.0,1.0,1.0,1.0,0.0,345,77184,26,2,35.447574615478516,3.284296675844043,0.009406693279743195,-0.0029964400455355644,0.009142697788774967,0.9406693279743195,1.0,0.44336867332458496,-0.03671860694885254,0.4644128084182739,0.2280902862548828,-0.3006579875946045,0.46441274881362915,2,0.8860759735107422
1.004681944847107,1.004681944847107,1.0109139680862427,0.010550808161497116,1.0,1.0,0.0,0.0,0.0,302,77408,27,2,36.12728500366211,0.24744425333378062,0.00825614482164383,-0.005498560145497322,0.006816512905061245,0.8256144821643829,1.0,0.46054577827453613,-0.03176319599151611,0.4620865285396576,0.22693300247192383,-0.3031923770904541,0.46208655834198,2,1.0
1.0034294128417969,1.0034294128417969,1.0338407754898071,0.045471373945474625,1.0,1.0,0.0,1.0,0.0,358,78304,16,2,37.03616714477539,0.8628756203725764,-0.0018995862919837236,0.003101490205153823,0.009192973375320435,0.9192973375320435,1.0,0.4466443657875061,-0.02459573745727539,0.46446293592453003,0.21687501668930054,-0.29413509368896484,0.4644630551338196,2,1.0
0.06629321724176407,3.829586425752041e-09,0.0029824075754731894,0.07061582803726196,0.0,0.0,1.0,1.0,1.0,600,78912,17,2,1.0200800895690918,3.875110386927673,0.005657159723341465,-0.0063459305092692375,0.003359546884894371,0.6345930509269238,1.0,0.43610069155693054,-0.041631728410720825,0.4586296081542969,0.45945724844932556,-0.0320458710193634,0.45862963795661926,2,0.0
1.0002062320709229,1.0002062320709229,1.000516414642334,0.025319673120975494,1.0,1.0,0.0,1.0,0.0,345,81600,19,3,36.54865646362305,1.4329358016631228,-0.001320629962719977,-0.003704833099618554,0.0009513450204394758,0.3704833099618554,1.0,0.4437677562236786,-0.03276515007019043,0.4562213718891144,0.21770864725112915,-0.29976511001586914,0.45622146129608154,2,1.0
0.0429057702422142,7.913876665099906e-09,0.042921289801597595,0.09560992568731308,0.0,0.0,1.0,1.0,1.0,600,83904,5,3,1.22813081741333,3.0188377452135007,-0.009335186332464218,-0.009805282577872276,0.009802784770727158,0.9805282577872276,1.0,0.42621278762817383,-0.042836666107177734,0.4650728702545166,0.44446468353271484,-0.035504817962646484,0.465072900056839,2,0.0
1.0030128955841064,1.0030128955841064,1.0415349006652832,0.09093005955219269,1.0,1.0,1.0,0.0,0.0,301,84256,10,3,35.4650993347168,3.002764175662345,-0.00020491408940870315,-0.00284601585008204,-0.0011204197071492672,0.284601585008204,1.0,0.4354395866394043,-0.03583717346191406,0.45414966344833374,0.21860241889953613,-0.2999305725097656,0.45414960384368896,2,1.0
1.0052469968795776,1.0052469968795776,1.0071570873260498,0.07939989119768143,1.0,1.0,1.0,0.0,0.0,298,84768,13,3,34.93433380126953,4.439838538353967,0.008510090410709381,-0.0022013916168361902,0.001489918096922338,0.8510090410709381,1.0,0.4356060028076172,-0.03901517391204834,0.4567599296569824,0.2271430492401123,-0.30010175704956055,0.4567599296569824,2,1.0
0.06210442632436752,7.913875776921486e-09,0.0030270463321357965,0.07018741965293884,0.0,0.0,1.0,1.0,1.0,600,84896,2,3,0.3888247609138489,3.8480086231878854,-0.0076078693382442,-0.0004336909914854914,0.006503642536699772,0.76078693382442,1.0,0.42299604415893555,-0.035647034645080566,0.46177369356155396,0.44619178771972656,-0.026133626699447632,0.46177372336387634,2,0.0
0.07413854449987411,7.913876665099906e-09,0.03882796689867973,0.11693614721298218,0.0,0.0,1.0,1.0,1.0,600,84992,24,3,1.7420413494110107,4.475267156465646,-0.002413733396679163,0.0028987491969019175,-0.0022190732415765524,0.28987491969019175,1.0,0.4244725704193115,-0.034012556076049805,0.45305097103118896,0.45138633251190186,-0.02280139923095703,0.45305100083351135,2,0.0
1.0009231567382812,1.0009231567382812,1.0009713172912598,0.038874585181474686,1.0,1.0,0.0,0.0,0.0,290,85344,31,3,35.59255599975586,2.224586636257629,0.007147100754082203,0.00743833975866437,0.00447314465418458,0.743833975866437,1.0,0.44745874404907227,-0.023571252822875977,0.4597432017326355,0.2261190414428711,-0.28888368606567383,0.4597432017326355,2,1.0
0.0867142602801323,7.913875776921486e-09,0.10152354091405869,0.12568125128746033,0.0,0.0,1.0,1.0,1.0,600,85888,28,3,6.500369071960449,1.3841352739821453,-0.004391425289213657,0.004811261314898729,-0.00021613211720250547,0.48112613148987293,1.0,0.4409923553466797,-0.024130940437316895,0.4550538659095764,0.44940876960754395,-0.020888686180114746,0.4550539553165436,2,0.3863636255264282
1.006294846534729,1.006294846534729,1.011796474456787,0.060596343129873276,1.0,1.0,1.0,0.0,0.0,275,85952,14,3,34.23698425292969,3.1566946548830415,0.007810185197740793,0.006638559978455305,-0.005039616487920284,0.7810185197740793,1.0,0.4425344467163086,-0.026751279830932617,0.4502304792404175,0.22636151313781738,-0.2916445732116699,0.4502304196357727,2,1.0
1.002238392829895,1.002238392829895,1.0026960372924805,0.0041997130028903484,1.0,1.0,0.0,0.0,0.0,307,85952,20,3,36.70033264160156,0.21440412035834308,0.00968102179467678,-8.788611012278125e-05,0.0022563766688108444,0.9681021794676781,1.0,0.462172269821167,-0.026276588439941406,0.4575263261795044,0.22854936122894287,-0.2968897819519043,0.45752638578414917,2,1.0
0.12508592009544373,7.913875776921486e-09,0.1250881850719452,0.20430177450180054,0.0,0.0,1.0,1.0,1.0,600,86208,11,3,1.8368366956710815,4.5386056350732895,0.0071939267218112946,-0.001482587424106896,-0.009606610052287579,0.9606610052287579,1.0,0.43370580673217773,-0.03856706619262695,0.4456633925437927,0.46099424362182617,-0.027182340621948242,0.4456634819507599,2,0.0
1.0022937059402466,1.0022937059402466,1.0050177574157715,0.02224658988416195,1.0,1.0,0.0,0.0,0.0,303,86240,4,3,36.08311080932617,1.1185584158667146,-0.006034439895302057,-0.004493139684200287,-0.002783746924251318,0.6034439895302057,1.0,0.44095754623413086,-0.03279733657836914,0.4524862468242645,0.21282958984375,-0.3013150691986084,0.4524862766265869,2,1.0
0.029823027551174164,4.660329796024598e-05,0.0017323092324659228,0.04152294248342514,0.0,0.0,0.0,1.0,1.0,600,86592,8,3,1.3734688758850098,2.2825055732022794,-0.00743240537121892,0.009771546348929405,0.009971214458346367,0.9971214458346367,1.0,0.43253183364868164,-0.021383285522460938,0.4652411937713623,0.4463510513305664,-0.015934348106384277,0.46524128317832947,2,0.0
0.0004977972130291164,8.049681476940407e-10,0.001449327333830297,0.03561703488230705,0.0,0.0,0.0,1.0,1.0,600,86816,29,3,0.7038065791130066,1.9576675392485854,0.006450567860156298,0.007330084685236216,-0.009075312875211239,0.9075312875211239,1.0,0.44837021827697754,-0.023015260696411133,0.44619470834732056,0.4602508544921875,-0.01837015151977539,0.4461947977542877,2,0.0
0.0011848906287923455,1.4418908289570709e-09,0.0025013319682329893,0.006045795511454344,0.0,0.0,0.0,1.0,1.0,600,87264,22,3,1.5713868141174316,0.2030827616439296,-0.00811835378408432,0.006329266354441643,-0.00995016098022461,0.9950160980224609,1.0,0.44444215297698975,-0.019833505153656006,0.4453199803829193,0.44568192958831787,-0.019370704889297485,0.44531992077827454,2,0.0
1.0015079975128174,1.0015079975128174,1.0051078796386719,0.05889376252889633,1.0,1.0,1.0,0.0,0.0,351,87680,21,3,35.761375427246094,3.168109181646602,0.002887156791985035,-0.006431921850889921,0.0021623880602419376,0.6431921850889921,1.0,0.43754279613494873,-0.03985095024108887,0.4574323892593384,0.22181320190429688,-0.3029670715332031,0.45743250846862793,2,1.0
1.0031365156173706,1.0031365156173706,1.0073115825653076,0.021873516961932182,1.0,1.0,0.0,0.0,0.0,338,87712,30,3,36.51423645019531,1.014041153639887,-0.0011662245960906148,-0.007232738193124533,0.00522717647254467,0.7232738193124533,1.0,0.4464602470397949,-0.03528785705566406,0.46049726009368896,0.21763086318969727,-0.30436229705810547,0.46049726009368896,2,1.0
1.001920461654663,1.001920461654663,1.013501763343811,0.04626505449414253,1.0,1.0,0.0,0.0,0.0,296,87776,16,3,35.704193115234375,1.9872279576461658,-0.007208162918686867,0.005038020201027393,-0.005199543200433254,0.7208162918686867,1.0,0.4345332980155945,-0.025380373001098633,0.45007044076919556,0.2116852104663849,-0.29164791107177734,0.45007050037384033,2,1.0
1.0062357187271118,1.0062357187271118,1.0075666904449463,0.06312581151723862,1.0,1.0,1.0,1.0,0.0,361,88736,26,3,34.92872619628906,3.5405871447309005,0.008514094166457653,-0.006638433784246445,0.007549620699137449,0.8514094166457653,1.0,0.4409477710723877,-0.041034698486328125,0.4628196358680725,0.22707009315490723,-0.3048996925354004,0.4628196358680725,2,0.33571428060531616
1.0043772459030151,1.0043772459030151,1.0372041463851929,0.08817145228385925,1.0,1.0,1.0,1.0,0.0,319,89120,17,3,35.97255325317383,3.1710056087415106,0.0019158207578584552,0.009029586799442768,0.005984853021800518,0.9029586799442768,1.0,0.4365542531013489,-0.02439737319946289,0.46125495433807373,0.22061610221862793,-0.28855282068252563,0.46125489473342896,2,1.0
1.0029655694961548,1.0029655694961548,1.0032227039337158,0.05023336410522461,1.0,1.0,1.0,0.0,0.0,258,89856,19,3,34.271148681640625,2.86342084607468,0.005410217680037022,-0.0023572000209242105,-0.009882667101919651,0.9882667101919651,1.0,0.4418882429599762,-0.0349881649017334,0.44538742303848267,0.22422131896018982,-0.299424409866333,0.44538742303848267,2,1.0
1.0035278797149658,1.0035278797149658,1.0453057289123535,0.05939076840877533,1.0,1.0,1.0,0.0,0.0,256,93088,2,3,34.70921325683594,1.0091538331236256,-0.00477934256196022,0.005844647530466318,-0.005991364363580942,0.5991364363580942,1.0,0.44287633895874023,-0.022199004888534546,0.4492788016796112,0.2139873504638672,-0.2914275527000427,0.44927871227264404,2,0.9509202241897583
0.0707046315073967,7.913869559672548e-09,0.056018296629190445,0.13866043090820312,0.0,0.0,1.0,1.0,1.0,600,93760,12,3,0.6503899097442627,4.735046571357911,-0.008588138967752457,0.0003182272776030004,-0.006857678294181824,0.8588138967752457,1.0,0.4167637825012207,-0.03730735182762146,0.4484124183654785,0.44521212577819824,-0.02538171410560608,0.4484124481678009,2,0.0
0.8471474051475525,1.2405991583364084e-05,0.847850501537323,0.8592483401298523,0.0,0.0,1.0,1.0,1.0,600,93920,18,3,3.7278215885162354,0.6537584933186462,0.0008749912376515567,-0.00665687583386898,-0.001400720328092575,0.665687583386898,1.0,0.4506899118423462,-0.03386259078979492,0.45386937260627747,0.4546707272529602,-0.032358527183532715,0.45386937260627747,2,0.34302327036857605
0.04051411151885986,2.779246017353687e-13,0.01908091828227043,0.06571771204471588,0.0,0.0,1.0,1.0,1.0,600,94016,15,3,2.0123889446258545,2.672094013931106,-0.006315257865935564,-0.005899475421756506,0.009849360212683678,0.9849360212683678,1.0,0.43130919337272644,-0.0380406379699707,0.4651194214820862,0.4474848806858063,-0.03159904479980469,0.46511945128440857,2,0.0
0.06553374230861664,7.913875776921486e-09,0.0042767394334077835,0.0814821645617485,0.0,0.0,1.0,1.0,1.0,600,94176,3,3,0.09349633753299713,4.423547256523017,-0.007852724753320217,-0.009034181945025921,-0.004659521393477917,0.9034181945025921,1.0,0.419339656829834,-0.04580354690551758,0.45061051845550537,0.44594669342041016,-0.034734129905700684,0.45061054825782776,2,0.0
0.2490275800228119,5.84428107686108e-06,0.2523721754550934,0.2703469395637512,0.0,0.0,1.0,1.0,1.0,600,94528,7,3,2.313451051712036,1.0302149348727714,-0.006892602425068617,0.0044498746283352375,-0.00801810808479786,0.8018108084797859,1.0,0.44063520431518555,-0.023644059896469116,0.44725194573402405,0.44690513610839844,-0.021250814199447632,0.44725194573402405,2,0.5593220591545105
0.6131370067596436,2.421646883021822e-09,0.6155179142951965,0.6500616669654846,0.0,0.0,1.0,1.0,1.0,600,94624,25,3,3.073502540588379,1.979196508955877,0.006852032616734505,-0.008787905797362328,-0.006536382716149092,0.8787905797362328,1.0,0.4486420154571533,-0.03918647766113281,0.4487336277961731,0.46065235137939453,-0.03448772430419922,0.44873371720314026,2,0.7661290168762207
1.0043882131576538,1.0043882131576538,1.0045151710510254,0.008608115836977959,1.0,1.0,0.0,0.0,0.0,278,95136,4,3,35.78311538696289,0.4859342887482332,0.002552133286371827,0.0036629836540669203,0.0002879118255805224,0.36629836540669203,1.0,0.4533882141113281,-0.023151874542236328,0.45555803179740906,0.2212519645690918,-0.29392385482788086,0.4555578827857971,2,1.0
0.38783740997314453,1.5844630979700014e-05,0.38870733976364136,0.43401557207107544,0.0,0.0,1.0,1.0,1.0,600,95360,0,3,2.7935378551483154,2.5968771960265755,-0.009926398284733295,-0.009806452319025993,0.007878333330154419,0.9926398284733295,1.0,0.4281492233276367,-0.041756629943847656,0.4631483554840088,0.44386816024780273,-0.03550863265991211,0.4631483852863312,2,0.0
1.002579689025879,1.002579689025879,1.0425503253936768,0.05649342015385628,1.0,1.0,1.0,0.0,0.0,270,95456,29,3,35.481136322021484,0.9466960220320901,0.005764439236372709,0.00011153789091622457,-0.002016310812905431,0.5764439236372709,1.0,0.4537992477416992,-0.027783870697021484,0.45325377583503723,0.22460603713989258,-0.2968149185180664,0.45325368642807007,2,0.9661017060279846
0.00048251685802824795,1.0917418649114552e-06,0.0024234175216406584,0.002882173052057624,0.0,0.0,0.0,1.0,1.0,600,95776,9,3,1.6333293914794922,0.026347294640765514,-0.004379319492727518,0.00956343486905098,-0.009722000919282436,0.9722000919282436,1.0,0.44926023483276367,-0.016196489334106445,0.44554802775382996,0.4494204521179199,-0.016136646270751953,0.44554808735847473,2,0.0
0.07752200216054916,3.8934092572162626e-07,0.028366917744278908,0.11342690885066986,0.0,0.0,1.0,1.0,1.0,600,95968,23,3,0.1607465147972107,4.87360250820032,0.003888501087203622,0.008593367412686348,0.007728399243205786,0.8593367412686348,1.0,0.4284231662750244,-0.029416322708129883,0.4629983901977539,0.457688570022583,-0.01710665225982666,0.46299847960472107,2,0.0
0.04023553803563118,-2.374114460579335e-09,0.013671355322003365,0.05536103621125221,0.0,0.0,1.0,1.0,1.0,600,96000,1,3,0.7682649493217468,2.388643084366281,0.0032663848251104355,0.00985492579638958,-0.005178936291486025,0.985492579638958,1.0,0.44259214401245117,-0.021567106246948242,0.45009106397628784,0.45706605911254883,-0.015845060348510742,0.450091153383255,2,0.0
0.037142857909202576,-1.2075485056328716e-09,0.029530683532357216,0.07610540091991425,0.0,0.0,1.0,1.0,1.0,600,96000,6,3,1.3150932788848877,2.6685350584867065,-0.008228778839111328,0.004452875815331936,0.009898561052978039,0.9898561052978039,1.0,0.4294166564941406,-0.0276792049407959,0.4651685953140259,0.4455709457397461,-0.021247148513793945,0.46516868472099304,2,0.0
0.07584229856729507,7.923986800051352e-09,0.00027784364647231996,0.07989609241485596,0.0,0.0,1.0,1.0,1.0,600,96608,27,3,0.727480947971344,4.561791992871368,0.0006790608167648315,-0.00442599318921566,0.006908238399773836,0.6908238399773836,1.0,0.42705440521240234,-0.04157400131225586,0.4621782898902893,0.454479455947876,-0.030125945806503296,0.4621783196926117,2,0.0
1.0012402534484863,1.0012402534484863,1.0356258153915405,0.07971275597810745,1.0,1.0,1.0,0.0,0.0,309,99744,19,3,35.30147171020508,2.5970622514644006,0.0010759129654616117,-0.0008224784396588802,0.00748944329097867,0.748944329097867,1.0,0.43915045261383057,-0.03277230262756348,0.46275949478149414,0.22002315521240234,-0.297260046005249,0.46275943517684937,2,1.0
1.0013171434402466,1.0013171434402466,1.0044138431549072,0.0064900703728199005,1.0,1.0,0.0,0.0,0.0,260,101408,2,3,35.05491638183594,0.1944299525021548,-0.005723699927330017,-0.0018096998101100326,0.00023623130982741714,0.5723699927330017,1.0,0.44688940048217773,-0.027952879667282104,0.455506294965744,0.21321773529052734,-0.29827553033828735,0.45550620555877686,2,1.0
1.0018454790115356,1.0018454790115356,1.0249711275100708,0.062372952699661255,1.0,1.0,1.0,0.0,0.0,252,102080,15,3,34.69807052612305,2.248700619122359,0.009394511580467224,0.0031245083082467318,-0.003981376998126507,0.9394511580467224,1.0,0.4495617747306824,-0.027945518493652344,0.451288640499115,0.22829380631446838,-0.2935338020324707,0.45128870010375977,2,1.0
0.8724825382232666,-2.5147524063129367e-09,0.8729619383811951,0.8906102180480957,0.0,0.0,1.0,1.0,1.0,600,103104,5,3,3.454995632171631,1.0111754623962435,-0.000583005603402853,-0.009383057244122028,-0.009216976352036,0.9383057244122028,1.0,0.44706058502197266,-0.03743171691894531,0.44605308771133423,0.453216552734375,-0.03508281707763672,0.4460531175136566,2,0.21511627733707428
1.0051096677780151,1.0051096677780151,1.0063893795013428,0.05350629612803459,1.0,1.0,1.0,0.0,0.0,290,103456,3,3,35.294551849365234,2.9923696949626435,0.005195918492972851,0.0039603072218596935,-0.0016966327093541622,0.5195918492972851,1.0,0.4409012794494629,-0.029003024101257324,0.45357346534729004,0.22383880615234375,-0.29388952255249023,0.4535733461380005,2,1.0
0.07378967106342316,7.917852151706484e-09,0.00047660860582254827,0.07617726176977158,0.0,0.0,1.0,1.0,1.0,600,103456,10,3,1.1423691511154175,4.337328924856299,0.00036081246798858047,-0.0028787266928702593,0.002300215419381857,0.28787266928702593,1.0,0.42806315422058105,-0.0394129753112793,0.4575701951980591,0.4541611671447754,-0.02857828140258789,0.45757028460502625,2,0.0
0.08421698212623596,4.961369086231571e-06,0.005701159127056599,0.09295903891324997,0.0,0.0,1.0,1.0,1.0,600,103968,13,3,-0.016504673287272453,4.999794521984537,0.008589111268520355,-0.005318073555827141,0.0077856541611254215,0.8589111268520355,1.0,0.43238067626953125,-0.04367947578430176,0.46305572986602783,0.4623875617980957,-0.031018733978271484,0.46305572986602783,2,0.0
1.0046734809875488,1.0046734809875488,1.005117654800415,0.007764102425426245,1.0,1.0,0.0,0.0,0.0,294,104032,25,3,36.321964263916016,0.4193986145983622,0.0054611871019005775,0.007034381851553917,-0.008734967559576035,0.8734967559576035,1.0,0.45670318603515625,-0.019626617431640625,0.4465351402759552,0.22413873672485352,-0.29065656661987305,0.4465351104736328,2,1.0
0.02619331143796444,0.00013096594193484634,0.027561040595173836,0.07176047563552856,0.0,0.0,1.0,1.0,1.0,600,104192,24,3,1.4128786325454712,2.5399441541999344,-0.0011755547020584345,-0.003075898624956608,0.004828881938010454,0.4828881938010454,1.0,0.437241792678833,-0.03488039970397949,0.46009892225265503,0.4525785446166992,-0.028792858123779297,0.46009889245033264,2,0.0
1.0016050338745117,1.0016050338745117,1.002640962600708,0.045295972377061844,1.0,1.0,0.0,0.0,0.0,281,104448,29,3,35.13804626464844,2.5359149829198615,0.004052651114761829,0.002520059933885932,-0.0023378150071948767,0.40526511147618294,1.0,0.44249415397644043,-0.029274702072143555,0.4529322385787964,0.22297096252441406,-0.2940506935119629,0.4529321789741516,2,1.0
0.06909127533435822,1.1752208450843682e-07,0.038355372846126556,0.11398312449455261,0.0,0.0,1.0,1.0,1.0,600,104544,31,3,0.6941133737564087,4.333156106160245,0.008299017325043678,0.008031937293708324,0.007653075270354748,0.8299017325043678,1.0,0.43602657318115234,-0.028490543365478516,0.4629231095314026,0.4620985984802246,-0.01766800880432129,0.46292319893836975,2,0.0
1.00395929813385,1.00395929813385,1.040371060371399,0.0697728618979454,1.0,1.0,1.0,0.0,0.0,301,104992,0,3,35.792694091796875,1.911443807153701,-0.0025083606597036123,-0.009700189344584942,-0.002038426697254181,0.9700189344584942,1.0,0.43968915939331055,-0.0399317741394043,0.4532315731048584,0.21622419357299805,-0.3071308135986328,0.4532315135002136,2,1.0
1.005103588104248,1.005103588104248,1.0059541463851929,0.05389793962240219,1.0,1.0,1.0,0.0,0.0,262,104992,27,3,33.59406280517578,3.039392345747008,-0.005546777043491602,0.005043533630669117,0.006188325118273497,0.6188325118273497,1.0,0.42987847328186035,-0.028041571378707886,0.46145838499069214,0.21309685707092285,-0.2928043603897095,0.46145838499069214,2,1.0
0.06245066598057747,7.913876665099906e-09,1.0735699106589891e-05,0.06943818181753159,0.0,0.0,1.0,1.0,1.0,600,105088,28,3,0.9927082061767578,3.9778996112944873,-0.003191368654370308,0.0003655396867543459,0.008156472817063332,0.8156472817063332,1.0,0.42664170265197754,-0.03519594669342041,0.46342653036117554,0.4506089687347412,-0.025334477424621582,0.4634265601634979,2,0.0
0.07272867858409882,7.913876665099906e-09,0.11300858855247498,0.16924622654914856,0.0,0.0,1.0,1.0,1.0,600,105152,14,3,7.3310546875,3.2221758918993655,-0.002865096554160118,0.005387588869780302,-0.004383191931992769,0.5387588869780302,1.0,0.43146777153015137,-0.02817249298095703,0.4508867859840393,0.45093512535095215,-0.02031230926513672,0.45088687539100647,2,0.0
0.05660552904009819,7.913876665099906e-09,0.00042021501576527953,0.062066592276096344,0.0,0.0,1.0,1.0,1.0,600,105152,20,3,1.8705382347106934,3.532078436572357,-0.009360123425722122,-0.002945441985502839,-0.0032481784000992775,0.9360123425722122,1.0,0.4231243133544922,-0.037319183349609375,0.45202183723449707,0.44444000720977783,-0.028645038604736328,0.45202192664146423,2,0.0
0.07548171281814575,7.913876665099906e-09,0.005187489092350006,0.08885470777750015,0.0,0.0,1.0,1.0,1.0,600,105408,11,3,-0.1833394318819046,4.7937802218044965,0.00017204177856910974,-0.007733264937996864,0.0008354755700565875,0.7733264937996864,1.0,0.42517757415771484,-0.04552149772644043,0.45610564947128296,0.45397233963012695,-0.03343319892883301,0.4561055600643158,2,0.0
0.06913704425096512,7.913876665099906e-09,0.057827822864055634,0.13325022161006927,0.0,0.0,1.0,1.0,1.0,600,105792,8,3,1.266877293586731,4.321391105314898,-0.004870263859629631,-0.0012888249475508928,0.00824554543942213,0.8245545439422131,1.0,0.4229269027709961,-0.03777933120727539,0.4635156989097595,0.4489293098449707,-0.026988863945007324,0.46351566910743713,2,0.0
0.5073933005332947,2.1808789369970327e-06,0.5404730439186096,0.5758745074272156,0.0,0.0,1.0,1.0,1.0,600,106464,22,3,2.9376213550567627,2.0284733356097573,-7.049819396343082e-05,-0.006180856842547655,-0.001073195831850171,0.6180856842547655,1.0,0.44142234325408936,-0.03670161962509155,0.4541968107223511,0.45372891426086426,-0.03188106417655945,0.45419690012931824,2,0.13461539149284363
1.005456805229187,1.005456805229187,1.0055599212646484,0.03925930708646774,1.0,1.0,0.0,1.0,0.0,328,106496,6,3,36.39253234863281,2.2434853428042314,0.0034793701488524675,-0.0005488877650350332,0.004496284294873476,0.4496284294873476,1.0,0.4436783790588379,-0.03160595893859863,0.4597662687301636,0.22209548950195312,-0.298525333404541,0.45976632833480835,2,1.0
0.2986794114112854,-1.0081096452952722e-14,0.2993917167186737,0.34254372119903564,0.0,0.0,1.0,1.0,1.0,600,106880,21,3,2.5558862686157227,2.4724298686884736,-0.008420507423579693,-0.001074125524610281,0.005609969142824411,0.8420507423579693,1.0,0.4304020404815674,-0.03270769119262695,0.46087998151779175,0.4453796148300171,-0.026773929595947266,0.4608800709247589,2,0.0
0.12626978754997253,0.12626978754997253,0.2309935986995697,0.18414756655693054,0.05088763430573779,0.0,1.0,0.0,1.0,600,106912,30,3,4.0959343910217285,4.5506511005614305,-0.007600882556289434,-0.0022914372384548187,-0.0003736430371645838,0.7600882556289434,1.0,0.4188394546508789,-0.03940916061401367,0.45489633083343506,0.40315675735473633,-0.0471491813659668,0.45489639043807983,2,0.0
0.0495002418756485,7.913876665099906e-09,0.0012089875526726246,0.05332072824239731,0.0,0.0,1.0,1.0,1.0,600,106976,16,3,2.0679373741149902,2.9857836850554587,-0.00615626061335206,-0.005973311141133308,-0.004926001187413931,0.615626061335206,1.0,0.42958948016166687,-0.038919925689697266,0.4503440260887146,0.44764384627342224,-0.03167319297790527,0.45034411549568176,2,0.0
0.05269943177700043,2.8677346563199535e-05,0.00027772077010013163,0.057863567024469376,0.0,0.0,1.0,1.0,1.0,600,107936,26,3,0.7197672724723816,3.3010716204455943,-0.00582045828923583,0.007323848083615303,-0.003424509894102812,0.7323848083615303,1.0,0.4280414581298828,-0.026442527770996094,0.45184552669525146,0.447969913482666,-0.018379688262939453,0.45184555649757385,2,0.0
0.07357919216156006,7.913875776921486e-09,0.04023778811097145,0.11820032447576523,0.0,0.0,1.0,1.0,1.0,600,108320,17,3,1.7375255823135376,4.466922372847183,0.0016428864328190684,0.00022138672647997737,-0.007750250864773989,0.7750250864773989,1.0,0.42857858538627625,-0.03666657209396362,0.44751977920532227,0.45544299483299255,-0.02547857165336609,0.44751986861228943,2,0.0
1.0030075311660767,1.0030075311660767,1.0035161972045898,0.0399857833981514,1.0,1.0,0.0,0.0,0.0,280,111040,15,4,35.14162826538086,2.261869223842144,0.00423039635643363,-0.0035169043112546206,-0.0025723897852003574,0.423039635643363,1.0,0.44431835412979126,-0.034619808197021484,0.4526975750923157,0.22303807735443115,-0.3005995750427246,0.4526976943016052,2,1.0
0.435337096452713,1.546738417346205e-06,0.4390033781528473,0.48910054564476013,0.0,0.0,1.0,1.0,1.0,600,112960,12,4,2.26377534866333,2.8704388654468684,0.00805371068418026,-0.008699610829353333,0.0019291563658043742,0.8699610829353333,1.0,0.4444897174835205,-0.041348934173583984,0.45719921588897705,0.4618535041809082,-0.03439980745315552,0.45719924569129944,2,0.02380952425301075
0.07484009861946106,7.913875776921486e-09,0.051121778786182404,0.12876495718955994,0.0,0.0,1.0,1.0,1.0,600,113120,18,4,1.698111891746521,4.448625576721188,0.0024605190847069025,-0.0032069741282612085,-0.008720590732991695,0.8720590732991695,1.0,0.4295044243335724,-0.04004478454589844,0.4465494155883789,0.45626065135002136,-0.028906941413879395,0.44654950499534607,2,0.0
1.0027024745941162,1.0027024745941162,1.0031044483184814,0.010903970338404179,1.0,1.0,0.0,0.0,0.0,252,113216,14,4,34.21924591064453,0.6017250983652842,-0.005616198759526014,-0.00013214423961471766,0.005317138507962227,0.5616198759526014,1.0,0.4445154666900635,-0.027216434478759766,0.46058720350265503,0.21321582794189453,-0.2971029281616211,0.46058720350265503,2,0.8048780560493469
1.0046793222427368,1.0046793222427368,1.0332131385803223,0.05400334671139717,1.0,1.0,1.0,0.0,0.0,278,113440,31,4,35.52589416503906,1.459302252850076,0.001536069205030799,0.007578660733997822,-0.0016675599617883563,0.7578660733997822,1.0,0.44646406173706055,-0.0215456485748291,0.45360249280929565,0.22021245956420898,-0.2901144027709961,0.4536024332046509,2,1.0
0.1815398633480072,7.913875776921486e-09,0.18189387023448944,0.259358674287796,0.0,0.0,1.0,1.0,1.0,600,113728,7,4,1.4776054620742798,4.438404625515087,0.002438307972624898,-0.004265780560672283,-0.003835187526419759,0.4265780560672283,1.0,0.42954254150390625,-0.04107549786567688,0.451434850692749,0.45623779296875,-0.029965728521347046,0.4514348804950714,2,0.0
2.1798070520162582e-05,7.913875776921486e-09,4.061903018737212e-05,0.037111833691596985,0.0,0.0,0.0,1.0,1.0,600,114336,4,4,2.9889564514160156,2.1240249073338853,0.0014948260504752398,-0.0090203071013093,0.005154058337211609,0.90203071013093,1.0,0.4424123764038086,-0.039778709411621094,0.46042400598526,0.4552946090698242,-0.03472018241882324,0.46042415499687195,2,0.0
1.003299593925476,1.003299593925476,1.003435730934143,0.010763898491859436,1.0,1.0,0.0,0.0,0.0,290,114368,28,4,36.049896240234375,0.608925878658623,0.00919062178581953,-0.00029031955637037754,0.0007350353407673538,0.919062178581953,1.0,0.45927858352661133,-0.027391552925109863,0.45600512623786926,0.22797584533691406,-0.297479510307312,0.4560050368309021,2,1.0
1.002880334854126,1.002880334854126,1.003263235092163,0.05341607332229614,1.0,1.0,1.0,0.0,0.0,299,114560,0,4,35.058753967285156,3.0385804070094227,0.003353777574375272,0.0009534516138955951,0.009019293822348118,0.9019293822348118,1.0,0.4387831687927246,-0.03212928771972656,0.46428924798965454,0.22217178344726562,-0.2960824966430664,0.4642893075942993,2,1.0
0.8827330470085144,7.922079880984256e-09,0.8977499008178711,0.9788691401481628,0.0,0.0,1.0,1.0,1.0,600,114976,9,4,2.564652681350708,4.647774683011719,0.009923182427883148,0.0033193049021065235,0.0064602685160934925,0.9923182427883148,1.0,0.4357905387878418,-0.03406548500061035,0.46173036098480225,0.46372270584106445,-0.022380828857421875,0.46173039078712463,2,0.6781609058380127
0.01954205334186554,7.583837577840313e-05,0.004298633895814419,0.053520042449235916,0.0,0.0,1.0,1.0,1.0,600,115168,23,4,1.2518364191055298,2.8245259069592197,0.006422451231628656,-0.002637761877849698,-0.0031425084453076124,0.6422451231628656,1.0,0.44313347339630127,-0.03516876697540283,0.4521276354789734,0.4601958990097046,-0.02834761142730713,0.4521275460720062,2,0.0
0.000397566647734493,8.354048247442847e-13,0.0011924788122996688,0.013241677545011044,0.0,0.0,0.0,1.0,1.0,600,115200,1,4,1.1121430397033691,0.6903686274350319,-0.0002846343268174678,0.004166980739682913,0.004645096603780985,0.4645096603780985,1.0,0.4493074417114258,-0.02312469482421875,0.4599151611328125,0.45351505279541016,-0.02153301239013672,0.4599151909351349,2,0.0
1.0049448013305664,1.0049448013305664,1.0050227642059326,0.023343268781900406,1.0,1.0,0.0,1.0,0.0,324,116160,8,4,36.6939697265625,1.3330052249073703,0.0013614072231575847,0.00822877325117588,0.008818530477583408,0.8818530477583408,1.0,0.447054386138916,-0.02058994770050049,0.4640885591506958,0.2200174331665039,-0.2895609140396118,0.464088499546051,2,1.0
1.0003001689910889,1.0003001689910889,1.0021207332611084,0.036941368132829666,1.0,1.0,0.0,0.0,0.0,283,117376,17,4,34.482643127441406,2.0122785302008337,-0.008007330819964409,-0.005639059003442526,-0.002288298448547721,0.8007330819964409,1.0,0.43358314037323,-0.0361194908618927,0.4529816508293152,0.21101447939872742,-0.30173373222351074,0.45298177003860474,2,0.9038461446762085
1.0008981227874756,1.0008981227874756,1.0096888542175293,0.0807851031422615,1.0,1.0,1.0,0.0,0.0,362,118464,21,4,36.27680206298828,4.124972794031903,-0.0013025178341194987,0.0057525341399014,-0.0058710589073598385,0.5871058907359838,1.0,0.4276578426361084,-0.030205249786376953,0.4493989944458008,0.21767187118530273,-0.2905604839324951,0.4493989944458008,2,1.0
0.0601622648537159,2.242924665551982e-06,0.002616252051666379,0.06692288815975189,0.0,0.0,1.0,1.0,1.0,600,118944,19,4,1.0565857887268066,3.684628790693888,-0.005069507285952568,-0.004750027321279049,0.005212968681007624,0.5212968681007624,1.0,0.4265064001083374,-0.03952813148498535,0.4604828953742981,0.4487299621105194,-0.030450105667114258,0.46048304438591003,2,0.0
1.0048311948776245,1.0048311948776245,1.01108980178833,0.025917330756783485,1.0,1.0,0.0,0.0,0.0,287,120224,15,5,35.869895935058594,1.1263583851771635,0.0004119985969737172,0.009853397496044636,-0.005922781303524971,0.9853397496044636,1.0,0.4473569691181183,-0.018469810485839844,0.44934719800949097,0.21907693147659302,-0.28789424896240234,0.44934719800949097,2,1.0
0.0004263102018740028,1.7488699768364313e-06,0.0018288753926753998,0.01897001639008522,0.0,0.0,0.0,1.0,1.0,600,120608,2,5,1.2056727409362793,0.982214713263449,0.008618339896202087,0.0035295577254146338,0.0033376633655279875,0.8618339896202087,1.0,0.4564371109008789,-0.024450302124023438,0.4586077034473419,0.4624180793762207,-0.02217063307762146,0.4586077630519867,2,0.0
1.0033414363861084,1.0033414363861084,1.0044554471969604,0.042406488209962845,1.0,1.0,0.0,0.0,0.0,265,122208,7,5,34.72380828857422,2.365886174712268,0.0059285592287778854,-0.0022181228268891573,-0.008400978520512581,0.8400978520512581,1.0,0.4453911781311035,-0.03358280658721924,0.4468690752983093,0.22471046447753906,-0.2994225323200226,0.4468691349029541,2,1.0
0.07159758359193802,7.913869559672548e-09,0.1078748106956482,0.1903427094221115,0.0,0.0,1.0,1.0,1.0,600,122304,5,5,1.3605475425720215,4.725066811206876,0.0010017298627644777,-0.007255391217768192,-0.009006025269627571,0.9006025269627571,1.0,0.42641305923461914,-0.04485368728637695,0.4462640881538391,0.4548015594482422,-0.032955169677734375,0.4462640583515167,2,0.0
1.0043874979019165,1.0043874979019165,1.004469633102417,0.02161242440342903,1.0,1.0,0.0,0.0,0.0,289,122368,18,5,35.6308479309082,1.2335985450052989,0.007011201698333025,-0.0023833985906094313,0.00039588456274941564,0.7011201698333025,1.0,0.4533063769340515,-0.03096306324005127,0.4556659460067749,0.22571080923080444,-0.2999699115753174,0.4556658864021301,2,1.0
0.3934966027736664,4.553412509267218e-06,0.39397260546684265,0.4424996078014374,0.0,0.0,1.0,1.0,1.0,600,122656,3,5,2.6412272453308105,2.7806526137124656,-0.008606569841504097,-0.005564679391682148,0.00868095550686121,0.868095550686121,1.0,0.42836761474609375,-0.03798341751098633,0.4639509320259094,0.4451923370361328,-0.03126513957977295,0.46395108103752136,2,0.0
0.057947371155023575,6.690299778711051e-05,0.0012814054498448968,0.06093069538474083,0.0,0.0,1.0,1.0,1.0,600,122656,10,5,1.2736377716064453,3.421484867305157,0.0064824544824659824,-0.004806980490684509,0.005263075232505798,0.6482454482465982,1.0,0.43962597846984863,-0.038889408111572266,0.46053314208984375,0.46025919914245605,-0.030515193939208984,0.46053311228752136,2,0.0
0.00045738491462543607,2.5291597705034974e-09,0.001109141274355352,0.012361438944935799,0.0,0.0,0.0,1.0,1.0,600,123168,13,5,1.539840579032898,0.6447096666071429,0.002965780673548579,-0.0009361908305436373,-0.0028066118247807026,0.2965780673548579,1.0,0.4528357982635498,-0.028120875358581543,0.4524635374546051,0.45676612854003906,-0.026636242866516113,0.4524634778499603,2,0.0
0.025661595165729523,1.9490130398480687e-07,0.017872614786028862,0.048672404140233994,0.0,0.0,0.0,1.0,1.0,600,123232,25,5,1.1064703464508057,1.7647102128840824,-0.00819359254091978,0.009061899036169052,0.002794660860672593,0.9061899036169052,1.0,0.4348900318145752,-0.020807266235351562,0.4580646753311157,0.44560670852661133,-0.016637802124023438,0.4580647647380829,2,0.0
0.036848876625299454,4.263765729373148e-11,0.038500141352415085,0.11863153427839279,0.0,0.0,1.0,1.0,1.0,600,123392,24,5,0.8662179708480835,4.5911912614932175,-0.0006524898926727474,0.0028789881616830826,0.007735007908195257,0.7735007908195257,1.0,0.4255485534667969,-0.034349918365478516,0.46300506591796875,0.4531477689743042,-0.02282094955444336,0.46300509572029114,2,0.0
0.06654839962720871,7.913875776921486e-09,0.13561618328094482,0.18767200410366058,0.0,0.0,1.0,1.0,1.0,600,123648,29,5,3.2192516326904297,2.9825798994478996,-0.008230375126004219,0.0010737767443060875,-0.007516404613852501,0.8230375126004219,1.0,0.4275345802307129,-0.03186464309692383,0.4477536082267761,0.4455699920654297,-0.02462625503540039,0.4477536976337433,2,0.0
1.0034910440444946,1.0034910440444946,1.0062446594238281,0.05152604356408119,1.0,1.0,1.0,0.0,0.0,274,123744,9,5,33.15109634399414,2.7944508764963607,-0.009408407844603062,0.0044417837634682655,0.006045893300324678,0.9408407844603062,1.0,0.42748260498046875,-0.028012514114379883,0.46131592988967896,0.20936059951782227,-0.2928175926208496,0.46131598949432373,2,0.2535211145877838
1.0059764385223389,1.0059764385223389,1.0059866905212402,0.014475771225988865,1.0,1.0,0.0,0.0,0.0,270,123808,23,5,33.881752014160156,0.8288102119696964,0.009996524080634117,-0.00825745239853859,-0.0013030902482569218,0.9996524080634117,1.0,0.4587472677230835,-0.035874366760253906,0.45396700501441956,0.22857248783111572,-0.3064239025115967,0.4539669156074524,2,0.28947368264198303
1.0054036378860474,1.0054036378860474,1.0377955436706543,0.060263775289058685,1.0,1.0,1.0,1.0,0.0,347,124064,12,5,36.55942153930664,1.5969369679281797,-0.0013559935614466667,0.0027423191349953413,0.005022188648581505,0.5022188648581505,1.0,0.44274091720581055,-0.02671632170677185,0.4602922797203064,0.21726441383361816,-0.29521507024765015,0.4602922797203064,2,1.0
0.05003225430846214,5.41890032845771e-10,0.0011608005734160542,0.05643615871667862,0.0,0.0,1.0,1.0,1.0,600,124192,27,5,1.5813674926757812,3.167046233457019,-0.003973160870373249,-0.005107173230499029,0.007292375899851322,0.7292375899851322,1.0,0.43068909645080566,-0.03852379322052002,0.4625623822212219,0.4498271942138672,-0.03080710768699646,0.4625624716281891,2,0.0
0.6959075927734375,1.750582179216309e-10,0.6963276267051697,0.7455816864967346,0.0,0.0,1.0,1.0,1.0,600,124352,20,5,3.284496784210205,2.8220499633850897,-0.0023654114920645952,-0.004469888750463724,0.005167665891349316,0.5167665891349316,1.0,0.434360146522522,-0.03699541091918945,0.4604376554489136,0.4514347314834595,-0.03016948699951172,0.46043774485588074,2,0.06818182021379471
1.0003715753555298,1.0003715753555298,1.0011180639266968,0.02356325089931488,1.0,1.0,0.0,0.0,0.0,290,124480,1,5,35.78036880493164,1.3073055709381394,0.0024242226500064135,-0.001558830263093114,-0.009758382104337215,0.9758382104337215,1.0,0.448272705078125,-0.030315160751342773,0.44551166892051697,0.22144031524658203,-0.29767942428588867,0.44551169872283936,2,1.0
0.0004611975164152682,-2.9705811144253857e-09,0.001660346519201994,0.005095281638205051,0.0,0.0,0.0,1.0,1.0,600,124608,11,5,1.6448184251785278,0.19680715181801015,-0.0026894507464021444,0.002318856306374073,-0.0031117929611355066,0.31117929611355066,1.0,0.4499094486236572,-0.02382946014404297,0.4521583020687103,0.45111083984375,-0.02338099479675293,0.4521583020687103,2,0.0
1.0020725727081299,1.0020725727081299,1.0024604797363281,0.05513637512922287,1.0,1.0,1.0,1.0,0.0,332,124992,28,5,35.490318298339844,3.136851888127097,0.006500110495835543,-0.007839186117053032,0.00034015384153462946,0.7839186117053032,1.0,0.4413425922393799,-0.04117727279663086,0.45561009645462036,0.22538161277770996,-0.3045806884765625,0.4556102156639099,2,1.0
2.2136337065603584e-05,7.933109280600092e-09,5.253343624644913e-05,0.010243097320199013,0.0,0.0,0.0,1.0,1.0,600,125664,22,5,1.53237783908844,0.5838768002078359,0.0011041858233511448,-0.008149819448590279,-0.006789210718125105,0.8149819448590279,1.0,0.45134425163269043,-0.0351928174495697,0.44848087430000305,0.4549044370651245,-0.03384977579116821,0.44848087430000305,2,0.0
0.43024933338165283,0.43024933338165283,0.5814008712768555,0.22259625792503357,0.38641162423058273,0.0,1.0,0.0,1.0,600,125696,6,5,10.332138061523438,4.09348647573179,-0.008393744006752968,-0.0007556771161034703,-0.007660370320081711,0.8393744006752968,1.0,0.42075347900390625,-0.03662848472595215,0.44760966300964355,0.31127071380615234,-0.11257648468017578,0.4476097524166107,2,0.0
0.06908348947763443,7.913876665099906e-09,0.022754738107323647,0.09567130357027054,0.0,0.0,1.0,1.0,1.0,600,126112,30,5,1.8942533731460571,4.177811137451121,-0.0016234942013397813,-0.0038359244354069233,-0.005201720632612705,0.5201720632612705,1.0,0.42702388763427734,-0.03993701934814453,0.45006829500198364,0.4521760940551758,-0.029535770416259766,0.4500683844089508,2,0.0
0.04757217690348625,3.064452691603492e-09,0.015795588493347168,0.06724417209625244,0.0,0.0,1.0,1.0,1.0,600,126176,16,5,1.8963583707809448,2.9477864889290317,-0.006127991247922182,-0.003685848554596305,0.005104744806885719,0.6127991247922182,1.0,0.4298449754714966,-0.03653407096862793,0.4603748321533203,0.4476720988750458,-0.029385805130004883,0.4603748619556427,2,0.0
1.0005477666854858,1.0005477666854858,1.0006041526794434,0.07043084502220154,1.0,1.0,1.0,0.0,0.0,284,126464,17,5,34.705745697021484,4.032158207174246,0.009005752392113209,0.009182821027934551,-0.0065261004492640495,0.9182821027934551,1.0,0.4385167956352234,-0.026524603366851807,0.448743999004364,0.22800791263580322,-0.28700223565101624,0.44874387979507446,2,1.0
0.035134535282850266,4.756347209422529e-07,0.0021066071931272745,0.07335204631090164,0.0,0.0,1.0,1.0,1.0,600,127136,26,5,0.6966487169265747,4.082092012648916,0.006127538159489632,-0.006651123519986868,-0.005064456257969141,0.6651123519986868,1.0,0.43534231185913086,-0.042493343353271484,0.45020556449890137,0.4599275588989258,-0.03235125541687012,0.45020565390586853,2,0.0
1.0029387474060059,1.0029387474060059,1.0050067901611328,0.04974597692489624,1.0,1.0,0.0,0.0,0.0,265,127424,19,5,34.696563720703125,2.7317412021791814,0.0020707398653030396,-0.001645576674491167,-0.006655606906861067,0.6655606906861067,1.0,0.43933752179145813,-0.03393864631652832,0.44861453771591187,0.2208837866783142,-0.2987029552459717,0.44861453771591187,2,1.0
1.0021499395370483,1.0021499395370483,1.002288579940796,0.035225238651037216,1.0,1.0,0.0,0.0,0.0,277,131520,3,5,35.12600326538086,2.0103105819462237,0.0013407119549810886,0.0019818341825157404,-0.007732998114079237,0.7732998114079237,1.0,0.44294309616088867,-0.02849400043487549,0.44753700494766235,0.2202157974243164,-0.2947878837585449,0.44753700494766235,2,1.0
1.00600004196167,1.00600004196167,1.0391807556152344,0.04906816408038139,1.0,1.0,0.0,0.0,0.0,276,132000,13,5,35.3253288269043,0.9102928213032146,0.004849439952522516,-0.006406952161341906,0.002758896676823497,0.6406952161341906,1.0,0.4531056880950928,-0.03421628475189209,0.4580289125442505,0.22342371940612793,-0.304581880569458,0.4580289125442505,2,1.0
0.011162969283759594,7.913875776921486e-09,0.015370067209005356,0.05680987983942032,0.0,0.0,1.0,1.0,1.0,600,132416,14,5,3.507051944732666,2.374326794422523,-0.0019489438273012638,-0.009780261665582657,-0.006651648785918951,0.9780261665582657,1.0,0.43746304512023926,-0.041166067123413086,0.44861841201782227,0.45185136795043945,-0.03548002243041992,0.44861844182014465,2,0.0
0.4206271469593048,0.4203827679157257,0.47425246238708496,0.1371735781431198,0.3677105543818332,0.0,1.0,0.0,1.0,600,132640,31,5,9.844398498535156,4.772965220308883,-0.008601794950664043,-0.009967892430722713,-0.009439725428819656,0.9967892430722713,1.0,0.41652679443359375,-0.047698020935058594,0.4458303451538086,0.31367921829223633,-0.11919522285461426,0.445830374956131,2,0.0
0.061507582664489746,7.918462330280818e-09,0.001913551241159439,0.07007080316543579,0.0,0.0,1.0,1.0,1.0,600,133536,4,5,1.0272048711776733,3.905122665027532,-0.0007181144319474697,-0.0005439349915832281,0.009525636211037636,0.9525636211037636,1.0,0.4295473098754883,-0.03590989112854004,0.46479570865631104,0.4530816078186035,-0.02624368667602539,0.4647957384586334,2,0.0
0.07435814291238785,0.07051859050989151,0.1345636248588562,0.15030282735824585,0.0,0.0,1.0,0.0,1.0,600,133760,0,5,2.7648651599884033,4.942207489544867,-0.007946684956550598,-0.0020084502175450325,-0.009018062613904476,0.9018062613904476,1.0,0.4161834716796875,-0.04020977020263672,0.4462519884109497,0.42151546478271484,-0.03773832321166992,0.4462519884109497,2,0.0
1.0056766271591187,1.0056766271591187,1.0057282447814941,0.021863069385290146,1.0,1.0,0.0,0.0,0.0,286,133760,11,5,35.7164192199707,1.2497019966340732,0.008137826807796955,-0.0029130217153578997,-0.0024102467577904463,0.8137826807796955,1.0,0.45433568954467773,-0.03153085708618164,0.4528597891330719,0.22673702239990234,-0.30096983909606934,0.4528598189353943,2,1.0
1.0020780563354492,1.0020780563354492,1.006640911102295,0.059164710342884064,1.0,1.0,1.0,0.0,0.0,306,134272,1,5,35.546875,3.1284554512030356,0.008166894316673279,0.0028740265406668186,0.009015027433633804,0.9015027433633804,1.0,0.44305896759033203,-0.030442476272583008,0.4642850160598755,0.22704792022705078,-0.2938694953918457,0.46428507566452026,2,1.0
1.004218339920044,1.004218339920044,1.0042524337768555,0.07271707057952881,1.0,1.0,1.0,0.0,0.0,291,135008,6,5,34.4954719543457,4.164426527998835,0.005377535242587328,0.00486743776127696,-7.358696893788874e-05,0.5377535242587328,1.0,0.43410396575927734,-0.031197071075439453,0.4551963806152344,0.2240900993347168,-0.29265713691711426,0.45519644021987915,2,1.0
1.0007505416870117,1.0007505416870117,1.0011913776397705,0.004673706833273172,1.0,1.0,0.0,0.0,0.0,298,135200,22,5,36.364990234375,0.24252718414203256,0.004366454668343067,-0.004021932836622,-0.0071019819006323814,0.7101981900632381,1.0,0.4566861391067505,-0.030275195837020874,0.44816818833351135,0.22335267066955566,-0.3002808094024658,0.4481680393218994,2,1.0
1.003937840461731,1.003937840461731,1.0118212699890137,0.06984550505876541,1.0,1.0,1.0,0.0,0.0,323,135328,28,5,35.39373016357422,3.550170753910075,-0.005364876706153154,0.005950508173555136,0.0006410588975995779,0.5950508173555136,1.0,0.42701220512390137,-0.028470993041992188,0.45591115951538086,0.21336984634399414,-0.2914717197418213,0.4559110999107361,2,1.0
0.5203438997268677,3.880885924445465e-05,0.520569384098053,0.5595055222511292,0.0,0.0,1.0,1.0,1.0,600,135360,8,5,2.9666695594787598,2.2330917158781762,-0.005605186801403761,-0.0011579992715269327,0.007831266149878502,0.7831266149878502,1.0,0.43465614318847656,-0.032189130783081055,0.463101327419281,0.44818115234375,-0.0268629789352417,0.4631012976169586,2,0.009900989942252636
0.023645486682653427,1.4283085825184116e-09,0.001554399961605668,0.027594691142439842,0.0,0.0,0.0,1.0,1.0,600,137664,21,5,1.3525372743606567,1.4919982616852212,-0.009449344128370285,0.009915269911289215,-0.006233371328562498,0.9915269911289215,1.0,0.4352816343307495,-0.01928853988647461,0.4490366578102112,0.44435083866119385,-0.015784740447998047,0.44903674721717834,2,0.0
1.0039030313491821,1.0039030313491821,1.0363378524780273,0.05004153773188591,1.0,1.0,1.0,0.0,0.0,347,138528,19,5,37.271873474121094,1.0087895919417935,-0.0033575459383428097,-0.006140955723822117,0.004300557076931,0.6140955723822117,1.0,0.44430047273635864,-0.03418374061584473,0.45957064628601074,0.21537995338439941,-0.30355000495910645,0.45957058668136597,2,1.0
0.06130346655845642,7.913876665099906e-09,0.10766696184873581,0.15570971369743347,0.0,0.0,1.0,1.0,1.0,600,139424,15,5,6.7862091064453125,2.752647770898356,-9.719845365907531e-06,0.0082019018009305,0.000903407228179276,0.82019018009305,1.0,0.4371318817138672,-0.024144649505615234,0.45617353916168213,0.4537903964519501,-0.017497539520263672,0.45617350935935974,2,0.0
0.946599006652832,4.875743808696598e-09,0.9507226943969727,0.9669596552848816,0.0,0.0,1.0,1.0,1.0,600,139808,2,5,4.155021667480469,0.930313599864403,0.002181992633268237,-0.006423317361623049,0.000560532498639077,0.6423317361623049,1.0,0.4503164291381836,-0.03428006172180176,0.45583054423332214,0.4559817314147949,-0.03212326765060425,0.4558306038379669,2,0.41798943281173706
0.002803137991577387,4.148515309054801e-09,0.0033462033607065678,0.00374384643509984,0.0,0.0,0.0,1.0,1.0,600,141408,7,6,1.6484382152557373,0.02278342332779319,-0.007530194707214832,-0.0008437592186965048,-0.004554251674562693,0.7530194707214832,1.0,0.44613075256347656,-0.026595234870910645,0.4507158696651459,0.44626951217651367,-0.02654370665550232,0.4507158696651459,2,0.0
0.0716014876961708,7.913876665099906e-09,2.8295738957240246e-05,0.07737983018159866,0.0,0.0,1.0,1.0,1.0,600,141504,5,6,0.7219488024711609,4.431918080237691,-0.004988985136151314,0.007663969416171312,0.003598300274461508,0.7663969416171312,1.0,0.4221534729003906,-0.02912759780883789,0.4588683247566223,0.4488105773925781,-0.018035411834716797,0.4588684141635895,2,0.0
0.05572202801704407,2.8410133268153004e-07,0.0025667655281722546,0.06172924116253853,0.0,0.0,1.0,1.0,1.0,600,141568,18,6,1.5474227666854858,3.3897759275267845,-0.004334354307502508,-0.0008181689772754908,0.0027655442245304585,0.4334354307502508,1.0,0.4289981424808502,-0.03481721878051758,0.45803558826446533,0.4494657814502716,-0.02651822566986084,0.4580356180667877,2,0.0
1.0002721548080444,1.0002721548080444,1.0010069608688354,0.06333906948566437,1.0,1.0,1.0,0.0,0.0,301,141632,13,6,35.21999740600586,3.5869630619782296,0.00751744257286191,-0.0023047393187880516,0.0014679600717499852,0.751744257286191,1.0,0.43967485427856445,-0.03682363033294678,0.4567379951477051,0.22654151916503906,-0.298389196395874,0.4567379951477051,2,1.0
0.03834036737680435,8.10145297676086e-16,0.03091565892100334,0.07467067986726761,0.0,0.0,1.0,1.0,1.0,600,141856,10,6,0.8145830035209656,2.5069797402747485,-0.007437178399413824,0.007284511812031269,0.002937180455774069,0.7437178399413824,1.0,0.43117833137512207,-0.02443695068359375,0.45820724964141846,0.4463632106781006,-0.018414974212646484,0.45820727944374084,2,0.0
1.0077189207077026,1.0077189207077026,1.008286476135254,0.02403263747692108,1.0,1.0,0.0,1.0,0.0,290,141920,31,6,34.01081466674805,1.3444555034423677,1.2809504369215574e-05,-0.009248451329767704,0.009089970029890537,0.9248451329767704,1.0,0.44563722610473633,-0.03809475898742676,0.4643600285053253,0.21845436096191406,-0.30805158615112305,0.46435993909835815,2,0.25333333015441895
0.05955105274915695,4.4316526143228785e-11,0.020948156714439392,0.08863501250743866,0.0,0.0,1.0,1.0,1.0,600,142432,25,6,0.9420480132102966,3.878170738562662,0.0016957023181021214,0.008668102324008942,0.009973783977329731,0.9973783977329731,1.0,0.43212127685546875,-0.026626110076904297,0.4652438163757324,0.45549607276916504,-0.017031192779541016,0.4652439057826996,2,0.0
0.06651858240365982,7.913875776921486e-09,0.030767273157835007,0.10918472707271576,0.0,0.0,1.0,1.0,1.0,600,142592,24,6,0.693054735660553,4.492991924248652,-0.00984553899616003,-0.004149970132857561,0.0015820584958419204,0.984553899616003,1.0,0.41693592071533203,-0.04110884666442871,0.4568520784378052,0.44395458698272705,-0.029849767684936523,0.45685216784477234,2,0.0
1.0047718286514282,1.0047718286514282,1.0056571960449219,0.06238467991352081,1.0,1.0,1.0,0.0,0.0,288,142752,4,6,34.60609436035156,3.523651690683854,0.008944113738834858,0.004038885235786438,0.008971641771495342,0.8971641771495342,1.0,0.44147825241088867,-0.030312776565551758,0.464241623878479,0.2276134490966797,-0.2936882972717285,0.46424156427383423,2,1.0
0.012085185386240482,3.928468868252821e-05,0.0005194569821469486,0.06555651128292084,0.0,0.0,1.0,1.0,1.0,600,142848,29,6,0.9197785258293152,3.7285994141363146,-0.003458903869614005,0.003006983082741499,0.0008291509002447128,0.3458903869614005,1.0,0.4278557300567627,-0.03188800811767578,0.4560992121696472,0.45032763481140137,-0.022698163986206055,0.45609918236732483,2,0.0
0.004961424041539431,3.4495999443606706e-06,0.00018999245367012918,0.06022880598902702,0.0,0.0,1.0,1.0,1.0,600,142944,9,6,0.8801013827323914,3.4401682094494923,-0.00949175376445055,0.008946020156145096,-0.0007579345256090164,0.949175376445055,1.0,0.4235401153564453,-0.025185346603393555,0.4545121192932129,0.4443068504333496,-0.016754627227783203,0.4545121490955353,2,0.0
0.004500572569668293,1.225691770301296e-09,0.0021282266825437546,0.0704990103840828,0.0,0.0,1.0,1.0,1.0,600,143008,23,6,1.0944079160690308,3.9173606564729027,-0.0037984042428433895,0.0073734307661652565,0.006927555426955223,0.7373430766165257,1.0,0.4263942241668701,-0.028025388717651367,0.46219754219055176,0.4500018358230591,-0.018326640129089355,0.4621976315975189,2,0.0
1.000557780265808,1.000557780265808,1.004323959350586,0.023962263017892838,1.0,1.0,0.0,0.0,0.0,280,143232,1,6,35.54954528808594,1.1571496250075213,0.008012636564671993,-0.0026308048982173204,-0.000787941797170788,0.8012636564671993,1.0,0.454770565032959,-0.03102731704711914,0.4544820487499237,0.22701358795166016,-0.29881930351257324,0.4544820785522461,2,1.0
0.3468712866306305,1.9193119442206807e-05,0.6561062335968018,0.7133433818817139,0.0,0.0,1.0,1.0,1.0,600,143264,12,6,2.85652756690979,3.28054476755559,-0.007533830590546131,-0.0066609629429876804,-0.0019580842927098274,0.7533830590546131,1.0,0.4264507293701172,-0.040373653173446655,0.4533119797706604,0.4462594985961914,-0.03236335515975952,0.4533119797706604,2,0.2246376872062683
0.00011067109153373167,8.042573829136757e-10,0.0010787849314510822,0.004148573148995638,0.0,0.0,0.0,1.0,1.0,600,143392,27,6,1.523367166519165,0.17588594888493053,-0.001272540888749063,0.000736809684894979,0.008012237958610058,0.8012237958610058,1.0,0.45145368576049805,-0.025363773107528687,0.4632823169231415,0.4525277614593506,-0.0249631404876709,0.4632823169231415,2,0.0
0.030116423964500427,7.913876665099906e-09,0.00012722928659059107,0.07685986161231995,0.0,0.0,1.0,1.0,1.0,600,143552,20,6,2.1851274967193604,4.396457018727454,0.006008564494550228,-0.008273092098534107,0.0028903386555612087,0.8273092098534107,1.0,0.4333611726760864,-0.044968605041503906,0.4581603407859802,0.45980870723724365,-0.033972740173339844,0.4581604301929474,2,0.0
1.0057255029678345,1.0057255029678345,1.0064189434051514,0.008084266446530819,1.0,1.0,0.0,0.0,0.0,289,144608,8,6,36.028079986572266,0.42346697942488326,0.006050799507647753,0.001625871635042131,0.0034985370002686977,0.6050799507647753,1.0,0.45726728439331055,-0.02504432201385498,0.4587686061859131,0.22464609146118164,-0.2964489459991455,0.4587685465812683,2,1.0
1.0051755905151367,1.0051755905151367,1.005957841873169,0.08186831325292587,1.0,1.0,1.0,0.0,0.0,295,144768,28,6,34.4954833984375,4.645894673442673,0.0064605348743498325,0.008643867447972298,-0.009693584404885769,0.9693584404885769,1.0,0.4323387145996094,-0.028735637664794922,0.44557642936706543,0.2250986099243164,-0.28922998905181885,0.4455764889717102,2,1.0
1.0056686401367188,1.0056686401367188,1.0057796239852905,0.04888838902115822,1.0,1.0,0.0,1.0,0.0,315,145280,22,6,33.78009033203125,2.7947396654322056,0.0012689712457358837,0.00036553252721205354,0.004587186966091394,0.45871869660913944,1.0,0.4381580352783203,-0.032089293003082275,0.45985716581344604,0.21986865997314453,-0.29768866300582886,0.45985716581344604,2,0.2291666716337204
0.14599791169166565,1.155338941316586e-05,0.1470574140548706,0.21287725865840912,0.0,0.0,1.0,1.0,1.0,600,145312,30,6,1.7038592100143433,3.771861405452352,-0.0031254442874342203,-0.009960989467799664,-0.006737640593200922,0.9960989467799664,1.0,0.4279313087463379,-0.04497098922729492,0.44853246212005615,0.4506702423095703,-0.03566265106201172,0.4485324025154114,2,0.0
0.0005402498645707965,7.191823533503339e-05,0.0016581123927608132,0.015165358781814575,0.0,0.0,0.0,1.0,1.0,600,145376,16,6,1.3731141090393066,0.7780291962336796,0.0009733869810588658,0.003272027475759387,0.005398130044341087,0.5398130044341087,1.0,0.4500328004360199,-0.024225234985351562,0.4606681764125824,0.45474833250045776,-0.022437095642089844,0.4606682360172272,2,0.0
0.46113577485084534,0.46113577485084534,0.5008412599563599,0.1260087639093399,0.41023731721640644,0.0,1.0,0.0,1.0,600,145664,17,6,10.6423978805542,4.944814060486873,-0.008503272198140621,0.0026257894933223724,-0.005287628620862961,0.8503272198140621,1.0,0.41561195254325867,-0.035582274198532104,0.4499824047088623,0.30313748121261597,-0.11747786402702332,0.44998234510421753,2,0.0
0.02663271501660347,1.462128409457364e-07,0.0051855845376849174,0.0800660103559494,0.0,0.0,1.0,1.0,1.0,600,146336,26,6,0.6341420412063599,4.290340638461197,-0.0010072644799947739,-0.0010480950586497784,-0.0027445072773844004,0.27445072773844004,1.0,0.4269735813140869,-0.03745412826538086,0.4525255560874939,0.4527931213378906,-0.026747941970825195,0.4525255858898163,2,0.0
1.0015900135040283,1.0015900135040283,1.0054985284805298,0.014905989170074463,1.0,1.0,0.0,1.0,0.0,401,147840,6,6,38.02264404296875,0.6301105641430639,-0.009193569421768188,0.005641832947731018,-0.0018807403976097703,0.9193569421768188,1.0,0.4407649040222168,-0.021509170532226562,0.45338931679725647,0.20972585678100586,-0.2909233570098877,0.45338934659957886,2,1.0
1.0009846687316895,1.0009846687316895,1.0399090051651,0.04279022291302681,1.0,1.0,0.0,0.0,0.0,263,148224,2,6,35.45383834838867,0.22150324822692508,0.0029297408182173967,-0.006634035613387823,0.003747084876522422,0.6634035613387823,1.0,0.45537757873535156,-0.03283923864364624,0.4590170979499817,0.22189712524414062,-0.30297836661338806,0.4590170979499817,2,0.9210526347160339
1.0044764280319214,1.0044764280319214,1.0046725273132324,0.05235181376338005,1.0,1.0,1.0,1.0,0.0,331,149120,19,6,36.21866226196289,2.9883010366514315,0.0035583265125751495,-0.001629766309633851,0.0003010928339790553,0.35583265125751495,1.0,0.4392888844013214,-0.03458285331726074,0.4555710554122925,0.22225093841552734,-0.29924845695495605,0.45557117462158203,2,1.0
1.000808835029602,1.000808835029602,1.0026159286499023,0.008488209918141365,1.0,1.0,0.0,0.0,0.0,258,149888,13,6,34.888893127441406,0.382799232693834,0.000823946378659457,0.004351750016212463,0.005967068485915661,0.5967068485915661,1.0,0.4522888660430908,-0.02222442626953125,0.46123719215393066,0.21980571746826172,-0.2919282913208008,0.4612371325492859,2,1.0
0.0015649195993319154,-1.4074076681912327e-14,0.002575925551354885,0.020138923078775406,0.0,0.0,0.0,1.0,1.0,600,150720,3,6,1.2838506698608398,1.0062844066202796,0.006034968886524439,0.006377409677952528,0.0071082450449466705,0.710824504494667,1.0,0.4537081718444824,-0.021659493446350098,0.4623783528804779,0.45983457565307617,-0.019322514533996582,0.4623783528804779,2,0.0
1.005382776260376,1.005382776260376,1.0385193824768066,0.03839635103940964,1.0,1.0,0.0,0.0,0.0,301,151488,10,6,36.35398864746094,0.3013649149321818,0.006777705159038305,-0.006883305963128805,-0.001344800926744938,0.6883305963128805,1.0,0.4587388038635254,-0.03327226638793945,0.45392531156539917,0.22539973258972168,-0.30483341217041016,0.4539251923561096,2,0.949438214302063
1.002943515777588,1.002943515777588,1.0186588764190674,0.048010848462581635,1.0,1.0,0.0,0.0,0.0,276,151584,4,6,35.08214569091797,1.850394509135069,-0.004585199989378452,-0.008324329741299152,-0.005841357633471489,0.8324329741299152,1.0,0.43798112869262695,-0.038404226303100586,0.44942861795425415,0.21422767639160156,-0.30538368225097656,0.4494286775588989,2,1.0
0.189954936504364,0.189954936504364,0.21215949952602386,0.10528449714183807,0.11655870508836126,0.0,1.0,0.0,1.0,600,151616,14,6,5.374802589416504,4.76012873353749,-0.008928956463932991,-0.0057555497623980045,-0.007814797572791576,0.8928956463932991,1.0,0.4162750244140625,-0.04345059394836426,0.4474552273750305,0.38112449645996094,-0.06229686737060547,0.4474552869796753,2,0.0
1.001344084739685,1.001344084739685,1.0023448467254639,0.07205412536859512,1.0,1.0,1.0,0.0,0.0,297,152736,1,6,34.982994079589844,4.071053146289707,0.007957778871059418,0.001318945549428463,-0.0001768581278156489,0.7957778871059418,1.0,0.4372372627258301,-0.034493207931518555,0.4550932049751282,0.2268962860107422,-0.29515671730041504,0.4550931453704834,2,1.0
0.05691586807370186,8.922869892558083e-05,0.0009675577748566866,0.06367035955190659,0.0,0.0,1.0,1.0,1.0,600,152960,0,6,1.6697018146514893,3.5977210368078225,-0.008884948678314686,0.0006381404818966985,0.005331446882337332,0.8884948678314686,1.0,0.42320823669433594,-0.033908843994140625,0.4606015086174011,0.4448838233947754,-0.025072574615478516,0.46060147881507874,2,0.0
0.05065935105085373,1.8790430322823681e-10,0.0015999997267499566,0.05794694274663925,0.0,0.0,1.0,1.0,1.0,600,152960,11,6,1.4587234258651733,3.2284413098023825,-0.0029794075526297092,-0.0023236318957060575,0.00757045391947031,0.757045391947031,1.0,0.4313161373138428,-0.03590035438537598,0.4628404378890991,0.4508209228515625,-0.028023481369018555,0.4628405272960663,2,0.0
1.0004494190216064,1.0004494190216064,1.0004678964614868,0.025594964623451233,1.0,1.0,0.0,0.0,0.0,246,153152,22,6,33.901611328125,1.4654250905541693,-0.002404295140877366,-0.004038035869598389,0.00990554504096508,0.990554504096508,1.0,0.4424874782562256,-0.033176958560943604,0.4651755690574646,0.2166057825088501,-0.30018720030784607,0.4651756286621094,2,1.0
1.0022780895233154,1.0022780895233154,1.0318474769592285,0.05546681955456734,1.0,1.0,1.0,0.0,0.0,268,153952,16,6,35.143646240234375,1.4837954179354476,-0.0037472585681825876,0.004983886145055294,-0.005264678504317999,0.5264678504317999,1.0,0.44103336334228516,-0.024199485778808594,0.45000532269477844,0.21511787176132202,-0.29183268547058105,0.4500054121017456,2,1.0
1.0058364868164062,1.0058364868164062,1.006012201309204,0.029922427609562874,1.0,1.0,0.0,0.0,0.0,271,153984,30,6,34.38197326660156,1.7043653848453137,-0.009082482196390629,-0.0006661135703325272,-0.003057024907320738,0.9082482196390629,1.0,0.43436431884765625,-0.030386924743652344,0.4522130489349365,0.2095041275024414,-0.2987823486328125,0.4522130489349365,2,1.0
1.005696177482605,1.005696177482605,1.0069067478179932,0.029532654210925102,1.0,1.0,0.0,0.0,0.0,312,154592,8,6,36.25794982910156,1.6227392881783724,0.0030174278654158115,-0.0048442864790558815,-0.002398386597633362,0.48442864790558815,1.0,0.446958065032959,-0.03436601161956787,0.452871710062027,0.22161483764648438,-0.3029085397720337,0.4528716206550598,2,1.0
1.0046643018722534,1.0046643018722534,1.004836082458496,0.017050784081220627,1.0,1.0,0.0,0.0,0.0,288,154880,17,6,36.04029083251953,0.9670945954317448,0.008671142160892487,-0.00046219382784329355,-0.00838855654001236,0.8671142160892487,1.0,0.456582248210907,-0.028406143188476562,0.4468814432621002,0.22734904289245605,-0.29814958572387695,0.4468814730644226,2,1.0
0.181106299161911,7.913876665099906e-09,0.18117448687553406,0.26275792717933655,0.0,0.0,1.0,1.0,1.0,600,156864,21,6,1.4362798929214478,4.674388941999497,0.0055855088867247105,0.0029199228156358004,-0.008282145485281944,0.8282145485281944,1.0,0.4312955141067505,-0.03453803062438965,0.4469878673553467,0.4593857526779175,-0.02277994155883789,0.44698795676231384,2,0.13333334028720856
1.000537633895874,1.000537633895874,1.0022377967834473,0.034811656922101974,1.0,1.0,0.0,1.0,0.0,390,157248,28,6,37.96034622192383,1.897147367447218,0.002610950730741024,-0.002423190278932452,0.0030379474628716707,0.3037947462871671,1.0,0.44489526748657227,-0.03261864185333252,0.4583079218864441,0.22161388397216797,-0.29860448837280273,0.45830804109573364,2,1.0
1.0000829696655273,1.0000829696655273,1.0007500648498535,0.017664015293121338,1.0,1.0,0.0,0.0,0.0,266,158400,13,6,33.5992431640625,0.9738553087712938,0.00030472982325591147,-0.004426673986017704,0.0006052646785974503,0.4426673986017704,1.0,0.44817519187927246,-0.03238654136657715,0.45587536692619324,0.2193436622619629,-0.3004422187805176,0.4558752179145813,2,0.2751677930355072
0.14274810254573822,3.610258314523662e-09,0.11815659701824188,0.19488811492919922,0.0,0.0,1.0,1.0,1.0,600,158624,15,6,0.7277701497077942,4.396392985703985,0.001314318971708417,-0.0070280954241752625,-0.007879585027694702,0.7879585027694702,1.0,0.4286673069000244,-0.043723106384277344,0.44739043712615967,0.4551144540309906,-0.032727718353271484,0.44739052653312683,2,0.0
0.08002661168575287,3.6221344146269985e-08,0.07902317494153976,0.14074411988258362,0.0,0.0,1.0,1.0,1.0,600,160608,7,6,0.8556285500526428,3.5363473048036154,0.0050268154591321945,0.0007858913158997893,-0.009046846069395542,0.9046846069395542,1.0,0.4374856948852539,-0.03359910845756531,0.4462231397628784,0.45882654190063477,-0.024914056062698364,0.4462232291698456,2,0.0
0.00024710153229534626,8.907388604484368e-08,0.0003160718479193747,0.004029858857393265,0.0,0.0,0.0,1.0,1.0,600,160704,5,6,1.704469919204712,0.21278931422816397,-0.005236370023339987,-0.0029597333632409573,-0.00919188093394041,0.9191880933940411,1.0,0.4472646713256836,-0.029144763946533203,0.44607818126678467,0.4485630989074707,-0.028659343719482422,0.44607821106910706,2,0.0
0.7049829959869385,3.599747995346181e-13,0.7057382464408875,0.7354866862297058,0.0,0.0,1.0,1.0,1.0,600,160768,18,6,3.790294885635376,1.7044675175177466,-0.00957838911563158,-0.005118310451507568,0.0047844694927334785,0.957838911563158,1.0,0.4338686466217041,-0.034839749336242676,0.46005451679229736,0.44422170519828796,-0.03081834316253662,0.46005454659461975,2,0.028776979073882103
0.00043229834409430623,-2.90345303355366e-10,0.0021351545583456755,0.0102608073502779,0.0,0.0,0.0,1.0,1.0,600,161120,31,6,1.206464409828186,0.46556565078705026,-0.0013140728697180748,-0.0014881230890750885,0.0014870836166664958,0.14881230890750885,1.0,0.44964599609375,-0.02825617790222168,0.45675715804100037,0.4524855613708496,-0.02718806266784668,0.45675715804100037,2,0.0
1.000009536743164,1.000009536743164,1.0005567073822021,0.024456698447465897,1.0,1.0,0.0,0.0,0.0,257,161184,11,6,34.410701751708984,1.3699173814511174,0.008237979374825954,0.00832349993288517,0.007781774736940861,0.832349993288517,1.0,0.4537079334259033,-0.0205843448638916,0.46305182576179504,0.22728300094604492,-0.28766536712646484,0.4630517363548279,2,1.0
1.0068279504776,1.0068279504776,1.0229310989379883,0.040141720324754715,1.0,1.0,0.0,0.0,0.0,306,161376,4,6,34.45112991333008,1.3773063654726019,0.001229613902978599,-0.00800248421728611,0.007936565205454826,0.800248421728611,1.0,0.4466538429260254,-0.03692817687988281,0.4632066488265991,0.2197399139404297,-0.30647993087768555,0.4632066488265991,2,0.33552631735801697
1.0036002397537231,1.0036002397537231,1.0328407287597656,0.05543728545308113,1.0,1.0,1.0,0.0,0.0,263,161568,22,6,34.96293258666992,1.500966726952271,-0.009040516801178455,0.00888157356530428,-0.0038293637335300446,0.9040516801178455,1.0,0.4356362819671631,-0.0203436017036438,0.451440691947937,0.20972073078155518,-0.2884173095226288,0.451440691947937,2,1.0
0.06519928574562073,-4.4826264922193104e-10,0.00208074739202857,0.07509824633598328,0.0,0.0,1.0,1.0,1.0,600,161632,25,6,1.1783860921859741,4.183593746357183,-0.0024337931536138058,0.004112764727324247,0.0098561467602849,0.9856146760284901,1.0,0.4261794090270996,-0.03200340270996094,0.4651261568069458,0.451366662979126,-0.021586894989013672,0.46512624621391296,2,0.0
0.0007188048330135643,-2.9192273043321393e-09,0.0014192556263878942,0.02181190997362137,0.0,0.0,0.0,1.0,1.0,600,161792,24,6,1.0051484107971191,1.1684131405574012,0.0026870518922805786,0.0024715273175388575,0.0026210187934339046,0.26870518922805786,1.0,0.44937729835510254,-0.02595233917236328,0.457891047000885,0.4564872980117798,-0.02322864532470703,0.4578911364078522,2,0.0
0.0455532968044281,5.656562329647841e-09,0.0329708606004715,0.08264201879501343,0.0,0.0,1.0,1.0,1.0,600,162048,29,6,0.8792308568954468,2.845947087743672,-0.006898948922753334,0.009353269822895527,-0.005721809808164835,0.9353269822895527,1.0,0.4296836853027344,-0.023233413696289062,0.4495481848716736,0.4469013214111328,-0.01634693145751953,0.44954827427864075,2,0.0
0.2951226830482483,0.2951226830482483,0.3173409700393677,0.10866039246320724,0.22842621477790961,0.0,1.0,0.0,1.0,600,162144,9,6,7.30899715423584,4.952768242662176,-0.008310559205710888,0.008523880504071712,0.004979606717824936,0.8523880504071712,1.0,0.4157576560974121,-0.029706239700317383,0.46024972200393677,0.34930944442749023,-0.07011914253234863,0.4602496922016144,2,0.0
0.45827892422676086,6.342528990899154e-07,0.48645150661468506,0.5372770428657532,0.0,0.0,1.0,1.0,1.0,600,162208,23,6,2.832929849624634,2.912133968678623,0.0027933642268180847,-0.005501198582351208,0.0010735857067629695,0.5501198582351208,1.0,0.4389798641204834,-0.038257718086242676,0.4563436508178711,0.45659351348876953,-0.03120124340057373,0.4563436806201935,2,0.21739129722118378
0.02538042701780796,2.8276926400394586e-07,0.026841280981898308,0.09948837012052536,0.0,0.0,1.0,1.0,1.0,600,162464,12,6,1.0121804475784302,4.1623915585129945,0.0011303838109597564,0.004527074284851551,0.009725403971970081,0.9725403971970081,1.0,0.4298694133758545,-0.03153187036514282,0.46499550342559814,0.45493078231811523,-0.02117288112640381,0.46499547362327576,2,0.0
0.48237013816833496,-9.105531884046059e-10,0.48261651396751404,0.5355989933013916,0.0,0.0,1.0,1.0,1.0,600,162592,27,6,2.9914379119873047,3.035664983450885,0.00633560074493289,-0.008188464678823948,0.004999041091650724,0.8188464678823948,1.0,0.44178318977355957,-0.04126414656639099,0.46026909351348877,0.46013593673706055,-0.033888429403305054,0.46026912331581116,2,0.15454545617103577
1.0034595727920532,1.0034595727920532,1.027814507484436,0.033050503581762314,1.0,1.0,0.0,0.0,0.0,272,162688,30,6,35.64109420776367,0.4982183306096482,0.003652268787845969,-0.0033506874460726976,0.0023733973503112793,0.3652268787845969,1.0,0.45441341400146484,-0.030194759368896484,0.45764341950416565,0.22242403030395508,-0.3005986213684082,0.45764338970184326,2,1.0
0.02154477685689926,1.0807141734403558e-05,0.00048779736971482635,0.07339105010032654,0.0,0.0,1.0,1.0,1.0,600,162752,20,6,0.8056984543800354,4.177668557252197,-0.004522131755948067,0.00452070590108633,-0.0035725294146686792,0.45221317559480667,1.0,0.4241257905960083,-0.03157949447631836,0.45169752836227417,0.44927406311035156,-0.021181106567382812,0.45169752836227417,2,0.0
1.0005481243133545,1.0005481243133545,1.0006380081176758,0.016951119527220726,1.0,1.0,0.0,0.0,0.0,282,162976,16,6,35.53800964355469,0.966077324132236,-0.0017376048490405083,0.0011716160224750638,-0.005769707728177309,0.5769707728177309,1.0,0.44617989659309387,-0.02677011489868164,0.4495004117488861,0.21726462244987488,-0.295013427734375,0.4495003819465637,2,1.0
0.08883471041917801,7.913876665099906e-09,0.13766425848007202,0.1419498473405838,0.0,0.0,1.0,1.0,1.0,600,165536,26,6,6.210264205932617,0.24554391327978323,-0.0029847302939742804,0.0007157947984524071,0.007876972667872906,0.7876972667872906,1.0,0.44931650161743164,-0.02554464340209961,0.46314701437950134,0.45081567764282227,-0.024984121322631836,0.4631470739841461,2,0.3717948794364929
0.07116003334522247,7.913875776921486e-09,0.10222095251083374,0.11255889385938644,0.0,0.0,1.0,1.0,1.0,600,167040,6,6,8.211572647094727,0.5923195009913536,-0.002661151112988591,-0.002699491335079074,0.007920174859464169,0.7920174859464169,1.0,0.4475278854370117,-0.029761791229248047,0.4631902277469635,0.4511384963989258,-0.028399229049682617,0.4631902873516083,2,0.18518517911434174
0.031226003542542458,7.913875776921486e-09,0.0027434909716248512,0.08667465299367905,0.0,0.0,1.0,1.0,1.0,600,167424,2,6,1.3748648166656494,4.808901833740082,-0.007554450072348118,0.0003902607422787696,-0.0021670269779860973,0.7554450072348118,1.0,0.4173617362976074,-0.03743991255760193,0.45310306549072266,0.4462451934814453,-0.025309711694717407,0.45310309529304504,2,0.0
1.0033546686172485,1.0033546686172485,1.0064282417297363,0.05603060498833656,1.0,1.0,1.0,1.0,0.0,407,167904,17,6,38.030155181884766,3.034219544667781,0.005601751618087292,-0.0030863010324537754,0.0070830825716257095,0.708308257162571,1.0,0.44105786085128784,-0.036158084869384766,0.4623531103134155,0.2243821918964386,-0.30029550194740295,0.4623531699180603,2,1.0
0.04609285295009613,1.053835187517227e-12,0.029301321133971214,0.08156146109104156,0.0,0.0,1.0,1.0,1.0,600,168320,19,6,0.6098504662513733,2.994288978119417,-0.007490701973438263,0.00952775776386261,0.0010576015338301659,0.952775776386261,1.0,0.42820411920547485,-0.023440837860107422,0.45632755756378174,0.4463094174861908,-0.016172409057617188,0.4563277065753937,2,0.0
1.0019888877868652,1.0019888877868652,1.0023150444030762,0.02640857733786106,1.0,1.0,0.0,1.0,0.0,446,168864,8,6,38.65442657470703,1.494409745349059,-0.007660781033337116,-0.0003662090457510203,0.0011168655473738909,0.7660781033337116,1.0,0.4370555877685547,-0.029575467109680176,0.456386923789978,0.2112269401550293,-0.2970771789550781,0.45638686418533325,2,1.0
1.0036283731460571,1.0036283731460571,1.0221890211105347,0.03887055814266205,1.0,1.0,0.0,0.0,0.0,273,169344,7,6,33.788612365722656,1.1636719220563545,0.005033642053604126,-0.005620547570288181,-0.0027714285533875227,0.5620547570288181,1.0,0.4517521858215332,-0.034032732248306274,0.45249855518341064,0.22379255294799805,-0.30292975902557373,0.45249855518341064,2,0.3311688303947449
1.0045380592346191,1.0045380592346191,1.0054211616516113,0.026314102113246918,1.0,1.0,0.0,1.0,0.0,343,169600,15,6,37.05867004394531,1.4570871371248764,0.00719129852950573,-0.003402598900720477,0.00820873212069273,0.820873212069273,1.0,0.4521334767341614,-0.03252124786376953,0.4634787142276764,0.22587904334068298,-0.3010444641113281,0.4634787440299988,2,1.0
0.0007618829258717597,0.00026309379609301686,0.0026373222935944796,0.035000983625650406,0.0,0.0,0.0,1.0,1.0,600,169920,3,6,0.9649389982223511,1.8693781661594733,-0.002458849921822548,0.00944550335407257,0.009021260775625706,0.9445503354072571,1.0,0.43999290466308594,-0.02068150043487549,0.46429115533828735,0.4512491226196289,-0.0162886381149292,0.4642912447452545,2,0.0
1.0043011903762817,1.0043011903762817,1.004878044128418,0.011794070713222027,1.0,1.0,0.0,0.0,0.0,270,170272,25,7,35.51327896118164,0.6426932133372554,0.004026161041110754,-0.006207921542227268,0.00672683073207736,0.672683073207736,1.0,0.45390844345092773,-0.03338813781738281,0.4619969129562378,0.2227325439453125,-0.30376338958740234,0.461996853351593,2,1.0
1.0042225122451782,1.0042225122451782,1.0441055297851562,0.052303068339824677,1.0,1.0,1.0,0.0,0.0,302,170368,5,7,36.42076873779297,0.7116189467685283,0.007368235383182764,-0.008873620070517063,-0.007934887893497944,0.8873620070517063,1.0,0.4568309783935547,-0.036214351654052734,0.44733521342277527,0.22608041763305664,-0.3063998222351074,0.4473351240158081,2,0.9516128897666931
0.0713985338807106,7.913875776921486e-09,0.12220481038093567,0.16398873925209045,0.0,0.0,1.0,1.0,1.0,600,170688,10,7,4.16139030456543,2.3940406413578836,-0.0016118456842377782,0.0007361588650383055,-0.008762569166719913,0.8762569166719913,1.0,0.4376816749572754,-0.030699729919433594,0.44650745391845703,0.45218849182128906,-0.02496337890625,0.4465075433254242,2,0.0
0.05558732897043228,6.902519817231223e-05,0.001955291721969843,0.06610643863677979,0.0,0.0,1.0,1.0,1.0,600,170816,14,7,1.3546501398086548,3.6795501181591606,-0.003904909361153841,0.005279910750687122,0.009858584962785244,0.9858584962785244,1.0,0.4277017116546631,-0.029484272003173828,0.46512866020202637,0.449871301651001,-0.020429134368896484,0.46512866020202637,2,0.0
1.0016013383865356,1.0016013383865356,1.002192735671997,0.048965632915496826,1.0,1.0,0.0,0.0,0.0,272,171296,27,7,34.62925720214844,2.7716438076406305,0.007955840788781643,-0.008956358768045902,-0.006568436045199633,0.8956358768045902,1.0,0.44498419761657715,-0.04135200381278992,0.4487016201019287,0.22687458992004395,-0.3055257797241211,0.4487016797065735,2,1.0
1.0003938674926758,1.0003938674926758,1.000943899154663,0.052133869379758835,1.0,1.0,1.0,1.0,0.0,321,171392,31,7,35.94196701049805,2.955534484768765,0.0033390484750270844,-0.0038799464236944914,-0.00034522413625381887,0.38799464236944914,1.0,0.43926525115966797,-0.03674817085266113,0.4549248218536377,0.2223529815673828,-0.30000877380371094,0.4549248218536377,2,1.0
1.0073736906051636,1.0073736906051636,1.0182509422302246,0.060668058693408966,1.0,1.0,1.0,0.0,0.0,293,171520,9,7,33.29949188232422,2.852808866538596,-0.0032557533122599125,0.003233786905184388,0.006508887745440006,0.6508887745440006,1.0,0.4332857131958008,-0.02937030792236328,0.4617789387702942,0.2152118682861328,-0.2954428195953369,0.4617788791656494,2,0.19310344755649567
0.8416511416435242,6.140018285805127e-06,0.8459439873695374,0.8911009430885315,0.0,0.0,1.0,1.0,1.0,600,171936,1,7,3.436413049697876,2.5876592154114086,-0.0017980046104639769,0.0004048790142405778,0.009402050636708736,0.9402050636708736,1.0,0.43633317947387695,-0.03152132034301758,0.4646720290184021,0.4519996643066406,-0.025295734405517578,0.46467211842536926,2,0.19333332777023315
0.0003186838293913752,7.91555443413472e-09,0.001318895723670721,0.04160689190030098,0.0,0.0,0.0,1.0,1.0,600,172160,0,7,0.8390493392944336,2.3083341469920944,0.008375578559935093,0.003470865311101079,-0.006006627343595028,0.8375578559935093,1.0,0.4481840133666992,-0.027749061584472656,0.44926345348358154,0.4621753692626953,-0.022228717803955078,0.44926348328590393,2,0.0
1.000128984451294,1.000128984451294,1.0217370986938477,0.05559617653489113,1.0,1.0,1.0,1.0,0.0,358,172832,4,7,36.613563537597656,1.9473543804886893,-0.002941145095974207,-0.0017418626230210066,0.0034825399052351713,0.34825399052351713,1.0,0.4390406608581543,-0.03206157684326172,0.45875251293182373,0.2160944938659668,-0.297774076461792,0.4587525725364685,2,1.0
1.0051463842391968,1.0051463842391968,1.0246200561523438,0.07966253906488419,1.0,1.0,1.0,0.0,0.0,338,173504,30,7,35.78459548950195,3.448582362176713,0.009351390413939953,-0.0018724072724580765,0.007922283373773098,0.9351390413939953,1.0,0.4423332214355469,-0.0360260009765625,0.463192343711853,0.22799158096313477,-0.29973649978637695,0.46319228410720825,2,1.0
1.0034208297729492,1.0034208297729492,1.0061349868774414,0.008404986001551151,1.0,1.0,0.0,1.0,0.0,349,173632,12,7,36.834571838378906,0.3260539943889416,-0.008178779855370522,0.004238368943333626,0.007349580060690641,0.8178779855370522,1.0,0.443631649017334,-0.022207051515579224,0.4626196324825287,0.21059656143188477,-0.29299500584602356,0.4626196622848511,2,1.0
1.0032786130905151,1.0032786130905151,1.0071989297866821,0.005477833095937967,1.0,1.0,0.0,0.0,0.0,277,174400,26,7,36.031898498535156,0.08923714854783722,0.0032042216043919325,0.008382006548345089,-0.009925574995577335,0.9925574995577335,1.0,0.45645928382873535,-0.017521142959594727,0.4453444480895996,0.22199058532714844,-0.288799524307251,0.4453444480895996,2,1.0
0.006778857670724392,5.160517048352631e-06,0.0082901231944561,0.013131711632013321,0.0,0.0,0.0,1.0,1.0,600,176064,21,7,1.8416095972061157,0.2776980426538232,-0.00908590666949749,-0.007664639037102461,0.007298606913536787,0.908590666949749,1.0,0.44301939010620117,-0.033998966217041016,0.4625687003135681,0.4447122812271118,-0.03336501121520996,0.4625687003135681,2,0.0
0.14820720255374908,4.258107111354548e-08,0.15027081966400146,0.2188936024904251,0.0,0.0,1.0,1.0,1.0,600,176448,28,7,0.5599400997161865,3.931794553736432,0.0011655967682600021,-0.0071264696307480335,-0.006218471564352512,0.7126469630748034,1.0,0.4312725067138672,-0.04256415367126465,0.44905155897140503,0.45496582984924316,-0.03282654285430908,0.4490516483783722,2,0.0
1.0035408735275269,1.0035408735275269,1.0041301250457764,0.022064778953790665,1.0,1.0,0.0,0.0,0.0,276,177152,19,7,35.09210968017578,1.2304609268553244,-0.009188252501189709,0.005697011947631836,0.009536630474030972,0.9536630474030972,1.0,0.4371259808540344,-0.022875070571899414,0.4648067057132721,0.20957744121551514,-0.2915802001953125,0.46480661630630493,2,1.0
0.04573967680335045,7.810918023487545e-10,0.00040891673415899277,0.07760225981473923,0.0,0.0,1.0,1.0,1.0,600,177600,13,7,0.6630708575248718,4.422853565435437,0.008618874475359917,-0.007837329059839249,-0.007688828743994236,0.8618874475359917,1.0,0.43581509590148926,-0.04460477828979492,0.4475812315940857,0.4624192714691162,-0.03353726863861084,0.4475812613964081,2,0.0
1.0011868476867676,1.0011868476867676,1.002692699432373,0.054585669189691544,1.0,1.0,1.0,0.0,0.0,299,178432,8,7,35.325828552246094,3.0412559201733633,-0.003426601877436042,-0.0023719340097159147,-0.0025900471955537796,0.3426601877436042,1.0,0.43198728561401367,-0.0354619026184082,0.45267999172210693,0.21552467346191406,-0.29879021644592285,0.45267993211746216,2,1.0
1.005961298942566,1.005961298942566,1.0065312385559082,0.045224569737911224,1.0,1.0,0.0,0.0,0.0,253,178464,5,7,34.59029006958008,2.558519280534607,0.009928685612976551,0.000528422009665519,-0.009430299513041973,0.9928685612976551,1.0,0.44823455810546875,-0.031323909759521484,0.44583970308303833,0.22850561141967773,-0.29763221740722656,0.44583970308303833,2,1.0
1.0022809505462646,1.0022809505462646,1.0026423931121826,0.05389156565070152,1.0,1.0,1.0,0.0,0.0,283,179328,25,7,35.0343132019043,3.067052477451444,0.008419674821197987,0.0013432035921141505,-0.006402809172868729,0.8419674821197987,1.0,0.4436795711517334,-0.0318140983581543,0.44886720180511475,0.22728466987609863,-0.2954745292663574,0.4488672614097595,2,1.0
0.03300577029585838,4.285789945157603e-09,0.03320105001330376,0.04916631057858467,0.0,0.0,0.0,1.0,1.0,600,179968,18,7,2.1719017028808594,0.9147411954435971,-0.001262288773432374,-0.00679198931902647,-0.009125937707722187,0.9125937707722187,1.0,0.44696661829948425,-0.03461182117462158,0.4461440443992615,0.45253780484199524,-0.03249204158782959,0.44614413380622864,2,0.0
0.049676358699798584,7.913874888743067e-09,0.003107348456978798,0.057075805962085724,0.0,0.0,1.0,1.0,1.0,600,180384,11,7,2.4084346294403076,3.092165802369111,-0.006677460391074419,-0.00032487514545209706,-0.006434031296521425,0.6677460391074419,1.0,0.4284322261810303,-0.03354692459106445,0.448836088180542,0.44712281227111816,-0.026024818420410156,0.4488360583782196,2,0.0
1.0017642974853516,1.0017642974853516,1.0025957822799683,0.010204028338193893,1.0,1.0,0.0,0.0,0.0,284,180608,9,7,35.888668060302734,0.5370040400592416,-0.00020758219761773944,0.006975890137255192,-0.005562158767133951,0.6975890137255192,1.0,0.4503178596496582,-0.019958019256591797,0.44970783591270447,0.21869754791259766,-0.28965282440185547,0.44970786571502686,2,1.0
0.0038069046568125486,1.7933591278662675e-09,0.004192662425339222,0.006815881468355656,0.0,0.0,0.0,1.0,1.0,600,180768,22,7,1.669696569442749,0.1502994999651074,-0.008913202211260796,-0.00518433004617691,-0.00824357382953167,0.8913202211260796,1.0,0.44396913051605225,-0.03122645616531372,0.44702649116516113,0.44488704204559326,-0.03088429570198059,0.4470265209674835,2,0.0
1.0030173063278198,1.0030173063278198,1.0030380487442017,0.009314936585724354,1.0,1.0,0.0,0.0,0.0,272,180864,0,7,35.519378662109375,0.5325180998784242,0.0006031241500750184,-6.535244210681412e-06,0.0015863713342696428,0.15863713342696428,1.0,0.4511561393737793,-0.026929855346679688,0.45685645937919617,0.21940994262695312,-0.2970924377441406,0.456856369972229,2,1.0
0.037508849054574966,7.913876665099906e-09,0.05770564451813698,0.07515256106853485,0.0,0.0,1.0,1.0,1.0,600,180992,24,7,7.701846599578857,0.9996341502462145,0.0008199707372114062,-0.0050691841170191765,0.0028308613691478968,0.5069184117019176,1.0,0.4485337734222412,-0.03309035301208496,0.45810094475746155,0.45462024211883545,-0.03076910972595215,0.45810094475746155,2,0.0
0.1014569103717804,7.913875776921486e-09,0.07157394289970398,0.15859350562095642,0.0,0.0,1.0,1.0,1.0,600,181248,29,7,0.6889021992683411,4.985854532775364,-0.008868726901710033,0.006379290483891964,-0.0017796657048165798,0.8868726901710033,1.0,0.4150047302246094,-0.031943321228027344,0.4534904360771179,0.4449315071105957,-0.019320964813232422,0.45349040627479553,2,0.0
0.07280539721250534,7.913871336029388e-09,1.5031690963951405e-05,0.08158718794584274,0.0,0.0,1.0,1.0,1.0,600,181408,23,7,1.0419243574142456,4.673742208462461,-0.0011917856754735112,-0.008640440180897713,-0.0003294899652246386,0.8640440180897713,1.0,0.4245220422744751,-0.0460968017578125,0.4549404978752136,0.45260846614837646,-0.034340500831604004,0.4549405872821808,2,0.0
1.0010417699813843,1.0010417699813843,1.0059950351715088,0.03301110118627548,1.0,1.0,0.0,0.0,0.0,318,181568,31,7,35.84690475463867,1.6075995335528044,0.0034868745133280754,0.006026608403772116,0.00855401810258627,0.8554018102586269,1.0,0.44751882553100586,-0.023458003997802734,0.4638241231441498,0.22244930267333984,-0.29033875465393066,0.4638240337371826,2,1.0
1.002630352973938,1.002630352973938,1.0033624172210693,0.048089344054460526,1.0,1.0,0.0,0.0,0.0,259,181792,30,7,34.507972717285156,2.7133731159537247,0.009459178894758224,-0.00475979084149003,-0.009654780849814415,0.9654780849814415,1.0,0.4468355178833008,-0.037006378173828125,0.445615291595459,0.22829627990722656,-0.30170488357543945,0.4456152319908142,2,1.0
0.041113100945949554,2.0998872400038865e-13,0.024145670235157013,0.11102312803268433,0.0,0.0,1.0,1.0,1.0,600,181952,20,7,0.5798182487487793,4.977711239737417,0.0030496830586344004,0.004472958855330944,-0.004248572047799826,0.4472958855330944,1.0,0.4269711971282959,-0.033826351165771484,0.45102155208587646,0.45684993267059326,-0.02122640609741211,0.4510215222835541,2,0.0
0.07823363691568375,7.777409827269821e-09,0.021302668377757072,0.10435330867767334,0.0,0.0,1.0,1.0,1.0,600,182176,16,7,0.9714722037315369,4.758451922096252,0.0024618799798190594,0.007905240170657635,0.003083727555349469,0.7905240170657635,1.0,0.4276757538318634,-0.0297849178314209,0.45835375785827637,0.4562619626522064,-0.01779460906982422,0.45835384726524353,2,0.0
1.0006959438323975,1.0006959438323975,1.0007903575897217,0.02706015482544899,1.0,1.0,0.0,1.0,0.0,297,183904,26,7,35.359561920166016,1.5450251823585557,0.006756860297173262,-0.006296535953879356,0.0014813148882240057,0.6756860297173262,1.0,0.45116734504699707,-0.0356290340423584,0.45675134658813477,0.22574734687805176,-0.3025357723236084,0.45675134658813477,2,1.0
1.002823829650879,1.002823829650879,1.0033009052276611,0.013969934545457363,1.0,1.0,0.0,0.0,0.0,264,184896,28,7,34.68602752685547,0.7730879812559985,0.007506609428673983,-0.0012271194718778133,0.006811114028096199,0.7506609428673983,1.0,0.45659589767456055,-0.028712987899780273,0.4620812237262726,0.22632884979248047,-0.2982426881790161,0.4620811343193054,2,1.0
0.029495757073163986,1.694728553047753e-07,0.02970815822482109,0.08353035897016525,0.0,0.0,1.0,1.0,1.0,600,186240,6,7,1.0517573356628418,3.083795192097849,-0.005015508737415075,-0.00809392984956503,-0.006025407463312149,0.8093929849565029,1.0,0.4301433563232422,-0.041294097900390625,0.4492446780204773,0.44878387451171875,-0.03379368782043457,0.4492447078227997,2,0.0
1.0056068897247314,1.0056068897247314,1.0056965351104736,0.009803351946175098,1.0,1.0,0.0,0.0,0.0,277,186464,13,7,35.52027130126953,0.5565534288459933,0.007546630688011646,-0.003967521712183952,0.007804943714290857,0.7804943714290857,1.0,0.45795321464538574,-0.03094661235809326,0.4630749523639679,0.2261512279510498,-0.3019993305206299,0.4630749821662903,2,1.0
0.0006232049781829119,-1.9135467949765728e-12,0.0024848871398717165,0.022040441632270813,0.0,0.0,0.0,1.0,1.0,600,186624,2,7,1.7673139572143555,1.120450484988514,-0.003905107267200947,-0.007308180443942547,0.008365982212126255,0.8365982212126255,1.0,0.44307565689086914,-0.03561696410179138,0.46363601088523865,0.44989442825317383,-0.03300812840461731,0.4636360704898834,2,0.0
1.0011333227157593,1.0011333227157593,1.0065667629241943,0.030179213732481003,1.0,1.0,0.0,1.0,0.0,339,186912,21,7,36.20306396484375,1.4178278501058776,0.005211107898503542,-0.007816002704203129,0.0066895028576254845,0.7816002704203129,1.0,0.4503908157348633,-0.03683948516845703,0.461959570646286,0.2241668701171875,-0.3042147159576416,0.4619595408439636,2,1.0
0.48625797033309937,6.435612043276251e-10,0.4871218502521515,0.5355426669120789,0.0,0.0,1.0,1.0,1.0,600,187104,17,7,2.7893738746643066,2.7743095024076396,-0.003303557401522994,-0.004153069574385881,0.00861366931349039,0.8613669313490391,1.0,0.43370819091796875,-0.036555349826812744,0.46388375759124756,0.4504965841770172,-0.029853016138076782,0.46388378739356995,2,0.1458333283662796
1.0046590566635132,1.0046590566635132,1.020322322845459,0.038904860615730286,1.0,1.0,0.0,0.0,0.0,273,187168,8,7,35.500267028808594,1.3316514600695326,0.004000550601631403,0.0004248864424880594,-0.003066906239837408,0.4000550601631403,1.0,0.44970130920410156,-0.02839052677154541,0.4522031545639038,0.22267818450927734,-0.2972605228424072,0.4522032141685486,2,1.0
0.1968395709991455,7.913876665099906e-09,0.17160098254680634,0.25802433490753174,0.0,0.0,1.0,1.0,1.0,600,188544,7,7,0.4162634313106537,4.951688645886491,0.003751366399228573,-0.006898317486047745,-0.004831215832382441,0.6898317486047745,1.0,0.427825927734375,-0.04512545466423035,0.45043885707855225,0.4575510025024414,-0.032598286867141724,0.45043888688087463,2,0.0
0.06228496879339218,5.547228283830918e-06,0.0022598200011998415,0.0682682991027832,0.0,0.0,1.0,1.0,1.0,600,188800,15,7,0.9097563624382019,3.78232781658175,-7.828110392438248e-05,-0.009101861156523228,0.009739723056554794,0.9739723056554794,1.0,0.43091678619384766,-0.044139862060546875,0.46500974893569946,0.4537198543548584,-0.034802913665771484,0.46500980854034424,2,0.0
0.032048117369413376,2.4945740051407483e-07,0.016027865931391716,0.0928797796368599,0.0,0.0,1.0,1.0,1.0,600,189120,3,7,0.7242577075958252,4.403305990917684,-0.0013967393897473812,0.004476054105907679,-0.0068590170703828335,0.6859017070382833,1.0,0.4259152412414551,-0.03223776817321777,0.4484110474586487,0.45240306854248047,-0.021223902702331543,0.44841107726097107,2,0.0
0.43451935052871704,9.829142982198391e-06,0.4348609447479248,0.4828196167945862,0.0,0.0,1.0,1.0,1.0,600,189888,10,7,2.737525463104248,2.748387653846972,0.005581455770879984,-0.009602055884897709,-0.003554812865331769,0.9602055884897709,1.0,0.4427487850189209,-0.04193830490112305,0.45171523094177246,0.4593780040740967,-0.035303592681884766,0.45171526074409485,2,0.19780220091342926
1.0039023160934448,1.0039023160934448,1.0039176940917969,0.03517638146877289,1.0,1.0,0.0,0.0,0.0,273,189984,29,7,33.4066276550293,2.014572619988312,0.005347478203475475,-0.004582326393574476,0.002537953667342663,0.5347478203475475,1.0,0.44692420959472656,-0.03506875038146973,0.4578080177307129,0.22408533096313477,-0.30199170112609863,0.4578080177307129,2,0.2448979616165161
0.10396326333284378,4.6496055894351684e-09,0.10688668489456177,0.11136824637651443,0.0,0.0,1.0,1.0,1.0,600,190016,14,7,2.608602285385132,0.25677429174001803,0.00731290690600872,-0.00932502280920744,0.00836216751486063,0.9325022809207439,1.0,0.4595456123352051,-0.03561091423034668,0.46363213658332825,0.46111321449279785,-0.03502488136291504,0.4636322557926178,2,0.29411765933036804
0.06994853168725967,7.913875776921486e-09,0.03757323697209358,0.11985234171152115,0.0,0.0,1.0,1.0,1.0,600,190496,27,8,0.7189245223999023,4.714244376466991,-0.004088626708835363,-0.003621521173045039,0.001760144135914743,0.40886267088353634,1.0,0.4213860034942627,-0.041189610958099365,0.4570302367210388,0.44971156120300293,-0.02932146191596985,0.4570302665233612,2,0.0
1.0057326555252075,1.0057326555252075,1.0058612823486328,0.009618129581212997,1.0,1.0,0.0,0.0,0.0,292,190752,23,8,36.156673431396484,0.5437058963780522,0.005013887770473957,-0.0030110885854810476,-0.006070888601243496,0.6070888601243496,1.0,0.45549845695495605,-0.02996039390563965,0.4491991400718689,0.22360873222351074,-0.30108845233917236,0.44919919967651367,2,1.0
0.1874697506427765,7.913876665099906e-09,0.23625832796096802,0.27989402413368225,0.0,0.0,1.0,1.0,1.0,600,191136,1,8,3.840471029281616,2.500142080585331,-0.0039704181253910065,0.0046069626696407795,-0.008642783388495445,0.8642783388495445,1.0,0.43468523025512695,-0.027096986770629883,0.44662731885910034,0.4498291015625,-0.021092891693115234,0.44662728905677795,2,0.2631579041481018
1.0009020566940308,1.0009020566940308,1.0102709531784058,0.055892471224069595,1.0,1.0,1.0,0.0,0.0,308,191424,31,8,35.799102783203125,2.665605334219594,0.0027430583722889423,0.004379019606858492,-0.004685688763856888,0.4685688763856888,1.0,0.44040584564208984,-0.02774524688720703,0.4505842924118042,0.22171688079833984,-0.29193544387817383,0.450584352016449,2,1.0
1.0015901327133179,1.0015901327133179,1.0018815994262695,0.01649845764040947,1.0,1.0,0.0,0.0,0.0,292,191520,16,8,35.98556900024414,0.9285881233253286,0.006312181707471609,0.0035616415552794933,-0.006757950875908136,0.6757950875908136,1.0,0.45445704460144043,-0.024291276931762695,0.44851207733154297,0.2252316176891327,-0.29300379753112793,0.44851213693618774,2,1.0
1.0025153160095215,1.0025153160095215,1.0366568565368652,0.050899699330329895,1.0,1.0,1.0,1.0,0.0,338,191584,22,8,36.54591369628906,0.9601677163962941,-0.0025876357685774565,-0.006506594363600016,0.009512652643024921,0.9512652643024921,1.0,0.44536542892456055,-0.03443408012390137,0.46478271484375,0.21625876426696777,-0.3034096360206604,0.46478271484375,2,1.0
0.047249600291252136,7.91386423060203e-09,1.8589891624287702e-05,0.050674084573984146,0.0,0.0,1.0,1.0,1.0,600,192032,4,8,2.1285455226898193,2.902346521041406,-0.007284075487405062,1.9814699044218287e-05,-0.003769089002162218,0.7284075487405062,1.0,0.42896080017089844,-0.03271126747131348,0.45150095224380493,0.4465155601501465,-0.025680065155029297,0.4515009820461273,2,0.0
0.006220728624612093,1.1248491318838205e-05,0.007041309494525194,0.014019650407135487,0.0,0.0,0.0,1.0,1.0,600,192832,12,8,1.6877641677856445,0.4004740547185345,-0.009683498181402683,0.006049744319170713,-0.006766889244318008,0.9683498181402683,1.0,0.44167327880859375,-0.020567476749420166,0.44850313663482666,0.44411253929138184,-0.01965165138244629,0.44850319623947144,2,0.0
1.00272798538208,1.00272798538208,1.0029256343841553,0.03329744562506676,1.0,1.0,0.0,0.0,0.0,287,193088,26,8,35.551475524902344,1.8964805702294953,0.0028567896224558353,0.005411745980381966,-0.008339133113622665,0.8339133113622665,1.0,0.4451456069946289,-0.024782180786132812,0.4469308853149414,0.22168684005737305,-0.2915682792663574,0.4469309449195862,2,1.0
1.000909447669983,1.000909447669983,1.00938081741333,0.09325684607028961,1.0,1.0,1.0,0.0,0.0,276,195296,13,8,33.76463317871094,4.857854226408387,0.007883823476731777,0.006487774662673473,0.00039394700434058905,0.7883823476731777,1.0,0.432511568069458,-0.031478047370910645,0.4556639790534973,0.22685742378234863,-0.2898291349411011,0.45566391944885254,2,1.0
1.0060940980911255,1.0060940980911255,1.042920708656311,0.07638155668973923,1.0,1.0,1.0,1.0,0.0,326,195328,28,8,34.495365142822266,2.2663306180306315,0.00943920947611332,-0.009963082149624825,0.005499470513314009,0.9963082149624825,1.0,0.44950032234191895,-0.041077494621276855,0.46076953411102295,0.22800588607788086,-0.3081725835800171,0.4607694745063782,2,0.2361111044883728
1.002305030822754,1.002305030822754,1.0023746490478516,0.038185734301805496,1.0,1.0,0.0,0.0,0.0,279,196032,17,8,35.16065979003906,2.183897491824571,0.002991476794704795,0.005968450102955103,0.0010956369806081057,0.5968450102955103,1.0,0.4435485899448395,-0.02493947744369507,0.456365704536438,0.221854567527771,-0.2908576726913452,0.456365704536438,2,1.0
1.0033067464828491,1.0033067464828491,1.0930683612823486,0.1675701141357422,1.0,1.0,1.0,0.0,1.0,301,196256,2,8,31.70063018798828,4.458090938250356,-0.009653106331825256,-0.009003955870866776,0.006777304690331221,0.9653106331825256,1.0,0.41733455657958984,-0.045867592096328735,0.4620473384857178,0.20913171768188477,-0.3061957061290741,0.46204739809036255,2,0.0
0.14173546433448792,5.056772223177575e-10,0.10964720696210861,0.18345466256141663,0.0,0.0,1.0,1.0,1.0,600,196352,19,8,0.8287279009819031,4.228856556213212,0.002766601275652647,-0.005674560554325581,-0.009335275739431381,0.9335275739431381,1.0,0.43111148476600647,-0.04191327095031738,0.4459347724914551,0.456566721200943,-0.031374454498291016,0.44593480229377747,2,0.0
0.0406489335000515,3.044670847884845e-05,0.001958371140062809,0.04783918336033821,0.0,0.0,0.0,1.0,1.0,600,197664,5,8,0.8254367113113403,2.6305227078780584,-0.005507790949195623,0.008169450797140598,0.002674937015399337,0.8169450797140598,1.0,0.43236589431762695,-0.023865699768066406,0.45794498920440674,0.44828176498413086,-0.017534732818603516,0.45794498920440674,2,0.0
0.05969567224383354,7.913876665099906e-09,0.009731140919029713,0.074891597032547,0.0,0.0,1.0,1.0,1.0,600,198528,25,8,0.27712133526802063,3.733419820143051,-0.009457483887672424,0.007449686527252197,-0.005299083888530731,0.9457483887672424,1.0,0.4218287467956543,-0.02745819091796875,0.4499710202217102,0.44434285163879395,-0.018249988555908203,0.4499709904193878,2,0.0
1.0021971464157104,1.0021971464157104,1.0283504724502563,0.030097205191850662,1.0,1.0,0.0,0.0,0.0,263,198912,27,8,35.110145568847656,0.22596106723826911,0.003229428781196475,0.007668140344321728,0.006684055086225271,0.7668140344321728,1.0,0.45565032958984375,-0.01854720711708069,0.4619540870189667,0.22210121154785156,-0.2891186475753784,0.46195417642593384,2,0.9757575988769531
1.0024820566177368,1.0024820566177368,1.0028964281082153,0.01266720611602068,1.0,1.0,0.0,0.0,0.0,280,198944,29,8,35.72187042236328,0.7020357644761773,0.0005072150961495936,0.006649575661867857,-0.006718792021274567,0.6718792021274567,1.0,0.450028657913208,-0.02066946029663086,0.44855132699012756,0.21935629844665527,-0.29024171829223633,0.4485512971878052,2,1.0
0.11146530508995056,-1.2470549037857381e-09,0.08396418392658234,0.16063903272151947,0.0,0.0,1.0,1.0,1.0,600,199168,18,8,0.5538698434829712,4.39314608452729,-0.0019489408005028963,-0.006504699122160673,-0.009827611036598682,0.9827611036598682,1.0,0.4254230856895447,-0.043190836906433105,0.44544243812561035,0.45185115933418274,-0.03220474720001221,0.44544246792793274,2,0.0
1.003922462463379,1.003922462463379,1.019357681274414,0.09017491340637207,1.0,1.0,1.0,0.0,0.0,266,199264,23,8,33.635108947753906,4.282281869014228,0.005655035376548767,-0.009482033550739288,-0.0019412103574723005,0.9482033550739288,1.0,0.4336833953857422,-0.04586625099182129,0.4533289074897766,0.22439098358154297,-0.3068985939025879,0.4533289074897766,2,1.0
0.07664703577756882,1.3366537132242229e-05,0.03410099446773529,0.11633455008268356,0.0,0.0,1.0,1.0,1.0,600,199584,11,8,0.5878394842147827,4.712402786712026,0.003258286276832223,0.009791248477995396,0.003194291377440095,0.9791248477995396,1.0,0.428743839263916,-0.027771711349487305,0.45846426486968994,0.45705389976501465,-0.01591038703918457,0.4584643840789795,2,0.0
1.0039963722229004,1.0039963722229004,1.0049654245376587,0.024661097675561905,1.0,1.0,0.0,0.0,0.0,270,199776,1,8,35.129695892333984,1.3574552744236061,-0.0015907364431768656,0.002472826512530446,-0.0010181255638599396,0.2472826512530446,1.0,0.4439544677734375,-0.026404857635498047,0.45425182580947876,0.21713924407958984,-0.2949705123901367,0.4542519450187683,2,1.0
0.0033901541028171778,0.00011188680946361274,0.00763517152518034,0.026577860116958618,0.0,0.0,0.0,1.0,1.0,600,199808,9,8,1.9115724563598633,1.0917481091054162,0.006255893502384424,-0.009394005872309208,0.0012149532558396459,0.9394005872309208,1.0,0.45341014862060547,-0.03763437271118164,0.4564850330352783,0.46001577377319336,-0.035108089447021484,0.4564850330352783,2,0.0
0.0699697956442833,7.913876665099906e-09,0.002673602430149913,0.08620819449424744,0.0,0.0,1.0,1.0,1.0,600,200064,0,8,0.7928450703620911,4.7861799288055655,-0.0007609117892570794,-0.00177651341073215,-0.004877777770161629,0.4877777770161629,1.0,0.4242897033691406,-0.039544105529785156,0.45039230585098267,0.45303869247436523,-0.02747631072998047,0.45039233565330505,2,0.0
0.07736706733703613,7.913875776921486e-09,0.08190024644136429,0.08740516006946564,0.0,0.0,1.0,1.0,1.0,600,200192,24,8,6.007486820220947,0.3154089044436387,-0.0005003900732845068,-0.0004768101207446307,0.005432649981230497,0.5432649981230497,1.0,0.45137500762939453,-0.026897907257080078,0.46070271730422974,0.453299880027771,-0.02617669105529785,0.4607027471065521,2,0.4333333373069763
1.0024845600128174,1.0024845600128174,1.0030434131622314,0.02460075356066227,1.0,1.0,0.0,0.0,0.0,277,200384,16,8,34.1528205871582,1.3774960099437754,0.002475589048117399,0.009175573475658894,-0.0004168279701843858,0.9175573475658894,1.0,0.44789934158325195,-0.019750595092773438,0.45485326647758484,0.2213243842124939,-0.2877161502838135,0.4548531770706177,2,0.6026490330696106
1.0014498233795166,1.0014498233795166,1.001464605331421,0.04223623126745224,1.0,1.0,0.0,0.0,0.0,296,200896,31,8,34.95330810546875,2.4191142658010003,0.006605958566069603,-0.003213420743122697,0.009246155619621277,0.9246155619621277,1.0,0.44574880599975586,-0.03471231460571289,0.4645161032676697,0.22553634643554688,-0.2997276782989502,0.4645161032676697,2,1.0
0.0027581185568124056,5.683583603754983e-10,0.0034338582772761583,0.045679572969675064,0.0,0.0,0.0,1.0,1.0,600,200992,30,8,0.5857439637184143,2.420503782410275,0.005213005468249321,0.007603059057146311,-0.009161146357655525,0.9161146357655525,1.0,0.4443473815917969,-0.023899555206298828,0.446108877658844,0.459012508392334,-0.018096446990966797,0.44610896706581116,2,0.0
1.004615068435669,1.004615068435669,1.0046682357788086,0.020305437967181206,1.0,1.0,0.0,0.0,0.0,284,201120,4,8,35.68620300292969,1.1603658970546569,0.007711593993008137,-0.0034345153253525496,0.00011181945592397824,0.7711593993008137,1.0,0.4544501304626465,-0.031838417053222656,0.4553818106651306,0.2263936996459961,-0.3011035919189453,0.4553818106651306,2,1.0
2.7971533199888654e-05,-6.757662429635047e-09,3.681342786876485e-05,0.06987808644771576,0.0,0.0,1.0,1.0,1.0,600,201152,20,8,0.6938201189041138,4.0016110398850095,-0.009745540097355843,-0.0004904078668914735,0.007423569913953543,0.9745540097355843,1.0,0.41994690895080566,-0.03611564636230469,0.46269357204437256,0.4440547227859497,-0.026189804077148438,0.4626936614513397,2,0.0
0.20166800916194916,7.913875776921486e-09,0.2634972929954529,0.30441656708717346,0.0,0.0,1.0,1.0,1.0,600,205440,6,8,4.4207234382629395,2.3445002120907232,-0.008919456042349339,0.009834571741521358,-0.003721307497471571,0.9834571741521358,1.0,0.43067121505737305,-0.02147650718688965,0.45154881477355957,0.44488000869750977,-0.015865325927734375,0.4515487849712372,2,0.6995305418968201
1.0031332969665527,1.0031332969665527,1.0080615282058716,0.011552519164979458,1.0,1.0,0.0,0.0,0.0,303,205952,2,8,36.50995635986328,0.37954302004830975,0.005758295767009258,5.217545185587369e-05,-0.005733881611377001,0.5758295767009258,1.0,0.4572429656982422,-0.02651640772819519,0.44953617453575134,0.22455596923828125,-0.29707643389701843,0.44953614473342896,2,1.0
0.08009357005357742,9.540584988698697e-11,0.09312102198600769,0.17038646340370178,0.0,0.0,1.0,1.0,1.0,600,206112,21,8,0.373173326253891,4.42698369544918,0.008362928405404091,0.00885718408972025,-0.007120565976947546,0.8857184089720249,1.0,0.4355347156524658,-0.027921676635742188,0.4481494426727295,0.4621630907058716,-0.01684284210205078,0.44814953207969666,2,0.0
0.05566519871354103,7.913869559672548e-09,0.00018134177662432194,0.06154404953122139,0.0,0.0,1.0,1.0,1.0,600,206368,8,8,2.9051384925842285,3.5158236535647847,-0.009795921854674816,0.0035174889490008354,-0.0032741157338023186,0.9795921854674816,1.0,0.42278480529785156,-0.03081345558166504,0.4519959092140198,0.4440035820007324,-0.022182583808898926,0.45199599862098694,2,0.0
1.0043846368789673,1.0043846368789673,1.0054028034210205,0.05792931467294693,1.0,1.0,1.0,0.0,0.0,291,206976,5,8,35.19268035888672,3.260772864012284,0.005683483090251684,0.006924699526280165,0.0005430761957541108,0.6924699526280165,1.0,0.4397854804992676,-0.02673625946044922,0.45581310987472534,0.22438335418701172,-0.2906608581542969,0.4558131694793701,2,1.0
0.004838349297642708,-4.509474571534611e-09,0.007784327492117882,0.05997445434331894,0.0,0.0,1.0,1.0,1.0,600,207744,7,8,0.6984921097755432,2.990276668868858,-0.006377998739480972,-0.0025259237736463547,0.006997949909418821,0.6997949909418821,1.0,0.42934083938598633,-0.03548392653465271,0.46226799488067627,0.4474215507507324,-0.028225868940353394,0.46226802468299866,2,0.0
1.0020195245742798,1.0020195245742798,1.0341696739196777,0.07819758355617523,1.0,1.0,1.0,0.0,0.0,277,207808,29,8,35.00083923339844,2.6383212898063317,-0.0007899869815446436,-0.0016567106358706951,-0.003457041457295418,0.3457041457295418,1.0,0.43703722953796387,-0.03371167182922363,0.4518129825592041,0.2180957794189453,-0.29837870597839355,0.4518130421638489,2,1.0
8.872673060977831e-05,4.5510512336477404e-07,0.0007282877922989428,0.03751760721206665,0.0,0.0,0.0,1.0,1.0,600,208000,15,8,0.628780722618103,2.107900324807366,0.005832653027027845,0.009427113458514214,-0.009197782725095749,0.9427113458514214,1.0,0.44684720039367676,-0.02129077911376953,0.4460723400115967,0.4596326947212219,-0.016272544860839844,0.4460723102092743,2,0.0
0.07788250595331192,7.913874000564647e-09,0.0008934522629715502,0.08326337486505508,0.0,0.0,1.0,1.0,1.0,600,208320,3,8,1.1202764511108398,4.7194489806145405,-0.0011863387189805508,0.0011682092444971204,-0.009068083018064499,0.9068083018064499,1.0,0.424257755279541,-0.036414146423339844,0.44620203971862793,0.45261335372924805,-0.02453172206878662,0.44620200991630554,2,0.0
0.4496205449104309,1.471194877922244e-06,0.4526587128639221,0.4952763319015503,0.0,0.0,1.0,1.0,1.0,600,209088,10,8,2.732734441757202,2.44189657522099,0.005868879146873951,-0.00970370601862669,0.006301522254943848,0.970370601862669,1.0,0.44487476348876953,-0.0412602424621582,0.4615715742111206,0.4596686363220215,-0.03540325164794922,0.461571604013443,2,0.1894736886024475
0.14279267191886902,7.900375464942044e-09,0.14072565734386444,0.2114289551973343,0.0,0.0,1.0,1.0,1.0,600,209216,14,8,0.42821452021598816,4.050999710886549,0.004398087039589882,-0.0014561712741851807,-0.0063077895902097225,0.6307789590209723,1.0,0.43379712104797363,-0.03721451759338379,0.4489622712135315,0.45819830894470215,-0.02715611457824707,0.4489623010158539,2,0.0
0.057205844670534134,1.219700118681999e-09,0.00929687824100256,0.07111450284719467,0.0,0.0,1.0,1.0,1.0,600,210784,22,8,1.7601674795150757,3.541889362984846,0.007027248851954937,0.0005904693971388042,0.008690718561410904,0.8690718561410904,1.0,0.439453125,-0.033809155225753784,0.46396076679229736,0.46082746982574463,-0.02510949969291687,0.46396079659461975,2,0.0
1.0062577724456787,1.0062577724456787,1.0063629150390625,0.023564452305436134,1.0,1.0,0.0,1.0,0.0,308,211008,20,8,34.353275299072266,1.3441222115552123,-0.001267898129299283,-0.008467447943985462,0.0020138577092438936,0.8467447943985462,1.0,0.4443577527999878,-0.03731346130371094,0.4572838544845581,0.2172861099243164,-0.30673742294311523,0.4572838544845581,2,0.3199999928474426
1.0050110816955566,1.0050110816955566,1.0050245523452759,0.05863679572939873,1.0,1.0,1.0,1.0,0.0,332,211744,4,8,34.23162078857422,3.3588703887495344,0.008815213106572628,-0.005266401916742325,0.007111028302460909,0.8815213106572628,1.0,0.44233274459838867,-0.0391840934753418,0.46238112449645996,0.22746562957763672,-0.30308032035827637,0.4623810648918152,2,0.26618704199790955
0.0008036388317123055,1.3359509054566843e-09,0.002670426620170474,0.004931906703859568,0.0,0.0,0.0,1.0,1.0,600,212032,12,8,1.667445182800293,0.12957337096998306,-0.005572747439146042,0.0027681447099894285,-0.008505728095769882,0.8505728095769882,1.0,0.4474360942840576,-0.023226678371429443,0.4467643201351166,0.4482276439666748,-0.022931814193725586,0.44676437973976135,2,0.0
0.07662560790777206,5.219208674134279e-07,0.005331935826689005,0.08771565556526184,0.0,0.0,1.0,1.0,1.0,600,212288,26,8,0.2375083863735199,4.720269457088588,0.004629575181752443,0.0007533878087997437,0.007943441160023212,0.7943441160023212,1.0,0.4300684928894043,-0.03683137893676758,0.4632134437561035,0.45842933654785156,-0.02494645118713379,0.4632135331630707,2,0.0
1.0030173063278198,1.0030173063278198,1.0037174224853516,0.026499273255467415,1.0,1.0,0.0,1.0,0.0,362,212480,31,8,37.527061462402344,1.4781831368718126,0.00026664906181395054,-0.003570899134501815,0.003099225228652358,0.3570899134501815,1.0,0.4450812339782715,-0.03274059295654297,0.4583692252635956,0.21907329559326172,-0.300656795501709,0.45836925506591797,2,1.0
1.002511978149414,1.002511978149414,1.0025477409362793,0.04304559901356697,1.0,1.0,0.0,0.0,0.0,248,214048,21,8,33.49692916870117,2.4642810261218253,0.001527114654891193,0.005449135787785053,0.009366109035909176,0.9366109035909176,1.0,0.4403986930847168,-0.02616405487060547,0.4646362066268921,0.22037386894226074,-0.29145264625549316,0.46463608741760254,2,1.0
0.2514035105705261,0.24178916215896606,0.3212178647518158,0.16665050387382507,0.16933730934562516,0.0,1.0,0.0,1.0,600,214496,13,8,6.114567756652832,4.997438106720883,-0.008248839527368546,-0.002486771671101451,0.005272898823022842,0.8248839527368546,1.0,0.4155564308166504,-0.04084157943725586,0.4605429172515869,0.36552882194519043,-0.06949496269226074,0.4605429768562317,2,0.0
0.0036340365186333656,2.0343170203940275e-10,0.00024739044602029026,0.06545259803533554,0.0,0.0,1.0,1.0,1.0,600,214528,28,8,0.9205653071403503,3.7359841292895677,-0.006353425327688456,0.00489222863689065,0.00421172333881259,0.6353425327688456,1.0,0.42491722106933594,-0.030022144317626953,0.45948177576065063,0.4474468231201172,-0.020807862281799316,0.459481805562973,2,0.0
1.0002379417419434,1.0002379417419434,1.0028789043426514,0.031046532094478607,1.0,1.0,0.0,0.0,0.0,270,215008,8,8,34.98602294921875,1.627519566823735,-0.00271590962074697,0.0044156634248793125,-0.009211436845362186,0.9211436845362186,1.0,0.4411959648132324,-0.02511763572692871,0.44605857133865356,0.2163105010986328,-0.29165637493133545,0.44605857133865356,2,1.0
0.09085588902235031,7.913875776921486e-09,0.09856002777814865,0.12174733728170395,0.0,0.0,1.0,1.0,1.0,600,215232,17,8,6.055759906768799,1.3285346526521853,-0.004447669722139835,-0.0007997617940418422,0.00032117031514644623,0.44476697221398354,1.0,0.441272497177124,-0.02960789203643799,0.4555912911891937,0.4493524134159088,-0.02649971842765808,0.4555912911891937,2,0.3921568691730499
0.07623043656349182,7.913874000564647e-09,0.004026682581752539,0.08925387263298035,0.0,0.0,1.0,1.0,1.0,600,215552,19,8,-0.31562843918800354,4.88315965039646,-0.0037988198455423117,0.008385404013097286,0.00865204632282257,0.8652046322822571,1.0,0.42067962884902954,-0.029651403427124023,0.46392208337783813,0.4500012695789337,-0.017314910888671875,0.4639221727848053,2,0.0
1.0026214122772217,1.0026214122772217,1.0089449882507324,0.03444379195570946,1.0,1.0,0.0,0.0,0.0,260,216064,7,8,34.882816314697266,1.6111646788561396,-0.0037987297400832176,0.00768652930855751,-0.006286425981670618,0.768652930855751,1.0,0.44021177291870117,-0.021806925535202026,0.4489836096763611,0.21503973007202148,-0.2892551124095917,0.44898366928100586,2,1.0
1.0003652572631836,1.0003652572631836,1.000699758529663,0.050110314041376114,1.0,1.0,1.0,0.0,0.0,269,216416,29,8,34.73097229003906,2.8519429266178853,0.007290988694876432,0.002667617052793503,-0.002757108537480235,0.7290988694876432,1.0,0.44383788108825684,-0.029934167861938477,0.4525129199028015,0.22630763053894043,-0.29345107078552246,0.4525129795074463,2,1.0
1.0047253370285034,1.0047253370285034,1.0050978660583496,0.01139351911842823,1.0,1.0,0.0,0.0,0.0,268,216896,3,8,35.579734802246094,0.6314588328130538,0.005044060293585062,0.0015269139548763633,0.009737507440149784,0.9737507440149784,1.0,0.45499467849731445,-0.0256270170211792,0.4650075435638428,0.22371721267700195,-0.29618287086486816,0.465007483959198,2,1.0
0.07576073706150055,1.3376024980971124e-06,0.001510832691565156,0.08376313000917435,0.0,0.0,1.0,1.0,1.0,600,217728,25,8,0.33559152483940125,4.712787838626485,0.007987283170223236,0.0048606195487082005,0.009362420998513699,0.9362420998513699,1.0,0.4334707260131836,-0.03270387649536133,0.464632511138916,0.46178698539733887,-0.02083873748779297,0.46463248133659363,2,0.0
0.07210966944694519,7.913872224207807e-09,1.0453595677972771e-05,0.07831864804029465,0.0,0.0,1.0,1.0,1.0,600,218112,27,8,0.985733687877655,4.486729067666573,-0.00606120191514492,0.004177171271294355,0.005482903681695461,0.606120191514492,1.0,0.420757532119751,-0.03276500105857849,0.4607529044151306,0.4477391242980957,-0.02152279019355774,0.4607529938220978,2,0.0
1.0050370693206787,1.0050370693206787,1.0066804885864258,0.00656588701531291,1.0,1.0,0.0,0.0,0.0,281,218208,14,8,35.86650085449219,0.2820380942628374,-0.00672792037948966,-0.006283946335315704,-0.005404292605817318,0.672792037948966,1.0,0.44535088539123535,-0.03262805938720703,0.44986578822135925,0.21192097663879395,-0.304107666015625,0.44986575841903687,2,1.0
0.0013770790537819266,-8.009656826679645e-11,0.002660876139998436,0.0551953949034214,0.0,0.0,1.0,1.0,1.0,600,218368,18,8,0.7604657411575317,3.0100105794849057,-0.007155063096433878,-0.0013981228694319725,0.00722546735778451,0.722546735778451,1.0,0.42844557762145996,-0.03440725803375244,0.46249550580978394,0.446645051240921,-0.02709805965423584,0.4624955356121063,2,0.0
0.05059371516108513,1.3322302550022869e-07,0.03287964686751366,0.08931988477706909,0.0,0.0,1.0,1.0,1.0,600,218464,23,8,0.4847056567668915,3.2338025814140194,-0.008367139846086502,0.008319436572492123,0.0015663601225242019,0.8367139846086502,1.0,0.42589616775512695,-0.025271058082580566,0.45683640241622925,0.44543302059173584,-0.017380595207214355,0.45683643221855164,2,0.0
0.4801020622253418,-1.1278411538029331e-09,0.48280075192451477,0.5153431296348572,0.0,0.0,1.0,1.0,1.0,600,218784,11,8,2.805372714996338,1.8645389771325194,0.007558775134384632,-0.0050284722819924355,0.009815527126193047,0.9815527126193047,1.0,0.4500398635864258,-0.03514361381530762,0.46508556604385376,0.46135902404785156,-0.03072834014892578,0.46508559584617615,2,0.12121212482452393
0.0274954941123724,0.000111438384919893,0.0015433848602697253,0.03557894378900528,0.0,0.0,0.0,1.0,1.0,600,218976,1,8,2.0853848457336426,1.9564784460027684,-0.004658315796405077,-0.0002609639777801931,0.008990154601633549,0.8990154601633549,1.0,0.4372682571411133,-0.03060293197631836,0.4642602205276489,0.44910287857055664,-0.025975465774536133,0.4642602205276489,2,0.0
0.008941078558564186,2.951191220290639e-07,0.004817805718630552,0.05588674917817116,0.0,0.0,1.0,1.0,1.0,600,219008,9,8,1.3249423503875732,2.9260526135466396,0.008416715078055859,-0.002920962404459715,0.009747836738824844,0.9747836738824844,1.0,0.4445195198059082,-0.03571319580078125,0.4650178551673889,0.4622163772583008,-0.02862071990966797,0.4650179445743561,2,0.0
0.029308810830116272,2.273355221404927e-06,0.012437060475349426,0.09265176951885223,0.0,0.0,1.0,1.0,1.0,600,219264,0,8,0.6153829097747803,4.596094483543641,0.0011233813129365444,0.009874872863292694,-0.002240997739136219,0.9874872863292694,1.0,0.4272956848144531,-0.027367115020751953,0.4530290365219116,0.454923152923584,-0.015825748443603516,0.453029066324234,2,0.0
0.0323643684387207,1.0017705553977407e-09,0.03501169756054878,0.08934570848941803,0.0,0.0,1.0,1.0,1.0,600,219392,24,8,1.19792640209198,3.1131090833550745,-0.003385920077562332,0.00034780040732584894,0.009388493373990059,0.9388493373990059,1.0,0.431598424911499,-0.0329289436340332,0.46465855836868286,0.4504142999649048,-0.02535247802734375,0.46465858817100525,2,0.0
0.9992756843566895,7.914893629390463e-09,1.0419516563415527,1.1286447048187256,0.0,0.0,1.0,1.0,1.0,600,219584,16,8,2.660614013671875,4.967153901714692,0.00908325333148241,0.00849912315607071,0.00352563988417387,0.908325333148241,1.0,0.4330669641494751,-0.02977132797241211,0.4587956666946411,0.4628833830356598,-0.017200708389282227,0.4587957561016083,2,0.723809540271759
0.04684511572122574,7.913876665099906e-09,9.709530422696844e-05,0.05027681216597557,0.0,0.0,1.0,1.0,1.0,600,220192,30,8,1.9673829078674316,2.8750868091770623,-0.008987735025584698,-0.006435354705899954,-0.0014952704077586532,0.8987735025584698,1.0,0.42742013931274414,-0.03909635543823242,0.45377475023269653,0.4448118209838867,-0.032135009765625,0.4537748396396637,2,0.0
1.00188148021698,1.00188148021698,1.0022404193878174,0.016263678669929504,1.0,1.0,0.0,0.0,0.0,268,220864,26,8,34.685997009277344,0.9112706055715843,-0.001973941223695874,-0.0038433619774878025,0.005015428643673658,0.5015428643673658,1.0,0.4462761878967285,-0.03165483474731445,0.460285484790802,0.21692276000976562,-0.30051493644714355,0.4602854251861572,2,1.0
1.0043141841888428,1.0043141841888428,1.0149738788604736,0.052114348858594894,1.0,1.0,1.0,0.0,0.0,251,222528,13,8,34.489845275878906,2.375173524436193,0.007879793643951416,-0.0001357856672257185,-0.005659744143486023,0.7879793643951416,1.0,0.44728684425354004,-0.031523942947387695,0.44961029291152954,0.22658538818359375,-0.297695517539978,0.44961029291152954,2,1.0
0.021179229021072388,1.6618959364222974e-07,3.8071975723141804e-05,0.0601084865629673,0.0,0.0,1.0,1.0,1.0,600,224640,6,8,0.9237256050109863,3.4417899524905473,-0.005459779407829046,5.9658410464180633e-05,-0.009189838543534279,0.9189838543534279,1.0,0.4275627136230469,-0.03407597541809082,0.44608020782470703,0.44833993911743164,-0.025640249252319336,0.4460802376270294,2,0.0
0.0826493352651596,2.0678822920672246e-07,0.058590661734342575,0.14504718780517578,0.0,0.0,1.0,1.0,1.0,600,225152,2,8,0.48222652077674866,4.953607502156442,0.0037840837612748146,0.007434759754687548,-0.001109314034692943,0.7434759754687548,1.0,0.42784690856933594,-0.03079777956008911,0.45416080951690674,0.4575834274291992,-0.018265187740325928,0.45416077971458435,2,0.0
0.06073141470551491,7.914241706430403e-09,0.01995502971112728,0.09278703480958939,0.0,0.0,1.0,1.0,1.0,600,226176,5,8,0.8057147860527039,4.172966825782289,-0.008927800692617893,-0.005544652696698904,-0.0030225373338907957,0.8927800692617893,1.0,0.41974830627441406,-0.041632652282714844,0.4522475600242615,0.4448719024658203,-0.031244277954101562,0.4522475302219391,2,0.0
1.006972074508667,1.006972074508667,1.0076512098312378,0.08557002246379852,1.0,1.0,1.0,1.0,0.0,305,226176,29,8,34.007877349853516,4.863889552313739,0.006614843849092722,-0.001539723132736981,0.00018401441047899425,0.6614843849092722,1.0,0.43120694160461426,-0.039522409439086914,0.4554539918899536,0.2251136302947998,-0.30006980895996094,0.4554540514945984,2,0.8476821184158325
1.0045340061187744,1.0045340061187744,1.0402610301971436,0.06069613993167877,1.0,1.0,1.0,0.0,0.0,267,226656,27,8,35.15953063964844,1.4306381900593539,-0.0017415545880794525,-0.0095121581107378,-0.0046770148910582066,0.9512158110737801,1.0,0.4433608055114746,-0.03856697678565979,0.4505929946899414,0.21694660186767578,-0.3071518540382385,0.4505930542945862,2,1.0
0.0075286636129021645,6.466041894623298e-13,0.002177000744268298,0.07510676980018616,0.0,0.0,1.0,1.0,1.0,600,227200,15,8,0.9764674305915833,4.178570569109462,-0.003944240976125002,0.009267895482480526,0.006186322309076786,0.9267895482480526,1.0,0.4246985912322998,-0.026834964752197266,0.4614563584327698,0.44985589385032654,-0.016431808471679688,0.46145644783973694,2,0.0
1.0041180849075317,1.0041180849075317,1.0043540000915527,0.032107461243867874,1.0,1.0,0.0,0.0,0.0,274,227232,23,8,35.33456039428711,1.8261080639937963,0.008382005617022514,0.007622531149536371,0.0025783455930650234,0.8382005617022514,1.0,0.4510948657989502,-0.022397756576538086,0.45784837007522583,0.2271026372909546,-0.28986549377441406,0.45784837007522583,2,1.0
1.0055537223815918,1.0055537223815918,1.0291221141815186,0.027128366753458977,1.0,1.0,0.0,0.0,0.0,272,227712,9,8,35.8536491394043,0.20397135324669238,-0.007059386000037193,0.007909799925982952,-0.0035814137663692236,0.7909799925982952,1.0,0.4454951286315918,-0.018255233764648438,0.45168861746788025,0.2115488052368164,-0.290102481842041,0.45168864727020264,2,1.0
1.0031054019927979,1.0031054019927979,1.003584861755371,0.03339977562427521,1.0,1.0,0.0,0.0,0.0,303,228064,18,8,35.96831512451172,1.886196439773572,0.0038673931267112494,-0.0009811401832848787,-0.00036948619526810944,0.38673931267112494,1.0,0.44621777534484863,-0.031149864196777344,0.45490050315856934,0.22266751527786255,-0.2980995178222656,0.4549005627632141,2,1.0
0.0019436110742390156,7.913875776921486e-09,2.561870132922195e-05,0.06104928255081177,0.0,0.0,1.0,1.0,1.0,600,228288,10,8,1.7951102256774902,3.496399876225738,-0.00677811773493886,-0.0017299259779974818,0.004266920033842325,0.677811773493886,1.0,0.4259188175201416,-0.0360102653503418,0.45953696966171265,0.4470221996307373,-0.027429580688476562,0.45953699946403503,2,0.0
1.0053538084030151,1.0053538084030151,1.0055124759674072,0.06269323825836182,1.0,1.0,1.0,0.0,0.0,299,228544,1,8,35.29892349243164,3.5829716701820034,0.006199875380843878,0.007220001425594091,0.0023213238455355167,0.7220001425594091,1.0,0.4383811950683594,-0.027288198471069336,0.4575914144515991,0.2248239517211914,-0.29071903228759766,0.45759135484695435,2,1.0
1.0014241933822632,1.0014241933822632,1.0388600826263428,0.03916151449084282,1.0,1.0,0.0,0.0,0.0,279,229120,30,8,35.60772705078125,0.09887324479593601,0.0052711316384375095,0.006546425633132458,0.006484244018793106,0.6546425633132458,1.0,0.4584670066833496,-0.019378185272216797,0.46175435185432434,0.22420358657836914,-0.28995847702026367,0.4617542624473572,2,0.9269663095474243
0.013882326893508434,3.1935644074110314e-05,0.0027578731533139944,0.07822566479444504,0.0,0.0,1.0,1.0,1.0,600,229984,22,8,0.6757215261459351,4.325816641010243,-0.008354553021490574,-0.0018656827742233872,0.00043964263750240207,0.8354553021490574,1.0,0.41941606998443604,-0.038368433713912964,0.45570963621139526,0.44543421268463135,-0.027569830417633057,0.45570969581604004,2,0.0
0.10235623270273209,7.934207069126842e-09,0.10631070286035538,0.1791902482509613,0.0,0.0,1.0,1.0,1.0,600,230208,20,9,0.25989824533462524,4.17569420569524,0.004739105701446533,0.005179604049772024,-0.007640367839485407,0.7640367839485407,1.0,0.4333990812301636,-0.030915260314941406,0.4476296305656433,0.45853936672210693,-0.020519733428955078,0.4476297199726105,2,0.0
0.14642570912837982,2.751742389506262e-09,0.1362799108028412,0.20768575370311737,0.0,0.0,1.0,1.0,1.0,600,230944,4,9,0.3230268061161041,4.091254711420488,0.003234549891203642,-0.00957737397402525,-0.009359212592244148,0.957737397402525,1.0,0.43239450454711914,-0.04544377326965332,0.44591087102890015,0.4570341110229492,-0.03527712821960449,0.44591090083122253,2,0.0
1.0008172988891602,1.0008172988891602,1.0012362003326416,0.04519626125693321,1.0,1.0,0.0,0.0,0.0,267,231072,13,9,34.75526428222656,2.565556509813836,0.006143779028207064,-2.0137045794399455e-05,-0.003282767254859209,0.6143779028207064,1.0,0.44440722465515137,-0.031889915466308594,0.4519873261451721,0.22512435913085938,-0.29630374908447266,0.45198726654052734,2,1.0
0.07657448947429657,7.913875776921486e-09,0.12291856855154037,0.14222194254398346,0.0,0.0,1.0,1.0,1.0,600,231232,12,9,4.924984931945801,1.106004528172231,-0.009943205863237381,0.0037568334955722094,0.0011594704119488597,0.9943205863237381,1.0,0.43712568283081055,-0.024517595767974854,0.45642945170402527,0.44385719299316406,-0.021943122148513794,0.4564295709133148,2,0.46296295523643494
0.08524499088525772,7.913875776921486e-09,0.03596098721027374,0.1160789430141449,0.0,0.0,1.0,1.0,1.0,600,231680,31,9,-0.3012988865375519,4.590421157664299,0.0030305958352983,-0.008625732734799385,-0.005378330126404762,0.8625732734799385,1.0,0.42923593521118164,-0.0458526611328125,0.44989168643951416,0.4568300247192383,-0.034325599670410156,0.4498917758464813,2,0.0
0.08175376057624817,4.91321202389372e-07,0.016771698370575905,0.10190305858850479,0.0,0.0,1.0,1.0,1.0,600,233248,21,9,0.12742595374584198,4.87769677972092,0.005040776450186968,-0.0043855393305420876,0.008013100363314152,0.8013100363314152,1.0,0.429551362991333,-0.04240679740905762,0.46328312158584595,0.45884084701538086,-0.030085325241088867,0.4632832109928131,2,0.0
5.3557716455543414e-05,1.228621613336145e-07,7.449885015375912e-05,0.03007679618895054,0.0,0.0,0.0,1.0,1.0,600,233728,28,9,1.4064663648605347,1.7190121919118773,-0.00637939665466547,0.0059110550209879875,-0.009673230350017548,0.9673230350017548,1.0,0.4369800090789795,-0.023845911026000977,0.4455968141555786,0.4474208354949951,-0.01978886127471924,0.445596843957901,2,0.0
0.41259926557540894,1.911182152980473e-06,0.4133908152580261,0.445347398519516,0.0,0.0,1.0,1.0,1.0,600,234208,8,9,2.8116228580474854,1.8310793744925078,-0.006465029902756214,0.00024287363339681178,0.007118306588381529,0.7118306588381529,1.0,0.4362177848815918,-0.02978956699371338,0.4623883366584778,0.44733476638793945,-0.025457143783569336,0.46238842606544495,2,0.0
0.06901175528764725,-1.07223463441386e-09,0.0027800840325653553,0.07486208528280258,0.0,0.0,1.0,1.0,1.0,600,234432,17,9,1.0043458938598633,4.12999810571374,-0.0022665318101644516,-0.005079231690615416,0.004628464113920927,0.5079231690615416,1.0,0.426664263010025,-0.04105055332183838,0.4598984718322754,0.45153358578681946,-0.03077918291091919,0.45989856123924255,2,0.0
0.30443233251571655,0.30443233251571655,0.34705135226249695,0.1220291405916214,0.2444326491360226,0.0,1.0,0.0,1.0,600,234752,19,9,7.618155479431152,4.549863921259586,-0.006032698787748814,0.003783527063205838,-0.007428939454257488,0.7428939454257488,1.0,0.42041268944740295,-0.033331871032714844,0.4478411078453064,0.34883201122283936,-0.07697796821594238,0.4478411376476288,2,0.0
0.07260961085557938,7.913876665099906e-09,0.030201639980077744,0.10507592558860779,0.0,0.0,1.0,1.0,1.0,600,235264,7,9,1.8704169988632202,4.289983761077064,0.003008319763466716,-0.007518320344388485,-0.005193010438233614,0.7518320344388485,1.0,0.43099117279052734,-0.043923377990722656,0.45007699728012085,0.45680809020996094,-0.03321829438209534,0.450077086687088,2,0.0
1.002146601676941,1.002146601676941,1.0022268295288086,0.05826674774289131,1.0,1.0,1.0,0.0,0.0,289,235424,29,9,34.48408126831055,3.333838172328261,0.0020655638072639704,-0.009694636799395084,-0.0023782115895301104,0.9694636799395084,1.0,0.4357318878173828,-0.04354691505432129,0.45289188623428345,0.22094106674194336,-0.30646276473999023,0.45289182662963867,2,1.0
0.10165638476610184,-1.7510667360554066e-09,0.08979365974664688,0.16542813181877136,0.0,0.0,1.0,1.0,1.0,600,236096,3,9,0.8570172190666199,4.333535608546004,-0.00582104129716754,-0.004171073902398348,-0.004295847378671169,0.582104129716754,1.0,0.4219036102294922,-0.040694594383239746,0.4509742259979248,0.44797849655151367,-0.029871106147766113,0.4509742558002472,2,0.0
1.0021867752075195,1.0021867752075195,1.0170526504516602,0.0405430942773819,1.0,1.0,0.0,0.0,0.0,274,236832,18,9,35.32579040527344,1.4712007625493555,0.00419005099684,-0.0021398200187832117,-0.003039719071239233,0.419005099684,1.0,0.4490469694137573,-0.03129303455352783,0.4522303342819214,0.22306236624717712,-0.2989230155944824,0.4522302746772766,2,1.0
0.04276501014828682,7.913875776921486e-09,0.04278130456805229,0.09790089726448059,0.0,0.0,1.0,1.0,1.0,600,236928,25,9,0.9787958860397339,3.158122164419574,-0.00729697709903121,-0.009685138240456581,0.006921207066625357,0.9685138240456581,1.0,0.42741870880126953,-0.043077945709228516,0.46219122409820557,0.4465034008026123,-0.0353846549987793,0.46219131350517273,2,0.0
1.003310203552246,1.003310203552246,1.0034620761871338,0.040871817618608475,1.0,1.0,0.0,0.0,0.0,258,237376,30,9,34.58001708984375,2.3330784282511696,0.005314427427947521,-0.007785717025399208,-0.0071423910558223724,0.7785717025399208,1.0,0.4449739456176758,-0.03906822204589844,0.4481276869773865,0.22409820556640625,-0.3049788475036621,0.4481276273727417,2,1.0
0.011463215574622154,3.0491757570416667e-05,0.0042552403174340725,0.016755791381001472,0.0,0.0,0.0,1.0,1.0,600,237408,14,9,1.2149299383163452,0.7179758251734003,-0.005963846575468779,0.0008209623629227281,-0.005292955785989761,0.5963846575468779,1.0,0.44346046447753906,-0.026535511016845703,0.4499770402908325,0.44782543182373047,-0.024882793426513672,0.4499770998954773,2,0.0
1.0023596286773682,1.0023596286773682,1.0026483535766602,0.021457970142364502,1.0,1.0,0.0,1.0,0.0,347,237760,27,9,36.596195220947266,1.2129108625046823,-0.003758693113923073,0.003583701327443123,0.006372569594532251,0.6372569594532251,1.0,0.44266200065612793,-0.024946361780166626,0.46164262294769287,0.21509981155395508,-0.2932624816894531,0.4616425633430481,2,1.0
0.014326930046081543,1.3234393918537535e-05,0.015273011289536953,0.05295587703585625,0.0,0.0,1.0,1.0,1.0,600,237984,11,9,0.5969562530517578,2.1598270514157996,0.007252424024045467,0.008865234442055225,-0.007405621465295553,0.8865234442055225,1.0,0.4479541778564453,-0.021982669830322266,0.4478644132614136,0.461047887802124,-0.01683640480041504,0.44786447286605835,2,0.0
0.0011035354109480977,5.480355412146309e-06,0.004025748930871487,0.026119306683540344,0.0,0.0,0.0,1.0,1.0,600,238464,0,9,1.4034491777420044,1.266180895223787,0.0024492773227393627,-0.002626356901600957,0.0013502752408385277,0.2626356901600957,1.0,0.4485464096069336,-0.03128480911254883,0.45662030577659607,0.45624637603759766,-0.028327465057373047,0.45662033557891846,2,0.0
0.14874200522899628,7.945875957204862e-09,0.0914192721247673,0.17167535424232483,0.0,0.0,1.0,1.0,1.0,600,238592,24,9,0.12064745277166367,4.598333931817759,-0.006294443737715483,-0.009307248517870903,-0.009012213908135891,0.9307248517870903,1.0,0.4198646545410156,-0.046555519104003906,0.4462578296661377,0.4475058317184448,-0.03500699996948242,0.4462578594684601,2,0.0
1.0039969682693481,1.0039969682693481,1.0041457414627075,0.05512544512748718,1.0,1.0,1.0,0.0,0.0,274,238752,22,9,34.67174530029297,3.1499323407179056,0.0030017036478966475,0.002945485059171915,-0.008367915637791157,0.8367915637791157,1.0,0.4377659559249878,-0.030426442623138428,0.44690215587615967,0.2217317819595337,-0.2944982349872589,0.4469020962715149,2,1.0
0.44052866101264954,3.162998893913027e-07,0.4427136480808258,0.5000659823417664,0.0,0.0,1.0,1.0,1.0,600,238784,16,9,2.0365583896636963,3.286061425970845,0.005931866820901632,-0.00254825153388083,0.003870081389322877,0.5931866820901632,1.0,0.439883291721344,-0.036275386810302734,0.45914018154144287,0.45973196625709534,-0.028248071670532227,0.4591401517391205,2,0.14457830786705017
0.42684903740882874,-1.313536834857132e-09,0.4293343424797058,0.48917922377586365,0.0,0.0,1.0,1.0,1.0,600,240064,26,10,2.2018415927886963,3.4288582699575976,-0.004961925093084574,-0.0017578781116753817,0.005893521010875702,0.5893521010875702,1.0,0.42813801765441895,-0.03585958480834961,0.46116358041763306,0.448838472366333,-0.027457714080810547,0.46116361021995544,2,0.13924050331115723
1.0031280517578125,1.0031280517578125,1.0035662651062012,0.002491575898602605,1.0,1.0,0.0,1.0,0.0,406,240224,23,10,38.15276336669922,0.11764667340016396,-0.007496269885450602,-0.0053439391776919365,0.00209154118783772,0.7496269885450602,1.0,0.4455854892730713,-0.0313115119934082,0.4573615491390228,0.21130192279815674,-0.3024705648422241,0.4573615789413452,2,1.0
1.0035771131515503,1.0035771131515503,1.004037618637085,0.04102644324302673,1.0,1.0,0.0,0.0,0.0,288,240896,31,10,35.4273796081543,2.324256385164452,0.006066063418984413,0.006080908235162497,-0.0005943796131759882,0.6080908235162497,1.0,0.44577836990356445,-0.025179147720336914,0.4546756148338318,0.22482919692993164,-0.29120945930480957,0.45467567443847656,2,1.0
1.0045489072799683,1.0045489072799683,1.0048456192016602,0.028748026117682457,1.0,1.0,0.0,0.0,0.0,276,242080,21,10,35.45337677001953,1.630144814064253,0.00976096373051405,0.0017711436375975609,-0.00968297477811575,0.976096373051405,1.0,0.45365703105926514,-0.027768850326538086,0.44558703899383545,0.22844791412353516,-0.29587411880493164,0.44558703899383545,2,1.0
1.000881314277649,1.000881314277649,1.003540277481079,0.05115465074777603,1.0,1.0,1.0,0.0,0.0,275,243232,17,10,33.17097473144531,2.7785930982342952,0.008892792277038097,0.00024407458840869367,-0.0005850875750184059,0.8892792277038097,1.0,0.4458787143230438,-0.03216928243637085,0.45468491315841675,0.22786831855773926,-0.2960626780986786,0.45468491315841675,2,0.2876712381839752
0.4131523668766022,6.195981404744089e-05,0.4147365987300873,0.47592398524284363,0.0,0.0,1.0,1.0,1.0,600,243840,6,10,2.6244451999664307,3.509331772202099,0.006841710768640041,-0.00545380637049675,-0.0018268628045916557,0.6841710768640041,1.0,0.43946123123168945,-0.03976726531982422,0.45344316959381104,0.4606204032897949,-0.031161785125732422,0.4534431993961334,2,0.14705882966518402
1.0004740953445435,1.0004740953445435,1.000498652458191,0.019691741093993187,1.0,1.0,0.0,0.0,0.0,270,244064,29,10,34.82328796386719,1.1268467437028193,-0.0033468040637671947,-0.0062096319161355495,-0.009133569896221161,0.9133569896221161,1.0,0.44359540939331055,-0.03453350067138672,0.446136474609375,0.21566128730773926,-0.3023676872253418,0.44613635540008545,2,1.0
1.0015860795974731,1.0015860795974731,1.0348305702209473,0.06116294115781784,1.0,1.0,1.0,1.0,0.0,331,244320,28,10,36.65704345703125,1.5996122676487092,-0.0016495872987434268,0.006998791825026274,0.002959198085591197,0.6998791825026274,1.0,0.4424309730529785,-0.022466540336608887,0.4582291841506958,0.2172706127166748,-0.289564847946167,0.4582291841506958,2,1.0
0.10162129998207092,7.913876665099906e-09,0.10172761231660843,0.15259799361228943,0.0,0.0,1.0,1.0,1.0,600,244352,2,10,2.7162296772003174,2.91465601602965,-0.003408581716939807,-0.0016881226329132915,-0.004253425169736147,0.4253425169736147,1.0,0.43276262283325195,-0.034451067447662354,0.4510166049003601,0.4503908157348633,-0.027388066053390503,0.45101669430732727,2,0.0
0.5052167773246765,2.180338469770504e-06,0.5082092881202698,0.5667607188224792,0.0,0.0,1.0,1.0,1.0,600,245376,5,10,2.0694189071655273,3.3548798507269546,-0.0066404640674591064,-0.0019907900132238865,-0.00027351872995495796,0.6640464067459106,1.0,0.42690038681030273,-0.03589820861816406,0.45499658584594727,0.4471592903137207,-0.027691364288330078,0.4549965560436249,2,0.09009008854627609
1.005232572555542,1.005232572555542,1.0053699016571045,0.05665791779756546,1.0,1.0,1.0,0.0,0.0,276,245760,25,10,34.865509033203125,3.2383941760835606,0.0053507802076637745,0.0031020049937069416,0.0008776311296969652,0.5350780207663774,1.0,0.439586877822876,-0.030500411987304688,0.4561476707458496,0.2239847183227539,-0.29479312896728516,0.4561476707458496,2,1.0
1.0033947229385376,1.0033947229385376,1.003964900970459,0.02539348043501377,1.0,1.0,0.0,0.0,0.0,287,246016,18,10,35.585845947265625,1.4222658722407993,0.00939139910042286,-0.0014806350227445364,0.002379431389272213,0.9391399100422859,1.0,0.4545442461967468,-0.030515193939208984,0.45764943957328796,0.22816869616508484,-0.29870450496673584,0.45764946937561035,2,1.0
0.06254565715789795,0.00012667042028624564,0.0018336897483095527,0.06798207759857178,0.0,0.0,1.0,1.0,1.0,600,246400,15,10,1.220649003982544,3.797281235109024,-0.005301798228174448,0.002622735220938921,4.396772419568151e-05,0.5301798228174448,1.0,0.42560428380966187,-0.032454490661621094,0.4553139805793762,0.4484538435935974,-0.023093700408935547,0.4553140103816986,2,0.0
0.039993107318878174,7.913873112386227e-09,0.023567015305161476,0.06702515482902527,0.0,0.0,1.0,1.0,1.0,600,246912,9,10,2.7438430786132812,2.4899697944770667,-0.006841150112450123,-0.004650012589991093,0.0009970858227461576,0.6841150112450123,1.0,0.43187618255615234,-0.03632807731628418,0.45626717805862427,0.4469585418701172,-0.0303499698638916,0.45626720786094666,2,0.0
0.09336554259061813,4.5384155100691714e-07,0.08964043855667114,0.17052645981311798,0.0,0.0,1.0,1.0,1.0,600,247488,10,10,0.5599742531776428,4.634454533469725,0.002705113496631384,0.006248256657272577,-0.002729051513597369,0.6248256657272577,1.0,0.4286508560180664,-0.031099319458007812,0.45254093408584595,0.45650529861450195,-0.019451141357421875,0.4525410234928131,2,0.0
1.0070905685424805,1.0070905685424805,1.046051263809204,0.10034247487783432,1.0,1.0,1.0,0.0,0.0,284,247680,24,10,33.15576171875,3.5169250215684493,0.0007906566024757922,0.0024623440112918615,0.00028339691925793886,0.24623440112918615,1.0,0.43336522579193115,-0.03187155723571777,0.45555341243743896,0.21928048133850098,-0.2961111068725586,0.45555341243743896,2,0.31081080436706543
0.08118665963411331,7.913872224207807e-09,0.06299027800559998,0.14723096787929535,0.0,0.0,1.0,1.0,1.0,600,247744,1,10,-0.36103305220603943,4.826635139259551,-0.00018658411863725632,-0.002525977324694395,-0.0011997761903330684,0.2525977324694395,1.0,0.42462587356567383,-0.0404052734375,0.4540702700614929,0.45361328125,-0.02822589874267578,0.4540702998638153,2,0.0
0.012660617008805275,5.1558681768426595e-09,1.5388870451715775e-05,0.07591918110847473,0.0,0.0,1.0,1.0,1.0,600,249408,20,10,0.7161769270896912,4.348967567202001,-0.004776427522301674,0.0029640081338584423,0.003666982753202319,0.4776427522301674,1.0,0.42285728454589844,-0.03360176086425781,0.45893704891204834,0.4490238428115845,-0.022735595703125,0.4589370787143707,2,0.0
1.0043669939041138,1.0043669939041138,1.0046120882034302,0.0332525335252285,1.0,1.0,0.0,1.0,0.0,394,250016,14,10,37.470130920410156,1.891186960179324,-0.005154612008482218,0.0001176846562884748,0.006067321635782719,0.6067321635782719,1.0,0.4371659755706787,-0.030063152313232422,0.4613373875617981,0.2135467529296875,-0.29746127128601074,0.4613373875617981,2,1.0
0.0368063785135746,7.913876665099906e-09,0.0001748324721120298,0.03941835090517998,0.0,0.0,0.0,1.0,1.0,600,250144,4,11,1.8666895627975464,2.248487816041031,-0.009142422117292881,-0.007853040471673012,-0.004017180763185024,0.9142422117292881,1.0,0.43102598190307617,-0.03892254829406738,0.45125287771224976,0.4446573257446289,-0.03355288505554199,0.45125290751457214,2,0.0
0.09863991290330887,7.939992663352768e-09,0.18261264264583588,0.24644380807876587,0.0,0.0,1.0,1.0,0.0,600,250272,13,11,9.518242835998535,3.6572585151423542,-0.007608978543430567,0.00791508611291647,-0.008545859716832638,0.8545859716832638,1.0,0.4241302013397217,-0.02678990364074707,0.44672417640686035,0.44619131088256836,-0.017784953117370605,0.4467242658138275,2,0.7105262875556946
0.0020921528339385986,1.5056188203743659e-05,0.0021204303484410048,0.0805787667632103,0.0,0.0,1.0,1.0,1.0,600,250432,12,11,0.6702796816825867,4.496194429195742,-0.006441077217459679,0.007436592597514391,0.00957881473004818,0.957881473004818,1.0,0.4203217029571533,-0.029531389474868774,0.4648488759994507,0.4473538398742676,-0.018265187740325928,0.46484893560409546,2,0.0
1.003226399421692,1.003226399421692,1.003235101699829,0.013381490483880043,1.0,1.0,0.0,0.0,0.0,284,252320,17,11,35.61681365966797,0.7662047513982124,0.002200792310759425,-0.006981091573834419,-0.002203709911555052,0.6981091573834419,1.0,0.451332151889801,-0.03445059061050415,0.45306631922721863,0.22099125385284424,-0.3041435778141022,0.45306628942489624,2,1.0
0.0004514333850238472,1.4570015194337316e-09,0.0019244536524638534,0.014197067357599735,0.0,0.0,0.0,1.0,1.0,600,253408,8,11,1.6988884210586548,0.7031694691566936,-0.005750261712819338,-0.005735605489462614,0.0068939970806241035,0.6893997080624104,1.0,0.44376373291015625,-0.033057451248168945,0.462164044380188,0.44804954528808594,-0.031435608863830566,0.4621640741825104,2,0.0
0.055181246250867844,1.569773644405359e-08,0.002264700597152114,0.06186123937368393,0.0,0.0,1.0,1.0,1.0,600,253952,19,11,1.162826657295227,3.4146322665769304,-0.0032255600672215223,-0.009035376831889153,0.008671843446791172,0.9035376831889153,1.0,0.4299588203430176,-0.043099403381347656,0.46394187211990356,0.4505745470523834,-0.03473520278930664,0.4639419615268707,2,0.0
1.004048466682434,1.004048466682434,1.0042186975479126,0.029169445857405663,1.0,1.0,0.0,1.0,0.0,311,254272,28,11,35.700416564941406,1.6615345492206333,0.004735238384455442,0.004595560487359762,-8.578616689192131e-05,0.47352383844554424,1.0,0.4484415054321289,-0.025020599365234375,0.45518434047698975,0.22346115112304688,-0.29286694526672363,0.45518428087234497,2,1.0
0.4522739052772522,-8.499114745319503e-10,0.4522917568683624,0.4863002896308899,0.0,0.0,1.0,1.0,1.0,600,254464,7,11,3.4293811321258545,1.948547956046149,-0.006456364411860704,-0.00892267283052206,0.002882576547563076,0.892267283052206,1.0,0.4355182647705078,-0.0392451286315918,0.45815253257751465,0.4473433494567871,-0.034622639417648315,0.4581526815891266,2,0.15217390656471252
1.0002626180648804,1.0002626180648804,1.000272512435913,0.007016760762780905,1.0,1.0,0.0,0.0,0.0,284,254848,25,11,35.81597137451172,0.4014660329737731,0.00551967229694128,-0.004834065213799477,0.0014498542295768857,0.551967229694128,1.0,0.45687055587768555,-0.031453609466552734,0.45671990513801575,0.22454500198364258,-0.3009152412414551,0.45671993494033813,2,1.0
0.016594823449850082,7.809541784808971e-06,7.105697295628488e-05,0.0473753958940506,0.0,0.0,0.0,1.0,1.0,600,255296,3,11,1.2178412675857544,2.7107878893528747,-0.001512328744865954,0.004489281680434942,-0.009992112405598164,0.9992112405598164,1.0,0.4358797073364258,-0.027750611305236816,0.44527798891067505,0.4522852897644043,-0.021211624145507812,0.44527795910835266,2,0.0
1.0028542280197144,1.0028542280197144,1.00300133228302,0.04687739536166191,1.0,1.0,0.0,0.0,0.0,293,255776,15,11,35.37531280517578,2.6774512301179234,0.00577773479744792,-0.0016419067978858948,-0.002052085706964135,0.577773479744792,1.0,0.44336986541748047,-0.03379678726196289,0.45321786403656006,0.22459745407104492,-0.29866886138916016,0.45321792364120483,2,1.0
1.0018433332443237,1.0018433332443237,1.0320165157318115,0.06495137512683868,1.0,1.0,1.0,0.0,0.0,268,256256,24,11,34.95686340332031,1.992640882563401,-0.00386974960565567,0.009801691398024559,-0.004747896920889616,0.9801691398024559,1.0,0.4378390312194824,-0.0206301212310791,0.4505220651626587,0.21502971649169922,-0.28685593605041504,0.4505220651626587,2,1.0
0.525027871131897,7.913876665099906e-09,0.5517010688781738,0.6261952519416809,0.0,0.0,1.0,1.0,1.0,600,256576,30,11,3.0069832801818848,4.268202714700716,-0.0012771569890901446,0.0038089759182184935,-0.008691713213920593,0.8691713213920593,1.0,0.4268345832824707,-0.03253650665283203,0.44657832384109497,0.45252227783203125,-0.021890640258789062,0.44657841324806213,2,0.3692307770252228
0.060158517211675644,7.915014421655542e-09,0.00012194670853205025,0.06703957170248032,0.0,0.0,1.0,1.0,1.0,600,256960,27,11,1.0884448289871216,3.834099369829978,-0.002605140209197998,-0.00128361233510077,0.008714582771062851,0.8714582771062851,1.0,0.4280822277069092,-0.03645971417427063,0.4639846086502075,0.45119524002075195,-0.026983588933944702,0.4639846980571747,2,0.0
1.002106785774231,1.002106785774231,1.0027480125427246,0.06563429534435272,1.0,1.0,1.0,0.0,0.0,320,257152,9,11,35.45454788208008,3.7238208430382445,0.003247389802709222,0.005404541734606028,-0.00856475904583931,0.856475904583931,1.0,0.43459033966064453,-0.029477357864379883,0.44670528173446655,0.22212600708007812,-0.2913494110107422,0.44670528173446655,2,1.0
0.45104727149009705,2.0794698230020003e-07,0.4553627073764801,0.4915270507335663,0.0,0.0,1.0,1.0,1.0,600,257184,11,11,2.806499719619751,2.072073207846299,0.005621238145977259,-0.006572355516254902,0.00784674659371376,0.784674659371376,1.0,0.4468517303466797,-0.0372014045715332,0.46311676502227783,0.45942163467407227,-0.0322721004486084,0.463116854429245,2,0.13978494703769684
1.004045844078064,1.004045844078064,1.0063544511795044,0.08917537331581116,1.0,1.0,1.0,0.0,0.0,308,257344,10,11,34.74883270263672,4.977096522712115,0.009148170240223408,0.007097866386175156,-0.009767201729118824,0.9767201729118824,1.0,0.4330735206604004,-0.031200408935546875,0.4455028772354126,0.2278745174407959,-0.2903633117675781,0.4455028176307678,2,1.0
0.07176320999860764,7.913876665099906e-09,0.01804654486477375,0.09246819466352463,0.0,0.0,1.0,1.0,1.0,600,257664,0,11,-0.13188223540782928,4.264044837043471,-0.002770240418612957,-0.00912545807659626,0.007334479596465826,0.912545807659626,1.0,0.4253659248352051,-0.045459747314453125,0.4626045227050781,0.45102930068969727,-0.03482484817504883,0.4626045525074005,2,0.0
0.35122349858283997,7.913875776921486e-09,0.3954775631427765,0.47213444113731384,0.0,0.0,1.0,1.0,1.0,600,257952,22,11,2.9847571849823,4.392109176433918,0.0027467086911201477,-0.00400531804189086,-0.006949802860617638,0.6949802860617638,1.0,0.43012475967407227,-0.040688514709472656,0.448320209980011,0.4565469026565552,-0.02970525622367859,0.44832029938697815,2,0.3963963985443115
0.16877324879169464,7.913876665099906e-09,0.16887353360652924,0.24584099650382996,0.0,0.0,1.0,1.0,1.0,600,257984,16,11,1.5642969608306885,4.409912918279202,-0.0018124963389709592,0.006044593174010515,-0.006671757437288761,0.6671757437288761,1.0,0.4254605174064636,-0.030687332153320312,0.44859838485717773,0.4519875943660736,-0.019655227661132812,0.44859835505485535,2,0.0714285746216774
1.0050238370895386,1.0050238370895386,1.0054538249969482,0.021177006885409355,1.0,1.0,0.0,0.0,0.0,278,259040,4,11,35.481082916259766,1.1887151308133237,0.005827265325933695,0.0017046143766492605,-0.0003938017471227795,0.5827265325933695,1.0,0.4523940086364746,-0.026767730712890625,0.45487621426582336,0.22447729110717773,-0.2961139678955078,0.4548763036727905,2,1.0
0.0057776025496423244,0.00021313349134288728,0.0018010430503636599,0.06350540369749069,0.0,0.0,1.0,1.0,1.0,600,259264,26,11,0.5753171443939209,3.547614342169786,-0.0032334052957594395,0.004039757419377565,0.0043971482664346695,0.43971482664346695,1.0,0.42915868759155273,-0.030375003814697266,0.4596671462059021,0.45049214363098145,-0.021687746047973633,0.4596672058105469,2,0.0
0.06164957582950592,-4.2644244306432174e-16,0.0036767602432519197,0.06893578171730042,0.0,0.0,1.0,1.0,1.0,600,259424,23,11,1.267759084701538,3.739067105926182,-0.005376793444156647,-0.004726778715848923,0.005514380056411028,0.5514380056411028,1.0,0.4258754253387451,-0.039649367332458496,0.4607844352722168,0.44842326641082764,-0.030426859855651855,0.4607844650745392,2,0.0
0.06983234733343124,7.913876665099906e-09,0.03230215609073639,0.10660688579082489,0.0,0.0,1.0,1.0,1.0,600,260096,31,12,1.880435824394226,4.257349970996389,-0.0023750276304781437,-0.0011023293482139707,-0.006290390156209469,0.6290390156209469,1.0,0.42580127716064453,-0.03741884231567383,0.4489796757698059,0.45142459869384766,-0.02680230140686035,0.4489797055721283,2,0.0
0.07303117215633392,7.913876665099906e-09,0.06638134270906448,0.13983286917209625,0.0,0.0,1.0,1.0,1.0,600,261280,21,12,1.9677032232284546,4.2084641726724925,0.001703588292002678,-0.005832070950418711,-0.002259323373436928,0.5832070950418711,1.0,0.4301692247390747,-0.04201555252075195,0.4530107378959656,0.45550382137298584,-0.03153181076049805,0.45301076769828796,2,0.0
1.0020805597305298,1.0020805597305298,1.0022072792053223,0.02539609558880329,1.0,1.0,0.0,0.0,0.0,283,261376,17,12,35.48683547973633,1.4478245468366928,0.008530616760253906,0.003645156044512987,0.0037533901631832123,0.8530616760253906,1.0,0.4535287916660309,-0.025451093912124634,0.45902347564697266,0.22741132974624634,-0.29309922456741333,0.4590234160423279,2,1.0
1.0024712085723877,1.0024712085723877,1.0052616596221924,0.04470996558666229,1.0,1.0,0.0,1.0,0.0,370,261856,14,12,37.044921875,2.4018131831899465,-0.0076090991497039795,0.003703715978190303,0.004524842370301485,0.760909914970398,1.0,0.4316377639770508,-0.027751684188842773,0.45979493856430054,0.2112407684326172,-0.2931835651397705,0.45979487895965576,2,1.0
0.03511480614542961,1.449390083507751e-07,0.03966481238603592,0.04475507512688637,0.0,0.0,0.0,1.0,1.0,600,263040,6,12,1.7093663215637207,0.29165825562624165,0.005111958831548691,0.009288660250604153,-0.0004087782872375101,0.9288660250604153,1.0,0.45713186264038086,-0.01707744598388672,0.4548613131046295,0.4589114189147949,-0.016411304473876953,0.4548613131046295,2,0.0
0.07531748712062836,7.913875776921486e-09,0.0006680047954432666,0.07974815368652344,0.0,0.0,1.0,1.0,1.0,600,263264,29,12,0.7432901263237,4.530959665184284,-0.00590889248996973,-0.0006028179195709527,0.0035946136340498924,0.590889248996973,1.0,0.42064857482910156,-0.03766632080078125,0.45886456966400146,0.4478914737701416,-0.026302576065063477,0.4588647186756134,2,0.0
0.10691817849874496,7.91410048606167e-09,0.08564762026071548,0.16909106075763702,0.0,0.0,1.0,1.0,1.0,600,263552,2,12,0.17693021893501282,4.780958676071913,0.0035820717457681894,-0.008804259821772575,0.0006015058606863022,0.8804259821772575,1.0,0.4286632537841797,-0.046557068824768066,0.45587146282196045,0.4573817253112793,-0.034504204988479614,0.4558716118335724,2,0.0
1.0001298189163208,1.0001298189163208,1.0013537406921387,0.03459460288286209,1.0,1.0,0.0,0.0,0.0,267,263840,3,12,34.850257873535156,1.9120021751183494,0.0009663421660661697,-0.006808395031839609,-0.005580787546932697,0.6808395031839609,1.0,0.4431610107421875,-0.03704047203063965,0.44968926906585693,0.2200016975402832,-0.3028411865234375,0.4496891498565674,2,1.0
1.0017781257629395,1.0017781257629395,1.0019960403442383,0.01970398984849453,1.0,1.0,0.0,0.0,0.0,294,264256,25,12,36.04218292236328,1.1164722199620989,0.009037105366587639,-0.004627631977200508,-0.009729011915624142,0.9729011915624142,1.0,0.4560420513153076,-0.03292703628540039,0.445541113615036,0.22794198989868164,-0.30126190185546875,0.44554102420806885,2,1.0
0.004750894848257303,4.368734778381622e-07,0.007089006248861551,0.008728193119168282,0.0,0.0,0.0,1.0,1.0,600,264576,5,12,1.2895368337631226,0.0939435557624793,-0.0037199314683675766,0.001717120292596519,0.0019596575293689966,0.37199314683675766,1.0,0.4495067596435547,-0.024196147918701172,0.45722973346710205,0.45007991790771484,-0.023982524871826172,0.45722976326942444,2,0.0
0.07574725896120071,7.913876665099906e-09,0.0841485932469368,0.11341255903244019,0.0,0.0,1.0,1.0,1.0,600,265216,18,12,6.627583980560303,1.676701731324587,-0.00018174108117818832,-0.003509415779262781,0.003911315929144621,0.3911315929144621,1.0,0.44343316555023193,-0.033162832260131836,0.4591813087463379,0.4536183774471283,-0.029209494590759277,0.45918139815330505,2,0.22580644488334656
1.003208041191101,1.003208041191101,1.0334744453430176,0.09359042346477509,1.0,1.0,1.0,0.0,0.0,287,266848,0,12,33.17963790893555,3.6282084399418206,-0.0012648723786696792,0.0029329312965273857,0.0050165290012955666,0.5016529001295567,1.0,0.4306473731994629,-0.03169441223144531,0.46028661727905273,0.21752643585205078,-0.2942228317260742,0.46028661727905273,2,0.3055555522441864
1.0022311210632324,1.0022311210632324,1.0025829076766968,0.055429283529520035,1.0,1.0,1.0,1.0,0.0,347,266880,15,12,36.62175750732422,3.1557079059913864,0.003508353605866432,0.00663820980116725,-0.0026201829314231873,0.663820980116725,1.0,0.4382382035255432,-0.0267486572265625,0.4526498317718506,0.22237718105316162,-0.2901611328125,0.4526498317718506,2,1.0
0.007844368927180767,5.853107332143281e-09,0.0008651708485558629,0.03668050467967987,0.0,0.0,0.0,1.0,1.0,600,266944,1,12,0.6914626359939575,2.0520703585316817,0.003592160763218999,0.00875575840473175,-0.0005094450898468494,0.875575840473175,1.0,0.4449424743652344,-0.021823883056640625,0.4547605514526367,0.45739173889160156,-0.016944169998168945,0.4547606408596039,2,0.0
1.0020290613174438,1.0020290613174438,1.0204007625579834,0.03759460151195526,1.0,1.0,0.0,1.0,0.0,336,267008,24,12,36.40496826171875,1.101409091521282,-0.0019014826975762844,0.0090200649574399,0.00946680549532175,0.9466805495321751,1.0,0.4451948404312134,-0.019243955612182617,0.46473678946495056,0.21698331832885742,-0.287705659866333,0.46473681926727295,2,1.0
1.0014762878417969,1.0014762878417969,1.0028184652328491,0.05268099531531334,1.0,1.0,1.0,0.0,0.0,218,267072,31,12,33.15945816040039,2.9414965250336844,0.009365609847009182,0.0008552927756682038,-0.008359380066394806,0.9365609847009182,1.0,0.445375919342041,-0.03197669982910156,0.4469106197357178,0.22829341888427734,-0.2956686019897461,0.4469106197357178,2,1.0
1.00468111038208,1.00468111038208,1.0316314697265625,0.05706280097365379,1.0,1.0,1.0,0.0,0.0,278,267936,4,12,35.470462799072266,1.725314535525095,0.005342623684555292,0.0014700565952807665,-0.0066221836023032665,0.6622183602303267,1.0,0.44866418838500977,-0.028302669525146484,0.4486478567123413,0.22401905059814453,-0.29622364044189453,0.44864779710769653,2,1.0
1.0017919540405273,1.0017919540405273,1.0056324005126953,0.01747938059270382,1.0,1.0,0.0,0.0,0.0,279,268192,26,12,35.80232620239258,0.7814566705365567,0.006844289600849152,0.00996265560388565,-0.004320399835705757,0.9962655603885651,1.0,0.4558830261230469,-0.01754307746887207,0.45094963908195496,0.22574758529663086,-0.28667640686035156,0.45094966888427734,2,1.0
0.019889269024133682,2.9650282158399932e-05,0.0004499254864640534,0.0688210055232048,0.0,0.0,1.0,1.0,1.0,600,268608,20,12,0.8284837007522583,3.9190728995204602,-0.0016262037679553032,-0.004284664522856474,-0.000783775991294533,0.4284664522856474,1.0,0.4285562038421631,-0.0396885871887207,0.45448625087738037,0.45216333866119385,-0.029989242553710938,0.45448628067970276,2,0.0
1.0019842386245728,1.0019842386245728,1.0020496845245361,0.025498095899820328,1.0,1.0,0.0,1.0,0.0,357,269376,22,12,37.360939025878906,1.457186388311253,0.0011263227788731456,0.005119121167808771,-0.002753338310867548,0.5119121167808771,1.0,0.44606804847717285,-0.023999810218811035,0.4525166153907776,0.2200145721435547,-0.2915900945663452,0.45251667499542236,2,1.0
0.06757162511348724,7.916965749643623e-09,0.003272813046351075,0.07366903871297836,0.0,0.0,1.0,1.0,1.0,600,269472,13,12,1.1079083681106567,4.033407704905534,-0.0031919130124151707,-0.005557441618293524,0.0015314972260966897,0.5557441618293524,1.0,0.426311731338501,-0.041268110275268555,0.45680153369903564,0.450608491897583,-0.0312575101852417,0.4568016231060028,2,0.0
0.07247000187635422,7.9143092079903e-09,0.048115868121385574,0.12220855057239532,0.0,0.0,1.0,1.0,1.0,600,269632,12,12,0.39102646708488464,4.245196930028821,-0.007725079078227282,-0.0026740063913166523,-0.009782279841601849,0.9782279841601849,1.0,0.42052292823791504,-0.038957417011260986,0.44548773765563965,0.4460752010345459,-0.02837395668029785,0.4454878270626068,2,0.0
1.0015455484390259,1.0015455484390259,1.0017917156219482,0.06207557022571564,1.0,1.0,1.0,0.0,0.0,290,270656,17,13,34.10353469848633,3.5425664054863235,-0.00726286368444562,0.0023372366558760405,0.005746786016970873,0.726286368444562,1.0,0.4251589775085449,-0.032064199447631836,0.46101677417755127,0.21166017651557922,-0.29421183466911316,0.46101683378219604,2,1.0
1.003600835800171,1.003600835800171,1.027021050453186,0.06083241105079651,1.0,1.0,1.0,0.0,0.0,272,271744,6,13,34.974525451660156,2.143566291992703,-0.003353280480951071,0.0025130698923021555,-0.002695715054869652,0.3353280480951071,1.0,0.43744564056396484,-0.028294086456298828,0.45257431268692017,0.2154078483581543,-0.2947862148284912,0.45257431268692017,2,1.0
1.0034016370773315,1.0034016370773315,1.0034791231155396,0.0054484144784510136,1.0,1.0,0.0,0.0,0.0,287,272448,29,13,36.05562973022461,0.3077315850535593,0.007947500795125961,0.0066660684533417225,0.005421305540949106,0.7947500795125961,1.0,0.4598696231842041,-0.01973724365234375,0.4606913626194,0.22672438621520996,-0.2905604839324951,0.4606913924217224,2,1.0
0.029704421758651733,1.0721092621679418e-05,0.02137107588350773,0.09697738289833069,0.0,0.0,1.0,1.0,1.0,600,272608,8,13,0.7235603332519531,4.33253541271942,-0.004861786030232906,0.009141171351075172,-0.00721062021329999,0.9141171351075172,1.0,0.4228687286376953,-0.027379393577575684,0.44805943965911865,0.44893455505371094,-0.016560077667236328,0.44805943965911865,2,0.0
0.64085853099823,6.116293889135704e-07,0.6642597317695618,0.7040556073188782,0.0,0.0,1.0,1.0,1.0,600,273152,19,13,3.150226593017578,2.280167300628608,0.009934630244970322,-0.007899520918726921,-0.007465605158358812,0.9934630244970322,1.0,0.44991257786750793,-0.03904843330383301,0.44780439138412476,0.46373456716537476,-0.0335996150970459,0.4478044807910919,2,0.765625
0.06408015638589859,7.931350687329086e-09,0.00249887490645051,0.07342402637004852,0.0,0.0,1.0,1.0,1.0,600,273472,28,13,0.9860073924064636,4.063712400479235,0.0013773645041510463,-0.0012963974149897695,0.00937651377171278,0.937651377171278,1.0,0.43070101737976074,-0.037088751792907715,0.464646577835083,0.45517754554748535,-0.026996493339538574,0.4646466076374054,2,0.0
0.06456589698791504,7.913875776921486e-09,0.03742415830492973,0.11482630670070648,0.0,0.0,1.0,1.0,1.0,600,273664,7,13,-0.16277384757995605,4.434816641766715,-0.00439137127250433,-0.005259156692773104,-0.0005097302491776645,0.5259156692773104,1.0,0.42273378372192383,-0.04205921292304993,0.4547603130340576,0.44940805435180664,-0.030959099531173706,0.45476034283638,2,0.0
6.355323421303183e-05,7.945986979507325e-09,0.00010530706640565768,0.0007699811249040067,0.0,0.0,0.0,1.0,1.0,600,275776,30,13,1.6611591577529907,0.038083473955444876,-0.003529441077262163,-0.005250054411590099,-0.007826877757906914,0.7826877757906914,1.0,0.45003795623779297,-0.031036376953125,0.4474432170391083,0.4502701759338379,-0.03094959259033203,0.4474432170391083,2,0.0
0.2454041987657547,0.24522341787815094,0.25047552585601807,0.09238649904727936,0.1731788681953259,0.0,1.0,0.0,1.0,600,276160,27,13,6.360720634460449,4.99243243183291,-0.008349361829459667,0.007415255066007376,-0.0035231111105531454,0.8349361829459667,1.0,0.41548585891723633,-0.030925512313842773,0.45174700021743774,0.36436939239501953,-0.0603160560131073,0.4517469108104706,2,0.0
0.0628194808959961,7.913875776921486e-09,0.036580849438905716,0.10350213944911957,0.0,0.0,1.0,1.0,1.0,600,276352,9,13,2.127669095993042,3.8343059830523707,-0.0022498120088130236,-0.0012905958574265242,-0.004820039961487055,0.4820039961487055,1.0,0.4284358024597168,-0.03646683692932129,0.45045000314712524,0.4515495300292969,-0.026990413665771484,0.45045003294944763,2,0.0
0.00962836854159832,-5.963665672403806e-10,0.011080292984843254,0.030203040689229965,0.0,0.0,0.0,1.0,1.0,600,276384,11,13,1.2878073453903198,1.0956524159897247,0.004338674712926149,0.004896110855042934,0.009874310344457626,0.9874310344457626,1.0,0.45147013664245605,-0.02335357666015625,0.4651443660259247,0.45813894271850586,-0.02080368995666504,0.46514442563056946,2,0.0
0.0431169755756855,7.913875776921486e-09,1.930657344928477e-05,0.04615165293216705,0.0,0.0,0.0,1.0,1.0,600,276544,10,13,2.2516982555389404,2.6431899340240816,-0.006791028659790754,0.0006980355829000473,-0.0032904145773500204,0.6791028659790754,1.0,0.43100643157958984,-0.03136920928955078,0.4519795775413513,0.4470093250274658,-0.02500152587890625,0.4519796669483185,2,0.0
0.021407540887594223,6.663233307335759e-06,0.0001288795319851488,0.07367780804634094,0.0,0.0,1.0,1.0,1.0,600,277184,16,13,0.6974214315414429,4.214426074044267,2.930813207058236e-05,0.006854597944766283,0.0002834530605468899,0.6854597944766283,1.0,0.42845961451530457,-0.029345035552978516,0.4555535316467285,0.4538271427154541,-0.018846511840820312,0.4555535614490509,2,0.0
1.004705786705017,1.004705786705017,1.0061780214309692,0.03496285155415535,1.0,1.0,0.0,0.0,0.0,271,278144,13,13,35.02058792114258,1.918872064762913,0.0021224883385002613,0.008284160867333412,-0.0006915269768796861,0.8284160867333412,1.0,0.4442760944366455,-0.0219651460647583,0.4545784592628479,0.22079730033874512,-0.28941845893859863,0.4545785188674927,2,1.0
1.0040830373764038,1.0040830373764038,1.004500150680542,0.021632229909300804,1.0,1.0,0.0,1.0,0.0,366,278592,15,13,37.68893051147461,1.2155370702405521,-0.00032280286541208625,-0.0038058573845773935,-0.0007034275331534445,0.38058573845773935,1.0,0.4460816979408264,-0.032341957092285156,0.45456662774086,0.2184004783630371,-0.3012809753417969,0.4545666575431824,2,1.0
0.054899781942367554,7.913875776921486e-09,0.00011489324970170856,0.059743113815784454,0.0,0.0,1.0,1.0,1.0,600,278624,23,13,2.0351362228393555,3.4164458952449803,-0.009090197272598743,-0.00044412826537154615,-0.004931152332574129,0.9090197272598743,1.0,0.4240834712982178,-0.03451335430145264,0.4503389596939087,0.4447098970413208,-0.02614414691925049,0.4503389298915863,2,0.0
1.0017483234405518,1.0017483234405518,1.0029112100601196,0.04706130921840668,1.0,1.0,0.0,0.0,0.0,308,279488,12,13,35.765926361083984,2.629787822212047,0.0023041784297674894,-0.0008827608544379473,-0.0014575093518942595,0.23041784297674894,1.0,0.4401826858520508,-0.032916098833084106,0.4538125991821289,0.22121143341064453,-0.2975057065486908,0.4538125991821289,2,1.0
1.0047883987426758,1.0047883987426758,1.0072057247161865,0.07304781675338745,1.0,1.0,1.0,0.0,0.0,278,279552,17,13,32.85192108154297,4.046831587945548,0.005424992181360722,0.0042534805834293365,0.0010846970835700631,0.5424992181360722,1.0,0.4348490834236145,-0.031493425369262695,0.4563547372817993,0.22409319877624512,-0.2934792637825012,0.45635467767715454,2,0.24822695553302765
0.1703951209783554,7.913874000564647e-09,0.17055632174015045,0.25777995586395264,0.0,0.0,1.0,1.0,1.0,600,280480,21,14,1.3475083112716675,4.997550804842188,0.006887338124215603,-0.0010761537123471498,-0.005393258295953274,0.6887338124215603,1.0,0.43069207668304443,-0.039431095123291016,0.4498767852783203,0.460687518119812,-0.02677607536315918,0.4498768150806427,2,0.11999999731779099
0.001070713740773499,-3.0852695953598186e-09,0.003016161033883691,0.01327420398592949,0.0,0.0,0.0,1.0,1.0,600,281056,14,14,1.6761138439178467,0.5877426339172103,0.0031244661659002304,-0.009549073874950409,0.0026259180158376694,0.9549073874950409,1.0,0.4533412456512451,-0.03660082817077637,0.457895964384079,0.4569246768951416,-0.03524899482727051,0.45789602398872375,2,0.0
0.0172172412276268,9.276363992271122e-14,0.018559278920292854,0.082616426050663,0.0,0.0,1.0,1.0,1.0,600,282752,2,14,1.2588430643081665,3.6702047118272905,-0.00048155360855162144,0.00027387525187805295,0.008234641514718533,0.8234641514718533,1.0,0.4311809539794922,-0.03446558117866516,0.4635046720504761,0.45331811904907227,-0.02542605996131897,0.46350476145744324,2,0.0
1.001711130142212,1.001711130142212,1.0033535957336426,0.053124234080314636,1.0,1.0,1.0,0.0,0.0,352,283008,6,14,36.32775115966797,2.949689336943115,-0.006125610321760178,0.0045641520991921425,0.0027732776943594217,0.6125610321760178,1.0,0.42983579635620117,-0.028289079666137695,0.45804333686828613,0.2127838134765625,-0.29204559326171875,0.45804333686828613,2,1.0
0.06571519374847412,7.913872224207807e-09,0.02376812882721424,0.09254857897758484,0.0,0.0,1.0,1.0,1.0,600,283040,3,14,2.0662081241607666,3.9408326015556514,0.0008056231890805066,-0.0003333223576191813,-0.006137682590633631,0.6137682590633631,1.0,0.4308590888977051,-0.03579533100128174,0.44913238286972046,0.4546051025390625,-0.02603328227996826,0.44913241267204285,2,0.0
0.00766781996935606,1.40359386335831e-08,0.00865157414227724,0.019486388191580772,0.0,0.0,0.0,1.0,1.0,600,283456,25,14,1.285552978515625,0.6207899172469352,-0.001812850940041244,0.0034343076404184103,-0.0022125854156911373,0.34343076404184103,1.0,0.44820308685302734,-0.023694515228271484,0.4530574679374695,0.45198750495910645,-0.022264957427978516,0.45305749773979187,2,0.0
0.10507577657699585,7.913876665099906e-09,0.09064745903015137,0.16312538087368011,0.0,0.0,1.0,1.0,1.0,600,283776,5,14,0.3978968858718872,4.152677321965943,-0.0034259813837707043,-0.008636398240923882,-0.008809424005448818,0.8809424005448818,1.0,0.4253702163696289,-0.044669151306152344,0.4464606046676636,0.45037364959716797,-0.034336090087890625,0.44646069407463074,2,0.0
0.06621526926755905,-6.0893603527623075e-12,0.004071400035172701,0.07085815072059631,0.0,0.0,1.0,1.0,1.0,600,284416,18,14,0.7785884141921997,3.8266019565554195,0.006236149463802576,-0.007237961515784264,0.003714830381795764,0.7237961515784264,1.0,0.4369679093360901,-0.042394042015075684,0.4589848518371582,0.4600362479686737,-0.03293788433074951,0.45898494124412537,2,0.0
1.005855679512024,1.005855679512024,1.0093351602554321,0.034595273435115814,1.0,1.0,0.0,0.0,0.0,270,284800,27,14,33.46583557128906,1.782810214184616,0.004779733717441559,0.008924713358283043,0.0001607695739949122,0.8924713358283043,1.0,0.44775390625,-0.020989060401916504,0.455430805683136,0.22336483001708984,-0.28919774293899536,0.45543086528778076,2,0.30344828963279724
0.03171607851982117,3.952232319193172e-09,0.028870437294244766,0.06718972325325012,0.0,0.0,1.0,1.0,1.0,600,286048,0,14,0.7586561441421509,2.195537414830742,-0.007389880251139402,0.009060186333954334,0.0031928708776831627,0.9060186333954334,1.0,0.43309688568115234,-0.021876811981201172,0.4584629535675049,0.4464097023010254,-0.016639232635498047,0.45846298336982727,2,0.0
0.42851465940475464,6.527762161567807e-05,0.4288603365421295,0.4841806888580322,0.0,0.0,1.0,1.0,1.0,600,286144,1,14,2.4452731609344482,3.1733618105617536,-0.00948583334684372,0.0034597849007695913,0.008482607081532478,0.948583334684372,1.0,0.4251384735107422,-0.029973268508911133,0.4637526273727417,0.4442915916442871,-0.02224874496459961,0.4637526571750641,2,0.0
0.0709986463189125,7.913876665099906e-09,0.01431375090032816,0.08843503147363663,0.0,0.0,1.0,1.0,1.0,600,286208,24,14,-0.14152835309505463,4.246835748542801,-0.006461198907345533,-0.0030806914437562227,0.0029430489521473646,0.6461198907345533,1.0,0.42177724838256836,-0.039368391036987305,0.45821309089660645,0.44733893871307373,-0.028780460357666016,0.45821312069892883,2,0.0
0.08088169246912003,7.913876665099906e-09,0.013284053653478622,0.10003335028886795,0.0,0.0,1.0,1.0,1.0,600,286272,31,14,-0.54510098695755,4.970368786379653,0.0017873372416943312,-0.006652559153735638,-0.0070920586585998535,0.7092058658599854,1.0,0.4257526397705078,-0.044931888580322266,0.4481779932975769,0.45558691024780273,-0.032352447509765625,0.4481780230998993,2,0.0
0.09672568738460541,7.913876665099906e-09,0.10347722470760345,0.14258581399917603,0.0,0.0,1.0,1.0,1.0,600,287136,4,14,5.625067710876465,2.2407598838819847,-0.004574897233396769,0.00641000596806407,0.0007472829311154783,0.641000596806407,1.0,0.4356398582458496,-0.02464008331298828,0.45601731538772583,0.44922447204589844,-0.01928997039794922,0.456017404794693,2,0.31578946113586426
0.057616908103227615,5.000750924466502e-10,0.0017651079688221216,0.06200750544667244,0.0,0.0,1.0,1.0,1.0,600,287392,26,14,0.4800054430961609,3.4516382315000596,0.007482781074941158,0.00935238879173994,-0.0026872840244323015,0.9352388791739941,1.0,0.4404463768005371,-0.02480912208557129,0.45258283615112305,0.46128296852111816,-0.016347408294677734,0.45258280634880066,2,0.0
0.039634253829717636,7.555172487627715e-09,0.001254435395821929,0.04738248139619827,0.0,0.0,0.0,1.0,1.0,600,287808,20,14,1.7979453802108765,2.642943620327138,-0.002190511440858245,-0.003350677900016308,0.008540273644030094,0.8540273644030094,1.0,0.4356088638305664,-0.03541755676269531,0.46381038427352905,0.45160973072052,-0.029050350189208984,0.46381035447120667,2,0.0
1.0056908130645752,1.0056908130645752,1.025946855545044,0.07599358260631561,1.0,1.0,1.0,0.0,0.0,293,288000,23,14,33.4207763671875,3.193527517199393,0.0002913246862590313,-0.009121079929172993,-0.001152495271526277,0.9121079929172993,1.0,0.4347951412200928,-0.04260671138763428,0.4541175961494446,0.21888947486877441,-0.3071833848953247,0.45411747694015503,2,0.2702702581882477
1.0046359300613403,1.0046359300613403,1.0129504203796387,0.04751288890838623,1.0,1.0,0.0,0.0,0.0,313,288160,13,14,35.52886199951172,2.2459049373177082,0.004550029989331961,0.00859871320426464,0.007797304540872574,0.8598713204264641,1.0,0.4447340965270996,-0.022464513778686523,0.46306735277175903,0.22323060035705566,-0.2890782356262207,0.46306729316711426,2,1.0
0.05590086802840233,7.913872224207807e-09,1.1512442142702639e-05,0.058823008090257645,0.0,0.0,1.0,1.0,1.0,600,288576,22,14,1.9004240036010742,3.3696537633451036,-0.005279522854834795,-0.006412167567759752,-0.0064142849296331406,0.6414284929633141,1.0,0.4281728267669678,-0.04035830497741699,0.44885575771331787,0.4485205411911011,-0.03211212158203125,0.44885578751564026,2,0.0
1.0052274465560913,1.0052274465560913,1.005647897720337,0.012776722200214863,1.0,1.0,0.0,0.0,0.0,269,289664,14,14,34.100730895996094,0.7079634081803964,-0.0084665073081851,-0.005283601116389036,-0.0013933595037087798,0.8466507308185101,1.0,0.44101905822753906,-0.03261613845825195,0.45387664437294006,0.21016764640808105,-0.3031764030456543,0.45387667417526245,2,0.7839506268501282
1.0010517835617065,1.0010517835617065,1.0330073833465576,0.060828179121017456,1.0,1.0,1.0,0.0,0.0,266,291552,3,14,35.10112762451172,1.654287078181015,-0.001791481045074761,0.00022354000248014927,-0.009912635199725628,0.9912635199725628,1.0,0.4419584274291992,-0.029375076293945312,0.44535744190216064,0.21717071533203125,-0.2961452007293701,0.44535738229751587,2,1.0
0.09545480459928513,7.913875776921486e-09,0.11768309026956558,0.15166465938091278,0.0,0.0,1.0,1.0,1.0,600,291648,29,14,6.09401798248291,1.9470017719727872,-0.0015557953156530857,0.0033362223766744137,0.0050613973289728165,0.5061397328972816,1.0,0.4404282569885254,-0.026982545852661133,0.46033138036727905,0.45224452018737793,-0.022363662719726562,0.4603314697742462,2,0.3658536672592163
0.012849831953644753,3.855629074678291e-06,8.66161281010136e-05,0.063118115067482,0.0,0.0,1.0,1.0,1.0,600,291808,8,14,0.9510816931724548,3.6116601722433495,-0.007306800223886967,0.009536812081933022,-0.004403024446219206,0.9536812081933022,1.0,0.42470359802246094,-0.02504730224609375,0.45086705684661865,0.44649171829223633,-0.01616358757019043,0.45086708664894104,2,0.0
1.0002703666687012,1.0002703666687012,1.000340461730957,0.009277000091969967,1.0,1.0,0.0,0.0,0.0,284,292096,6,14,35.842376708984375,0.5275126384338626,0.006784204859286547,0.0012528563383966684,0.0029333869460970163,0.6784204859286547,1.0,0.4573674201965332,-0.025658607482910156,0.45820340514183044,0.22580862045288086,-0.2948307991027832,0.45820337533950806,2,1.0
0.0014906137948855758,4.1563100694474997e-07,0.0029114342760294676,0.019278664141893387,0.0,0.0,0.0,1.0,1.0,600,292352,19,14,1.3066918849945068,0.937796072100152,0.003916922025382519,-0.007784468121826649,0.007355617359280586,0.7784468121826649,1.0,0.45200586318969727,-0.035658836364746094,0.462625652551651,0.4577168822288513,-0.03348422050476074,0.4626257121562958,2,0.0
0.12143230438232422,7.913871336029388e-09,0.12155348062515259,0.1701354682445526,0.0,0.0,1.0,1.0,1.0,600,292672,28,14,3.1707894802093506,2.7835432778352622,-0.001861819764599204,-0.005653327330946922,0.007643625605851412,0.7643625605851412,1.0,0.43509459495544434,-0.03807950019836426,0.4629136919975281,0.4519383907318115,-0.03135335445404053,0.46291372179985046,2,0.1304347813129425
0.000341620558174327,1.7780078565010626e-07,0.001830606022849679,0.01288896519690752,0.0,0.0,0.0,1.0,1.0,600,292864,7,14,1.1823424100875854,0.6336076209981103,-0.003333424683660269,0.0075067440047860146,0.008246100507676601,0.8246100507676601,1.0,0.44660425186157227,-0.019652217626571655,0.4635161757469177,0.4504661560058594,-0.018193215131759644,0.4635162055492401,2,0.0
1.0034910440444946,1.0034910440444946,1.0443918704986572,0.08298994600772858,1.0,1.0,1.0,1.0,0.0,346,294848,5,14,36.25756072998047,2.4115316886052285,0.001781661994755268,0.0011953212087973952,0.009412898682057858,0.9412898682057858,1.0,0.44096994400024414,-0.030284404754638672,0.464682936668396,0.2205510139465332,-0.2960634231567383,0.464682936668396,2,1.0
1.0008580684661865,1.0008580684661865,1.00095534324646,0.037920959293842316,1.0,1.0,0.0,0.0,0.0,242,294880,4,14,34.30389404296875,2.167135994157948,-0.0010386770591139793,-0.0020176128018647432,-0.006358541082590818,0.6358541082590818,1.0,0.4396190643310547,-0.032883644104003906,0.44891148805618286,0.21793842315673828,-0.29831552505493164,0.44891154766082764,2,1.0
0.0022853726986795664,4.528012880200549e-07,0.0016271529020741582,0.034346938133239746,0.0,0.0,0.0,1.0,1.0,600,294976,30,14,1.7331750392913818,1.874734101685821,-0.004308226518332958,-0.005698194727301598,-0.006707561668008566,0.6707561668008566,1.0,0.4381117820739746,-0.03583812713623047,0.44856250286102295,0.4494915008544922,-0.03139781951904297,0.44856253266334534,2,0.0
1.0021623373031616,1.0021623373031616,1.0033220052719116,0.048697199672460556,1.0,1.0,0.0,0.0,0.0,282,295168,1,14,35.08771514892578,2.7237029232997227,0.007766338996589184,0.0021920183207839727,-0.006351171061396599,0.7766338996589184,1.0,0.4450817108154297,-0.030080795288085938,0.448918879032135,0.2266407012939453,-0.29458189010620117,0.44891881942749023,2,1.0
0.8969787955284119,2.5578014174243435e-05,0.899124264717102,0.9145211577415466,0.0,0.0,1.0,1.0,1.0,600,295552,9,14,3.754188060760498,0.8836364072416533,0.0052156406454741955,-0.009962026961147785,0.005274111405014992,0.9962026961147785,1.0,0.45363330841064453,-0.03770852088928223,0.4605441689491272,0.45900678634643555,-0.03566551208496094,0.460544228553772,2,0.31609195470809937
0.11310122907161713,7.913868671494129e-09,0.1243680864572525,0.1627066433429718,0.0,0.0,1.0,1.0,1.0,600,295584,11,14,3.142033815383911,2.1966396366080527,0.007931415922939777,-0.009425902739167213,0.0043185679242014885,0.9425902739167213,1.0,0.4484119415283203,-0.04036569595336914,0.4595886468887329,0.4617316722869873,-0.035125732421875,0.4595886766910553,2,0.0833333358168602
1.0019170045852661,1.0019170045852661,1.0191285610198975,0.049048371613025665,1.0,1.0,0.0,0.0,0.0,291,295584,31,14,35.66636276245117,1.8241174907375606,0.004977265372872353,-0.0028956769965589046,-0.002871194388717413,0.49772653728723526,1.0,0.44770193099975586,-0.032910823822021484,0.4523988962173462,0.22387075424194336,-0.29958033561706543,0.4523988366127014,2,1.0
0.0017230772646144032,-6.995925106584311e-12,0.00237939041107893,0.03918004035949707,0.0,0.0,0.0,1.0,1.0,600,295744,10,14,1.5417577028274536,2.108522939238895,-0.008473099209368229,-0.0037774681113660336,-0.0043944427743554115,0.8473099209368229,1.0,0.4325377941131592,-0.03449726104736328,0.45087558031082153,0.4453272819519043,-0.02947711944580078,0.4508756697177887,2,0.0
0.06137752905488014,0.0005607714410871267,0.04537546634674072,0.1274055391550064,0.0,0.0,1.0,1.0,1.0,600,296384,16,14,0.507903516292572,4.732104894259751,0.008573798462748528,-0.0027842202689498663,-0.007901025004684925,0.8573798462748528,1.0,0.4339429438114166,-0.04040193557739258,0.4473689794540405,0.4621775150299072,-0.02855706214904785,0.4473690092563629,2,0.0
1.003476858139038,1.003476858139038,1.0035979747772217,0.017212241888046265,1.0,1.0,0.0,1.0,0.0,336,296800,0,14,36.33492660522461,0.979246249017138,-0.008938570506870747,0.008540330454707146,-0.003577664028853178,0.8938570506870747,1.0,0.43889856338500977,-0.01943206787109375,0.4516924023628235,0.20983219146728516,-0.2887139320373535,0.4516923427581787,2,1.0
1.0003855228424072,1.0003855228424072,1.0033695697784424,0.06615424901247025,1.0,1.0,1.0,0.0,0.0,288,297216,23,14,34.93936538696289,3.6193910926101576,0.0074954465962946415,0.008751246146857738,0.0031165832187980413,0.8751246146857738,1.0,0.4394599199295044,-0.025853633880615234,0.4583866000175476,0.22651052474975586,-0.2873746156692505,0.4583866000175476,2,1.0
1.0022218227386475,1.0022218227386475,1.0043144226074219,0.002750278450548649,1.0,1.0,0.0,1.0,0.0,411,297568,18,14,38.58702087402344,0.03768444816763465,-0.0088499141857028,0.0001810958347050473,-0.005932048428803682,0.8849914185702801,1.0,0.44471997022628784,-0.025604248046875,0.44933798909187317,0.21001970767974854,-0.2966146469116211,0.4493379592895508,2,1.0
0.06640026718378067,7.7129158171374e-07,0.0027002638671547174,0.07134298235177994,0.0,0.0,1.0,1.0,1.0,600,297792,15,14,0.7430669665336609,3.932982579765191,0.0057042986154556274,-0.008103256113827229,0.007404386531561613,0.8103256113827229,1.0,0.43580418825149536,-0.04354381561279297,0.46267449855804443,0.4595041275024414,-0.03380298614501953,0.46267446875572205,2,0.0
0.07033205032348633,7.913870447850968e-09,0.007073468528687954,0.08254056423902512,0.0,0.0,1.0,1.0,1.0,600,298688,12,14,0.4047461748123169,4.323951572480007,-0.004894929938018322,0.007821783423423767,-0.0025153900496661663,0.7821783423423767,1.0,0.42288708686828613,-0.028675705194473267,0.4527546763420105,0.44890546798706055,-0.017878174781799316,0.4527547061443329,2,0.0
0.014074446633458138,3.1270363251678646e-05,0.00015739951049908996,0.0492110438644886,0.0,0.0,0.0,1.0,1.0,600,298752,17,14,1.203595757484436,2.812358351839665,-0.0032565854489803314,0.0018369200406596065,-0.008621717803180218,0.8621717803180218,1.0,0.43352705240249634,-0.030663013458251953,0.44664835929870605,0.4505324363708496,-0.023867130279541016,0.44664832949638367,2,0.0
0.04629550129175186,7.126799150825036e-09,0.0004230823542457074,0.05266527831554413,0.0,0.0,1.0,1.0,1.0,600,299680,21,14,0.7026299834251404,2.9932623153097997,-0.0028692111372947693,0.007687119767069817,0.0039181094616651535,0.7687119767069817,1.0,0.43283164501190186,-0.025278568267822266,0.45918816328048706,0.45093095302581787,-0.01801276206970215,0.45918819308280945,2,0.0
