max_angle,final_angle,cumulative_increase,regression_amount,progress,success,regression_event,stalled,lost_contact,episode_steps,env_steps,env_index,policy_version,return_value,initial_angle_deg,offset_x_m,offset_y_m,offset_z_m,offset_linf_cm,friction_scale,initial_handle_x_m,initial_handle_y_m,initial_handle_z_m,final_handle_x_m,final_handle_y_m,final_handle_z_m,curriculum_level,contact_stability
1.0042803287506104,1.0042803287506104,1.0076863765716553,0.005248186178505421,1.0,1.0,0.0,0.0,0.0,275,8800,18,0,36.033042907714844,0.10554589271789551,0.006018659565597773,0.0005457033985294402,0.00031635764753445983,0.6018659565597773,1.0,0.4591742157936096,-0.025394201278686523,0.45558640360832214,0.22472670674324036,-0.29700136184692383,0.45558643341064453,2,1.0
0.006069163326174021,6.769083626956274e-10,3.934894994017668e-05,0.06263288855552673,0.0,0.0,1.0,1.0,1.0,600,19200,0,1,0.07390108704566956,3.5863457836319896,-0.008690844289958477,0.004213311709463596,-0.000256079452810809,0.8690844289958477,1.0,0.42347049713134766,-0.030303478240966797,0.4550139307975769,0.44510889053344727,-0.021486282348632812,0.45501402020454407,2,0.0
0.11509829759597778,0.001503804698586464,0.11729513853788376,0.17670878767967224,0.0,0.0,1.0,1.0,1.0,600,19200,1,1,0.29741042852401733,3.4903131104581986,-0.002501103561371565,-0.005571570713073015,-0.007471832912415266,0.7471832912415266,1.0,0.43023204803466797,-0.039835214614868164,0.4477981925010681,0.450772762298584,-0.031467437744140625,0.4477982223033905,2,0.0
0.06866323947906494,1.945660272895111e-07,0.12308933585882187,0.14725592732429504,0.0,0.0,1.0,1.0,1.0,600,19200,2,1,0.6144577264785767,1.3846562893497703,-0.0039189402014017105,0.006546446122229099,-0.005787701811641455,0.6546446122229099,1.0,0.44146108627319336,-0.022396951913833618,0.44948238134384155,0.44988059997558594,-0.019153505563735962,0.44948241114616394,2,0.0
0.0019537610933184624,7.842314353467827e-09,0.0017380407080054283,0.026991061866283417,0.0,0.0,0.0,1.0,1.0,600,19200,3,1,0.5389153957366943,1.4468930797886321,0.002965218387544155,0.0025798464193940163,-0.0005173541721887887,0.2965218387544155,1.0,0.4479684829711914,-0.026514053344726562,0.454752653837204,0.45676469802856445,-0.02312004566192627,0.45475271344184875,2,0.0
0.022854482755064964,4.5064275228101636e-11,0.04304182529449463,0.0625251904129982,0.0,0.0,1.0,1.0,1.0,600,19200,4,1,0.6549566984176636,1.1163136315073077,0.004048857372254133,0.0020595197565853596,0.004021573346108198,0.4048857372254133,1.0,0.45105504989624023,-0.026239633560180664,0.45929160714149475,0.45784854888916016,-0.02364063262939453,0.4592916667461395,2,0.0
0.30664896965026855,7.913876665099906e-09,0.308837354183197,0.38044390082359314,0.0,0.0,1.0,1.0,1.0,600,19200,5,1,0.9797854423522949,4.102754615548674,0.006674154195934534,-0.005299128592014313,0.008992194198071957,0.8992194198071957,1.0,0.43576669692993164,-0.04119682312011719,0.4642622470855713,0.46047401428222656,-0.030998706817626953,0.4642622768878937,2,0.0
0.04075070470571518,7.913875776921486e-09,0.04469652846455574,0.1194194033741951,0.0,0.0,1.0,1.0,1.0,600,19200,6,1,-0.08909526467323303,4.281305578849739,-0.007806539069861174,-0.00769518967717886,0.006203628145158291,0.7806539069861174,1.0,0.4202275276184082,-0.04407691955566406,0.4614737033843994,0.44599294662475586,-0.03339505195617676,0.4614737331867218,2,0.0
0.03672705590724945,7.913876665099906e-09,0.00012683097156696022,0.06175685673952103,0.0,0.0,1.0,1.0,1.0,600,19200,7,1,0.04713897407054901,3.5311401393351267,0.00910800788551569,0.00533941388130188,-0.004200833849608898,0.910800788551569,1.0,0.44159793853759766,-0.029031872749328613,0.451069176197052,0.4629077911376953,-0.020360559225082397,0.45106926560401917,2,0.0
0.028937997296452522,7.913876665099906e-09,0.00025066069792956114,0.06026648357510567,0.0,0.0,1.0,1.0,1.0,600,19200,8,1,0.1440533995628357,3.43865340155763,0.0082890335470438,0.002063299063593149,-0.0037270442117005587,0.82890335470438,1.0,0.4413299560546875,-0.032063961029052734,0.4515429735183716,0.46208858489990234,-0.023636698722839355,0.45154306292533875,2,0.0
0.02935272641479969,7.913876665099906e-09,0.0004628180176950991,0.0873616486787796,0.0,0.0,1.0,1.0,1.0,600,19200,9,1,0.08277646452188492,4.9789381124670795,0.008645777590572834,-0.0006800122209824622,0.008433159440755844,0.8645777590572834,1.0,0.4325594902038574,-0.03898310661315918,0.4637032151222229,0.4624452590942383,-0.026379823684692383,0.4637032449245453,2,0.0
0.07397592067718506,0.04824996367096901,0.10807107388973236,0.13567496836185455,0.0,0.0,1.0,1.0,1.0,600,19200,10,1,0.47621676325798035,4.346106144826589,0.009865287691354752,0.009709034115076065,-0.003376120002940297,0.9865287691354752,1.0,0.4375157356262207,-0.026848793029785156,0.4518938660621643,0.44693589210510254,-0.022667884826660156,0.4518938660621643,2,0.0
8.374459525839484e-07,7.913874000564647e-09,7.958348760439549e-06,0.02694697678089142,0.0,0.0,0.0,1.0,1.0,600,19200,11,1,0.5571648478507996,1.543492658663534,0.006189526990056038,-0.007325185462832451,0.006203469354659319,0.7325185462832451,1.0,0.4506092071533203,-0.036653757095336914,0.4614734947681427,0.4599897861480713,-0.03302502632141113,0.4614735543727875,2,0.0
0.04623204842209816,7.913875776921486e-09,0.0007018325850367546,0.054447952657938004,0.0,0.0,1.0,1.0,1.0,600,19200,12,1,-0.05146902799606323,3.0794264323499796,-0.009051280096173286,-0.007454059086740017,-0.008934780955314636,0.9051280096173286,1.0,0.4261345863342285,-0.04064294695854187,0.44633519649505615,0.444749116897583,-0.03315401077270508,0.4463353455066681,2,0.0
0.008892634883522987,0.0004473109438549727,0.001215784577652812,0.011766879819333553,0.0,0.0,0.0,1.0,1.0,600,19200,13,1,0.9182870984077454,0.6301624308920736,-0.00642741471529007,-0.008607619442045689,0.007890335284173489,0.8607619442045689,1.0,0.44353151321411133,-0.03575849533081055,0.4631604254245758,0.447216272354126,-0.03436577320098877,0.46316036581993103,2,0.0
0.08192356675863266,7.56706164395382e-09,0.04313495010137558,0.11556395888328552,0.0,0.0,1.0,1.0,1.0,600,19200,14,1,-0.4742105007171631,4.149874809972123,0.005513289012014866,0.00646010460332036,-0.001090974430553615,0.646010460332036,1.0,0.434326171875,-0.029565095901489258,0.454179048538208,0.45931363105773926,-0.01923990249633789,0.45417913794517517,2,0.0
0.03511089086532593,0.03422142565250397,0.09038778394460678,0.058578841388225555,0.03188587299737831,0.0,1.0,1.0,1.0,600,19200,15,1,1.737002968788147,0.13822472602851657,-0.009816671721637249,-0.004498360678553581,-0.009346737526357174,0.9816671721637249,1.0,0.44313934445381165,-0.03051280975341797,0.4459232985973358,0.43208444118499756,-0.03485107421875,0.4459232687950134,2,0.0
0.08109015226364136,7.913872224207807e-09,0.03662692382931709,0.12213407456874847,0.0,0.0,1.0,1.0,1.0,600,19200,16,1,-0.8414639830589294,4.899199922775412,0.00613907165825367,0.00872008129954338,0.002139184856787324,0.8720081299543381,1.0,0.4305230677127838,-0.02936100959777832,0.4574092626571655,0.45993921160697937,-0.01697993278503418,0.4574092924594879,2,0.0
0.07209645956754684,2.689171385572564e-10,0.0081985117867589,0.08505263179540634,0.0,0.0,1.0,1.0,1.0,600,19200,17,1,-0.5289924144744873,4.403419542812635,0.0067058345302939415,-0.004915296565741301,0.009502621367573738,0.9502621367573738,1.0,0.4340170621871948,-0.04162943363189697,0.46477264165878296,0.4605059325695038,-0.030615240335464478,0.4647727310657501,2,0.0
0.0547306090593338,7.913876665099906e-09,0.0029352472629398108,0.06713036447763443,0.0,0.0,1.0,1.0,1.0,600,19200,19,1,-0.3090510070323944,3.678110228904757,-0.008880495093762875,0.008436576463282108,0.009323948062956333,0.9323948062956333,1.0,0.42273440957069397,-0.026323795318603516,0.4645940065383911,0.444919615983963,-0.017263412475585938,0.4645940363407135,2,0.0
0.34775251150131226,0.33536776900291443,0.48509371280670166,0.23259001970291138,0.2753176521236454,0.0,1.0,0.0,1.0,600,19200,20,1,8.05853271484375,4.747760541611067,-0.00823626946657896,-0.0050173355266451836,-0.004327063914388418,0.823626946657896,1.0,0.41704070568084717,-0.0426783561706543,0.4509429335594177,0.33761537075042725,-0.0930013656616211,0.4509429931640625,2,0.0
0.0002254288410767913,0.0002254288410767913,0.000313344644382596,0.0296320803463459,0.0,0.0,0.0,1.0,1.0,600,19200,21,1,0.5007657408714294,1.6927563044121137,0.00943614263087511,-0.00437495531514287,-0.005260371137410402,0.9436142630875111,1.0,0.4529538154602051,-0.03406786918640137,0.45000964403152466,0.4631572961807251,-0.03010392189025879,0.45000967383384705,2,0.0
0.06829509139060974,2.8297103549235203e-10,0.06157433241605759,0.1300610899925232,0.0,0.0,1.0,1.0,1.0,600,19200,22,1,-0.391757994890213,3.9240021616670937,0.002860325388610363,0.003214124357327819,0.006772223860025406,0.6772223860025406,1.0,0.43301331996917725,-0.032202571630477905,0.46204227209091187,0.4566603899002075,-0.022485822439193726,0.46204230189323425,2,0.0
0.06057330220937729,7.944440660878627e-09,7.718075721641071e-06,0.06177442520856857,0.0,0.0,1.0,1.0,1.0,600,19200,23,1,-0.17039217054843903,3.538972445322427,0.008757478557527065,-0.0028961417265236378,-0.0006130493711680174,0.8757478557527065,1.0,0.44120073318481445,-0.03728818893432617,0.4546569585800171,0.46255767345428467,-0.02859628200531006,0.45465704798698425,2,0.0
0.0097728930413723,0.0008926694863475859,0.009854663163423538,0.022409135475754738,0.0,0.0,0.0,1.0,1.0,600,19200,24,1,0.7816340923309326,0.7704649751713021,0.0005991780781187117,0.0033024430740624666,0.007062460761517286,0.7062460761517286,1.0,0.44970452785491943,-0.02417755126953125,0.46233251690864563,0.45408689975738525,-0.022513628005981445,0.46233251690864563,2,0.0
0.0003140565531793982,6.594930164283141e-05,0.0004819485475309193,0.016064351424574852,0.0,0.0,0.0,1.0,1.0,600,19200,25,1,0.6676651835441589,0.8965845249172933,0.00873596966266632,0.007899746298789978,0.0015760684618726373,0.8735969662666321,1.0,0.4570755958557129,-0.01987743377685547,0.45684608817100525,0.4625132083892822,-0.01780843734741211,0.45684614777565,2,0.0
0.048924051225185394,7.913871336029388e-09,7.382159310509451e-06,0.050478339195251465,0.0,0.0,1.0,1.0,1.0,600,19200,26,1,0.060881808400154114,2.8917742419798724,-0.007261230610311031,-0.009897375479340553,-0.0014980712439864874,0.9897375479340553,1.0,0.4290471076965332,-0.042601585388183594,0.45377200841903687,0.44653916358947754,-0.03559732437133789,0.45377203822135925,2,0.0
0.017865236848592758,0.000293701741611585,0.01819942705333233,0.02891770377755165,0.0,0.0,0.0,1.0,1.0,600,19200,27,1,0.845974862575531,0.630939151466751,-0.006829909980297089,0.003541278187185526,0.0031120935454964638,0.6829909980297089,1.0,0.44312429428100586,-0.023611366748809814,0.45838215947151184,0.4468674659729004,-0.022196918725967407,0.4583822190761566,2,0.0
0.08182816952466965,7.913870447850968e-09,0.09638995677232742,0.17038494348526,0.0,0.0,1.0,1.0,1.0,600,19200,28,1,-0.3631722033023834,4.239601724438111,-0.006171650718897581,-0.007714757230132818,-0.004400682635605335,0.7714757230132818,1.0,0.42210960388183594,-0.0439831018447876,0.4508693218231201,0.4476287364959717,-0.03341472148895264,0.4508694112300873,2,0.0
0.04741247743368149,7.913876665099906e-09,0.0006288249860517681,0.051403824239969254,0.0,0.0,1.0,1.0,1.0,600,19200,29,1,-0.05076213181018829,2.909192718467286,-0.0004747353377752006,-0.004716862924396992,0.00506145553663373,0.506145553663373,1.0,0.4357292652130127,-0.037465810775756836,0.46033143997192383,0.4533255100250244,-0.03041672706604004,0.460331529378891,2,0.0
0.06815019249916077,7.913868671494129e-09,8.724101462576073e-06,0.07207278162240982,0.0,0.0,1.0,1.0,1.0,600,19200,30,1,-0.5102912187576294,4.128968027809537,-0.002646872540935874,0.005500779952853918,-0.00027089426293969154,0.5500779952853918,1.0,0.42629051208496094,-0.030467987060546875,0.4549992084503174,0.4511528015136719,-0.020198822021484375,0.454999178647995,2,0.0
0.06190624088048935,7.913876665099906e-09,0.0004833380226045847,0.06524128466844559,0.0,0.0,1.0,1.0,1.0,600,19200,31,1,-0.3337632119655609,3.7103564057500336,-0.002110139699652791,-0.0032165145967155695,0.004459759220480919,0.4459759220480919,1.0,0.42931270599365234,-0.03806257247924805,0.4597298502922058,0.4516897201538086,-0.028916358947753906,0.4597298800945282,2,0.0
1.0003454685211182,1.0003454685211182,1.0006905794143677,0.06839954853057861,1.0,1.0,1.0,0.0,0.0,246,27072,26,1,33.211971282958984,3.8992358957366275,0.008587946183979511,-0.0025508925318717957,-0.006546004209667444,0.8587946183979511,1.0,0.4388885498046875,-0.03790116310119629,0.44872409105300903,0.22760653495788574,-0.2986617088317871,0.44872403144836426,2,1.0
1.002642273902893,1.002642273902893,1.0027165412902832,0.019073976203799248,1.0,1.0,0.0,0.0,0.0,269,27808,5,1,35.450103759765625,1.0886052615918584,0.001604698016308248,0.00907390471547842,-0.005141120869666338,0.907390471547842,1.0,0.4487791061401367,-0.01915884017944336,0.4501289427280426,0.22044086456298828,-0.2878751754760742,0.450128972530365,2,1.0
0.051788728684186935,7.913875776921486e-09,8.719730431039352e-06,0.056331370025873184,0.0,0.0,1.0,1.0,1.0,600,28000,18,1,-0.15027600526809692,3.2270505125326387,0.0002665054053068161,-0.0017781645292416215,-0.00997802335768938,0.9978023357689381,1.0,0.4345701336860657,-0.03535115718841553,0.44529199600219727,0.45406660437583923,-0.02747809886932373,0.44529208540916443,2,0.0
1.0016306638717651,1.0016306638717651,1.0076066255569458,0.010461957193911076,1.0,1.0,0.0,0.0,0.0,276,28032,31,1,35.875030517578125,0.2570331719178174,0.005870149005204439,-0.0019891425035893917,-5.241103644948453e-05,0.5870149005204439,1.0,0.4581012725830078,-0.028275728225708008,0.4552176296710968,0.22478628158569336,-0.2985692024230957,0.4552176594734192,2,1.0
0.059667158871889114,0.0035133722703903913,0.03449336066842079,0.09379622340202332,0.0,0.0,1.0,1.0,1.0,600,38400,0,2,-0.165748730301857,3.5991037232279273,0.0015159612521529198,0.005171783734112978,-0.00539649510756135,0.539649510756135,1.0,0.43360137939453125,-0.02937936782836914,0.4498736262321472,0.4540867805480957,-0.02098703384399414,0.44987356662750244,2,0.0
0.000956003728788346,7.913875776921486e-09,0.0009652066510170698,0.019771434366703033,0.0,0.0,0.0,1.0,1.0,600,38400,1,2,1.198373794555664,1.0775179435782236,-0.008604025468230247,-0.007216683588922024,0.0011038220254704356,0.8604025468230247,1.0,0.43863773345947266,-0.03542304039001465,0.45637381076812744,0.44519567489624023,-0.03291654586791992,0.4563739001750946,2,0.0
0.26790887117385864,7.913875776921486e-09,0.26861274242401123,0.30626702308654785,0.0,0.0,1.0,1.0,1.0,600,38400,2,2,1.5790283679962158,2.157432216338064,-0.00048069815966300666,-0.002156159607693553,-0.008712641894817352,0.8712641894817352,1.0,0.44023609161376953,-0.03299799561500549,0.4465574622154236,0.45331907272338867,-0.027856111526489258,0.4465574324131012,2,0.0833333358168602
3.772575291804969e-05,7.913868671494129e-09,6.18340345681645e-05,0.003441430628299713,0.0,0.0,0.0,1.0,1.0,600,38400,3,2,1.3658981323242188,0.19363703690862508,0.0017532177735120058,-0.003557530464604497,0.005666610784828663,0.5666610784828663,1.0,0.45437145233154297,-0.029698729515075684,0.46093669533729553,0.4555530548095703,-0.029257655143737793,0.46093669533729553,2,0.0
0.04352295398712158,3.0332205369631993e-07,0.027753189206123352,0.07573792338371277,0.0,0.0,1.0,1.0,1.0,600,38400,4,2,0.10931749641895294,2.7493400383493656,-0.008001524955034256,0.009813886135816574,-0.00856670644134283,0.9813886135816574,1.0,0.42915964126586914,-0.02252507209777832,0.4467032551765442,0.4457979202270508,-0.015886306762695312,0.44670340418815613,2,0.0
0.3700457513332367,0.3700457513332367,0.3579377830028534,0.06677237153053284,0.31609944296309583,0.0,1.0,0.0,1.0,600,38400,6,2,8.948942184448242,4.51951056058805,-0.009629768319427967,0.00269022723659873,-0.0003830833302345127,0.9629768319427967,1.0,0.4169950485229492,-0.03434181213378906,0.4548869729042053,0.32638978958129883,-0.09371638298034668,0.4548870027065277,2,0.0
0.017550388351082802,7.107772398740053e-05,0.00011992648796876892,0.021252809092402458,0.0,0.0,0.0,1.0,1.0,600,38400,7,2,0.7456223964691162,1.2148975937795097,-0.009076359681785107,0.00634427648037672,-0.0018854538211598992,0.9076359681785107,1.0,0.4373321533203125,-0.022190600633621216,0.4533846080303192,0.4446983337402344,-0.01936495304107666,0.4533846378326416,2,0.0
0.06873276829719543,7.913867783315709e-09,8.351948054041713e-06,0.07261771708726883,0.0,0.0,1.0,1.0,1.0,600,38400,8,2,-0.4923032522201538,4.16021400882823,-0.005850526038557291,0.003352309111505747,0.0002629930677358061,0.5850526038557291,1.0,0.4229001998901367,-0.032700538635253906,0.4555330276489258,0.4479489326477051,-0.022347569465637207,0.45553311705589294,2,0.0
0.04013020172715187,-2.4329615335187335e-14,0.0003310896863695234,0.04026603326201439,0.0,0.0,0.0,1.0,1.0,600,38400,9,2,0.289659321308136,2.28810632832169,0.00486894603818655,-0.0029550883919000626,-0.0027511687949299812,0.486894603818655,1.0,0.44479894638061523,-0.034124135971069336,0.45251888036727905,0.45866870880126953,-0.028655052185058594,0.45251891016960144,2,0.0
0.06535743921995163,7.913875776921486e-09,0.030715184286236763,0.10440298169851303,0.0,0.0,1.0,1.0,1.0,600,38400,10,2,-0.05015018954873085,4.221999900060165,-0.009111066348850727,-0.008323621936142445,0.006829243153333664,0.9111066348850727,1.0,0.41927456855773926,-0.044544219970703125,0.46209925413131714,0.4446892738342285,-0.034023284912109375,0.4620993435382843,2,0.0
0.07143528759479523,7.913875776921486e-09,0.00023646636691410094,0.07589906454086304,0.0,0.0,1.0,1.0,1.0,600,38400,11,2,-0.5155181288719177,4.33514924073742,0.007975486107170582,0.009758472442626953,-0.009336700662970543,0.9758472442626953,1.0,0.43569111824035645,-0.026769638061523438,0.44593334197998047,0.4617757797241211,-0.015941381454467773,0.44593337178230286,2,0.0
0.06940130144357681,7.913875776921486e-09,2.0624587705242448e-05,0.0724930465221405,0.0,0.0,1.0,1.0,1.0,600,38400,12,2,-0.1198342815041542,4.152363560150946,0.0007569771260023117,-0.009577151387929916,0.008947612717747688,0.9577151387929916,1.0,0.42955493927001953,-0.045609116554260254,0.4642176628112793,0.4545571804046631,-0.035277098417282104,0.4642176926136017,2,0.0
0.02712056413292885,5.5890563288585327e-08,0.0016345063922926784,0.028018685057759285,0.0,0.0,0.0,1.0,1.0,600,38400,13,2,0.570702850818634,1.511705385153118,0.0013553521130234003,-0.0058893137611448765,0.000648851040750742,0.5889313761144876,1.0,0.4459671974182129,-0.0351405143737793,0.45591896772384644,0.455155611038208,-0.031589388847351074,0.45591893792152405,2,0.0
0.012601863592863083,0.0002442168479319662,0.0038077726494520903,0.014834281988441944,0.0,0.0,0.0,1.0,1.0,600,38400,14,2,0.9130295515060425,0.6457649841947628,-0.008975435979664326,-0.008583174087107182,0.009975969791412354,0.9975969791412354,1.0,0.4408881664276123,-0.035770416259765625,0.4652460515499115,0.44473934173583984,-0.034314632415771484,0.4652459919452667,2,0.0
0.02370198257267475,0.0036303731612861156,0.04524950683116913,0.04913816228508949,0.0,0.0,0.0,1.0,1.0,600,38400,15,2,1.0179686546325684,0.43080823216345693,-0.009835618548095226,0.007208522874861956,0.00152700359467417,0.9835618548095226,1.0,0.4413362741470337,-0.01947784423828125,0.4567970335483551,0.4426947832107544,-0.018965721130371094,0.4567970931529999,2,0.0
0.045033760368824005,9.256182487149545e-09,1.298066126764752e-05,0.0462496280670166,0.0,0.0,0.0,1.0,1.0,600,38400,16,2,0.1931716948747635,2.6491674167649006,0.0033762252423912287,-0.005699675064533949,-0.005497641395777464,0.5699675064533949,1.0,0.44113805890083313,-0.03778243064880371,0.44977235794067383,0.4571763575077057,-0.03139948844909668,0.449772447347641,2,0.0
0.0303011666983366,6.221797121952477e-08,1.1439426998549607e-05,0.03334977850317955,0.0,0.0,0.0,1.0,1.0,600,38400,17,2,0.3971955478191376,1.9101507669664528,0.005708047188818455,-0.0038956967182457447,0.008954200893640518,0.8954200893640518,1.0,0.4479140043258667,-0.03412327170372009,0.4642242193222046,0.45950815081596375,-0.029595643281936646,0.46422430872917175,2,0.0
0.07796453684568405,7.913876665099906e-09,0.006286253686994314,0.08896292746067047,0.0,0.0,1.0,1.0,1.0,600,38400,19,2,-0.5675989985466003,4.737024764896276,-0.0035349375102669,0.007145958486944437,-0.0009413438383489847,0.7145958486944437,1.0,0.4218054413795471,-0.03048563003540039,0.454328715801239,0.45026519894599915,-0.018554210662841797,0.4543287456035614,2,0.0
0.027200425043702126,8.219806169051935e-09,8.778368646744639e-05,0.029294569045305252,0.0,0.0,0.0,1.0,1.0,600,38400,20,2,0.5220215916633606,1.6734267623392718,-2.071728704322595e-05,-0.009899735450744629,0.009496541693806648,0.9899735450744629,1.0,0.44361400604248047,-0.03954505920410156,0.46476662158966064,0.45377933979034424,-0.0355992317199707,0.46476665139198303,2,0.0
0.03705880045890808,1.0919396942199455e-08,0.02358822338283062,0.06172198802232742,0.0,0.0,1.0,1.0,1.0,600,38400,21,2,0.3554243743419647,2.184905371613971,-0.0005186653579585254,-0.005972183775156736,-0.0024275928735733032,0.5972183775156736,1.0,0.4400324821472168,-0.036882638931274414,0.45284247398376465,0.4532815217971802,-0.031672000885009766,0.45284250378608704,2,0.0
0.03187236934900284,0.0004154276102781296,0.037735987454652786,0.06735320389270782,0.0,0.0,1.0,1.0,1.0,600,38400,22,2,0.4527992010116577,1.7207430045362408,0.008073327131569386,0.0006466105114668608,0.00545356422662735,0.8073327131569386,1.0,0.4514220952987671,-0.029114872217178345,0.4607235789299011,0.46172797679901123,-0.02510741353034973,0.4607235789299011,2,0.0
0.07429421693086624,7.913869559672548e-09,9.318023330706637e-06,0.079841248691082,0.0,0.0,1.0,1.0,1.0,600,38400,23,2,-0.6979485154151917,4.574033826298146,-0.00044144128332845867,0.009524541907012463,-0.005252506583929062,0.9524541907012463,1.0,0.4258610010147095,-0.027657151222229004,0.450017511844635,0.4533587694168091,-0.016175389289855957,0.4500176012516022,2,0.0
0.01629948988556862,0.0006792652420699596,0.02037099003791809,0.03864229470491409,0.0,0.0,0.0,1.0,1.0,600,38400,24,2,0.6928513050079346,1.0857871682289935,-0.004389583598822355,0.004904009867459536,0.0015370353357866406,0.49040098674595356,1.0,0.4428013563156128,-0.023322582244873047,0.45680707693099976,0.4491727352142334,-0.02088475227355957,0.45680704712867737,2,0.0
0.0668192058801651,8.718155086739898e-09,4.142592842981685e-06,0.07015006244182587,0.0,0.0,1.0,1.0,1.0,600,38400,25,2,-0.4161289930343628,4.019067722743093,0.0016114949248731136,-0.0026243915781378746,0.006091434974223375,0.6091434974223375,1.0,0.4312002658843994,-0.03829669952392578,0.46136152744293213,0.4554116725921631,-0.028324127197265625,0.4613615572452545,2,0.0
0.045884523540735245,1.3848128332938359e-07,1.112429890781641e-05,0.049299199134111404,0.0,0.0,0.0,1.0,1.0,600,38400,27,2,0.05684175342321396,2.824006172252064,-0.003707519033923745,-0.006597737316042185,0.0049277679063379765,0.6597737316042185,1.0,0.43300676345825195,-0.0391274094581604,0.4601978659629822,0.45009279251098633,-0.03229770064353943,0.4601978361606598,2,0.0
0.058659132570028305,3.282447664787469e-07,0.06547856330871582,0.13057243824005127,0.0,0.0,1.0,1.0,1.0,600,38400,28,2,-0.33340081572532654,3.729622234964524,-0.006628477480262518,0.009522129781544209,0.0025950081180781126,0.9522129781544209,1.0,0.424680233001709,-0.02537524700164795,0.4578651189804077,0.4471719264984131,-0.016177773475646973,0.4578650891780853,2,0.0
0.07453956454992294,7.913871336029388e-09,6.64108301862143e-06,0.07971900701522827,0.0,0.0,1.0,1.0,1.0,600,38400,29,2,-0.6376508474349976,4.567183573447446,-0.0029418005142360926,0.004667940549552441,-0.0071487161330878735,0.7148716133087873,1.0,0.4234013557434082,-0.03249549865722656,0.4481213688850403,0.45085859298706055,-0.021032333374023438,0.44812139868736267,2,0.0
0.08211416751146317,7.913875776921486e-09,0.04788331687450409,0.13452434539794922,0.0,0.0,1.0,1.0,1.0,600,38400,30,2,-0.6641435027122498,4.964163559518696,-0.0022538716439157724,0.0031451003160327673,-0.004121326841413975,0.4121326841413975,1.0,0.42174720764160156,-0.03511667251586914,0.4511488080024719,0.45154571533203125,-0.022554397583007812,0.45114877820014954,2,0.0
1.0047208070755005,1.0047208070755005,1.0047943592071533,0.03637104108929634,1.0,1.0,0.0,0.0,0.0,244,46208,27,3,34.393306732177734,2.0796920704220367,0.007255273871123791,0.00440794974565506,-0.0060411482118070126,0.7255273871123791,1.0,0.4484395980834961,-0.026240050792694092,0.4492288827896118,0.22592854499816895,-0.2933000326156616,0.4492289423942566,2,1.0
1.0008578300476074,1.0008578300476074,1.0030994415283203,0.03731308877468109,1.0,1.0,0.0,0.0,0.0,245,46240,6,3,34.32105255126953,2.00945104532786,0.006596806459128857,0.004962034523487091,-0.005471058189868927,0.6596806459128857,1.0,0.44820404052734375,-0.025511503219604492,0.4497990012168884,0.22557401657104492,-0.2913360595703125,0.4497990012168884,2,1.0
0.0598883330821991,8.109046767401651e-09,8.954296208685264e-05,0.06236976385116577,0.0,0.0,1.0,1.0,1.0,600,46272,26,3,-0.1736844927072525,3.568396686823431,0.005305375903844833,0.005175186321139336,-0.005082893185317516,0.5305375903844833,1.0,0.4375736713409424,-0.029294490814208984,0.45018720626831055,0.4591057300567627,-0.02052474021911621,0.45018717646598816,2,0.0
0.06282259523868561,6.783953381273022e-07,0.06628790497779846,0.0733586996793747,0.0,0.0,1.0,1.0,1.0,600,47008,5,3,0.9499533772468567,0.40516586106980435,-0.009074774570763111,0.009367306716740131,0.0020310645923018456,0.9367306716740131,1.0,0.44225358963012695,-0.017261028289794922,0.45730113983154297,0.44472503662109375,-0.016332149505615234,0.45730116963386536,2,0.0
0.3009570837020874,7.913875776921486e-09,0.300972044467926,0.3382328152656555,0.0,0.0,1.0,1.0,1.0,600,47200,18,3,1.323091745376587,2.134886188774675,0.0039010047912597656,-0.007355017121881247,0.00024209213734138757,0.7355017121881247,1.0,0.4447530508041382,-0.03814077377319336,0.4555121064186096,0.4577011168003082,-0.03305494785308838,0.4555121958255768,2,0.6268656849861145
0.0545169822871685,7.913875776921486e-09,0.028812389820814133,0.08689766377210617,0.0,0.0,1.0,1.0,1.0,600,47232,31,3,0.18799348175525665,3.328040835826801,0.0027846519369632006,-0.0005895047797821462,0.004986141342669725,0.49861413426697254,1.0,0.43648576736450195,-0.03442645072937012,0.4602562189102173,0.45658445358276367,-0.02628946304321289,0.4602562487125397,2,0.0
1.0051203966140747,1.0051203966140747,1.00540292263031,0.02658127062022686,1.0,1.0,0.0,0.0,0.0,264,54656,27,4,35.17744827270508,1.5068084596833362,0.0016789676155894995,0.009640460833907127,-0.008659718558192253,0.9640460833907127,1.0,0.4463205337524414,-0.01959890127182007,0.44661030173301697,0.2203211784362793,-0.2882135212421417,0.4466102719306946,2,1.0
0.005802810657769442,7.913876665099906e-09,8.371817966690287e-05,0.055936072021722794,0.0,0.0,1.0,1.0,1.0,600,57600,0,4,0.6547514200210571,3.2001045624832924,0.0034322557039558887,0.0042654681019485,0.007080260198563337,0.7080260198563337,1.0,0.437896728515625,-0.029236793518066406,0.4623503088951111,0.4572319984436035,-0.02143383026123047,0.46235033869743347,2,0.0
0.051401350647211075,-2.0073230577732915e-10,0.0003713116457220167,0.05492231249809265,0.0,0.0,1.0,1.0,1.0,600,57600,1,4,0.023556595668196678,3.1255436561824945,-0.0016498881159350276,-0.00840089563280344,-0.005729494150727987,0.840089563280344,1.0,0.4332599639892578,-0.04170942306518555,0.4495406150817871,0.4521498680114746,-0.03410077095031738,0.4495405852794647,2,0.0
3.0244214030972216e-06,8.054252376155091e-09,9.205506103171501e-06,0.012858239002525806,0.0,0.0,0.0,1.0,1.0,600,57600,2,4,0.7629591822624207,0.7361960484754969,0.009867222979664803,0.009952384978532791,-0.009952782653272152,0.9952782653272152,1.0,0.4591813087463379,-0.017446815967559814,0.44531720876693726,0.4636669158935547,-0.01574757695198059,0.4453172981739044,2,0.0
0.05198458954691887,7.913876665099906e-09,0.050860270857810974,0.10978618264198303,0.0,0.0,1.0,1.0,1.0,600,57600,3,4,0.29515331983566284,3.3762071164103196,-0.0022992948070168495,-0.007769421674311161,-0.0034825264010578394,0.7769421674311161,1.0,0.43111371994018555,-0.04173290729522705,0.45178747177124023,0.45150041580200195,-0.033469557762145996,0.4517875611782074,2,0.0
0.05434245988726616,0.0422690212726593,0.07077155262231827,0.08722615242004395,0.0,0.0,1.0,1.0,1.0,600,57600,4,4,0.6302437782287598,3.3646154316151615,-0.0016865229699760675,0.006994493771344423,0.001458755461499095,0.6994493771344423,1.0,0.4317965507507324,-0.026938438415527344,0.45672881603240967,0.4374399185180664,-0.024511337280273438,0.4567287564277649,2,0.0
0.01138976588845253,4.056272118191373e-08,0.020386874675750732,0.07276485860347748,0.0,0.0,1.0,1.0,1.0,600,57600,7,4,0.13027997314929962,3.001038912566682,-0.006943943444639444,0.0031564440578222275,0.007537184748798609,0.7537184748798609,1.0,0.4287099838256836,-0.029829442501068115,0.46280717849731445,0.4468555450439453,-0.022543519735336304,0.4628072679042816,2,0.0
0.0791744589805603,0.008484669961035252,0.06655728816986084,0.14206331968307495,0.0,0.0,1.0,1.0,1.0,600,57600,8,4,-0.5628652572631836,4.812312232570034,0.003453706158325076,0.003719665575772524,0.005672691389918327,0.5672691389918327,1.0,0.42834997177124023,-0.03411984443664551,0.46094274520874023,0.4542884826660156,-0.02309596538543701,0.4609427750110626,2,0.0
0.05841897055506706,1.8529033241065918e-07,0.06837774068117142,0.07797598838806152,0.0,0.0,1.0,1.0,1.0,600,57600,9,4,0.8933301568031311,0.549950076661619,-0.004618263337761164,0.009295899420976639,0.004400131292641163,0.9295899420976639,1.0,0.4458284378051758,-0.01766800880432129,0.45967012643814087,0.44918155670166016,-0.016404151916503906,0.45967021584510803,2,0.0
7.088601705618203e-05,6.969932542233437e-08,7.829326932551339e-05,0.02426990121603012,0.0,0.0,0.0,1.0,1.0,600,57600,10,4,0.6813603043556213,1.3860810241219526,-0.005285489372909069,-0.009553694166243076,0.005752736236900091,0.9553694166243076,1.0,0.44008612632751465,-0.03850078582763672,0.4610227644443512,0.4485146999359131,-0.03525352478027344,0.46102282404899597,2,0.0
0.14762289822101593,7.913875776921486e-09,0.14816470444202423,0.22768202424049377,0.0,0.0,1.0,1.0,1.0,600,57600,11,4,-0.4759790301322937,4.55600724953119,-0.0077674915082752705,-0.009913905523717403,0.005739545449614525,0.9913905523717403,1.0,0.4186418056488037,-0.04704570770263672,0.4610096216201782,0.4460327625274658,-0.0356137752532959,0.4610096514225006,2,0.0
0.011176065541803837,7.806900903517544e-09,0.01118435151875019,0.034566089510917664,0.0,0.0,0.0,1.0,1.0,600,57600,12,4,0.6799585819244385,1.3396755449621225,-0.0019518857588991523,-0.007473003584891558,-0.005012685898691416,0.7473003584891558,1.0,0.44370126724243164,-0.0363079309463501,0.45025739073753357,0.45184850692749023,-0.03317296504974365,0.45025739073753357,2,0.0
0.021392401307821274,0.00010974390170304105,0.0002829060540534556,0.026839207857847214,0.0,0.0,0.0,1.0,1.0,600,57600,13,4,0.5040661096572876,1.5278516321859108,0.0035183283034712076,0.003880153875797987,0.00999502930790186,0.9995029307901859,1.0,0.4480323791503906,-0.025410175323486328,0.46526503562927246,0.45727992057800293,-0.02183389663696289,0.4652651250362396,2,0.0
0.05892094224691391,7.857170025715732e-09,0.0013174187624827027,0.0591207817196846,0.0,0.0,1.0,1.0,1.0,600,57600,14,4,-0.11230583488941193,3.3118904266474827,0.0036815316416323185,0.00027185340877622366,0.003256862983107567,0.36815316416323185,1.0,0.43747878074645996,-0.0335230827331543,0.4585269093513489,0.45748186111450195,-0.025428295135498047,0.45852693915367126,2,0.0
0.9975033402442932,7.913876665099906e-09,1.1103806495666504,1.1825162172317505,0.0,0.0,1.0,1.0,1.0,600,57600,15,4,1.3503272533416748,4.133056322914613,-0.007790143135935068,-0.004312883131206036,-0.0059982724487781525,0.7790143135935068,1.0,0.4211224317550659,-0.04029226303100586,0.4492717981338501,0.44600996375083923,-0.03001260757446289,0.4492718279361725,2,0.0
0.0876951813697815,7.913876665099906e-09,0.025877321138978004,0.1057828813791275,0.0,0.0,1.0,1.0,1.0,600,57600,16,4,-0.26634135842323303,4.578251468110629,-0.009592803195118904,0.00491033960133791,-0.006080579478293657,0.9592803195118904,1.0,0.4166848957538605,-0.03228282928466797,0.4491894245147705,0.4442072808742523,-0.020789623260498047,0.44918951392173767,2,0.0
0.0733957439661026,8.06509525830279e-09,0.0008047398296184838,0.0775134265422821,0.0,0.0,1.0,1.0,1.0,600,57600,17,4,-0.49388250708580017,4.395085004477927,0.005847909953445196,0.004362165927886963,-0.0015011481009423733,0.5847909953445196,1.0,0.433208703994751,-0.032329410314559937,0.45376890897750854,0.4596480429172516,-0.021337777376174927,0.45376893877983093,2,0.0
0.6212003231048584,7.913875776921486e-09,0.7450230717658997,0.8244621753692627,0.0,0.0,1.0,1.0,1.0,600,57600,19,4,1.7739280462265015,4.5515262185488385,-0.001237127697095275,-0.007543924730271101,0.00042102974839508533,0.7543924730271101,1.0,0.42519837617874146,-0.04466390609741211,0.45569103956222534,0.45256295800209045,-0.03324389457702637,0.4556911289691925,2,0.0
0.04390491172671318,0.022991903126239777,0.057108987122774124,0.050261422991752625,0.00695992568091443,0.0,1.0,1.0,1.0,600,57600,20,4,1.217151165008545,0.9250025941761892,-0.0067155505530536175,0.006434835959225893,-0.002680460922420025,0.6715550553053617,1.0,0.4414510726928711,-0.02140951156616211,0.45258957147598267,0.43907248973846436,-0.02234649658203125,0.45258960127830505,2,0.0
0.03428066521883011,7.913876665099906e-09,0.03430785983800888,0.03667663782835007,0.0,0.0,0.0,1.0,1.0,600,57600,21,4,1.725715160369873,0.13572110151194988,-0.005640572868287563,0.00418147724121809,0.005216001067310572,0.5640572868287563,1.0,0.4473305940628052,-0.021826982498168945,0.4604860246181488,0.4481595754623413,-0.021518468856811523,0.4604860842227936,2,0.0
0.023981265723705292,7.913876665099906e-09,0.00010038399341283366,0.07056698203086853,0.0,0.0,1.0,1.0,1.0,600,57600,22,4,-0.26243463158607483,4.037437516515842,0.003965818323194981,-0.00969636719673872,0.003180702682584524,0.969636719673872,1.0,0.43344545364379883,-0.04541793465614319,0.4584507346153259,0.45776593685150146,-0.035396307706832886,0.4584508240222931,2,0.0
0.01623537950217724,4.2668234527809545e-05,0.023582443594932556,0.042444974184036255,0.0,0.0,0.0,1.0,1.0,600,57600,23,4,0.7361531853675842,1.0831883879715094,-0.00756982434540987,0.007255908101797104,-0.000753018248360604,0.756982434540987,1.0,0.4396369457244873,-0.02096414566040039,0.4545170068740845,0.4462151527404785,-0.01844954490661621,0.45451703667640686,2,0.0
0.047847144305706024,7.913870447850968e-09,8.022489964787383e-06,0.04943187162280083,0.0,0.0,0.0,1.0,1.0,600,57600,24,4,0.03642033040523529,2.8317797813011847,-0.005712659563869238,-0.009321094490587711,0.0038010578136891127,0.9321094490587711,1.0,0.430955171585083,-0.041870832443237305,0.4590710997581482,0.44808757305145264,-0.035021066665649414,0.4590711295604706,2,0.0
0.04455539956688881,7.256059753046884e-09,8.353857265319675e-05,0.045638736337423325,0.0,0.0,0.0,1.0,1.0,600,57600,25,4,0.18088418245315552,2.6101211462706417,0.0012433931697160006,-0.006156180519610643,-0.00393946748226881,0.6156180519610643,1.0,0.439239501953125,-0.03813934326171875,0.4513305425643921,0.4550437927246094,-0.03185558319091797,0.45133063197135925,2,0.0
0.0687880888581276,0.010781321674585342,0.010981862433254719,0.07226552069187164,0.0,0.0,1.0,1.0,1.0,600,57600,28,4,-0.15805283188819885,4.129021388662427,0.004850105382502079,0.00442755501717329,-0.002334968652576208,0.4850105382502079,1.0,0.43378686904907227,-0.03154110908508301,0.4529350996017456,0.45488429069519043,-0.022694110870361328,0.45293503999710083,2,0.0
0.038385484367609024,0.03347714617848396,0.05893915519118309,0.05383773520588875,0.005250405918918172,0.0,1.0,1.0,1.0,600,57600,29,4,1.1559257507324219,1.6258092447668815,-0.0035763545893132687,0.0020942222326993942,0.0005233153351582587,0.35763545893132687,1.0,0.44034600257873535,-0.0274350643157959,0.4557933807373047,0.4385814666748047,-0.028152942657470703,0.4557933211326599,2,0.0
0.06433567404747009,7.913870447850968e-09,1.0294756066286936e-05,0.06928323209285736,0.0,0.0,1.0,1.0,1.0,600,57600,30,4,-0.44846832752227783,3.969048113016974,-0.0033056209795176983,0.007338035851716995,-0.0053961691446602345,0.7338035851716995,1.0,0.42657995223999023,-0.028200149536132812,0.4498738646507263,0.45049381256103516,-0.018361568450927734,0.4498739540576935,2,0.0
0.04488442838191986,5.015116357753868e-07,0.01613428443670273,0.06105615943670273,0.0,0.0,1.0,1.0,1.0,600,65440,6,5,0.20478121936321259,2.573861166070925,0.006982782389968634,-0.007121082860976458,-0.005744487047195435,0.7121082860976458,1.0,0.44519710540771484,-0.03901219367980957,0.4495255947113037,0.460782527923584,-0.032820940017700195,0.4495256245136261,2,0.0
0.008117570541799068,7.913875776921486e-09,0.00022085219097789377,0.0631665289402008,0.0,0.0,1.0,1.0,1.0,600,65472,26,5,0.07213258743286133,3.606522162440207,-0.008293496444821358,0.004649456590414047,-0.001293229521252215,0.8293496444821358,1.0,0.4237477779388428,-0.029921293258666992,0.4539768099784851,0.4455068111419678,-0.021050453186035156,0.4539768397808075,2,0.0
0.019774865359067917,6.803551944045694e-09,0.023041492328047752,0.050103507936000824,0.0,0.0,1.0,1.0,1.0,600,66208,5,5,0.4861449897289276,1.5505388525660486,-0.004071301314979792,0.00522999744862318,0.006414949893951416,0.6414949893951416,1.0,0.4403057098388672,-0.024115562438964844,0.4616850018501282,0.44972848892211914,-0.02046966552734375,0.46168503165245056,2,0.0
1.0023351907730103,1.0023351907730103,1.0024120807647705,0.0035739114973694086,1.0,1.0,0.0,0.0,0.0,269,66208,19,5,35.699951171875,0.20036637406667437,0.0011176388943567872,0.008958118967711926,0.0007135907071642578,0.8958118967711926,1.0,0.45369458198547363,-0.017198562622070312,0.4559836685657501,0.2199782431125641,-0.28787875175476074,0.4559836983680725,2,1.0
1.0043758153915405,1.0043758153915405,1.004429817199707,0.00990372896194458,1.0,1.0,0.0,0.0,0.0,272,66304,20,5,35.641666412353516,0.5643459276370374,0.0020879285875707865,0.0064641996286809444,0.005611313972622156,0.6464199628680944,1.0,0.45244693756103516,-0.02053356170654297,0.4608813226222992,0.2207883596420288,-0.29111766815185547,0.4608813524246216,2,1.0
0.024480825290083885,7.913875776921486e-09,0.011078158393502235,0.09052866697311401,0.0,0.0,1.0,1.0,1.0,600,66400,18,5,0.021805040538311005,4.552178928501398,-0.006417667027562857,-0.00870213471353054,0.00852127280086279,0.870213471353054,1.0,0.42001402378082275,-0.04582405090332031,0.46379125118255615,0.4473824203014374,-0.03440225124359131,0.4637913405895233,2,0.0
0.02852618880569935,0.0031278429087251425,0.051938969641923904,0.0700029730796814,0.0,0.0,1.0,1.0,1.0,600,66432,31,5,0.7613223195075989,1.21420112792758,-0.004785115364938974,-0.0037731097545474768,-0.004136355593800545,0.47851153649389744,1.0,0.44162797927856445,-0.03230619430541992,0.45113375782966614,0.4479207992553711,-0.02988147735595703,0.45113369822502136,2,0.0
0.10061970353126526,0.09401040524244308,0.13096322119235992,0.06347990036010742,0.06932224658657052,0.0,1.0,1.0,1.0,600,73856,27,6,2.509859085083008,1.5198894458826742,-0.007500684820115566,-0.006458463612943888,-0.0073409187607467175,0.7500684820115566,1.0,0.43706202507019043,-0.035729557275772095,0.44792917370796204,0.4140181541442871,-0.045907169580459595,0.44792914390563965,2,0.0
0.05859271064400673,0.004947439301759005,0.032207269221544266,0.08855318278074265,0.0,0.0,1.0,1.0,1.0,600,76800,0,6,-0.061125967651605606,3.5118495506848952,0.0011774767190217972,0.002759234281256795,-0.0033868143800646067,0.33868143800646067,1.0,0.43378210067749023,-0.03156089782714844,0.4518831968307495,0.4532470703125,-0.023587703704833984,0.4518832862377167,2,0.0
6.456327810155926e-06,1.0924893700803295e-07,1.6235047951340675e-05,0.03222282603383064,0.0,0.0,0.0,1.0,1.0,600,76800,1,6,0.9608827233314514,1.8453087929677598,-0.00817179773002863,-0.005565936211496592,0.0066170841455459595,0.8171797730028629,1.0,0.43442487716674805,-0.03563332557678223,0.4618871212005615,0.44562768936157227,-0.0312657356262207,0.4618872106075287,2,0.0
0.0008687522495165467,9.548716678464686e-11,0.001055888133123517,0.015552007593214512,0.0,0.0,0.0,1.0,1.0,600,76800,2,6,0.7677860856056213,0.8305665844425946,0.0006933404365554452,0.002006178954616189,0.002899001119658351,0.2899001119658351,1.0,0.4494333267211914,-0.025615036487579346,0.45816898345947266,0.45449304580688477,-0.023693770170211792,0.4581690728664398,2,0.0
0.07578089833259583,0.03434945270419121,0.0797966867685318,0.06045878678560257,0.019632609544900478,0.0,1.0,1.0,1.0,600,76800,3,6,1.514910101890564,0.8600989883924075,-0.0022131220903247595,-0.0015675387112423778,-0.008157787844538689,0.8157787844538689,1.0,0.4463481903076172,-0.029258251190185547,0.4471122920513153,0.43964338302612305,-0.03193855285644531,0.44711220264434814,2,0.0
0.04021087661385536,0.00921198446303606,0.023591864854097366,0.06013045459985733,0.0,0.0,1.0,1.0,1.0,600,76800,4,6,0.27552372217178345,2.6213145456598235,-0.003361929440870881,0.00017740541079547256,0.006317186169326305,0.6317186169326305,1.0,0.4345669746398926,-0.03183436393737793,0.46158725023269653,0.4472188949584961,-0.026735305786132812,0.46158722043037415,2,0.0
0.07255095988512039,7.913875776921486e-09,0.003866316983476281,0.0827736184000969,0.0,0.0,1.0,1.0,1.0,600,76800,7,6,-0.315945565700531,4.521055890887765,0.0002115641109412536,0.005834250710904598,0.00452011451125145,0.5834250710904598,1.0,0.42682743072509766,-0.031201809644699097,0.4597901701927185,0.4540109634399414,-0.019865721464157104,0.4597901999950409,2,0.0
0.009319734759628773,7.913875776921486e-09,0.0005702804774045944,0.03690829500555992,0.0,0.0,0.0,1.0,1.0,600,76800,8,6,1.0809544324874878,2.082015188513487,0.006253983825445175,-0.0023850968573242426,0.00013762060552835464,0.6253983825445175,1.0,0.44742393493652344,-0.033038973808288574,0.45540767908096313,0.4600534439086914,-0.02808511257171631,0.4554077088832855,2,0.0
0.06832560151815414,0.006403911858797073,0.016190852969884872,0.08284540474414825,0.0,0.0,1.0,1.0,1.0,600,76800,9,6,-0.3035642206668854,4.185943331431668,-0.000671971240080893,-0.004591909237205982,0.00950556993484497,0.9505569934844971,1.0,0.42792701721191406,-0.04071474075317383,0.46477562189102173,0.45088958740234375,-0.031131267547607422,0.46477562189102173,2,0.0
0.06982652097940445,7.91386689513729e-09,0.0698380172252655,0.07490763813257217,0.0,0.0,1.0,1.0,1.0,600,76800,10,6,1.5917404890060425,0.290473671372494,0.0012419113190844655,-0.0007138249929994345,0.006962193641811609,0.6962193641811609,1.0,0.45326900482177734,-0.027077674865722656,0.4622322618961334,0.45504212379455566,-0.026413440704345703,0.4622322618961334,2,0.18518517911434174
0.02886311337351799,7.913867783315709e-09,0.0004450067353900522,0.08352953940629959,0.0,0.0,1.0,1.0,1.0,600,76800,11,6,0.1809731125831604,4.760395964688767,0.005788485053926706,0.007174439262598753,0.006281147710978985,0.7174439262598753,1.0,0.43099117279052734,-0.030521392822265625,0.4615511894226074,0.45958876609802246,-0.018525362014770508,0.4615512192249298,2,0.0
0.008940421044826508,2.7789810452816255e-09,0.009022846817970276,0.013770928606390953,0.0,0.0,0.0,1.0,1.0,600,76800,12,6,1.0136513710021973,0.27204544746582937,-0.008792943321168423,-0.0022591997403651476,-0.009460399858653545,0.9460399858653545,1.0,0.4433465003967285,-0.02858036756515503,0.44580966234207153,0.44500732421875,-0.02795913815498352,0.4458096921443939,2,0.0
0.030698955059051514,7.913876665099906e-09,0.03070594184100628,0.0840032696723938,0.0,0.0,1.0,1.0,1.0,600,76800,13,6,0.08556150645017624,3.0537116238985282,-0.0009110678802244365,-0.006245071068406105,0.008911359123885632,0.8911359123885632,1.0,0.43442821502685547,-0.03936731815338135,0.46418142318725586,0.45288920402526855,-0.031945109367370605,0.46418145298957825,2,0.0
0.06846628338098526,1.0965467422963115e-09,0.016494136303663254,0.08302603662014008,0.0,0.0,1.0,1.0,1.0,600,76800,14,6,-0.3377905488014221,3.8119943163548777,-0.0008270979742519557,0.008437516167759895,-0.008517493493855,0.8517493493855,1.0,0.4299917221069336,-0.026679515838623047,0.44675254821777344,0.4529731273651123,-0.01726245880126953,0.4467525780200958,2,0.0
0.05924704670906067,7.913875776921486e-09,0.0002865523274522275,0.06091001257300377,0.0,0.0,1.0,1.0,1.0,600,76800,15,6,-0.17355740070343018,3.4734687967478894,0.0003714400518219918,-0.008173109032213688,-0.004485139157623053,0.8173109032213688,1.0,0.4332050383090973,-0.04239177703857422,0.45078492164611816,0.4541715681552887,-0.03387260437011719,0.45078495144844055,2,0.0
0.038694463670253754,0.028279460966587067,0.04155123606324196,0.05529991537332535,0.0,0.0,1.0,1.0,1.0,600,76800,16,6,0.83125901222229,2.408035058637005,-0.0032690451480448246,0.000337785022566095,-0.005269758868962526,0.5269758868962526,1.0,0.43594056367874146,-0.031133174896240234,0.4500002861022949,0.44068649411201477,-0.02917790412902832,0.4500003159046173,2,0.0
0.018644964322447777,6.717502998299096e-08,0.033002689480781555,0.049843449145555496,0.0,0.0,0.0,1.0,1.0,600,76800,17,6,0.7850409150123596,0.9649084012888118,0.003542362479493022,-0.007006986066699028,0.00453463988378644,0.7006986066699028,1.0,0.45146679878234863,-0.03494575619697571,0.4598046541213989,0.4573424756526947,-0.03270694613456726,0.4598047435283661,2,0.0
0.03339487686753273,0.019198855385184288,0.03457583859562874,0.07818315923213959,0.0,0.0,1.0,1.0,1.0,600,76800,21,6,0.1532714068889618,3.5985308411112924,0.00930350087583065,0.008961057290434837,-0.0031974499579519033,0.930350087583065,1.0,0.44139206409454346,-0.025588274002075195,0.4520726203918457,0.4564082622528076,-0.01929926872253418,0.45207253098487854,2,0.0
0.05411037802696228,1.867822518875073e-08,0.10950277745723724,0.1424747258424759,0.0,0.0,1.0,1.0,1.0,600,76800,22,6,0.4772036075592041,1.889154125127599,-0.00826959777623415,0.004318930674344301,0.0056719668209552765,0.826959777623415,1.0,0.4340630769729614,-0.025856763124465942,0.46094197034835815,0.4455305337905884,-0.021381020545959473,0.4609420597553253,2,0.0
0.07728409022092819,7.913874888743067e-09,0.00813495833426714,0.08808233588933945,0.0,0.0,1.0,1.0,1.0,600,76800,23,6,-0.10061603784561157,4.580648864509303,-0.009963351301848888,-0.005528292153030634,-0.003583100624382496,0.9963351301848888,1.0,0.41630029678344727,-0.042728304862976074,0.45168691873550415,0.4438368082046509,-0.03122842311859131,0.4516870081424713,2,0.0
0.05174180865287781,7.913876665099906e-09,0.001352420775219798,0.06098277494311333,0.0,0.0,1.0,1.0,1.0,600,76800,24,6,-0.2622915208339691,3.416568625206629,-0.007031053304672241,0.005571527406573296,0.008200285956263542,0.8200285956263542,1.0,0.42614173889160156,-0.028497934341430664,0.4634703993797302,0.446769118309021,-0.020128726959228516,0.46347036957740784,2,0.0
0.09546015411615372,7.913875776921486e-09,0.0710059180855751,0.15713979303836823,0.0,0.0,1.0,1.0,1.0,600,76800,25,6,-0.5632821917533875,4.935109215449931,-0.0005277065210975707,-0.004511894192546606,-0.007385402452200651,0.7385402452200651,1.0,0.4236447811126709,-0.042693138122558594,0.4478846788406372,0.45327258110046387,-0.030211448669433594,0.4478847086429596,2,0.0
0.05043739825487137,-1.4277219684277753e-10,0.018090838566422462,0.06912839412689209,0.0,0.0,1.0,1.0,1.0,600,76800,28,6,0.037264369428157806,2.924236210114239,0.008288196288049221,0.004455722402781248,-0.007955759763717651,0.8288196288049221,1.0,0.44440221786499023,-0.028331637382507324,0.4473142623901367,0.46208858489990234,-0.021244168281555176,0.4473143517971039,2,0.0
0.018681688234210014,7.913875776921486e-09,0.0006536924047395587,0.07383786886930466,0.0,0.0,1.0,1.0,1.0,600,76800,29,6,0.10914533585309982,4.1931449121378,-0.006178079638630152,0.0016006911173462868,-0.0020437687635421753,0.6178079638630152,1.0,0.4223783016204834,-0.03454160690307617,0.45322632789611816,0.44762229919433594,-0.024099349975585938,0.45322635769844055,2,0.0
0.10753227770328522,7.913876665099906e-09,0.06352958083152771,0.13994187116622925,0.0,0.0,1.0,1.0,1.0,600,76800,30,6,-0.3180428147315979,4.378100885333044,-0.009261373430490494,0.008575746789574623,-0.00875166431069374,0.9261373430490494,1.0,0.4181995391845703,-0.02806997299194336,0.4465184211730957,0.4445381164550781,-0.017123699188232422,0.4465184509754181,2,0.0
1.0022642612457275,1.0022642612457275,1.0022788047790527,0.027399282902479172,1.0,1.0,0.0,0.0,0.0,176,82432,15,7,33.45697021484375,1.5690270007105094,-0.009697740897536278,0.0027929481584578753,-0.008919008076190948,0.9697740897536278,1.0,0.4345676302909851,-0.026597976684570312,0.44635114073753357,0.20916849374771118,-0.2940182685852051,0.44635093212127686,2,1.0
1.0059341192245483,1.0059341192245483,1.0060420036315918,0.02303721010684967,1.0,1.0,0.0,0.0,0.0,196,83072,24,7,33.3648681640625,1.3137542300099836,-0.005318976938724518,0.004184172488749027,-0.005011699628084898,0.5318976938724518,1.0,0.44049072265625,-0.024588346481323242,0.45025837421417236,0.21326029300689697,-0.29396700859069824,0.4502583146095276,2,1.0
1.0046250820159912,1.0046250820159912,1.0180656909942627,0.061197083443403244,1.0,1.0,1.0,0.0,0.0,205,83360,28,7,33.12629699707031,2.7362482732577433,-0.0018913941457867622,0.006439387798309326,-0.004944313317537308,0.6439387798309326,1.0,0.4353482723236084,-0.02586531639099121,0.45032572746276855,0.21678948402404785,-0.29123353958129883,0.45032572746276855,2,1.0
1.000156044960022,1.000156044960022,1.023270606994629,0.07578139752149582,1.0,1.0,1.0,0.0,0.0,228,84096,2,7,33.25004959106445,3.0175893146992694,-0.0006094233249314129,0.0010913717560470104,-0.005168679170310497,0.5168679170310497,1.0,0.43494653701782227,-0.03193742036819458,0.450101375579834,0.21842384338378906,-0.29495084285736084,0.4501013159751892,2,1.0
0.057724226266145706,0.031055765226483345,0.10521601140499115,0.12089183926582336,0.0,0.0,1.0,1.0,1.0,600,84640,6,7,0.8113493323326111,2.6775216664437393,9.801345731830224e-05,-0.00266426894813776,-0.007191253826022148,0.7191253826022148,1.0,0.43768978118896484,-0.03481888771057129,0.4480786919593811,0.44309282302856445,-0.03256964683532715,0.4480786919593811,2,0.0
0.045770835131406784,4.5720498498269535e-09,0.09671969711780548,0.14776821434497833,0.0,0.0,1.0,1.0,1.0,600,84672,26,7,0.0008066003210842609,2.9248650144047033,-0.008180562406778336,0.007668806239962578,0.0015925867483019829,0.8180562406778336,1.0,0.4279296398162842,-0.02512049674987793,0.4568626880645752,0.4456198215484619,-0.01803112030029297,0.4568626582622528,2,0.0
1.0025845766067505,1.0025845766067505,1.0034493207931519,0.014950421638786793,1.0,1.0,0.0,0.0,0.0,265,85280,11,7,35.47100067138672,0.8070498696042705,0.0029784757643938065,0.008683407679200172,0.0007181959226727486,0.8683407679200172,1.0,0.4518616199493408,-0.018882036209106445,0.4559882879257202,0.22181940078735352,-0.28824472427368164,0.4559882879257202,2,1.0
0.06841153651475906,7.919320310634248e-09,0.007214326877146959,0.06847425550222397,0.0,0.0,1.0,1.0,1.0,600,85408,5,7,-0.19847837090492249,3.50993688427388,0.007916397415101528,-0.007716108113527298,0.00926183257251978,0.9261832572519779,1.0,0.4405326843261719,-0.042031288146972656,0.46453189849853516,0.4617161750793457,-0.033415794372558594,0.46453192830085754,2,0.0
0.05497996136546135,0.004396598320454359,0.02569551393389702,0.08244908601045609,0.0,0.0,1.0,1.0,1.0,600,85408,19,7,-0.13567659258842468,3.503647560708768,-0.002065128181129694,0.0013304417952895164,0.007492197211831808,0.7492197211831808,1.0,0.43058857321739197,-0.03296828269958496,0.4627622365951538,0.4501973092556,-0.024944782257080078,0.4627622663974762,2,0.0
0.009299591183662415,0.0003941449394915253,0.008132831193506718,0.0357978418469429,0.0,0.0,0.0,1.0,1.0,600,85504,20,7,0.5891953706741333,1.6076713572607952,0.002877752296626568,-0.009632005356252193,-0.0037701567634940147,0.9632005356252193,1.0,0.44690990447998047,-0.03911638259887695,0.45149993896484375,0.4565398693084717,-0.03538322448730469,0.45149996876716614,2,0.0
0.036022234708070755,7.913875776921486e-09,6.90366214257665e-05,0.04118106886744499,0.0,0.0,0.0,1.0,1.0,600,85600,18,7,0.2038138061761856,2.355546548969338,-0.009711184538900852,0.0006595635786652565,-0.0010352550307288766,0.9711184538900852,1.0,0.42981353402137756,-0.03067922592163086,0.4542348384857178,0.4440889060497284,-0.025040507316589355,0.45423486828804016,2,0.0
0.055173128843307495,5.458570058181067e-07,0.06970802694559097,0.08118979632854462,0.0,0.0,1.0,1.0,1.0,600,85632,31,7,0.85505211353302,0.6578870225068016,-0.007687330711632967,0.007867813110351562,0.006101967766880989,0.7867813110351562,1.0,0.44210243225097656,-0.0193479061126709,0.4613719880580902,0.44611215591430664,-0.017832040786743164,0.461372047662735,2,0.0
1.0012491941452026,1.0012491941452026,1.0149850845336914,0.05684790015220642,1.0,1.0,1.0,0.0,0.0,209,92192,20,8,33.15462112426758,2.470127668051356,0.009986495599150658,0.0029888220597058535,-0.006821516435593367,0.9986495599150658,1.0,0.44882285594940186,-0.02863931655883789,0.4484484791755676,0.22893297672271729,-0.29345226287841797,0.4484485983848572,2,1.0
0.025647422298789024,7.860881723331659e-09,0.025653116405010223,0.03654645010828972,0.0,0.0,0.0,1.0,1.0,600,93056,27,8,0.9052455425262451,0.6241415124170016,-0.0030257725156843662,-0.009820813313126564,0.008724648505449295,0.9820813313126564,1.0,0.44696927070617676,-0.03695759177207947,0.4639947712421417,0.4507744312286377,-0.0355207622051239,0.4639947712421417,2,0.0
0.006964256055653095,7.913876665099906e-09,0.0028751196805387735,0.03247310593724251,0.0,0.0,0.0,1.0,1.0,600,96000,0,8,1.3137558698654175,1.695839814657257,-0.003322279779240489,-0.007303651887923479,-0.008912372402846813,0.8912372402846813,1.0,0.44017648696899414,-0.03700399398803711,0.4463576674461365,0.45047712326049805,-0.03300333023071289,0.44635769724845886,2,0.0
0.00084322300972417,7.913869559672548e-09,1.4884128177072853e-05,0.05002123862504959,0.0,0.0,1.0,1.0,1.0,600,96000,1,8,0.49178144335746765,2.8651537931331594,-0.0024467085022479296,0.004099193029105663,0.0035067724529653788,0.40991930291056633,1.0,0.4340205192565918,-0.028536081314086914,0.4587767720222473,0.4513530731201172,-0.021600723266601562,0.4587768614292145,2,0.0
0.007801755331456661,0.007801755331456661,0.009311169385910034,0.01777663081884384,0.0,0.0,0.0,1.0,1.0,600,96000,3,8,0.884405791759491,0.932042704941474,0.007348830346018076,-0.004689090885221958,0.006431995425373316,0.7348830346018076,1.0,0.455472469329834,-0.03254997730255127,0.46170204877853394,0.4584217071533203,-0.031413912773132324,0.46170204877853394,2,0.0
0.0688188374042511,0.0019440173637121916,0.06036868691444397,0.1342362016439438,0.0,0.0,1.0,1.0,1.0,600,96000,4,8,-0.49330034852027893,4.343681000784412,-0.0015138628659769893,0.0022675846703350544,0.009140637703239918,0.9140637703239918,1.0,0.4261507987976074,-0.034284114837646484,0.4644107222557068,0.45160579681396484,-0.023685932159423828,0.4644107222557068,2,0.0
0.013348127715289593,0.009532531723380089,0.009903209283947945,0.013909031637012959,0.0,0.0,0.0,1.0,1.0,600,96000,7,8,1.065866470336914,0.7756906034948907,-6.5500712480570655e-06,-0.008520130068063736,0.0022121374495327473,0.8520130068063736,1.0,0.4490666389465332,-0.03601202368736267,0.45748212933540344,0.45046281814575195,-0.035475194454193115,0.457482248544693,2,0.0
0.024770410731434822,0.01241469755768776,0.02615450881421566,0.04558943584561348,0.0,0.0,0.0,1.0,1.0,600,96000,8,8,0.7723745703697205,1.8248496016392215,-0.006065114866942167,-0.006915155332535505,-0.008164742030203342,0.8164742030203342,1.0,0.43665504455566406,-0.03693234920501709,0.4471052885055542,0.44339942932128906,-0.03425586223602295,0.4471053183078766,2,0.0
0.08377222716808319,0.04546550288796425,0.09897498041391373,0.0900341048836708,0.009279786757766258,0.0,1.0,1.0,1.0,600,96000,9,8,1.2339723110198975,2.0927087034327885,-0.001332161482423544,0.005388290621340275,-0.000273445708444342,0.5388290621340275,1.0,0.4397735595703125,-0.025292396545410156,0.4549965262413025,0.4366950988769531,-0.026581764221191406,0.45499664545059204,2,0.0
0.006090196315199137,0.006090196315199137,0.007119453977793455,0.0017983248690143228,0.005325223926993613,0.0,0.0,1.0,1.0,600,96000,10,8,1.194122076034546,0.0440643417753691,0.00027561854221858084,0.0006546867662109435,-0.00626088073477149,0.626088073477149,1.0,0.45380663871765137,-0.025145530700683594,0.4490092098712921,0.4519469738006592,-0.025843143463134766,0.4490092098712921,2,0.0
0.5819521546363831,7.913875776921486e-09,0.7671555280685425,0.8465046286582947,0.0,0.0,1.0,1.0,1.0,600,96000,12,8,1.6851869821548462,4.546395038934866,-0.003862951183691621,-0.006425976753234863,-0.0045061311684548855,0.6425976753234863,1.0,0.42260289192199707,-0.04353180527687073,0.45076388120651245,0.4499373435974121,-0.03212592005729675,0.4507639706134796,2,0.0
0.6772559881210327,7.913876665099906e-09,0.7968845963478088,0.8804922103881836,0.0,0.0,1.0,1.0,1.0,600,96000,13,8,1.7942622900009155,4.790367261653606,-0.006461670622229576,-0.00874452106654644,0.009440544061362743,0.9440544061362743,1.0,0.4185638427734375,-0.046523332595825195,0.464710533618927,0.4473385810852051,-0.034444451332092285,0.46471062302589417,2,0.0
0.010950470343232155,7.913875776921486e-09,2.3884567781351507e-05,0.04264131560921669,0.0,0.0,0.0,1.0,1.0,600,96000,14,8,1.1305664777755737,2.441799245025317,-0.001214850228279829,-0.005674831569194794,-0.005660410039126873,0.5674831569194794,1.0,0.4377915859222412,-0.0372309684753418,0.449609637260437,0.45258545875549316,-0.03137469291687012,0.4496096670627594,2,0.0
0.015505636110901833,6.285157727603519e-09,6.258539360715076e-05,0.03542870655655861,0.0,0.0,0.0,1.0,1.0,600,96000,16,8,0.4227825105190277,2.0263292965406077,0.003631799016147852,-0.009196856990456581,-0.00664641335606575,0.9196856990456581,1.0,0.445137619972229,-0.03971219062805176,0.4486235976219177,0.4574318826198578,-0.0348966121673584,0.4486236870288849,2,0.0
0.018018189817667007,1.296191953770176e-07,0.03256164863705635,0.036724742501974106,0.0,0.0,0.0,1.0,1.0,600,96000,17,8,1.098146677017212,0.2385348051700279,-0.0036682654172182083,-0.009303150698542595,-0.004377372097223997,0.9303150698542595,1.0,0.4486757218837738,-0.03554731607437134,0.45089271664619446,0.4501318633556366,-0.035003095865249634,0.45089271664619446,2,0.0
0.016821255907416344,7.913875776921486e-09,0.0011738704051822424,0.059275589883327484,0.0,0.0,1.0,1.0,1.0,600,96000,21,8,0.3093157708644867,3.3289836153756744,-0.005755117628723383,-0.007706173229962587,-0.004955675918608904,0.7706173229962587,1.0,0.42794036865234375,-0.04154539108276367,0.45031434297561646,0.44804513454437256,-0.03340601921081543,0.4503144323825836,2,0.0
0.07283201813697815,7.915868849295293e-09,0.0002593996759969741,0.07459790259599686,0.0,0.0,1.0,1.0,1.0,600,96000,22,8,-0.46249154210090637,4.2592833414183255,0.009568004868924618,-0.00958996918052435,0.006794973276555538,0.9589969180524349,1.0,0.4377325773239136,-0.04591166973114014,0.4620649814605713,0.4633680582046509,-0.035289913415908813,0.46206507086753845,2,0.0
0.04324328154325485,7.934262136188863e-09,0.07247862219810486,0.08206341415643692,0.0,0.0,1.0,1.0,1.0,600,96000,23,8,0.9274667501449585,0.5491681800842112,-0.007536496035754681,0.008148769848048687,-0.007028223946690559,0.8148769848048687,1.0,0.44291484355926514,-0.018813371658325195,0.4482418894767761,0.4462636709213257,-0.017551302909851074,0.44824185967445374,2,0.0
0.020154636353254318,8.464131678920239e-05,0.020177006721496582,0.040713537484407425,0.0,0.0,0.0,1.0,1.0,600,96000,25,8,0.67873215675354,1.1815058661443751,-0.006900739390403032,-0.0020056336652487516,-0.00211021164432168,0.6900739390403032,1.0,0.4397101402282715,-0.030460357666015625,0.4531598389148712,0.4468696117401123,-0.027717113494873047,0.4531598389148712,2,0.0
0.07250770181417465,7.913874000564647e-09,0.0004476750618778169,0.08098527789115906,0.0,0.0,1.0,1.0,1.0,600,96000,29,8,-0.5510409474372864,4.614465131090037,-0.004929141141474247,0.005140698980540037,0.009319664910435677,0.9319664910435677,1.0,0.42113494873046875,-0.03215217590332031,0.4645897150039673,0.4488711357116699,-0.020559310913085938,0.4645897448062897,2,0.0
7.436863234033808e-05,1.9962511998983246e-07,8.761019125813618e-05,0.014650256372988224,0.0,0.0,0.0,1.0,1.0,600,96000,30,8,0.7931527495384216,0.8343898361913621,0.005733453668653965,-0.009509321302175522,0.005091669037938118,0.9509321302175522,1.0,0.4544501304626465,-0.0371394157409668,0.4603617489337921,0.4595332145690918,-0.035208702087402344,0.4603617489337921,2,0.0
0.06325873732566833,0.00015531688404735178,0.0007027544779703021,0.07068362832069397,0.0,0.0,1.0,1.0,1.0,600,101632,15,9,-0.47567418217658997,4.018508501004798,-0.0017563073197379708,0.008474519476294518,0.00586513988673687,0.8474519476294518,1.0,0.42783573269844055,-0.027196407318115234,0.4611351490020752,0.45198941230773926,-0.017245769500732422,0.4611351788043976,2,0.0
0.05712801590561867,5.7492446359219684e-09,0.005789054557681084,0.06630069762468338,0.0,0.0,1.0,1.0,1.0,600,102272,24,9,-0.26650071144104004,3.467061865863006,0.0015467533376067877,0.006637399550527334,0.0005107982433401048,0.6637399550527334,1.0,0.43441855907440186,-0.02756476402282715,0.45578086376190186,0.455346941947937,-0.019062519073486328,0.45578089356422424,2,0.0
0.3613290786743164,7.913876665099906e-09,0.3613426983356476,0.43227270245552063,0.0,0.0,1.0,1.0,1.0,600,102560,28,9,1.0072978734970093,4.063990730687913,0.009747318923473358,-0.007351777516305447,-0.0012266738340258598,0.9747318923473358,1.0,0.4390697479248047,-0.043144822120666504,0.454043447971344,0.4635477066040039,-0.03305184841156006,0.4540434181690216,2,0.0
0.07077504694461823,0.006239786744117737,0.007899146527051926,0.07549342513084412,0.0,0.0,1.0,1.0,1.0,600,103296,2,9,-0.3359746038913727,4.230382249719063,0.0032230063807219267,0.0014528175815939903,0.0005474176141433418,0.32230063807219267,1.0,0.43155860900878906,-0.03479033708572388,0.45581740140914917,0.45484161376953125,-0.025065064430236816,0.45581743121147156,2,0.0
1.00362229347229,1.00362229347229,1.0175676345825195,0.06760258227586746,1.0,1.0,1.0,0.0,0.0,234,103488,3,9,33.623924255371094,3.0743451984943135,-0.0014215940609574318,0.003584248712286353,-0.0031282801646739244,0.3584248712286353,1.0,0.4337944984436035,-0.02959132194519043,0.45214176177978516,0.21733808517456055,-0.29372262954711914,0.4521417021751404,2,1.0
0.07128452509641647,7.940810675677312e-09,0.0004950210568495095,0.07221295684576035,0.0,0.0,1.0,1.0,1.0,600,103840,6,9,-0.35479697585105896,4.109135719780759,0.0057509406469762325,-0.0065194168128073215,0.0008335062302649021,0.6519416812807322,1.0,0.43480491638183594,-0.0424342155456543,0.4561035633087158,0.4595503807067871,-0.03221917152404785,0.4561035931110382,2,0.0
0.07923507690429688,7.913875776921486e-09,8.215903108066414e-06,0.08350809663534164,0.0,0.0,1.0,1.0,1.0,600,103872,26,9,-0.7312008738517761,4.784192343757091,0.0012626770185306668,0.0016820941818878055,-0.0073653170838952065,0.7365317083895206,1.0,0.42632508277893066,-0.03607964515686035,0.4479047656059265,0.4550631046295166,-0.024017810821533203,0.4479047954082489,2,0.0
0.04491535201668739,0.006264188326895237,0.011390547268092632,0.053570449352264404,0.0,0.0,1.0,1.0,1.0,600,104480,11,9,0.22499890625476837,2.7756439506167307,-0.004127216525375843,-0.007499173749238253,0.0053803217597305775,0.7499173749238253,1.0,0.4328768253326416,-0.03990483283996582,0.46065032482147217,0.4474830627441406,-0.03401994705200195,0.4606504440307617,2,0.0
0.41610607504844666,0.4145394265651703,0.4527628421783447,0.11990590393543243,0.36246390628534736,0.0,1.0,0.0,1.0,600,104608,5,9,9.83643627166748,4.680060560331547,-0.009413945488631725,0.009178239852190018,0.0004799668677151203,0.9413945488631725,1.0,0.4162616729736328,-0.028295516967773438,0.45575010776519775,0.31442737579345703,-0.0985260009765625,0.455750048160553,2,0.0
0.008737637661397457,0.008737637661397457,0.01007375679910183,0.013025693595409393,0.0,0.0,0.0,1.0,1.0,600,104608,19,9,1.0904420614242554,0.6697632273695728,-0.005465078167617321,-0.0037247613072395325,-0.0028752447105944157,0.5465078167617321,1.0,0.4442524313926697,-0.030968189239501953,0.4523948132991791,0.44528165459632874,-0.03057384490966797,0.45239484310150146,2,0.0
0.04538901150226593,2.934781150543131e-05,0.011327645741403103,0.06487417221069336,0.0,0.0,1.0,1.0,1.0,600,104800,18,9,-0.08337950706481934,3.0696720684415553,0.004348132759332657,0.009670456871390343,0.0085983881726861,0.9670456871390343,1.0,0.4395920932292938,-0.023492932319641113,0.4638683795928955,0.4581378102302551,-0.016033172607421875,0.4638684391975403,2,0.0
1.6558997231186368e-06,7.913876665099906e-09,9.285171472583897e-06,0.01214461401104927,0.0,0.0,0.0,1.0,1.0,600,104832,31,9,1.311330795288086,0.6953037059146306,-0.006812562234699726,-0.005092401523143053,0.0008729964029043913,0.6812562234699726,1.0,0.4427499771118164,-0.032395362854003906,0.45614317059516907,0.4469871520996094,-0.030792236328125,0.4561431109905243,2,0.0
0.3422175645828247,7.913870447850968e-09,0.3439275026321411,0.3953750431537628,0.0,0.0,1.0,1.0,1.0,600,111392,20,10,1.2690317630767822,2.9477273651040288,0.009864616207778454,-0.00443777721375227,0.008098004385828972,0.9864616207778454,1.0,0.44583797454833984,-0.03728628158569336,0.4633680582046509,0.4636648893356323,-0.03013753890991211,0.46336808800697327,2,0.10000000149011612
0.11935409158468246,0.008110934868454933,0.19246098399162292,0.2495110183954239,0.0,0.0,1.0,1.0,1.0,600,112256,27,10,0.2617480754852295,3.7334454333524385,0.0006970576359890401,0.009972781874239445,-0.006255985703319311,0.9972781874239445,1.0,0.43198275566101074,-0.024934977293014526,0.4490141272544861,0.451662540435791,-0.016793161630630493,0.4490140378475189,2,0.0
1.003015160560608,1.003015160560608,1.0034847259521484,0.04002710431814194,1.0,1.0,0.0,0.0,0.0,240,112288,5,10,34.245521545410156,2.2664738385597905,0.0071962452493608,0.006978582125157118,-0.006276157684624195,0.71962452493608,1.0,0.44725608825683594,-0.02413654327392578,0.4489939212799072,0.22600364685058594,-0.29010677337646484,0.44899386167526245,2,1.0
0.0329122319817543,7.913876665099906e-09,0.0002857564250007272,0.04008791223168373,0.0,0.0,0.0,1.0,1.0,600,115200,0,10,0.39300891757011414,2.2804962169258265,-0.003894727909937501,0.005859600380063057,0.007924322038888931,0.7924322038888931,1.0,0.4360809326171875,-0.02529001235961914,0.4631943106651306,0.4499049186706543,-0.019839763641357422,0.4631944000720978,2,0.0
0.06804162263870239,3.2203482192016963e-07,0.018960705026984215,0.09244207292795181,0.0,0.0,1.0,1.0,1.0,600,115200,1,10,-0.44065985083580017,4.210189649211567,0.003402914386242628,0.007755648344755173,-0.006863323971629143,0.7755648344755173,1.0,0.4318580627441406,-0.028432846069335938,0.44840675592422485,0.4572024345397949,-0.0179443359375,0.44840678572654724,2,0.0
0.03105352446436882,-1.2476789046367287e-10,0.013493018224835396,0.08870351314544678,0.0,0.0,1.0,1.0,1.0,600,115200,4,10,-0.4146934747695923,4.309239771894622,0.006447519641369581,0.003444070927798748,-0.000569741940125823,0.6447519641369581,1.0,0.43431615829467773,-0.03301358222961426,0.4547002911567688,0.4602470397949219,-0.022255897521972656,0.45470038056373596,2,0.0
0.05459640175104141,0.0035678779240697622,0.08108938485383987,0.09370597451925278,0.0,0.0,1.0,1.0,1.0,600,115200,7,10,0.7862771153450012,0.9273020200489563,0.004883091431111097,0.008870657533407211,-0.0004097275959793478,0.8870657533407211,1.0,0.4530353546142578,-0.018979012966156006,0.4548603296279907,0.45743417739868164,-0.017295390367507935,0.45486024022102356,2,0.0
0.04354564845561981,0.04354564845561981,0.05037304013967514,0.019053194671869278,0.03170748957786699,0.0,0.0,1.0,1.0,600,115200,8,10,1.626177191734314,0.7004872325252884,0.0032676374539732933,0.004199843853712082,0.008714064955711365,0.8714064955711365,1.0,0.45279836654663086,-0.02311563491821289,0.4639841318130493,0.4419546127319336,-0.027491092681884766,0.4639841318130493,2,0.0
0.016308609396219254,7.913877553278326e-09,0.011120685376226902,0.09505568444728851,0.0,0.0,1.0,1.0,1.0,600,115200,9,10,-0.5053027272224426,4.809121253567168,-0.0006706554559059441,-0.002614954486489296,0.007990739308297634,0.7990739308297634,1.0,0.42424440383911133,-0.04044532775878906,0.4632607698440552,0.4531288146972656,-0.028314828872680664,0.46326085925102234,2,0.0
0.38752058148384094,0.38658154010772705,0.43438658118247986,0.13034430146217346,0.3313954444935144,0.0,1.0,0.0,1.0,600,115200,10,10,9.165519714355469,4.729148703009605,-0.009257370606064796,-0.005405474454164505,0.006663976237177849,0.9257370606064796,1.0,0.41612958908081055,-0.0430150032043457,0.461933970451355,0.3221776485443115,-0.10594749450683594,0.46193405985832214,2,0.0
0.02825148031115532,7.913875776921486e-09,0.0011125580640509725,0.08556699752807617,0.0,0.0,1.0,1.0,1.0,600,115200,12,10,0.37186741828918457,4.8388855104227915,0.0069352202117443085,0.0016813426045700908,0.006459332071244717,0.6935220211744308,1.0,0.4316747188568115,-0.03623208403587341,0.46172940731048584,0.460735559463501,-0.02401861548423767,0.4617294371128082,2,0.0
6.878538442833815e-06,7.913872224207807e-09,1.4686474059999455e-05,0.03711298480629921,0.0,0.0,0.0,1.0,1.0,600,115200,13,10,0.7994300127029419,2.1255766409359476,-0.005916866939514875,-0.002172264503315091,0.0014600325375795364,0.5916866939514875,1.0,0.43499112129211426,-0.03293478488922119,0.45673006772994995,0.44788336753845215,-0.027872204780578613,0.4567301571369171,2,0.0
0.001306256279349327,7.247170863422525e-09,8.766420796746388e-05,0.0030801440589129925,0.0,0.0,0.0,1.0,1.0,600,115200,14,10,0.9911864399909973,0.17145691805372104,-0.0010723668383434415,0.0048517463728785515,0.008472294546663761,0.8472294546663761,1.0,0.45168089866638184,-0.02123880386352539,0.46374237537384033,0.4527280330657959,-0.02084827423095703,0.4637424051761627,2,0.0
0.02722064219415188,1.7514176775534906e-08,0.0487084724009037,0.07428637892007828,0.0,0.0,1.0,1.0,1.0,600,115200,16,10,0.6352237462997437,1.4655065192156806,-0.008199616335332394,0.007630520965903997,-0.007993637584149837,0.8199616335332394,1.0,0.43669164180755615,-0.02150869369506836,0.44727638363838196,0.4456004798412323,-0.01806950569152832,0.44727644324302673,2,0.0
0.0039057149551808834,7.913876665099906e-09,0.003926969598978758,0.01474795863032341,0.0,0.0,0.0,1.0,1.0,600,115200,17,10,1.2716962099075317,0.619997455220655,0.0021254231687635183,-0.00510375015437603,0.008886078372597694,0.8886078372597694,1.0,0.4521458148956299,-0.03223070502281189,0.4641561806201935,0.4559255540370941,-0.030803710222244263,0.4641561806201935,2,0.0
0.04145081341266632,0.00021941671730019152,0.09473209083080292,0.15605038404464722,0.0,0.0,1.0,1.0,1.0,600,115200,21,10,-0.1540660262107849,3.5258514384834214,-0.0020757652819156647,0.008050700649619102,0.0003264352271798998,0.8050700649619102,1.0,0.43044567108154297,-0.026306629180908203,0.4555964469909668,0.45164740085601807,-0.01767754554748535,0.45559653639793396,2,0.0
0.022031374275684357,0.009466650895774364,0.00966513529419899,0.023916613310575485,0.0,0.0,0.0,1.0,1.0,600,115200,22,10,1.025141954421997,1.3589488446960174,-0.007949654944241047,0.006302057299762964,-0.008001494221389294,0.8001494221389294,1.0,0.4375864267349243,-0.022579491138458252,0.447268545627594,0.4425429105758667,-0.020644187927246094,0.4472685754299164,2,0.0
0.00864338781684637,7.913870447850968e-09,0.008652686141431332,0.023620612919330597,0.0,0.0,0.0,1.0,1.0,600,115200,23,10,1.5473248958587646,0.8575996194038589,0.003671814687550068,-0.004345395136624575,-0.002597927814349532,0.43453951366245747,1.0,0.45224761962890625,-0.032030344009399414,0.4526720941066742,0.45747196674346924,-0.030045390129089355,0.45267215371131897,2,0.0
0.025005914270877838,8.55379855835281e-09,0.02501319907605648,0.05709325522184372,0.0,0.0,1.0,1.0,1.0,600,115200,25,10,0.4390922784805298,1.8380536379653254,0.0044963164255023,-0.0017083270940929651,0.002395272022113204,0.44963164255023,1.0,0.44713711738586426,-0.03175830841064453,0.45766526460647583,0.458296537399292,-0.027408123016357422,0.457665354013443,2,0.0
0.01601213589310646,7.913875776921486e-09,0.0002759439230430871,0.05796393007040024,0.0,0.0,1.0,1.0,1.0,600,115200,29,10,0.16718047857284546,3.305279016974322,-0.004100706893950701,0.005326475948095322,-0.006381401792168617,0.6381401792168617,1.0,0.4297358989715576,-0.02845144271850586,0.4488886594772339,0.44969964027404785,-0.020373821258544922,0.4488886892795563,2,0.0
0.029274430125951767,7.913871336029388e-09,0.002575440565124154,0.0886337086558342,0.0,0.0,1.0,1.0,1.0,600,115200,30,10,-0.2684285044670105,4.93077716796885,-0.00034837733255699277,-0.002838725224137306,0.0009672985761426389,0.2838725224137306,1.0,0.42385005950927734,-0.04100751876831055,0.45623743534088135,0.45345115661621094,-0.028538227081298828,0.45623740553855896,2,0.0
0.03598302975296974,0.001378474640659988,0.004163382109254599,0.04186832532286644,0.0,0.0,0.0,1.0,1.0,600,120832,15,11,0.28333884477615356,2.2393146585422925,-0.003983191680163145,0.009524252265691757,-0.001304982928559184,0.9524252265691757,1.0,0.43624043464660645,-0.02152252197265625,0.45396506786346436,0.4493344724178314,-0.016355037689208984,0.45396506786346436,2,0.0
0.01789127290248871,7.913876665099906e-09,0.017897192388772964,0.08424829691648483,0.0,0.0,1.0,1.0,1.0,600,121472,24,11,-0.17571406066417694,3.801638895799492,-0.0030873159412294626,-0.004148462321609259,0.007805816829204559,0.7805816829204559,1.0,0.4277925491333008,-0.03923773765563965,0.46307581663131714,0.45071280002593994,-0.029848337173461914,0.4630759060382843,2,0.0
0.0001936798944370821,7.913876665099906e-09,0.0002081555430777371,0.018401557579636574,0.0,0.0,0.0,1.0,1.0,600,121760,28,11,1.0880755186080933,1.0424057553241863,0.0017107042949646711,0.006345328874886036,0.007532182615250349,0.7532182615250349,1.0,0.44916534423828125,-0.02177739143371582,0.4628022313117981,0.45551109313964844,-0.019354701042175293,0.4628022611141205,2,0.0
1.0023349523544312,1.0023349523544312,1.0045521259307861,0.004794021137058735,1.0,1.0,0.0,0.0,0.0,222,122304,22,11,34.01871871948242,0.147645104358698,0.0006973312119953334,-0.0023412909358739853,0.00684259831905365,0.684259831905365,1.0,0.4535958766937256,-0.02837735414505005,0.4621126353740692,0.21955788135528564,-0.29917848110198975,0.46211254596710205,2,1.0
0.05333327502012253,7.913868671494129e-09,8.433057701040525e-06,0.05714040249586105,0.0,0.0,1.0,1.0,1.0,600,122496,2,11,-0.13764673471450806,3.273421520581502,-0.003451794618740678,0.0015486779157072306,-0.0029011692386120558,0.3451794618740678,1.0,0.430574893951416,-0.03214535117149353,0.4523688554763794,0.450347900390625,-0.02415129542350769,0.45236894488334656,2,0.0
0.07656880468130112,-3.7847408540514493e-10,0.0007721036090515554,0.08167142421007156,0.0,0.0,1.0,1.0,1.0,600,122688,3,11,-0.6375737190246582,4.635189205692324,0.0008056194637902081,0.0013006532099097967,0.005319860298186541,0.5319860298186541,1.0,0.4267463684082031,-0.0360492467880249,0.4605898857116699,0.4546051025390625,-0.024399399757385254,0.4605899751186371,2,0.0
0.020274126902222633,2.309451332394019e-07,0.025676054880023003,0.03276235610246658,0.0,0.0,0.0,1.0,1.0,600,123040,6,11,0.9435851573944092,0.40602833253507714,0.0032291323877871037,-0.005845649633556604,0.008226264268159866,0.8226264268159866,1.0,0.45455217361450195,-0.03247547149658203,0.46349629759788513,0.457028865814209,-0.031545400619506836,0.4634963572025299,2,0.0
0.0017296136356890202,7.913876665099906e-09,1.3551767551689409e-05,0.05209285393357277,0.0,0.0,1.0,1.0,1.0,600,123072,26,11,0.17168232798576355,2.983925019827569,-0.005751496180891991,-0.007967696525156498,0.0025812070816755295,0.7967696525156498,1.0,0.4300053119659424,-0.0409088134765625,0.4578512907028198,0.44804883003234863,-0.033667564392089844,0.4578513205051422,2,0.0
0.006646779365837574,-1.0729928751063156e-10,0.006662427447736263,0.041537247598171234,0.0,0.0,0.0,1.0,1.0,600,123680,11,11,0.861156702041626,1.9981810197539276,-0.007155205588787794,0.006600381340831518,0.006255270913243294,0.7155205588787794,1.0,0.43452024459838867,-0.023845195770263672,0.4615252614021301,0.44664502143859863,-0.01909947395324707,0.4615253508090973,2,0.0
0.050531260669231415,7.913867783315709e-09,9.167478310700972e-06,0.05389919504523277,0.0,0.0,1.0,1.0,1.0,600,123808,19,11,-0.10178131610155106,3.087671537895243,-0.00266432692296803,0.0007726307376287878,-0.007679039146751165,0.7679039146751165,1.0,0.4324720799922943,-0.032438039779663086,0.4475909471511841,0.4511357843875885,-0.024927616119384766,0.44759103655815125,2,0.0
0.0215703584253788,7.91386689513729e-09,0.001323810196481645,0.046144455671310425,0.0,0.0,0.0,1.0,1.0,600,124000,18,11,0.5615237951278687,2.568034587822081,0.005356470122933388,-0.0005053156055510044,-0.004683606326580048,0.5356470122933388,1.0,0.44360509514808655,-0.032381415367126465,0.4505864381790161,0.4591566026210785,-0.02620542049407959,0.4505864679813385,2,0.0
0.07167024165391922,7.913876665099906e-09,0.044307731091976166,0.11416632682085037,0.0,0.0,1.0,1.0,1.0,600,124032,31,11,-0.13974407315254211,4.0026026979751315,-0.007547636982053518,-0.002832286525517702,0.004478309769183397,0.7547636982053518,1.0,0.42213869094848633,-0.03846001625061035,0.4597483277320862,0.44625186920166016,-0.028532028198242188,0.45974841713905334,2,0.0
1.0049073696136475,1.0049073696136475,1.0057369470596313,0.03441796079277992,1.0,1.0,0.0,0.0,0.0,252,128896,15,11,34.63271713256836,1.924473033325735,-0.0019470935221761465,0.007740549743175507,-0.0065856873989105225,0.7740549743175507,1.0,0.44017261266708374,-0.022522449493408203,0.44868433475494385,0.21671181917190552,-0.2900352478027344,0.4486843943595886,2,1.0
0.022772883996367455,0.011902019381523132,0.017653347924351692,0.03141692653298378,0.0,0.0,0.0,1.0,1.0,600,130592,20,12,0.7942643761634827,1.4705304435153423,-0.009533180855214596,-0.0038824237417429686,0.0021699313074350357,0.9533180855214596,1.0,0.4353276491165161,-0.03303384780883789,0.4574398994445801,0.440110445022583,-0.031154632568359375,0.457440048456192,2,0.0
0.035685956478118896,1.1972508673352422e-06,0.0002679165918380022,0.03862638399004936,0.0,0.0,0.0,1.0,1.0,600,131456,27,12,0.30924540758132935,2.1978464456570292,-0.006804921198636293,-0.005723901093006134,0.0011511336779221892,0.6804921198636293,1.0,0.4336683750152588,-0.03666701912879944,0.4564211964607239,0.4469950199127197,-0.03142404556274414,0.45642122626304626,2,0.0
0.063471719622612,7.913875776921486e-09,0.05764882639050484,0.12298706918954849,0.0,0.0,1.0,1.0,1.0,600,131488,5,12,0.018887728452682495,3.7436061935164786,-0.0029242399614304304,0.002233007689937949,-0.005411175545305014,0.5411175545305014,1.0,0.4283013343811035,-0.03270149230957031,0.4498588442802429,0.45087528228759766,-0.02346658706665039,0.4498589336872101,2,0.0
0.05344836041331291,1.3894739581132853e-08,0.09030646830797195,0.1005067378282547,0.0,0.0,1.0,1.0,1.0,600,134400,0,12,0.9147470593452454,0.5844343143988382,-0.007877676747739315,0.007263264153152704,0.0004187432932667434,0.7877676747739315,1.0,0.44235944747924805,-0.019780635833740234,0.45568886399269104,0.4459218978881836,-0.018436431884765625,0.45568886399269104,2,0.0
0.06813572347164154,0.0027887115720659494,0.004173015244305134,0.07332553714513779,0.0,0.0,1.0,1.0,1.0,600,134400,1,12,-0.30636346340179443,4.1219290909830155,-0.0020218670833855867,-0.004270677920430899,-0.002353700576350093,0.42706779204308987,1.0,0.4269566535949707,-0.040220022201538086,0.45291638374328613,0.4508028030395508,-0.0303347110748291,0.45291632413864136,2,0.0
0.03523777052760124,7.913875776921486e-09,3.201538731900655e-07,0.08157480508089066,0.0,0.0,1.0,1.0,1.0,600,134400,4,12,-0.2831655442714691,4.673874116490808,0.00518582621589303,-0.0034172378946095705,-0.0003506294742692262,0.518582621589303,1.0,0.43089866638183594,-0.04087400436401367,0.45491939783096313,0.4589853286743164,-0.029117107391357422,0.4549194872379303,2,0.0
0.06905977427959442,7.913869559672548e-09,0.00010035566810984164,0.0749681368470192,0.0,0.0,1.0,1.0,1.0,600,134400,7,12,-0.09562233835458755,4.289608527559536,-0.0016826734645292163,-8.543719013687223e-05,0.006814486812800169,0.6814486812800169,1.0,0.4263019561767578,-0.036489516496658325,0.4620845317840576,0.4521169662475586,-0.025785386562347412,0.46208456158638,2,0.0
9.490971569903195e-05,7.913876665099906e-09,0.00010896633466472849,0.02356022410094738,0.0,0.0,0.0,1.0,1.0,600,134400,8,12,1.3980083465576172,1.3436586124652976,0.0005019372329115868,-0.009155072271823883,-0.009187305346131325,0.9187305346131325,1.0,0.44613027572631836,-0.037999629974365234,0.4460826814174652,0.4543013572692871,-0.034855008125305176,0.44608280062675476,2,0.0
0.0240577831864357,5.613861375763918e-09,0.037887148559093475,0.04429834708571434,0.0,0.0,0.0,1.0,1.0,600,134400,9,12,1.0519959926605225,0.3673346171958673,0.00038310475065372884,-0.0063941217958927155,-0.009279862977564335,0.9279862977564335,1.0,0.45194149017333984,-0.03293466567993164,0.4459901452064514,0.45418262481689453,-0.03209400177001953,0.4459902346134186,2,0.0
0.060343313962221146,7.913870447850968e-09,1.0528513485041913e-05,0.06532806903123856,0.0,0.0,1.0,1.0,1.0,600,134400,10,12,-0.3994561731815338,3.7424211556954816,-0.0027837129309773445,0.007399521768093109,0.0024579032324254513,0.7399521768093109,1.0,0.4284489154815674,-0.027532100677490234,0.45772796869277954,0.4510166645050049,-0.01830005645751953,0.45772799849510193,2,0.0
0.04661744087934494,6.627318693830375e-09,0.046780992299318314,0.08104580640792847,0.0,0.0,1.0,1.0,1.0,600,134400,12,12,0.39816009998321533,1.9632324358748532,-0.0012988048838451505,-0.0014169764472171664,-0.00917034037411213,0.9170340374112129,1.0,0.44058728218078613,-0.031775861978530884,0.4460996985435486,0.4525015354156494,-0.02711692452430725,0.44609972834587097,2,0.0
0.32353365421295166,0.32353365421295166,0.3791085183620453,0.14187929034233093,0.2596370550766025,0.0,1.0,0.0,1.0,600,134400,13,12,7.918715476989746,4.944879374170811,-0.008005292154848576,0.005496006924659014,0.009182735346257687,0.9182735346257687,1.0,0.4161098003387451,-0.03271198272705078,0.4644528031349182,0.34126782417297363,-0.07969200611114502,0.4644527733325958,2,0.0
0.0006921945023350418,4.3687911066569995e-09,0.0008194815018214285,0.03540939837694168,0.0,0.0,0.0,1.0,1.0,600,134400,14,12,0.32167303562164307,1.9818560138639507,0.009951508603990078,0.0031218177173286676,0.0013838582672178745,0.9951508603990078,1.0,0.4517252445220947,-0.027283191680908203,0.456653892993927,0.46375179290771484,-0.02257823944091797,0.45665398240089417,2,0.0
0.08391568809747696,2.4860385750002933e-08,1.0131136605195934e-06,0.08523979783058167,0.0,0.0,1.0,1.0,1.0,600,134400,16,12,-0.7110235095024109,4.883823886293245,0.006382266525179148,-0.0037110040429979563,0.0035158670507371426,0.6382266525179148,1.0,0.43085697293281555,-0.041749000549316406,0.4587859511375427,0.46018239855766296,-0.029410839080810547,0.4587859809398651,2,0.0
0.18442529439926147,7.913875776921486e-09,0.1310899257659912,0.21723288297653198,0.0,0.0,1.0,1.0,1.0,600,134400,17,12,-0.4487784206867218,4.93562660227956,-0.0002009160234592855,0.0016861575422808528,-0.0052543156780302525,0.5254315678030252,1.0,0.42396846413612366,-0.03649619221687317,0.45001572370529175,0.4535991847515106,-0.024013787508010864,0.45001575350761414,2,0.0
0.02233991026878357,0.021966082975268364,0.023791760206222534,0.012099658139050007,0.011813473468041482,0.0,0.0,1.0,1.0,600,134400,21,12,1.367340087890625,0.5886557448318763,2.0207073248457164e-05,-0.005244532600045204,-0.006190175656229258,0.6190175656229258,1.0,0.45023131370544434,-0.03229856491088867,0.44907984137535095,0.44616401195526123,-0.033884286880493164,0.44907984137535095,2,0.0
0.2976265847682953,7.913868671494129e-09,0.29799747467041016,0.33449211716651917,0.0,0.0,1.0,1.0,1.0,600,134400,23,12,1.573258638381958,2.0909909108565303,0.00033349209115840495,-0.005739198997616768,0.0017884380649775267,0.5739198997616768,1.0,0.4414496421813965,-0.036415696144104004,0.45705848932266235,0.45413362979888916,-0.03143918514251709,0.45705851912498474,2,0.13432836532592773
0.008400081656873226,5.466759830596857e-05,0.00042800744995474815,0.008725633844733238,0.0,0.0,0.0,1.0,1.0,600,134400,25,12,0.9847225546836853,0.4785512277814196,-0.007132297847419977,-0.0095203323289752,0.0019368466455489397,0.9520332328975201,1.0,0.44374895095825195,-0.036318302154541016,0.4572070240974426,0.44664883613586426,-0.03522777557373047,0.45720693469047546,2,0.0
0.0234181210398674,2.541609137551859e-05,0.025748400017619133,0.0472245067358017,0.0,0.0,0.0,1.0,1.0,600,134400,29,12,0.7072087526321411,1.2319463862780962,-0.005619103088974953,-0.005140963941812515,0.00423181988298893,0.5619103088974953,1.0,0.4406859874725342,-0.033716678619384766,0.45950180292129517,0.44817209243774414,-0.03084397315979004,0.45950186252593994,2,0.0
5.535009222512599e-06,7.913876665099906e-09,1.3773824321106076e-05,0.0450061671435833,0.0,0.0,0.0,1.0,1.0,600,134400,30,12,0.5307763814926147,2.5778753963121885,0.008100670762360096,-0.007009054068475962,-0.009977682493627071,0.9977682493627071,1.0,0.4462900161743164,-0.038909912109375,0.4452924132347107,0.4619002342224121,-0.03270864486694336,0.4452924430370331,2,0.0
0.016161927953362465,7.913875776921486e-09,0.006426543463021517,0.05852888524532318,0.0,0.0,1.0,1.0,1.0,600,140672,24,13,0.3569350242614746,2.985244953884674,-0.0006801244453527033,9.781520930118859e-06,-0.001949082943610847,0.1949082943610847,1.0,0.4350689649581909,-0.032935142517089844,0.45332103967666626,0.4531201124191284,-0.025690078735351562,0.45332100987434387,2,0.0
0.001564224250614643,7.913876665099906e-09,1.8111319150193594e-05,0.06262359023094177,0.0,0.0,1.0,1.0,1.0,600,140960,28,13,0.2602893114089966,3.5870305100962834,-0.004120081663131714,0.002316662110388279,0.007041402161121368,0.7041402161121368,1.0,0.428037166595459,-0.03220224380493164,0.46231144666671753,0.4496800899505615,-0.023383259773254395,0.4623114764690399,2,0.0
0.015765750780701637,1.11345621611747e-09,4.818396337213926e-05,0.054377734661102295,0.0,0.0,1.0,1.0,1.0,600,141504,22,13,0.07184354215860367,3.112853591591434,0.002232388826087117,-0.00931111816316843,-0.0009537918376736343,0.931111816316843,1.0,0.4372183084487915,-0.04258689284324646,0.45431625843048096,0.4560326337814331,-0.035011082887649536,0.45431628823280334,2,0.0
0.19874125719070435,7.913874888743067e-09,0.19908952713012695,0.24297559261322021,0.0,0.0,1.0,1.0,1.0,600,141696,2,13,1.3275835514068604,2.5144854778423578,0.0034377865958958864,-0.00789771880954504,-0.009113459847867489,0.9113459847867489,1.0,0.44200754165649414,-0.039638012647628784,0.4461566209793091,0.45723724365234375,-0.0335976779460907,0.44615665078163147,2,0.02380952425301075
0.24281616508960724,7.913876665099906e-09,0.2443372756242752,0.2988438904285431,0.0,0.0,1.0,1.0,1.0,600,141888,3,13,1.1741515398025513,3.12299471496161,-0.002715136157348752,0.0028515278827399015,0.0013277636608108878,0.28515278827399015,1.0,0.43220996856689453,-0.03045046329498291,0.45659786462783813,0.45108461380004883,-0.02284848690032959,0.45659783482551575,2,0.020408162847161293
0.10141214728355408,0.015094398520886898,0.11978766322135925,0.15009154379367828,0.0,0.0,1.0,1.0,1.0,600,142240,6,13,0.4241751432418823,2.6011304828887893,0.0011341238860040903,0.009948737919330597,-0.004452551249414682,0.9948737919330597,1.0,0.43918371200561523,-0.022011518478393555,0.4508174657821655,0.44966602325439453,-0.01775336265563965,0.45081740617752075,2,0.0
0.06972650438547134,1.6260830761893885e-06,0.023216690868139267,0.09532010555267334,0.0,0.0,1.0,1.0,1.0,600,142272,26,13,-0.335043728351593,4.131314197789436,0.0015223617665469646,-0.0008824851829558611,-0.00023319142928812653,0.15223617665469646,1.0,0.43044567108154297,-0.03685712814331055,0.45503681898117065,0.455322265625,-0.02658247947692871,0.4550369083881378,2,0.0
1.004058837890625,1.004058837890625,1.0057324171066284,0.003595966612920165,1.0,1.0,0.0,0.0,0.0,256,142592,21,13,35.16676330566406,0.1101445577004446,-0.0011131572537124157,-0.0026111321058124304,-0.0021270900033414364,0.26111321058124304,1.0,0.4520142078399658,-0.02856135368347168,0.45314300060272217,0.21761202812194824,-0.3000774383544922,0.4531429409980774,2,1.0
0.08816205710172653,7.913875776921486e-09,0.04084288328886032,0.12755589187145233,0.0,0.0,1.0,1.0,1.0,600,142880,11,13,-0.6853805184364319,4.968289420664207,-0.001751207746565342,0.0016703213332220912,-0.003612109925597906,0.3612109925597906,1.0,0.4222259521484375,-0.03660321235656738,0.4516579508781433,0.45204901695251465,-0.02402949333190918,0.4516579806804657,2,0.0
0.2151861935853958,7.913875776921486e-09,0.21627670526504517,0.2468661665916443,0.0,0.0,1.0,1.0,1.0,600,143008,19,13,1.54935884475708,1.7526471383144877,-0.006832739803940058,-0.00807205867022276,-0.005636642221361399,0.8072058670222759,1.0,0.43632352352142334,-0.03791165351867676,0.4496333599090576,0.44696739315986633,-0.03377199172973633,0.4496334493160248,2,0.5769230723381042
0.022596362978219986,7.913875776921486e-09,0.00027518317801877856,0.0515156015753746,0.0,0.0,1.0,1.0,1.0,600,143200,18,13,0.3684888482093811,2.935860124864543,-0.001104911556467414,-0.009423100389540195,-0.005413012113422155,0.9423100389540195,1.0,0.43493953347206116,-0.04224061965942383,0.4498569965362549,0.45269522070884705,-0.035123229026794434,0.44985708594322205,2,0.0
0.00037872418761253357,7.913875776921486e-09,0.000623354921117425,0.061275627464056015,0.0,0.0,1.0,1.0,1.0,600,143232,31,13,0.08749116212129593,3.4751191412060938,-0.009389515966176987,0.0075971768237650394,0.004602902568876743,0.9389515966176987,1.0,0.4234342575073242,-0.0266263484954834,0.4598729610443115,0.4444103240966797,-0.018102645874023438,0.4598729908466339,2,0.0
0.026984218508005142,3.588074105209671e-05,0.0003879644791595638,0.03046361170709133,0.0,0.0,0.0,1.0,1.0,600,148096,15,13,0.5062664747238159,1.7252628822194966,-0.004288287367671728,-0.0040682051330804825,0.004719380754977465,0.47193807549774647,1.0,0.4390332102775574,-0.03384113311767578,0.45998942852020264,0.4494991600513458,-0.02977275848388672,0.45998939871788025,2,0.0
0.021293558180332184,0.00012159469042671844,0.0022569231223315,0.025139905512332916,0.0,0.0,0.0,1.0,1.0,600,149792,20,13,0.6775821447372437,1.3180651465933193,-0.006778278388082981,-0.0068202270194888115,0.001290897955186665,0.6820227019488811,1.0,0.43900513648986816,-0.03560304641723633,0.4565609097480774,0.4469790458679199,-0.03253602981567383,0.4565609395503998,2,0.0
0.035111311823129654,8.02259503274172e-09,0.00026480999076738954,0.03558366745710373,0.0,0.0,0.0,1.0,1.0,600,150656,27,14,0.38260793685913086,2.0236236878556366,0.003637670772150159,-0.005279217381030321,-0.0031393973622471094,0.5279217381030321,1.0,0.4451601505279541,-0.03578779101371765,0.45213061571121216,0.45743799209594727,-0.030979186296463013,0.4521307051181793,2,0.0
0.06341424584388733,-1.282560169180158e-10,0.023360271006822586,0.08406713604927063,0.0,0.0,1.0,1.0,1.0,600,150688,5,14,-0.2009740173816681,3.4782439527513747,-0.005799137055873871,0.0026311648543924093,-0.0019966938998550177,0.5799137055873871,1.0,0.42700624465942383,-0.031599998474121094,0.45327335596084595,0.448000431060791,-0.02306842803955078,0.45327338576316833,2,0.0
1.0053679943084717,1.0053679943084717,1.0054062604904175,0.024466868489980698,1.0,1.0,0.0,0.0,0.0,260,151200,11,14,34.851104736328125,1.3996548511585893,0.00521645974367857,0.00596538046374917,0.004580256529152393,0.596538046374917,1.0,0.45050644874572754,-0.023014307022094727,0.45985034108161926,0.22383975982666016,-0.2919793128967285,0.4598503112792969,2,1.0
0.028163254261016846,7.850853300794824e-09,0.0018062693998217583,0.028439179062843323,0.0,0.0,0.0,1.0,1.0,600,153600,0,14,0.5739306807518005,1.5259532664834703,0.004688762594014406,-0.009055543690919876,0.004292765166610479,0.9055543690919876,1.0,0.44921445846557617,-0.038341522216796875,0.4595627188682556,0.45848846435546875,-0.03475522994995117,0.45956286787986755,2,0.0
0.0560760535299778,4.251025131907227e-08,0.07259027659893036,0.08137185871601105,0.0,0.0,1.0,1.0,1.0,600,153600,1,14,0.9280809164047241,0.5031503675206321,-0.0021763427648693323,0.007533330004662275,-0.0028598878998309374,0.7533330004662275,1.0,0.44855546951293945,-0.019321918487548828,0.45241019129753113,0.45162343978881836,-0.018166542053222656,0.45241019129753113,2,0.0
2.3929803774080938e-06,7.913868671494129e-09,1.1378344424883835e-05,0.030747009441256523,0.0,0.0,0.0,1.0,1.0,600,153600,4,14,0.8622504472732544,1.7610228712276275,0.009383641183376312,-0.0006664635729975998,0.00856077391654253,0.9383641183376312,1.0,0.45248937606811523,-0.030526399612426758,0.463830828666687,0.4631834030151367,-0.026366233825683594,0.4638308584690094,2,0.0
0.010044892318546772,0.010044892318546772,0.013597633689641953,0.009412097744643688,0.004210204103846561,0.0,0.0,1.0,1.0,600,153600,7,14,1.2173163890838623,0.3357164442282618,-0.006356042809784412,-0.006034747697412968,0.005833245348185301,0.6356042809784412,1.0,0.44539499282836914,-0.03250229358673096,0.461103230714798,0.44393444061279297,-0.033058106899261475,0.4611033499240875,2,0.0
4.741803820706991e-07,7.913869559672548e-09,9.410498023498803e-06,0.017370425164699554,0.0,0.0,0.0,1.0,1.0,600,153600,8,14,1.0997672080993652,0.9947133191143376,-0.006881881505250931,0.008713616989552975,0.0015785017749294639,0.8713616989552975,1.0,0.44086170196533203,-0.019295692443847656,0.45684853196144104,0.4469175338745117,-0.01698625087738037,0.4568485915660858,2,0.0
0.33532091975212097,0.33353033661842346,0.4508878290653229,0.19733159244060516,0.27559685810739787,0.0,1.0,0.0,1.0,600,153600,9,14,8.172199249267578,4.582177546222916,-0.009724528528749943,-0.0010373202385380864,0.002756243571639061,0.9724528528749943,1.0,0.41653013229370117,-0.03824138641357422,0.45802628993988037,0.3366560935974121,-0.08858418464660645,0.458026260137558,2,0.0
0.05059238150715828,7.913877553278326e-09,0.005295754410326481,0.059562798589468,0.0,0.0,1.0,1.0,1.0,600,153600,10,14,0.08769430220127106,3.1092728649190544,-0.002819879213348031,0.00860707275569439,-0.0034776804968714714,0.8607072755694389,1.0,0.4321873188018799,-0.024659156799316406,0.4517923593521118,0.45098042488098145,-0.017092227935791016,0.4517923891544342,2,0.0
0.05962197482585907,7.773019561341243e-09,0.01914256438612938,0.08025431632995605,0.0,0.0,1.0,1.0,1.0,600,153600,12,14,-0.0727776363492012,3.501445678475085,-0.0020429156720638275,-0.009797416627407074,-0.0006692272145301104,0.9797416627407074,1.0,0.43062400817871094,-0.0440903902053833,0.4546007513999939,0.45175743103027344,-0.03549736738204956,0.45460084080696106,2,0.0
0.06585729122161865,7.913869559672548e-09,8.00873021944426e-06,0.06951160728931427,0.0,0.0,1.0,1.0,1.0,600,153600,13,14,-0.4040397107601166,3.9822632484004794,-0.005475094076246023,0.002002216409891844,-0.001693045487627387,0.5475094076246023,1.0,0.4243321418762207,-0.03357076644897461,0.45357704162597656,0.44832515716552734,-0.023697733879089355,0.45357707142829895,2,0.0
0.053215235471725464,0.017279373481869698,0.04260589927434921,0.07489124685525894,0.0,0.0,1.0,1.0,1.0,600,153600,14,14,0.26651445031166077,2.8398487960319083,-0.0014637974090874195,0.007715687621384859,-0.007150858640670776,0.7715687621384859,1.0,0.43515539169311523,-0.02485489845275879,0.4481191635131836,0.4463081359863281,-0.020282506942749023,0.4481191635131836,2,0.0
0.007065494079142809,7.913876665099906e-09,4.641792838810943e-05,0.06753072142601013,0.0,0.0,1.0,1.0,1.0,600,153600,16,14,0.1677045375108719,3.8665683815969256,-0.0034547289833426476,0.008277861401438713,0.005068870726972818,0.8277861401438713,1.0,0.42703962326049805,-0.02698516845703125,0.46033889055252075,0.45034536719322205,-0.017421960830688477,0.4603389799594879,2,0.0
0.3562299311161041,0.3562299311161041,0.4687776565551758,0.19971366226673126,0.2947567360697563,0.0,1.0,0.0,1.0,600,153600,17,14,8.398221015930176,4.99424072441567,-0.004518242087215185,-0.005148827563971281,0.003987638279795647,0.5148827563971281,1.0,0.41930583119392395,-0.04349488019943237,0.45925766229629517,0.3353832960128784,-0.0981588363647461,0.45925769209861755,2,0.0
0.0424514003098011,1.1918518616482743e-08,0.0034808292984962463,0.04804300516843796,0.0,0.0,0.0,1.0,1.0,600,153600,23,14,0.20774061977863312,2.5532256704844354,0.00034055739524774253,-0.0008522443822585046,-0.008766883052885532,0.8766883052885532,1.0,0.43867814540863037,-0.03269088268280029,0.4465031623840332,0.4541407823562622,-0.026552319526672363,0.4465031921863556,2,0.0
0.018662890419363976,7.662600332025704e-09,0.01875792071223259,0.04207963868975639,0.0,0.0,0.0,1.0,1.0,600,153600,25,14,0.5647978782653809,1.3362361178281978,0.00549734104424715,-0.0008259859750978649,-0.0012350673787295818,0.549734104424715,1.0,0.4511711597442627,-0.029653072357177734,0.4540350139141083,0.45929765701293945,-0.026525497436523438,0.4540350139141083,2,0.0
0.004842910449951887,7.913875776921486e-09,0.002502099145203829,0.06142411381006241,0.0,0.0,1.0,1.0,1.0,600,153600,29,14,0.16261135041713715,3.3759830008281786,-0.006398455239832401,0.002672686008736491,0.0010414168937131763,0.6398455239832401,1.0,0.4270162582397461,-0.031290292739868164,0.4563114643096924,0.447401762008667,-0.023027420043945312,0.45631149411201477,2,0.0
0.062158744782209396,0.01557982712984085,0.0781346932053566,0.0652851089835167,0.012884768054547592,0.0,1.0,1.0,1.0,600,153600,30,14,1.3454813957214355,0.15643108884907478,-0.009493691846728325,0.005107413046061993,-0.005495390854775906,0.9493691846728325,1.0,0.44335079193115234,-0.02094888687133789,0.4497746527194977,0.43886852264404297,-0.022659778594970703,0.4497745633125305,2,0.0
0.07367675006389618,7.913875776921486e-09,0.04641969874501228,0.13103175163269043,0.0,0.0,1.0,1.0,1.0,600,159872,24,14,-0.5993984937667847,4.847915447392372,0.00020581722492352128,-0.005550605244934559,-0.006094002164900303,0.6094002164900303,1.0,0.4248920679092407,-0.043488502502441406,0.4491760730743408,0.4540060758590698,-0.0312504768371582,0.4491761028766632,2,0.0
0.0001566520513733849,7.913876665099906e-09,1.3771470548817888e-05,0.05302779749035835,0.0,0.0,1.0,1.0,1.0,600,160160,28,15,0.14628897607326508,3.0374803196662272,-0.0053438832983374596,-0.0064445845782756805,0.004156120121479034,0.644458457827568,1.0,0.43009305000305176,-0.03952455520629883,0.4594261646270752,0.4484565258026123,-0.03214466571807861,0.4594261944293976,2,0.0
0.022300105541944504,7.526815011260624e-07,0.023654961958527565,0.06568136811256409,0.0,0.0,1.0,1.0,1.0,600,160704,22,15,0.2705535292625427,2.407980844010468,0.004788462538272142,-0.0006367024034261703,-0.009650038555264473,0.9650038555264473,1.0,0.4439983367919922,-0.03210759162902832,0.44561994075775146,0.4585883617401123,-0.026336729526519775,0.44562003016471863,2,0.0
0.053261637687683105,0.0007570379530079663,0.004794733133167028,0.06045413762331009,0.0,0.0,1.0,1.0,1.0,600,160896,2,15,-0.0671544075012207,3.2324245907489693,0.007625518832355738,0.0022916868329048157,0.004799938760697842,0.7625518832355738,1.0,0.441896915435791,-0.0312952995300293,0.4600699543952942,0.46116065979003906,-0.02350667119026184,0.46007001399993896,2,0.0
0.009456043131649494,7.913875776921486e-09,0.00010860738984774798,0.057170819491147995,0.0,0.0,1.0,1.0,1.0,600,161088,3,15,-0.004220546223223209,3.2694237254829286,0.00043227343121543527,-0.008004465140402317,0.007614335976541042,0.8004465140402317,1.0,0.43448305130004883,-0.04168808460235596,0.4628843069076538,0.45423173904418945,-0.033704400062561035,0.46288445591926575,2,0.0
0.028681199997663498,7.308489671231655e-07,0.03189503028988838,0.040711358189582825,0.0,0.0,0.0,1.0,1.0,600,161440,6,15,0.8818817138671875,0.5051802677254482,0.003646588884294033,-0.0012588617391884327,0.00025216909125447273,0.3646588884294033,1.0,0.45436525344848633,-0.028118371963500977,0.45552220940589905,0.4574460983276367,-0.026958703994750977,0.4555222690105438,2,0.0
0.04192885756492615,0.002373235300183296,0.042287472635507584,0.08560001105070114,0.0,0.0,1.0,1.0,1.0,600,161472,26,15,0.20143906772136688,2.6176012706288634,0.0024883472360670567,0.004935674834996462,-0.008588449098169804,0.8588449098169804,1.0,0.44043970108032227,-0.027066469192504883,0.4466816186904907,0.455458402633667,-0.021073341369628906,0.44668158888816833,2,0.0
0.060054853558540344,7.933109280600092e-09,3.5699001728062285e-06,0.060874368995428085,0.0,0.0,1.0,1.0,1.0,600,161792,21,15,-0.16192695498466492,3.487641225832254,0.00871284306049347,-0.0032772354315966368,-0.0010298197157680988,0.8712843060493469,1.0,0.44146227836608887,-0.03753376007080078,0.4542403221130371,0.4625130891799927,-0.028977155685424805,0.4542402923107147,2,0.0
0.05651628598570824,7.913875776921486e-09,8.147819244186394e-06,0.05992899835109711,0.0,0.0,1.0,1.0,1.0,600,162208,19,15,-0.17344506084918976,3.433212302110069,-0.005443213507533073,-0.004191950894892216,-0.005761238746345043,0.5761238746345043,1.0,0.42763030529022217,-0.038304805755615234,0.4495088458061218,0.44835689663887024,-0.0298917293548584,0.4495088756084442,2,0.0
0.0006778388633392751,7.913875776921486e-09,0.0006870165816508234,0.01032322272658348,0.0,0.0,0.0,1.0,1.0,600,162400,18,15,1.3455026149749756,0.5521144462157197,-0.0026687998324632645,-0.007824568077921867,0.009918391704559326,0.9918391704559326,1.0,0.4477645456790924,-0.03479337692260742,0.46518847346305847,0.45113131403923035,-0.03352463245391846,0.46518847346305847,2,0.0
0.040177688002586365,2.2393618564819917e-05,0.0015400092815980315,0.04376988857984543,0.0,0.0,0.0,1.0,1.0,600,162432,31,15,0.2151126265525818,2.42087730838051,0.001916152541525662,0.0029224769677966833,-0.009950676001608372,0.9950676001608372,1.0,0.44104814529418945,-0.02858114242553711,0.44531935453414917,0.45570850372314453,-0.022780418395996094,0.44531935453414917,2,0.0
0.06362908333539963,5.133493630182784e-09,0.07267826050519943,0.11136288940906525,0.0,0.0,1.0,1.0,1.0,600,167296,15,15,0.35817405581474304,2.216465114447661,-0.0048311795108020306,0.004226245451718569,-0.003574524773284793,0.48311795108020306,1.0,0.4355299770832062,-0.026763439178466797,0.4516955614089966,0.44896891713142395,-0.021473407745361328,0.45169559121131897,2,0.0
1.0012543201446533,1.0012543201446533,1.0181432962417603,0.04688394442200661,1.0,1.0,0.0,0.0,0.0,262,168256,24,15,34.8975830078125,1.7185895739569828,-0.0027819767128676176,-0.0035019968636333942,-0.00455871457234025,0.455871457234025,1.0,0.4405796527862549,-0.03325796127319336,0.45071130990982056,0.21616411209106445,-0.2999446392059326,0.45071130990982056,2,1.0
0.019710103049874306,7.946378666190412e-09,0.0001117518768296577,0.05602477863430977,0.0,0.0,1.0,1.0,1.0,600,168992,20,15,-0.002055928111076355,3.203580061553771,0.004628457594662905,-0.00584374088793993,0.0010778427822515368,0.584374088793993,1.0,0.4390723705291748,-0.03935527801513672,0.45634788274765015,0.4584287405014038,-0.03154325485229492,0.45634791254997253,2,0.0
0.03127161040902138,0.011760033667087555,0.011768522672355175,0.03580572456121445,0.0,0.0,0.0,1.0,1.0,600,169856,27,15,0.586972713470459,2.051032596664663,-0.00484108179807663,-0.0099824583157897,0.009652295149862766,0.99824583157897,1.0,0.43651580810546875,-0.04055938124656677,0.46492230892181396,0.4448521137237549,-0.037235379219055176,0.46492239832878113,2,0.0
0.005953995045274496,7.913876665099906e-09,1.4575078239431605e-05,0.045208390802145004,0.0,0.0,0.0,1.0,1.0,600,169888,5,15,0.378054141998291,2.58941564124516,-0.009827840141952038,0.009144729934632778,-0.009743903763592243,0.9827840141952038,1.0,0.42829275131225586,-0.022785663604736328,0.445526123046875,0.4439716339111328,-0.016554832458496094,0.44552621245384216,2,0.0
1.0027637481689453,1.0027637481689453,1.002821683883667,0.05060698091983795,1.0,1.0,1.0,0.0,0.0,245,170272,31,16,34.11225891113281,2.896245668008704,0.008057237602770329,0.004605280701071024,-0.009807729162275791,0.9807729162275791,1.0,0.4443387985229492,-0.028110265731811523,0.44546228647232056,0.2268838882446289,-0.2923882007598877,0.44546228647232056,2,1.0
0.024829354137182236,0.004749045241624117,0.00808628834784031,0.06691018491983414,0.0,0.0,1.0,1.0,1.0,600,170400,11,16,-0.1382189393043518,3.642458775871406,0.003554810769855976,0.007140130270272493,0.0024355468340218067,0.7140130270272493,1.0,0.4353821277618408,-0.027525901794433594,0.45770561695098877,0.45569467544555664,-0.019181251525878906,0.45770561695098877,2,0.0
0.06412030011415482,0.005677570588886738,0.048453617841005325,0.11288654804229736,0.0,0.0,1.0,1.0,1.0,600,172800,0,16,-0.2908194959163666,4.017034887691368,-0.001841028337366879,0.003269681241363287,0.006882793270051479,0.6882793270051479,1.0,0.42775964736938477,-0.03239727020263672,0.46215277910232544,0.44997358322143555,-0.023173809051513672,0.4621528387069702,2,0.0
0.014771916903555393,0.012855314649641514,0.012930598109960556,0.016756203025579453,0.0,0.0,0.0,1.0,1.0,600,172800,1,16,1.039008617401123,0.9557464495691802,-0.0005975005333311856,-0.0037160003557801247,0.002891561947762966,0.37160003557801247,1.0,0.44738245010375977,-0.03163290023803711,0.45816168189048767,0.4487142562866211,-0.03111577033996582,0.4581616520881653,2,0.0
0.014834747649729252,0.014834747649729252,0.015973974019289017,0.0027755096089094877,0.01322009462136288,0.0,0.0,1.0,1.0,600,172800,4,16,1.3583205938339233,0.09375221708422639,0.0010573649778962135,-0.003547416301444173,0.00921809021383524,0.9218090213835239,1.0,0.4542851448059082,-0.029460430145263672,0.4644881784915924,0.4496793746948242,-0.031214237213134766,0.46448814868927,2,0.0
0.14454206824302673,1.1668066690617707e-07,0.14429791271686554,0.20943085849285126,0.0,0.0,1.0,1.0,1.0,600,172800,7,16,0.20630456507205963,3.7318531455021793,0.006430242210626602,-0.009932474233210087,-0.007287575397640467,0.9932474233210087,1.0,0.4377250671386719,-0.04483601450920105,0.4479824900627136,0.46022987365722656,-0.035632431507110596,0.447982519865036,2,0.0
0.0859663262963295,7.932785095476902e-09,0.0006107446388341486,0.08631124347448349,0.0,0.0,1.0,1.0,1.0,600,172800,8,16,-0.7035130262374878,4.910276782061881,0.007616768125444651,-0.007681895047426224,0.004935301374644041,0.7681895047426224,1.0,0.43193578720092773,-0.04579353332519531,0.4602053761482239,0.46141624450683594,-0.03338181972503662,0.46020540595054626,2,0.0
0.048881761729717255,0.015021122992038727,0.01686800643801689,0.05536021292209625,0.0,0.0,1.0,1.0,1.0,600,172800,9,16,0.2063288688659668,3.066088993891649,0.0006878201384097338,0.003967915195971727,0.004623071756213903,0.46230717562139034,1.0,0.43595314025878906,-0.029186725616455078,0.4598931074142456,0.44924497604370117,-0.02372455596923828,0.45989319682121277,2,0.0
0.050035033375024796,7.154050241098275e-09,9.370171028422192e-05,0.05346473306417465,0.0,0.0,1.0,1.0,1.0,600,172800,10,16,-0.04413700848817825,3.0579352421265344,0.00994784850627184,0.0010933391749858856,0.009202143177390099,0.9947848506271839,1.0,0.44526195526123047,-0.032039642333984375,0.464472234249115,0.4637482166290283,-0.02460622787475586,0.4644722640514374,2,0.0
0.02053356170654297,3.4553324645969496e-09,0.001285677426494658,0.021514667198061943,0.0,0.0,0.0,1.0,1.0,600,172800,12,16,0.7203071117401123,1.1590356109920912,-0.0007451264536939561,-0.009831881150603294,-0.0006634934106841683,0.9831881150603294,1.0,0.4460017681121826,-0.03823298215866089,0.4546065628528595,0.45305514335632324,-0.035531848669052124,0.4546066224575043,2,0.0
0.054710760712623596,0.005989694502204657,0.08607602119445801,0.13887307047843933,0.0,0.0,1.0,1.0,1.0,600,172800,13,16,-0.0261489599943161,3.3682320167806834,-0.0019726217724382877,-0.0022428252268582582,0.005812879651784897,0.5812879651784897,1.0,0.4314885139465332,-0.036185264587402344,0.4610828757286072,0.4497337341308594,-0.02872753143310547,0.46108296513557434,2,0.0
0.02049863710999489,-4.208910441851586e-14,0.0001469200215069577,0.04359401762485504,0.0,0.0,0.0,1.0,1.0,600,172800,14,16,0.261417418718338,2.4893373616486056,0.003065849421545863,-0.006876504514366388,-0.007999488152563572,0.7999488152563572,1.0,0.4417870044708252,-0.03855276107788086,0.44727057218551636,0.4568660259246826,-0.03257632255554199,0.44727060198783875,2,0.0
0.01478704996407032,7.913874888743067e-09,0.013517634011805058,0.05214211717247963,0.0,0.0,1.0,1.0,1.0,600,172800,16,16,1.0334012508392334,2.2130201377850356,0.0035440735518932343,-0.0007665797020308673,-0.006204396486282349,0.6204396486282349,1.0,0.4439259171485901,-0.03174757957458496,0.4490656852722168,0.4573442041873932,-0.02646636962890625,0.4490657150745392,2,0.0
0.04499140754342079,2.7810019176399692e-08,0.021944785490632057,0.0672847181558609,0.0,0.0,1.0,1.0,1.0,600,172800,17,16,0.11914853751659393,2.597789666611007,0.009076553396880627,0.0020743657369166613,-0.00018981934408657253,0.9076553396880627,1.0,0.4471466541290283,-0.029877305030822754,0.45508021116256714,0.46287664771080017,-0.023625582456588745,0.4550803005695343,2,0.0
0.04803887754678726,0.0001568945444887504,0.06059414520859718,0.06210464611649513,0.0,0.0,1.0,1.0,1.0,600,172800,23,16,1.1233378648757935,0.09553462298322865,-0.005135051440447569,-0.006217912770807743,-0.00823045615106821,0.8230456151068211,1.0,0.4480816125869751,-0.032135009765625,0.4470396637916565,0.4486100673675537,-0.03193831443786621,0.44703957438468933,2,0.0
0.1502963900566101,7.913876665099906e-09,0.1523481011390686,0.2322746217250824,0.0,0.0,1.0,1.0,1.0,600,172800,25,16,-0.27448979020118713,4.5794531545177275,-0.0070167179219424725,-0.009481409564614296,0.0059569538570940495,0.9481409564614296,1.0,0.4192538261413574,-0.04667806625366211,0.4612269401550293,0.44678354263305664,-0.03518104553222656,0.46122702956199646,2,0.0
0.003086519194766879,3.622389943558346e-09,0.0031978916376829147,0.036720044910907745,0.0,0.0,0.0,1.0,1.0,600,172800,29,16,0.3354978561401367,1.9206782229115582,0.009725703857839108,0.005013595335185528,0.0002378049393882975,0.9725703857839108,1.0,0.45186829566955566,-0.025240421295166016,0.4555078148841858,0.46352601051330566,-0.020686626434326172,0.45550790429115295,2,0.0
0.07325880229473114,0.0010838248999789357,0.075699582695961,0.15446898341178894,0.0,0.0,1.0,1.0,1.0,600,172800,30,16,-0.6057713627815247,4.575248319309939,0.00495152547955513,0.001974781509488821,0.009461919777095318,0.9461919777095318,1.0,0.4312467575073242,-0.03521013259887695,0.46473193168640137,0.4583725929260254,-0.02386617660522461,0.4647320806980133,2,0.0
1.0041580200195312,1.0041580200195312,1.0049448013305664,0.014991745352745056,1.0,1.0,0.0,0.0,0.0,197,179104,25,16,33.473167419433594,0.81388406083825,-0.008315755054354668,-0.0007834124262444675,-0.009191528894007206,0.9191528894007206,1.0,0.44052624702453613,-0.028365612030029297,0.44607847929000854,0.210402250289917,-0.29828643798828125,0.4460785388946533,2,1.0
0.3508415222167969,0.35040271282196045,0.34326082468032837,0.07055294513702393,0.29568076286019485,0.0,1.0,0.0,1.0,600,179360,28,16,8.664738655090332,4.451584756179096,-0.00955295655876398,0.008782027289271355,0.0014126733876764774,0.9552956558763981,1.0,0.41747355461120605,-0.02806377410888672,0.4566827416419983,0.3320000171661377,-0.08281159400939941,0.4566827714443207,2,0.0
0.03313833102583885,0.008174290880560875,0.04465397819876671,0.04625718295574188,0.0,0.0,0.0,1.0,1.0,600,179904,22,16,1.1066533327102661,0.560208647269008,-0.004719946999102831,-0.004130735527724028,0.0017887577414512634,0.4719946999102831,1.0,0.44566404819488525,-0.031118392944335938,0.4570588171482086,0.4462233781814575,-0.030905067920684814,0.4570588767528534,2,0.0
0.13744813203811646,7.913875776921486e-09,0.12028646469116211,0.1871481090784073,0.0,0.0,1.0,1.0,1.0,600,180096,2,16,0.008372919633984566,3.830890461580541,0.006081039551645517,-0.001724882167764008,-0.006059685256332159,0.6081039551645517,1.0,0.43678712844848633,-0.036892443895339966,0.4492102861404419,0.4598808288574219,-0.02742484211921692,0.44921043515205383,2,0.0
0.00033300823997706175,0.00033300823997706175,0.000508441124111414,0.01771417073905468,0.0,0.0,0.0,1.0,1.0,600,180288,3,16,0.705292284488678,1.004894996732711,0.004918970633298159,-0.005787030793726444,0.007213282398879528,0.7213282398879528,1.0,0.45260047912597656,-0.03382062911987305,0.462483286857605,0.4586029052734375,-0.031530141830444336,0.46248331665992737,2,0.0
0.05778254568576813,9.210556584093865e-08,0.00023372344730887562,0.05841190367937088,0.0,0.0,1.0,1.0,1.0,600,180640,6,16,-0.03307007998228073,3.3333705178135267,0.007157794199883938,-0.008291350677609444,-0.006408065557479858,0.8291350677609444,1.0,0.4408273696899414,-0.04214215278625488,0.4488619565963745,0.46095752716064453,-0.033991098403930664,0.4488620460033417,2,0.0
0.015423188917338848,7.913875776921486e-09,0.00022107483528088778,0.05942608788609505,0.0,0.0,1.0,1.0,1.0,600,180672,26,16,0.33878085017204285,3.3921982968046116,9.086385398404673e-05,0.002565302886068821,-0.0013999590883031487,0.2565302886068821,1.0,0.4334092140197754,-0.03144025802612305,0.45387011766433716,0.4538910388946533,-0.023134708404541016,0.45387014746665955,2,0.0
0.023852689191699028,0.00975263211876154,0.02488122135400772,0.02199651673436165,0.0029046526347341352,0.0,0.0,1.0,1.0,600,180992,21,16,1.1798208951950073,0.3935033130620076,-0.0017043639672920108,-0.007204257883131504,0.0009548368398100138,0.7204257883131504,1.0,0.44969499111175537,-0.033805131912231445,0.4562249183654785,0.4486885070800781,-0.03418850898742676,0.4562249183654785,2,0.0
1.0054302215576172,1.0054302215576172,1.0054821968078613,0.01044753659516573,1.0,1.0,0.0,0.0,0.0,269,181408,0,16,35.557098388671875,0.5956218974550547,0.0006459651049226522,0.006560876499861479,-0.0013596171047538519,0.6560876499861479,1.0,0.45081424713134766,-0.02050924301147461,0.4539104998111725,0.21926355361938477,-0.29140615463256836,0.4539104700088501,2,1.0
0.6317683458328247,7.913873112386227e-09,0.8480061292648315,0.9347322583198547,0.0,0.0,1.0,1.0,1.0,600,181408,19,16,1.5022119283676147,4.969027507981392,0.0015890357317402959,-0.0031378716230392456,-0.0024192139972001314,0.31378716230392456,1.0,0.42556172609329224,-0.041413307189941406,0.452850878238678,0.4553891718387604,-0.02883768081665039,0.45285090804100037,2,0.0
0.015910694375634193,7.913878441456745e-09,0.010983028449118137,0.09383299946784973,0.0,0.0,1.0,1.0,1.0,600,181600,18,16,-0.3585594594478607,4.746953725515358,-0.004166366998106241,0.00974555779248476,0.004336141049861908,0.974555779248476,1.0,0.4211152493953705,-0.02791285514831543,0.45960623025894165,0.44963374733924866,-0.01595437526702881,0.45960626006126404,2,0.0
0.1085967868566513,7.913875776921486e-09,0.07740539312362671,0.15689334273338318,0.0,0.0,1.0,1.0,1.0,600,186496,15,16,-0.2028530240058899,4.554324034787605,-0.0049175117164850235,0.0025357319973409176,-0.009264892898499966,0.9264892898499966,1.0,0.42150163650512695,-0.0345916748046875,0.4460052251815796,0.4488826096057892,-0.023163795471191406,0.4460051953792572,2,0.0
0.051389750093221664,7.913875776921486e-09,6.135486910352483e-05,0.053418535739183426,0.0,0.0,1.0,1.0,1.0,600,187456,24,16,-0.03321283310651779,3.0571420864091667,-0.00024011150526348501,-0.005867111962288618,-0.005966849159449339,0.5966849159449339,1.0,0.43507885932922363,-0.03899812698364258,0.44930315017700195,0.4535599946975708,-0.03156685829162598,0.4493032395839691,2,0.0
0.6278658509254456,7.913875776921486e-09,0.7956737875938416,0.8747220635414124,0.0,0.0,1.0,1.0,1.0,600,188192,20,16,1.890394687652588,4.52912917448672,-0.004008482210338116,-0.006054500583559275,4.529837315203622e-05,0.6054500583559275,1.0,0.42255961894989014,-0.04311323165893555,0.4553152918815613,0.4497917890548706,-0.0317540168762207,0.45531538128852844,2,0.0
1.0054552555084229,1.0054552555084229,1.0055484771728516,0.01686578057706356,1.0,1.0,0.0,0.0,0.0,217,188352,19,16,33.98558807373047,0.9609933155122193,-0.00955238752067089,-0.005772909615188837,-0.0032495888881385326,0.9552387520670891,1.0,0.4383958578109741,-0.03370237350463867,0.45202043652534485,0.20906400680541992,-0.30374932289123535,0.45202040672302246,2,1.0
0.07541932910680771,-2.0551747803576603e-10,0.009053660556674004,0.08956325799226761,0.0,0.0,1.0,1.0,1.0,600,189056,27,16,-0.648648738861084,4.612861744182376,3.542018748703413e-05,0.005664616823196411,0.0033544579055160284,0.5664616823196411,1.0,0.42610883712768555,-0.031623899936676025,0.4586244821548462,0.45383572578430176,-0.020035356283187866,0.45862457156181335,2,0.0
2.945049163827207e-05,7.913871336029388e-09,3.788291724049486e-05,0.014619046822190285,0.0,0.0,0.0,1.0,1.0,600,189088,5,16,1.242616057395935,0.8354398710545459,0.0014042655238881707,-0.00883486494421959,0.009595933370292187,0.9595933370292187,1.0,0.45011472702026367,-0.036467552185058594,0.4648659825325012,0.4552040100097656,-0.034534454345703125,0.4648660123348236,2,0.0
0.0012528023216873407,8.678953555829594e-09,0.0012602052884176373,0.034679412841796875,0.0,0.0,0.0,1.0,1.0,600,189472,31,16,0.45513787865638733,1.9147812083368985,0.005200324580073357,-0.00688382051885128,-0.009314230643212795,0.9314230643212795,1.0,0.44737911224365234,-0.03712272644042969,0.445955753326416,0.4590001106262207,-0.03258371353149414,0.4459558427333832,2,0.0
0.018437720835208893,0.013743320479989052,0.01670151576399803,0.06386817991733551,0.0,0.0,1.0,1.0,1.0,600,189600,11,16,0.14210551977157593,3.4898843026443687,0.0009474866674281657,0.0019656906370073557,0.0023174642119556665,0.23174642119556665,1.0,0.4336836338043213,-0.03229665756225586,0.4575875401496887,0.4499499797821045,-0.02555394172668457,0.4575875699520111,2,0.0
1.0003172159194946,1.0003172159194946,1.0049668550491333,0.007793050725013018,1.0,1.0,0.0,0.0,0.0,266,190112,18,16,35.69279479980469,0.18010336391378862,0.004822202492505312,0.005055216606706381,-0.006692138500511646,0.6692138500511646,1.0,0.45752280950546265,-0.021054983139038086,0.4485779404640198,0.22384268045425415,-0.2910456657409668,0.448577880859375,2,1.0
0.004937273450195789,1.45598884060405e-08,0.0004776323330588639,0.0629834309220314,0.0,0.0,1.0,1.0,1.0,600,192000,1,16,0.04522215202450752,3.58131876440286,-0.008260856382548809,0.009451065212488174,0.0002566026814747602,0.9451065212488174,1.0,0.42392969131469727,-0.025052785873413086,0.4555267095565796,0.4455385208129883,-0.01624894142150879,0.4555266797542572,2,0.0
0.05706927925348282,7.913874888743067e-09,0.05588648095726967,0.1318856030702591,0.0,0.0,1.0,1.0,1.0,600,192000,4,16,-0.18582673370838165,4.354427022782957,-0.0037961832713335752,0.007297815289348364,0.0010724489111453295,0.7297815289348364,1.0,0.42380523681640625,-0.029282808303833008,0.4563424587249756,0.45000362396240234,-0.018402099609375,0.45634254813194275,2,0.0
0.649477481842041,7.913875776921486e-09,0.8012229800224304,0.8825497031211853,0.0,0.0,1.0,1.0,1.0,600,192000,7,16,1.7426201105117798,4.659669030564474,-0.0037097870372235775,-0.009175155311822891,0.007274973206222057,0.9175155311822891,1.0,0.4220867156982422,-0.04659271240234375,0.46254491806030273,0.4500899314880371,-0.03487512469291687,0.4625450670719147,2,0.0
0.02654353529214859,7.913875776921486e-09,0.02233315259218216,0.053368888795375824,0.0,0.0,1.0,1.0,1.0,600,192000,8,16,0.5613675713539124,1.7782162716375478,-0.008021620102226734,0.006996310781687498,0.002102452330291271,0.8021620102226734,1.0,0.4349799156188965,-0.022906064987182617,0.4573725461959839,0.44577789306640625,-0.018703579902648926,0.4573725759983063,2,0.0
0.07981041073799133,7.913870447850968e-09,0.004964866209775209,0.09174014627933502,0.0,0.0,1.0,1.0,1.0,600,192000,9,16,-0.6303573250770569,4.971859475166008,-0.006407989654690027,0.009999208152294159,0.005848302505910397,0.9999208152294159,1.0,0.41754770278930664,-0.028284072875976562,0.4611184000968933,0.4473915100097656,-0.015700817108154297,0.4611183702945709,2,0.0
0.05518566071987152,7.913868671494129e-09,8.88640533958096e-06,0.058265019208192825,0.0,0.0,1.0,1.0,1.0,600,192000,10,16,-0.18432116508483887,3.337831058228368,-0.005140771623700857,-0.0010277458932250738,0.0016322018345817924,0.5140771623700857,1.0,0.42850160598754883,-0.03489065170288086,0.45690226554870605,0.44865965843200684,-0.02672719955444336,0.45690229535102844,2,0.0
0.04284714162349701,7.913907751344595e-09,0.0005210079252719879,0.04353322833776474,0.0,0.0,0.0,1.0,1.0,600,192000,12,16,0.23401905596256256,2.464418483678872,0.006354861427098513,-0.008497410453855991,0.0023236589040607214,0.8497410453855991,1.0,0.44522571563720703,-0.04011091589927673,0.45759373903274536,0.4601552486419678,-0.0341973602771759,0.45759376883506775,2,0.0
0.02610182762145996,7.913869559672548e-09,0.0005891576292924583,0.06463150680065155,0.0,0.0,1.0,1.0,1.0,600,192000,13,16,0.15890519320964813,3.669357768370209,0.00848666112869978,-0.007095875218510628,0.0008593873935751617,0.848666112869978,1.0,0.4401533603668213,-0.04183340072631836,0.45612937211990356,0.46228694915771484,-0.03279602527618408,0.4561294615268707,2,0.0
0.003084896132349968,2.5372784762112133e-08,0.002875536447390914,0.003097044536843896,0.0,0.0,0.0,1.0,1.0,600,192000,14,16,1.110499382019043,0.012692915227873587,-0.007010084576904774,-0.0038935851771384478,0.0092860022559762,0.92860022559762,1.0,0.4467127323150635,-0.029622316360473633,0.4645560681819916,0.4467902183532715,-0.029593467712402344,0.46455612778663635,2,0.0
0.064516082406044,7.913876665099906e-09,1.15446891868487e-05,0.06747069209814072,0.0,0.0,1.0,1.0,1.0,600,192000,16,16,-0.3381454050540924,3.8651250772479373,0.009250282309949398,0.003407028503715992,0.004026537761092186,0.9250282309949398,1.0,0.4397532641887665,-0.031852006912231445,0.4592965841293335,0.46305039525032043,-0.0222928524017334,0.4592966139316559,2,0.0
0.007883340120315552,7.913876665099906e-09,0.0037726524751633406,0.07246162742376328,0.0,0.0,1.0,1.0,1.0,600,192000,17,16,-0.05101332068443298,3.9355895775940204,-0.006597704719752073,0.008897947147488594,0.005464802496135235,0.8897947147488594,1.0,0.4234866797924042,-0.026549875736236572,0.46073484420776367,0.4472024142742157,-0.01680201292037964,0.46073487401008606,2,0.0
0.04248827323317528,2.9994895456297854e-10,0.05110190436244011,0.07915637642145157,0.0,0.0,1.0,1.0,1.0,600,192000,23,16,0.5055584907531738,1.607402952170755,0.0030857576057314873,0.005219568498432636,-0.0015939342556521297,0.5219568498432636,1.0,0.44711923599243164,-0.024264812469482422,0.45367610454559326,0.4568859338760376,-0.02048051357269287,0.45367613434791565,2,0.0
0.01370764896273613,7.913875776921486e-09,1.7763795767677948e-05,0.06813409924507141,0.0,0.0,1.0,1.0,1.0,600,192000,29,16,0.03745223209261894,3.902779910142218,-0.0038825965020805597,-0.007999858818948269,0.0018834982765838504,0.7999858818948269,1.0,0.42639660835266113,-0.04335951805114746,0.4571535587310791,0.4499177932739258,-0.033699750900268555,0.4571535885334015,2,0.0
3.1291267077904195e-05,7.913876665099906e-09,4.085727050551213e-05,0.05464336648583412,0.0,0.0,1.0,1.0,1.0,600,192000,30,16,0.47970637679100037,3.1284940844605282,-0.0031901465263217688,-0.001090654986910522,0.008636338636279106,0.8636338636279106,1.0,0.43170166015625,-0.03440713882446289,0.46390628814697266,0.4506092071533203,-0.026790142059326172,0.4639064371585846,2,0.0
1.0023283958435059,1.0023283958435059,1.0023365020751953,0.01775621436536312,1.0,1.0,0.0,0.0,0.0,271,196864,20,16,35.465702056884766,1.0168949987741887,0.004624214489012957,0.005814644508063793,-0.006831334438174963,0.6831334438174963,1.0,0.4522331953048706,-0.022247314453125,0.44843876361846924,0.22348535060882568,-0.29102039337158203,0.4484386444091797,2,1.0
0.04660562425851822,1.9627126675914042e-05,0.01677204854786396,0.06511470675468445,0.0,0.0,1.0,1.0,1.0,600,198304,25,16,0.09947416931390762,2.770955666081752,0.0009556780569255352,0.0004615990910679102,-0.00411924347281456,0.411924347281456,1.0,0.4379875659942627,-0.03193235397338867,0.4511507749557495,0.45474910736083984,-0.025240421295166016,0.4511507749557495,2,0.0
0.07932885736227036,7.913868671494129e-09,0.05100402235984802,0.11354321241378784,0.0,0.0,1.0,1.0,1.0,600,198560,28,16,-0.021756356582045555,3.5832329249177564,-0.008364350534975529,-0.0059364368207752705,0.0003604476514738053,0.8364350534975529,1.0,0.4238154888153076,-0.04044544696807861,0.4556305408477783,0.4454360008239746,-0.03163635730743408,0.4556305706501007,2,0.0
0.02062050811946392,0.0038742017932236195,0.004032389726489782,0.023147331550717354,0.0,0.0,0.0,1.0,1.0,600,199104,22,16,0.6339883804321289,1.3171806370958028,0.00345942797139287,0.007808643858879805,0.002115650102496147,0.7808643858879805,1.0,0.4492483139038086,-0.02097219228744507,0.4573856592178345,0.455904483795166,-0.01839745044708252,0.45738574862480164,2,0.0
0.031349536031484604,1.1379392361732243e-07,0.053093403577804565,0.055071357637643814,0.0,0.0,1.0,1.0,1.0,600,199296,2,16,1.09413743019104,0.11333515650723308,-0.008771236054599285,0.00988827645778656,-0.007339992094784975,0.988827645778656,1.0,0.4443364143371582,-0.016069501638412476,0.44793009757995605,0.44502830505371094,-0.015811681747436523,0.44793012738227844,2,0.0
9.07951118733763e-07,7.834411341889336e-09,6.323114575934596e-06,0.01509802881628275,0.0,0.0,0.0,1.0,1.0,600,199488,3,16,0.7420089244842529,0.8646917036398593,0.009793908335268497,0.007253960706293583,-0.008909801952540874,0.9793908335268497,1.0,0.4583268165588379,-0.020447731018066406,0.4463602304458618,0.4635934829711914,-0.01844608783721924,0.446360319852829,2,0.0
0.023015620186924934,0.023015620186924934,0.02407691441476345,0.02826562151312828,0.0,0.0,0.0,1.0,1.0,600,199840,6,16,0.9638068675994873,1.5586927110528686,0.009131689555943012,0.003125295741483569,-0.0013350265799090266,0.9131689555943012,1.0,0.4534592628479004,-0.026240110397338867,0.45393502712249756,0.4549112319946289,-0.025658845901489258,0.4539349675178528,2,0.0
0.2966430187225342,7.913876665099906e-09,0.29830247163772583,0.34031230211257935,0.0,0.0,1.0,1.0,1.0,600,199872,26,16,1.5231961011886597,2.406988118703289,0.0029431518632918596,-0.00818481482565403,0.00971746351569891,0.971746351569891,1.0,0.44215893745422363,-0.03965306282043457,0.46498745679855347,0.4567434787750244,-0.03388476371765137,0.46498754620552063,2,0.03030303120613098
0.025463880971074104,9.704804071475337e-09,0.01833740621805191,0.08811205625534058,0.0,0.0,1.0,1.0,1.0,600,200192,21,17,-0.2920920252799988,3.9977963792335576,0.004321836866438389,3.055221532122232e-05,-4.566797724692151e-05,0.4321836866438389,1.0,0.43403685092926025,-0.035584449768066406,0.45522433519363403,0.4581218957901001,-0.025669336318969727,0.4552244246006012,2,0.0
0.36709052324295044,0.36672449111938477,0.3800353705883026,0.0968165248632431,0.30902409726107244,0.0,1.0,0.0,1.0,600,200608,0,17,8.787333488464355,4.784521473497722,-0.009790180251002312,0.004252227023243904,-0.004210745450109243,0.9790180251002312,1.0,0.4152698516845703,-0.03351020812988281,0.45105940103530884,0.32715797424316406,-0.09133291244506836,0.45105934143066406,2,0.0
1.0016958713531494,1.0016958713531494,1.003082513809204,0.017748743295669556,1.0,1.0,0.0,0.0,0.0,271,200672,1,17,35.55317687988281,0.937477721251806,0.005465086083859205,0.000910906761419028,-0.005284061189740896,0.5465086083859205,1.0,0.45355653762817383,-0.026962995529174805,0.44998595118522644,0.22437667846679688,-0.29569315910339355,0.44998598098754883,2,1.0
1.0041416883468628,1.0041416883468628,0.9971237778663635,0.04290226474404335,1.0,1.0,0.0,0.0,0.0,174,204864,2,17,33.052677154541016,2.860213431929125,0.0010898394975811243,0.009560738690197468,-0.009522411040961742,0.9560738690197468,1.0,0.43758678436279297,-0.02306199073791504,0.4457476735115051,0.21980857849121094,-0.28793585300445557,0.44574761390686035,2,0.9878048896789551
0.015588341280817986,0.00535889295861125,0.008984636515378952,0.02105061523616314,0.0,0.0,0.0,1.0,1.0,600,205696,15,17,0.8637340664863586,0.9983714190234083,-0.008756089024245739,0.0011577151017263532,-0.002390686422586441,0.8756089024245739,1.0,0.4389651417732239,-0.026859760284423828,0.4528793692588806,0.44317007064819336,-0.025243759155273438,0.45287927985191345,2,0.0
0.0019211359322071075,7.913876665099906e-09,0.0019292993238195777,0.036595769226551056,0.0,0.0,0.0,1.0,1.0,600,206656,24,17,0.7177330851554871,1.98624248941498,0.0050419108010828495,-0.004922771360725164,-0.004810342565178871,0.504191080108285,1.0,0.4467895030975342,-0.035338401794433594,0.45045971870422363,0.4588421583175659,-0.03062272071838379,0.450459748506546,2,0.0
0.060401272028684616,-4.254547270043929e-10,0.09912890195846558,0.12739379703998566,0.0,0.0,1.0,1.0,1.0,600,207552,19,17,0.48868727684020996,1.61945994360312,0.0007473728037439287,0.008547887206077576,-0.006831181235611439,0.8547887206077576,1.0,0.4447079002857208,-0.0209658145904541,0.448438823223114,0.4545474946498871,-0.01715230941772461,0.4484389126300812,2,0.0
0.02442818693816662,0.010667254216969013,0.04960901662707329,0.053660064935684204,0.0,0.0,1.0,1.0,1.0,600,208256,27,17,0.9908834099769592,0.8432947486826191,0.005494229029864073,-0.0043869102373719215,0.004494670778512955,0.5494229029864073,1.0,0.45415735244750977,-0.0320381224155426,0.459764689207077,0.4555683135986328,-0.03149336576461792,0.4597647488117218,2,0.0
0.06820639222860336,7.922235312207704e-09,0.0006043528555892408,0.06878601014614105,0.0,0.0,1.0,1.0,1.0,600,208288,5,17,-0.2931947112083435,3.906522426920562,0.00849172193557024,-0.008527202531695366,-0.0014199645956978202,0.8527202531695366,1.0,0.438748836517334,-0.04389762878417969,0.4538500905036926,0.46229124069213867,-0.03422689437866211,0.453850120306015,2,0.0
0.02941630780696869,7.913875776921486e-09,9.226919064531103e-05,0.0767815038561821,0.0,0.0,1.0,1.0,1.0,600,208672,31,17,-0.3822314441204071,4.3939699760959225,0.004277021158486605,-0.007024854421615601,0.001594935660250485,0.7024854421615601,1.0,0.4316439628601074,-0.043712615966796875,0.45686495304107666,0.45807647705078125,-0.032724618911743164,0.4568650424480438,2,0.0
0.04913342371582985,7.934189305558448e-09,6.780402327422053e-05,0.050499703735113144,0.0,0.0,1.0,1.0,1.0,600,208800,11,17,0.08632417768239975,2.889536287809636,0.005108415614813566,-0.008954678662121296,-0.008187081664800644,0.8954678662121296,1.0,0.44143009185791016,-0.04165291786193848,0.4470829367637634,0.4589087963104248,-0.03465461730957031,0.4470830261707306,2,0.0
0.08684831857681274,0.026506932452321053,0.1649223268032074,0.1435636430978775,0.02146921942227806,0.0,1.0,1.0,1.0,600,209312,18,17,1.5623066425323486,0.29497252487971104,-0.0016545349499210715,-0.0019236322259530425,-0.008616923354566097,0.8616923354566097,1.0,0.4503454566001892,-0.0282973051071167,0.4466531574726105,0.44291478395462036,-0.031192302703857422,0.4466530680656433,2,0.0
6.968025263631716e-05,7.937665635893154e-09,7.668221223866567e-05,0.02307192049920559,0.0,0.0,0.0,1.0,1.0,600,211200,4,18,0.6333470344543457,1.3175307910124716,0.008939968422055244,-0.009625488892197609,-2.8546824978548102e-05,0.9625488892197609,1.0,0.4547266960144043,-0.038407087326049805,0.45524144172668457,0.4627394676208496,-0.03532528877258301,0.45524153113365173,2,0.0
0.021747494116425514,0.011092648841440678,0.05932767689228058,0.07190890610218048,0.0,0.0,1.0,1.0,1.0,600,211200,7,18,0.8223738670349121,1.356412710079827,-0.005018696654587984,0.009569190442562103,-0.004613104742020369,0.9569190442562103,1.0,0.4405326843261719,-0.019306063652038574,0.450656920671463,0.44490718841552734,-0.01759415864944458,0.4506569802761078,2,0.0
0.00514525081962347,0.0017211841186508536,0.0017568273469805717,0.03727628290653229,0.0,0.0,0.0,1.0,1.0,600,211200,8,18,0.6778531074523926,2.133731886804943,-0.0064130243845283985,-0.00841316394507885,-0.008033940568566322,0.841316394507885,1.0,0.434445858001709,-0.039195895195007324,0.4472361207008362,0.44678497314453125,-0.034337401390075684,0.44723618030548096,2,0.0
0.03722936287522316,7.49032125213489e-09,0.037235330790281296,0.08287371695041656,0.0,0.0,1.0,1.0,1.0,600,211200,9,18,0.25348955392837524,2.614887551094253,0.0011031656758859754,-0.00955772865563631,-0.006683499552309513,0.9557728655636311,1.0,0.4390707015991211,-0.04155278205871582,0.44858652353286743,0.45490264892578125,-0.035257577896118164,0.4485866129398346,2,0.0
0.005554643459618092,7.913875776921486e-09,7.56822555558756e-05,0.053110938519239426,0.0,0.0,1.0,1.0,1.0,600,211200,10,18,0.3059931695461273,3.038696947112136,-0.005776970647275448,-0.0012765678111463785,-0.0008860939415171742,0.5776970647275448,1.0,0.42965221405029297,-0.03435993194580078,0.454383909702301,0.44802331924438477,-0.02697610855102539,0.4543839991092682,2,0.0
0.03217326104640961,3.949116589296864e-09,0.03319207578897476,0.06725466996431351,0.0,0.0,1.0,1.0,1.0,600,211200,12,18,0.35156363248825073,1.9516420317401646,-0.0008472516783513129,0.0046729822643101215,-0.004629736766219139,0.46729822643101215,1.0,0.44110870361328125,-0.025657445192337036,0.4506402611732483,0.4529531002044678,-0.021026968955993652,0.45064035058021545,2,0.0
0.043945323675870895,0.006452471017837524,0.006675584241747856,0.04591705650091171,0.0,0.0,0.0,1.0,1.0,600,211200,13,18,0.27165737748146057,2.6180695654738324,-0.0005625438643619418,-0.007839536294341087,0.0038648631889373064,0.7839536294341087,1.0,0.43738603591918945,-0.039842844009399414,0.45913493633270264,0.45098209381103516,-0.0343855619430542,0.45913490653038025,2,0.0
0.03358158469200134,0.03358158469200134,0.036041464656591415,0.006945048458874226,0.029227505126724593,0.0,0.0,1.0,1.0,600,211200,14,18,1.7477216720581055,0.25698130516880757,-0.00833805464208126,-0.006681997328996658,-0.00034364231396466494,0.8338054642081261,1.0,0.4438934326171875,-0.03296828269958496,0.45492640137672424,0.43378400802612305,-0.03694415092468262,0.45492637157440186,2,0.0
0.055832639336586,7.913869559672548e-09,8.180890290532261e-06,0.060256317257881165,0.0,0.0,1.0,1.0,1.0,600,211200,16,18,-0.2432284653186798,3.4519654402499853,-0.005662038456648588,0.0027223676443099976,0.002462188946083188,0.5662038456648588,1.0,0.4272996187210083,-0.031440019607543945,0.4577322006225586,0.4481380879878998,-0.022977590560913086,0.45773229002952576,2,0.0
0.012384973466396332,6.648320294289078e-08,0.00311057991348207,0.014534484595060349,0.0,0.0,0.0,1.0,1.0,600,211200,17,18,0.9038880467414856,0.6545454591770786,-0.0014225232880562544,-0.00882609374821186,-0.00016082935326267034,0.8826093748211861,1.0,0.44838762283325195,-0.0360339879989624,0.45510920882225037,0.452377587556839,-0.034526050090789795,0.45510926842689514,2,0.0
0.041808124631643295,1.215570080148609e-07,0.05291607603430748,0.08060460537672043,0.0,0.0,1.0,1.0,1.0,600,211200,23,18,0.5492287278175354,1.5864433427638074,0.003531260183081031,-0.0025221342220902443,-0.004528844263404608,0.4528844263404608,1.0,0.44769155979156494,-0.03195524215698242,0.4507412612438202,0.4573315382003784,-0.028222203254699707,0.4507412612438202,2,0.0
0.014999212697148323,-1.625000273230981e-10,0.0001231062487931922,0.03614281117916107,0.0,0.0,0.0,1.0,1.0,600,211200,29,18,0.4037032127380371,2.063779010316376,0.002419130876660347,-0.004913670942187309,-0.00799974612891674,0.799974612891674,1.0,0.44369935989379883,-0.0355219841003418,0.4472702741622925,0.4562194347381592,-0.030613422393798828,0.44727036356925964,2,0.0
0.03165204077959061,2.1068650823963253e-08,0.00012784007412847131,0.03294268995523453,0.0,0.0,0.0,1.0,1.0,600,211200,30,18,0.41088271141052246,1.8801544971224609,0.0020347139798104763,0.00114622269757092,0.0012847667094320059,0.20347139798104763,1.0,0.44442129135131836,-0.029007434844970703,0.4565548896789551,0.45583438873291016,-0.024553298950195312,0.4565548598766327,2,0.0
0.0713621973991394,0.0713621973991394,0.08716117590665817,0.08667755872011185,0.0005204621226360929,0.0,1.0,1.0,1.0,600,216064,20,18,0.9896837472915649,4.0610460653819915,-0.0021569430828094482,-0.0013839644379913807,0.008855235762894154,0.8855235762894154,1.0,0.42718255519866943,-0.03716897964477539,0.4641253352165222,0.427018404006958,-0.037244319915771484,0.4641253352165222,2,0.0
0.0007114626350812614,7.913876665099906e-09,0.0007188860327005386,0.05859225243330002,0.0,0.0,1.0,1.0,1.0,600,217504,25,18,0.059436410665512085,3.3158999611336917,-0.009697239845991135,-0.006172709632664919,0.008806001394987106,0.9697239845991135,1.0,0.4240758419036865,-0.03997802734375,0.46407604217529297,0.4441030025482178,-0.03187227249145508,0.46407607197761536,2,0.0
0.6366050839424133,7.913876665099906e-09,0.7945718169212341,0.8751330375671387,0.0,0.0,1.0,1.0,1.0,600,217760,28,18,1.8019773960113525,4.615820496753461,-4.214810542180203e-05,-0.005718511529266834,-0.005810916889458895,0.5810916889458895,1.0,0.426013708114624,-0.043015241622924805,0.44945913553237915,0.45375823974609375,-0.031418442726135254,0.44945916533470154,2,0.0
0.07750564813613892,7.913875776921486e-09,0.01350559014827013,0.09041750431060791,0.0,0.0,1.0,1.0,1.0,600,218304,22,18,-0.46489417552948,4.40672791569186,-0.005923027638345957,0.0072997817769646645,0.004937565885484219,0.7299781776964664,1.0,0.4213685989379883,-0.029423564672470093,0.46020764112472534,0.44787704944610596,-0.0184001624584198,0.46020767092704773,2,0.0
6.8210274548619054e-06,8.596758860335285e-09,1.3706613572139759e-05,0.0016081248177215457,0.0,0.0,0.0,1.0,1.0,600,218688,3,18,1.115660309791565,0.0913539335613726,0.00414603017270565,-0.005189178511500359,-0.009253842756152153,0.9253842756152153,1.0,0.45738792419433594,-0.031096935272216797,0.44601619243621826,0.4579458236694336,-0.030889153480529785,0.4460162818431854,2,0.0
0.051095809787511826,0.02594805136322975,0.058055583387613297,0.05838754028081894,0.0,0.0,1.0,1.0,1.0,600,219040,6,18,1.0827523469924927,1.5057331317758822,0.0013899088371545076,0.004453966859728098,-0.009804670698940754,0.9804670698940754,1.0,0.44603776931762695,-0.024782896041870117,0.4454653859138489,0.4461531639099121,-0.024736404418945312,0.4454653561115265,2,0.0
0.0699426531791687,7.913875776921486e-09,0.06377659738063812,0.14393532276153564,0.0,0.0,1.0,1.0,1.0,600,219072,26,18,-0.2868669331073761,4.592758363020913,-0.0014053151244297624,0.006643535569310188,0.0010515358299016953,0.6643535569310188,1.0,0.4247863292694092,-0.030589818954467773,0.4563215970993042,0.452394962310791,-0.019056320190429688,0.4563216269016266,2,0.0
0.017147062346339226,7.913876665099906e-09,1.77256042661611e-05,0.06117691844701767,0.0,0.0,1.0,1.0,1.0,600,219392,21,18,-0.0388445220887661,3.50416409376475,0.005761655978858471,-0.008968944661319256,0.004983965307474136,0.8968944661319256,1.0,0.4384124279022217,-0.043268680572509766,0.4602539539337158,0.45956194400787354,-0.034668684005737305,0.460254043340683,2,0.0
1.0050195455551147,1.0050195455551147,1.0050790309906006,0.0025678102392703295,1.0,1.0,0.0,0.0,0.0,263,219616,29,18,35.55926513671875,0.14371539770841346,0.0025721422862261534,0.006359357852488756,-0.004869078751653433,0.6359357852488756,1.0,0.45549488067626953,-0.019667863845825195,0.4504009187221527,0.2212224006652832,-0.2914576530456543,0.4504010081291199,2,1.0
0.05068449676036835,7.913875776921486e-09,0.0021078481804579496,0.055994972586631775,0.0,0.0,1.0,1.0,1.0,600,219808,0,18,-0.0029635613318532705,3.087505692364459,-0.008783597499132156,-0.0063003175891935825,-0.005851855967193842,0.8783597499132156,1.0,0.42635345458984375,-0.03950977325439453,0.4494181275367737,0.44501590728759766,-0.032000064849853516,0.44941821694374084,2,0.0
0.01968824677169323,7.940273327733394e-09,0.01969463936984539,0.03390214964747429,0.0,0.0,0.0,1.0,1.0,600,219872,1,18,0.8488748669624329,0.8140303229360235,-0.0032172021456062794,-0.009038012474775314,0.009517494589090347,0.9517494589090347,1.0,0.44562339782714844,-0.036620140075683594,0.4647875130176544,0.45058250427246094,-0.03473782539367676,0.4647875726222992,2,0.0
0.02691633813083172,-3.2345810058176383e-12,0.05307042598724365,0.07397723197937012,0.0,0.0,1.0,1.0,1.0,600,224064,2,19,0.6016192436218262,1.197873347273253,-0.0015673235757276416,0.007802458945661783,0.007419159170240164,0.7802458945661783,1.0,0.4449443817138672,-0.02069169282913208,0.46268919110298157,0.45223236083984375,-0.01789751648902893,0.46268925070762634,2,0.0
0.06364642828702927,7.913868671494129e-09,0.0032407105900347233,0.07293286174535751,0.0,0.0,1.0,1.0,1.0,600,224896,15,19,-0.2782588601112366,3.9930681807806163,-0.007763356436043978,0.006668979302048683,-0.009585023857653141,0.9585023857653141,1.0,0.42197972536087036,-0.028933048248291016,0.44568508863449097,0.4460367262363434,-0.01903057098388672,0.4456850588321686,2,0.0
0.035150568932294846,0.0003224039974156767,0.051854636520147324,0.05508243665099144,0.0,0.0,1.0,1.0,1.0,600,225856,24,19,0.9617542028427124,0.20341094422942077,-0.002796195913106203,0.007851677015423775,0.0044621797278523445,0.7851677015423775,1.0,0.449762225151062,-0.01831221580505371,0.459732323884964,0.45089101791381836,-0.017890453338623047,0.45973220467567444,2,0.0
0.06507078558206558,-2.7746346886736717e-10,0.0014641984598711133,0.06848178803920746,0.0,0.0,1.0,1.0,1.0,600,226752,19,19,-0.27428126335144043,3.839827764109503,0.00421186862513423,-0.004333588760346174,-0.004534875974059105,0.4534875974059105,1.0,0.4348650574684143,-0.03952455520629883,0.4507351517677307,0.4580119550228119,-0.030033349990844727,0.4507352411746979,2,0.0
9.008549386635423e-05,7.70517516457403e-09,9.78699026745744e-05,0.0428808219730854,0.0,0.0,0.0,1.0,1.0,600,227456,27,19,0.23062816262245178,2.4512821089142336,0.0025315943639725447,-0.0016658940585330129,0.005012315232306719,0.5012315232306719,1.0,0.4414811134338379,-0.03324609994888306,0.46028226613998413,0.4563319683074951,-0.027365833520889282,0.46028241515159607,2,0.0
0.08323857188224792,0.00942910835146904,0.05263436213135719,0.12794014811515808,0.0,0.0,1.0,1.0,1.0,600,227488,5,19,-0.4987434446811676,4.854953530445247,0.002853435231372714,0.006019532680511475,-0.003312542801722884,0.6019532680511475,1.0,0.42749834060668945,-0.03193855285644531,0.45195746421813965,0.45335960388183594,-0.020921707153320312,0.45195749402046204,2,0.0
0.02368304133415222,0.02368304133415222,0.0411391407251358,0.030612774193286896,0.010666713302474784,0.0,0.0,1.0,1.0,600,227872,31,19,1.2340432405471802,0.7538214583504206,-0.0035708551295101643,0.005080639850348234,-0.003606606274843216,0.5080639850348234,1.0,0.4456353187561035,-0.022359848022460938,0.45166340470314026,0.44197702407836914,-0.02379584312438965,0.45166337490081787,2,0.0
0.05508139356970787,-1.2179456054806082e-10,9.061272066901438e-06,0.05794598534703255,0.0,0.0,1.0,1.0,1.0,600,228000,11,19,-0.08425115048885345,3.319541732621778,-0.002429553307592869,-0.0030016645323485136,-0.002897462109103799,0.30016645323485136,1.0,0.4313223361968994,-0.03681612014770508,0.45237261056900024,0.4513707160949707,-0.0287015438079834,0.45237264037132263,2,0.0
0.04460453614592552,3.059397357674243e-08,0.06048749387264252,0.07181701064109802,0.0,0.0,1.0,1.0,1.0,600,228512,18,19,0.8178632855415344,0.6491345619722534,-0.005922933109104633,0.009620176628232002,-0.004135433584451675,0.9620176628232002,1.0,0.44392022490501404,-0.01757514476776123,0.45113468170166016,0.4478771984577179,-0.01607978343963623,0.45113465189933777,2,0.0
0.058235857635736465,7.913875776921486e-09,0.0007951949373818934,0.06284074485301971,0.0,0.0,1.0,1.0,1.0,600,230400,4,20,-0.24699567258358002,3.5549480443476758,-0.0072473278269171715,0.002643558429554105,-0.00089457439025864,0.7247327826917171,1.0,0.42510080337524414,-0.031790733337402344,0.4543754458427429,0.4465522766113281,-0.023056507110595703,0.4543755352497101,2,0.0
0.000517840264365077,5.1564517100644025e-09,4.604355126502924e-05,0.053079284727573395,0.0,0.0,1.0,1.0,1.0,600,230400,7,20,0.11815960705280304,3.038581687669892,-0.002831973135471344,-0.00814936775714159,0.008710548281669617,0.8710548281669617,1.0,0.43259763717651367,-0.04123237729072571,0.463980495929718,0.45096778869628906,-0.0338493287563324,0.46398064494132996,2,0.0
0.09079033136367798,7.913875776921486e-09,0.03895445540547371,0.12411871552467346,0.0,0.0,1.0,1.0,1.0,600,230400,8,20,-0.37699106335639954,4.879555018061986,-0.007497179787606001,0.005900161806493998,-0.004545731004327536,0.7497179787606001,1.0,0.41700220108032227,-0.03212606906890869,0.4507243037223816,0.4463024139404297,-0.01979982852935791,0.45072439312934875,2,0.0
0.3045622408390045,7.913876665099906e-09,0.3621833324432373,0.44706350564956665,0.0,0.0,1.0,1.0,1.0,600,230400,9,20,-0.06672768294811249,4.863275262175261,0.007306888699531555,-0.007593014743179083,-0.007482542190700769,0.7593014743179083,1.0,0.4319024085998535,-0.045574188232421875,0.4477875232696533,0.4611063003540039,-0.03329277038574219,0.4477875530719757,2,0.009803921915590763
0.021310701966285706,0.0002811691374517977,0.027409298345446587,0.04740723967552185,0.0,0.0,0.0,1.0,1.0,600,230400,10,20,0.6433930993080139,1.1619066383210237,-0.00263385777361691,0.005184429697692394,0.008019381202757359,0.8019381202757359,1.0,0.4440956115722656,-0.023223400115966797,0.4632893204689026,0.4510674476623535,-0.02055215835571289,0.46328940987586975,2,0.0
0.16367551684379578,7.913875776921486e-09,0.21008841693401337,0.28746843338012695,0.0,0.0,1.0,1.0,1.0,600,230400,12,20,0.9841259717941284,4.433552202996617,-0.009027495980262756,-0.006403208710253239,-0.0021207816898822784,0.9027495980262756,1.0,0.4181058406829834,-0.043199747800827026,0.45314931869506836,0.44477295875549316,-0.032103151082992554,0.45314928889274597,2,0.0
0.007602241355925798,7.913875776921486e-09,1.9341157894814387e-05,0.03974638879299164,0.0,0.0,0.0,1.0,1.0,600,230400,13,20,0.6493836045265198,2.27619341119213,0.007911908440291882,0.0036955904215574265,0.002685444662347436,0.7911908440291882,1.0,0.44791364669799805,-0.027443766593933105,0.4579554796218872,0.461712121963501,-0.02200448513031006,0.45795556902885437,2,0.0
0.016814233735203743,9.213401597207849e-09,0.016871193423867226,0.04414541646838188,0.0,0.0,0.0,1.0,1.0,600,230400,14,20,0.4802623689174652,1.5626994707747273,-0.005433558952063322,0.0017924084095284343,-0.0003320032556075603,0.5433558952063322,1.0,0.4388704299926758,-0.027582883834838867,0.45493805408477783,0.4483668804168701,-0.02390766143798828,0.4549380838871002,2,0.0
0.007886979728937149,7.91386600695887e-09,7.730913239356596e-06,0.06431305408477783,0.0,0.0,1.0,1.0,1.0,600,230400,16,20,0.2516885995864868,3.6844255925660803,-0.0016626376891508698,0.0025334234815090895,0.005414632149040699,0.5414632149040699,1.0,0.42991459369659424,-0.032243967056274414,0.460684597492218,0.4521375000476837,-0.023166418075561523,0.46068474650382996,2,0.0
0.07256454229354858,7.913875776921486e-09,0.030804701149463654,0.11488569527864456,0.0,0.0,1.0,1.0,1.0,600,230400,17,20,-0.6684926152229309,4.817485673979496,-0.005507912952452898,0.0017630185466259718,-0.008972996845841408,0.8972996845841408,1.0,0.4193577468395233,-0.036090999841690063,0.4462970495223999,0.44829222559928894,-0.023936957120895386,0.4462970793247223,2,0.0
0.028945397585630417,7.913875776921486e-09,0.022847579792141914,0.09568183869123459,0.0,0.0,1.0,1.0,1.0,600,230400,23,20,-0.12867599725723267,4.173095745602874,-0.00356558570638299,0.005018892232328653,-0.001530056819319725,0.5018892232328653,1.0,0.4251093864440918,-0.031068921089172363,0.4537400007247925,0.4502345323562622,-0.020681023597717285,0.45374003052711487,2,0.0
0.027072643861174583,7.913876665099906e-09,0.000879745464771986,0.05785418674349785,0.0,0.0,1.0,1.0,1.0,600,230400,30,20,0.43071362376213074,3.264396279366976,0.004020168446004391,-0.0007537868223153055,-0.007882317528128624,0.7882317528128624,1.0,0.43810129165649414,-0.03442525863647461,0.4473877549171448,0.45781993865966797,-0.026453495025634766,0.44738778471946716,2,0.0
0.27431952953338623,7.913876665099906e-09,0.27433300018310547,0.3127339780330658,0.0,0.0,1.0,1.0,1.0,600,235264,20,20,1.0909849405288696,2.2002186557331394,-0.007970898412168026,-0.009451447054743767,0.00686292489990592,0.9451447054743767,1.0,0.4324878454208374,-0.04040050506591797,0.46213299036026,0.44582927227020264,-0.035151004791259766,0.4621330201625824,2,0.1875
0.0444001629948616,7.913869559672548e-09,8.975093805929646e-06,0.050195127725601196,0.0,0.0,1.0,1.0,1.0,600,236704,25,20,-0.02318008802831173,2.875455425948831,-0.005287745036184788,-0.003965071868151426,0.00866026896983385,0.8660268969833851,1.0,0.4311184883117676,-0.03662681579589844,0.4639303684234619,0.44851255416870117,-0.02966451644897461,0.4639303386211395,2,0.0
1.0051028728485107,1.0051028728485107,1.0051193237304688,0.004328333772718906,1.0,1.0,0.0,0.0,0.0,200,236800,12,20,33.782691955566406,0.24705375861232629,-0.002392672235146165,-0.0038800507318228483,-0.0029974321369081736,0.38800507318228483,1.0,0.44989967346191406,-0.030143797397613525,0.4522726833820343,0.21625137329101562,-0.3017275631427765,0.45227259397506714,2,1.0
0.04007204249501228,7.913876665099906e-09,0.012339157983660698,0.09291160851716995,0.0,0.0,1.0,1.0,1.0,600,236960,28,20,0.06818199902772903,4.616460826988149,-0.0042113964445889,-0.009515293873846531,0.0002525663876440376,0.9515293873846531,1.0,0.4218409061431885,-0.04681384563446045,0.4555225968360901,0.4495890140533447,-0.03521525859832764,0.45552268624305725,2,0.0
0.05015645548701286,4.1193189304067346e-08,0.06782973557710648,0.10683933645486832,0.0,0.0,1.0,1.0,1.0,600,237504,22,20,0.32467401027679443,2.235087411776289,-0.003128041746094823,0.0076150307431817055,0.009057112969458103,0.9057112969458103,1.0,0.43712103366851807,-0.023421138525009155,0.4643270969390869,0.4506720304489136,-0.01808491349220276,0.4643271863460541,2,0.0
0.016056688502430916,7.913875776921486e-09,0.0005760956555604935,0.08667825907468796,0.0,0.0,1.0,1.0,1.0,600,237888,3,20,-0.4003218412399292,4.933288970036123,-0.0031355363316833973,0.009618406184017658,0.005705839488655329,0.9618406184017658,1.0,0.4210472106933594,-0.028557300567626953,0.4609758257865906,0.45066404342651367,-0.01608145236968994,0.46097591519355774,2,0.0
0.007273703347891569,-6.189696533098754e-10,0.007362037897109985,0.009387589059770107,0.0,0.0,0.0,1.0,1.0,600,238240,6,20,1.0476044416427612,0.11605539940610966,0.004576573148369789,-0.004037469159811735,0.0026246567722409964,0.4576573148369789,1.0,0.45766782760620117,-0.030001163482666016,0.4578947424888611,0.4583759307861328,-0.029737234115600586,0.45789477229118347,2,0.0
0.04107789322733879,2.5227404165661937e-08,0.048179350793361664,0.05906186252832413,0.0,0.0,1.0,1.0,1.0,600,238272,26,20,0.8871393799781799,0.6235238605447915,-0.00043216857011429965,-0.0005564401508308947,-0.0025892851408571005,0.25892851408571005,1.0,0.4495668411254883,-0.02769160270690918,0.4526807367801666,0.4533681869506836,-0.026256322860717773,0.4526807963848114,2,0.0
0.03683478757739067,0.00016195670468732715,0.04872940480709076,0.058275025337934494,0.0,0.0,1.0,1.0,1.0,600,238592,21,20,0.821425199508667,0.55620300812506,-0.0007429479737766087,0.008062788285315037,0.009350575506687164,0.9350575506687164,1.0,0.4496654272079468,-0.018915891647338867,0.4646206796169281,0.45300018787384033,-0.017658233642578125,0.46462059020996094,2,0.0
0.07690701633691788,7.913875776921486e-09,1.0882734386541415e-05,0.08015749603509903,0.0,0.0,1.0,1.0,1.0,600,238816,29,20,-0.16749872267246246,4.592062964386041,-0.001448763650842011,0.00012389103358145803,0.00040725956205278635,0.1448763650842011,1.0,0.4247474670410156,-0.03710770606994629,0.45567721128463745,0.45235157012939453,-0.025576114654541016,0.4556773602962494,2,0.0
0.010427176021039486,0.010427176021039486,0.01096196100115776,0.0046839346177875996,0.006304181524957544,0.0,0.0,1.0,1.0,600,239008,0,20,1.2657341957092285,0.23772886952839284,-0.006963984575122595,-0.004372965544462204,-0.0012655605096369982,0.6963984575122595,1.0,0.4453849792480469,-0.03061532974243164,0.45400455594062805,0.4431939125061035,-0.0314483642578125,0.4540044665336609,2,0.0
0.012042107060551643,7.913876665099906e-09,0.002408325904980302,0.08822169899940491,0.0,0.0,1.0,1.0,1.0,600,239072,1,20,-0.13848838210105896,4.91674454431906,-0.006343108136206865,-0.0016457393066957593,0.007796980906277895,0.7796980906277895,1.0,0.4179372787475586,-0.03977560997009277,0.4630669951438904,0.44745635986328125,-0.027345657348632812,0.46306708455085754,2,0.0
0.019651953130960464,7.875059715445332e-09,0.019659053534269333,0.05021239072084427,0.0,0.0,1.0,1.0,1.0,600,243264,2,21,0.4153192937374115,1.7505775909959738,0.007214606739580631,0.009724422357976437,-0.00996048841625452,0.996048841625452,1.0,0.45038318634033203,-0.020110130310058594,0.44530951976776123,0.4610142707824707,-0.015975534915924072,0.4453096091747284,2,0.0
0.034620340913534164,7.913875776921486e-09,0.030541837215423584,0.08727643638849258,0.0,0.0,1.0,1.0,1.0,600,244096,15,21,0.20717044174671173,3.2506518043227945,-0.0034089318942278624,0.0025875007268041372,-0.008738594129681587,0.8738594129681587,1.0,0.4307538866996765,-0.031046390533447266,0.4465314745903015,0.4503912031650543,-0.023111820220947266,0.4465315043926239,2,0.0
0.0457187257707119,7.913876665099906e-09,0.025694357231259346,0.07665907591581345,0.0,0.0,1.0,1.0,1.0,600,245056,24,21,-0.03201942890882492,2.920063604861596,-0.009454352781176567,0.004701076541095972,-0.008826867677271366,0.9454352781176567,1.0,0.4266846179962158,-0.0280759334564209,0.4464431405067444,0.4443458318710327,-0.02099895477294922,0.44644322991371155,2,0.0
0.05760879069566727,-7.206811258875234e-10,0.0637395977973938,0.08938998728990555,0.0,0.0,1.0,1.0,1.0,600,245952,19,21,0.6069415211677551,1.4696631162124565,0.008306147530674934,-0.004663493949919939,-0.004315218422561884,0.8306147530674934,1.0,0.45317232608795166,-0.033812522888183594,0.450954794883728,0.46210625767707825,-0.03036332130432129,0.4509548842906952,2,0.0
1.0035748481750488,1.0035748481750488,1.003641128540039,0.0007718353299424052,1.0,1.0,0.0,0.0,0.0,273,246240,22,21,36.033897399902344,0.04042378091163289,0.00821660365909338,-0.0020371656864881516,-0.005036131478846073,0.821660365909338,1.0,0.46176981925964355,-0.02782893180847168,0.4502337872982025,0.22697973251342773,-0.2993267774581909,0.45023393630981445,2,1.0
0.08192896842956543,6.112801997915085e-08,0.13691575825214386,0.182101771235466,0.0,0.0,1.0,1.0,1.0,600,246656,27,21,0.19667698442935944,2.5889674100808775,-0.006785341072827578,0.006684175226837397,0.008084658533334732,0.8084658533334732,1.0,0.431337833404541,-0.025245249271392822,0.4633547067642212,0.44701504707336426,-0.019015759229660034,0.4633547365665436,2,0.0
0.02457733266055584,7.913876665099906e-09,0.0001146568902186118,0.07926788181066513,0.0,0.0,1.0,1.0,1.0,600,246688,5,21,-0.04158740118145943,4.535147851805971,0.005482158623635769,0.003591991728171706,0.005474646110087633,0.5482158623635769,1.0,0.43201494216918945,-0.033483028411865234,0.4607446789741516,0.45928192138671875,-0.022107601165771484,0.4607447683811188,2,0.0
4.418800926941913e-06,7.913875776921486e-09,1.2939563021063805e-05,0.05278819054365158,0.0,0.0,1.0,1.0,1.0,600,247072,31,21,0.4207092523574829,3.023800304532338,-0.006508698221296072,0.007005144376307726,0.003401724621653557,0.7005144376307726,1.0,0.42900943756103516,-0.026040077209472656,0.4586718678474426,0.44729089736938477,-0.01869487762451172,0.45867183804512024,2,0.0
0.00032488463330082595,5.413364423390021e-09,0.0005002837278880179,0.019594749435782433,0.0,0.0,0.0,1.0,1.0,600,247200,11,21,1.1223124265670776,1.094032593939374,-0.006895494181662798,-0.008944334462285042,-0.0026715900748968124,0.8944334462285042,1.0,0.4402456283569336,-0.03718996047973633,0.4525984823703766,0.44690489768981934,-0.034644126892089844,0.4525984823703766,2,0.0
0.00614076666533947,6.46680220484086e-09,0.006998349446803331,0.00849328376352787,0.0,0.0,0.0,1.0,1.0,600,247712,18,21,1.002244234085083,0.08565388723494573,0.0030768776778131723,0.0025718817487359047,0.0008197752758860588,0.30768776778131723,1.0,0.4563538730144501,-0.023322582244873047,0.4560898244380951,0.4568769633769989,-0.023128151893615723,0.45608988404273987,2,0.0
0.003998922649770975,7.913875776921486e-09,0.006850965321063995,0.015487748198211193,0.0,0.0,0.0,1.0,1.0,600,249600,4,21,1.166541576385498,0.4948518477616253,0.004815300926566124,-0.006961598992347717,-0.002524143550544977,0.6961598992347717,1.0,0.455596923828125,-0.033797264099121094,0.4527459144592285,0.4586148262023926,-0.03266143798828125,0.4527459442615509,2,0.0
0.023171214386820793,7.913875776921486e-09,0.00010764621401904151,0.08011440187692642,0.0,0.0,1.0,1.0,1.0,600,249600,7,21,-0.4640531837940216,4.584049444942323,0.0020270436070859432,-0.0036032029893249273,0.005122376140207052,0.5122376140207052,1.0,0.4282703399658203,-0.04081243276596069,0.4603923559188843,0.4558267593383789,-0.029303163290023804,0.46039244532585144,2,0.0
0.10466351360082626,7.913876665099906e-09,0.09312129020690918,0.15229637920856476,0.0,0.0,1.0,1.0,1.0,600,249600,8,21,0.10720318555831909,3.390483919322939,-0.008285955525934696,-0.009110321290791035,-0.005298126023262739,0.9110321290791035,1.0,0.42504215240478516,-0.043111324310302734,0.44997191429138184,0.4455137252807617,-0.034810423851013184,0.4499719440937042,2,0.0
0.014070624485611916,0.007674381136894226,0.022484291344881058,0.0519656166434288,0.0,0.0,1.0,1.0,1.0,600,249600,9,21,0.918347954750061,2.128864736691074,-0.008054529316723347,0.006946266628801823,0.004754447843879461,0.8054529316723347,1.0,0.4328336715698242,-0.023824453353881836,0.46002447605133057,0.44306325912475586,-0.019762039184570312,0.46002450585365295,2,0.0
0.029651952907443047,0.00023126088490244,0.0015527327777817845,0.029662400484085083,0.0,0.0,0.0,1.0,1.0,600,249600,10,21,0.5523858666419983,1.623815683302884,0.0035343037452548742,-0.00862354226410389,-0.0019488601246848702,0.862354226410389,1.0,0.44746899604797363,-0.038147926330566406,0.4533211588859558,0.45725345611572266,-0.034354209899902344,0.4533211886882782,2,0.0
0.028377586975693703,7.915716970785525e-09,0.0007384602795355022,0.02890348806977272,0.0,0.0,0.0,1.0,1.0,600,249600,13,21,0.5187498331069946,1.6137390198429997,0.0060440171509981155,-0.0052886344492435455,0.00484361732378602,0.6044017150998116,1.0,0.4500391483306885,-0.03478837013244629,0.46011364459991455,0.45984435081481934,-0.030988574028015137,0.4601137340068817,2,0.0
0.024508243426680565,6.3199272481995195e-09,0.025651825591921806,0.04354005306959152,0.0,0.0,0.0,1.0,1.0,600,249600,14,21,0.732609748840332,1.0249197239970131,-0.0066139549016952515,-0.0005554180825129151,-0.00010659179679350927,0.6613954901695251,1.0,0.440946102142334,-0.028636455535888672,0.45516347885131836,0.4471862316131592,-0.026255369186401367,0.45516350865364075,2,0.0
0.02930941991508007,0.00040964994695968926,0.06472361087799072,0.09443888813257217,0.0,0.0,1.0,1.0,1.0,600,249600,16,21,0.5541718006134033,1.7260291440670075,-0.0023493862245231867,-0.008255692198872566,-0.003956933040171862,0.8255692198872566,1.0,0.4409676194190979,-0.038030147552490234,0.4513130784034729,0.45130735635757446,-0.03400897979736328,0.45131316781044006,2,0.0
0.07282590121030807,-2.9156863035062486e-10,0.0008870449964888394,0.07523000985383987,0.0,0.0,1.0,1.0,1.0,600,249600,17,21,-0.44520899653434753,4.25954075417267,0.005073125474154949,-0.006899304687976837,0.004522562492638826,0.6899304687976837,1.0,0.4332362413406372,-0.04322156310081482,0.4597926139831543,0.4588732421398163,-0.03259924054145813,0.4597926437854767,2,0.0
0.0274827741086483,0.004776877351105213,0.05050625279545784,0.053731344640254974,0.0,0.0,1.0,1.0,1.0,600,249600,23,21,0.9735130667686462,0.4584792761623091,0.00983989518135786,0.008029347285628319,0.0012489651562646031,0.9839895181357861,1.0,0.46084344387054443,-0.018721699714660645,0.4565190374851227,0.4619694948196411,-0.0182952880859375,0.4565190374851227,2,0.0
0.04020131751894951,-1.9101344117533614e-10,9.020489414979238e-06,0.04474989324808121,0.0,0.0,0.0,1.0,1.0,600,249600,30,21,0.1524210125207901,2.5634658315975773,-0.0005156329716555774,-0.005387776996940374,0.009115112014114857,0.9115112014114857,1.0,0.4377598762512207,-0.03725242614746094,0.46438515186309814,0.45328378677368164,-0.031087398529052734,0.46438518166542053,2,0.0
0.27648183703422546,7.913876665099906e-09,0.2765920162200928,0.316925585269928,0.0,0.0,1.0,1.0,1.0,600,254464,20,22,1.3179264068603516,2.310943492698451,-0.00287265470251441,-0.006580801215022802,-0.005891710519790649,0.6580801215022802,1.0,0.43692028522491455,-0.037807464599609375,0.4493783116340637,0.45092761516571045,-0.03228044509887695,0.4493784010410309,2,0.5396825671195984
0.07961328327655792,7.937684287639968e-09,4.155712076681084e-07,0.0806007906794548,0.0,0.0,1.0,1.0,1.0,600,255904,25,22,-0.6295006275177002,4.618062079461694,0.009435676969587803,-0.005190135911107063,0.004955488257110119,0.9435676969587803,1.0,0.43547844886779785,-0.04249382019042969,0.46022552251815796,0.46323609352111816,-0.03088998794555664,0.4602256119251251,2,0.0
0.011738600209355354,7.913875776921486e-09,0.004650253802537918,0.05284065380692482,0.0,0.0,1.0,1.0,1.0,600,256000,12,22,1.0931869745254517,2.761107173628828,-0.00245280540548265,-0.005311806686222553,-0.004695701412856579,0.5311806686222553,1.0,0.43463802337646484,-0.03768038749694824,0.4505743384361267,0.45134758949279785,-0.031011760234832764,0.4505743682384491,2,0.0
0.04312647506594658,-3.3546526667649346e-10,0.016753079369664192,0.06354277580976486,0.0,0.0,1.0,1.0,1.0,600,256160,28,22,0.13044577836990356,2.6808518105509433,0.0024462570436298847,-0.008477648720145226,0.00976285059005022,0.976285059005022,1.0,0.4400184154510498,-0.040641069412231445,0.4650328755378723,0.45624661445617676,-0.03417766094207764,0.4650329649448395,2,0.0
0.019533000886440277,9.2539114120882e-05,0.025848358869552612,0.04362557828426361,0.0,0.0,0.0,1.0,1.0,600,257088,3,22,0.7408347725868225,1.0238621118927191,-0.004695859272032976,0.0005482576671056449,0.0009400876006111503,0.4695859272032976,1.0,0.4428706169128418,-0.027530193328857422,0.4562101364135742,0.44907140731811523,-0.02516341209411621,0.45621010661125183,2,0.0
0.03277876228094101,0.022980082780122757,0.03653305023908615,0.05155964195728302,0.0,0.0,1.0,1.0,1.0,600,257440,6,22,0.7323602437973022,2.1776222555246214,-0.004847565200179815,-0.002480344148352742,0.007550532929599285,0.7550532929599285,1.0,0.4357476234436035,-0.03337240219116211,0.46282052993774414,0.4409446716308594,-0.03125953674316406,0.4628206193447113,2,0.0
0.015038137324154377,7.913875776921486e-09,0.015759121626615524,0.048035234212875366,0.0,0.0,0.0,1.0,1.0,600,257472,26,22,1.2408944368362427,1.8492843899515305,0.0062982793897390366,-0.0067388094030320644,-0.006394572090357542,0.6738809403032064,1.0,0.4488716125488281,-0.03681588172912598,0.4488755464553833,0.4600985050201416,-0.03243875503540039,0.4488755166530609,2,0.0
0.026596184819936752,7.913875776921486e-09,0.0011477092048153281,0.07189471274614334,0.0,0.0,1.0,1.0,1.0,600,257792,21,22,-0.07449853420257568,4.053505109651474,-0.003230733796954155,0.0004948416608385742,-0.005790268536657095,0.5790268536657095,1.0,0.42615365982055664,-0.03527021408081055,0.4494798183441162,0.4505695104598999,-0.025205135345458984,0.4494798481464386,2,0.0
6.295638013398275e-05,7.913875776921486e-09,6.997113086981699e-05,0.026853719726204872,0.0,0.0,0.0,1.0,1.0,600,258016,29,22,0.8082637786865234,1.5345963372695925,-0.004914803430438042,-0.009684517048299313,-0.005889433436095715,0.9684517048299313,1.0,0.4395585060119629,-0.03899121284484863,0.4493805766105652,0.448885440826416,-0.035384416580200195,0.44938066601753235,2,0.0
0.03512997925281525,0.03512997925281525,0.0637701153755188,0.05730156600475311,0.006659391139595409,0.0,1.0,1.0,1.0,600,258208,0,22,1.2104732990264893,1.6421804611554616,-0.006265862379223108,0.0039697494357824326,0.0035847004037350416,0.6265862379223108,1.0,0.4375572204589844,-0.02559947967529297,0.4588548243045807,0.4353213310241699,-0.02651214599609375,0.4588547945022583,2,0.0
0.009124922566115856,0.0002652427938301116,0.009244652464985847,0.02461117133498192,0.0,0.0,0.0,1.0,1.0,600,258272,1,22,0.7901757955551147,0.8956337412404864,0.0076026590541005135,-0.0035327053628861904,0.0034817811101675034,0.7602659054100513,1.0,0.4559469223022461,-0.031307220458984375,0.4587518572807312,0.46130990982055664,-0.029266834259033203,0.45875176787376404,2,0.0
0.3148517310619354,7.913876665099906e-09,0.31487905979156494,0.3738209009170532,0.0,0.0,1.0,1.0,1.0,600,262464,2,23,1.2197731733322144,3.3771172391172235,0.007295450195670128,-0.007730893325060606,-0.0059403907507658005,0.7730893325060606,1.0,0.4407029151916504,-0.04169657826423645,0.4493297338485718,0.46109485626220703,-0.03343084454536438,0.4493297040462494,2,0.0317460335791111
0.05468473583459854,7.913876665099906e-09,0.00045783116365782917,0.056672342121601105,0.0,0.0,1.0,1.0,1.0,600,263296,15,23,-0.05702453851699829,3.220854677181791,-0.0034237804356962442,-0.009112284518778324,-0.0019859550520777702,0.9112284518778324,1.0,0.4309169054031372,-0.042668819427490234,0.4532840847969055,0.4503763020038605,-0.034811973571777344,0.4532841145992279,2,0.0
0.007093567401170731,7.913875776921486e-09,0.007067339029163122,0.06773360073566437,0.0,0.0,1.0,1.0,1.0,600,264256,24,23,0.16778817772865295,3.475921261546747,-0.009220561943948269,-0.003532429225742817,0.004057199694216251,0.9220561943948269,1.0,0.4235985279083252,-0.03775787353515625,0.4593272805213928,0.44457972049713135,-0.029232263565063477,0.4593273103237152,2,0.0
0.019504118710756302,2.3387191561141663e-07,0.048120155930519104,0.07751405239105225,0.0,0.0,1.0,1.0,1.0,600,265152,19,23,0.5825397968292236,1.6841592306811832,0.0016961905639618635,-0.005832973401993513,-0.005713894031941891,0.5832973401993513,1.0,0.4452659487724304,-0.035504817962646484,0.4495561718940735,0.45549628138542175,-0.03153276443481445,0.4495562016963959,2,0.0
0.28339776396751404,0.28339776396751404,0.24214082956314087,0.03994203358888626,0.22006810478170716,0.0,0.0,0.0,1.0,600,265440,22,23,7.467839241027832,4.652357739944798,-0.005532065872102976,-0.0016944978851824999,-0.002293372992426157,0.5532065872102976,1.0,0.42030787467956543,-0.03909185528755188,0.45297664403915405,0.3555867671966553,-0.07770606875419617,0.45297670364379883,2,0.0
0.013251902535557747,7.913875776921486e-09,0.00040837383130565286,0.05484685301780701,0.0,0.0,1.0,1.0,1.0,600,265856,27,23,0.2649300694465637,3.119095530719179,-0.005176743026822805,-0.0060198078863322735,-0.004197430331259966,0.6019807886332273,1.0,0.42977213859558105,-0.03931158781051636,0.451072633266449,0.4486236572265625,-0.03171977400779724,0.45107266306877136,2,0.0
0.0035671894438564777,7.913870447850968e-09,0.0026284202467650175,0.03539160266518593,0.0,0.0,0.0,1.0,1.0,600,265888,5,23,0.8775023818016052,1.8771944638909066,0.0012663084780797362,-0.005348013713955879,-0.00203245528973639,0.5348013713955879,1.0,0.44367074966430664,-0.035494327545166016,0.45323753356933594,0.4550657272338867,-0.031047821044921875,0.4532376229763031,2,0.0
0.3642776608467102,0.3642776608467102,0.49270015954971313,0.21417048573493958,0.3046530434954454,0.0,1.0,0.0,1.0,600,266272,31,23,8.587836265563965,4.912999039332954,-0.004290258977562189,-0.007838023826479912,-0.0075623998418450356,0.7838023826479912,1.0,0.4200119972229004,-0.045957326889038086,0.4477076530456543,0.3333439826965332,-0.10282015800476074,0.4477075934410095,2,0.0
0.07275243103504181,-1.1121749354803256e-10,6.102486622694414e-06,0.07643259316682816,0.0,0.0,1.0,1.0,1.0,600,266400,11,23,-0.4859854280948639,4.378915812278391,0.002031550742685795,-0.0014135200763121247,-0.006855989806354046,0.6855989806354046,1.0,0.4294877052307129,-0.03806042671203613,0.4484140872955322,0.45583176612854004,-0.02711343765258789,0.4484141170978546,2,0.0
0.05790670961141586,1.4301598127985926e-08,9.29558154894039e-05,0.06231553480029106,0.0,0.0,1.0,1.0,1.0,600,266912,18,23,-0.18208150565624237,3.5650934365860834,0.00047788769006729126,-0.004883411806076765,-0.009671851061284542,0.9671851061284542,1.0,0.4327656030654907,-0.03934431076049805,0.44559818506240845,0.45427802205085754,-0.030583500862121582,0.4455982744693756,2,0.0
0.06525059789419174,1.8132602974674228e-07,0.030482525005936623,0.09622769057750702,0.0,0.0,1.0,1.0,1.0,600,268800,4,23,-0.21980375051498413,3.7669317164188953,0.006816952954977751,-0.009166853502392769,-0.005658761598169804,0.9166853502392769,1.0,0.43790292739868164,-0.04416370391845703,0.4496113061904907,0.4606165885925293,-0.0348668098449707,0.4496113359928131,2,0.0
0.06267034262418747,7.913875776921486e-09,0.0458390899002552,0.12875281274318695,0.0,0.0,1.0,1.0,1.0,600,268800,7,23,-0.3542923927307129,4.750605315400377,0.004156316164880991,0.008502691052854061,-0.0007755198166705668,0.8502691052854061,1.0,0.4294161796569824,-0.029165983200073242,0.4544944763183594,0.45795583724975586,-0.01719728112220764,0.45449456572532654,2,0.0
4.7253578827621823e-07,7.913876665099906e-09,8.475512913719285e-06,0.0031935428269207478,0.0,0.0,0.0,1.0,1.0,600,268800,8,23,1.5138561725616455,0.18249139548278076,-0.0045846616849303246,-0.006885273847728968,0.008046377450227737,0.8046377450227737,1.0,0.4481015205383301,-0.033000946044921875,0.4633164703845978,0.4492149353027344,-0.0325852632522583,0.4633164703845978,2,0.0
0.02828998491168022,7.913876665099906e-09,0.00015291171439457685,0.07388707995414734,0.0,0.0,1.0,1.0,1.0,600,268800,9,23,-0.3748116195201874,4.224655136100007,0.0045310636050999165,-0.002937178360298276,0.0008028735173866153,0.45310636050999165,1.0,0.43290090560913086,-0.03916478157043457,0.45607292652130127,0.4583306312561035,-0.028636932373046875,0.45607295632362366,2,0.0
0.045831408351659775,0.006206571124494076,0.007937010377645493,0.04863772913813591,0.0,0.0,0.0,1.0,1.0,600,268800,10,23,0.22766177356243134,2.687589792167161,0.00565133523195982,0.0013436346780508757,-0.00018337757501285523,0.565133523195982,1.0,0.44318318367004395,-0.030837059020996094,0.45508670806884766,0.45728158950805664,-0.025169849395751953,0.45508673787117004,2,0.0
0.05310920253396034,0.0008223304175771773,0.010065632872283459,0.06522675603628159,0.0,0.0,1.0,1.0,1.0,600,268800,13,23,-0.06467695534229279,3.2076143554757213,0.008007066324353218,0.003254252253100276,0.005459005944430828,0.8007066324353218,1.0,0.4424269199371338,-0.030268192291259766,0.46072906255722046,0.4615194797515869,-0.02255260944366455,0.4607289731502533,2,0.0
0.002844068920239806,7.913875776921486e-09,0.0016668869648128748,0.04122600331902504,0.0,0.0,0.0,1.0,1.0,600,268800,14,23,0.5434593558311462,2.2665709553120514,-0.008635681122541428,0.00032022673985920846,-0.008542010560631752,0.8635681122541428,1.0,0.4314243793487549,-0.030794620513916016,0.44672805070877075,0.44516468048095703,-0.025379657745361328,0.44672808051109314,2,0.0
9.248669084627181e-05,7.913876665099906e-09,0.00010002911585615948,0.015179851092398167,0.0,0.0,0.0,1.0,1.0,600,268800,16,23,1.1904304027557373,0.8640107657961207,0.0031417328864336014,-0.00773922773078084,0.008981461636722088,0.8981461636722088,1.0,0.4516788125038147,-0.035439491271972656,0.46425145864486694,0.4569418728351593,-0.03343915939331055,0.4642515480518341,2,0.0
0.0141531927511096,0.0014474708586931229,0.01757199689745903,0.030797816812992096,0.0,0.0,0.0,1.0,1.0,600,268800,17,23,0.8027603030204773,0.8407173127662914,0.004540367051959038,3.841435682261363e-05,0.006627510767430067,0.6627510767430067,1.0,0.4532189667224884,-0.02760663628578186,0.4618975818157196,0.45783403515815735,-0.025849968194961548,0.4618976414203644,2,0.0
0.06625272333621979,0.008983099833130836,0.1128646731376648,0.1581507921218872,0.0,0.0,1.0,1.0,1.0,600,268800,23,23,0.16735288500785828,3.1093960217675263,0.004524740390479565,0.006379436701536179,-0.006913263350725174,0.6913263350725174,1.0,0.4395313262939453,-0.02688729763031006,0.4483566880226135,0.45518600940704346,-0.020502328872680664,0.44835683703422546,2,0.0
0.026479307562112808,0.0003802285355050117,0.015918899327516556,0.044781722128391266,0.0,0.0,0.0,1.0,1.0,600,268800,30,23,0.47591346502304077,1.6755037801771904,-0.0035935475025326014,0.005555967800319195,0.000837099039927125,0.5555967800319195,1.0,0.44002819061279297,-0.024094581604003906,0.45610713958740234,0.4500732421875,-0.02019357681274414,0.45610716938972473,2,0.0
0.004714212846010923,2.0903182303300127e-05,0.00022133126913104206,0.00604096008464694,0.0,0.0,0.0,1.0,1.0,600,273664,20,24,0.9564946889877319,0.3346379146696345,-0.002353329909965396,0.0005146866315044463,0.002130697015672922,0.2353329909965396,1.0,0.44940483570098877,-0.025950908660888672,0.4574007987976074,0.45143938064575195,-0.025187969207763672,0.45740073919296265,2,0.0
1.0019323825836182,1.0019323825836182,1.0019862651824951,0.009910684078931808,1.0,1.0,0.0,0.0,0.0,272,273856,19,24,35.70560836791992,0.5647486953546565,0.00489295506849885,0.007377102971076965,-0.0009936150163412094,0.7377102971076965,1.0,0.4552493691444397,-0.01962137222290039,0.4542764127254486,0.22378531098365784,-0.28931307792663574,0.4542763829231262,2,1.0
0.04499464109539986,7.913875776921486e-09,0.04101476073265076,0.11248181015253067,0.0,0.0,1.0,1.0,1.0,600,275104,25,24,0.2259281575679779,4.094758171577882,-0.0010153150651603937,-0.007740292698144913,-0.0017884952249005437,0.7740292698144913,1.0,0.42812466621398926,-0.04361677169799805,0.4534814953804016,0.45278501510620117,-0.03344011306762695,0.4534815847873688,2,0.0
0.06854056566953659,7.913875776921486e-09,1.694097591098398e-06,0.07021071761846542,0.0,0.0,1.0,1.0,1.0,600,275200,12,24,-0.38559579849243164,4.022681319700853,0.0019288698676973581,-0.00849433708935976,-0.006207654718309641,0.849433708935976,1.0,0.43149638175964355,-0.04417622089385986,0.44906240701675415,0.45572924613952637,-0.03419429063796997,0.44906243681907654,2,0.0
0.0022487062960863113,7.913876665099906e-09,0.0027634594589471817,0.016703562811017036,0.0,0.0,0.0,1.0,1.0,600,275360,28,24,1.6941304206848145,0.7987097817408618,-0.00479372451081872,-0.00967733096331358,0.006016131024807692,0.967733096331358,1.0,0.4441399574279785,-0.0372234582901001,0.4612862169742584,0.4490065574645996,-0.0353773832321167,0.4612862169742584,2,0.0
0.10991835594177246,0.027894048020243645,0.18541765213012695,0.16124626994132996,0.024261716582035034,0.0,1.0,1.0,1.0,600,276288,3,24,1.6228374242782593,0.2132920935243136,-0.007040220778435469,-0.0034266680013388395,-0.004882864188402891,0.7040220778435469,1.0,0.44545745849609375,-0.02961289882659912,0.4503871500492096,0.43704843521118164,-0.03288853168487549,0.450387179851532,2,0.0
0.06246568262577057,7.913875776921486e-09,0.04929085448384285,0.11985009908676147,0.0,0.0,1.0,1.0,1.0,600,276640,6,24,-0.11216674000024796,4.042747134821881,0.003529398702085018,0.008260210044682026,-0.009603019803762436,0.9603019803762436,1.0,0.43297767639160156,-0.027475357055664062,0.445667028427124,0.45732879638671875,-0.017439603805541992,0.4456670582294464,2,0.0
0.07503674179315567,7.946464819497123e-09,0.0002661278413143009,0.07566022127866745,0.0,0.0,1.0,1.0,1.0,600,276672,26,24,-0.4260597825050354,4.319764239631966,0.008611946366727352,-0.006553427781909704,0.0025080295745283365,0.8611946366727352,1.0,0.4364185333251953,-0.04303932189941406,0.45777809619903564,0.46241211891174316,-0.032253265380859375,0.45777812600135803,2,0.0
0.015684422105550766,2.0217358454033274e-08,7.7627926657442e-05,0.018674341961741447,0.0,0.0,0.0,1.0,1.0,600,276992,21,24,0.6961402893066406,1.0655146331638667,0.00034729824983514845,0.0013277711113914847,0.0052491468377411366,0.5249146837741137,1.0,0.44766128063201904,-0.026849746704101562,0.4605191648006439,0.45414745807647705,-0.024372100830078125,0.4605192244052887,2,0.0
0.06407605856657028,7.913875776921486e-09,3.597288468881743e-06,0.06745027750730515,0.0,0.0,1.0,1.0,1.0,600,277216,29,24,-0.009810363873839378,3.864410468706025,0.0016489026602357626,-0.008247957564890385,0.008651543408632278,0.8651543408632278,1.0,0.4321560859680176,-0.043504953384399414,0.4639214873313904,0.45544934272766113,-0.03394770622253418,0.4639216363430023,2,0.0
8.844172407407314e-05,7.913876665099906e-09,9.60774123086594e-05,0.025482170283794403,0.0,0.0,0.0,1.0,1.0,600,277408,0,24,1.027529001235962,1.45451674484113,-0.005548323970288038,-0.006412300746887922,-0.0002944856241811067,0.6412300746887922,1.0,0.4394097328186035,-0.03552532196044922,0.45497554540634155,0.44825124740600586,-0.03211212158203125,0.4549756348133087,2,0.0
0.024625765159726143,0.0235925130546093,0.02516987733542919,0.05160579830408096,0.0,0.0,1.0,1.0,1.0,600,277472,1,24,0.5474117994308472,2.866417805016435,0.004084326326847076,0.002431656001135707,0.009389501996338367,0.9389501996338367,1.0,0.44054412841796875,-0.030206918716430664,0.46465951204299927,0.4496636390686035,-0.026432514190673828,0.4646594822406769,2,0.0
0.041502680629491806,0.00042281433707103133,0.0007472214056178927,0.047935500741004944,0.0,0.0,0.0,1.0,1.0,600,281664,2,25,0.0816122442483902,2.7279156559137396,-0.008674033917486668,-0.000349781388649717,0.006071244832128286,0.8674033917486668,1.0,0.4286155700683594,-0.03263333439826965,0.46134132146835327,0.4449777603149414,-0.026104778051376343,0.4613412916660309,2,0.0
1.0055242776870728,1.0055242776870728,1.0074200630187988,0.017711030319333076,1.0,1.0,0.0,0.0,0.0,213,282016,12,25,33.48560333251953,0.9061431612173146,0.009943109005689621,-0.0014078815001994371,0.005196878220885992,0.9943109005689621,1.0,0.4582245349884033,-0.02920737862586975,0.4604669511318207,0.22855424880981445,-0.29940930008888245,0.4604669213294983,2,0.8399999737739563
0.014258051291108131,0.00025785164325498044,0.01429367158561945,0.028448501601815224,0.0,0.0,0.0,1.0,1.0,600,282496,15,25,0.7875653505325317,0.8257858255495559,0.009284785017371178,-0.006928374990820885,0.0039030127227306366,0.9284785017371178,1.0,0.4580540657043457,-0.03453874588012695,0.4591731131076813,0.4629944860935211,-0.032662391662597656,0.4591729938983917,2,0.0
0.014512144960463047,7.913876665099906e-09,0.004298126790672541,0.06973192095756531,0.0,0.0,1.0,1.0,1.0,600,283456,24,25,0.5944584608078003,3.7490797363625976,0.003672380466014147,0.001228781882673502,0.009232881478965282,0.9232881478965282,1.0,0.43486523628234863,-0.03372049331665039,0.4645029306411743,0.45747244358062744,-0.024471282958984375,0.4645029604434967,2,0.0
0.019309569150209427,1.8543781266089354e-07,0.00022180841187946498,0.01992383599281311,0.0,0.0,0.0,1.0,1.0,600,284640,22,25,0.670003354549408,1.1288536453800395,0.0017835079925134778,0.0031592673622071743,0.004391761962324381,0.4391761962324381,1.0,0.4487133026123047,-0.025169730186462402,0.4596617817878723,0.45558369159698486,-0.022540688514709473,0.4596618711948395,2,0.0
0.04071355611085892,5.568684287027281e-07,0.00010350074444431812,0.04351489990949631,0.0,0.0,0.0,1.0,1.0,600,285056,27,25,0.22037619352340698,2.487322028956629,0.002661233302205801,-0.008607438765466213,0.008562544360756874,0.8607438765466213,1.0,0.4413948059082031,-0.040278851985931396,0.4638326168060303,0.45646142959594727,-0.03430745005607605,0.46383264660835266,2,0.0
0.0002531213976908475,7.913876665099906e-09,0.00031475938158109784,0.025478221476078033,0.0,0.0,0.0,1.0,1.0,600,285088,5,25,1.0328704118728638,1.4417611531227197,-0.009824358858168125,-0.007328556850552559,-0.004011955577880144,0.9824358858168125,1.0,0.435211181640625,-0.03641033172607422,0.4512581527233124,0.44397544860839844,-0.03302812576293945,0.4512581527233124,2,0.0
1.005799651145935,1.005799651145935,1.0063843727111816,0.010969552211463451,1.0,1.0,0.0,0.0,0.0,270,285280,6,25,35.69898986816406,0.5950048859130792,0.0023233199026435614,0.003836975898593664,0.0014572133077308536,0.3836975898593664,1.0,0.4524955749511719,-0.02323174476623535,0.4567272961139679,0.22091293334960938,-0.294264554977417,0.4567273259162903,2,1.0
0.019771646708250046,0.019771646708250046,0.020170528441667557,0.020025821402668953,0.00014759835591474562,0.0,0.0,1.0,1.0,600,285472,31,25,1.095561146736145,1.1245411279711168,-9.30526657612063e-05,-0.0044981446117162704,0.005263319239020348,0.5263319239020348,1.0,0.44686317443847656,-0.03281688690185547,0.46053335070610046,0.44681262969970703,-0.0328364372253418,0.46053335070610046,2,0.0
0.0011550828348845243,7.913875776921486e-09,0.0020853953901678324,0.02390192449092865,0.0,0.0,0.0,1.0,1.0,600,285600,11,25,0.9495965838432312,1.249995694768384,-0.009573073126375675,-0.007929169572889805,-0.009152648039162159,0.9573073126375675,1.0,0.43662261962890625,-0.03654813766479492,0.44611743092536926,0.4442272186279297,-0.03362894058227539,0.44611743092536926,2,0.0
0.05318831652402878,3.947502769108269e-09,0.0013200807152315974,0.057885944843292236,0.0,0.0,1.0,1.0,1.0,600,286112,18,25,-0.08792507648468018,3.2409866597604036,0.0037610961589962244,0.008328566327691078,-0.009258714504539967,0.9258714504539967,1.0,0.4379815459251404,-0.025280475616455078,0.4460112452507019,0.4575612246990204,-0.017371296882629395,0.44601139426231384,2,0.0
0.06695623695850372,7.913868671494129e-09,0.001554605201818049,0.07283725589513779,0.0,0.0,1.0,1.0,1.0,600,288000,4,25,-0.35404282808303833,4.08419699157375,-0.006256833206862211,0.0028363352175801992,-0.003485687542706728,0.6256833206862211,1.0,0.4229450225830078,-0.033011436462402344,0.45178431272506714,0.447542667388916,-0.02286386489868164,0.4517844021320343,2,0.0
0.04406384751200676,1.418544428588575e-07,0.03621692582964897,0.08591941744089127,0.0,0.0,1.0,1.0,1.0,600,288000,7,25,0.06683328002691269,2.8477517517884365,-0.0011271436233073473,-0.0012895906111225486,0.005369278136640787,0.5369278136640787,1.0,0.43544483184814453,-0.03388035297393799,0.4606392979621887,0.45267248153686523,-0.02698954939842224,0.4606393873691559,2,0.0
0.004924135748296976,7.913876665099906e-09,0.005003616213798523,0.013966375030577183,0.0,0.0,0.0,1.0,1.0,600,288000,8,25,1.3646496534347534,0.5135286265210549,-0.005830594338476658,-0.005283537786453962,0.0034623979590833187,0.5830594338476658,1.0,0.4448375701904297,-0.03216278553009033,0.4587324559688568,0.4479689598083496,-0.030983567237854004,0.4587325155735016,2,0.0
0.07054101675748825,7.913871336029388e-09,8.337345207110047e-06,0.07472679018974304,0.0,0.0,1.0,1.0,1.0,600,288000,9,25,-0.5186184048652649,4.281053288737272,-0.001797615084797144,0.00043913163244724274,-0.008621472865343094,0.8621472865343094,1.0,0.4262380599975586,-0.03594183921813965,0.44664859771728516,0.45200204849243164,-0.02526092529296875,0.44664862751960754,2,0.0
0.05341190844774246,0.00025455577997490764,0.006047565955668688,0.0641908198595047,0.0,0.0,1.0,1.0,1.0,600,288000,10,25,-0.14583048224449158,3.3459485246135166,0.004472868517041206,0.0071912165731191635,0.004419045522809029,0.7191216573119164,1.0,0.4380669593811035,-0.026692867279052734,0.45968908071517944,0.45818376541137695,-0.018541812896728516,0.45968905091285706,2,0.0
0.020628906786441803,0.01314293872565031,0.021144265308976173,0.016550486907362938,0.004633386255525322,0.0,0.0,1.0,1.0,600,288000,13,25,1.2112699747085571,0.4898310183914312,0.00017750072584021837,-0.003208800917491317,-0.0070359292440116405,0.703592924401164,1.0,0.4509904384613037,-0.030032992362976074,0.44823411107063293,0.4493892192840576,-0.03064727783203125,0.44823408126831055,2,0.0
0.0008814004831947386,7.913876665099906e-09,8.977201105153654e-06,0.03960013762116432,0.0,0.0,0.0,1.0,1.0,600,288000,14,25,0.6396248936653137,2.26840763586855,0.005995600484311581,0.0009505047928541899,0.006161959376186132,0.6161959376186132,1.0,0.4460442066192627,-0.03016948699951172,0.46143198013305664,0.4597959518432617,-0.024749755859375,0.4614320695400238,2,0.0
0.02909337542951107,2.6668754799175076e-05,0.0003922352334484458,0.03262900933623314,0.0,0.0,0.0,1.0,1.0,600,288000,16,25,0.3593622148036957,1.8485597495692745,0.007395519409328699,0.0038884629029780626,0.006483766250312328,0.7395519409328699,1.0,0.449972927570343,-0.02618694305419922,0.4617537260055542,0.4611860513687134,-0.021814823150634766,0.46175381541252136,2,0.0
0.08835669606924057,7.913875776921486e-09,0.06383066624403,0.13382047414779663,0.0,0.0,1.0,1.0,1.0,600,288000,17,25,-0.011518795043230057,4.010119748043553,-0.005029257852584124,-0.004117774777114391,-0.008554504252970219,0.8554504252970219,1.0,0.42461255192756653,-0.03976580500602722,0.4467155337333679,0.4487708508968353,-0.02981773018836975,0.4467155635356903,2,0.0
0.04808375611901283,0.005448815878480673,0.04809858277440071,0.08556044101715088,0.0,0.0,1.0,1.0,1.0,600,288000,23,25,0.7697637677192688,2.458601510383548,-0.009757015854120255,0.00437327241525054,0.009058156050741673,0.9757015854120255,1.0,0.42914867401123047,-0.027225375175476074,0.46432822942733765,0.4421377182006836,-0.022040128707885742,0.46432819962501526,2,0.0
0.00720748957246542,7.913876665099906e-09,0.0059054880402982235,0.06819727271795273,0.0,0.0,1.0,1.0,1.0,600,288000,30,25,0.29306307435035706,3.569057721069041,0.0016688184114173055,0.0019317506812512875,0.008226115256547928,0.8226115256547928,1.0,0.4339327812194824,-0.03253984451293945,0.46349620819091797,0.45546817779541016,-0.023767948150634766,0.46349623799324036,2,0.0
0.0695737674832344,1.460548681997409e-09,0.07105949521064758,0.07859650999307632,0.0,0.0,1.0,1.0,1.0,600,292864,20,26,0.8421704173088074,0.43183828338723307,0.008108585141599178,0.00807027518749237,-0.003562432946637273,0.8108585141599178,1.0,0.4592742919921875,-0.018619060516357422,0.451707661151886,0.4619086980819702,-0.017629146575927734,0.4517076909542084,2,0.0
0.07709252834320068,7.913875776921486e-09,3.806989923305082e-07,0.07895049452781677,0.0,0.0,1.0,1.0,1.0,600,293056,19,26,-0.5853521823883057,4.523508782573446,0.009109960868954659,-0.0013881876366212964,-0.004739989526569843,0.9109960868954659,1.0,0.43571120500564575,-0.03843092918395996,0.4505300521850586,0.46291008591651917,-0.027087926864624023,0.450530081987381,2,0.0
0.014964141882956028,7.913875776921486e-09,0.0014372806763276458,0.05446620285511017,0.0,0.0,1.0,1.0,1.0,600,294304,25,26,0.43242400884628296,3.0383347336427136,-0.0005740222404710948,0.0022908078972250223,-6.0077760281274095e-05,0.22908078972250223,1.0,0.4348576068878174,-0.030791282653808594,0.4552099108695984,0.45322632789611816,-0.023408889770507812,0.45521000027656555,2,0.0
0.027730628848075867,2.2436634594669158e-07,0.05854713171720505,0.08091262727975845,0.0,0.0,1.0,1.0,1.0,600,294560,28,26,0.726806104183197,1.2814614157792805,-0.009070764295756817,-0.004333550110459328,-0.004212179221212864,0.9070764295756817,1.0,0.4369347095489502,-0.033028244972229004,0.45105788111686707,0.4447295665740967,-0.030033469200134277,0.45105794072151184,2,0.0
0.06304068118333817,7.661276058001931e-09,0.08211015909910202,0.10509246587753296,0.0,0.0,1.0,1.0,1.0,600,295488,3,26,0.6692545413970947,1.3167896087658195,-0.00425506429746747,0.004756431095302105,0.004957720171660185,0.4957720171660185,1.0,0.44153642654418945,-0.02402317523956299,0.4602277874946594,0.44954442977905273,-0.020943522453308105,0.4602278172969818,2,0.0
0.04664033651351929,5.118358714639726e-08,0.0654473751783371,0.08310072869062424,0.0,0.0,1.0,1.0,1.0,600,295872,26,26,0.8035241365432739,1.011464784940617,-0.009935420006513596,0.003408094635233283,0.009563567116856575,0.9935420006513596,1.0,0.43770647048950195,-0.02464127540588379,0.4648336172103882,0.4438648223876953,-0.022291898727416992,0.46483364701271057,2,0.0
0.09976054728031158,0.048082392662763596,0.147614985704422,0.15283378958702087,0.0,0.0,1.0,1.0,1.0,600,296192,21,26,0.9470008015632629,3.053932964716319,-0.0018966394709423184,0.008545453660190105,-0.0017539216205477715,0.8545453660190105,1.0,0.43344151973724365,-0.024577617645263672,0.4535161852836609,0.43523120880126953,-0.023807525634765625,0.4535161256790161,2,0.0
0.06983210891485214,8.590574473998913e-09,0.10085926949977875,0.12531255185604095,0.0,0.0,1.0,1.0,1.0,600,296416,29,26,0.5902447700500488,1.4010697675338397,-0.0012279256479814649,0.0068368129432201385,-0.005183345638215542,0.6836812943220139,1.0,0.44405317306518555,-0.022146224975585938,0.45008671283721924,0.4525723457336426,-0.018863201141357422,0.4500867426395416,2,0.0
0.03503209725022316,0.004647651221603155,0.07310739159584045,0.10532261431217194,0.0,0.0,1.0,1.0,1.0,600,296608,0,26,0.4223492741584778,2.112086803881761,-0.002532682614400983,0.0069412714801728725,-0.003555011237040162,0.6941271480172873,1.0,0.43845605850219727,-0.023787498474121094,0.4517149329185486,0.44964170455932617,-0.019366741180419922,0.45171496272087097,2,0.0
0.03934463858604431,0.03934463858604431,0.08848555386066437,0.049880098551511765,0.03863402423747865,0.0,0.0,1.0,1.0,600,296672,1,26,1.8144680261611938,0.042351408371777255,-0.003749743103981018,0.009111366234719753,0.0023794597946107388,0.9111366234719753,1.0,0.44979143142700195,-0.016684770584106445,0.45764946937561035,0.4363837242126465,-0.0219728946685791,0.4576495289802551,2,0.0
