max_angle,final_angle,cumulative_increase,regression_amount,progress,success,regression_event,stalled,lost_contact,episode_steps,env_steps,env_index,policy_version,return_value,initial_angle_deg,offset_x_m,offset_y_m,offset_z_m,offset_linf_cm,friction_scale,initial_handle_x_m,initial_handle_y_m,initial_handle_z_m,final_handle_x_m,final_handle_y_m,final_handle_z_m,curriculum_level,quality_score,contact_stability
1.0054110288619995,1.0054110288619995,1.0054620504379272,5.09942983626388e-05,1.0,1.0,0.0,0.0,0.0,264,8448,6,0,35.560665130615234,0.0,0.0,0.0,0.0,0.0,1.0,0.4537997245788574,-0.025699853897094727,0.45527008175849915,0.21861982345581055,-0.2979600429534912,0.45527011156082153,0,1.0,1.0
1.005552053451538,1.005552053451538,1.0057368278503418,0.000184805627213791,1.0,1.0,0.0,0.0,0.0,265,8480,29,0,35.609169006347656,0.0,0.0,0.0,0.0,0.0,1.0,0.4538004398345947,-0.025700092315673828,0.45527008175849915,0.21860909461975098,-0.29801154136657715,0.45527005195617676,0,1.0,1.0
1.0018362998962402,1.0018362998962402,1.0064767599105835,0.004640574101358652,1.0,1.0,0.0,0.0,0.0,266,8512,9,0,35.656349182128906,0.0,0.0,0.0,0.0,0.0,1.0,0.4537997245788574,-0.025700092315673828,0.45527008175849915,0.21889972686767578,-0.29665517807006836,0.455269992351532,0,1.0,1.0
1.0016326904296875,1.0016326904296875,1.0020849704742432,0.0004522496310528368,1.0,1.0,0.0,0.0,0.0,266,8512,10,0,35.657798767089844,0.0,0.0,0.0,0.0,0.0,1.0,0.4538004398345947,-0.025699615478515625,0.45527008175849915,0.218916654586792,-0.2965812683105469,0.45527011156082153,0,1.0,1.0
1.0050137042999268,1.0050137042999268,1.0052261352539062,0.00021245205425657332,1.0,1.0,0.0,0.0,0.0,266,8512,13,0,35.67671585083008,0.0,0.0,0.0,0.0,0.0,1.0,0.4538004398345947,-0.025699973106384277,0.45527008175849915,0.21865129470825195,-0.2978149652481079,0.455269992351532,0,1.0,1.0
1.0022896528244019,1.0022896528244019,1.0046982765197754,0.0024086195044219494,1.0,1.0,0.0,0.0,0.0,266,8512,16,0,35.66148376464844,0.0,0.0,0.0,0.0,0.0,1.0,0.4538000524044037,-0.025699853897094727,0.45527008175849915,0.21886414289474487,-0.29682064056396484,0.45527005195617676,0,1.0,1.0
1.0018620491027832,1.0018620491027832,1.0018725395202637,1.0417846169730183e-05,1.0,1.0,0.0,0.0,0.0,266,8512,31,0,35.65391159057617,0.0,0.0,0.0,0.0,0.0,1.0,0.4537997245788574,-0.025699853897094727,0.45527008175849915,0.21889781951904297,-0.2966644763946533,0.455269992351532,0,1.0,1.0
1.000791311264038,1.000791311264038,1.0031434297561646,0.002352101495489478,1.0,1.0,0.0,0.0,0.0,267,8544,3,0,35.664398193359375,0.0,0.0,0.0,0.0,0.0,1.0,0.4537997245788574,-0.025699973106384277,0.45527008175849915,0.21898317337036133,-0.29627370834350586,0.45527005195617676,0,1.0,1.0
1.0028061866760254,1.0028061866760254,1.0030689239501953,0.0002627134963404387,1.0,1.0,0.0,0.0,0.0,267,8544,4,0,35.66264343261719,0.0,0.0,0.0,0.0,0.0,1.0,0.4537997245788574,-0.025700092315673828,0.45527008175849915,0.21882343292236328,-0.2970092296600342,0.455269992351532,0,1.0,1.0
1.001397967338562,1.001397967338562,1.0014439821243286,4.602600893122144e-05,1.0,1.0,0.0,0.0,0.0,267,8544,8,0,35.60191345214844,0.0,0.0,0.0,0.0,0.0,1.0,0.4537997245788574,-0.025699973106384277,0.45527008175849915,0.2189345359802246,-0.29649507999420166,0.455269992351532,0,1.0,1.0
1.003231167793274,1.003231167793274,1.003241777420044,1.059405167325167e-05,1.0,1.0,0.0,0.0,0.0,267,8544,12,0,35.68488693237305,0.0,0.0,0.0,0.0,0.0,1.0,0.4538004398345947,-0.025699973106384277,0.45527008175849915,0.21879029273986816,-0.29716426134109497,0.455269992351532,0,1.0,1.0
1.0044095516204834,1.0044095516204834,1.0059804916381836,0.0015709444414824247,1.0,1.0,0.0,0.0,0.0,267,8544,22,0,35.758087158203125,0.0,0.0,0.0,0.0,0.0,1.0,0.4538000822067261,-0.025699973106384277,0.45527008175849915,0.21869778633117676,-0.29759445786476135,0.455269992351532,0,1.0,1.0
1.0050283670425415,1.0050283670425415,1.0101367235183716,0.005108392331749201,1.0,1.0,0.0,0.0,0.0,267,8544,23,0,35.748497009277344,0.0,0.0,0.0,0.0,0.0,1.0,0.4538000822067261,-0.025699973106384277,0.45527008175849915,0.21864962577819824,-0.2978200912475586,0.455269992351532,0,1.0,1.0
1.00057053565979,1.00057053565979,1.0009498596191406,0.00037936607259325683,1.0,1.0,0.0,0.0,0.0,267,8544,24,0,35.614295959472656,0.0,0.0,0.0,0.0,0.0,1.0,0.4538000822067261,-0.025700092315673828,0.45527008175849915,0.21900033950805664,-0.29619383811950684,0.45527011156082153,0,1.0,1.0
1.0053701400756836,1.0053701400756836,1.0053850412368774,1.4930442375771236e-05,1.0,1.0,0.0,0.0,0.0,268,8576,14,0,35.781497955322266,0.0,0.0,0.0,0.0,0.0,1.0,0.4538004398345947,-0.025700092315673828,0.45527008175849915,0.21862316131591797,-0.2979452610015869,0.45527011156082153,0,1.0,1.0
1.0038830041885376,1.0038830041885376,1.0038938522338867,1.0905340786848683e-05,1.0,1.0,0.0,0.0,0.0,268,8576,17,0,35.7319221496582,0.0,0.0,0.0,0.0,0.0,1.0,0.4538000524044037,-0.025699973106384277,0.45527008175849915,0.21873894333839417,-0.29740211367607117,0.455269992351532,0,1.0,1.0
1.0028877258300781,1.0028877258300781,1.0046124458312988,0.0017247258219867945,1.0,1.0,0.0,0.0,0.0,268,8576,19,0,35.6843376159668,0.0,0.0,0.0,0.0,0.0,1.0,0.4538000524044037,-0.025700092315673828,0.45527008175849915,0.2188171148300171,-0.2970390319824219,0.45527005195617676,0,1.0,1.0
1.0018056631088257,1.0018056631088257,1.0020017623901367,0.0001960299996426329,1.0,1.0,0.0,0.0,0.0,268,8576,20,0,35.70918273925781,0.0,0.0,0.0,0.0,0.0,1.0,0.4538000822067261,-0.025699615478515625,0.45527008175849915,0.218902587890625,-0.2966442108154297,0.45527011156082153,0,1.0,1.0
1.004246473312378,1.004246473312378,1.0046755075454712,0.00042905108421109617,1.0,1.0,0.0,0.0,0.0,269,8608,0,0,35.7525520324707,0.0,0.0,0.0,0.0,0.0,1.0,0.4537997245788574,-0.025699615478515625,0.45527008175849915,0.21871042251586914,-0.2975349426269531,0.45527005195617676,0,1.0,1.0
1.005652666091919,1.005652666091919,1.0184307098388672,0.012778028845787048,1.0,1.0,0.0,0.0,0.0,269,8608,1,0,35.79222869873047,0.0,0.0,0.0,0.0,0.0,1.0,0.4537997245788574,-0.025699853897094727,0.45527008175849915,0.21860027313232422,-0.2980480194091797,0.45527005195617676,0,1.0,1.0
1.0017094612121582,1.0017094612121582,1.0025317668914795,0.0008223712211474776,1.0,1.0,0.0,0.0,0.0,269,8608,5,0,35.67729187011719,0.0,0.0,0.0,0.0,0.0,1.0,0.4537997245788574,-0.025699615478515625,0.45527008175849915,0.21891021728515625,-0.29660844802856445,0.455269992351532,0,1.0,1.0
1.000502347946167,1.000502347946167,1.0060763359069824,0.0055740163661539555,1.0,1.0,0.0,0.0,0.0,269,8608,27,0,35.66474914550781,0.0,0.0,0.0,0.0,0.0,1.0,0.4538004398345947,-0.025699973106384277,0.45527008175849915,0.21900606155395508,-0.2961685061454773,0.45527005195617676,0,1.0,1.0
1.0035865306854248,1.0035865306854248,1.003655195236206,6.857024709461257e-05,1.0,1.0,0.0,0.0,0.0,269,8608,30,0,35.78044128417969,0.0,0.0,0.0,0.0,0.0,1.0,0.4537997245788574,-0.025699615478515625,0.45527008175849915,0.21876239776611328,-0.29729413986206055,0.45527005195617676,0,1.0,1.0
1.0048185586929321,1.0048185586929321,1.0075078010559082,0.002689150394871831,1.0,1.0,0.0,0.0,0.0,270,8640,11,0,35.80442810058594,0.0,0.0,0.0,0.0,0.0,1.0,0.4538004398345947,-0.025699853897094727,0.45527008175849915,0.21866607666015625,-0.2977437973022461,0.45527005195617676,0,1.0,1.0
1.00351083278656,1.00351083278656,1.0035908222198486,8.008310396689922e-05,1.0,1.0,0.0,0.0,0.0,270,8640,15,0,35.7684326171875,0.0,0.0,0.0,0.0,0.0,1.0,0.4538000524044037,-0.025699615478515625,0.45527008175849915,0.21876806020736694,-0.29726600646972656,0.45527005195617676,0,1.0,1.0
1.005591630935669,1.005591630935669,1.010939121246338,0.005347528029233217,1.0,1.0,0.0,0.0,0.0,270,8640,28,0,35.79792785644531,0.0,0.0,0.0,0.0,0.0,1.0,0.4538004398345947,-0.025699973106384277,0.45527008175849915,0.21860599517822266,-0.2980259656906128,0.455269992351532,0,1.0,1.0
1.0029486417770386,1.0029486417770386,1.00368332862854,0.0007346599595621228,1.0,1.0,0.0,0.0,0.0,271,8672,2,0,35.76256561279297,0.0,0.0,0.0,0.0,0.0,1.0,0.4537997245788574,-0.025699973106384277,0.45527008175849915,0.2188124656677246,-0.2970610558986664,0.45527011156082153,0,1.0,1.0
1.0008693933486938,1.0008693933486938,1.0035572052001953,0.002687903819605708,1.0,1.0,0.0,0.0,0.0,271,8672,7,0,35.73581314086914,0.0,0.0,0.0,0.0,0.0,1.0,0.4537997245788574,-0.025699973106384277,0.45527008175849915,0.21897602081298828,-0.2963023781776428,0.45527005195617676,0,1.0,1.0
1.0036288499832153,1.0036288499832153,1.00386643409729,0.0002376752527197823,1.0,1.0,0.0,0.0,0.0,271,8672,26,0,35.789161682128906,0.0,0.0,0.0,0.0,0.0,1.0,0.4538004398345947,-0.025699853897094727,0.45527008175849915,0.21875929832458496,-0.29730939865112305,0.45527005195617676,0,1.0,1.0
1.0053406953811646,1.0053406953811646,1.008788824081421,0.003448168281465769,1.0,1.0,0.0,0.0,0.0,272,8704,21,0,35.87873077392578,0.0,0.0,0.0,0.0,0.0,1.0,0.4538000822067261,-0.025699853897094727,0.45527008175849915,0.21862530708312988,-0.29793429374694824,0.45527005195617676,0,1.0,1.0
1.0038347244262695,1.0038347244262695,1.0039656162261963,0.00013090349966660142,1.0,1.0,0.0,0.0,0.0,209,15232,4,1,34.26515197753906,0.0,0.0,0.0,0.0,0.0,1.0,0.4537997245788574,-0.025700092315673828,0.45527008175849915,0.21874332427978516,-0.29738426208496094,0.455269992351532,0,1.0,1.0
1.0024056434631348,1.0024056434631348,1.0034326314926147,0.0010269893100485206,1.0,1.0,0.0,0.0,0.0,267,16992,6,1,35.60653305053711,0.0,0.0,0.0,0.0,0.0,1.0,0.4537997245788574,-0.025699853897094727,0.45527008175849915,0.2188549041748047,-0.2968628406524658,0.45527005195617676,0,1.0,1.0
1.004467487335205,1.004467487335205,1.0046124458312988,0.00014497274241875857,1.0,1.0,0.0,0.0,0.0,266,16992,29,1,35.641021728515625,0.0,0.0,0.0,0.0,0.0,1.0,0.4538004398345947,-0.025700092315673828,0.45527008175849915,0.21869373321533203,-0.29761552810668945,0.45527005195617676,0,1.0,1.0
1.0051348209381104,1.0051348209381104,1.0052886009216309,0.00015379764954559505,1.0,1.0,0.0,0.0,0.0,265,17024,8,1,35.650760650634766,0.0,0.0,0.0,0.0,0.0,1.0,0.4537997245788574,-0.025699973106384277,0.45527008175849915,0.2186412811279297,-0.29785895347595215,0.45527005195617676,0,1.0,1.0
1.0055266618728638,1.0055266618728638,1.0107369422912598,0.005210273899137974,1.0,1.0,0.0,0.0,0.0,266,17024,16,1,35.68825912475586,0.0,0.0,0.0,0.0,0.0,1.0,0.4538000524044037,-0.025699853897094727,0.45527008175849915,0.2186107337474823,-0.2980020046234131,0.455269992351532,0,1.0,1.0
1.0017091035842896,1.0017091035842896,1.004642128944397,0.0029330349061638117,1.0,1.0,0.0,0.0,0.0,267,17056,9,1,35.6100959777832,0.0,0.0,0.0,0.0,0.0,1.0,0.4537997245788574,-0.025700092315673828,0.45527008175849915,0.21891021728515625,-0.29660892486572266,0.45527005195617676,0,1.0,1.0
1.0021146535873413,1.0021146535873413,1.003447413444519,0.0013327151536941528,1.0,1.0,0.0,0.0,0.0,267,17056,10,1,35.64159393310547,0.0,0.0,0.0,0.0,0.0,1.0,0.4538004398345947,-0.025699615478515625,0.45527008175849915,0.21887850761413574,-0.2967567443847656,0.45527005195617676,0,1.0,1.0
1.0004388093948364,1.0004388093948364,1.0007579326629639,0.0003191172145307064,1.0,1.0,0.0,0.0,0.0,266,17120,1,1,35.61507797241211,0.0,0.0,0.0,0.0,0.0,1.0,0.4537997245788574,-0.025699853897094727,0.45527008175849915,0.2190108299255371,-0.2961452007293701,0.45527005195617676,0,1.0,1.0
1.0005433559417725,1.0005433559417725,1.0007678270339966,0.00022450266988016665,1.0,1.0,0.0,0.0,0.0,268,17120,3,1,35.66249465942383,0.0,0.0,0.0,0.0,0.0,1.0,0.4537997245788574,-0.025699973106384277,0.45527008175849915,0.21900272369384766,-0.29618334770202637,0.45527005195617676,0,1.0,1.0
1.0010570287704468,1.0010570287704468,1.001267433166504,0.0002104120940202847,1.0,1.0,0.0,0.0,0.0,268,17120,12,1,35.66014862060547,0.0,0.0,0.0,0.0,0.0,1.0,0.4538004398345947,-0.025699973106384277,0.45527008175849915,0.2189621925354004,-0.29637083411216736,0.455269992351532,0,1.0,1.0
1.005565881729126,1.005565881729126,1.0058281421661377,0.00026218773564323783,1.0,1.0,0.0,0.0,0.0,269,17120,13,1,35.759281158447266,0.0,0.0,0.0,0.0,0.0,1.0,0.4538004398345947,-0.025699973106384277,0.45527008175849915,0.21860790252685547,-0.2980165481567383,0.45527005195617676,0,1.0,1.0
1.001682996749878,1.001682996749878,1.0017675161361694,8.452901238342747e-05,1.0,1.0,0.0,0.0,0.0,268,17120,23,1,35.67634963989258,0.0,0.0,0.0,0.0,0.0,1.0,0.4538000822067261,-0.025699973106384277,0.45527008175849915,0.2189122438430786,-0.2965991497039795,0.45527005195617676,0,1.0,1.0
1.0029221773147583,1.0029221773147583,1.0033196210861206,0.0003973801794927567,1.0,1.0,0.0,0.0,0.0,269,17120,31,1,35.713035583496094,0.0,0.0,0.0,0.0,0.0,1.0,0.4537997245788574,-0.025699853897094727,0.45527008175849915,0.21881437301635742,-0.29705142974853516,0.45527011156082153,0,1.0,1.0
1.0025771856307983,1.0025771856307983,1.0028674602508545,0.0002903286658693105,1.0,1.0,0.0,0.0,0.0,266,17152,11,1,35.633270263671875,0.0,0.0,0.0,0.0,0.0,1.0,0.4538004398345947,-0.025699853897094727,0.45527008175849915,0.2188420295715332,-0.29692554473876953,0.455269992351532,0,1.0,1.0
1.005596399307251,1.005596399307251,1.005789041519165,0.00019268778851255774,1.0,1.0,0.0,0.0,0.0,267,17152,30,1,35.71957778930664,0.0,0.0,0.0,0.0,0.0,1.0,0.4537997245788574,-0.025699615478515625,0.45527008175849915,0.21860599517822266,-0.29802799224853516,0.45527011156082153,0,1.0,1.0
1.0016703605651855,1.0016703605651855,1.0017677545547485,9.739439701661468e-05,1.0,1.0,0.0,0.0,0.0,267,17184,15,1,35.689369201660156,0.0,0.0,0.0,0.0,0.0,1.0,0.4538000524044037,-0.025699615478515625,0.45527008175849915,0.21891310811042786,-0.29659414291381836,0.455269992351532,0,1.0,1.0
1.0046406984329224,1.0046406984329224,1.0102365016937256,0.005595773458480835,1.0,1.0,0.0,0.0,0.0,269,17184,19,1,35.751983642578125,0.0,0.0,0.0,0.0,0.0,1.0,0.4538000524044037,-0.025700092315673828,0.45527008175849915,0.2186797857284546,-0.29767894744873047,0.45527011156082153,0,1.0,1.0
1.004494309425354,1.004494309425354,1.0046255588531494,0.000131202774355188,1.0,1.0,0.0,0.0,0.0,269,17184,20,1,35.722259521484375,0.0,0.0,0.0,0.0,0.0,1.0,0.4538000822067261,-0.025699615478515625,0.45527008175849915,0.21869122982025146,-0.2976250648498535,0.45527005195617676,0,1.0,1.0
1.0021988153457642,1.0021988153457642,1.0128417015075684,0.010642895475029945,1.0,1.0,0.0,0.0,0.0,270,17184,22,1,35.77607345581055,0.0,0.0,0.0,0.0,0.0,1.0,0.4538000822067261,-0.025699973106384277,0.45527008175849915,0.2188713550567627,-0.29678744077682495,0.455269992351532,0,1.0,1.0
1.0010385513305664,1.0010385513305664,1.0012322664260864,0.0001937257475219667,1.0,1.0,0.0,0.0,0.0,269,17216,0,1,35.70252227783203,0.0,0.0,0.0,0.0,0.0,1.0,0.4537997245788574,-0.025699615478515625,0.45527008175849915,0.2189631462097168,-0.29636478424072266,0.45527005195617676,0,1.0,1.0
1.001891851425171,1.001891851425171,1.00202476978302,0.0001328791113337502,1.0,1.0,0.0,0.0,0.0,267,17216,26,1,35.60342788696289,0.0,0.0,0.0,0.0,0.0,1.0,0.4538004398345947,-0.025699853897094727,0.45527008175849915,0.21889567375183105,-0.296675443649292,0.455269992351532,0,1.0,1.0
1.0023133754730225,1.0023133754730225,1.002436637878418,0.0001232855283888057,1.0,1.0,0.0,0.0,0.0,268,17216,28,1,35.73343276977539,0.0,0.0,0.0,0.0,0.0,1.0,0.4538004398345947,-0.025699973106384277,0.45527008175849915,0.21886253356933594,-0.2968292236328125,0.455269992351532,0,1.0,1.0
1.004801869392395,1.004801869392395,1.0066165924072266,0.0018148041563108563,1.0,1.0,0.0,0.0,0.0,271,17248,17,1,35.8359375,0.0,0.0,0.0,0.0,0.0,1.0,0.4538000524044037,-0.025699973106384277,0.45527008175849915,0.21866720914840698,-0.297737717628479,0.455269992351532,0,1.0,1.0
1.0054610967636108,1.0054610967636108,1.0054715871810913,1.0517209375393577e-05,1.0,1.0,0.0,0.0,0.0,270,17248,27,1,35.82706069946289,0.0,0.0,0.0,0.0,0.0,1.0,0.4538004398345947,-0.025699973106384277,0.45527008175849915,0.21861600875854492,-0.29797834157943726,0.45527005195617676,0,1.0,1.0
1.0010887384414673,1.0010887384414673,1.0025053024291992,0.0014166302280500531,1.0,1.0,0.0,0.0,0.0,269,17280,2,1,35.723487854003906,0.0,0.0,0.0,0.0,0.0,1.0,0.4537997245788574,-0.025699973106384277,0.45527008175849915,0.21895933151245117,-0.2963823080062866,0.455269992351532,0,1.0,1.0
1.0055259466171265,1.0055259466171265,1.005619764328003,9.384994336869568e-05,1.0,1.0,0.0,0.0,0.0,273,17312,14,1,35.954593658447266,0.0,0.0,0.0,0.0,0.0,1.0,0.4538004398345947,-0.025700092315673828,0.45527008175849915,0.2186110019683838,-0.2980022430419922,0.455269992351532,0,1.0,1.0
1.0014358758926392,1.0014358758926392,1.0046405792236328,0.0032046628184616566,1.0,1.0,0.0,0.0,0.0,269,17312,21,1,35.67959976196289,0.0,0.0,0.0,0.0,0.0,1.0,0.4538000822067261,-0.025699853897094727,0.45527008175849915,0.2189316749572754,-0.2965090274810791,0.455269992351532,0,1.0,1.0
1.0048837661743164,1.0048837661743164,1.0082306861877441,0.0033468459732830524,1.0,1.0,0.0,0.0,0.0,274,17376,5,1,35.94251251220703,0.0,0.0,0.0,0.0,0.0,1.0,0.4537997245788574,-0.025699615478515625,0.45527008175849915,0.21866083145141602,-0.29776763916015625,0.455269992351532,0,1.0,1.0
0.025775812566280365,7.424890924312422e-09,0.02965676225721836,0.02965676784515381,7.424890924312422e-09,0.0,0.0,1.0,1.0,600,19200,18,1,1.0542945861816406,0.0,0.0,0.0,0.0,0.0,1.0,0.4538000524044037,-0.025699973106384277,0.45527008175849915,0.45380011200904846,-0.025699973106384277,0.45527008175849915,0,2.5987118235093475e-09,0.0
0.018433157354593277,7.422251702138283e-09,0.01844337396323681,0.018443377688527107,7.422251702138283e-09,0.0,0.0,1.0,1.0,600,19200,25,1,1.0510438680648804,0.0,0.0,0.0,0.0,0.0,1.0,0.4538004398345947,-0.025699615478515625,0.45527008175849915,0.4538004398345947,-0.025699615478515625,0.45527008175849915,0,2.597788095748399e-09,0.0
1.0013000965118408,1.0013000965118408,1.0013172626495361,0.011708098463714123,1.0,1.0,0.0,0.0,0.0,194,23328,12,1,33.30070495605469,0.6698377724810612,-0.0009759428794495761,-0.003736501792445779,-0.002506342949345708,0.3736501792445779,1.0,0.44874143600463867,-0.030980169773101807,0.4527636766433716,0.21796679496765137,-0.3001960813999176,0.4527636766433716,1,0.9972972989082337,0.9729729890823364
1.0016833543777466,1.0016833543777466,1.002673864364624,0.03705814853310585,1.0,1.0,0.0,0.0,0.0,230,24544,15,1,33.75535202026367,2.0665281614573066,-0.003895071567967534,-0.002156441565603018,-0.0029991362243890762,0.3895071567967534,1.0,0.4373685121536255,-0.03277158737182617,0.4522709250450134,0.21501711010932922,-0.2987556457519531,0.4522709250450134,1,1.0,1.0
1.0030239820480347,1.0030239820480347,1.0030336380004883,0.017545433714985847,1.0,1.0,0.0,0.0,0.0,264,25440,6,1,35.2884521484375,1.00472552266393,0.0032984032295644283,0.0024810172617435455,-0.0027355290949344635,0.32984032295644283,1.0,0.45098114013671875,-0.02555251121520996,0.4525344967842102,0.22210454940795898,-0.29460763931274414,0.4525344967842102,1,1.0,1.0
1.005320429801941,1.005320429801941,1.005396842956543,0.018225153908133507,1.0,1.0,0.0,0.0,0.0,268,25824,27,1,35.46919250488281,1.0398460352110184,0.0036276369355618954,0.00220397487282753,-0.0030205741059035063,0.36276369355618954,1.0,0.4510974884033203,-0.02591279149055481,0.4522494673728943,0.22225451469421387,-0.2957229018211365,0.4522494673728943,1,1.0,1.0
3.764069589351493e-08,7.815310176795265e-09,9.457207852392457e-06,9.449397111893632e-06,7.815310176795265e-09,0.0,0.0,1.0,1.0,600,27744,24,1,1.0659620761871338,0.0,0.0,0.0,0.0,0.0,1.0,0.4538000822067261,-0.025700092315673828,0.45527008175849915,0.4538000822067261,-0.025700092315673828,0.45527008175849915,0,2.735358561878343e-09,0.0
0.018452705815434456,0.007868791930377483,0.02326839603483677,0.015399603173136711,0.007868791930377483,0.0,0.0,1.0,1.0,600,27872,7,1,1.2554775476455688,0.0,0.0,0.0,0.0,0.0,1.0,0.4537997245788574,-0.025699973106384277,0.45527008175849915,0.4510498046875,-0.026733845472335815,0.45527005195617676,0,0.0027540771756321193,0.0
0.027437057346105576,0.005445546470582485,0.005511894356459379,0.029428163543343544,0.0,0.0,0.0,1.0,1.0,600,34432,4,1,0.5770744681358337,1.6823077158075808,-0.0008432614849880338,0.0034972468856722116,0.0007293777307495475,0.34972468856722116,1.0,0.4427371025085449,-0.02617025375366211,0.4559994339942932,0.4510526657104492,-0.02291584014892578,0.4559994339942932,1,0.001089109294116497,0.0
1.0052385330200195,1.0052385330200195,1.0052483081817627,0.013159091584384441,1.0,1.0,0.0,0.0,0.0,271,34496,27,1,35.609619140625,0.7534042298416681,0.0008394838077947497,0.004820230416953564,-0.0043298592790961266,0.48202304169535637,1.0,0.45004868507385254,-0.022619307041168213,0.45094019174575806,0.21947264671325684,-0.2930770218372345,0.4509401321411133,1,1.0,1.0
0.013625879772007465,1.2099561352840738e-08,7.458970503648743e-05,0.014262440614402294,0.0,0.0,0.0,1.0,1.0,600,36192,29,1,0.7873846888542175,0.8129046223834407,-0.0017881772946566343,0.0010471111163496971,0.00026165766757912934,0.17881772946566343,1.0,0.44705939292907715,-0.026532411575317383,0.45553165674209595,0.4520120620727539,-0.024652957916259766,0.4555317461490631,1,2.4199122705681475e-09,0.0
0.039463333785533905,2.0514686838168927e-08,8.037819497985765e-05,0.04207567498087883,0.0,0.0,0.0,1.0,1.0,600,36224,8,1,0.2164004147052765,2.406156116285017,0.001726853079162538,0.001859832787886262,0.0028363456949591637,0.28363456949591637,1.0,0.4409470558166504,-0.029606103897094727,0.4581063389778137,0.45552635192871094,-0.02384006977081299,0.4581064283847809,1,4.102937367633785e-09,0.0
0.04006794095039368,0.04006794095039368,0.07340539991855621,0.07329024374485016,0.00011995232809743536,0.0,1.0,1.0,1.0,600,36224,16,1,1.0816699266433716,2.2891257340553146,-0.004796401597559452,0.002455169800668955,-0.0030402897391468287,0.4796401597559452,1.0,0.43512776494026184,-0.028716564178466797,0.4522298574447632,0.43508797883987427,-0.028733015060424805,0.4522297978401184,1,0.008031581039293351,0.0
0.01876022480428219,1.8267606316513252e-09,0.01884147897362709,0.023640697821974754,0.0,0.0,0.0,1.0,1.0,600,36256,9,1,0.9455974102020264,0.2749750383308095,-0.002309131668880582,0.004647949710488319,0.0022000656463205814,0.46479497104883194,1.0,0.4498119354248047,-0.021680355072021484,0.45747002959251404,0.4514904022216797,-0.02105236053466797,0.4574701488018036,1,3.653521263302651e-10,0.0
0.036079373210668564,3.6977937270421535e-05,0.03668973967432976,0.04874861612915993,0.0,0.0,0.0,1.0,1.0,600,36256,10,1,0.8619800806045532,0.6930405120609763,-0.0026427446864545345,-0.004776847083121538,0.0028763681184500456,0.4776847083121538,1.0,0.4469330310821533,-0.0320744514465332,0.4581463932991028,0.4511444568634033,-0.03048229217529297,0.4581463634967804,1,7.395587454084307e-06,0.0
0.0252638328820467,0.02072618342936039,0.020791346207261086,0.02734067477285862,0.0,0.0,0.0,1.0,1.0,600,36320,1,1,0.9813463687896729,1.5627718280912473,-0.0008249440579675138,-0.00420044781640172,-0.0028647470753639936,0.420044781640172,1.0,0.4434785842895508,-0.033576011657714844,0.45240530371665955,0.44574928283691406,-0.032669782638549805,0.45240533351898193,1,0.004145236685872078,0.0
0.028162388131022453,7.815778246822447e-09,0.021951602771878242,0.05141456052660942,0.0,0.0,1.0,1.0,1.0,600,36320,3,1,0.5037742257118225,1.6881035582051598,-0.0011496474035084248,-0.0038847108371555805,-0.0017412632005289197,0.38847108371555805,1.0,0.4423961639404297,-0.03356599807739258,0.4535287022590637,0.4526500701904297,-0.029584765434265137,0.45352885127067566,1,1.5631556493644894e-09,0.0
0.010953091084957123,8.87259557202924e-06,0.0002638460136950016,0.013587997294962406,0.0,0.0,0.0,1.0,1.0,600,36320,13,1,0.7845768332481384,0.7639258160929554,0.0017591641517356038,0.0019400769378989935,0.00499751465395093,0.49975146539509296,1.0,0.45090436935424805,-0.025524377822875977,0.4602676033973694,0.45555639266967773,-0.02376103401184082,0.460267573595047,1,1.7745191144058482e-06,0.0
0.035432539880275726,0.035432539880275726,0.10354851186275482,0.07756857573986053,0.026227859499943478,0.0,1.0,1.0,1.0,600,36320,23,1,1.5921573638916016,0.5415941939857547,-0.003784912172704935,0.003627954050898552,-0.000376509124180302,0.3784912172704935,1.0,0.4467123746871948,-0.023316144943237305,0.4548935294151306,0.4376978874206543,-0.02689683437347412,0.45489346981048584,1,0.011020686901046666,0.0
0.027935899794101715,2.2630274543189444e-08,8.281593181891367e-05,0.029125433415174484,0.0,0.0,0.0,1.0,1.0,600,36320,31,1,0.48821085691452026,1.6640204179134006,0.0013923259684816003,-0.0002947523898910731,0.0024930706713348627,0.24930706713348627,1.0,0.4450840950012207,-0.029917001724243164,0.4577631950378418,0.45519208908081055,-0.025994539260864258,0.4577631652355194,1,4.526054908637889e-09,0.0
0.03679386153817177,0.004278942476958036,0.004708209075033665,0.040187910199165344,0.0,0.0,0.0,1.0,1.0,600,36352,11,1,0.3505525290966034,2.278003624765595,-0.0038837457541376352,-0.004956952761858702,0.0028697727248072624,0.49569527618587017,1.0,0.43610692024230957,-0.03610038757324219,0.45813989639282227,0.44842004776000977,-0.03121638298034668,0.4581398069858551,1,0.0008557884953916073,0.0
0.037424713373184204,1.6645417488803105e-08,0.0583772137761116,0.09301367402076721,0.0,0.0,1.0,1.0,1.0,600,36352,30,1,0.37866729497909546,1.984524056508487,-0.0016528104897588491,0.0036690179258584976,-0.0026980845723301172,0.36690179258584976,1.0,0.44010400772094727,-0.026742935180664062,0.45257192850112915,0.4521465301513672,-0.022030353546142578,0.4525720179080963,1,3.329083497760621e-09,0.0
0.03810681775212288,0.01917216181755066,0.07324931770563126,0.0937967598438263,0.0,0.0,1.0,1.0,1.0,600,36384,19,1,0.7059208750724792,2.2757631092744193,-0.0006185638485476375,-0.0037719623651355505,0.00021051487419754267,0.37719623651355505,1.0,0.4393858313560486,-0.034909963607788086,0.45548057556152344,0.4464953541755676,-0.0320286750793457,0.45548057556152344,1,0.003834432363510132,0.0
0.036320388317108154,4.282517451770218e-09,0.06784006953239441,0.07591225206851959,0.0,0.0,1.0,1.0,1.0,600,36384,20,1,0.8778168559074402,0.4625012970880946,-0.0033577752765268087,0.0032174179796129465,-0.0013402304612100124,0.3357775276526809,1.0,0.44762122631073,-0.023543834686279297,0.45392975211143494,0.45044243335723877,-0.022481918334960938,0.4539298713207245,1,8.565034903540437e-10,0.0
0.004359511658549309,7.913875776921486e-09,0.004470906686037779,0.039704181253910065,0.0,0.0,0.0,1.0,1.0,600,36384,22,1,0.8198837637901306,2.018718758257921,0.0019829091615974903,-0.00484818359836936,0.001590351341292262,0.484818359836936,1.0,0.44353461265563965,-0.035344719886779785,0.45686036348342896,0.45578300952911377,-0.030548125505447388,0.4568604528903961,1,1.5827751553842974e-09,0.0
0.025976283475756645,3.0439507554547163e-06,0.00013369201042223722,0.02805682085454464,0.0,0.0,0.0,1.0,1.0,600,36416,0,1,0.4971896708011627,1.6000522812416462,0.0017161278519779444,0.00213273405097425,0.0035401300992816687,0.35401300992816687,1.0,0.44579410552978516,-0.02733325958251953,0.45881015062332153,0.45551490783691406,-0.023567676544189453,0.4588102400302887,1,6.087901510909433e-07,0.0
0.030879328027367592,1.6109948930420614e-08,1.2938230611325707e-05,0.031153062358498573,0.0,0.0,0.0,1.0,1.0,600,36416,26,1,0.4430057406425476,1.7841983434117155,0.0026526879519224167,0.002587593160569668,-0.002541446592658758,0.26526879519224167,1.0,0.4456188678741455,-0.027329683303833008,0.45272862911224365,0.4564530849456787,-0.02311229705810547,0.45272865891456604,1,3.221989786084123e-09,0.0
0.03475712612271309,0.012381958775222301,0.012775893323123455,0.036426447331905365,0.0,0.0,0.0,1.0,1.0,600,36416,28,1,0.6124807000160217,2.0645106943312137,0.0024250526912510395,0.002213777508586645,-0.001167484326288104,0.24250526912510395,1.0,0.44370102882385254,-0.02839672565460205,0.45410245656967163,0.4519014358520508,-0.025122642517089844,0.4541025459766388,1,0.0024763917550444606,0.0
0.03693166375160217,0.001718622981570661,0.001783411018550396,0.03841913864016533,0.0,0.0,0.0,1.0,1.0,600,36448,17,1,0.3370857834815979,2.1975425022389636,0.002923954976722598,0.0021810829639434814,-0.0007505740504711866,0.2923954976722598,1.0,0.4433988332748413,-0.02876099944114685,0.45451951026916504,0.45612260699272156,-0.023742854595184326,0.45451948046684265,1,0.00034372459631413225,0.0
0.03668435662984848,8.472659018821105e-09,0.03726546838879585,0.043689992278814316,0.0,0.0,0.0,1.0,1.0,600,36480,2,1,0.91441410779953,0.36809802423774846,0.004933611489832401,0.004976192489266396,-0.004976391326636076,0.4976391326636076,1.0,0.45648765563964844,-0.021566301584243774,0.4502936899662018,0.45873308181762695,-0.02072376012802124,0.4502936899662018,1,1.6945318037642211e-09,0.0
0.029238369315862656,7.920184508236616e-09,0.0003586969105526805,0.02926037833094597,0.0,0.0,0.0,1.0,1.0,600,36512,14,1,0.46864205598831177,1.6559452133237413,0.0018407658208161592,0.00013592670438811183,0.0016284314915537834,0.18407658208161592,1.0,0.44558119773864746,-0.029466867446899414,0.4568985104560852,0.4556410312652588,-0.025564193725585938,0.4568985402584076,1,1.5840369016473232e-09,0.0
0.056856945157051086,1.52909223061215e-08,0.07619263231754303,0.07737699151039124,0.0,0.0,1.0,1.0,1.0,600,36512,21,1,1.089979887008667,0.06786055075597494,-0.0028202864341437817,0.002090738620609045,0.002608000533655286,0.28202864341437817,1.0,0.4505652189254761,-0.023763418197631836,0.4578780233860016,0.4509798288345337,-0.023609161376953125,0.45787808299064636,1,3.0581844612243004e-09,0.0
0.03755100071430206,6.305963751174204e-09,0.06183779239654541,0.06537352502346039,0.0,0.0,1.0,1.0,1.0,600,36576,5,1,0.9607477784156799,0.20258293053490217,-0.0045373872853815556,0.004683653358370066,0.0010155322961509228,0.46836533583700657,1.0,0.4480252265930176,-0.021477699279785156,0.4562855660915375,0.4492621421813965,-0.021015644073486328,0.45628562569618225,1,1.2611927502348408e-09,0.0
0.0261088814586401,8.55347082051594e-09,0.023767251521348953,0.0519285686314106,0.0,0.0,1.0,1.0,1.0,600,38400,18,1,0.5080355405807495,1.6135252562663194,0.00013325270265340805,-0.0008890822646208107,-0.00498901167884469,0.49890116788446903,1.0,0.4441297948360443,-0.03038811683654785,0.45028114318847656,0.45393338799476624,-0.026589035987854004,0.4502811133861542,1,1.7106941641031882e-09,0.0
0.0006023318273946643,1.9592135913626407e-08,0.0006099339807406068,0.035682886838912964,0.0,0.0,0.0,1.0,1.0,600,38400,25,1,0.4022386074066162,2.0095338613715463,0.0008057474624365568,-0.0013121957890689373,0.0030457174871116877,0.30457174871116877,1.0,0.4424128532409668,-0.03178548812866211,0.45831573009490967,0.4546060562133789,-0.027011871337890625,0.45831581950187683,1,3.918427182725281e-09,0.0
1.000201940536499,1.000201940536499,1.0226521492004395,0.0357138030230999,1.0,1.0,0.0,0.0,0.0,226,41728,27,1,34.10956573486328,0.7599447229413371,-0.003750342410057783,-0.003229231806471944,-0.0036704593803733587,0.3750342410057783,1.0,0.4454193115234375,-0.03068414330482483,0.4515995681285858,0.21527957916259766,-0.2992880344390869,0.4515995383262634,1,1.0,1.0
0.008880475535988808,7.92041010555522e-09,0.011278141289949417,0.013652186840772629,0.0,0.0,0.0,1.0,1.0,600,42528,12,1,0.9902182221412659,0.13602272373291469,-0.004396471660584211,-0.0011295998701825738,-0.004730199929326773,0.47301999293267727,1.0,0.44857311248779297,-0.027139097452163696,0.4505399167537689,0.4494037628173828,-0.026829570531845093,0.4505399167537689,1,1.584082021111044e-09,0.0
0.029841125011444092,8.083171465500527e-09,8.280698239104822e-05,0.03039451688528061,0.0,0.0,0.0,1.0,1.0,600,43744,15,1,0.49566617608070374,1.7367343983739447,0.0001857200259109959,-0.004086554516106844,-0.0022425695788115263,0.4086554516106844,1.0,0.4434380531311035,-0.03388786315917969,0.4530274271965027,0.4539858400821686,-0.029786109924316406,0.45302751660346985,1,1.6166342931001055e-09,0.0
0.2946401834487915,7.913876665099906e-09,0.2946890890598297,0.3171502649784088,0.0,0.0,1.0,1.0,1.0,600,44640,6,1,1.5737695693969727,1.2869305830354625,0.003491391194984317,-0.003560541430488229,-0.0028722435235977173,0.3560541430488229,1.0,0.4494638442993164,-0.03226828575134277,0.45239779353141785,0.4572911262512207,-0.02926039695739746,0.4523978531360626,1,0.06176470676389716,0.6176470518112183
1.000192403793335,1.000192403793335,1.0002202987670898,0.0025627510622143745,1.0,1.0,0.0,0.0,0.0,266,44768,10,1,35.43883514404297,0.145236835686247,0.0006209556595422328,-0.00035691249649971724,0.0034810968209058046,0.34810968209058046,1.0,0.4535341262817383,-0.026387691497802734,0.4587511718273163,0.219651460647583,-0.29641199111938477,0.4587511420249939,1,1.0,1.0
1.0006129741668701,1.0006129741668701,1.0007870197296143,0.025692900642752647,1.0,1.0,0.0,0.0,0.0,268,44992,28,1,35.18906021118164,1.4621181050571195,0.0041440981440246105,0.002227861201390624,-0.003977879881858826,0.41440981440246105,1.0,0.44905591011047363,-0.02690291404724121,0.45129215717315674,0.22314119338989258,-0.29398107528686523,0.45129209756851196,1,1.0,1.0
1.0001004934310913,1.0001004934310913,1.014289140701294,0.01911349408328533,1.0,1.0,0.0,0.0,0.0,271,45056,20,1,35.60479736328125,0.2821729638185187,0.0010439642937853932,0.0032320998143404722,0.002805656986311078,0.3232099814340472,1.0,0.45312178134918213,-0.02311229705810547,0.45807573199272156,0.22008180618286133,-0.29278993606567383,0.4580756425857544,1,1.0,1.0
7.198422827059403e-05,7.661077106035918e-09,7.946440018713474e-05,0.024791397154331207,0.0,0.0,0.0,1.0,1.0,600,46944,24,1,0.6314138770103455,1.4158898906505923,-0.002856329781934619,-0.004660547245293856,0.0019005289068445563,0.46605472452938557,1.0,0.4423348903656006,-0.03367948532104492,0.4571705758571625,0.45094382762908936,-0.03036046028137207,0.45717063546180725,1,1.5322154212071838e-09,0.0
0.028155969455838203,0.019471388310194016,0.0531046986579895,0.05982232838869095,0.0,0.0,1.0,1.0,1.0,600,47072,7,1,0.971104085445404,1.500519456283341,-0.003471971722319722,0.0015782220289111137,0.0037685923743993044,0.37685923743993044,1.0,0.4412074089050293,-0.027645915746688843,0.459038645029068,0.44353818893432617,-0.02671915292739868,0.45903855562210083,1,0.0038942776620388034,0.0
0.0275145024061203,0.008172880858182907,0.027987612411379814,0.04269001632928848,0.0,0.0,0.0,1.0,1.0,600,53632,4,1,0.7975781559944153,1.3106572728299117,-0.0016809647204354405,8.870270539773628e-05,0.0031585930846631527,0.31585930846631527,1.0,0.44414758682250977,-0.028676509857177734,0.45842865109443665,0.4492626190185547,-0.026685714721679688,0.4584287106990814,1,0.0016345761716365815,0.0
1.0514261703065131e-05,7.913875776921486e-09,1.9348788555362262e-05,0.03661142289638519,0.0,0.0,0.0,1.0,1.0,600,55392,29,1,1.0839154720306396,2.0965724560689,-0.003089039819315076,0.0008003455586731434,-0.0010218843817710876,0.3089039819315076,1.0,0.43799376487731934,-0.029890060424804688,0.4542480707168579,0.4507112503051758,-0.024899959564208984,0.45424821972846985,1,1.5827751553842974e-09,0.0
0.033326126635074615,1.5725451874004648e-07,0.08352211117744446,0.10169097036123276,0.0,0.0,1.0,1.0,1.0,600,55424,8,1,0.7054538726806641,1.0410075942567436,0.0031269919127225876,-0.0011925484286621213,6.881030276417732e-05,0.31269919127225876,1.0,0.4505891799926758,-0.0293121337890625,0.45533889532089233,0.4569263458251953,-0.026892542839050293,0.4553389251232147,1,3.14509037480093e-08,0.0
0.04328509792685509,0.04328509792685509,0.07148008793592453,0.04920906946063042,0.022749078520124245,0.0,0.0,1.0,1.0,600,55424,16,1,1.5344505310058594,1.2040175293185025,-0.0016345225740224123,0.0001688925112830475,-0.002634879434481263,0.2634879434481263,1.0,0.444839745759964,-0.028339862823486328,0.45263513922691345,0.43714237213134766,-0.031484365463256836,0.4526352286338806,1,0.012069381363389654,0.0
0.006176691502332687,7.913876665099906e-09,0.006185221951454878,0.04271445795893669,0.0,0.0,0.0,1.0,1.0,600,55456,9,1,0.7931034564971924,2.092971665715834,-0.0003359856200404465,-0.002295954618602991,0.004752784967422485,0.47527849674224854,1.0,0.4407687187194824,-0.03297686576843262,0.46002280712127686,0.4534635543823242,-0.027995824813842773,0.460022896528244,1,1.5827753330199813e-09,0.0
0.03274766728281975,0.0024315931368619204,0.05169348418712616,0.0653652548789978,0.0,0.0,1.0,1.0,1.0,600,55520,1,1,0.8610214591026306,0.9226543964838799,-0.004085898865014315,-0.002782968105748296,0.0033085420727729797,0.40858988650143147,1.0,0.4440946578979492,-0.03062152862548828,0.45857852697372437,0.44886350631713867,-0.028800249099731445,0.45857858657836914,1,0.0004863186273723841,0.0
0.036210205405950546,0.028738847002387047,0.040984392166137695,0.019751332700252533,0.02139364335441976,0.0,0.0,1.0,1.0,600,55520,3,1,1.4932725429534912,0.43004949419620375,-0.0011065610451623797,-0.0007837693556211889,-0.004078893922269344,0.40788939222693443,1.0,0.4500699043273926,-0.027469396591186523,0.45119115710258484,0.4426898956298828,-0.03036367893218994,0.4511911869049072,1,0.008956815903640374,0.0
0.025205004960298538,3.627678961493075e-05,0.014842665754258633,0.04145506024360657,0.0,0.0,0.0,1.0,1.0,600,55520,13,1,0.5605072975158691,1.5268558119492641,-0.00045553394011221826,-0.0031225355342030525,0.004455679561942816,0.4455679561942816,1.0,0.4440650939941406,-0.032410621643066406,0.4597257077693939,0.45333218574523926,-0.028827428817749023,0.4597257673740387,1,7.25535792298615e-06,0.0
0.02387947589159012,0.023318137973546982,0.027070514857769012,0.04372605308890343,0.0,0.0,0.0,1.0,1.0,600,55520,23,1,0.8063100576400757,2.2903244322546517,-0.004981675650924444,-0.002764146076515317,-0.001791550312191248,0.4981675650924444,1.0,0.43493521213531494,-0.03393876552581787,0.45347851514816284,0.4406931400299072,-0.03159022331237793,0.45347848534584045,1,0.004663627594709396,0.0
0.04078594595193863,0.04078594595193863,0.05490761250257492,0.024717576801776886,0.03051335883278463,0.0,0.0,1.0,1.0,600,55520,31,1,1.6630871295928955,0.60710056396379,-0.002392557682469487,-0.0018865548772737384,-0.0020681777969002724,0.23925576824694872,1.0,0.4477057456970215,-0.028983354568481445,0.45320186018943787,0.4372444152832031,-0.033178091049194336,0.45320188999176025,1,0.012734193015305421,0.0
0.038411255925893784,0.008922707289457321,0.009100034832954407,0.041719622910022736,0.0,0.0,0.0,1.0,1.0,600,55552,11,1,0.4103488028049469,2.3801979823443835,0.002894242526963353,0.0035872196312993765,0.0031405738554894924,0.35872196312993765,1.0,0.44227123260498047,-0.02781367301940918,0.4584105610847473,0.45357656478881836,-0.02328658103942871,0.4584105908870697,1,0.0017845414578914643,0.0
9.183498150378e-06,7.913875776921486e-09,2.421524732199032e-05,0.038230348378419876,0.0,0.0,0.0,1.0,1.0,600,55552,30,1,1.0158615112304688,2.189050442666522,-0.004630686715245247,0.0042878733947873116,-0.00437583215534687,0.4630686715245247,1.0,0.4358949661254883,-0.02663278579711914,0.45089417695999146,0.4491691589355469,-0.021411418914794922,0.4508942663669586,1,1.5827751553842974e-09,0.0
0.0334995798766613,0.030839864164590836,0.052874982357025146,0.02378365397453308,0.02914229376773437,0.0,0.0,1.0,1.0,600,55584,19,1,1.6375999450683594,0.10018318703333719,0.0005588194471783936,0.004479059483855963,0.0003567953535821289,0.4479059483855963,1.0,0.453747034072876,-0.02144908905029297,0.45562684535980225,0.44362837076187134,-0.025395870208740234,0.45562687516212463,1,0.010539316898078323,0.0
0.040649835020303726,0.040649835020303726,0.09671694040298462,0.07255309075117111,0.024568897588625557,0.0,1.0,1.0,1.0,600,55584,22,1,1.5536409616470337,0.9445770625637995,-0.004134798888117075,0.0021594653371721506,0.0028359834104776382,0.4134798888117075,1.0,0.44391298294067383,-0.025731146335601807,0.45810598134994507,0.43554913997650146,-0.02911248803138733,0.4581061601638794,1,0.011815301642354578,0.0
0.030189217999577522,7.3376567044647345e-09,8.819235517876223e-05,0.030734851956367493,0.0,0.0,0.0,1.0,1.0,600,55616,0,1,0.46115368604660034,1.7559247753424476,0.0005887383595108986,0.0013796171406283975,-0.0016934071900323033,0.16934071900323033,1.0,0.4437246322631836,-0.02846813201904297,0.4535766541957855,0.4543881416320801,-0.02431964874267578,0.4535767138004303,1,1.467531340892947e-09,0.0
0.039275236427783966,3.6931221969460637e-10,0.09731319546699524,0.12878605723381042,0.0,0.0,1.0,1.0,1.0,600,55616,26,1,0.4785124957561493,1.8032610812201035,-0.004146748222410679,0.0023247282952070236,-0.0006466147606261075,0.4146748222410679,1.0,0.4387040138244629,-0.02763962745666504,0.45462334156036377,0.44965362548828125,-0.023375272750854492,0.4546234905719757,1,7.386244393892127e-11,0.0
0.26162487268447876,7.913875776921486e-09,0.2624242305755615,0.2708446681499481,0.0,0.0,1.0,1.0,1.0,600,55648,17,1,1.9926674365997314,0.4824542006444059,0.001771181239746511,-0.003503493033349514,0.00226731994189322,0.3503493033349514,1.0,0.4526287317276001,-0.030310392379760742,0.457537442445755,0.4555712640285492,-0.029203444719314575,0.457537442445755,1,0.056716419849071546,0.5671641826629639
0.06663621217012405,0.06663621217012405,0.08792486041784286,0.02853671833872795,0.05982174302159411,0.0,0.0,1.0,1.0,600,55680,2,1,2.2558610439300537,0.4152832922212973,0.0003466702182777226,0.0010030894773080945,0.0014495005598291755,0.14495005598291755,1.0,0.4516139030456543,-0.025648385286331177,0.4567195475101471,0.43112945556640625,-0.03412985801696777,0.45671945810317993,1,0.02230050388726393,0.0
0.030379611998796463,0.019845783710479736,0.05071893706917763,0.06413909792900085,0.0,0.0,1.0,1.0,1.0,600,55712,14,1,0.7740827798843384,1.9059971581774389,-0.0004135489871259779,0.004218758083879948,-0.0042587467469275,0.42587467469275,1.0,0.4418177604675293,-0.025998830795288086,0.4510112404823303,0.44646644592285156,-0.02413010597229004,0.4510113000869751,1,0.003969156742095948,0.0
0.03125379607081413,8.752929936406417e-09,0.0003004330792464316,0.03170349821448326,0.0,0.0,0.0,1.0,1.0,600,55712,21,1,0.4183972477912903,1.7992654205556462,0.004651750437915325,0.004480528645217419,-0.0015987249789759517,0.4651750437915325,1.0,0.4475264549255371,-0.025473833084106445,0.45367127656936646,0.45845186710357666,-0.021219491958618164,0.4536713659763336,1,1.7505859872812835e-09,0.0
8.899172098608688e-05,7.913876665099906e-09,0.00019191793398931623,0.013722913339734077,0.0,0.0,0.0,1.0,1.0,600,55776,5,1,1.617675542831421,0.7752694262830243,-0.002035650657489896,0.00261499872431159,0.003207474946975708,0.3207474946975708,1.0,0.4470405578613281,-0.024876117706298828,0.45847752690315247,0.4517641067504883,-0.023084640502929688,0.45847758650779724,1,1.5827753330199813e-09,0.0
0.00021310109877958894,7.913869559672548e-09,0.00034334813244640827,0.018973728641867638,0.0,0.0,0.0,1.0,1.0,600,57600,18,1,1.522216796875,1.0674430943873374,0.0019505023956298828,-0.0036775085609406233,0.00012104606867069378,0.36775085609406233,1.0,0.4492529034614563,-0.03185999393463135,0.4553911089897156,0.45575061440467834,-0.02937757968902588,0.45539113879203796,1,1.5827739119345097e-09,0.0
0.000875805679243058,7.96412624737286e-09,0.00018798898963723332,0.022965583950281143,0.0,0.0,0.0,1.0,1.0,600,57600,25,1,0.6324490308761597,1.3050605731353209,0.0006216965848580003,-0.0030780902598053217,-0.001969733741134405,0.30780902598053217,1.0,0.4464840888977051,-0.031829833984375,0.45330026745796204,0.4544219970703125,-0.028777599334716797,0.4533003866672516,1,1.592825249474572e-09,0.0
0.004436000715941191,2.2378788600008193e-08,7.692067447351292e-05,0.005523561500012875,0.0,0.0,0.0,1.0,1.0,600,60928,27,2,0.9891206622123718,0.3120707562085008,-0.0015128862578421831,-0.004910406656563282,0.0043623242527246475,0.4910406656563282,1.0,0.45038270950317383,-0.03132367134094238,0.45963242650032043,0.4522874355316162,-0.030610352754592896,0.45963242650032043,1,4.475757720001639e-09,0.0
0.03748984634876251,1.0352084522935456e-08,0.025405216962099075,0.06507991254329681,0.0,0.0,1.0,1.0,1.0,600,61728,12,2,0.3027566969394684,2.273197519467433,-0.0019314755918458104,-0.0032129883766174316,-0.0022530655842274427,0.32129883766174316,1.0,0.43808841705322266,-0.03434473276138306,0.453016996383667,0.45186877250671387,-0.02891293168067932,0.4530170261859894,1,2.0704169045870914e-09,0.0
0.026966415345668793,0.0006599820335395634,0.031133823096752167,0.04416617378592491,0.0,0.0,0.0,1.0,1.0,600,62944,15,2,0.8170545697212219,0.7845135003552547,-0.004848870448768139,0.0013964740792289376,-0.004459504038095474,0.4848870448768139,1.0,0.44417116045951843,-0.026116371154785156,0.4508105516433716,0.44872018694877625,-0.024388790130615234,0.45081058144569397,1,0.00013199640670791268,0.0
0.023657744750380516,0.02186899445950985,0.022247156128287315,0.02374393492937088,0.0,0.0,0.0,1.0,1.0,600,63840,6,2,1.0560450553894043,1.3387608332218697,4.900672865915112e-05,-0.00133213447406888,-0.003595626913011074,0.3595626913011074,1.0,0.4457073211669922,-0.030164718627929688,0.4516744017601013,0.4462265968322754,-0.029958248138427734,0.4516744613647461,1,0.00437379889190197,0.0
0.022710474207997322,0.019679265096783638,0.02754203975200653,0.008247312158346176,0.019302153506248403,0.0,0.0,1.0,1.0,600,63968,10,2,1.4836472272872925,0.02203217088768455,0.00013780927110929042,0.00032734338310547173,-0.003130440367385745,0.3130440367385745,1.0,0.45380353927612305,-0.025422096252441406,0.4521397054195404,0.44707584381103516,-0.02799844741821289,0.45213958621025085,1,0.006831176045293989,0.0
1.004083275794983,1.004083275794983,1.0043039321899414,0.007263456005603075,1.0,1.0,0.0,0.0,0.0,268,64128,11,2,35.64970016479492,0.40352493480213525,0.0014892378821969032,0.004341703839600086,0.0003590979613363743,0.4341703839600086,1.0,0.45282745361328125,-0.02228260040283203,0.4556291103363037,0.2202129364013672,-0.2931334972381592,0.4556291699409485,1,1.0,1.0
0.022936293855309486,0.01178788859397173,0.012726057320833206,0.024816440418362617,0.0,0.0,0.0,1.0,1.0,600,64192,28,2,0.8299229145050049,1.3681241366288717,-0.0009456970728933811,0.003219693899154663,-0.002472156658768654,0.3219693899154663,1.0,0.4445350170135498,-0.025683879852294922,0.45279788970947266,0.44873809814453125,-0.02403700351715088,0.45279791951179504,1,0.002357577718794346,0.0
7.476733685507497e-07,7.85056908370052e-09,9.85667429631576e-06,0.01403942983597517,0.0,0.0,0.0,1.0,1.0,600,64256,20,2,0.8049527406692505,0.8038356786303976,0.001438876148313284,-0.004816002678126097,-0.0018850783817470074,0.4816002678126097,1.0,0.4503413438796997,-0.03237438201904297,0.4533849358558655,0.455238938331604,-0.030515670776367188,0.45338502526283264,1,1.570113816740104e-09,0.0
0.025593351572752,8.568685205823101e-10,0.01936478726565838,0.04917997121810913,0.0,0.0,0.0,1.0,1.0,600,66144,24,2,0.4595969021320343,1.7082843126033145,-0.0035155266523361206,0.002785763703286648,0.004100142978131771,0.4100142978131771,1.0,0.43990862369537354,-0.026945114135742188,0.4593701958656311,0.45028460025787354,-0.022914409637451172,0.4593702256679535,1,1.7137370411646203e-10,0.0
0.03567713499069214,0.022850768640637398,0.06194237619638443,0.07854530215263367,0.0,0.0,1.0,1.0,1.0,600,66272,7,2,0.7367599010467529,2.2605279454438825,0.0001057820554706268,0.002917125355452299,0.002260057255625725,0.2917125355452299,1.0,0.4402017593383789,-0.0281827449798584,0.45753008127212524,0.44594240188598633,-0.025844424962997437,0.45753005146980286,1,0.00457015372812748,0.0
1.0069141387939453,1.0069141387939453,1.0073485374450684,0.021990224719047546,1.0,1.0,0.0,0.0,0.0,185,70176,20,3,33.040550231933594,1.235063834025678,0.004993247799575329,0.0014944110298529267,-0.0034107582177966833,0.4993247799575329,1.0,0.4512794017791748,-0.027088642120361328,0.4518592357635498,0.223496675491333,-0.2970147132873535,0.4518592953681946,1,0.9906666696071625,0.9066666960716248
0.03768962249159813,0.007420462556183338,0.08534649014472961,0.11583176255226135,0.0,0.0,1.0,1.0,1.0,600,72832,4,3,0.4748607873916626,2.171840500392206,-0.0007569314329884946,0.0011337923351675272,0.004570318851619959,0.4570318851619959,1.0,0.43987274169921875,-0.02974414825439453,0.4598402976989746,0.45044898986816406,-0.02554035186767578,0.4598403871059418,1,0.0014840925112366678,0.0
0.0354422852396965,0.00010694513912312686,0.009713391773402691,0.04987524822354317,0.0,0.0,0.0,1.0,1.0,600,74592,29,3,0.2545781135559082,2.3072325655450183,-0.0024645705707371235,0.0025703494902700186,0.004659832455217838,0.46598324552178383,1.0,0.4373507499694824,-0.02864694595336914,0.4599299430847168,0.4512979984283447,-0.023143768310546875,0.4599299132823944,1,2.1389027824625374e-05,0.0
0.025168664753437042,0.015639156103134155,0.02525262162089348,0.025538278743624687,0.0,0.0,0.0,1.0,1.0,600,74624,8,3,1.0922110080718994,0.9124248008196107,-0.0030325574334710836,-0.0034575776662677526,-0.004082371015101671,0.4082371015101671,1.0,0.44521045684814453,-0.031271934509277344,0.4511876702308655,0.4453096389770508,-0.03123319149017334,0.4511876404285431,1,0.0031278312206268312,0.0
0.02622048556804657,0.02279571443796158,0.02622905932366848,0.021116403862833977,0.005204690306481701,0.0,0.0,1.0,1.0,600,74624,16,3,1.2103077173233032,1.0131646482703038,0.001815899508073926,-0.0045984284952282906,-0.003323206678032875,0.45984284952282906,1.0,0.4494476318359375,-0.03265118598937988,0.451946884393692,0.4476719796657562,-0.03335237503051758,0.45194682478904724,1,0.005339846433564571,0.0
0.01791412942111492,1.00289989646285e-08,8.345500827999786e-05,0.018345769494771957,0.0,0.0,0.0,1.0,1.0,600,74656,9,3,0.7065321803092957,1.0463543517163942,-0.000666080741211772,0.0026941453106701374,-0.000136722854222171,0.26941453106701374,1.0,0.4467639923095703,-0.025438547134399414,0.4551333785057068,0.45313358306884766,-0.023005962371826172,0.4551333487033844,1,2.0057997929257e-09,0.0
0.04578816890716553,-5.8017457504888625e-09,0.06126406416296959,0.08626726269721985,0.0,0.0,1.0,1.0,1.0,600,74720,1,3,0.609060525894165,1.4325768965665797,-0.0012233542511239648,0.0020495965145528316,0.0017533862264826894,0.20495965145528316,1.0,0.44386720657348633,-0.027009963989257812,0.4570234417915344,0.4525761604309082,-0.023650407791137695,0.4570234715938568,1,0.0,0.0
0.30694037675857544,7.913875776921486e-09,0.3072587549686432,0.31539231538772583,0.0,0.0,1.0,1.0,1.0,600,74720,3,3,2.2038185596466064,0.466021352470737,0.003674415173009038,-0.002344545442610979,0.003215997712686658,0.3674415173009038,1.0,0.45463132858276367,-0.029113292694091797,0.45848608016967773,0.4574737548828125,-0.028044581413269043,0.4584861099720001,1,0.059210528525981944,0.5921052694320679
0.038516126573085785,0.003568565472960472,0.006394307129085064,0.04462958127260208,0.0,0.0,0.0,1.0,1.0,600,74720,13,3,0.2880667746067047,2.395183630826803,-0.003230835311114788,-0.00437226053327322,0.004720272030681372,0.47202720306813717,1.0,0.43605589866638184,-0.03581094741821289,0.45999032258987427,0.44932103157043457,-0.030538439750671387,0.4599902331829071,1,0.0007137130945920945,0.0
0.026698756963014603,-5.538047104236554e-11,0.04622528329491615,0.05101766437292099,0.0,0.0,1.0,1.0,1.0,600,74720,23,3,0.9718313217163086,0.2745840900421056,-0.0037682480178773403,0.0040743849240243435,-0.0035141119733452797,0.40743849240243435,1.0,0.44835567474365234,-0.022252559661865234,0.4517558515071869,0.4500318765640259,-0.021625638008117676,0.45175597071647644,1,0.0,0.0
7.125086540327175e-06,7.913869559672548e-09,1.5522495232289657e-05,0.005756663624197245,0.0,0.0,0.0,1.0,1.0,600,74720,31,3,1.3829416036605835,0.3289435112534008,-0.0038436653558164835,0.003933906555175781,0.0030509838834404945,0.3933906555175781,1.0,0.4479489326477051,-0.022518157958984375,0.4583210349082947,0.44995594024658203,-0.021765947341918945,0.45832106471061707,1,1.5827739119345097e-09,0.0
0.009079121984541416,7.913876665099906e-09,0.009232611395418644,0.016514047980308533,0.0,0.0,0.0,1.0,1.0,600,74752,30,3,1.769066572189331,0.41719491809568104,0.0028667268343269825,-0.004754660651087761,0.002545834518969059,0.4754660651087761,1.0,0.45412158966064453,-0.03141021728515625,0.45781591534614563,0.4566664695739746,-0.030454158782958984,0.45781591534614563,1,1.5827753330199813e-09,0.0
0.0025910071562975645,1.2742818356059615e-08,0.0025985585525631905,0.03317360579967499,0.0,0.0,0.0,1.0,1.0,600,74784,19,3,0.5144336819648743,1.751823780354384,-0.001032564090564847,0.0006652208976447582,0.003746098605915904,0.3746098605915904,1.0,0.4421287477016449,-0.029172420501708984,0.4590161442756653,0.4527675211429596,-0.02503490447998047,0.45901617407798767,1,2.548563671211923e-09,0.0
0.009683996438980103,0.005360339302569628,0.015052084811031818,0.04686099290847778,0.0,0.0,0.0,1.0,1.0,600,74784,22,3,0.48325788974761963,2.1296416707091628,0.004784002434462309,-0.004794984590262175,0.003397486638277769,0.47949845902621746,1.0,0.4456676244735718,-0.03556758165359497,0.458667516708374,0.45670950412750244,-0.03119686245918274,0.45866748690605164,1,0.0010720678605139256,0.0
0.026890741661190987,1.4319205821067271e-09,0.0340244397521019,0.04882342368364334,0.0,0.0,0.0,1.0,1.0,600,74816,0,3,0.8284446001052856,0.8479199073286285,-0.0016611398896202445,-0.0036518259439617395,-0.004456186201423407,0.44561862014234066,1.0,0.4469733238220215,-0.03131389617919922,0.4508138597011566,0.45213842391967773,-0.029351234436035156,0.4508139193058014,1,2.8638411642134546e-10,0.0
0.022900087758898735,0.0002458702656440437,0.007933747954666615,0.03321214020252228,0.0,0.0,0.0,1.0,1.0,600,74816,26,3,0.5582287907600403,1.4624325072023516,-0.004090281203389168,0.003834403119981289,0.0007962933741509914,0.4090281203389168,1.0,0.44081997871398926,-0.025297164916992188,0.4560662508010864,0.44962406158447266,-0.021897554397583008,0.4560663104057312,1,4.917405312880874e-05,0.0
0.021299859508872032,4.4338599991533556e-07,0.028816532343626022,0.030897699296474457,0.0,0.0,0.0,1.0,1.0,600,74848,17,3,1.0904512405395508,0.11926740258501395,-0.0018341327086091042,-0.0046515753492712975,-0.0021886860486119986,0.46515753492712975,1.0,0.4512375295162201,-0.030623018741607666,0.4530813694000244,0.451965868473053,-0.030351579189300537,0.4530813992023468,1,8.867719998306711e-08,0.0
0.0656714215874672,0.0656714215874672,0.0912012830376625,0.051863301545381546,0.04040190808062553,0.0,1.0,1.0,1.0,600,74880,2,3,1.8787845373153687,1.5087946573496347,-0.00030471166246570647,0.0005456858780235052,-0.0025843395851552486,0.25843395851552486,1.0,0.44432544708251953,-0.028698503971099854,0.452685683965683,0.43080759048461914,-0.03444001078605652,0.4526856541633606,1,0.019194570529587267,0.0
0.10726356506347656,0.0664241835474968,0.10740509629249573,0.06228964775800705,0.04609774924896354,0.0,1.0,1.0,1.0,600,74912,14,3,1.9980218410491943,1.2208996225126585,-0.0006074251141399145,-0.002837415784597397,-0.0028302050195634365,0.2837415784597397,1.0,0.44576454162597656,-0.031386375427246094,0.4524397850036621,0.43024778366088867,-0.03793787956237793,0.4524397850036621,1,0.02019949909684389,0.0
0.027902012690901756,0.015751471742987633,0.03928140550851822,0.052580755203962326,0.0,0.0,1.0,1.0,1.0,600,74912,21,3,0.8375005125999451,1.6644918076878372,-0.0028775588143616915,-0.0038530866149812937,-0.002477837959304452,0.38530866149812937,1.0,0.44081103801727295,-0.03347659111022949,0.45279228687286377,0.44542551040649414,-0.03164386749267578,0.4527921974658966,1,0.003150294348597527,0.0
0.03993259742856026,7.79571873721352e-09,0.010229239240288734,0.04085920751094818,0.0,0.0,0.0,1.0,1.0,600,74976,5,3,0.4210737645626068,1.75496844213694,0.003958198707550764,-0.003858054056763649,0.00463091628625989,0.46309162862598896,1.0,0.4471001625061035,-0.03370332717895508,0.45990097522735596,0.45775794982910156,-0.02955770492553711,0.45990100502967834,1,1.559143747442704e-09,0.0
0.03517340496182442,5.953973231953569e-05,7.02932957210578e-05,0.03973601013422012,0.0,0.0,0.0,1.0,1.0,600,76800,18,3,0.2507079243659973,2.276089464250699,-0.0032088335137814283,-0.00435106735676527,0.004260636400431395,0.435106735676527,1.0,0.4367936849594116,-0.03549003601074219,0.45953065156936646,0.45057058334350586,-0.030058860778808594,0.45953071117401123,1,1.1907946463907139e-05,0.0
0.01113760657608509,7.913875776921486e-09,0.01192479021847248,0.05499175190925598,0.0,0.0,1.0,1.0,1.0,600,76800,25,3,0.9318799376487732,2.4675546077249657,-0.00026385326054878533,-0.002255947096273303,-0.0036927012261003256,0.36927012261003256,1.0,0.43858814239501953,-0.03387737274169922,0.451577365398407,0.4535365104675293,-0.02795553207397461,0.45157739520072937,1,1.5827751553842974e-09,0.0
0.02425265684723854,7.934459311798037e-09,0.024302778765559196,0.056883230805397034,0.0,0.0,1.0,1.0,1.0,600,80128,27,4,0.35828375816345215,1.8667227166762193,0.00034852881799452007,0.004986390937119722,-0.0031279928516596556,0.49863909371197224,1.0,0.44281649589538574,-0.025133997201919556,0.45214205980300903,0.4541487693786621,-0.02071356773376465,0.4521420896053314,1,1.5868918623596075e-09,0.0
0.03952847048640251,0.02441229298710823,0.03119738958775997,0.04901234060525894,0.0,0.0,0.0,1.0,1.0,600,80928,12,4,0.7101500630378723,2.4194427552113957,0.0034676101058721542,0.0008406713022850454,0.0032296660356223583,0.3467610105872154,1.0,0.4426085948944092,-0.030659079551696777,0.4584997296333313,0.4487628936767578,-0.028136849403381348,0.4584997892379761,1,0.004882458597421646,0.0
0.034222137182950974,3.101392212556675e-05,0.03433200344443321,0.06936907023191452,0.0,0.0,1.0,1.0,1.0,600,82144,15,4,0.3425559103488922,2.009254250502399,-0.0008781536598689854,0.004237259738147259,0.002932569943368435,0.4237259738147259,1.0,0.4407304525375366,-0.02623605728149414,0.458202600479126,0.4529109597206116,-0.021466732025146484,0.45820263028144836,1,6.202784425113351e-06,0.0
0.029403625056147575,3.5142536103371924e-10,0.04950476437807083,0.0853637307882309,0.0,0.0,1.0,1.0,1.0,600,83040,6,4,0.39361804723739624,2.0545678598903794,0.0028754703234881163,-0.0032597084064036608,0.00041675311513245106,0.3259708406403661,1.0,0.4442110061645508,-0.03384542465209961,0.45568686723709106,0.45667505264282227,-0.02895951271057129,0.4556868374347687,1,7.028507220674385e-11,0.0
2.0833507363704484e-08,7.913872224207807e-09,7.667425052204635e-06,0.04127725213766098,0.0,0.0,0.0,1.0,1.0,600,83168,10,4,0.6980396509170532,2.3645743515048023,-0.004628685303032398,-0.0027027372270822525,0.0033319881185889244,0.4628685303032398,1.0,0.4348418712615967,-0.034064292907714844,0.45860207080841064,0.449171781539917,-0.028402328491210938,0.45860210061073303,1,1.5827744448415616e-09,0.0
1.0060299634933472,1.0060299634933472,1.0077862739562988,0.0071668606251478195,1.0,1.0,0.0,0.0,0.0,260,83168,17,4,35.16340637207031,0.3099987276103275,0.0010627115843817592,-0.002551875077188015,0.004443039186298847,0.4443039186298847,1.0,0.45297104120254517,-0.028960198163986206,0.4597131311893463,0.21963459253311157,-0.3007379472255707,0.4597131013870239,1,1.0,1.0
0.02266821078956127,0.007760978769510984,0.029894959181547165,0.04635604843497276,0.0,0.0,0.0,1.0,1.0,600,83328,11,4,0.7829111218452454,1.3878219753083654,-0.0020636082626879215,-0.0037495868746191263,0.0026901608798652887,0.37495868746191263,1.0,0.4432976245880127,-0.032700538635253906,0.4579601585865021,0.4490242004394531,-0.03046870231628418,0.457960307598114,1,0.0015521957539021969,0.0
0.02297910302877426,0.0021344295237213373,0.023098908364772797,0.05642949789762497,0.0,0.0,1.0,1.0,1.0,600,83392,28,4,0.4600529074668884,2.0319953653439566,0.004873659461736679,-0.0036758887581527233,-0.0006133369170129299,0.4873659461736679,1.0,0.44634532928466797,-0.03420531749725342,0.4546566605567932,0.45792698860168457,-0.029654264450073242,0.4546566903591156,1,0.00042688590474426746,0.0
0.011664126068353653,4.27623314536163e-09,0.0002788718556985259,0.011743535287678242,0.0,0.0,0.0,1.0,1.0,600,85344,24,4,0.8354435563087463,0.6568771150049918,-0.002659488469362259,0.0020920862443745136,-0.002505849814042449,0.2659488469362259,1.0,0.44713640213012695,-0.025121688842773438,0.4527641832828522,0.45114076137542725,-0.02360820770263672,0.45276424288749695,1,8.55246629072326e-10,0.0
0.26873302459716797,7.913875776921486e-09,0.2701878547668457,0.27695706486701965,0.0,0.0,1.0,1.0,1.0,600,85472,7,4,1.9131361246109009,0.38784530174744536,-3.2750356240285328e-06,-0.004260065034031868,0.0011060687247663736,0.4260065034031868,1.0,0.4514303207397461,-0.030847907066345215,0.4563761055469513,0.45379638671875,-0.02996000647544861,0.45637616515159607,1,0.05797101417509083,0.5797101259231567
0.002840150613337755,7.913876665099906e-09,0.003437075763940811,0.02916084975004196,0.0,0.0,0.0,1.0,1.0,600,89376,20,4,1.3453419208526611,1.4738636825520144,0.004932308103889227,-0.002218888606876135,0.004049002192914486,0.4932308103889227,1.0,0.4497729539871216,-0.03137779235839844,0.45931899547576904,0.4587324857711792,-0.027918338775634766,0.4593190848827362,1,1.5827753330199813e-09,0.0
0.014921718277037144,1.4790852276291844e-07,0.017550190910696983,0.055155251175165176,0.0,0.0,1.0,1.0,1.0,600,92032,4,4,0.34379273653030396,2.154619885947311,0.0032237598206847906,0.001722035463899374,-0.0002848709700629115,0.32237598206847906,1.0,0.4439573287963867,-0.029113054275512695,0.4549851417541504,0.45702362060546875,-0.023978233337402344,0.45498523116111755,1,2.958170455258369e-08,0.0
1.0009305477142334,1.0009305477142334,1.0013923645019531,0.009558545425534248,1.0,1.0,0.0,0.0,0.0,272,92096,28,4,35.58898162841797,0.5212028776620932,0.0008553521474823356,0.003172664437443018,0.0037660913076251745,0.37660913076251745,1.0,0.45147705078125,-0.02372419834136963,0.4590361714363098,0.21982717514038086,-0.29315173625946045,0.4590361714363098,1,1.0,1.0
0.038159340620040894,7.875510732446855e-08,0.03816590458154678,0.0670098140835762,0.0,0.0,1.0,1.0,1.0,600,93792,29,4,0.4998179078102112,1.652639508487161,-0.0020503534469753504,0.002663237974047661,-0.0031907008960843086,0.31907008960843086,1.0,0.4417099952697754,-0.0269315242767334,0.45207929611206055,0.4517500400543213,-0.023036956787109375,0.4520793855190277,1,1.5751021464893712e-08,0.0
0.02557307295501232,0.02322300896048546,0.025578927248716354,0.008468822576105595,0.01721534040076381,0.0,0.0,1.0,1.0,600,93824,8,4,1.407863974571228,0.3502436162626442,0.0016338187269866467,0.002099921926856041,0.004357032477855682,0.43570324778556824,1.0,0.4532966613769531,-0.024400949478149414,0.4596271216869354,0.4473414421081543,-0.026713013648986816,0.45962706208229065,1,0.007226902852211663,0.0
0.03886792063713074,-7.965464399184441e-10,0.06128164008259773,0.07407061010599136,0.0,0.0,1.0,1.0,1.0,600,93824,16,4,0.8108218908309937,0.7327532596078403,-0.004099808167666197,0.0038152604829519987,-0.003996818792074919,0.4099808167666197,1.0,0.4452347755432129,-0.023575544357299805,0.45127323269844055,0.44970032572746277,-0.021884679794311523,0.4512732923030853,1,0.0,0.0
0.000399532204028219,7.913876665099906e-09,5.0878748879767954e-05,0.04201837256550789,0.0,0.0,0.0,1.0,1.0,600,93856,9,4,0.7341530919075012,2.404560626783584,-0.00033532772795297205,-0.001307477243244648,0.003995369654148817,0.3995369654148817,1.0,0.43889474868774414,-0.03276968002319336,0.45926541090011597,0.4534645080566406,-0.027007341384887695,0.45926544070243835,1,1.5827753330199813e-09,0.0
0.03058452717959881,9.57603649154315e-11,0.030637424439191818,0.06737826764583588,0.0,0.0,1.0,1.0,1.0,600,93920,1,4,0.3382927179336548,2.1050948246057835,0.001701457193121314,0.0038778241723775864,-0.0034316619858145714,0.38778241723775864,1.0,0.4427323341369629,-0.026833295822143555,0.4518384337425232,0.45550107955932617,-0.021821975708007812,0.4518384635448456,1,1.91520729830863e-11,0.0
0.025631779804825783,6.598253321499215e-08,8.096486999420449e-05,0.02690962143242359,0.0,0.0,0.0,1.0,1.0,600,93920,3,4,0.5422614216804504,1.5371725992471568,-0.0007107970304787159,0.0017921243561431766,-0.0015641400823369622,0.17921243561431766,1.0,0.44374704360961914,-0.02752089500427246,0.4537058174610138,0.45308876037597656,-0.023907780647277832,0.45370593667030334,1,1.319650664299843e-08,0.0
0.03463529050350189,0.0043956260196864605,0.03903926536440849,0.05319279059767723,0.0,0.0,1.0,1.0,1.0,600,93920,13,4,0.8191952109336853,1.0627883204679738,-0.0029584334697574377,-0.0010861322516575456,0.0007300162687897682,0.29584334697574377,1.0,0.44437241554260254,-0.02925741672515869,0.45600003004074097,0.44930434226989746,-0.027361035346984863,0.45600005984306335,1,0.0008791252039372921,0.0
0.03780350089073181,3.6827572102993145e-09,0.0676516741514206,0.07513563334941864,0.0,0.0,1.0,1.0,1.0,600,93920,23,4,0.9579437971115112,0.42879980970192944,0.001835907343775034,-0.0021726975683122873,-0.001298963907174766,0.21726975683122873,1.0,0.4530203342437744,-0.028855085372924805,0.45397117733955383,0.4556361436843872,-0.027872681617736816,0.45397111773490906,1,7.36551442059863e-10,0.0
0.037947457283735275,1.3756923600283244e-08,0.03807203844189644,0.04413967952132225,0.0,0.0,0.0,1.0,1.0,600,93920,31,4,0.973511278629303,0.3476518529573153,-0.003406281117349863,-0.0025462007615715265,0.00043649820145219564,0.3406281117349863,1.0,0.4482722282409668,-0.029041290283203125,0.45570650696754456,0.4503931999206543,-0.028246164321899414,0.45570656657218933,1,2.751384720056649e-09,0.0
0.041064489632844925,8.555026909107255e-09,0.017047878354787827,0.060077004134655,0.0,0.0,1.0,1.0,1.0,600,93952,30,4,0.22469767928123474,2.465388583984425,-0.00017418866627849638,-0.001419362612068653,0.00048364928807131946,0.1419362612068653,1.0,0.4386906623840332,-0.0330357551574707,0.4557536840438843,0.4536256790161133,-0.027119159698486328,0.45575377345085144,1,1.711005381821451e-09,0.0
0.0240784902125597,0.001917028333991766,0.024186575785279274,0.028114333748817444,0.0,0.0,0.0,1.0,1.0,600,93984,19,4,1.005784273147583,0.3348816136847864,-0.0027325390838086605,-0.0018623806536197662,-0.0014376223552972078,0.27325390838086605,1.0,0.4490242004394531,-0.02832794189453125,0.4538324177265167,0.4503968358039856,-0.027811765670776367,0.4538324773311615,1,0.0003834056667983532,0.0
0.040861569344997406,3.2639061942063563e-07,0.049551576375961304,0.0614103227853775,0.0,0.0,1.0,1.0,1.0,600,93984,22,4,0.8307185769081116,0.6794744223480087,-0.0039748274721205235,0.003151028649881482,-0.004000747110694647,0.4000747110694647,1.0,0.4456835985183716,-0.024115264415740967,0.4512692987918854,0.4498254060745239,-0.022548943758010864,0.45126935839653015,1,6.527812388412713e-08,0.0
0.03589431568980217,0.008857364766299725,0.04740091785788536,0.05844465643167496,0.0,0.0,1.0,1.0,1.0,600,94016,0,4,0.8408944010734558,1.1402481084629132,-0.0019473639549687505,0.0029298001900315285,0.003962161019444466,0.39621610194444656,1.0,0.444913387298584,-0.025426864624023438,0.45923224091529846,0.4487581253051758,-0.02393484115600586,0.45923227071762085,1,0.001771472953259945,0.0
0.04007798060774803,0.0009925406193360686,0.1062682569026947,0.14702564477920532,0.0,0.0,1.0,1.0,1.0,600,94016,26,4,0.293040007352829,2.3920961718785456,0.0006313385092653334,0.0008410470909439027,-0.0036826585419476032,0.3682658541947603,1.0,0.43993663787841797,-0.030589580535888672,0.4515873193740845,0.4540841579437256,-0.02498793601989746,0.45158740878105164,1,0.00019850812386721373,0.0
1.0020641088485718,1.0020641088485718,1.0020742416381836,0.008102333173155785,1.0,1.0,0.0,0.0,0.0,268,94048,7,4,35.618675231933594,0.46365101002447817,0.0024415457155555487,0.004435328766703606,-0.0002048637979896739,0.44353287667036057,1.0,0.4534134864807129,-0.02232813835144043,0.45506522059440613,0.22132349014282227,-0.2923029363155365,0.45506519079208374,1,1.0,1.0
0.03513307496905327,8.424011355145922e-08,8.526565943611786e-05,0.03700225427746773,0.0,0.0,0.0,1.0,1.0,600,94080,2,4,0.34537407755851746,2.1151911248595314,0.0016115031903609633,0.0007264087907969952,0.0002737088070716709,0.16115031903609633,1.0,0.4425816535949707,-0.030010133981704712,0.45554375648498535,0.4554109573364258,-0.024973541498184204,0.45554378628730774,1,1.6848022710291843e-08,0.0
0.002918577753007412,7.613567554187739e-09,0.003083682619035244,0.004579917527735233,0.0,0.0,0.0,1.0,1.0,600,94112,14,4,1.3836437463760376,0.08572845902686052,-0.0005361834191717207,0.0024258731864392757,0.004236147273331881,0.42361472733318806,1.0,0.4527404308319092,-0.023469209671020508,0.45950624346733093,0.4532639980316162,-0.02327442169189453,0.45950624346733093,1,1.5227135108375478e-09,0.0
0.03837196156382561,0.0010049456031993032,0.04189286008477211,0.07165676355361938,0.0,0.0,1.0,1.0,1.0,600,94112,21,4,0.4625144898891449,1.7629257192417107,-0.0010378826409578323,0.004025350324809551,0.0001632176135899499,0.4025350324809551,1.0,0.4420560598373413,-0.025839567184448242,0.4554332494735718,0.4524104595184326,-0.021805286407470703,0.45543327927589417,1,0.00020098912063986065,0.0
0.04185454174876213,2.5300190831245573e-09,0.0014942240668460727,0.04233546927571297,0.0,0.0,0.0,1.0,1.0,600,94176,5,4,0.22104446589946747,2.3400302801657733,-0.004706972744315863,0.004589119926095009,0.00023998343385756016,0.47069727443158627,1.0,0.43491172790527344,-0.026710033416748047,0.45551007986068726,0.4490928649902344,-0.02111053466796875,0.45551010966300964,1,5.060038166249115e-10,0.0
0.017889784649014473,7.246912847591602e-09,0.005676342640072107,0.026232358068227768,0.0,0.0,0.0,1.0,1.0,600,96000,18,4,0.6853498816490173,1.177773274484669,-0.004855592269450426,0.00032978178933262825,-0.0005176275153644383,0.4855592269450426,1.0,0.441777765750885,-0.028116226196289062,0.4547523856163025,0.4489445388317108,-0.025370240211486816,0.45475247502326965,1,1.4493825695183206e-09,0.0
0.0740647241473198,7.90130716410431e-09,0.07407481223344803,0.08438541740179062,0.0,0.0,1.0,1.0,1.0,600,96000,25,4,0.8834145665168762,0.5907529330721876,-0.003450369695201516,-0.0010028168326243758,-0.00105510582216084,0.3450369695201516,1.0,0.4467480182647705,-0.028061866760253906,0.45421499013900757,0.4503500461578369,-0.026702404022216797,0.45421501994132996,1,1.5802614328208621e-09,0.0
0.2906462252140045,7.913875776921486e-09,0.29089388251304626,0.3100738227367401,0.0,0.0,1.0,1.0,1.0,600,99328,27,4,2.0296576023101807,1.0989232228285146,-0.0034024605993181467,-0.002861950546503067,0.0005755668389610946,0.34024605993181467,1.0,0.4437088966369629,-0.031119495630264282,0.45584553480148315,0.4503977298736572,-0.028561919927597046,0.4558456838130951,1,0.028169016632709543,0.28169015049934387
1.0068798065185547,1.0068798065185547,1.026836633682251,0.05125950649380684,1.0,1.0,1.0,0.0,0.0,250,100096,28,4,34.16625213623047,1.7935152550481417,-0.002060040831565857,0.0011583310551941395,0.003520701080560684,0.3520701080560684,1.0,0.44084954261779785,-0.028781652450561523,0.45879071950912476,0.2164459228515625,-0.29733824729919434,0.45879071950912476,1,0.9934640526771545,0.9346405267715454
0.016792427748441696,7.982976946152576e-09,0.01697123795747757,0.03410368040204048,0.0,0.0,0.0,1.0,1.0,600,100128,12,4,0.7160351276397705,0.9816162179374266,-0.0006494024419225752,-0.0007084882236085832,-0.004585170187056065,0.45851701870560646,1.0,0.447174072265625,-0.028686881065368652,0.45068490505218506,0.45315098762512207,-0.026408463716506958,0.45068493485450745,1,1.5965953892305152e-09,0.0
0.04569874703884125,0.04569874703884125,0.09049312770366669,0.06433607637882233,0.02667838125576986,0.0,1.0,1.0,1.0,600,101344,15,4,1.6022717952728271,1.1196573292711463,-0.0019915958400815725,0.004762126132845879,-0.000652491464279592,0.47621261328458786,1.0,0.4449942111968994,-0.023544788360595703,0.45461753010749817,0.435955286026001,-0.027242183685302734,0.45461755990982056,1,0.01314150659613373,0.0
3.204539552825736e-06,7.913867783315709e-09,8.427604370808695e-06,0.00355168548412621,0.0,0.0,0.0,1.0,1.0,600,102240,6,4,1.7159453630447388,0.20301416626753857,0.0016145661938935518,-0.002922824816778302,0.004113132134079933,0.4113132134079933,1.0,0.4541754722595215,-0.029085636138916016,0.4593832790851593,0.4554142951965332,-0.02862262725830078,0.4593832194805145,1,1.5827735566631419e-09,0.0
0.06088368222117424,0.06088368222117424,0.12664814293384552,0.09842325747013092,0.029177808428802427,0.0,1.0,1.0,1.0,600,102368,10,4,1.631002426147461,1.8712105778477408,-0.0013918564654886723,0.0036997608840465546,0.0012289516162127256,0.36997608840465546,1.0,0.44104909896850586,-0.026431560516357422,0.45649904012680054,0.4313530921936035,-0.03055858612060547,0.45649898052215576,1,0.016553407708555214,0.0
0.040775325149297714,0.009647759608924389,0.05414857715368271,0.08757231384515762,0.0,0.0,1.0,1.0,1.0,600,102368,17,4,0.42353156208992004,2.46781330113978,-0.00010045801172964275,0.0008430787711404264,-0.0026271578390151262,0.2627157839015126,1.0,0.43874984979629517,-0.03077903389930725,0.45264285802841187,0.45032888650894165,-0.026127159595489502,0.45264288783073425,1,0.0019295519217848779,0.0
0.04442274197936058,2.351779571085899e-08,0.06658133864402771,0.08401874452829361,0.0,0.0,1.0,1.0,1.0,600,102528,11,4,0.7817381024360657,0.9990905098769638,-0.003577602794393897,0.003300190670415759,0.003127635456621647,0.3577602794393897,1.0,0.4441397190093994,-0.024719715118408203,0.45839768648147583,0.4502227306365967,-0.0223996639251709,0.4583977162837982,1,4.703559142171799e-09,0.0
1.0035079717636108,1.0035079717636108,1.0036815404891968,0.019952304661273956,1.0,1.0,0.0,0.0,0.0,270,102816,5,4,35.400550842285156,1.1332369192798952,0.0035981226246804,0.003489291062578559,-0.0031380788423120975,0.35981226246804,1.0,0.4505014419555664,-0.024849414825439453,0.452131986618042,0.2223658561706543,-0.2937755584716797,0.45213204622268677,1,1.0,1.0
0.0034106101375073195,2.67728728076122e-10,0.001014596433378756,0.03127042204141617,0.0,0.0,0.0,1.0,1.0,600,104544,24,4,0.459602952003479,1.733530932931503,0.0007733766688033938,0.003318699775263667,0.0002553991216700524,0.3318699775263667,1.0,0.44404494762420654,-0.0264739990234375,0.4555254578590393,0.45457351207733154,-0.022381305694580078,0.4555254876613617,1,5.3545745615224406e-11,0.0
0.017664313316345215,1.007967576072133e-08,0.01767072267830372,0.030503513291478157,0.0,0.0,0.0,1.0,1.0,600,108576,20,4,0.841183066368103,0.7352652217576712,-0.004766590427607298,-0.0019412118708714843,0.0010849656537175179,0.4766590427607298,1.0,0.4445528984069824,-0.029338359832763672,0.4563550055027008,0.44903361797332764,-0.027640819549560547,0.4563550651073456,1,2.015935152144266e-09,0.0
1.0009863376617432,1.0009863376617432,1.0010030269622803,0.01681097038090229,1.0,1.0,0.0,0.0,0.0,261,109696,15,4,35.11912536621094,0.9622365166628675,-0.0009735467610880733,0.0038702748715877533,-0.0032928436994552612,0.38702748715877533,1.0,0.44696715474128723,-0.024062633514404297,0.4519772529602051,0.21799376606941223,-0.29247474670410156,0.4519772529602051,1,1.0,1.0
0.00529379490762949,7.913876665099906e-09,0.001747683621942997,0.042534925043582916,0.0,0.0,0.0,1.0,1.0,600,111232,4,4,0.6800901889801025,2.336937058245404,0.002592913107946515,-0.0017086189473047853,-0.0001753147371346131,0.2592913107946515,1.0,0.4422292709350586,-0.03300023078918457,0.45509469509124756,0.4563922882080078,-0.027408361434936523,0.4550947844982147,1,1.5827753330199813e-09,0.0
0.037366777658462524,9.67511581961844e-09,0.03737318888306618,0.04812394082546234,0.0,0.0,0.0,1.0,1.0,600,112992,29,4,0.877412736415863,0.6159731931390481,-0.0028095515444874763,-0.0025704819709062576,0.002115909941494465,0.28095515444874763,1.0,0.4472355842590332,-0.029687881469726562,0.45738592743873596,0.4509909152984619,-0.028270244598388672,0.45738598704338074,1,1.935023163923688e-09,0.0
0.021924609318375587,6.833510610704252e-07,0.030835695564746857,0.04256065562367439,0.0,0.0,0.0,1.0,1.0,600,113024,8,4,0.9038813710212708,0.6718293062326488,0.0002509686164557934,-0.0045775361359119415,-0.004593652673065662,0.45936526730656624,1.0,0.44995594024658203,-0.03182578086853027,0.45067650079727173,0.45405054092407227,-0.030277609825134277,0.45067647099494934,1,1.3667021221408506e-07,0.0
0.00581921823322773,7.913876665099906e-09,0.005826829932630062,0.048446208238601685,0.0,0.0,0.0,1.0,1.0,600,113024,16,4,0.6767078042030334,2.4419119431466223,0.003191133262589574,-0.0018555020214989781,0.0017579335253685713,0.3191133262589574,1.0,0.4421970844268799,-0.03341197967529297,0.45702797174453735,0.4569912254810333,-0.027555465698242188,0.45702800154685974,1,1.5827753330199813e-09,0.0
0.022374752908945084,0.0063972268253564835,0.02261168323457241,0.01942005380988121,0.003201891543218191,0.0,0.0,1.0,1.0,600,113056,9,4,1.188823938369751,0.18366730859793365,0.00019155237532686442,-0.0031970608979463577,-0.0046399314887821674,0.46399314887821674,1.0,0.45287036895751953,-0.02931523323059082,0.45063015818595886,0.4517545700073242,-0.029735803604125977,0.45063015818595886,1,0.0017597290965540254,0.0
0.0002296054153703153,7.913876665099906e-09,0.0002374183532083407,0.03620803728699684,0.0,0.0,0.0,1.0,1.0,600,113120,1,4,0.8026843667030334,2.0609645454915078,-0.0010109335416927934,-0.0021353389602154493,-0.0011768502881750464,0.21353389602154493,1.0,0.44028615951538086,-0.032736778259277344,0.45409321784973145,0.4527888298034668,-0.02783513069152832,0.45409324765205383,1,1.5827753330199813e-09,0.0
0.03738081455230713,9.745212636858014e-09,0.03594376519322395,0.07639337331056595,0.0,0.0,1.0,1.0,1.0,600,113120,3,4,0.25627997517585754,2.317594602846162,0.00040280973189510405,0.0006503266049548984,0.0026599301490932703,0.26599301490932703,1.0,0.4401559829711914,-0.03059256076812744,0.45792996883392334,0.45420265197753906,-0.025049567222595215,0.4579299986362457,1,1.949042527371603e-09,0.0
0.04248572885990143,0.008387471549212933,0.05472204089164734,0.08948679268360138,0.0,0.0,1.0,1.0,1.0,600,113120,13,4,0.31339743733406067,2.4724396870854055,-0.004002646077424288,0.002748003462329507,0.004591367673128843,0.45913676731288433,1.0,0.43481969833374023,-0.028885841369628906,0.4598613977432251,0.4468662738800049,-0.024054527282714844,0.4598614573478699,1,0.0016774943098425866,0.0
0.020524444058537483,5.001428462492186e-07,0.03995061665773392,0.058197446167469025,0.0,0.0,1.0,1.0,1.0,600,113120,23,4,0.7679750919342041,1.0454954554282652,0.00016674604557920247,-0.002869599498808384,0.0008942190324887633,0.2869599498808384,1.0,0.44760239124298096,-0.03099966049194336,0.45616424083709717,0.4539668560028076,-0.028569579124450684,0.45616433024406433,1,1.0002856924984372e-07,0.0
0.002939169527962804,7.913876665099906e-09,0.002955481642857194,0.03788476437330246,0.0,0.0,0.0,1.0,1.0,600,113120,31,4,0.9161193370819092,2.0013013489875657,-0.003773818491026759,-0.001416143262758851,0.0022391548845916986,0.3773818491026759,1.0,0.4378824234008789,-0.03186917304992676,0.4575091600418091,0.4500255584716797,-0.027116060256958008,0.45750924944877625,1,1.5827753330199813e-09,0.0
0.0002457942464388907,7.913876665099906e-09,0.00029589483165182173,0.022792087867856026,0.0,0.0,0.0,1.0,1.0,600,113152,30,4,1.4634699821472168,1.2889376981560943,0.004050335381180048,-0.003504527034237981,-0.004988841246813536,0.49888412468135357,1.0,0.4500102996826172,-0.03221750259399414,0.45028117299079895,0.45784997940063477,-0.029204368591308594,0.4502812325954437,1,1.5827753330199813e-09,0.0
0.043352413922548294,3.0835178677079966e-07,0.06560446321964264,0.092549167573452,0.0,0.0,1.0,1.0,1.0,600,113184,19,4,0.5752707123756409,1.5438357689476214,-0.001332163461484015,0.0003863153688143939,-0.0038395195733755827,0.38395195733755827,1.0,0.4430854022502899,-0.028943300247192383,0.4514304995536804,0.4524679481983185,-0.025313854217529297,0.4514305889606476,1,6.167035735415994e-08,0.0
0.052290529012680054,0.0030436371453106403,0.08498501777648926,0.08322980999946594,0.0017574549343866031,0.0,1.0,1.0,1.0,600,113184,22,4,1.135558843612671,0.073822552179349,0.0003486656059976667,-0.0011706454679369926,0.003421299159526825,0.3421299159526825,1.0,0.4536978006362915,-0.027038365602493286,0.458691269159317,0.453083872795105,-0.02726799249649048,0.45869138836860657,1,0.0008723456692201186,0.0
0.03775970637798309,0.0034825413022190332,0.04970725625753403,0.05132487416267395,0.0,0.0,1.0,1.0,1.0,600,113216,0,4,1.0366910696029663,0.2922171571994191,-0.0039388383738696575,0.003631632076576352,0.0002093716466333717,0.39388383738696575,1.0,0.4480772018432617,-0.022735595703125,0.4554794430732727,0.4486427307128906,-0.022523880004882812,0.4554794132709503,1,0.0006965082604438067,0.0
0.00020535798103082925,7.913875776921486e-09,0.00021305176778696477,0.02625270187854767,0.0,0.0,0.0,1.0,1.0,600,113216,26,4,1.0089173316955566,1.4919625099137845,-0.0028757480904459953,-0.003983848262578249,0.0012906035408377647,0.3983848262578249,1.0,0.44185566902160645,-0.033186912536621094,0.4565606117248535,0.4509246349334717,-0.029683589935302734,0.4565607011318207,1,1.5827751553842974e-09,0.0
0.033286698162555695,0.0155534902587533,0.042617592960596085,0.06449799984693527,0.0,0.0,1.0,1.0,1.0,600,113248,7,4,0.6537237763404846,2.144804263779768,-0.0008413367322646081,-4.2718595068436116e-05,0.0034072434064000845,0.34072434064000845,1.0,0.43995046615600586,-0.03085312247276306,0.4586772918701172,0.44753074645996094,-0.027806907892227173,0.4586773216724396,1,0.00311069805175066,0.0
0.00226791063323617,7.913876665099906e-09,0.0022836485877633095,0.030849626287817955,0.0,0.0,0.0,1.0,1.0,600,113280,2,4,0.9477320909500122,1.636710760290751,-0.001725897309370339,0.0007743389578536153,-0.0014505846193060279,0.1725897309370339,1.0,0.44213056564331055,-0.028781473636627197,0.4538194239139557,0.4520735740661621,-0.02492561936378479,0.45381948351860046,1,1.5827753330199813e-09,0.0
0.026648035272955894,0.010771526955068111,0.03751753643155098,0.044040948152542114,0.0,0.0,0.0,1.0,1.0,600,113312,14,4,0.891981840133667,0.9909280069319754,0.004975754301995039,0.0015609088586643338,0.0006919291336089373,0.4975754301995039,1.0,0.452742338180542,-0.026440143585205078,0.4559619426727295,0.4550135135650635,-0.02555990219116211,0.4559619426727295,1,0.0021543053910136225,0.0
0.03894009441137314,0.003297941293567419,0.07196354866027832,0.07380260527133942,0.0,0.0,1.0,1.0,1.0,600,113312,21,4,1.084275245666504,0.29432787241593816,1.0103536624228582e-05,-0.002622266300022602,-0.003095087828114629,0.3095087828114629,1.0,0.45201385021209717,-0.02899456024169922,0.45217493176460266,0.452656626701355,-0.028752803802490234,0.45217493176460266,1,0.0006595882587134838,0.0
0.022822508588433266,8.904278203658578e-09,8.241721661761403e-05,0.02687033638358116,0.0,0.0,0.0,1.0,1.0,600,115200,18,4,0.5074060559272766,1.5348360342207776,0.0021740663796663284,0.004835228435695171,0.00429919408634305,0.48352284356951714,1.0,0.446646124124527,-0.02447211742401123,0.4595692455768585,0.45597419142723083,-0.02086484432220459,0.4595693051815033,1,1.7808556407317157e-09,0.0
0.009105293080210686,7.913875776921486e-09,0.009152639657258987,0.025192681699991226,0.0,0.0,0.0,1.0,1.0,600,115200,25,4,1.2447806596755981,0.9190268189826627,0.00224815821275115,-0.0008541635470464826,0.001197636011056602,0.224815821275115,1.0,0.450451135635376,-0.028684139251708984,0.45646771788597107,0.45604848861694336,-0.026553630828857422,0.45646771788597107,1,1.5827751553842974e-09,0.0
0.00023073283955454826,5.155138094181666e-09,0.00024109435616992414,0.017900533974170685,0.0,0.0,0.0,1.0,1.0,600,118528,27,4,0.7217905521392822,1.0118118439278183,0.0018188353860750794,-0.0026396086905151606,-0.0015696986811235547,0.26396086905151606,1.0,0.44945859909057617,-0.030689626932144165,0.45370036363601685,0.45561909675598145,-0.02833956480026245,0.45370039343833923,1,1.0310276188363333e-09,0.0
1.0016106367111206,1.0016106367111206,1.0017940998077393,0.02743678167462349,1.0,1.0,0.0,0.0,0.0,190,119200,3,4,32.80856704711914,1.561497357480805,-0.001357568078674376,0.0014257639413699508,0.0006638818304054439,0.14257639413699508,1.0,0.44295310974121094,-0.02794647216796875,0.45593392848968506,0.217559814453125,-0.2951469421386719,0.45593392848968506,1,0.9888888895511627,0.8888888955116272
0.024552935734391212,0.01461028028279543,0.038261473178863525,0.05015822499990463,0.0,0.0,1.0,1.0,1.0,600,119296,28,4,0.8759584426879883,1.5187401598331136,-0.0026719416491687298,-0.0032222922891378403,0.002078060060739517,0.322229228913784,1.0,0.4418976306915283,-0.03249096870422363,0.4573480486869812,0.4460282325744629,-0.030858993530273438,0.457348108291626,1,0.002922056056559086,0.0
6.41566512058489e-05,7.913875776921486e-09,7.230028131743893e-05,0.030628172680735588,0.0,0.0,0.0,1.0,1.0,600,119328,12,4,0.665948212146759,1.7507228392375425,-0.0010214578360319138,-0.004898708313703537,-0.0003346136072650552,0.4898708313703537,1.0,0.44214653968811035,-0.03473377227783203,0.4549354314804077,0.45277881622314453,-0.03059867024421692,0.4549354612827301,1,1.5827751553842974e-09,0.0
1.0042047500610352,1.0042047500610352,1.0049104690551758,0.009386356920003891,1.0,1.0,0.0,0.0,0.0,243,120800,8,4,34.730003356933594,0.4973566595571688,-0.0034409407526254654,0.004356808494776487,0.0007892508874647319,0.43568084947764874,1.0,0.4473261833190918,-0.022484540939331055,0.4560593068599701,0.2152729034423828,-0.2931627035140991,0.4560593366622925,1,1.0,1.0
1.0052533149719238,1.0052533149719238,1.0131813287734985,0.04267983138561249,1.0,1.0,0.0,0.0,0.0,244,120928,13,4,34.1679801940918,1.9911316242002397,-0.0027375470381230116,0.001001108204945922,-0.0008465227438136935,0.27375470381230116,1.0,0.4389808177947998,-0.0294266939163208,0.4544234275817871,0.2158946990966797,-0.29690122604370117,0.4544234871864319,1,1.0,1.0
0.09536843001842499,0.004853591322898865,0.11865918338298798,0.13650472462177277,0.0,0.0,1.0,1.0,1.0,600,121440,6,4,0.712652325630188,1.3005652414443947,0.0005670619430020452,0.0049743689596652985,-0.002226275624707341,0.49743689596652985,1.0,0.4464564323425293,-0.023766279220581055,0.45304372906684875,0.452669620513916,-0.02136087417602539,0.45304378867149353,1,0.000970718264579773,0.0
0.0314100906252861,3.1453062376840535e-11,0.044608935713768005,0.0717424526810646,0.0,0.0,1.0,1.0,1.0,600,121568,10,4,0.5121200680732727,1.5546364324595272,-0.0014099396066740155,0.004303536377847195,-0.0017388402484357357,0.43035363778471947,1.0,0.44294261932373047,-0.02505207061767578,0.4535312354564667,0.4523904323577881,-0.021396160125732422,0.4535312354564667,1,6.290612475368107e-12,0.0
0.016968246549367905,-1.1878826811084764e-09,0.031214514747262,0.07479749619960785,0.0,0.0,1.0,1.0,1.0,600,121568,17,4,0.2773262858390808,2.497120362207835,-0.0022591210436075926,-0.0025744137819856405,0.0019938191398978233,0.25744137819856405,1.0,0.4364151358604431,-0.034270673990249634,0.4572638273239136,0.4515409767627716,-0.02827438712120056,0.45726391673088074,1,0.0,0.0
1.0028042793273926,1.0028042793273926,1.0036081075668335,0.005194684024900198,1.0,1.0,0.0,0.0,0.0,269,121728,1,4,35.628318786621094,0.25157518376031607,-0.0010881713824346662,0.0037666650023311377,-0.0014299439499154687,0.37666650023311377,1.0,0.45117616653442383,-0.022507667541503906,0.45384010672569275,0.21773529052734375,-0.2932417392730713,0.45384013652801514,1,1.0,1.0
0.012253053486347198,0.01013418659567833,0.022720862179994583,0.05594317615032196,0.0,0.0,1.0,1.0,1.0,600,121728,11,4,0.44481876492500305,2.4841447103321035,-0.000875603873282671,0.0008351606666110456,-0.001806054962798953,0.1806054962798953,1.0,0.43787693977355957,-0.030828237533569336,0.4534640312194824,0.4493842124938965,-0.026200056076049805,0.45346397161483765,1,0.002026837319135666,0.0
1.0051088333129883,1.0051088333129883,1.005392074584961,0.0012444959720596671,1.0,1.0,0.0,0.0,0.0,268,121888,21,4,35.693634033203125,0.0550722788502223,-0.0005565786268562078,-0.0013055660529062152,-0.0010635450016707182,0.13055660529062152,1.0,0.4529069662094116,-0.0271303653717041,0.4542064368724823,0.218086838722229,-0.29915523529052734,0.45420652627944946,1,1.0,1.0
0.03433261066675186,7.872272611564313e-09,0.0017457115463912487,0.034414809197187424,0.0,0.0,0.0,1.0,1.0,600,122016,5,4,0.4087173044681549,1.8718030967582393,-0.0014621199807152152,0.0011165038449689746,-0.002705587772652507,0.2705587772652507,1.0,0.44097471237182617,-0.029016494750976562,0.4525644779205322,0.45233726501464844,-0.024582862854003906,0.4525645077228546,1,1.5744545223128627e-09,0.0
0.030467111617326736,1.4922813207363106e-08,0.02459498681128025,0.05777052417397499,0.0,0.0,1.0,1.0,1.0,600,123744,24,4,0.4285580813884735,1.900819447899746,-0.0015436579706147313,-0.0020742311608046293,0.0039029084146022797,0.39029084146022797,1.0,0.4407186508178711,-0.03227877616882324,0.45917296409606934,0.45225656032562256,-0.02777409553527832,0.4591729938983917,1,2.9845626414726214e-09,0.0
1.0065490007400513,1.0065490007400513,1.0066039562225342,0.010169437155127525,1.0,1.0,0.0,0.0,0.0,207,125952,12,4,33.5007438659668,0.5795178054960456,-0.00037256322684697807,-0.004915940575301647,-0.00033174670534208417,0.4915940575301647,1.0,0.44989442825317383,-0.031948626041412354,0.4549383223056793,0.21815919876098633,-0.3032914996147156,0.45493823289871216,1,0.9907894730567932,0.9078947305679321
0.015765763819217682,8.058499645358097e-09,0.01593250036239624,0.02743479609489441,0.0,0.0,0.0,1.0,1.0,600,127776,20,4,0.8700911998748779,0.6590325732966597,-0.0033891391940414906,-0.0034101135097444057,0.0006454489775933325,0.3410113509744406,1.0,0.44639384746551514,-0.030628681182861328,0.45591554045677185,0.45041096210479736,-0.029109954833984375,0.45591554045677185,1,1.6116999290716194e-09,0.0
0.038041289895772934,3.835521411588161e-08,0.03804792836308479,0.05310366302728653,0.0,0.0,1.0,1.0,1.0,600,128896,15,4,0.7856706380844116,0.8626314411097483,-0.002144143683835864,-0.0020341025665402412,0.0023596903774887323,0.23596903774887323,1.0,0.4464012682437897,-0.029731273651123047,0.4576297104358673,0.45165595412254333,-0.027733802795410156,0.4576297700405121,1,7.671042823176322e-09,0.0
1.00361168384552,1.00361168384552,1.0206105709075928,0.039668962359428406,1.0,1.0,0.0,0.0,0.0,269,130176,17,4,35.368499755859375,1.2988948333055035,0.004538276698440313,0.0010371828684583306,-9.490967204328626e-05,0.45382766984403133,1.0,0.45043790340423584,-0.027699440717697144,0.45517513155937195,0.22329849004745483,-0.2962658703327179,0.45517510175704956,1,1.0,1.0
1.0013649463653564,1.0013649463653564,1.0018994808197021,0.012748891487717628,1.0,1.0,0.0,0.0,0.0,270,130368,11,4,35.429264068603516,0.6998274255792947,0.002608229871839285,0.002982690231874585,0.0022901282645761967,0.2982690231874585,1.0,0.45214295387268066,-0.024331092834472656,0.45756012201309204,0.22154569625854492,-0.2935004234313965,0.45756012201309204,1,1.0,1.0
0.020206285640597343,3.1325379268309916e-07,0.02170661836862564,0.03707411512732506,0.0,0.0,0.0,1.0,1.0,600,130432,4,4,0.7557687759399414,0.8805114356138137,0.004691820591688156,-0.0003332317864987999,0.004280386958271265,0.4691820591688156,1.0,0.4531283378601074,-0.028072357177734375,0.4595504105091095,0.45849132537841797,-0.02603316307067871,0.4595504701137543,1,6.265075853661984e-08,0.0
0.017367195338010788,0.008442535996437073,0.025884229689836502,0.046902697533369064,0.0,0.0,0.0,1.0,1.0,600,132192,29,4,0.6263147592544556,1.6879915004140893,-0.0031992276199162006,0.0013363430043682456,0.0005207084468565881,0.31992276199162006,1.0,0.44034743309020996,-0.02834463119506836,0.45579075813293457,0.447650671005249,-0.025473594665527344,0.4557907283306122,1,0.0016885071992874146,0.0
0.10183205455541611,0.024961605668067932,0.1240975484251976,0.1328781247138977,0.0,0.0,1.0,1.0,1.0,600,132224,16,4,0.8990026712417603,1.9332841907984628,-0.0017273644916713238,0.0041389307007193565,0.002534435363486409,0.41389307007193565,1.0,0.44033923745155334,-0.02614593505859375,0.45780444145202637,0.4433775544166565,-0.02491474151611328,0.45780447125434875,1,0.004992321133613586,0.0
0.037263162434101105,7.913875776921486e-09,8.861655260261614e-06,0.03999589383602142,0.0,0.0,0.0,1.0,1.0,600,132256,9,4,0.18744394183158875,2.291088773111458,-0.004862264264374971,-0.0005186601192690432,0.0013781217858195305,0.48622642643749714,1.0,0.43505048751831055,-0.031694889068603516,0.4566481113433838,0.44893741607666016,-0.026218414306640625,0.45664820075035095,1,1.5827751553842974e-09,0.0
0.044611427932977676,3.268429509262205e-07,0.05887547880411148,0.08115624636411667,0.0,0.0,1.0,1.0,1.0,600,132320,23,4,0.6635282039642334,1.2766128352422177,0.00017027869762387127,-0.0004261221911292523,-0.004383441526442766,0.4383441526442766,1.0,0.44620490074157715,-0.029109477996826172,0.4508865773677826,0.4539705514907837,-0.02612626552581787,0.45088663697242737,1,6.536859018524411e-08,0.0
0.07069164514541626,6.596250301527107e-08,0.08605676144361496,0.11638282239437103,0.0,0.0,1.0,1.0,1.0,600,132320,31,4,0.5006367564201355,1.7375595706030469,-0.004694757983088493,0.0037985884118825197,0.0023014512844383717,0.46947579830884933,1.0,0.4385523796081543,-0.02600407600402832,0.45757150650024414,0.44910478591918945,-0.021901369094848633,0.45757153630256653,1,1.3192500603054215e-08,0.0
0.0402052216231823,0.0402052216231823,0.057211220264434814,0.01837112568318844,0.0388931966797979,0.0,0.0,1.0,1.0,600,132352,30,4,1.8259114027023315,0.07821554442453739,-0.0047468459233641624,0.0025537065230309963,-0.002747695427387953,0.47468459233641624,1.0,0.4485759735107422,-0.023324012756347656,0.4525223970413208,0.4350900650024414,-0.028654098510742188,0.452522337436676,1,0.013875023826606145,0.0
0.22745807468891144,7.913875776921486e-09,0.23078513145446777,0.24607984721660614,0.0,0.0,1.0,1.0,1.0,600,132384,19,4,2.0273399353027344,0.8763235691572439,-0.003416369901970029,-0.00403602933511138,-0.0028183211106806993,0.40360293351113796,1.0,0.4450458586215973,-0.031764984130859375,0.45245176553726196,0.4503837525844574,-0.029735803604125977,0.45245179533958435,1,0.05593220749822621,0.5593220591545105
0.0028099233750253916,7.913868671494129e-09,0.002817647997289896,0.02998240664601326,0.0,0.0,0.0,1.0,1.0,600,132384,22,4,0.9545223116874695,1.556426795795717,0.0011161944130435586,-0.004655559081584215,-0.00047689591883681715,0.4655559081584215,1.0,0.4454575777053833,-0.03401559591293335,0.4547930359840393,0.4549163579940796,-0.030355513095855713,0.45479318499565125,1,1.5827737342988258e-09,0.0
0.01706348918378353,7.913875776921486e-09,0.026735469698905945,0.04005192965269089,0.0,0.0,0.0,1.0,1.0,600,132416,0,4,0.9859282374382019,0.7629766332417351,0.002344381297007203,-0.004527771845459938,0.0021463825833052397,0.4527771845459938,1.0,0.4514946937561035,-0.03199005126953125,0.45741644501686096,0.456143856048584,-0.030227184295654297,0.45741650462150574,1,1.5827751553842974e-09,0.0
1.1576428704529462e-08,7.913875776921486e-09,7.73046940594213e-06,0.036060232669115067,0.0,0.0,0.0,1.0,1.0,600,132416,26,4,0.7669252753257751,2.065657098894718,0.0007611808832734823,-0.00044124259147793055,-0.00011659571464406326,0.07611808832734823,1.0,0.4420301914215088,-0.031054258346557617,0.4551534056663513,0.4545614719390869,-0.02614116668701172,0.4551534950733185,1,1.5827751553842974e-09,0.0
0.018653705716133118,3.9666287193540484e-05,0.018781006336212158,0.02167101390659809,0.0,0.0,0.0,1.0,1.0,600,132448,7,4,1.0711874961853027,0.1678582221141309,-0.003178021404892206,-0.003017373848706484,0.0029166226740926504,0.3178021404892206,1.0,0.4495968818664551,-0.029099762439727783,0.4581867456436157,0.4506077766418457,-0.028722494840621948,0.45818665623664856,1,7.933257438708097e-06,0.0
0.03641662374138832,0.015536472201347351,0.06528906524181366,0.07169561088085175,0.0,0.0,1.0,1.0,1.0,600,132480,2,4,0.9978169798851013,1.2572427389211789,0.0017188932979479432,-0.00394885940477252,-0.004556729923933744,0.45567299239337444,1.0,0.44787073135375977,-0.032585352659225464,0.45071330666542053,0.45009708404541016,-0.031710654497146606,0.45071327686309814,1,0.00310729444026947,0.0
0.02406558394432068,0.01229217741638422,0.036397382616996765,0.04888756573200226,0.0,0.0,0.0,1.0,1.0,600,132512,14,4,0.7749676704406738,1.4199243980159542,-0.0007318987045437098,0.0038578438106924295,-0.003575429320335388,0.38578438106924295,1.0,0.44443535804748535,-0.025171279907226562,0.45169466733932495,0.4487757682800293,-0.023466825485229492,0.45169463753700256,1,0.002458435483276844,0.0
0.327420711517334,7.913875776921486e-09,0.3344659209251404,0.35687634348869324,0.0,0.0,1.0,1.0,1.0,600,134400,18,4,2.089815378189087,1.2840172939110406,0.002678235061466694,-0.0002526578027755022,-0.002341803163290024,0.2678235061466694,1.0,0.448667973279953,-0.02895355224609375,0.45292818546295166,0.4564783275127411,-0.025952696800231934,0.4529282748699188,1,0.06400000015226369,0.6399999856948853
0.037060998380184174,1.5194547131613945e-06,0.03743073344230652,0.04160536825656891,0.0,0.0,0.0,1.0,1.0,600,134400,25,4,1.022308111190796,0.2392756138907098,-0.0035661489237099886,-0.0047601661644876,0.0009684233227744699,0.47601661644876003,1.0,0.4487733840942383,-0.031006336212158203,0.4562385380268097,0.45023369789123535,-0.030460357666015625,0.4562385380268097,1,3.038909426322789e-07,0.0
1.0047162771224976,1.0047162771224976,1.0107674598693848,0.0403955914080143,1.0,1.0,0.0,0.0,0.0,210,136896,17,4,33.33665466308594,1.9677947887970102,-0.0032988523598760366,0.004448973573744297,0.0027324012480676174,0.4448973573744297,1.0,0.43855977058410645,-0.025921255350112915,0.4580024480819702,0.21537494659423828,-0.29325738549232483,0.4580024480819702,1,1.0,1.0
0.007741823326796293,2.732228332469333e-10,0.008171068504452705,0.026069696992635727,0.0,0.0,0.0,1.0,1.0,600,137728,27,4,0.7484080195426941,1.0255162983323316,-0.002420540899038315,-0.00499122915789485,0.004826147574931383,0.499122915789485,1.0,0.44513630867004395,-0.03307396173477173,0.4600962996482849,0.45137977600097656,-0.030691176652908325,0.4600962698459625,1,5.464456664938666e-11,0.0
0.00026013614842668176,0.00026013614842668176,0.00042366160778328776,0.028694627806544304,0.0,0.0,0.0,1.0,1.0,600,138400,3,4,0.5446026921272278,1.6347118627414643,0.00021613671560771763,-0.0040022325702011585,0.003807167988270521,0.40022325702011585,1.0,0.44408369064331055,-0.03355288505554199,0.45907723903656006,0.45392513275146484,-0.029736042022705078,0.4590771496295929,1,5.202722968533635e-05,0.0
0.005795581266283989,7.913876665099906e-09,0.006119669880717993,0.04496707022190094,0.0,0.0,0.0,1.0,1.0,600,138496,28,4,0.6282622814178467,2.225792378089548,-0.00477647827938199,0.004391013644635677,0.0007063366938382387,0.47764782793819904,1.0,0.4355285167694092,-0.026621580123901367,0.4559764266014099,0.449023962020874,-0.0213090181350708,0.4559764564037323,1,1.5827753330199813e-09,0.0
1.0031007528305054,1.0031007528305054,1.0032010078430176,0.0009183001820929348,1.0,1.0,0.0,0.0,0.0,264,138880,4,4,35.43909454345703,0.046876108542113194,0.0005286824889481068,-0.0017737081507220864,0.00460904510691762,0.46090451069176197,1.0,0.4540424346923828,-0.02758002281188965,0.4598790109157562,0.2193288803100586,-0.2988901138305664,0.4598791003227234,1,1.0,1.0
0.02265794575214386,0.02265794575214386,0.022749437019228935,0.04294169321656227,0.0,0.0,0.0,1.0,1.0,600,140000,8,4,0.7058517336845398,2.4551383910309403,0.0038083840627223253,-0.003840947523713112,0.0024676506873220205,0.3840947523713112,1.0,0.4427347183227539,-0.035430908203125,0.4577377438545227,0.44971227645874023,-0.03257608413696289,0.45773768424987793,1,0.004531589150428772,0.0
0.03640194609761238,0.010451742447912693,0.04689837992191315,0.06584002077579498,0.0,0.0,1.0,1.0,1.0,600,140128,13,5,0.7078490257263184,1.6841160083903417,-0.0009863108862191439,-0.0011214126134291291,0.0029064398258924484,0.29064398258924484,1.0,0.4425837993621826,-0.030793070793151855,0.45817649364471436,0.44916272163391113,-0.028199195861816406,0.45817652344703674,1,0.0020903484895825387,0.0
0.03335054591298103,0.027939142659306526,0.03336002677679062,0.009829414077103138,0.023634807913117773,0.0,0.0,1.0,1.0,600,140640,6,5,1.5479344129562378,0.2525901338627241,0.0018232944421470165,-0.0006294308695942163,0.00012608454562723637,0.18232944421470165,1.0,0.45408105850219727,-0.02690577507019043,0.4553961455821991,0.4458961486816406,-0.030097484588623047,0.45539620518684387,1,0.009133049718828971,0.0
0.02479543350636959,1.5803719222162727e-08,1.735852492856793e-05,0.02670286037027836,0.0,0.0,0.0,1.0,1.0,600,140768,10,5,0.5188244581222534,1.5289676210632672,0.00497392425313592,0.0005466695874929428,0.004601071588695049,0.49739242531359196,1.0,0.449481725692749,-0.02874612808227539,0.4598710834980011,0.4587743282318115,-0.02515268325805664,0.4598711431026459,1,3.1607438444325455e-09,0.0
1.0021041631698608,1.0021041631698608,1.0023095607757568,0.021219052374362946,1.0,1.0,0.0,0.0,0.0,264,140832,22,5,35.1673583984375,1.203990422005234,0.002394231269136071,-0.0003183512017130852,-0.0048250192776322365,0.48250192776322365,1.0,0.4488687515258789,-0.028827160596847534,0.4504449665546417,0.22127294540405273,-0.2970714569091797,0.45044493675231934,1,1.0,1.0
0.0016286016907542944,7.913874888743067e-09,0.0021702125668525696,0.01051066629588604,0.0,0.0,0.0,1.0,1.0,600,140928,1,5,1.3237375020980835,0.4778732247845901,-0.0002987502666655928,-0.0018580001778900623,0.001445780973881483,0.18580001778900623,1.0,0.45058631896972656,-0.028654098510742188,0.45671582221984863,0.45350074768066406,-0.027557849884033203,0.456715852022171,1,1.5827749777486135e-09,0.0
1.005652904510498,1.005652904510498,1.0058836936950684,0.021356940269470215,1.0,1.0,0.0,0.0,0.0,269,140928,31,5,35.36515808105469,1.210438654190255,0.000958076270762831,0.0014612384838983417,-0.004975338000804186,0.4975338000804186,1.0,0.44739341735839844,-0.02706289291381836,0.4502946138381958,0.2195582389831543,-0.2965872287750244,0.4502946138381958,1,1.0,1.0
0.030958952382206917,1.2423754924384411e-05,0.002307464834302664,0.03273044526576996,0.0,0.0,0.0,1.0,1.0,600,141088,21,5,0.46329015493392944,1.743820612916127,0.004356421530246735,-0.0016386177157983184,-0.0005149098578840494,0.43564215302467346,1.0,0.4475661516189575,-0.03145647048950195,0.45475512742996216,0.45815229415893555,-0.027340173721313477,0.45475515723228455,1,2.4847509848768824e-06,0.0
0.0316891074180603,0.026773568242788315,0.08099963515996933,0.0845794826745987,0.0,0.0,1.0,1.0,1.0,600,141216,5,5,0.9963529706001282,1.7391219763756873,-0.0028995685279369354,0.0013155824271962047,-0.0009983469499275088,0.28995685279369354,1.0,0.4403386116027832,-0.028490543365478516,0.45427167415618896,0.4415774345397949,-0.027989864349365234,0.45427170395851135,1,0.005354713648557663,0.0
1.0011025667190552,1.0011025667190552,1.001441240310669,0.011999585665762424,1.0,1.0,0.0,0.0,0.0,266,142912,25,5,35.47549819946289,0.6681180589140989,0.002748670522123575,-0.00041299298754893243,-0.0006175336893647909,0.2748670522123575,1.0,0.45247650146484375,-0.027652263641357422,0.4546525180339813,0.22170686721801758,-0.2968006134033203,0.45465248823165894,1,1.0,1.0
0.06380397826433182,8.198698608907762e-09,0.06381145119667053,0.08986260741949081,0.0,0.0,1.0,1.0,1.0,600,142944,24,5,0.565055787563324,1.492622476942337,-0.00034006222267635167,4.890760465059429e-06,-0.0009745414718054235,0.09745414718054235,1.0,0.4443870782852173,-0.02920055389404297,0.45429545640945435,0.45346009731292725,-0.025695323944091797,0.4542955458164215,1,1.6397397217815524e-09,0.0
0.006162951234728098,0.006162951234728098,0.006172860041260719,0.021516013890504837,0.0,0.0,0.0,1.0,1.0,600,145152,12,5,0.7889407277107239,1.232209241839436,0.0031774307135492563,-0.004248705226927996,0.0011618294520303607,0.42487052269279957,1.0,0.4494807720184326,-0.03282526135444641,0.45643186569213867,0.4548227787017822,-0.030756622552871704,0.45643189549446106,1,0.0012325902469456198,0.0
0.0030097700655460358,6.869584900925929e-09,0.00014449474110733718,0.028100991621613503,0.0,0.0,0.0,1.0,1.0,600,146976,20,5,0.5354639291763306,1.6017900307768855,0.0023142287973314524,-0.002921870443969965,0.0005389213911257684,0.2921870443969965,1.0,0.4463815689086914,-0.03239250183105469,0.45580896735191345,0.45611441135406494,-0.028621673583984375,0.4558090269565582,1,1.3739169801851858e-09,0.0
0.018711939454078674,8.229684311800156e-08,6.566384399775416e-05,0.01940789446234703,0.0,0.0,0.0,1.0,1.0,600,148096,15,5,0.6795560121536255,1.1082325572238305,-0.0024155897554010153,0.0021131227258592844,-0.0017872623866423965,0.24155897554010153,1.0,0.4446394145488739,-0.026166439056396484,0.4534827470779419,0.4513845145702362,-0.023586273193359375,0.45348283648490906,1,1.6459368623600314e-08,0.0
0.029655754566192627,0.012736422009766102,0.01281802263110876,0.03186804801225662,0.0,0.0,0.0,1.0,1.0,600,149568,11,5,0.6894810199737549,1.821229387935703,0.001777405384927988,0.0035700651351362467,0.0012177734170109034,0.35700651351362467,1.0,0.4445197582244873,-0.026438236236572266,0.45648783445358276,0.45113039016723633,-0.02381420135498047,0.45648786425590515,1,0.0025472844019532206,0.0
1.0060604810714722,1.0060604810714722,1.0066423416137695,0.025856323540210724,1.0,1.0,0.0,0.0,0.0,273,149664,31,5,35.5180778503418,1.448122834004352,0.004028618801385164,0.002302640350535512,-0.004903864581137896,0.49038645811378956,1.0,0.44902467727661133,-0.02679443359375,0.45036622881889343,0.22259759902954102,-0.2958948612213135,0.45036619901657104,1,1.0,1.0
0.07984326034784317,0.07963554561138153,0.08842889219522476,0.02555442415177822,0.06394627477153682,0.0,0.0,1.0,1.0,600,151392,29,5,2.2727253437042236,0.9603391114557791,0.004862851928919554,0.002506797667592764,0.00011890246969414875,0.4862851928919554,1.0,0.45281505584716797,-0.025421142578125,0.45538896322250366,0.4312324523925781,-0.034644126892089844,0.45538896322250366,1,0.025519050338006825,0.0
0.03769952803850174,0.013053993694484234,0.05582272633910179,0.06208096817135811,0.0,0.0,1.0,1.0,1.0,600,151424,16,5,0.9554831981658936,1.1065100688925178,0.0017720367759466171,-0.00038328985101543367,-0.0031021982431411743,0.31021982431411743,1.0,0.44883736968040466,-0.02865886688232422,0.4521677792072296,0.4510142505168915,-0.027809858322143555,0.4521677792072296,1,0.002610798738896847,0.0
0.02518567629158497,9.93833371154551e-09,8.093073120107874e-05,0.026837585493922234,0.0,0.0,0.0,1.0,1.0,600,151456,9,5,0.5337970852851868,1.5330444969458246,0.0003439100692048669,0.0019839575979858637,0.0023115358781069517,0.23115358781069517,1.0,0.4448270797729492,-0.02731919288635254,0.45758160948753357,0.4541435241699219,-0.023715972900390625,0.45758160948753357,1,1.9876667423091024e-09,0.0
4.254351551935542e-06,7.91386689513729e-09,1.6858704839251004e-05,0.0008505476289428771,0.0,0.0,0.0,1.0,1.0,600,151520,23,5,1.790045976638794,0.047767311491614325,-0.0025675257202237844,-0.0031089563854038715,-0.004115228075534105,0.41152280755341053,1.0,0.4509408473968506,-0.028917312622070312,0.4511549174785614,0.45123255252838135,-0.028808951377868652,0.4511548578739166,1,1.582773379027458e-09,0.0
0.02070285752415657,5.528687729849935e-09,0.02974822372198105,0.06967483460903168,0.0,0.0,1.0,1.0,1.0,600,151552,30,5,0.2706284523010254,2.2876241596549693,0.002475762739777565,0.0009873907547444105,0.004730959888547659,0.4730959888547659,1.0,0.44240856170654297,-0.03018045425415039,0.46000105142593384,0.45627546310424805,-0.024712085723876953,0.4600010812282562,1,1.105737545969987e-09,0.0
0.2700127065181732,7.913876665099906e-09,0.2718932032585144,0.3018536865711212,0.0,0.0,1.0,1.0,1.0,600,151584,19,5,1.8068615198135376,1.7166061510550346,-0.0027216067537665367,-0.002095975447446108,-0.0028806193731725216,0.28806193731725216,1.0,0.44065234065055847,-0.03184700012207031,0.4523894190788269,0.45107850432395935,-0.027795791625976562,0.4523894488811493,1,0.06190476575819038,0.6190476417541504
0.008343557827174664,7.913875776921486e-09,0.013049274682998657,0.048104505985975266,0.0,0.0,0.0,1.0,1.0,600,151616,0,5,0.6797900795936584,2.008517443845684,-0.0009205141686834395,0.0016348406206816435,0.0034413966350257397,0.34413966350257397,1.0,0.4406929016113281,-0.028836727142333984,0.4587114453315735,0.4528789520263672,-0.02406454086303711,0.4587114751338959,1,1.5827751553842974e-09,0.0
0.050359804183244705,0.007125215604901314,0.05678611993789673,0.07250377535820007,0.0,0.0,1.0,1.0,1.0,600,151616,26,5,0.776036262512207,1.3088006353144317,0.0012441736180335283,0.002467837417498231,-0.004294224549084902,0.4294224549084902,1.0,0.4470839500427246,-0.02629256248474121,0.45097583532333374,0.45255374908447266,-0.024167537689208984,0.45097580552101135,1,0.0014250431209802629,0.0
0.020502198487520218,1.5080620130447642e-07,0.03988223150372505,0.07244861871004105,0.0,0.0,1.0,1.0,1.0,600,151648,7,5,0.5072343945503235,1.8659265727510896,0.003215121105313301,-0.004966237116605043,-0.0036437876988202333,0.49662371166050434,1.0,0.44568729400634766,-0.03508457541465759,0.4516263008117676,0.4570145606994629,-0.030666202306747437,0.45162633061408997,1,3.0161240260895285e-08,0.0
0.026682915166020393,1.2064436560876857e-08,1.2952554243383929e-05,0.028221169486641884,0.0,0.0,0.0,1.0,1.0,600,151680,2,5,0.491222620010376,1.6162122953744846,0.003812759416177869,0.0011458434164524078,0.002399969380348921,0.3812759416177869,1.0,0.44779253005981445,-0.02835986018180847,0.4576699733734131,0.4576125144958496,-0.02455410361289978,0.45767006278038025,1,2.4128873121753714e-09,0.0
5.050030449638143e-05,7.913875776921486e-09,6.985051004448906e-05,0.021793415769934654,0.0,0.0,0.0,1.0,1.0,600,151712,14,5,1.3553861379623413,1.2446686808243028,0.0015329247107729316,-0.003438252257183194,-0.003999744076281786,0.3999744076281786,1.0,0.44776129722595215,-0.03204464912414551,0.45127034187316895,0.45533323287963867,-0.02913808822631836,0.45127037167549133,1,1.5827751553842974e-09,0.0
0.24772478640079498,7.913875776921486e-09,0.24773402512073517,0.2733542323112488,0.0,0.0,1.0,1.0,1.0,600,153600,18,5,1.8410700559616089,1.4679300624322715,-0.000552455778233707,-0.004711550194770098,-0.0027065060567110777,0.4711550194770098,1.0,0.4443241059780121,-0.03385651111602783,0.45256349444389343,0.45324763655662537,-0.030411601066589355,0.452563613653183,1,0.060000003966960945,0.6000000238418579
1.0007003545761108,1.0007003545761108,1.0083999633789062,0.024730881676077843,1.0,1.0,0.0,0.0,0.0,267,153696,12,5,35.24707794189453,0.9758210158700823,-0.00042362583917565644,0.0023364911321550608,-0.0023148683831095695,0.23364911321550608,1.0,0.447434663772583,-0.025628238916397095,0.4529551565647125,0.21856689453125,-0.2939041256904602,0.4529551863670349,1,1.0,1.0
0.029811114072799683,2.372498197900086e-09,0.04286942631006241,0.04858141392469406,0.0,0.0,0.0,1.0,1.0,600,156096,17,5,1.0016944408416748,0.3272727295885393,-0.0007112616440281272,-0.00441304687410593,-8.041467663133517e-05,0.44130468741059303,1.0,0.45109158754348755,-0.030861347913742065,0.45518961548805237,0.4530888497829437,-0.030113011598587036,0.45518967509269714,1,4.744996395800172e-10,0.0
0.03732779249548912,2.9290363467993075e-09,0.061568088829517365,0.10182291269302368,0.0,0.0,1.0,1.0,1.0,600,156928,27,5,0.241689532995224,2.306430872091188,1.7710093743517064e-05,0.0028323084115982056,0.0016772289527580142,0.28323084115982056,1.0,0.4398379325866699,-0.028382867574691772,0.4569472670555115,0.45381808280944824,-0.022867649793624878,0.45694729685783386,1,5.858072693598616e-10,0.0
1.0015252828598022,1.0015252828598022,1.0015366077423096,0.016720907762646675,1.0,1.0,0.0,0.0,0.0,237,157248,31,5,34.20539474487305,0.9573906041684492,0.0026001622900366783,-0.00344191025942564,-0.004657115321606398,0.46571153216063976,1.0,0.45057010650634766,-0.03136277198791504,0.4506129324436188,0.22152471542358398,-0.29998350143432617,0.4506128430366516,1,1.0,1.0
0.2787192463874817,7.913875776921486e-09,0.28029459714889526,0.289063960313797,0.0,0.0,1.0,1.0,1.0,600,157600,3,5,2.205699920654297,0.5024474983663555,0.0024594853166490793,-0.002893515396863222,0.003606641199439764,0.3606641199439764,1.0,0.45319557189941406,-0.0297468900680542,0.45887672901153564,0.45625925064086914,-0.02859365940093994,0.45887675881385803,1,0.05633803168264393,0.5633803009986877
0.029018903151154518,0.01802918314933777,0.03884705901145935,0.052087511867284775,0.0,0.0,1.0,1.0,1.0,600,157696,28,5,0.8684963583946228,1.7916164624588782,-0.004182175267487764,-0.0029682184103876352,0.00018022382573690265,0.41821752674877644,1.0,0.4387390613555908,-0.03290367126464844,0.45545023679733276,0.4433293342590332,-0.03106856346130371,0.45545026659965515,1,0.003605836629867554,0.0
0.04014941304922104,0.003933473024517298,0.11286486685276031,0.14693093299865723,0.0,0.0,1.0,1.0,1.0,600,158080,4,5,0.4095454216003418,2.1772135113914786,-0.0018980916356667876,0.003648907644674182,0.0005362244555726647,0.3648907644674182,1.0,0.43869876861572266,-0.027242660522460938,0.45580625534057617,0.45052576065063477,-0.022565364837646484,0.4558061957359314,1,0.0007866946049034596,0.0
0.026955893263220787,0.001077935565263033,0.029280032962560654,0.043719977140426636,0.0,0.0,0.0,1.0,1.0,600,159200,8,5,0.7644147276878357,0.8891081358187739,-0.004010810051113367,0.003498155390843749,0.0010512261651456356,0.4010810051113367,1.0,0.44437408447265625,-0.0242612361907959,0.45632126927375793,0.44941234588623047,-0.022342205047607422,0.4563212990760803,1,0.0002155871130526066,0.0
0.032860398292541504,0.00418205838650465,0.007031754124909639,0.03487088158726692,0.0,0.0,0.0,1.0,1.0,600,159328,13,5,0.5135674476623535,1.8346788841851045,0.00424333056434989,-0.003547937609255314,0.00042969369678758085,0.424333056434989,1.0,0.44690442085266113,-0.03358948230743408,0.45569974184036255,0.45658111572265625,-0.029794812202453613,0.45569971203804016,1,0.0008364116773009301,0.0
0.025300728157162666,4.562294986243387e-09,0.04743513464927673,0.0765242949128151,0.0,0.0,1.0,1.0,1.0,600,159840,6,5,0.5094047784805298,1.6666852589067633,0.003578897099941969,-0.004145675338804722,-0.003204032778739929,0.4145675338804722,1.0,0.4472541809082031,-0.033774614334106445,0.45206594467163086,0.4573783874511719,-0.029845476150512695,0.4520660936832428,1,9.124589972486774e-10,0.0
0.0006498360889963806,7.913875776921486e-09,0.0006591359269805253,0.029787195846438408,0.0,0.0,0.0,1.0,1.0,600,159968,10,5,0.9176669120788574,1.668915529114184,-0.0025703858118504286,-0.0005138729466125369,0.0008161009172908962,0.25703858118504286,1.0,0.44109129905700684,-0.030148983001708984,0.4560861587524414,0.4512298107147217,-0.026213645935058594,0.4560861885547638,1,1.5827751553842974e-09,0.0
0.06141378730535507,0.0031550072599202394,0.07852984964847565,0.08026359230279922,0.0,0.0,1.0,1.0,1.0,600,160032,22,5,1.0484192371368408,0.280104323634504,-0.0023599734995514154,-0.002065367763862014,0.0008943788707256317,0.23599734995514154,1.0,0.4497305154800415,-0.02840501070022583,0.4561643898487091,0.4503364562988281,-0.0281771719455719,0.4561644196510315,1,0.0006310014519840479,0.0
1.0040878057479858,1.0040878057479858,1.0041406154632568,0.014079966582357883,1.0,1.0,0.0,0.0,0.0,268,160096,23,5,35.430545806884766,0.8037014760853775,0.0015428788028657436,0.002609784249216318,-0.0007969671278260648,0.2609784249216318,1.0,0.45044612884521484,-0.0249481201171875,0.4544731080532074,0.22026586532592773,-0.29486703872680664,0.454473078250885,1,1.0,1.0
0.040760889649391174,0.040760889649391174,0.05771249160170555,0.04820449277758598,0.009814726328356843,0.0,0.0,1.0,1.0,600,160128,1,5,1.272689700126648,1.79065938220143,-0.0041304281912744045,0.004725532606244087,0.0001283013407373801,0.4725532606244087,1.0,0.4387969970703125,-0.02520751953125,0.4553982615470886,0.4355158805847168,-0.02656269073486328,0.4553983211517334,1,0.00962438687913176,0.0
1.00193190574646,1.00193190574646,1.00458824634552,0.0078540975227952,1.0,1.0,0.0,0.0,0.0,268,160192,0,5,35.58098602294922,0.29781094872752734,0.0003229825524613261,0.0032804382499307394,-0.0006798085523769259,0.32804382499307394,1.0,0.4523048400878906,-0.023099899291992188,0.45459020137786865,0.21921539306640625,-0.2934088706970215,0.45459020137786865,1,1.0,1.0
0.025071660056710243,0.0013357620919123292,0.032696522772312164,0.03479472175240517,0.0,0.0,0.0,1.0,1.0,600,160288,21,5,1.0648741722106934,0.1967516565310038,-0.0008521819836460054,-0.003602128941565752,0.0004774184199050069,0.3602128941565752,1.0,0.4517468214035034,-0.029750347137451172,0.45574745535850525,0.4524805545806885,-0.029475688934326172,0.45574751496315,1,0.00026715241838246587,0.0
0.023659849539399147,6.3058616106559384e-09,0.023836936801671982,0.04643385857343674,0.0,0.0,0.0,1.0,1.0,600,160416,5,5,0.6046772003173828,1.29470782062258,-0.004913920070976019,0.004572364967316389,-0.004871951881796122,0.4913920070976019,1.0,0.4410109519958496,-0.024153709411621094,0.45039814710617065,0.4488859176635742,-0.02112722396850586,0.45039811730384827,1,1.2611723221311877e-09,0.0
0.03769434615969658,0.0031805825419723988,0.010639320127665997,0.04742199555039406,0.0,0.0,0.0,1.0,1.0,600,162112,25,5,0.29115724563598633,2.2897265772588637,-0.0035083589609712362,-0.004740704782307148,0.0029784769285470247,0.4740704782307148,1.0,0.43641209602355957,-0.035913944244384766,0.458248496055603,0.44917917251586914,-0.03085613250732422,0.458248496055603,1,0.0006361165083944798,0.0
0.014973691664636135,7.913876665099906e-09,0.023808401077985764,0.06611444056034088,0.0,0.0,1.0,1.0,1.0,600,162144,24,5,0.5529443025588989,2.423957723696186,0.00010290861246176064,-0.0027753026224672794,-0.0030470010824501514,0.30470010824501514,1.0,0.4392167329788208,-0.0342864990234375,0.452223002910614,0.45390307903289795,-0.028475046157836914,0.4522230923175812,1,1.5827753330199813e-09,0.0
0.03763942793011665,2.486283165126224e-06,0.024951305240392685,0.06447289884090424,0.0,0.0,1.0,1.0,1.0,600,166176,20,5,0.31203097105026245,2.26456458724336,-0.002004241105169058,-0.0030272502917796373,2.264918657601811e-05,0.30272502917796373,1.0,0.4380671977996826,-0.03413724899291992,0.45529264211654663,0.45179498195648193,-0.028728008270263672,0.4552927315235138,1,4.972566330252449e-07,0.0
1.0041414499282837,1.0041414499282837,1.0125582218170166,0.0159627553075552,1.0,1.0,0.0,0.0,0.0,271,166272,3,5,35.77091598510742,0.4323458518199296,0.004896954167634249,0.0036269803531467915,-0.004454900976270437,0.4896954167634249,1.0,0.45605993270874023,-0.0230635404586792,0.4508151113986969,0.2236156463623047,-0.29386937618255615,0.4508151412010193,1,1.0,1.0
1.0001695156097412,1.0001695156097412,1.0241944789886475,0.03552284091711044,1.0,1.0,0.0,0.0,0.0,266,166592,4,5,35.44708251953125,0.6587653955062358,0.004469984211027622,-0.0048127444460988045,-1.4273412489274051e-05,0.48127444460988045,1.0,0.454254150390625,-0.03203010559082031,0.45525580644607544,0.22350263595581055,-0.3008594512939453,0.45525580644607544,1,1.0,1.0
1.0040230751037598,1.0040230751037598,1.005469560623169,0.015290777198970318,1.0,1.0,0.0,0.0,0.0,224,167264,23,5,33.72492980957031,0.7932216713819037,0.0017656300915405154,-0.0012610671110451221,-0.002264422131702304,0.2264422131702304,1.0,0.4507328271865845,-0.028794407844543457,0.45300567150115967,0.22049355506896973,-0.298714280128479,0.45300567150115967,1,0.9810810804367066,0.8108108043670654
0.03755175694823265,6.409436981158478e-09,0.03506322205066681,0.07480718195438385,0.0,0.0,1.0,1.0,1.0,600,167296,15,5,0.2851324677467346,2.2771620173938025,-0.0024587558582425117,0.0012678659986704588,-0.004632446449249983,0.4632446449249983,1.0,0.4375373125076294,-0.02987384796142578,0.4506375789642334,0.4513413608074188,-0.024431705474853516,0.45063766837120056,1,1.2818873962316958e-09,0.0
0.028738487511873245,1.1252897280655816e-08,8.156559488270432e-05,0.03053654357790947,0.0,0.0,0.0,1.0,1.0,600,168768,11,5,0.47095125913619995,1.7449421513221843,0.00047374333371408284,0.0009828453185036778,0.0011587321059778333,0.11587321059778333,1.0,0.4436764717102051,-0.028837919235229492,0.45642876625061035,0.45427393913269043,-0.024717092514038086,0.4564288556575775,1,2.2505794561311633e-09,0.0
1.0037565231323242,1.0037565231323242,1.0059036016464233,0.013641715049743652,1.0,1.0,0.0,0.0,0.0,273,168768,22,5,35.65751266479492,0.6585903185479014,0.001729713985696435,0.0039043219294399023,0.0010578250512480736,0.39043219294399023,1.0,0.45151543617248535,-0.023312926292419434,0.456327885389328,0.22047865390777588,-0.29345178604125977,0.4563278555870056,1,1.0,1.0
1.0017979145050049,1.0017979145050049,1.001821517944336,0.008204708807170391,1.0,1.0,0.0,0.0,0.0,272,168832,1,5,35.657310485839844,0.468738860625903,0.0027325430419296026,0.000455453380709514,-0.002642030594870448,0.27325430419296026,1.0,0.4536733627319336,-0.02631974220275879,0.4526280164718628,0.2216353416442871,-0.2961857318878174,0.452627956867218,1,1.0,1.0
0.009367856197059155,7.913876665099906e-09,0.009375317022204399,0.04343349486589432,0.0,0.0,0.0,1.0,1.0,600,170592,29,6,0.8120663166046143,1.951389955071109,-0.0019412982510402799,-0.0039999294094741344,0.0009417491382919252,0.39999294094741344,1.0,0.4400160312652588,-0.03432917594909668,0.45621174573898315,0.4518589973449707,-0.02969980239868164,0.4562118351459503,1,1.5827753330199813e-09,0.0
0.03669004887342453,0.0034974252339452505,0.06653811037540436,0.09677024930715561,0.0,0.0,1.0,1.0,1.0,600,170624,16,6,0.463741660118103,1.9325625386239687,0.004625141154974699,0.001703514251857996,0.002013268880546093,0.4625141154974699,1.0,0.44669610261917114,-0.0285797119140625,0.45728325843811035,0.4572019875049591,-0.024453163146972656,0.4572833478450775,1,0.0006994850467890502,0.0
0.09250268340110779,0.08218278735876083,0.15439282357692719,0.11559765785932541,0.04055470204351306,0.0,1.0,1.0,1.0,600,170656,9,6,1.8434224128723145,2.485929737583004,-0.0032039948273450136,0.0049996040761470795,0.0029241512529551983,0.49996040761470795,1.0,0.43553733825683594,-0.026668310165405273,0.45819413661956787,0.4223036766052246,-0.03255343437194824,0.45819419622421265,1,0.022519762778279124,0.0
0.01617398113012314,5.903694273001747e-06,0.016269110143184662,0.04356447607278824,0.0,0.0,0.0,1.0,1.0,600,170752,30,6,0.5294061899185181,1.5642470422302641,-0.0015950732631608844,-0.000545327493455261,0.004318169318139553,0.4318169318139553,1.0,0.44269895553588867,-0.02992534637451172,0.4595881998538971,0.45220279693603516,-0.02624654769897461,0.4595882296562195,1,1.1807388546003495e-06,0.0
0.04174600541591644,8.93777052368705e-09,7.764978363411501e-05,0.043440546840429306,0.0,0.0,0.0,1.0,1.0,600,170784,19,6,0.2334926426410675,2.484513753990696,0.0007945178658701479,-0.0015689358115196228,-0.0012096069986000657,0.15689358115196228,1.0,0.4395446181297302,-0.0332331657409668,0.454060435295105,0.4545946419239044,-0.02726888656616211,0.45406046509742737,1,1.78755410473741e-09,0.0
0.028601255267858505,1.568769114612678e-08,8.263144263764843e-05,0.02968513034284115,0.0,0.0,0.0,1.0,1.0,600,170816,26,6,0.49498671293258667,1.6960991484023058,4.5431926992023364e-05,0.0012826514430344105,-0.0006999795441515744,0.12826514430344105,1.0,0.4435431957244873,-0.02841806411743164,0.45457008481025696,0.453845739364624,-0.02441716194152832,0.45457014441490173,1,3.137538229225356e-09,0.0
0.03680336847901344,0.013158424757421017,0.033417440950870514,0.06092231348156929,0.0,0.0,1.0,1.0,1.0,600,170848,7,6,0.5814411044120789,2.329834515282237,-0.0018548935186117887,-0.004587577655911446,0.0036374866031110287,0.45875776559114456,1.0,0.43782472610473633,-0.03586161136627197,0.4589075446128845,0.44735097885131836,-0.032028377056121826,0.4589075744152069,1,0.0026316849514842035,0.0
0.032752614468336105,0.0005784593522548676,0.0005893141496926546,0.03344164416193962,0.0,0.0,0.0,1.0,1.0,600,170880,2,6,0.4263402223587036,1.9154452307902705,0.0030405197758227587,-0.000862441083882004,-0.0030298426281660795,0.30405197758227587,1.0,0.44521427154541016,-0.031103074550628662,0.4522402286529541,0.4566378593444824,-0.026637524366378784,0.4522402584552765,1,0.00011569187045097352,0.0
0.003150330390781164,7.913875776921486e-09,0.0031634869519621134,0.0032742456533014774,0.0,0.0,0.0,1.0,1.0,600,170912,14,6,1.5363357067108154,0.0063464576139367936,-0.003505042288452387,-0.0019467925885692239,0.0046430011279881,0.46430011279881,1.0,0.4502561092376709,-0.027660846710205078,0.459913045167923,0.45029520988464355,-0.027646541595458984,0.45991310477256775,1,1.5827751553842974e-09,0.0
0.00041598392999731004,7.913876665099906e-09,0.00048542418517172337,0.005303523503243923,0.0,0.0,0.0,1.0,1.0,600,172800,18,6,1.4006562232971191,0.27605722310785985,-0.0013343999162316322,-0.003912284038960934,0.004959195852279663,0.4959195852279663,1.0,0.4507807493209839,-0.0302426815032959,0.4602293074131012,0.452465683221817,-0.029612421989440918,0.4602293074131012,1,1.5827753330199813e-09,0.0
0.03600917011499405,0.0003485080669634044,0.004053687676787376,0.04239523410797119,0.0,0.0,0.0,1.0,1.0,600,172896,12,6,0.350572794675827,2.2167761014983083,-0.004513747990131378,-0.0032016043551266193,-0.0010603908449411392,0.4513747990131378,1.0,0.43584561347961426,-0.03419187664985657,0.4542096257209778,0.44916415214538574,-0.02894681692123413,0.4542095959186554,1,6.970161339268089e-05,0.0
1.0013595819473267,1.0013595819473267,1.001601219177246,0.00911576859652996,1.0,1.0,0.0,0.0,0.0,270,174816,20,6,35.64446258544922,0.5084474993870943,0.0023121072445064783,0.0029073222540318966,-0.0034156672190874815,0.34156672190874815,1.0,0.45301127433776855,-0.023959636688232422,0.451854407787323,0.22124981880187988,-0.29357337951660156,0.45185428857803345,1,1.0,1.0
0.03924591839313507,0.011485638096928596,0.013358287513256073,0.04391315579414368,0.0,0.0,0.0,1.0,1.0,600,175296,17,6,0.4785946011543274,2.408742836989748,-0.002753956476226449,0.0008815092733129859,-0.004486498422920704,0.4486498422920704,1.0,0.4364512264728546,-0.030591309070587158,0.45078355073928833,0.4470348060131073,-0.026334673166275024,0.4507836401462555,1,0.0022971276193857193,0.0
0.027601368725299835,7.913875776921486e-09,0.02764170430600643,0.035000842064619064,0.0,0.0,0.0,1.0,1.0,600,176128,27,6,1.209737777709961,0.42164737434130956,0.0027471145149320364,-0.0021934551186859608,0.0022473353892564774,0.27471145149320364,1.0,0.45397496223449707,-0.02885955572128296,0.4575173258781433,0.45654749870300293,-0.027893394231796265,0.4575174152851105,1,1.5827751553842974e-09,0.0
0.03767647221684456,1.905164390336722e-05,0.00026810073177330196,0.03859367221593857,0.0,0.0,0.0,1.0,1.0,600,176448,31,6,0.31966835260391235,2.1969849880479613,0.0021385105792433023,-0.0035124272108078003,0.0007974678301252425,0.35124272108078003,1.0,0.44261693954467773,-0.03445291519165039,0.45606762170791626,0.4559321403503418,-0.02921462059020996,0.4560675024986267,1,3.8103287806734445e-06,0.0
0.005725368857383728,7.913876665099906e-09,0.0007603131234645844,0.04104093089699745,0.0,0.0,0.0,1.0,1.0,600,176896,28,6,0.7918522953987122,2.3079102483767304,-2.1074052710901015e-05,-0.002859255764633417,-0.0029054584447294474,0.29054584447294474,1.0,0.4397902488708496,-0.034078001976013184,0.45236462354660034,0.4537792205810547,-0.028559327125549316,0.45236465334892273,1,1.5827753330199813e-09,0.0
0.0360068678855896,0.02990216389298439,0.09281477332115173,0.08153292536735535,0.011495897838626761,0.0,1.0,1.0,1.0,600,178400,8,6,1.3449220657348633,1.0668659434024714,-0.0032065121922641993,-0.004206581972539425,-0.004016970284283161,0.4206581972539425,1.0,0.44409894943237305,-0.03238785266876221,0.45125308632850647,0.4401869773864746,-0.03394961357116699,0.45125311613082886,1,0.007704817454390893,0.0
0.019746923819184303,0.019746923819184303,0.020665112882852554,0.023765159770846367,0.0,0.0,0.0,1.0,1.0,600,178528,13,6,1.0392628908157349,1.3090347827369162,-0.0002812719321809709,-0.003919768147170544,0.0019324315944686532,0.39197681471705437,1.0,0.4455571174621582,-0.03268086910247803,0.4572024643421173,0.44663333892822266,-0.032254815101623535,0.4572024643421173,1,0.003949384763836861,0.0
0.03402704373002052,0.030032243579626083,0.0640685111284256,0.0476384200155735,0.016656650080351863,0.0,0.0,1.0,1.0,600,179040,6,6,1.3775701522827148,0.7793463555264343,0.004565844777971506,0.0015626478707417846,-0.0006675132899545133,0.4565844777971506,1.0,0.4536170959472656,-0.025937795639038086,0.45460256934165955,0.44791460037231445,-0.028198719024658203,0.4546024799346924,1,0.008504946227977997,0.0
0.025089344009757042,2.167097790106709e-08,0.023181037977337837,0.04969863221049309,0.0,0.0,0.0,1.0,1.0,600,179168,10,6,0.5610784292221069,1.519348473556068,-0.002888485323637724,-0.0006382839055731893,-0.0004430469707585871,0.2888485323637724,1.0,0.4416770935058594,-0.029908180236816406,0.4548269510269165,0.4509117603302002,-0.02633810043334961,0.45482704043388367,1,4.334195580213418e-09,0.0
0.040870897471904755,0.040870897471904755,0.060580186545848846,0.06146210432052612,0.0,0.0,1.0,1.0,1.0,600,179392,0,6,1.0645458698272705,2.392260736748861,-0.004895090125501156,0.002126113511621952,-0.0021053727250546217,0.4895090125501156,1.0,0.43440914154052734,-0.02930450439453125,0.45316463708877563,0.43471240997314453,-0.02917766571044922,0.45316463708877563,1,0.008174179494380951,0.0
1.0044149160385132,1.0044149160385132,1.0054659843444824,0.017458558082580566,1.0,1.0,0.0,0.0,0.0,270,179392,30,6,35.405086517333984,0.9400772485612304,0.0010173569899052382,0.00057311134878546,0.0006423833547160029,0.10173569899052382,1.0,0.4490928649902344,-0.027306556701660156,0.4559124708175659,0.21971464157104492,-0.29702281951904297,0.45591241121292114,1,1.0,1.0
0.03406859189271927,4.590663593262434e-06,0.00011735010048141703,0.03500013425946236,0.0,0.0,0.0,1.0,1.0,600,179488,21,6,0.3733968138694763,1.9988981896167788,0.0021609184332191944,1.527610766061116e-05,-2.2833988623460755e-05,0.21609184332191944,1.0,0.44383203983306885,-0.03043198585510254,0.455247163772583,0.4559593200683594,-0.025685548782348633,0.45524725317955017,1,9.181327186524869e-07,0.0
0.036759115755558014,0.036759115755558014,0.0370972640812397,0.0076287356205284595,0.029684948263694402,0.0,0.0,1.0,1.0,600,179616,5,6,1.636995553970337,0.41771993552727293,0.0007021327619440854,-0.004417432472109795,0.004797966685146093,0.47979666851460934,1.0,0.4519534111022949,-0.03107452392578125,0.46006807684898376,0.4417262077331543,-0.03513145446777344,0.4600679874420166,1,0.011804565390665763,0.0
0.018199162557721138,7.417912062379628e-09,0.030404236167669296,0.03750672563910484,0.0,0.0,0.0,1.0,1.0,600,181312,25,7,0.9264287352561951,0.406942030419125,-0.004157877527177334,-0.00039170621312223375,-0.004595764447003603,0.4595764447003603,1.0,0.4471597671508789,-0.027023792266845703,0.4506743550300598,0.4496424198150635,-0.02609109878540039,0.4506743252277374,1,1.4835824124759256e-09,0.0
2.262539419461973e-05,6.674710562037944e-09,3.0934108508517966e-05,0.015028451569378376,0.0,0.0,0.0,1.0,1.0,600,181344,24,7,0.7780985236167908,0.8592947869784914,-0.0013909883564338088,-0.0017509984318166971,-0.002279357286170125,0.2279357286170125,1.0,0.4471745491027832,-0.029439926147460938,0.45299068093299866,0.45240914821624756,-0.0274507999420166,0.45299074053764343,1,1.334942112407589e-09,0.0
0.0008333002915605903,7.881775232476684e-09,0.0008408486028201878,0.0016380541492253542,0.0,0.0,0.0,1.0,1.0,600,185472,3,7,1.074549674987793,0.0456769667806863,0.002073015086352825,-0.0025945892557501793,-0.0046269213780760765,0.46269213780760765,1.0,0.4555935859680176,-0.02839815616607666,0.45064303278923035,0.4558725357055664,-0.028294682502746582,0.4506431519985199,1,1.5763550464953369e-09,0.0
0.028899185359477997,0.00022102106595411897,0.00976850837469101,0.04057027027010918,0.0,0.0,0.0,1.0,1.0,600,185792,4,7,0.4656391441822052,1.7774740221738379,-0.0036236639134585857,0.0013217792147770524,-0.00044728719512932,0.3623663913458586,1.0,0.43938207626342773,-0.028579235076904297,0.4548226594924927,0.45009851455688477,-0.024406909942626953,0.4548228085041046,1,4.42042131908238e-05,0.0
0.04338637739419937,4.143084098018335e-09,0.11544169485569,0.15185877680778503,0.0,0.0,1.0,1.0,1.0,600,186464,23,7,0.36583080887794495,2.086547872801437,-0.001782792853191495,0.0025094461161643267,-0.0007650284096598625,0.25094461161643267,1.0,0.43936026096343994,-0.028155922889709473,0.45450496673583984,0.4520174264907837,-0.023190617561340332,0.454505056142807,1,8.28616819603667e-10,0.0
0.033883314579725266,6.957645382499322e-05,0.03486819937825203,0.043511051684617996,0.0,0.0,0.0,1.0,1.0,600,186496,15,7,0.9109582304954529,0.49918570951170416,-0.0043780445121228695,0.0005788575508631766,-0.0011953432112932205,0.43780445121228695,1.0,0.44637763500213623,-0.026267051696777344,0.45407477021217346,0.4493978023529053,-0.025130271911621094,0.4540747404098511,1,1.3915290764998645e-05,0.0
1.0071361064910889,1.0071361064910889,1.0099306106567383,0.0368853323161602,1.0,1.0,0.0,0.0,0.0,235,187136,5,7,33.43598937988281,1.953261213460281,0.00424586096778512,-0.004263601265847683,-0.0007099822978489101,0.4263601265847683,1.0,0.44619178771972656,-0.03459739685058594,0.4545601010322571,0.2227320671081543,-0.302854061126709,0.4545600414276123,1,0.9816326558589936,0.8163265585899353
0.2675460875034332,7.913875776921486e-09,0.269918829202652,0.2951347529888153,0.0,0.0,1.0,1.0,1.0,600,187968,11,7,1.4571107625961304,1.444768143904818,0.002554207807406783,-0.004477339331060648,-0.004093540832400322,0.4477339331060648,1.0,0.4475710391998291,-0.03356623649597168,0.4511764645576477,0.45635437965393066,-0.03017711639404297,0.45117655396461487,1,0.05967742362943653,0.5967742204666138
0.045096997171640396,0.0402226485311985,0.09849181026220322,0.09672512114048004,0.0018373498930780241,0.0,1.0,1.0,1.0,600,187968,22,7,1.108171820640564,2.20336395784593,-0.0029615138191729784,0.0036498908884823322,0.0024687829427421093,0.3649890888482332,1.0,0.4374784231185913,-0.027306854724884033,0.4577387571334839,0.43686962127685547,-0.027560651302337646,0.45773887634277344,1,0.008320132190201404,0.0
0.024714622646570206,0.024714622646570206,0.02478637360036373,0.007175504695624113,0.017736866320427876,0.0,0.0,1.0,1.0,600,188032,1,7,1.4674453735351562,0.40701516146801175,-0.0016086010728031397,-0.004519006237387657,0.004758747294545174,0.47587472945451736,1.0,0.4497084617614746,-0.03115105628967285,0.46002885699272156,0.44358158111572266,-0.0335383415222168,0.4600287973880768,1,0.007603454477378223,0.0
0.06800396740436554,7.913876665099906e-09,0.07034937292337418,0.08835923671722412,0.0,0.0,1.0,1.0,1.0,600,189792,29,7,1.98147451877594,1.031889505158188,0.0012095654383301735,-0.0024568354710936546,-0.00399987306445837,0.399987306445837,1.0,0.4487278461456299,-0.030554771423339844,0.4512702226638794,0.45500993728637695,-0.028156757354736328,0.4512702524662018,1,0.02000000188079856,0.20000000298023224
0.055638931691646576,0.037137895822525024,0.0625554770231247,0.055541664361953735,0.00723166168844354,0.0,1.0,1.0,1.0,600,189824,16,7,1.2152454853057861,1.7259827201249927,-0.002831019228324294,0.0013611838221549988,0.001231094473041594,0.2831019228324294,1.0,0.44048628211021423,-0.028412818908691406,0.4565011262893677,0.4380634129047394,-0.029407024383544922,0.4565010666847229,1,0.008512328417771536,0.0
0.009593751281499863,0.009593751281499863,0.009729569777846336,0.022955024614930153,0.0,0.0,0.0,1.0,1.0,600,189856,9,7,0.8567363619804382,1.3074437755471264,0.0005515828379429877,-0.004778864327818155,-0.0033417497761547565,0.47788643278181553,1.0,0.4463996887207031,-0.03353595733642578,0.4519282877445221,0.45099973678588867,-0.03174233436584473,0.4519283175468445,1,0.0019187502562999727,0.0
0.028725938871502876,0.00040566979441791773,0.029340606182813644,0.03732118383049965,0.0,0.0,0.0,1.0,1.0,600,189984,19,7,0.9599958658218384,0.48049665775610967,-0.004776193760335445,-0.0028864548075944185,-0.0016247944440692663,0.47761937603354454,1.0,0.4460931122303009,-0.029688596725463867,0.453645259141922,0.4488818645477295,-0.02863907814025879,0.4536453187465668,1,8.113395888358355e-05,0.0
0.00022821426682639867,7.913875776921486e-09,0.0002440721436869353,0.021248996257781982,0.0,0.0,0.0,1.0,1.0,600,190016,26,7,1.0651092529296875,1.2034940593516446,0.0014715759316459298,-0.004092407412827015,0.004858731757849455,0.4858731757849455,1.0,0.4479491710662842,-0.032599687576293945,0.4601287245750427,0.45527195930480957,-0.029792308807373047,0.4601288139820099,1,1.5827751553842974e-09,0.0
0.023400241509079933,0.0012506325729191303,0.04692525416612625,0.05751156061887741,0.0,0.0,1.0,1.0,1.0,600,190048,7,7,0.8783414363861084,0.6782063550399136,-0.002509348327293992,0.004784595221281052,-0.0023065523710101843,0.47845952212810516,1.0,0.4471564292907715,-0.022478729486465454,0.4529634416103363,0.4508528709411621,-0.021078169345855713,0.4529634416103363,1,0.00025012651458382605,0.0
0.0044733635149896145,0.0021546906791627407,0.004622741136699915,0.0034570859279483557,0.0011668088752779374,0.0,0.0,1.0,1.0,600,190080,2,7,1.538788080215454,0.05666757825361654,-0.0043856180272996426,0.00494413822889328,-0.0036699960473924875,0.494413822889328,1.0,0.449068546295166,-0.02088451385498047,0.45159998536109924,0.44866037368774414,-0.021036654710769653,0.4516001045703888,1,0.0006059594671242388,0.0
0.019721250981092453,7.900926135562258e-09,0.021058473736047745,0.023301061242818832,0.0,0.0,0.0,1.0,1.0,600,190112,14,7,0.9950973987579346,0.12849065258440379,-0.00416902732104063,-0.003340998664498329,-0.00017182115698233247,0.41690273210406303,1.0,0.44884634017944336,-0.029333114624023438,0.4550982415676117,0.4496312141418457,-0.029040813446044922,0.45509830117225647,1,1.5801852271124518e-09,0.0
0.03644358366727829,6.467282265276708e-09,0.039195716381073,0.08062068372964859,0.0,0.0,1.0,1.0,1.0,600,192000,18,7,0.2182488888502121,2.373476862757679,-0.0020831834990531206,0.00487277889624238,0.002168070524930954,0.487277889624238,1.0,0.43733370304107666,-0.026511192321777344,0.4574381113052368,0.45171692967414856,-0.020827174186706543,0.4574381411075592,1,1.2934564530553416e-09,0.0
0.0009533806587569416,0.0009533806587569416,0.001037528389133513,0.002240098314359784,0.0,0.0,0.0,1.0,1.0,600,192096,12,7,1.0479844808578491,0.12352687930616314,-0.0011963361175730824,-0.0019400253659114242,-0.0014987160684540868,0.19400253659114242,1.0,0.45184969902038574,-0.02792099118232727,0.4537713825702667,0.4522702693939209,-0.02776399254798889,0.4537712633609772,1,0.0001906761317513883,0.0
1.0051665306091309,1.0051665306091309,1.0087471008300781,0.007899063639342785,1.0,1.0,0.0,0.0,0.0,244,193600,4,7,34.20039749145508,0.24742592388081264,0.002407650463283062,-0.0034807994961738586,-0.0012620717752724886,0.34807994961738586,1.0,0.4546971321105957,-0.029745101928710938,0.454008013010025,0.22104644775390625,-0.30135154724121094,0.45400798320770264,1,0.9764705896377563,0.7647058963775635
0.03215489536523819,1.2815167593771548e-08,0.023667724803090096,0.05910702422261238,0.0,0.0,1.0,1.0,1.0,600,194016,20,7,0.36741524934768677,2.0305230326909958,-0.0010784715414047241,-0.0006919822189956903,0.004427617881447077,0.4427617881447077,1.0,0.44040191173553467,-0.03121805191040039,0.4596976637840271,0.4527217149734497,-0.02639150619506836,0.4596976935863495,1,2.5630335187543098e-09,0.0
0.025624481961131096,0.018287092447280884,0.025778042152523994,0.04466245323419571,0.0,0.0,0.0,1.0,1.0,600,194496,17,7,0.7400853633880615,2.129770377086335,0.0025365627370774746,-0.0034496523439884186,0.002261281246319413,0.34496523439884186,1.0,0.4434194564819336,-0.03422251343727112,0.4575313329696655,0.44995829463005066,-0.03158518671989441,0.4575313329696655,1,0.003657418489456177,0.0
1.0052225589752197,1.0052225589752197,1.0052669048309326,0.03489049896597862,1.0,1.0,0.0,0.0,0.0,267,195040,15,7,35.08938980102539,1.9965340903903082,-0.003881678218021989,0.0033344896510243416,-0.0047925119288265705,0.47925119288265705,1.0,0.4378036856651306,-0.02710723876953125,0.4504775404930115,0.21475288271903992,-0.2945561408996582,0.4504775404930115,1,1.0,1.0
0.02006871998310089,1.3219004557640801e-08,7.902430661488324e-05,0.021470490843057632,0.0,0.0,0.0,1.0,1.0,600,195328,27,7,0.6521481871604919,1.2256410544571168,0.0012657971819862723,-0.0008329470292665064,0.0025061576161533594,0.25061576161533594,1.0,0.44760942459106445,-0.029393523931503296,0.4577762186527252,0.4550662040710449,-0.026532918214797974,0.45777627825737,1,2.6438009115281604e-09,0.0
0.017157064750790596,7.426378623165419e-09,0.01823130063712597,0.024809636175632477,0.0,0.0,0.0,1.0,1.0,600,195648,31,7,0.895183801651001,0.3769107291752103,-0.0017854275647550821,0.002540319925174117,-0.001803303137421608,0.2540319925174117,1.0,0.44971466064453125,-0.024022579193115234,0.4534667432308197,0.4520139694213867,-0.023159503936767578,0.4534668028354645,1,1.485275724633084e-09,0.0
0.00010546365228947252,7.913875776921486e-09,0.00011524267756612971,0.04040142148733139,0.0,0.0,0.0,1.0,1.0,600,196096,28,7,0.7138243317604065,2.3082304134940745,-0.00210569822229445,-0.0047576469369232655,0.0001262831938220188,0.47576469369232655,1.0,0.43770360946655273,-0.03597724437713623,0.4553963541984558,0.4516947269439697,-0.030457615852355957,0.4553963840007782,1,1.5827751553842974e-09,0.0
0.05018223077058792,7.913869559672548e-09,0.050201669335365295,0.09278375655412674,0.0,0.0,1.0,1.0,1.0,600,197600,8,7,0.9164817929267883,2.439777509030993,-0.0037485898938030005,0.002950080903246999,-0.002272865502163768,0.37485898938030005,1.0,0.435269832611084,-0.02860093116760254,0.452997088432312,0.45005083084106445,-0.022749781608581543,0.45299723744392395,1,1.5827739119345097e-09,0.0
0.06402294337749481,7.913876665099906e-09,0.07112042605876923,0.09098394960165024,0.0,0.0,1.0,1.0,1.0,600,197728,13,7,1.925649642944336,1.138096705596065,0.003955954220145941,0.0018477952107787132,0.001342722331173718,0.3955954220145941,1.0,0.45082998275756836,-0.026503324508666992,0.4566127359867096,0.45775628089904785,-0.023852229118347168,0.45661279559135437,1,0.016666668746147376,0.1666666716337204
0.06151076406240463,0.008551470935344696,0.07041628658771515,0.07500480115413666,0.0,0.0,1.0,1.0,1.0,600,198240,6,7,0.9824739098548889,0.7528665658879411,0.0006949544185772538,0.002226983429864049,-0.004902335349470377,0.4902335349470377,1.0,0.4499063491821289,-0.025211334228515625,0.4503677189350128,0.4515066146850586,-0.0245974063873291,0.45036768913269043,1,0.0017102941870689393,0.0
1.0013706684112549,1.0013706684112549,1.001406192779541,0.0012896537082269788,1.0,1.0,0.0,0.0,0.0,267,198336,29,7,35.58290100097656,0.07185769885420673,0.0012860711431130767,0.003179678926244378,-0.0024345393758267164,0.3179678926244378,1.0,0.4546473026275635,-0.02268362045288086,0.45283547043800354,0.22022294998168945,-0.2933058738708496,0.45283544063568115,1,1.0,1.0
0.0075846207328140736,0.0002349826681893319,0.004485814832150936,0.01439038198441267,0.0,0.0,0.0,1.0,1.0,600,198368,10,7,0.8594272136688232,0.5809533191605118,-0.001316928886808455,0.002592214848846197,0.004009690601378679,0.4009690601378679,1.0,0.4489412307739258,-0.024443626403808594,0.45927974581718445,0.45240092277526855,-0.023138046264648438,0.45927974581718445,1,4.699653363786638e-05,0.0
1.005040168762207,1.005040168762207,1.0050482749938965,0.024968231096863747,1.0,1.0,0.0,0.0,0.0,262,198464,2,7,34.85039520263672,1.4301067159645624,0.0005449197487905622,0.004780369345098734,-0.004761205520480871,0.4780369345098734,1.0,0.445650577545166,-0.0242730975151062,0.4505087733268738,0.2191929817199707,-0.29304420948028564,0.4505087733268738,1,1.0,1.0
0.00031749572372063994,7.913876665099906e-09,0.00033145525958389044,0.027275018393993378,0.0,0.0,0.0,1.0,1.0,600,198592,0,7,0.9905999302864075,1.5437528461822294,-0.004391798749566078,-0.0031501587945967913,-0.002925927983596921,0.4391798749566078,1.0,0.44002580642700195,-0.032479286193847656,0.4523440897464752,0.44940757751464844,-0.02884960174560547,0.45234414935112,1,1.5827753330199813e-09,0.0
1.003295660018921,1.003295660018921,1.0035228729248047,0.014359629712998867,1.0,1.0,0.0,0.0,0.0,269,198592,19,7,35.50745391845703,0.80972997180156,0.00037368640187196434,0.004273943603038788,-0.0034155906178057194,0.4273943603038788,1.0,0.44924038648605347,-0.023298263549804688,0.45185449719429016,0.21915870904922485,-0.29291391372680664,0.4518544673919678,1,1.0,1.0
0.0040001948364079,7.913876665099906e-09,0.0035334962885826826,0.03202072158455849,0.0,0.0,0.0,1.0,1.0,600,198592,30,7,0.9667599201202393,1.632198139683488,0.0020100842230021954,-0.00037689341115765274,-0.003941158764064312,0.3941158764064312,1.0,0.4458932876586914,-0.029921531677246094,0.4513288736343384,0.4558095932006836,-0.026076316833496094,0.45132896304130554,1,1.5827753330199813e-09,0.0
0.021859075874090195,4.285671195702889e-07,0.0424775630235672,0.07305674254894257,0.0,0.0,1.0,1.0,1.0,600,198688,21,7,0.5241650938987732,1.752082046882375,0.0028808279894292355,-0.004484472330659628,0.002491982653737068,0.4484472330659628,1.0,0.44604039192199707,-0.03432297706604004,0.4577620029449463,0.45668089389801025,-0.030184507369995117,0.45776209235191345,1,8.571342391405778e-08,0.0
0.001476458739489317,2.9436823751893826e-06,0.00018693353922571987,0.02436513639986515,0.0,0.0,0.0,1.0,1.0,600,200512,25,8,0.586520254611969,1.385477833040876,0.0004778390284627676,0.0002307995455339551,-0.00205962173640728,0.205962173640728,1.0,0.44585347175598145,-0.028714656829833984,0.45321035385131836,0.45427727699279785,-0.02546977996826172,0.4532104432582855,1,5.887364750378766e-07,0.0
0.026386050507426262,1.273243810828717e-06,0.0001880129857454449,0.026865335181355476,0.0,0.0,0.0,1.0,1.0,600,200544,24,8,0.5499224066734314,1.5285710432045834,-0.00012005575263174251,-0.002933555981144309,-0.0029834245797246695,0.29834245797246695,1.0,0.4443899393081665,-0.032225608825683594,0.45228666067123413,0.45367980003356934,-0.028633594512939453,0.45228663086891174,1,2.546487621657434e-07,0.0
1.0077513456344604,1.0077513456344604,1.0077625513076782,0.0073478627018630505,1.0,1.0,0.0,0.0,0.0,218,201472,17,8,33.96015167236328,0.4203586563831457,0.002270183525979519,1.9207178411306813e-05,0.0033137553837150335,0.33137553837150335,1.0,0.45350587368011475,-0.026643991470336914,0.45858386158943176,0.22070902585983276,-0.2987957000732422,0.4585837721824646,1,0.9973856210708618,0.9738562107086182
0.03845749422907829,0.000359974626917392,0.02096402272582054,0.06365513056516647,0.0,0.0,1.0,1.0,1.0,600,204672,3,8,0.19267785549163818,2.4666444850180613,-0.0015677681658416986,0.004809203092008829,0.0028529197443276644,0.4809203092008829,1.0,0.4372892379760742,-0.0268099308013916,0.4581229090690613,0.4521059989929199,-0.020937561988830566,0.45812296867370605,1,7.199492538347841e-05,0.0
1.0023410320281982,1.0023410320281982,1.0024261474609375,0.004938825964927673,1.0,1.0,0.0,0.0,0.0,203,205184,21,8,33.70429992675781,0.27810150406253,-0.00037147398688830435,0.004031394142657518,0.004675287753343582,0.4675287753343582,1.0,0.45173120498657227,-0.02230381965637207,0.45994535088539124,0.2184886932373047,-0.29280805587768555,0.45994532108306885,1,1.0,1.0
1.001557469367981,1.001557469367981,1.0035526752471924,0.03158276528120041,1.0,1.0,0.0,0.0,0.0,240,205280,8,8,34.049747467041016,1.6952419596614694,-0.004142977762967348,-0.004555160645395517,-0.0026490630116313696,0.45551606453955173,1.0,0.4393596649169922,-0.03425407409667969,0.4526210129261017,0.21477937698364258,-0.3011082410812378,0.4526209831237793,1,1.0,1.0
0.022316893562674522,0.010156331583857536,0.04434923827648163,0.03819388896226883,0.00618007150568096,0.0,0.0,1.0,1.0,600,205664,23,8,1.1875630617141724,0.22923963808115455,0.00491994759067893,0.004014673642814159,0.0006244825781323016,0.49199475906789303,1.0,0.45732057094573975,-0.022207975387573242,0.4558945596218109,0.45517194271087646,-0.023023486137390137,0.45589450001716614,1,0.0029582770426236516,0.0
0.043915413320064545,8.853956456889023e-10,0.007266949396580458,0.04963440075516701,0.0,0.0,0.0,1.0,1.0,600,206336,5,8,0.19619174301624298,2.4274767652226235,0.001426717615686357,0.0030097663402557373,-0.001656271400861442,0.30097663402557373,1.0,0.4405193328857422,-0.028510570526123047,0.4536136984825134,0.45522642135620117,-0.0226898193359375,0.45361384749412537,1,1.7707912913778046e-10,0.0
0.3283131718635559,7.913869559672548e-09,0.32832178473472595,0.3572899401187897,0.0,0.0,1.0,1.0,1.0,600,207168,11,8,1.6415648460388184,1.659770866310889,-0.0012147766537964344,-0.0015008322661742568,-0.0014487310545518994,0.15008322661742568,1.0,0.442502498626709,-0.031113147735595703,0.4538213610649109,0.45258545875549316,-0.027200698852539062,0.4538213908672333,1,0.06578947463956712,0.6578947305679321
0.031415969133377075,0.016609754413366318,0.04300990700721741,0.04590494930744171,0.0,0.0,0.0,1.0,1.0,600,207168,22,8,0.9958662986755371,1.1175437058881446,-0.0015640208730474114,0.0038075153715908527,0.004528556484729052,0.45285564847290516,1.0,0.4454345703125,-0.024494588375091553,0.45979857444763184,0.44644081592559814,-0.02409982681274414,0.4597986340522766,1,0.0033219508826732636,0.0
0.03789263218641281,2.629422510835866e-07,0.026921989396214485,0.06982842087745667,0.0,0.0,1.0,1.0,1.0,600,207232,1,8,0.20653775334358215,2.45837227215953,-0.0031715540681034327,-0.0008228696533478796,0.0038984904531389475,0.38984904531389475,1.0,0.43573522567749023,-0.03242087364196777,0.4591684937477112,0.45062828063964844,-0.02652263641357422,0.45916858315467834,1,5.258845021671732e-08,0.0
0.029860155656933784,0.029860155656933784,0.029924169182777405,0.032216716557741165,0.0,0.0,0.0,1.0,1.0,600,209024,16,8,1.036193609237671,1.8422127962830401,-0.0008313188445754349,0.0012667117407545447,0.0027073160745203495,0.27073160745203495,1.0,0.4417843818664551,-0.0287933349609375,0.4579772353172302,0.44257721304893494,-0.028470516204833984,0.4579773545265198,1,0.005972031131386757,0.0
0.021220901980996132,4.50723831590949e-07,0.03991785645484924,0.0823574960231781,0.0,0.0,1.0,1.0,1.0,600,209056,9,8,0.29206791520118713,2.4316376310876304,0.0036534443497657776,-0.0037965073715895414,-0.0037412710953503847,0.37965073715895414,1.0,0.442720890045166,-0.03532695770263672,0.45152872800827026,0.45745325088500977,-0.029496431350708008,0.4515288174152374,1,9.01447663181898e-08,0.0
0.07954737544059753,0.06091459095478058,0.11589202284812927,0.09505680948495865,0.021705141942774578,0.0,1.0,1.0,1.0,600,209216,26,8,1.503663420677185,2.2963791815104564,-0.0007026575622148812,0.003321767784655094,0.0005257679149508476,0.3321767784655094,1.0,0.4391779899597168,-0.027868032455444336,0.45579588413238525,0.43203139305114746,-0.030941247940063477,0.4557958245277405,1,0.015438689482372304,0.0
0.016242146492004395,0.012036879546940327,0.019134394824504852,0.0336141400039196,0.0,0.0,0.0,1.0,1.0,600,209248,7,8,0.8440375328063965,1.519290843834946,-0.001415986567735672,-0.004074683878570795,0.004355274140834808,0.43552741408348083,1.0,0.4431495666503906,-0.03334447741508484,0.459625244140625,0.4481801986694336,-0.03136467933654785,0.45962539315223694,1,0.0024073759093880655,0.0
0.0134033327922225,5.855246490682475e-05,0.015138022601604462,0.028716610744595528,0.0,0.0,0.0,1.0,1.0,600,209312,14,8,0.7754834890365601,0.7813497353873636,-0.002716779476031661,0.0008962042047642171,-0.00016600162780378014,0.2716779476031661,1.0,0.4463226795196533,-0.026609420776367188,0.4551040828227997,0.4510629177093506,-0.024811983108520508,0.45510411262512207,1,1.1710492981364952e-05,0.0
0.0018809722969308496,5.8841886918514774e-09,0.001899041119031608,0.0034707337617874146,0.0,0.0,0.0,1.0,1.0,600,211200,18,9,1.0233852863311768,0.09005168195689431,0.002411101246252656,0.0025276083033531904,-0.003346069250255823,0.3346069250255823,1.0,0.455661416053772,-0.023376822471618652,0.45192405581474304,0.45621123909950256,-0.02317225933074951,0.45192405581474304,1,1.1768377383702955e-09,0.0
0.0019554386381059885,7.913875776921486e-09,0.0032376989256590605,0.027332909405231476,0.0,0.0,0.0,1.0,1.0,600,211296,12,9,1.5233492851257324,1.380553586814414,-0.001226402702741325,-0.0026559033431112766,-0.0023478507064282894,0.26559033431112766,1.0,0.4441792964935303,-0.03158947825431824,0.4529222249984741,0.4525740146636963,-0.02835586667060852,0.4529222548007965,1,1.5827751553842974e-09,0.0
0.03330150246620178,0.010734731331467628,0.011300928890705109,0.03343887999653816,0.0,0.0,0.0,1.0,1.0,600,212800,4,9,0.6518005132675171,1.8834658582094477,0.0034084764774888754,-0.004583426751196384,-0.002829380799084902,0.45834267511963844,1.0,0.44577550888061523,-0.0347447395324707,0.45244061946868896,0.4534587860107422,-0.03169846534729004,0.45244070887565613,1,0.0021469462662935257,0.0
0.017703240737318993,1.1976214686626463e-08,0.014381146058440208,0.03358165919780731,0.0,0.0,0.0,1.0,1.0,600,213216,20,9,0.7342133522033691,1.1001093278665697,-0.003985449206084013,-0.004725723527371883,0.00343146244995296,0.47257235273718834,1.0,0.443118691444397,-0.032985687255859375,0.458701491355896,0.44981467723846436,-0.030425548553466797,0.45870158076286316,1,2.395242937325293e-09,0.0
0.027129804715514183,0.010822752490639687,0.04668769985437393,0.0642322301864624,0.0,0.0,1.0,1.0,1.0,600,214240,15,9,0.7225923538208008,1.6253259021613973,-0.0017044659471139312,0.0012937503634020686,-0.004369297064840794,0.43692970648407936,1.0,0.4422205984592438,-0.028234481811523438,0.450900673866272,0.4483153223991394,-0.025834083557128906,0.4509008228778839,1,0.0021645504981279372,0.0
0.06703494489192963,7.853186545503377e-09,0.09019463509321213,0.11278766393661499,0.0,0.0,1.0,1.0,1.0,600,214528,27,9,0.662242591381073,1.2944837050404387,-0.003392670536413789,0.0033420876134186983,0.004042329266667366,0.4042329266667366,1.0,0.4425337314605713,-0.02538400888442993,0.45931246876716614,0.4504077434539795,-0.022357851266860962,0.45931240916252136,1,1.5706373091006755e-09,0.0
0.02370365336537361,0.0018468498019501567,0.027385633438825607,0.05192643031477928,0.0,0.0,1.0,1.0,1.0,600,214848,31,9,0.562840461730957,1.511900152266169,-0.003254349110648036,0.003502572188153863,0.0017008623108267784,0.3502572188153863,1.0,0.44135618209838867,-0.02574920654296875,0.45697087049484253,0.44989967346191406,-0.02243828773498535,0.4569709002971649,1,0.00036936996039003137,0.0
7.229603397718165e-06,7.913876665099906e-09,1.537487332825549e-05,0.023410210385918617,0.0,0.0,0.0,1.0,1.0,600,215296,28,9,1.3814194202423096,1.3404259052754717,0.0012231285218149424,-0.004238824360072613,0.00488142529502511,0.488142529502511,1.0,0.4468715190887451,-0.033075690269470215,0.46015146374702454,0.45502352714538574,-0.029938817024230957,0.4601515233516693,1,1.5827753330199813e-09,0.0
1.0043041706085205,1.0043041706085205,1.0043177604675293,0.0003663065144792199,1.0,1.0,0.0,0.0,0.0,269,215776,22,9,35.81977462768555,0.020211890455816443,0.00410830182954669,-0.0010185828432440758,-0.0025180657394230366,0.410830182954669,1.0,0.45778489112854004,-0.026764363050460815,0.4527519643306732,0.22281432151794434,-0.2985744774341583,0.4527519941329956,1,1.0,1.0
0.029058991000056267,3.7828229437764094e-07,0.055563945323228836,0.06964608281850815,0.0,0.0,1.0,1.0,1.0,600,216928,13,9,0.8204967975616455,0.8068695099214999,0.0030220085754990578,-0.0026443172246217728,0.00242180866189301,0.3022008575499058,1.0,0.4519064426422119,-0.030209779739379883,0.45769187808036804,0.45682191848754883,-0.028344273567199707,0.45769187808036804,1,7.565645887552819e-08,0.0
0.041305944323539734,2.8144400143759185e-09,0.06334031373262405,0.0643531009554863,0.0,0.0,1.0,1.0,1.0,600,217440,6,9,1.051499366760254,0.05802769970305483,0.0022882865741848946,-0.0020187345799058676,0.0013123283861204982,0.22882865741848946,1.0,0.4557337760925293,-0.02785038948059082,0.45658236742019653,0.4560880661010742,-0.027718544006347656,0.4565823972225189,1,5.628880028751837e-10,0.0
0.037903252989053726,1.4873565490347573e-08,0.015633873641490936,0.055707160383462906,0.0,0.0,1.0,1.0,1.0,600,217536,29,9,0.2742042541503906,2.2960314821930203,-0.0007243818254210055,6.194551679072902e-05,0.00020362978102639318,0.07243818254210055,1.0,0.43915843963623047,-0.031126976013183594,0.4554736614227295,0.4530758857727051,-0.025638103485107422,0.45547375082969666,1,2.974713098069515e-09,0.0
6.091916588957247e-07,7.913875776921486e-09,6.251874310692074e-06,0.014176709577441216,0.0,0.0,0.0,1.0,1.0,600,217568,10,9,1.0998291969299316,0.811907841651442,0.0017671518726274371,-0.004311771132051945,-0.0009744300623424351,0.4311771132051945,1.0,0.4506208896636963,-0.03188896179199219,0.4542955756187439,0.4555675983428955,-0.03001117706298828,0.45429566502571106,1,1.5827751553842974e-09,0.0
0.007505584508180618,0.00025665032444521785,0.0066420091316103935,0.01683877781033516,0.0,0.0,0.0,1.0,1.0,600,217664,2,9,0.8403275012969971,0.5989366736366265,-0.0007836617878638208,0.0039012294728308916,0.003709579585120082,0.39012294728308916,1.0,0.44936466217041016,-0.023176640272140503,0.45897963643074036,0.4529261589050293,-0.02183210849761963,0.4589795768260956,1,5.133006488904357e-05,0.0
0.05224517360329628,0.01960982009768486,0.06785348057746887,0.05031822621822357,0.017571698166432788,0.0,1.0,1.0,1.0,600,217792,0,9,1.4400427341461182,0.11886443476419642,-0.0034819922875612974,-0.002186482772231102,-0.0006327802548184991,0.34819922875612974,1.0,0.44959163665771484,-0.028156757354736328,0.4546372592449188,0.4434795379638672,-0.030502796173095703,0.45463722944259644,1,0.0065577187445018895,0.0
0.03314651548862457,0.008383207954466343,0.008594014681875706,0.03371959552168846,0.0,0.0,0.0,1.0,1.0,600,217792,19,9,0.6033461093902588,1.9199138820547514,0.002105934312567115,-0.002166794380173087,-0.0022674379870295525,0.22674379870295525,1.0,0.44425299763679504,-0.032418251037597656,0.45300257205963135,0.4529764652252197,-0.02896881103515625,0.4530026614665985,1,0.0016766415908932688,0.0
1.0007450580596924,1.0007450580596924,1.0008783340454102,0.0055745309218764305,1.0,1.0,0.0,0.0,0.0,268,217792,26,9,35.512123107910156,0.31176193027239574,-0.00021608428505714983,-0.00027822007541544735,-0.0012946425704285502,0.12946425704285502,1.0,0.45168137550354004,-0.02669072151184082,0.45397546887397766,0.21877050399780273,-0.2965352535247803,0.4539753794670105,1,1.0,1.0
0.001946474309079349,1.0724903631853522e-06,0.002084132516756654,0.024453526362776756,0.0,0.0,0.0,1.0,1.0,600,217792,30,9,0.6383078098297119,1.2817329157987887,-0.0002578164858277887,-0.002693888498470187,0.004557556007057428,0.45575560070574284,1.0,0.44574594497680664,-0.03138923645019531,0.45982757210731506,0.45354175567626953,-0.028393268585205078,0.45982763171195984,1,2.1449807263707044e-07,0.0
0.02583840861916542,4.296290612160192e-08,0.00023776691523380578,0.02917441539466381,0.0,0.0,0.0,1.0,1.0,600,219712,25,9,0.5289745330810547,1.6579499805668458,-0.004848619922995567,-0.0030863548163324594,0.004403000697493553,0.48486199229955673,1.0,0.43887948989868164,-0.032694339752197266,0.45967310667037964,0.44895172119140625,-0.028786182403564453,0.45967307686805725,1,8.592581224320384e-09,0.0
0.02185225673019886,7.913875776921486e-09,0.021861907094717026,0.03919514641165733,0.0,0.0,0.0,1.0,1.0,600,219744,24,9,0.9255989789962769,0.99312124470749,0.0025209554005414248,-0.002461385680362582,-0.0024051712825894356,0.2520955400541425,1.0,0.45027410984039307,-0.03046703338623047,0.45286494493484497,0.456321120262146,-0.028161287307739258,0.4528649151325226,1,1.5827751553842974e-09,0.0
1.0044276714324951,1.0044276714324951,1.0063691139221191,0.004515634849667549,1.0,1.0,0.0,0.0,0.0,273,219936,18,9,35.83921813964844,0.14748626243985552,-0.0008272674749605358,-0.0009618161129765213,-0.004308461677283049,0.43084616772830486,1.0,0.4520721733570099,-0.02699756622314453,0.45096156001091003,0.2178691029548645,-0.29856276512145996,0.4509615898132324,1,1.0,1.0
0.024363156408071518,7.913875776921486e-09,0.02437121793627739,0.05936610326170921,0.0,0.0,1.0,1.0,1.0,600,220672,17,9,0.5980364084243774,2.0050598740217764,-0.002514628926292062,-0.0020588873885571957,-0.004277252126485109,0.42772521264851093,1.0,0.4391193985939026,-0.03252163529396057,0.45099276304244995,0.4512855112552643,-0.02775883674621582,0.4509928524494171,1,1.5827751553842974e-09,0.0
1.002626895904541,1.002626895904541,1.008012294769287,0.048259537667036057,1.0,1.0,0.0,0.0,0.0,267,223392,31,9,34.74578857421875,2.456499519666477,-0.0021451294887810946,-0.003919011913239956,-0.0037811999209225178,0.3919011913239956,1.0,0.43677234649658203,-0.035512685775756836,0.45148879289627075,0.2166919708251953,-0.30086231231689453,0.4514889121055603,1,1.0,1.0
0.017838675528764725,8.141753937707108e-09,0.018688013777136803,0.027622897177934647,0.0,0.0,0.0,1.0,1.0,600,223872,3,9,0.863006591796875,0.5119310559463596,-0.002347929636016488,0.00027412883355282247,0.00047004380030557513,0.2347929636016488,1.0,0.4483304023742676,-0.026601076126098633,0.4557401239871979,0.45145177841186523,-0.02542579174041748,0.4557401239871979,1,1.6283507875414216e-09,0.0
0.0004015088779851794,7.913876665099906e-09,0.000166384968906641,0.035539865493774414,0.0,0.0,0.0,1.0,1.0,600,224384,21,9,0.8097337484359741,2.026752554825737,-0.0016153668984770775,0.0002474208304192871,-0.0028951342683285475,0.28951342683285475,1.0,0.4398876428604126,-0.030269145965576172,0.4523748755455017,0.452184796333313,-0.025452375411987305,0.45237496495246887,1,1.5827753330199813e-09,0.0
1.3352968380786479e-05,7.913874000564647e-09,4.88820078317076e-05,0.0016414117999374866,0.0,0.0,0.0,1.0,1.0,600,224480,8,9,1.8152140378952026,0.09124569774139038,-0.0022923308424651623,-0.003442636923864484,0.004023188725113869,0.40231887251138687,1.0,0.45095014572143555,-0.029349923133850098,0.4592931866645813,0.4515070915222168,-0.02914273738861084,0.45929327607154846,1,1.5827748001129294e-09,0.0
0.05425632372498512,-4.527870439696713e-11,0.06779076159000397,0.09492534399032593,0.0,0.0,1.0,1.0,1.0,600,224864,23,9,0.5385388731956482,1.5546980108837631,0.0022623701952397823,0.0031897183507680893,-0.003456631675362587,0.3456631675362587,1.0,0.44661426544189453,-0.02616596221923828,0.4518134295940399,0.4560624361038208,-0.022510170936584473,0.4518134891986847,1,0.0,0.0
0.06618362665176392,0.06618362665176392,0.09564999490976334,0.06904299557209015,0.027703402970272663,0.0,1.0,1.0,1.0,600,225536,5,9,1.5799198150634766,2.2675739259029855,0.0027410793118178844,0.001795995864085853,0.0027373230550438166,0.27410793118178844,1.0,0.4427943229675293,-0.029322147369384766,0.4580073356628418,0.43367815017700195,-0.033267974853515625,0.4580073356628418,1,0.017392235775893685,0.0
1.0044455528259277,1.0044455528259277,1.0044866800308228,0.01617918722331524,1.0,1.0,0.0,0.0,0.0,261,226144,26,9,34.881011962890625,0.9246421949757653,0.0031491396948695183,-0.0033694047015160322,-0.003197286045178771,0.3369404701516032,1.0,0.45131802558898926,-0.031212806701660156,0.4520726799964905,0.22184419631958008,-0.3009767532348633,0.45207279920578003,1,1.0,1.0
1.0044472217559814,1.0044472217559814,1.004460096359253,0.015289656817913055,1.0,1.0,0.0,0.0,0.0,267,226208,2,9,35.43840408325195,0.8752887954979869,0.0036073033697903156,0.004862211178988218,-0.00498024420812726,0.498024420812726,1.0,0.4520759582519531,-0.022864460945129395,0.4502898156642914,0.22230243682861328,-0.2927458584308624,0.45028984546661377,1,1.0,1.0
0.037328675389289856,0.0045566982589662075,0.0421600267291069,0.04715057462453842,0.0,0.0,0.0,1.0,1.0,600,226368,11,9,1.0291587114334106,0.547016296969687,-0.003447747090831399,-0.004472167231142521,-0.0013357950374484062,0.4472167231142521,1.0,0.44701695442199707,-0.03142905235290527,0.4539342522621155,0.448758602142334,-0.030768156051635742,0.45393428206443787,1,0.0009113396517932415,0.0
0.027779554948210716,1.3584499924945703e-07,0.060053784400224686,0.06786952167749405,0.0,0.0,1.0,1.0,1.0,600,226432,1,9,0.9292275905609131,0.4478168706202432,0.0038013295270502567,-0.0017663526814430952,0.0017408905550837517,0.3801329527050257,1.0,0.45486927032470703,-0.02849292755126953,0.457010954618454,0.45760107040405273,-0.027466297149658203,0.45701101422309875,1,2.716899984989141e-08,0.0
1.001081943511963,1.001081943511963,1.001103401184082,0.012846712954342365,1.0,1.0,0.0,0.0,0.0,271,226464,19,9,35.550716400146484,0.7348315581062282,0.004153073765337467,-0.0023317469749599695,-0.002157609211280942,0.4153073765337467,1.0,0.45347508788108826,-0.029727458953857422,0.4531124532222748,0.22311276197433472,-0.29871129989624023,0.45311248302459717,1,1.0,1.0
0.015809085220098495,1.928224264702294e-05,0.0008479615789838135,0.015891127288341522,0.0,0.0,0.0,1.0,1.0,600,228224,16,9,0.787635862827301,0.8630145720335037,-0.0011746931122615933,-0.004127846099436283,-0.001978466520085931,0.4127846099436283,1.0,0.447368323802948,-0.03182530403137207,0.4532915949821472,0.4526185393333435,-0.029829978942871094,0.4532915949821472,1,3.856448529404588e-06,0.0
0.016157375648617744,0.0010949792340397835,0.016136126592755318,0.03361900523304939,0.0,0.0,0.0,1.0,1.0,600,228256,9,9,0.7130546569824219,1.064432368345537,-0.004027264658361673,0.0034731333144009113,0.0023772239219397306,0.40272646583616734,1.0,0.44329309463500977,-0.024702072143554688,0.45764726400375366,0.4493894577026367,-0.0223691463470459,0.4576473534107208,1,0.0002189958468079567,0.0
1.0029802322387695,1.0029802322387695,1.0031800270080566,0.001974948914721608,1.0,1.0,0.0,0.0,0.0,269,228352,24,9,35.652687072753906,0.10170547211471039,-0.0013980979565531015,0.003925838507711887,0.0022310898639261723,0.39258385077118874,1.0,0.45178091526031494,-0.022005558013916016,0.45750120282173157,0.21741175651550293,-0.29314684867858887,0.4575011134147644,1,1.0,1.0
0.015538414940237999,0.00838471669703722,0.015994679182767868,0.04761333763599396,0.0,0.0,0.0,1.0,1.0,600,228448,7,9,0.48982149362564087,2.2920247224711616,0.0010135218035429716,-0.0018016014946624637,0.002561188070103526,0.2561188070103526,1.0,0.4409198760986328,-0.03298068046569824,0.4578312039375305,0.45188331604003906,-0.02860388159751892,0.4578312337398529,1,0.0016769433394074442,0.0
0.02486259676516056,8.459489997392211e-09,0.026841524988412857,0.03578561171889305,0.0,0.0,0.0,1.0,1.0,600,228512,14,9,0.880726158618927,0.5124598619985066,-0.0033069774508476257,-0.00027770904125645757,-5.329589839675464e-05,0.3306977450847626,1.0,0.44736766815185547,-0.02715444564819336,0.45521679520606995,0.45049333572387695,-0.025977611541748047,0.45521679520606995,1,1.6918979994784423e-09,0.0
0.033887434750795364,7.947875246827607e-09,8.314671140396968e-05,0.03518764302134514,0.0,0.0,0.0,1.0,1.0,600,230496,12,10,0.3909943699836731,2.0113406598504264,0.0009644349338486791,-0.00424716854467988,-0.0031038273591548204,0.424716854467988,1.0,0.44256067276000977,-0.03472539782524109,0.45216619968414307,0.45476484298706055,-0.029947131872177124,0.45216628909111023,1,1.5895750493655215e-09,0.0
0.049557339400053024,0.008838444016873837,0.07284387946128845,0.09964679181575775,0.0,0.0,1.0,1.0,1.0,600,232000,4,10,0.5630865097045898,2.042098495786875,-0.0031284166034311056,0.0014181676087900996,-0.001742843771353364,0.31284166034311056,1.0,0.4382820129394531,-0.02913665771484375,0.45352721214294434,0.4475831985473633,-0.025444507598876953,0.4535272419452667,1,0.0017676888033747674,0.0
1.0022883415222168,1.0022883415222168,1.0059115886688232,0.013436787761747837,1.0,1.0,0.0,0.0,0.0,270,232032,31,10,35.43818664550781,0.5622705639855584,-4.652633288060315e-05,-0.0022490723058581352,0.002631659619510174,0.2631659619510174,1.0,0.45032501220703125,-0.029241323471069336,0.4579017162322998,0.21881771087646484,-0.2990691661834717,0.45790165662765503,1,1.0,1.0
0.020286398008465767,9.490115644439356e-07,0.00040937174344435334,0.020575199276208878,0.0,0.0,0.0,1.0,1.0,600,232416,20,10,0.6736841797828674,1.1554717463492254,-0.001436327351257205,-0.003290400607511401,-0.0029458552598953247,0.3290400607511401,1.0,0.44533228874206543,-0.03168296813964844,0.45232415199279785,0.4523634910583496,-0.028989791870117188,0.45232418179512024,1,1.8980231288878713e-07,0.0
1.0040555000305176,1.0040555000305176,1.0040662288665771,0.0044920374639332294,1.0,1.0,0.0,0.0,0.0,260,232800,8,10,35.0615119934082,0.25676431326052745,-0.002915297169238329,-0.002641768893226981,0.0017311989795416594,0.2915297169238329,1.0,0.44931793212890625,-0.02892780303955078,0.4570011794567108,0.21581077575683594,-0.3001067638397217,0.4570012092590332,1,1.0,1.0
0.28055188059806824,7.913875776921486e-09,0.2807088792324066,0.3088160455226898,0.0,0.0,1.0,1.0,1.0,600,233440,15,10,1.901929497718811,1.6104273385908956,-0.0017118902178481221,-0.004556142259389162,-0.0009929775260388851,0.4556142259389162,1.0,0.44230324029922485,-0.034047603607177734,0.45427703857421875,0.45208820700645447,-0.030255794525146484,0.4542771279811859,1,0.05820895591703419,0.5820895433425903
1.0067658424377441,1.0067658424377441,1.0067780017852783,0.01639370433986187,1.0,1.0,0.0,0.0,0.0,249,233504,5,10,34.35824966430664,0.9385972319454533,0.0006331542390398681,-0.0026740068569779396,-0.001016227644868195,0.26740068569779396,1.0,0.4487175941467285,-0.030550479888916016,0.4542538821697235,0.2191486358642578,-0.3011293411254883,0.4542537331581116,1,0.9913907289505005,0.9139072895050049
0.025853898376226425,2.5886740786518203e-06,0.024649403989315033,0.05186605453491211,0.0,0.0,1.0,1.0,1.0,600,233728,27,10,0.5364840626716614,1.5595477653595895,-0.0025883715134114027,-0.0030099039431661367,-0.002098715165629983,0.3009903943166137,1.0,0.44173431396484375,-0.03237748146057129,0.4531713128089905,0.45121097564697266,-0.028710156679153442,0.45317134261131287,1,5.177348157303641e-07,0.0
0.03593169525265694,0.013001172803342342,0.04894210770726204,0.04291100054979324,0.00607344735237461,0.0,0.0,1.0,1.0,600,234496,28,10,1.2328280210494995,0.3993548908704309,-0.00239686225540936,-0.00483866548165679,0.003008065512403846,0.483866548165679,1.0,0.44896697998046875,-0.03145313262939453,0.458278089761734,0.44686388969421387,-0.03225827217102051,0.4582781493663788,1,0.00351125166352466,0.0
0.05546791851520538,0.02018275111913681,0.08572766184806824,0.10614443570375443,0.0,0.0,1.0,1.0,1.0,600,234976,22,10,0.6768220067024231,2.326178869972399,-0.002766032936051488,-0.0008472489425912499,-0.0011466864962130785,0.2766032936051488,1.0,0.43693530559539795,-0.03211209177970886,0.4541233777999878,0.4439969062805176,-0.029241949319839478,0.454123318195343,1,0.004036550223827362,0.0
1.0047366619110107,1.0047366619110107,1.0048847198486328,0.02563037909567356,1.0,1.0,0.0,0.0,0.0,226,235584,24,10,33.95705795288086,1.460031802430798,-0.0047271763905882835,0.002350538270547986,-0.004413433838635683,0.47271763905882835,1.0,0.440197229385376,-0.026775598526000977,0.45085668563842773,0.2139449119567871,-0.2953636646270752,0.4508565068244934,1,1.0,1.0
0.026942117139697075,9.061900527740363e-07,1.785535096132662e-05,0.028008664026856422,0.0,0.0,0.0,1.0,1.0,600,236128,13,10,0.4904100298881531,1.6038071777378606,0.004003533162176609,0.001627126126550138,0.002729502972215414,0.4003533162176609,1.0,0.4480588436126709,-0.027848243713378906,0.4579995572566986,0.45780372619628906,-0.024072647094726562,0.4579995572566986,1,1.8123801055480728e-07,0.0
0.029826249927282333,1.4142651494353231e-08,0.02983253262937069,0.04883583262562752,0.0,0.0,0.0,1.0,1.0,600,236640,6,10,0.7054526209831238,1.0888111277623107,-0.0024237826000899076,-0.001240172074176371,0.0037752664647996426,0.37752664647996426,1.0,0.4447488784790039,-0.029473543167114258,0.4590453505516052,0.45137596130371094,-0.026940107345581055,0.4590453803539276,1,2.8285302988706462e-09,0.0
0.0458858497440815,0.030951455235481262,0.09827673435211182,0.08071714639663696,0.017797923493042826,0.0,1.0,1.0,1.0,600,236736,29,10,1.4761919975280762,0.7672981686347963,-0.002457401715219021,-0.004842258524149656,-0.0029447167180478573,0.48422585241496563,1.0,0.4466674327850342,-0.032314300537109375,0.45232537388801575,0.44057393074035645,-0.03473258018493652,0.45232540369033813,1,0.008859979571052676,0.0
0.02334114909172058,4.026262345746545e-08,1.2737059478240553e-05,0.023466339334845543,0.0,0.0,0.0,1.0,1.0,600,236768,10,10,0.5780297517776489,1.3437948960835806,0.00282566761597991,0.0006718173390254378,-9.168878750642762e-05,0.282566761597991,1.0,0.448453426361084,-0.028173446655273438,0.4551783502101898,0.45662593841552734,-0.025027751922607422,0.4551784098148346,1,8.052524691493091e-09,0.0
0.033603329211473465,5.9743320889538154e-05,0.03461797535419464,0.04888897016644478,0.0,0.0,0.0,1.0,1.0,600,236992,0,10,0.7824873924255371,0.8210902305777308,-0.003132931189611554,0.0019848747178912163,0.0017923502018675208,0.3132931189611554,1.0,0.4456644058227539,-0.025613784790039062,0.45706239342689514,0.45064592361450195,-0.02372264862060547,0.45706242322921753,1,1.1948664177907632e-05,0.0
0.013807674869894981,0.00015830135089345276,0.004462648648768663,0.018925873562693596,0.0,0.0,0.0,1.0,1.0,600,236992,30,10,0.770834743976593,0.8377518900885952,-0.0017967737512663007,0.0027779839001595974,0.0004185495199635625,0.27779839001595974,1.0,0.4469003677368164,-0.024860382080078125,0.45568856596946716,0.4519476890563965,-0.022942543029785156,0.45568856596946716,1,3.1660270178690555e-05,0.0
0.00016433480777777731,7.1469710150040555e-09,0.00017671046953182667,0.025269782170653343,0.0,0.0,0.0,1.0,1.0,600,238912,25,10,0.5855177640914917,1.4377277129744155,-0.002643872518092394,-0.001982535934075713,0.004330134484916925,0.43301344849169254,1.0,0.442415714263916,-0.03105449676513672,0.4596000909805298,0.4511563777923584,-0.02768230438232422,0.4596002399921417,1,1.4293942030008111e-09,0.0
0.021819882094860077,7.250847477990874e-09,0.02373979426920414,0.02940456010401249,0.0,0.0,0.0,1.0,1.0,600,239136,18,10,0.9242026805877686,0.3245672809861267,-0.0029614665545523167,0.004810088314116001,-0.0020677167922258377,0.4810088314116001,1.0,0.44885796308517456,-0.021631717681884766,0.4532022774219513,0.4508386552333832,-0.020889878273010254,0.45320239663124084,1,1.450169495598175e-09,0.0
0.05325813964009285,0.009922115132212639,0.06605007499456406,0.07358280569314957,0.0,0.0,1.0,1.0,1.0,600,239872,17,10,0.9153969287872314,1.0000891048779608,0.0004700914432760328,0.0025198538787662983,-0.0017666080966591835,0.25198538787662983,1.0,0.44818103313446045,-0.025502324104309082,0.45350348949432373,0.45080381631851196,-0.024487048387527466,0.45350340008735657,1,0.0019844230264425278,0.0
1.000532865524292,1.000532865524292,1.0006892681121826,0.0030765642877668142,1.0,1.0,0.0,0.0,0.0,268,240992,20,11,35.5678596496582,0.16731895733481725,-0.001176664954982698,0.00025734331575222313,0.001065348507836461,0.1176664954982698,1.0,0.4516017436981201,-0.02582406997680664,0.4563354551792145,0.21782660484313965,-0.29592180252075195,0.4563353657722473,1,1.0,1.0
0.0116829052567482,7.913875776921486e-09,0.011918002739548683,0.013779324479401112,0.0,0.0,0.0,1.0,1.0,600,243072,3,11,1.2247228622436523,0.1066460467621568,-0.0035201103892177343,-0.0017133340006694198,-0.0024414320942014456,0.35201103892177343,1.0,0.4496283531188965,-0.027655959129333496,0.452828586101532,0.45027923583984375,-0.027413249015808105,0.45282867550849915,1,1.5827751553842974e-09,0.0
1.002255916595459,1.002255916595459,1.002551794052124,0.010146873071789742,1.0,1.0,0.0,0.0,0.0,261,243328,22,11,35.20114517211914,0.5644268226900198,0.0008917539962567389,0.0015796336811035872,0.0021958809811621904,0.21958809811621904,1.0,0.4512503147125244,-0.025417953729629517,0.4574660062789917,0.21975862979888916,-0.29522866010665894,0.4574659466743469,1,1.0,1.0
0.011904834769666195,7.913877553278326e-09,0.011925728060305119,0.021224088966846466,0.0,0.0,0.0,1.0,1.0,600,243584,21,11,1.0894534587860107,0.5327573165819334,0.00017364912491757423,0.0006638855556957424,0.0026245734188705683,0.2624573418870568,1.0,0.4507249593734741,-0.026259899139404297,0.4578946530818939,0.4539738893508911,-0.025036096572875977,0.4578946530818939,1,1.5827755106556652e-09,0.0
0.036677390336990356,0.036677390336990356,0.054817792028188705,0.03959575295448303,0.015555799721931666,0.0,0.0,1.0,1.0,600,244064,23,11,1.3846927881240845,1.229300755191774,-0.004878507927060127,0.00218663620762527,0.004529078025370836,0.4878507927060127,1.0,0.44144272804260254,-0.026382803916931152,0.459799200296402,0.4361746311187744,-0.02851557731628418,0.45979905128479004,1,0.00966884802568782,0.0
0.037514980882406235,0.0027023032307624817,0.005869535729289055,0.04086427763104439,0.0,0.0,0.0,1.0,1.0,600,245344,26,11,0.3841681480407715,2.159882119815983,0.004305973183363676,-0.003276713890954852,0.0012540147872641683,0.4305973183363676,1.0,0.4450075626373291,-0.03412485122680664,0.4565240144729614,0.45716047286987305,-0.029329299926757812,0.4565240442752838,1,0.0005404606461524964,0.0
0.02949952334165573,1.56276254159593e-08,0.0002316659374628216,0.02970256470143795,0.0,0.0,0.0,1.0,1.0,600,245408,2,11,0.49687668681144714,1.6885586195586118,0.003647725097835064,-0.003865446662530303,-0.0029701953753829002,0.3865446662530303,1.0,0.4471907615661621,-0.033547937870025635,0.4522998034954071,0.45744752883911133,-0.029565393924713135,0.45229992270469666,1,3.1255250831918605e-09,0.0
0.0366022065281868,0.012707138434052467,0.012809974141418934,0.03831607103347778,0.0,0.0,0.0,1.0,1.0,600,245568,11,11,0.5917667746543884,2.1894579061391957,0.0010157753713428974,-0.0007067600381560624,-0.003427994903177023,0.3427994903177023,1.0,0.44153928756713867,-0.03162860870361328,0.4518420100212097,0.4503788948059082,-0.02808666229248047,0.4518420994281769,1,0.0025414276868104936,0.0
0.029804721474647522,0.007789487484842539,0.032562483102083206,0.049787212163209915,0.0,0.0,0.0,1.0,1.0,600,245632,1,11,0.7213075757026672,1.4332089025082175,0.002042163163423538,0.0012158280005678535,0.004694750998169184,0.4694750998169184,1.0,0.4471287727355957,-0.027845144271850586,0.4599648416042328,0.45312023162841797,-0.025507450103759766,0.4599648416042328,1,0.001557897496968508,0.0
0.019582970067858696,0.00761210173368454,0.020367883145809174,0.027452843263745308,0.0,0.0,0.0,1.0,1.0,600,245664,19,11,0.9637411832809448,0.8420796153405916,0.0008480952819809318,-0.0029164867009967566,-0.0028569470159709454,0.29164867009967566,1.0,0.4495183825492859,-0.03056478500366211,0.45241308212280273,0.45198768377304077,-0.029616117477416992,0.4524131715297699,1,0.001522420346736908,0.0
0.03600196912884712,0.01274215430021286,0.05291678383946419,0.047714538872241974,0.005241760417207179,0.0,0.0,1.0,1.0,600,247424,16,11,1.1908226013183594,0.43200538289806034,0.0015708664432168007,-0.00386961386539042,0.004490730818361044,0.4490730818361044,1.0,0.4527357220649719,-0.030559539794921875,0.4597608149051666,0.45092177391052246,-0.03125452995300293,0.4597608149051666,1,0.0033346949226236494,0.0
0.008965992368757725,7.913876665099906e-09,0.008973286487162113,0.04584035277366638,0.0,0.0,0.0,1.0,1.0,600,247456,9,11,0.7515472173690796,2.1123275680500035,0.0022655318025499582,-0.001468589180149138,0.00040143675869330764,0.22655318025499582,1.0,0.4432535171508789,-0.032198190689086914,0.45567142963409424,0.45606517791748047,-0.02716851234436035,0.4556715190410614,1,1.5827753330199813e-09,0.0
1.0033378601074219,1.0033378601074219,1.0033783912658691,0.000787961995229125,1.0,1.0,0.0,0.0,0.0,265,247616,18,11,35.67157745361328,0.042826943617472864,0.0015384388389065862,0.0012859408743679523,0.0004098876379430294,0.15384388389065862,1.0,0.4550769329071045,-0.024511218070983887,0.45567992329597473,0.22032028436660767,-0.295917272567749,0.4556799530982971,1,1.0,1.0
0.04426797106862068,0.01251542940735817,0.053423140197992325,0.08236456662416458,0.0,0.0,1.0,1.0,1.0,600,247648,7,11,0.4987458288669586,2.3753026577001886,0.0020781580824404955,0.0042513455264270306,-0.0003877599083352834,0.42513455264270306,1.0,0.4414839744567871,-0.02713713049888611,0.45488232374191284,0.4515085220336914,-0.02310296893119812,0.45488229393959045,1,0.002503085881471634,0.0
0.02433585748076439,0.01576009951531887,0.04013562947511673,0.044155094772577286,0.0,0.0,0.0,1.0,1.0,600,247712,14,11,0.9753069281578064,1.1332854776560257,-0.004317840561270714,0.00016011336992960423,-0.004271005280315876,0.4317840561270714,1.0,0.44258546829223633,-0.028179407119750977,0.45099908113479614,0.4439823627471924,-0.02763199806213379,0.450998991727829,1,0.003152019903063774,0.0
0.2424774467945099,7.913875776921486e-09,0.24315348267555237,0.2510611116886139,0.0,0.0,1.0,1.0,1.0,600,249696,12,11,1.6582095623016357,0.4530715806086573,0.0049715545028448105,-0.0007039407500997186,0.002598439110442996,0.49715545028448105,1.0,0.4560081958770752,-0.027442723512649536,0.4578685462474823,0.4587719440460205,-0.026403874158859253,0.4578685462474823,1,0.05555555978742604,0.5555555820465088
0.01663522981107235,0.0012767488369718194,0.01672009937465191,0.05670946091413498,0.0,0.0,1.0,1.0,1.0,600,251200,4,12,0.28151530027389526,2.3643752088018144,0.004696796182543039,0.0021209511905908585,0.0017133998917415738,0.46967961825430393,1.0,0.4441690444946289,-0.029240131378173828,0.45698344707489014,0.4580502510070801,-0.023745298385620117,0.456983357667923,1,0.0002553497673943639,0.0
0.0035168766044080257,7.913876665099906e-09,0.00024219411716330796,0.04142840951681137,0.0,0.0,0.0,1.0,1.0,600,251232,31,12,1.0134066343307495,2.3597970610672014,-0.00027103282627649605,-0.0037266011349856853,0.0003438598942011595,0.37266011349856853,1.0,0.4392271041870117,-0.03507566452026367,0.455613911151886,0.45352840423583984,-0.02942633628845215,0.4556139409542084,1,1.5827753330199813e-09,0.0
0.049114614725112915,0.02317197062075138,0.0725725069642067,0.08955429494380951,0.0,0.0,1.0,1.0,1.0,600,252000,8,12,0.7518483400344849,2.300641859882779,0.0024053561501204967,-0.0021352970506995916,-0.0006674271426163614,0.24053561501204967,1.0,0.4422597885131836,-0.03333604335784912,0.45460253953933716,0.44813060760498047,-0.030941247940063477,0.4546026289463043,1,0.004634394124150276,0.0
1.0012305974960327,1.0012305974960327,1.006861925125122,0.016539502888917923,1.0,1.0,0.0,0.0,0.0,207,252192,11,12,33.608802795410156,0.624997847384192,-0.004786536563187838,-0.003964584786444902,-0.0045763240195810795,0.47865365631878376,1.0,0.4452033042907715,-0.03110337257385254,0.4506937265396118,0.21416139602661133,-0.300398588180542,0.4506937265396118,1,1.0,1.0
0.011872265487909317,0.011872265487909317,0.011913727968931198,0.0072478014044463634,0.004699793011907479,0.0,0.0,1.0,1.0,600,252640,15,12,1.1400564908981323,0.41289291277477796,0.004642392508685589,-0.0034641874954104424,0.0019515063613653183,0.4642392508685589,1.0,0.45592352747917175,-0.030109405517578125,0.45722153782844543,0.45429617166519165,-0.030732154846191406,0.4572215676307678,1,0.0030794220493679855,0.0
0.03578301891684532,0.0062805418856441975,0.03605128824710846,0.04235248640179634,0.0,0.0,0.0,1.0,1.0,600,252704,5,12,0.991972029209137,0.7208805765613598,-0.004912179429084063,-0.0036642784252762794,-0.002005977788940072,0.49121794290840626,1.0,0.44449424743652344,-0.031027793884277344,0.4532640874385834,0.44669198989868164,-0.03018808364868164,0.453264057636261,1,0.0012561083771288396,0.0
7.97219036030583e-06,7.913871336029388e-09,1.5440062270499766e-05,0.021721389144659042,0.0,0.0,0.0,1.0,1.0,600,252928,27,12,1.0848045349121094,1.2436610144783145,0.0013306166511029005,-0.004303719382733107,0.004281272180378437,0.43037193827331066,1.0,0.44756460189819336,-0.032907694578170776,0.45955127477645874,0.45513081550598145,-0.030003666877746582,0.4595513641834259,1,1.5827742672058777e-09,0.0
0.029092665761709213,0.015495057217776775,0.0818915069103241,0.07757925242185593,0.004360964807430323,0.0,1.0,1.0,1.0,600,253696,28,12,1.2074339389801025,0.6407307078896403,-0.004535382147878408,-0.002166775055229664,-0.002106089610606432,0.45353821478784084,1.0,0.4453592300415039,-0.029342293739318848,0.4531639516353607,0.44385719299316406,-0.029922962188720703,0.4531639516353607,1,0.0037531561646699037,0.0
1.0004425048828125,1.0004425048828125,1.0024433135986328,0.006929145194590092,1.0,1.0,0.0,0.0,0.0,270,254304,19,12,35.62760925292969,0.2823743476773283,0.002446477534249425,0.0036885514855384827,-0.0004968075081706047,0.36885514855384827,1.0,0.45452311635017395,-0.022656679153442383,0.4547732174396515,0.22145706415176392,-0.29245829582214355,0.4547732472419739,1,1.0,1.0
0.027533743530511856,0.00022634226479567587,0.001192157156765461,0.03129895403981209,0.0,0.0,0.0,1.0,1.0,600,254784,24,12,0.4974692463874817,1.7379606307733735,-0.0046102809719741344,-0.0017662146128714085,0.0020285998471081257,0.46102809719741344,1.0,0.43863463401794434,-0.031569480895996094,0.4572986960411072,0.4491105079650879,-0.027495384216308594,0.4572986662387848,1,4.526845295913518e-05,0.0
0.06575437635183334,0.04293360561132431,0.08374946564435959,0.045090451836586,0.03882498416608482,0.0,0.0,1.0,1.0,600,255328,13,12,1.8678128719329834,0.2449155091957156,8.875036292010918e-05,-0.0016044004587456584,-0.0035179646220058203,0.351796462200582,1.0,0.4523940086364746,-0.027863264083862305,0.45175209641456604,0.43898653984069824,-0.03320646286010742,0.4517521262168884,1,0.014410468747177585,0.0
0.034515827894210815,0.0010579905938357115,0.0017154286615550518,0.03593705594539642,0.0,0.0,0.0,1.0,1.0,600,255840,6,12,0.36822086572647095,2.0213735674109405,0.001764699351042509,0.004130105022341013,-0.004801509901881218,0.4801509901881218,1.0,0.4433002471923828,-0.026372671127319336,0.4504684805870056,0.45519447326660156,-0.021707534790039062,0.4504684507846832,1,0.0002115981187671423,0.0
1.0038048028945923,1.0038048028945923,1.0083703994750977,0.020697401836514473,1.0,1.0,0.0,0.0,0.0,266,255936,16,12,35.251800537109375,0.9242798747846372,0.0036977597046643496,0.0019442314514890313,0.003241883125156164,0.36977597046643496,1.0,0.45186877250671387,-0.025898218154907227,0.45851191878318787,0.2224428355693817,-0.2954294681549072,0.4585118293762207,1,1.0,1.0
7.79479305492714e-05,6.798901495130849e-07,0.00011314125003991649,0.033835798501968384,0.0,0.0,0.0,1.0,1.0,600,255936,29,12,0.4221858084201813,1.9322052343530125,0.0008244513301178813,-0.004123978782445192,0.004325771704316139,0.4325771704316139,1.0,0.4428977966308594,-0.03440594673156738,0.45959579944610596,0.45462465286254883,-0.029824018478393555,0.4595958888530731,1,1.35978029902617e-07,0.0
0.04006648063659668,0.015598366968333721,0.05130242183804512,0.06490294635295868,0.0,0.0,1.0,1.0,1.0,600,255968,10,12,0.7762128710746765,1.6729742623067583,0.002236434258520603,0.0035956082865595818,0.0022095227614045143,0.3595608286559582,1.0,0.4458739757537842,-0.026048660278320312,0.4574795365333557,0.4505934715270996,-0.02417469024658203,0.4574796259403229,1,0.0031196733936667445,0.0
0.025156628340482712,-1.0703072872431107e-09,0.02858380228281021,0.04127684235572815,0.0,0.0,0.0,1.0,1.0,600,256192,0,12,0.8545443415641785,0.727258372420565,-0.002774161985144019,-0.003206150373443961,-0.00014724281209055334,0.3206150373443961,1.0,0.4465937614440918,-0.030584335327148438,0.45512279868125916,0.45102548599243164,-0.028905868530273438,0.45512285828590393,1,0.0,0.0
0.028788244351744652,1.404675309402137e-08,7.486315007554367e-05,0.031220756471157074,0.0,0.0,0.0,1.0,1.0,600,256192,30,12,0.44155970215797424,1.7845288605345204,0.0008344092057086527,0.0009658753406256437,0.004113057628273964,0.4113057628273964,1.0,0.4437980651855469,-0.02895212173461914,0.45938313007354736,0.4546341896057129,-0.024733543395996094,0.45938315987586975,1,2.809350618804274e-09,0.0
0.010863547213375568,1.822891704250651e-08,8.88347567524761e-05,0.040388982743024826,0.0,0.0,0.0,1.0,1.0,600,258112,25,12,0.28472062945365906,2.309031039730847,0.0047178384847939014,-0.0025950679555535316,0.0024777441285550594,0.47178384847939014,1.0,0.4445223808288574,-0.03381633758544922,0.45774775743484497,0.45851826667785645,-0.02829456329345703,0.45774784684181213,1,3.645783408501302e-09,0.0
0.03272698447108269,0.010352982208132744,0.04524736851453781,0.04985678568482399,0.0,0.0,0.0,1.0,1.0,600,259072,17,12,0.9780619144439697,0.8572830294636582,-0.002862220164388418,0.0015150071121752262,0.003850070061162114,0.3850070061162114,1.0,0.44571563601493835,-0.026169180870056152,0.4591201841831207,0.4473211169242859,-0.02554956078529358,0.45912009477615356,1,0.0020705964416265488,0.0
0.02825905755162239,7.1674519652731306e-09,0.028267722576856613,0.03203622251749039,0.0,0.0,0.0,1.0,1.0,600,260192,20,13,0.9423487186431885,0.21591914169361653,0.004054292570799589,0.004035137593746185,-0.0017812164733186364,0.4054292570799589,1.0,0.45653629302978516,-0.02215719223022461,0.45348888635635376,0.45785439014434814,-0.021664142608642578,0.45348885655403137,1,1.4334903930546263e-09,0.0
1.0043509006500244,1.0043509006500244,1.0063486099243164,0.03294478356838226,1.0,1.0,0.0,0.0,0.0,262,260576,11,13,34.964962005615234,1.7731388797632897,0.0024783266708254814,-0.004537300672382116,-0.004410640802234411,0.45373006723821163,1.0,0.4455111026763916,-0.03442740440368652,0.4508593678474426,0.22118043899536133,-0.3021101951599121,0.4508593678474426,1,1.0,1.0
0.03755555301904678,6.474559631897137e-05,0.040777064859867096,0.052203468978405,0.0,0.0,1.0,1.0,1.0,600,262272,3,13,0.8300561904907227,0.6583948043829098,-0.002127532148733735,0.0023782155476510525,0.0024788600858300924,0.24788600858300924,1.0,0.4476594924926758,-0.024838685989379883,0.4577488601207733,0.45165014266967773,-0.023329973220825195,0.4577489197254181,1,1.2949119263794274e-05,0.0
0.0443163625895977,0.0033339443616569042,0.060572776943445206,0.07059524953365326,0.0,0.0,1.0,1.0,1.0,600,262528,22,13,0.8692852258682251,0.7652657604698944,-0.003812182927504182,0.002748086815699935,0.0005187505157664418,0.3812182927504182,1.0,0.44532477855682373,-0.024719417095184326,0.455788791179657,0.4488215446472168,-0.023387163877487183,0.455788791179657,1,0.0006667888723313809,0.0
0.025335002690553665,0.00020971243793610483,0.007772262208163738,0.034213148057460785,0.0,0.0,0.0,1.0,1.0,600,262784,21,13,0.5204453468322754,1.5269664823581595,-0.0009483197354711592,0.004272726830095053,-0.0008769608102738857,0.42727268300950527,1.0,0.44357120990753174,-0.02501535415649414,0.45439305901527405,0.4527784585952759,-0.021454334259033203,0.45439308881759644,1,4.194248758722097e-05,0.0
0.04418771713972092,0.008611926808953285,0.06436201930046082,0.09396824985742569,0.0,0.0,1.0,1.0,1.0,600,263264,23,13,0.5114656090736389,2.1897411455463396,-0.004997377749532461,0.0022344784811139107,-0.001935311476700008,0.4997377749532461,1.0,0.43552446365356445,-0.02868795394897461,0.4533346891403198,0.44579339027404785,-0.024598002433776855,0.4533348083496094,1,0.0017223853617906572,0.0
1.0005223751068115,1.0005223751068115,1.0022976398468018,0.006967704277485609,1.0,1.0,0.0,0.0,0.0,267,264384,6,13,35.579864501953125,0.2975024429565396,0.0011616599513217807,0.001918487949296832,0.0007286066538654268,0.1918487949296832,1.0,0.45314598083496094,-0.024461030960083008,0.45599862933158875,0.22016572952270508,-0.29425740242004395,0.45599859952926636,1,1.0,1.0
1.0054439306259155,1.0054439306259155,1.0065217018127441,0.013304345309734344,1.0,1.0,0.0,0.0,0.0,266,264448,29,13,35.38304901123047,0.7005348837669199,-0.0006139628239907324,0.0034184064716100693,-0.002591672819107771,0.3418406471610069,1.0,0.4489164352416992,-0.02389693260192871,0.452678382396698,0.2180032730102539,-0.2945537567138672,0.452678382396698,1,1.0,1.0
1.0048086643218994,1.0048086643218994,1.0127830505371094,0.040796685963869095,1.0,1.0,0.0,0.0,0.0,260,264512,30,13,34.85800552368164,1.8805843721533486,-0.0035733431577682495,-0.0023861872032284737,-0.0023723936174064875,0.35733431577682495,1.0,0.4388108253479004,-0.03254127502441406,0.4528976082801819,0.21509361267089844,-0.3001260757446289,0.45289766788482666,1,1.0,1.0
1.0048023462295532,1.0048023462295532,1.0157277584075928,0.021606286987662315,1.0,1.0,0.0,0.0,0.0,268,264544,10,13,35.585784912109375,0.6119708090071264,0.003283751429989934,-0.0004975603078491986,0.0009441669099032879,0.3283751429989934,1.0,0.4533529281616211,-0.027606487274169922,0.4562142789363861,0.22195100784301758,-0.2982349395751953,0.4562142491340637,1,1.0,1.0
0.07414820045232773,0.07329029589891434,0.09208252280950546,0.02761891297996044,0.06503766820193202,0.0,0.0,1.0,1.0,600,264544,26,13,2.3711097240448,0.5057323924703085,-0.004967710003256798,0.0017040473176166415,0.0047817835584282875,0.4967710003256798,1.0,0.44574832916259766,-0.02515697479248047,0.46005186438560486,0.4235529899597168,-0.0344545841217041,0.46005183458328247,1,0.02441370941007267,0.0
0.01960645616054535,3.0283109353490545e-09,0.01979954168200493,0.04360509663820267,0.0,0.0,0.0,1.0,1.0,600,264608,2,13,0.6362656354904175,1.3639578279568698,-0.004337016958743334,-0.0001748906943248585,0.003035622416064143,0.4337016958743334,1.0,0.44116830825805664,-0.029068470001220703,0.4583056569099426,0.4494624137878418,-0.025874823331832886,0.4583057463169098,1,6.056621870698109e-10,0.0
0.038572393357753754,0.011415845714509487,0.05504463240504265,0.043998364359140396,0.011050344004818835,0.0,0.0,1.0,1.0,600,264832,1,13,1.28237783908844,0.021175704185888627,-0.001874871551990509,0.004555683117359877,0.0011897298973053694,0.45556831173598766,1.0,0.4517960548400879,-0.021192312240600586,0.45645979046821594,0.4479384422302246,-0.022650957107543945,0.4564598500728607,1,0.0039407207436247225,0.0
0.007117970380932093,7.913876665099906e-09,0.00137896288651973,0.0387381836771965,0.0,0.0,0.0,1.0,1.0,600,266656,9,13,0.71938556432724,2.140526644368636,-0.000898807542398572,0.00021956581622362137,-0.004310736432671547,0.4310736432671547,1.0,0.43991947174072266,-0.030580520629882812,0.45095932483673096,0.45290088653564453,-0.02548074722290039,0.45095935463905334,1,1.5827753330199813e-09,0.0
0.028858551755547523,7.901208576299723e-09,8.209450606955215e-05,0.031193386763334274,0.0,0.0,0.0,1.0,1.0,600,266816,18,13,0.46225428581237793,1.7825467182930417,0.00023894384503364563,-0.0024417059030383825,-0.004835925530642271,0.4835925530642271,1.0,0.44321489334106445,-0.03235495090484619,0.450434148311615,0.454039067029953,-0.02814185619354248,0.4504341781139374,1,1.5802417152599446e-09,0.0
0.037888627499341965,0.014472568407654762,0.0523676797747612,0.06274642050266266,0.0,0.0,1.0,1.0,1.0,600,266848,7,13,0.8803777694702148,1.4238758758942183,-0.0005635718116536736,-0.0006447953055612743,0.0026846390683203936,0.26846390683203936,1.0,0.4445791244506836,-0.02968299388885498,0.4579547047615051,0.4481844902038574,-0.02826276421546936,0.4579547643661499,1,0.002894513681530953,0.0
0.020537450909614563,8.724240885271684e-09,0.0010255163069814444,0.020821088925004005,0.0,0.0,0.0,1.0,1.0,600,266912,14,13,0.652438223361969,1.134203817934275,0.0029978002421557903,0.00047525239642709494,0.003080979688093066,0.3080979688093066,1.0,0.44989538192749023,-0.027866601943969727,0.4583509862422943,0.45679807662963867,-0.025224685668945312,0.45835110545158386,1,1.7448481770543368e-09,0.0
1.0032802820205688,1.0032802820205688,1.0168688297271729,0.04642288386821747,1.0,1.0,0.0,0.0,0.0,215,267456,11,13,33.447296142578125,1.881271233051758,-0.0020468004513531923,0.003558959811925888,0.004317436367273331,0.43174363672733307,1.0,0.44033336639404297,-0.026597261428833008,0.4595873951911926,0.21673965454101562,-0.2936229705810547,0.4595874547958374,1,1.0,1.0
0.0002675972937140614,7.823036440868236e-09,0.000279401516309008,0.019945591688156128,0.0,0.0,0.0,1.0,1.0,600,268896,12,13,0.6935659646987915,1.1267909282506956,-0.0007645078585483134,-0.0014810553984716535,0.0005977443652227521,0.14810553984716535,1.0,0.44617795944213867,-0.029805094003677368,0.45586779713630676,0.453035831451416,-0.027180999517440796,0.45586785674095154,1,1.5646072881736474e-09,0.0
0.03918046876788139,3.745181054171098e-09,0.06381700932979584,0.08311589807271957,0.0,0.0,1.0,1.0,1.0,600,270400,4,13,0.7145484089851379,1.1057446608186534,-0.0037163356319069862,0.0011454898631200194,-0.001325252465903759,0.3716335631906986,1.0,0.44335365295410156,-0.02712845802307129,0.4539448022842407,0.45008325576782227,-0.024554729461669922,0.4539448320865631,1,7.490362108342197e-10,0.0
0.18790270388126373,7.913875776921486e-09,0.18792198598384857,0.20364736020565033,0.0,0.0,1.0,1.0,1.0,600,270432,31,13,1.4233165979385376,0.9009968271211216,0.002032464137300849,-0.0032299705781042576,0.0004355978744570166,0.32299705781042576,1.0,0.4503445625305176,-0.031017303466796875,0.4557057023048401,0.45583200454711914,-0.028929710388183594,0.4557056725025177,1,0.04897959390607838,0.4897959232330322
0.0494266003370285,8.596113820757978e-10,0.07442456483840942,0.09827136993408203,0.0,0.0,1.0,1.0,1.0,600,271200,8,13,0.6411975026130676,1.3663208599662826,0.0003496988501865417,-0.004560842178761959,-0.0046411980874836445,0.46411980874836445,1.0,0.44584131240844727,-0.033460021018981934,0.4506289064884186,0.4541492462158203,-0.030260920524597168,0.4506289064884186,1,1.7192227641515958e-10,0.0
1.0029758214950562,1.0029758214950562,1.0034384727478027,0.03908936679363251,1.0,1.0,0.0,0.0,0.0,209,271296,2,13,33.2591552734375,2.2131443618505653,0.002152702771127224,-0.0028970607090741396,-0.00429348973557353,0.429348973557353,1.0,0.4425334930419922,-0.0338783860206604,0.45097655057907104,0.2209625244140625,-0.29996806383132935,0.45097649097442627,1,1.0,1.0
0.00011732971324818209,7.913876665099906e-09,0.00023178677656687796,0.01619870401918888,0.0,0.0,0.0,1.0,1.0,600,271840,15,13,1.1878665685653687,0.9148373517005062,0.002333181444555521,-0.003537136362865567,0.004955747164785862,0.4955747164785862,1.0,0.4505615830421448,-0.0313572883605957,0.46022579073905945,0.45613327622413635,-0.029236793518066406,0.4602258503437042,1,1.5827753330199813e-09,0.0
0.010632103309035301,0.010632103309035301,0.012972705066204071,0.026958176866173744,0.0,0.0,0.0,1.0,1.0,600,271904,5,13,0.7512496709823608,1.4104835824791158,1.9399300072109327e-05,0.004066512454301119,-0.0013298913836479187,0.4066512454301119,1.0,0.44524288177490234,-0.02493906021118164,0.45394015312194824,0.4501056671142578,-0.023035526275634766,0.45394018292427063,1,0.0021264206618070605,0.0
0.006385572254657745,7.913874000564647e-09,0.00639538187533617,0.026845060288906097,0.0,0.0,0.0,1.0,1.0,600,272128,27,13,1.6990829706192017,1.1716804255799003,0.00476697226986289,-0.003992351703345776,-0.0016737232217565179,0.476697226986289,1.0,0.45143699645996094,-0.03242376446723938,0.453596293926239,0.45856738090515137,-0.02969232201576233,0.4535963833332062,1,1.5827748001129294e-09,0.0
0.03322553634643555,0.00926493015140295,0.050891634076833725,0.07011950761079788,0.0,0.0,1.0,1.0,1.0,600,272896,28,13,0.692826509475708,1.6325152098713647,-0.0027837110683321953,0.004147311672568321,-0.0012777013471350074,0.4147311672568321,1.0,0.4410982131958008,-0.02539825439453125,0.45399224758148193,0.44777917861938477,-0.02277207374572754,0.45399239659309387,1,0.0018529860302805901,0.0
1.001677393913269,1.001677393913269,1.002058506011963,0.017330043017864227,1.0,1.0,0.0,0.0,0.0,271,273120,29,13,35.47956085205078,0.971102102205544,0.003325296100229025,0.0037264616694301367,-0.0009507841896265745,0.37264616694301367,1.0,0.45121240615844727,-0.024227142333984375,0.4543192386627197,0.22223806381225586,-0.29287075996398926,0.4543192386627197,1,1.0,1.0
0.039133220911026,0.007255509961396456,0.007490144111216068,0.039709705859422684,0.0,0.0,0.0,1.0,1.0,600,273504,19,13,0.44526752829551697,2.261754391286723,0.004554980434477329,-0.0006940938183106482,-0.0023699947632849216,0.4554980434477329,1.0,0.44464367628097534,-0.031796932220458984,0.4529000520706177,0.4558189809322357,-0.027345895767211914,0.45290011167526245,1,0.0014511019922792913,0.0
0.030204959213733673,5.028456939726311e-08,8.270290709333494e-05,0.03279954567551613,0.0,0.0,0.0,1.0,1.0,600,273984,24,13,0.41539040207862854,1.8745398681812988,0.0018361902330070734,0.000614390941336751,0.004616440739482641,0.4616440739482641,1.0,0.4442570209503174,-0.0295257568359375,0.4598865509033203,0.4556363821029663,-0.025085926055908203,0.4598865211009979,1,1.0056913879452623e-08,0.0
0.02862229384481907,0.0003204891982022673,0.005335411988198757,0.03465886786580086,0.0,0.0,0.0,1.0,1.0,600,274528,13,13,0.4898374676704407,1.698472745860591,-0.0012261667288839817,0.0025995003525167704,-0.002183162607252598,0.25995003525167704,1.0,0.4422571659088135,-0.02710747718811035,0.45308685302734375,0.45246171951293945,-0.023142099380493164,0.45308682322502136,1,6.409783964045346e-05,0.0
0.02406560443341732,3.7994031032440034e-08,7.169706805143505e-05,0.025314675644040108,0.0,0.0,0.0,1.0,1.0,600,275136,16,13,0.572832465171814,1.4463182766812934,-0.0003019232244696468,-0.002422516932711005,0.0031270773615688086,0.31270773615688086,1.0,0.4447055160999298,-0.03151512145996094,0.45839712023735046,0.4534982144832611,-0.028122425079345703,0.45839717984199524,1,7.598806206488008e-09,0.0
0.05678081884980202,0.029622307047247887,0.07620853930711746,0.06501767784357071,0.0114010096000439,0.0,1.0,1.0,1.0,600,275392,0,13,1.2816482782363892,1.0560434019408804,-0.0012663413072004914,0.0034706357400864363,-0.001777505618520081,0.3470635740086436,1.0,0.4461050033569336,-0.024684429168701172,0.4534924626350403,0.44222497940063477,-0.02623271942138672,0.4534924626350403,1,0.007634612849456162,0.0
1.0013692378997803,1.0013692378997803,1.0013858079910278,0.005063745193183422,1.0,1.0,0.0,0.0,0.0,267,275456,14,13,35.42295455932617,0.28918031102012864,-0.0017617534613236785,-0.003543304046615958,-0.0030192758422344923,0.3543304046615958,1.0,0.4502735137939453,-0.029903888702392578,0.45225080847740173,0.21717524528503418,-0.30002784729003906,0.45225077867507935,1,1.0,1.0
0.03483876958489418,9.233722266799305e-07,0.013288868591189384,0.04902146756649017,0.0,0.0,0.0,1.0,1.0,600,277312,25,13,0.3819357752799988,2.047379085788941,-0.0005076575325801969,-0.0038701463490724564,-0.0008942476124502718,0.38701463490724564,1.0,0.4408714771270752,-0.03443765640258789,0.4543758034706116,0.4532923698425293,-0.029569625854492188,0.45437583327293396,1,1.846744453359861e-07,0.0
0.01922784186899662,-1.975302699186443e-10,0.036652468144893646,0.04860859736800194,0.0,0.0,0.0,1.0,1.0,600,278272,17,13,0.8668017983436584,0.6850352635494569,0.0028019100427627563,-0.0010683975415304303,-0.004275258630514145,0.4275258630514145,1.0,0.45242661237716675,-0.02834746241569519,0.4509948194026947,0.45660200715065,-0.026768356561660767,0.4509948194026947,1,0.0,0.0
0.036102294921875,0.036102294921875,0.03626304864883423,0.005566317122429609,0.030863566037943692,0.0,0.0,1.0,1.0,600,279392,20,13,1.6754229068756104,0.309715995131286,-0.0009167445241473615,-0.0037733253557235003,0.000880492792930454,0.37733253557235,1.0,0.45099329948425293,-0.03018045425415039,0.45615050196647644,0.4403347969055176,-0.034393310546875,0.4561504125595093,1,0.011849993890066555,0.0
0.029637791216373444,2.0270187306437037e-08,0.00019553257152438164,0.030749330297112465,0.0,0.0,0.0,1.0,1.0,600,281472,3,13,0.44774529337882996,1.7506045915875366,0.0014259791933000088,0.004260920453816652,-0.002913417061790824,0.42609204538166523,1.0,0.4445948600769043,-0.02557373046875,0.45235663652420044,0.45522546768188477,-0.021438956260681152,0.4523566663265228,1,4.054037461287408e-09,0.0
0.03612081706523895,0.027787627652287483,0.04603223130106926,0.05743580311536789,0.0,0.0,1.0,1.0,1.0,600,281728,22,13,0.8214316368103027,2.245490643655865,0.0006946081994101405,0.004885541275143623,0.00452785799279809,0.48855412751436234,1.0,0.44088125228881836,-0.026176780462265015,0.45979785919189453,0.4448204040527344,-0.02456149458885193,0.4597979187965393,1,0.005557525530457497,0.0
0.03118518367409706,0.0006549335084855556,0.010462182573974133,0.04525361582636833,0.0,0.0,0.0,1.0,1.0,600,281984,21,13,0.3865486681461334,2.0309279348427305,-0.004017985425889492,0.0008848897996358573,0.004117259755730629,0.4117259755730629,1.0,0.43746018409729004,-0.029642105102539062,0.45938724279403687,0.44955289363861084,-0.024900197982788086,0.4593873620033264,1,0.00013098670169711112,0.0
0.04593716561794281,0.00012943011824972928,0.06296399235725403,0.08248110115528107,0.0,0.0,1.0,1.0,1.0,600,282464,23,13,0.6751749515533447,1.1256650142547013,-0.0029682095628231764,0.0029367762617766857,-0.0009922027820721269,0.29682095628231764,1.0,0.4439810514450073,-0.02538442611694336,0.4542778432369232,0.4507864713668823,-0.02277982234954834,0.4542778432369232,1,2.5886023649945855e-05,0.0
5.90078707318753e-06,7.913876665099906e-09,1.8220900528831407e-05,0.006199688650667667,0.0,0.0,0.0,1.0,1.0,600,283584,6,13,1.3843121528625488,0.3541724424588561,-0.0013058575568720698,0.0020059668458998203,0.001380881411023438,0.20059668458998203,1.0,0.4503326416015625,-0.02450418472290039,0.45665088295936584,0.45249366760253906,-0.02369403839111328,0.4566510021686554,1,1.5827753330199813e-09,0.0
0.0280948244035244,0.010404958389699459,0.04677838087081909,0.06472598761320114,0.0,0.0,1.0,1.0,1.0,600,283712,30,13,0.7486931085586548,1.6244825872423123,0.0005584642640314996,-0.003836811985820532,-0.003923514392226934,0.39235143922269344,1.0,0.444488525390625,-0.03336286544799805,0.4513465166091919,0.45072364807128906,-0.030908584594726562,0.4513465464115143,1,0.002080991677939892,0.0
0.030679337680339813,1.0724146903839937e-08,0.0229534562677145,0.055850282311439514,0.0,0.0,1.0,1.0,1.0,600,283744,10,13,0.44509175419807434,1.8848502521768447,-0.0028484612703323364,-0.003665829775854945,0.0022442364133894444,0.3665829775854945,1.0,0.4395103454589844,-0.03383159637451172,0.45751434564590454,0.45095181465148926,-0.02936553955078125,0.45751431584358215,1,2.1448293807679876e-09,0.0
0.025314707309007645,1.1422040202546668e-08,8.360310312127694e-05,0.02738385833799839,0.0,0.0,0.0,1.0,1.0,600,283744,26,13,0.5433057546615601,1.5641899461176711,0.0017826122930273414,-0.0007435089792124927,0.004147965926676989,0.41479659266769886,1.0,0.4460771083831787,-0.03012228012084961,0.45941802859306335,0.455582857131958,-0.0264434814453125,0.45941808819770813,1,2.284408040509334e-09,0.0
0.03222840279340744,2.696335377194714e-10,0.038496002554893494,0.045766737312078476,0.0,0.0,0.0,1.0,1.0,600,284032,1,13,0.9677497148513794,0.4165822554632162,-0.004294125828891993,-0.0029542807023972273,-0.004280268680304289,0.42941258288919926,1.0,0.4469642639160156,-0.029608488082885742,0.4509897828102112,0.4495053291320801,-0.028654098510742188,0.45098981261253357,1,5.3926707543894285e-11,0.0
0.04257260262966156,7.94576582308082e-09,1.2079735824954696e-05,0.04261527583003044,0.0,0.0,0.0,1.0,1.0,600,285856,9,13,0.23913054168224335,2.440984531523381,0.004191679880023003,-0.004896535538136959,0.00029020055080763996,0.4896535538136959,1.0,0.44320249557495117,-0.03645062446594238,0.45556020736694336,0.4579911231994629,-0.030596494674682617,0.4555602967739105,1,1.589153164616164e-09,0.0
0.032789040356874466,5.172971739852983e-08,0.03280534967780113,0.06108826398849487,0.0,0.0,1.0,1.0,1.0,600,286016,18,13,0.49623143672943115,1.6204933298802018,0.0018805480794981122,0.004164283163845539,-0.004629357252269983,0.46293572522699833,1.0,0.44583484530448914,-0.025352001190185547,0.4506407380104065,0.45568063855171204,-0.021535754203796387,0.4506407678127289,1,1.0345943479705966e-08,0.0
0.023627519607543945,3.5596730185716297e-07,0.060304272919893265,0.09535468369722366,0.0,0.0,1.0,1.0,1.0,600,286048,7,13,0.46594005823135376,2.008261098308397,0.0009606534149497747,-0.004544650204479694,-0.00015459259157069027,0.45446502044796944,1.0,0.44257545471191406,-0.035015225410461426,0.45511549711227417,0.4547600746154785,-0.0302446186542511,0.45511552691459656,1,7.11934603714326e-08,0.0
0.047098156064748764,0.016598273068666458,0.08031682670116425,0.08877530694007874,0.0,0.0,1.0,1.0,1.0,600,286656,11,13,0.935370683670044,1.435645359051208,-0.003272420959547162,0.0004771011299453676,-0.004881130997091532,0.4881130997091532,1.0,0.4417998790740967,-0.028589725494384766,0.45038890838623047,0.4447364807128906,-0.027428865432739258,0.45038890838623047,1,0.0033196546137332916,0.0
0.0030407505109906197,7.913876665099906e-09,0.0030655846931040287,0.013489264994859695,0.0,0.0,0.0,1.0,1.0,600,288096,12,13,1.1115341186523438,0.5972335019340603,0.0009756468352861702,-0.0035602764692157507,0.002888841088861227,0.35602764692157507,1.0,0.45113468170166016,-0.03063434362411499,0.45815885066986084,0.4547760486602783,-0.029260247945785522,0.458158940076828,1,1.5827753330199813e-09,0.0
0.05093146115541458,3.78507136744588e-09,0.0895591601729393,0.11416833847761154,0.0,0.0,1.0,1.0,1.0,600,289600,4,13,0.5883357524871826,1.4100023743077472,0.0007416400476358831,0.0041128541342914104,0.00261283409781754,0.41128541342914104,1.0,0.4459686279296875,-0.024892330169677734,0.4578828811645508,0.4545412063598633,-0.021587371826171875,0.45788291096687317,1,7.570142734891761e-10,0.0
0.0020399237982928753,7.913876665099906e-09,1.8464701497578062e-05,0.035996194928884506,0.0,0.0,0.0,1.0,1.0,600,289632,31,13,0.8353331089019775,2.061372649294416,-0.003681593108922243,-0.0013467740500345826,-0.0028108437545597553,0.3681593108922243,1.0,0.43761301040649414,-0.03194928169250488,0.4524591565132141,0.4501180648803711,-0.027046680450439453,0.4524592459201813,1,1.5827753330199813e-09,0.0
0.039371103048324585,0.0004331899981480092,0.002078072400763631,0.043790098279714584,0.0,0.0,0.0,1.0,1.0,600,290400,8,14,0.2081766128540039,2.4147433716190156,0.00037907788646407425,0.004050748888403177,0.0009692210587672889,0.4050748888403177,1.0,0.4395480155944824,-0.02743709087371826,0.4562392830848694,0.4540276527404785,-0.02170562744140625,0.456239253282547,1,8.663799962960184e-05,0.0
0.037095148116350174,3.977624007944769e-09,0.06522641330957413,0.07792112231254578,0.0,0.0,1.0,1.0,1.0,600,290496,2,14,0.7879146933555603,0.7273524476042114,-0.0023308666422963142,0.004894934128969908,0.0008654873236082494,0.4894934128969908,1.0,0.4470367431640625,-0.022483497858047485,0.45613545179367065,0.45146894454956055,-0.020805031061172485,0.4561356008052826,1,7.955248015889538e-10,0.0
0.04286492243409157,0.04286492243409157,0.06442789733409882,0.04485590383410454,0.02003876413553054,0.0,0.0,1.0,1.0,600,291040,15,14,1.503741979598999,1.3345859868134051,-0.0014631091617047787,-0.004145800601691008,0.004157630726695061,0.4157630726695061,1.0,0.4442204236984253,-0.03296852111816406,0.45942774415016174,0.4374583959579468,-0.03573799133300781,0.45942771434783936,1,0.011578799107147894,0.0
0.03203035518527031,-1.0365576669571497e-12,0.02127985842525959,0.05203290656208992,0.0,0.0,1.0,1.0,1.0,600,291104,5,14,0.46157607436180115,1.7620200788464493,-0.003860351862385869,0.0009525753557682037,-0.0004509232530836016,0.3860351862385869,1.0,0.4392390251159668,-0.028910160064697266,0.45481908321380615,0.4499392509460449,-0.02474689483642578,0.4548191726207733,1,0.0,0.0
8.548957453058392e-07,7.913868671494129e-09,9.261356353817973e-06,0.036916717886924744,0.0,0.0,0.0,1.0,1.0,600,291328,27,14,0.6652470231056213,2.114642575291815,-0.002437594812363386,-0.00418058829382062,0.003694327548146248,0.41805882938206196,1.0,0.4385366439819336,-0.0349157452583313,0.45896434783935547,0.45136284828186035,-0.029880553483963013,0.45896443724632263,1,1.5827737342988258e-09,0.0
4.365728091215715e-05,7.913874000564647e-09,5.2320461691124365e-05,0.0420382097363472,0.0,0.0,0.0,1.0,1.0,600,292096,28,14,0.6886528730392456,2.4056152506801167,-0.0010905052768066525,-0.0011099588591605425,0.001946870586834848,0.1946870586834848,1.0,0.43813347816467285,-0.03257489204406738,0.45721685886383057,0.4527099132537842,-0.026810050010681152,0.45721694827079773,1,1.5827748001129294e-09,0.0
0.02821500040590763,1.828631290834437e-08,9.985064389184117e-05,0.029305903241038322,0.0,0.0,0.0,1.0,1.0,600,292320,29,14,0.4864096939563751,1.6733845005437822,0.0015335872303694487,0.000777093053329736,0.0010847416706383228,0.15335872303694487,1.0,0.44516849517822266,-0.02886819839477539,0.4563547968864441,0.455333948135376,-0.024922847747802734,0.4563548266887665,1,3.6572625816688743e-09,0.0
0.03608487918972969,0.007760772481560707,0.044811978936195374,0.042912356555461884,0.001910843033287383,0.0,0.0,1.0,1.0,600,292704,19,14,1.1136460304260254,0.3358179632508864,-0.002465754747390747,0.0009489897056482732,0.0030208961106836796,0.30208961106836796,1.0,0.449285089969635,-0.02551889419555664,0.45829087495803833,0.4486219882965088,-0.02577066421508789,0.45829105377197266,1,0.001838780951305249,0.0
0.020852478221058846,7.745535768322043e-09,0.02185935713350773,0.031458716839551926,0.0,0.0,0.0,1.0,1.0,600,293184,24,14,0.8515270352363586,0.5500027438234222,-0.0006849382189102471,0.0016903867945075035,-0.0026143353898078203,0.26143353898078203,1.0,0.44976139068603516,-0.025273561477661133,0.4526556730270386,0.4531153440475464,-0.02400970458984375,0.45265576243400574,1,1.5491071536644086e-09,0.0
9.627838153392076e-05,7.913870447850968e-09,0.00011168026685481891,0.03140731900930405,0.0,0.0,0.0,1.0,1.0,600,293728,13,14,0.6966299414634705,1.793108858792526,-0.00497466791421175,8.60731233842671e-06,-0.0009166101226583123,0.497466791421175,1.0,0.43793749809265137,-0.029930472373962402,0.4543534517288208,0.4488255977630615,-0.02569139003753662,0.4543534815311432,1,1.5827740895701938e-09,0.0
0.029103362932801247,8.0778698929862e-07,7.418277527904138e-05,0.02981244958937168,0.0,0.0,0.0,1.0,1.0,600,294336,16,14,0.4908783435821533,1.7039232368182613,-0.0002602590247988701,-0.00245245941914618,-0.001880968571640551,0.24524594191461802,1.0,0.44319021701812744,-0.032172203063964844,0.45338910818099976,0.4535396099090576,-0.0281524658203125,0.45338907837867737,1,1.6155739785972402e-07,0.0
0.045499127358198166,0.012550571002066135,0.06581827998161316,0.07233694940805435,0.0,0.0,1.0,1.0,1.0,600,294592,0,14,0.9269393086433411,1.0925861946609179,-0.0010174257913604379,0.0032752486877143383,0.003958372864872217,0.3958372864872217,1.0,0.4461326599121094,-0.024967193603515625,0.45922839641571045,0.44840002059936523,-0.024083614349365234,0.4592284858226776,1,0.002510114200413227,0.0
0.02157675102353096,0.0008535271044820547,0.0019072426948696375,0.021706800907850266,0.0,0.0,0.0,1.0,1.0,600,294656,14,14,0.6997619867324829,1.1833349694597635,0.00027757708448916674,-0.0038275618571788073,0.0018957712454721332,0.3827561857178807,1.0,0.44687724113464355,-0.032286643981933594,0.45716583728790283,0.4537789821624756,-0.029638290405273438,0.4571658670902252,1,0.00017070542089641096,0.0
0.025846349075436592,1.8894342090902683e-08,8.2216618466191e-05,0.026596669107675552,0.0,0.0,0.0,1.0,1.0,600,296512,25,14,0.5363552570343018,1.5191673668213568,-0.0002870111202355474,0.0011454039486125112,-3.0038880140637048e-05,0.11454039486125112,1.0,0.44427990913391113,-0.028123855590820312,0.45524001121520996,0.45351338386535645,-0.02455425262451172,0.45524004101753235,1,3.778868418180537e-09,0.0
0.004135153256356716,0.004135153256356716,0.004177131690084934,0.023110881447792053,0.0,0.0,0.0,1.0,1.0,600,297472,17,14,0.7261050939559937,1.3217512075893048,0.002138363430276513,-0.0009878149721771479,0.00020393371232785285,0.2138363430276513,1.0,0.4478994905948639,-0.029779553413391113,0.455473929643631,0.45449212193489075,-0.027228116989135742,0.45547404885292053,1,0.0008270306512713433,0.0
7.092171290423721e-05,7.973492976987018e-09,7.827625813661143e-05,0.025739148259162903,0.0,0.0,0.0,1.0,1.0,600,298592,20,14,0.5999831557273865,1.4702609712082442,-0.0014691267861053348,-0.0030810453463345766,0.001227563014253974,0.30810453463345766,1.0,0.443393349647522,-0.03223228454589844,0.4564976394176483,0.45233094692230225,-0.028780460357666016,0.4564976394176483,1,1.5946985953974036e-09,0.0
