max_angle,final_angle,cumulative_increase,regression_amount,progress,success,regression_event,stalled,lost_contact,episode_steps,env_steps,env_index,policy_version,return_value,initial_angle_deg,offset_x_m,offset_y_m,offset_z_m,offset_linf_cm,friction_scale,initial_handle_x_m,initial_handle_y_m,initial_handle_z_m,final_handle_x_m,final_handle_y_m,final_handle_z_m,curriculum_level,quality_score,contact_stability
1.0050301551818848,1.0050301551818848,1.005040168762207,9.9767858046107e-06,1.0,1.0,0.0,0.0,0.0,296,9472,26,0,36.32542419433594,0.0,0.0,0.0,0.0,0.0,1.0,0.4538004398345947,-0.025699853897094727,0.45527008175849915,0.21864962577819824,-0.297821044921875,0.45527005195617676,0,1.0,1.0
1.0017788410186768,1.0017788410186768,1.0018061399459839,2.7254693122813478e-05,1.0,1.0,0.0,0.0,0.0,297,9504,2,0,36.29661178588867,0.0,0.0,0.0,0.0,0.0,1.0,0.4537997245788574,-0.025699973106384277,0.45527008175849915,0.2189040184020996,-0.296634316444397,0.45527005195617676,0,1.0,1.0
1.001231074333191,1.001231074333191,1.0013854503631592,0.00015437359979841858,1.0,1.0,0.0,0.0,0.0,297,9504,4,0,36.31086349487305,0.0,0.0,0.0,0.0,0.0,1.0,0.4537997245788574,-0.025700092315673828,0.45527008175849915,0.2189478874206543,-0.2964344024658203,0.45527005195617676,0,1.0,1.0
1.0046029090881348,1.0046029090881348,1.0047798156738281,0.00017682845646049827,1.0,1.0,0.0,0.0,0.0,298,9536,31,0,36.29738998413086,0.0,0.0,0.0,0.0,0.0,1.0,0.4537997245788574,-0.025699853897094727,0.45527008175849915,0.21868276596069336,-0.2976651191711426,0.45527005195617676,0,1.0,1.0
1.0029125213623047,1.0029125213623047,1.0029289722442627,1.6392990801250562e-05,1.0,1.0,0.0,0.0,0.0,300,9600,27,0,36.42726516723633,0.0,0.0,0.0,0.0,0.0,1.0,0.4538004398345947,-0.025699973106384277,0.45527008175849915,0.21881532669067383,-0.2970479428768158,0.455269992351532,0,1.0,1.0
1.0026402473449707,1.0026402473449707,1.0026767253875732,3.648328493000008e-05,1.0,1.0,0.0,0.0,0.0,301,9632,23,0,36.3368034362793,0.0,0.0,0.0,0.0,0.0,1.0,0.4538000822067261,-0.025699973106384277,0.45527008175849915,0.21883654594421387,-0.2969484329223633,0.455269992351532,0,1.0,1.0
1.0051506757736206,1.0051506757736206,1.0051639080047607,1.3134166692907456e-05,1.0,1.0,0.0,0.0,0.0,302,9664,0,0,36.549800872802734,0.0,0.0,0.0,0.0,0.0,1.0,0.4537997245788574,-0.025699615478515625,0.45527008175849915,0.21864032745361328,-0.2978644371032715,0.45527005195617676,0,1.0,1.0
1.0011706352233887,1.0011706352233887,1.0012836456298828,0.00011293852730887011,1.0,1.0,0.0,0.0,0.0,302,9664,25,0,36.51372146606445,0.0,0.0,0.0,0.0,0.0,1.0,0.4538004398345947,-0.025699615478515625,0.45527008175849915,0.21895289421081543,-0.29641294479370117,0.455269992351532,0,1.0,1.0
1.000445008277893,1.000445008277893,1.0004525184631348,7.4476033660175744e-06,1.0,1.0,0.0,0.0,0.0,303,9696,1,0,36.511802673339844,0.0,0.0,0.0,0.0,0.0,1.0,0.4537997245788574,-0.025699853897094727,0.45527008175849915,0.2190103530883789,-0.29614782333374023,0.455269992351532,0,1.0,1.0
1.0019410848617554,1.0019410848617554,1.010491967201233,0.008550944738090038,1.0,1.0,0.0,0.0,0.0,303,9696,16,0,36.42966079711914,0.0,0.0,0.0,0.0,0.0,1.0,0.4538000524044037,-0.025699853897094727,0.45527008175849915,0.2188917100429535,-0.2966935634613037,0.455269992351532,0,1.0,1.0
1.004137396812439,1.004137396812439,1.0041989088058472,6.153109279694036e-05,1.0,1.0,0.0,0.0,0.0,303,9696,19,0,36.51512145996094,0.0,0.0,0.0,0.0,0.0,1.0,0.4538000524044037,-0.025700092315673828,0.45527008175849915,0.21871915459632874,-0.29749512672424316,0.45527005195617676,0,1.0,1.0
1.004442572593689,1.004442572593689,1.0046122074127197,0.00016966587281785905,1.0,1.0,0.0,0.0,0.0,304,9728,11,0,36.51002502441406,0.0,0.0,0.0,0.0,0.0,1.0,0.4538004398345947,-0.025699853897094727,0.45527008175849915,0.21869540214538574,-0.2976064682006836,0.45527005195617676,0,1.0,1.0
1.0035310983657837,1.0035310983657837,1.0036342144012451,0.00010310091602150351,1.0,1.0,0.0,0.0,0.0,305,9760,17,0,36.63256072998047,0.0,0.0,0.0,0.0,0.0,1.0,0.4538000524044037,-0.025699973106384277,0.45527008175849915,0.21876657009124756,-0.2972736358642578,0.455269992351532,0,1.0,1.0
1.000777006149292,1.000777006149292,1.0008360147476196,5.9014608268626034e-05,1.0,1.0,0.0,0.0,0.0,305,9760,21,0,36.372230529785156,0.0,0.0,0.0,0.0,0.0,1.0,0.4538000822067261,-0.025699853897094727,0.45527008175849915,0.21898388862609863,-0.2962684631347656,0.45527005195617676,0,1.0,1.0
1.0013962984085083,1.0013962984085083,1.0014543533325195,5.8023142628371716e-05,1.0,1.0,0.0,0.0,0.0,305,9760,24,0,36.41738510131836,0.0,0.0,0.0,0.0,0.0,1.0,0.4538000822067261,-0.025700092315673828,0.45527008175849915,0.21893489360809326,-0.296494722366333,0.45527005195617676,0,1.0,1.0
1.003968596458435,1.003968596458435,1.0041275024414062,0.00015898936544544995,1.0,1.0,0.0,0.0,0.0,306,9792,10,0,36.60636520385742,0.0,0.0,0.0,0.0,0.0,1.0,0.4538004398345947,-0.025699615478515625,0.45527008175849915,0.21873235702514648,-0.29743289947509766,0.455269992351532,0,1.0,1.0
1.0012766122817993,1.0012766122817993,1.001490592956543,0.00021401415870059282,1.0,1.0,0.0,0.0,0.0,306,9792,14,0,36.48284149169922,0.0,0.0,0.0,0.0,0.0,1.0,0.4538004398345947,-0.025700092315673828,0.45527008175849915,0.21894454956054688,-0.2964513301849365,0.455269992351532,0,1.0,1.0
1.0034254789352417,1.0034254789352417,1.0036580562591553,0.00023259370937012136,1.0,1.0,0.0,0.0,0.0,307,9824,29,0,36.574668884277344,0.0,0.0,0.0,0.0,0.0,1.0,0.4538004398345947,-0.025700092315673828,0.45527008175849915,0.21877503395080566,-0.29723548889160156,0.455269992351532,0,1.0,1.0
1.00026535987854,1.00026535987854,1.0005204677581787,0.0002551180950831622,1.0,1.0,0.0,0.0,0.0,309,9888,20,0,36.51056671142578,0.0,0.0,0.0,0.0,0.0,1.0,0.4538000822067261,-0.025699615478515625,0.45527008175849915,0.219024658203125,-0.2960820198059082,0.455269992351532,0,1.0,1.0
1.0020285844802856,1.0020285844802856,1.002134084701538,0.00010553660831646994,1.0,1.0,0.0,0.0,0.0,309,9888,22,0,36.62899398803711,0.0,0.0,0.0,0.0,0.0,1.0,0.4538000822067261,-0.025699973106384277,0.45527008175849915,0.21888470649719238,-0.296725332736969,0.45527005195617676,0,1.0,1.0
1.0017935037612915,1.0017935037612915,1.0018105506896973,1.696576873655431e-05,1.0,1.0,0.0,1.0,0.0,310,9920,8,0,36.68598175048828,0.0,0.0,0.0,0.0,0.0,1.0,0.4537997245788574,-0.025699973106384277,0.45527008175849915,0.2189035415649414,-0.29663944244384766,0.455269992351532,0,1.0,1.0
1.0054622888565063,1.0054622888565063,1.0093592405319214,0.0038969272281974554,1.0,1.0,0.0,0.0,0.0,310,9920,15,0,36.60443115234375,0.0,0.0,0.0,0.0,0.0,1.0,0.4538000524044037,-0.025699615478515625,0.45527008175849915,0.21861562132835388,-0.29797840118408203,0.455269992351532,0,1.0,1.0
1.0042753219604492,1.0042753219604492,1.0043435096740723,6.825343007221818e-05,1.0,1.0,0.0,1.0,0.0,311,9952,3,0,36.63389587402344,0.0,0.0,0.0,0.0,0.0,1.0,0.4537997245788574,-0.025699973106384277,0.45527008175849915,0.21870803833007812,-0.29754531383514404,0.45527011156082153,0,1.0,1.0
1.0047202110290527,1.0047202110290527,1.0050735473632812,0.0003533465787768364,1.0,1.0,0.0,1.0,0.0,311,9952,6,0,36.63568878173828,0.0,0.0,0.0,0.0,0.0,1.0,0.4537997245788574,-0.025699853897094727,0.45527008175849915,0.2186737060546875,-0.29770803451538086,0.455269992351532,0,1.0,1.0
1.0041544437408447,1.0041544437408447,1.004237174987793,8.279911708086729e-05,1.0,1.0,0.0,1.0,0.0,312,9984,12,0,36.66554641723633,0.0,0.0,0.0,0.0,0.0,1.0,0.4538004398345947,-0.025699973106384277,0.45527008175849915,0.2187180519104004,-0.29750120639801025,0.45527011156082153,0,1.0,1.0
1.002955675125122,1.002955675125122,1.0032968521118164,0.0003411203215364367,1.0,1.0,0.0,0.0,0.0,313,10016,7,0,36.769134521484375,0.0,0.0,0.0,0.0,0.0,1.0,0.4537997245788574,-0.025699973106384277,0.45527008175849915,0.2188119888305664,-0.29706358909606934,0.45527005195617676,0,1.0,1.0
1.0010042190551758,1.0010042190551758,1.0057951211929321,0.004790931940078735,1.0,1.0,0.0,0.0,0.0,313,10016,18,0,36.72492599487305,0.0,0.0,0.0,0.0,0.0,1.0,0.4538000524044037,-0.025699973106384277,0.45527008175849915,0.21896594762802124,-0.29635143280029297,0.455269992351532,0,1.0,1.0
1.0004994869232178,1.0004994869232178,1.0005313158035278,3.182917134836316e-05,1.0,1.0,0.0,1.0,0.0,314,10048,28,1,36.65937042236328,0.0,0.0,0.0,0.0,0.0,1.0,0.4538004398345947,-0.025699973106384277,0.45527008175849915,0.21900629997253418,-0.29616737365722656,0.455269992351532,0,1.0,1.0
1.0030556917190552,1.0030556917190552,1.0030666589736938,1.0994745935022365e-05,1.0,1.0,0.0,1.0,0.0,314,10048,30,1,36.661277770996094,0.0,0.0,0.0,0.0,0.0,1.0,0.4537997245788574,-0.025699615478515625,0.45527008175849915,0.21880388259887695,-0.2971000671386719,0.455269992351532,0,1.0,1.0
1.0006023645401,1.0006023645401,1.0016299486160278,0.0010276075918227434,1.0,1.0,0.0,0.0,0.0,318,10176,9,1,36.56755828857422,0.0,0.0,0.0,0.0,0.0,1.0,0.4537997245788574,-0.025700092315673828,0.45527008175849915,0.21899795532226562,-0.2962050437927246,0.45527005195617676,0,1.0,1.0
1.0034185647964478,1.0034185647964478,1.003637433052063,0.0002188635990023613,1.0,1.0,0.0,1.0,0.0,319,10208,5,1,36.88051986694336,0.0,0.0,0.0,0.0,0.0,1.0,0.4537997245788574,-0.025699615478515625,0.45527008175849915,0.21877574920654297,-0.29723215103149414,0.455269992351532,0,1.0,1.0
1.0046077966690063,1.0046077966690063,1.0050809383392334,0.0004731662920676172,1.0,1.0,0.0,1.0,0.0,321,10272,13,1,36.92870330810547,0.0,0.0,0.0,0.0,0.0,1.0,0.4538004398345947,-0.025699973106384277,0.45527008175849915,0.21868228912353516,-0.29766666889190674,0.455269992351532,0,1.0,1.0
1.003364086151123,1.003364086151123,1.0034366846084595,7.25713325664401e-05,1.0,1.0,0.0,0.0,0.0,297,18976,26,1,36.361141204833984,0.0,0.0,0.0,0.0,0.0,1.0,0.4538004398345947,-0.025699853897094727,0.45527008175849915,0.2187800407409668,-0.2972123622894287,0.45527005195617676,0,1.0,1.0
1.0004644393920898,1.0004644393920898,1.0004774332046509,1.2978797713003587e-05,1.0,1.0,0.0,1.0,0.0,308,19360,2,1,36.47678756713867,0.0,0.0,0.0,0.0,0.0,1.0,0.4537997245788574,-0.025699973106384277,0.45527008175849915,0.2190089225769043,-0.2961546778678894,0.455269992351532,0,1.0,1.0
1.0005582571029663,1.0005582571029663,1.00056791305542,9.58669261308387e-06,1.0,1.0,0.0,0.0,0.0,307,19360,31,1,36.34813690185547,0.0,0.0,0.0,0.0,0.0,1.0,0.4537997245788574,-0.025699853897094727,0.45527008175849915,0.21900177001953125,-0.2961888313293457,0.45527005195617676,0,1.0,1.0
1.003077745437622,1.003077745437622,1.003244400024414,0.0001666269963607192,1.0,1.0,0.0,1.0,0.0,307,19488,0,1,36.542362213134766,0.0,0.0,0.0,0.0,0.0,1.0,0.4537997245788574,-0.025699615478515625,0.45527008175849915,0.21880245208740234,-0.2971076965332031,0.455269992351532,0,1.0,1.0
1.0014077425003052,1.0014077425003052,1.0101354122161865,0.008727640844881535,1.0,1.0,0.0,0.0,0.0,313,19520,4,1,36.69924545288086,0.0,0.0,0.0,0.0,0.0,1.0,0.4537997245788574,-0.025700092315673828,0.45527008175849915,0.2189340591430664,-0.29649901390075684,0.45527011156082153,0,1.0,1.0
1.0004023313522339,1.0004023313522339,1.0006937980651855,0.0002914585347753018,1.0,1.0,0.0,0.0,0.0,306,19552,24,1,36.53388595581055,0.0,0.0,0.0,0.0,0.0,1.0,0.4538000822067261,-0.025700092315673828,0.45527008175849915,0.21901369094848633,-0.29613232612609863,0.45527005195617676,0,1.0,1.0
1.0031347274780273,1.0031347274780273,1.0032325983047485,9.788724855752662e-05,1.0,1.0,0.0,1.0,0.0,311,19552,27,1,36.70078659057617,0.0,0.0,0.0,0.0,0.0,1.0,0.4538004398345947,-0.025699973106384277,0.45527008175849915,0.21879792213439941,-0.2971290946006775,0.45527005195617676,0,1.0,1.0
1.0048425197601318,1.0048425197601318,1.0050592422485352,0.00021664109954144806,1.0,1.0,0.0,0.0,0.0,308,19584,11,1,36.58251953125,0.0,0.0,0.0,0.0,0.0,1.0,0.4538004398345947,-0.025699853897094727,0.45527008175849915,0.21866440773010254,-0.29775238037109375,0.45527011156082153,0,1.0,1.0
1.0002851486206055,1.0002851486206055,1.0005546808242798,0.00026954893837682903,1.0,1.0,0.0,0.0,0.0,307,19584,17,1,36.44293975830078,0.0,0.0,0.0,0.0,0.0,1.0,0.4538000524044037,-0.025699973106384277,0.45527008175849915,0.21902310848236084,-0.2960890829563141,0.45527011156082153,0,1.0,1.0
1.005016565322876,1.005016565322876,1.005224347114563,0.00020777943427674472,1.0,1.0,0.0,0.0,0.0,308,19616,21,1,36.66011047363281,0.0,0.0,0.0,0.0,0.0,1.0,0.4538000822067261,-0.025699853897094727,0.45527008175849915,0.2186504602432251,-0.29781603813171387,0.45527005195617676,0,1.0,1.0
1.000746726989746,1.000746726989746,1.0009158849716187,0.00016914954176172614,1.0,1.0,0.0,1.0,0.0,308,19648,14,1,36.58568572998047,0.0,0.0,0.0,0.0,0.0,1.0,0.4538004398345947,-0.025700092315673828,0.45527008175849915,0.21898651123046875,-0.29625773429870605,0.455269992351532,0,1.0,1.0
1.0057693719863892,1.0057693719863892,1.005818486213684,4.915425961371511e-05,1.0,1.0,0.0,0.0,0.0,309,19680,10,1,36.71337127685547,0.0,0.0,0.0,0.0,0.0,1.0,0.4538004398345947,-0.025699615478515625,0.45527008175849915,0.21859216690063477,-0.29809093475341797,0.455269992351532,0,1.0,1.0
1.0003305673599243,1.0003305673599243,1.006005048751831,0.005674507934600115,1.0,1.0,0.0,0.0,0.0,302,19680,18,1,36.420616149902344,0.0,0.0,0.0,0.0,0.0,1.0,0.4538000524044037,-0.025699973106384277,0.45527008175849915,0.21901941299438477,-0.29610562324523926,0.45527005195617676,0,1.0,1.0
1.0040488243103027,1.0040488243103027,1.004295825958252,0.0002470199833624065,1.0,1.0,0.0,0.0,0.0,306,19776,12,1,36.52824783325195,0.0,0.0,0.0,0.0,0.0,1.0,0.4538004398345947,-0.025699973106384277,0.45527008175849915,0.21872639656066895,-0.29746246337890625,0.45527005195617676,0,1.0,1.0
1.0037068128585815,1.0037068128585815,1.003716230392456,9.392669198859949e-06,1.0,1.0,0.0,1.0,0.0,309,19776,22,1,36.616024017333984,0.0,0.0,0.0,0.0,0.0,1.0,0.4538000822067261,-0.025699973106384277,0.45527008175849915,0.21875274181365967,-0.2973376512527466,0.45527005195617676,0,1.0,1.0
1.000939130783081,1.000939130783081,1.001814603805542,0.0008753911242820323,1.0,1.0,0.0,0.0,0.0,318,19808,23,1,36.7365837097168,0.0,0.0,0.0,0.0,0.0,1.0,0.4538000822067261,-0.025699973106384277,0.45527008175849915,0.21897101402282715,-0.2963278293609619,0.455269992351532,0,1.0,1.0
1.005140781402588,1.005140781402588,1.0052376985549927,9.690962906461209e-05,1.0,1.0,0.0,1.0,0.0,317,19840,1,1,36.792579650878906,0.0,0.0,0.0,0.0,0.0,1.0,0.4537997245788574,-0.025699853897094727,0.45527008175849915,0.21864080429077148,-0.29786133766174316,0.45527005195617676,0,1.0,1.0
1.000157356262207,1.000157356262207,1.000502347946167,0.00034509634133428335,1.0,1.0,0.0,1.0,0.0,317,19840,19,1,36.75000762939453,0.0,0.0,0.0,0.0,0.0,1.0,0.4538000524044037,-0.025700092315673828,0.45527008175849915,0.2190333604812622,-0.29604339599609375,0.4552699327468872,0,1.0,1.0
1.0043983459472656,1.0043983459472656,1.004762053489685,0.0003637415647972375,1.0,1.0,0.0,1.0,0.0,318,19840,25,1,36.84606170654297,0.0,0.0,0.0,0.0,0.0,1.0,0.4538004398345947,-0.025699615478515625,0.45527008175849915,0.21869850158691406,-0.2975902557373047,0.45527005195617676,0,1.0,1.0
1.000484824180603,1.000484824180603,1.0005416870117188,5.685493670171127e-05,1.0,1.0,0.0,1.0,0.0,313,19840,29,1,36.686744689941406,0.0,0.0,0.0,0.0,0.0,1.0,0.4538004398345947,-0.025700092315673828,0.45527008175849915,0.2190074920654297,-0.29616236686706543,0.455269992351532,0,1.0,1.0
1.0057088136672974,1.0057088136672974,1.0090539455413818,0.0033451050985604525,1.0,1.0,0.0,0.0,0.0,318,19872,16,1,36.82107925415039,0.0,0.0,0.0,0.0,0.0,1.0,0.4538000524044037,-0.025699853897094727,0.45527008175849915,0.21859651803970337,-0.2980685234069824,0.45527011156082153,0,1.0,1.0
1.0044597387313843,1.0044597387313843,1.004476547241211,1.677058207860682e-05,1.0,1.0,0.0,1.0,0.0,311,19904,3,1,36.567138671875,0.0,0.0,0.0,0.0,0.0,1.0,0.4537997245788574,-0.025699973106384277,0.45527008175849915,0.21869373321533203,-0.2976127862930298,0.455269992351532,0,1.0,1.0
1.0019147396087646,1.0019147396087646,1.002967357635498,0.0010526042897254229,1.0,1.0,0.0,1.0,0.0,315,19968,20,1,36.730552673339844,0.0,0.0,0.0,0.0,0.0,1.0,0.4538000822067261,-0.025699615478515625,0.45527008175849915,0.2188938856124878,-0.29668378829956055,0.455269992351532,0,1.0,1.0
1.0039883852005005,1.0039883852005005,1.0040405988693237,5.2182462241034955e-05,1.0,1.0,0.0,1.0,0.0,315,20000,15,1,36.687767028808594,0.0,0.0,0.0,0.0,0.0,1.0,0.4538000524044037,-0.025699615478515625,0.45527008175849915,0.21873068809509277,-0.2974405288696289,0.455269992351532,0,1.0,1.0
1.0016528367996216,1.0016528367996216,1.0018236637115479,0.00017079731333069503,1.0,1.0,0.0,0.0,0.0,313,20032,7,2,36.68768310546875,0.0,0.0,0.0,0.0,0.0,1.0,0.4537997245788574,-0.025699973106384277,0.45527008175849915,0.21891450881958008,-0.2965885102748871,0.4552699327468872,0,1.0,1.0
1.004194736480713,1.004194736480713,1.004783272743225,0.0005884989514015615,1.0,1.0,0.0,0.0,0.0,320,20192,6,2,36.964027404785156,0.0,0.0,0.0,0.0,0.0,1.0,0.4537997245788574,-0.025699853897094727,0.45527008175849915,0.21871471405029297,-0.297515869140625,0.45527011156082153,0,1.0,1.0
1.002138376235962,1.002138376235962,1.0024393796920776,0.0003009989159181714,1.0,1.0,0.0,1.0,0.0,324,20288,8,2,36.94558334350586,0.0,0.0,0.0,0.0,0.0,1.0,0.4537997245788574,-0.025699973106384277,0.45527008175849915,0.21887588500976562,-0.2967650890350342,0.45527005195617676,0,1.0,1.0
1.0004093647003174,1.0004093647003174,1.0362447500228882,0.061312828212976456,1.0,1.0,1.0,1.0,0.0,333,20928,13,2,36.41716003417969,1.459750484014358,-0.001369217410683632,-0.0011419628281146288,-0.0005610770313069224,0.1369217410683632,1.0,0.4435567855834961,-0.030267000198364258,0.4547089636325836,0.21764397621154785,-0.29727649688720703,0.45470893383026123,1,1.0,1.0
1.002942442893982,1.002942442893982,1.0030573606491089,0.027035921812057495,1.0,1.0,0.0,1.0,0.0,340,20928,28,2,36.6199951171875,1.5424578850042772,0.0021016548853367567,-0.004315351136028767,0.004849018529057503,0.4849018529057503,1.0,0.44652748107910156,-0.03364133834838867,0.4601190984249115,0.2209148406982422,-0.3013741970062256,0.4601190686225891,1,1.0,1.0
1.0016251802444458,1.0016251802444458,1.0079083442687988,0.016623692587018013,1.0,1.0,0.0,1.0,0.0,339,21024,9,2,37.09245300292969,0.5924729668042672,0.0036232974380254745,-0.0017533660866320133,-0.003231051145121455,0.36232974380254745,1.0,0.4538102149963379,-0.02881598472595215,0.4520390033721924,0.22253990173339844,-0.29833173751831055,0.45203906297683716,1,1.0,1.0
1.0000683069229126,1.0000683069229126,1.0002388954162598,0.00334694585762918,1.0,1.0,0.0,0.0,0.0,288,28704,0,2,35.98933410644531,0.18199056385776163,-0.0014811948640272021,-0.0013161639217287302,-1.706237526377663e-05,0.1481194864027202,1.0,0.45120716094970703,-0.02743053436279297,0.4552529752254486,0.2175588607788086,-0.29732656478881836,0.4552529454231262,1,1.0,1.0
1.0037504434585571,1.0037504434585571,1.0042043924331665,0.04193785786628723,1.0,1.0,0.0,0.0,0.0,304,29088,31,2,35.54897689819336,2.3768499089906077,0.0018942784518003464,0.004004321526736021,-0.003710715565830469,0.4004321526736021,1.0,0.44129085540771484,-0.02738809585571289,0.45155930519104004,0.2206439971923828,-0.2933497428894043,0.45155930519104004,1,1.0,1.0
1.0030330419540405,1.0030330419540405,1.036698818206787,0.0553736537694931,1.0,1.0,1.0,0.0,0.0,301,29184,27,2,36.08332824707031,1.2437775545810277,0.004396812990307808,-0.0025713667273521423,0.0002395893825450912,0.4396812990307808,1.0,0.45063018798828125,-0.03117552399635315,0.45550960302352905,0.22320270538330078,-0.2996632754802704,0.45550960302352905,1,1.0,1.0
0.024108558893203735,7.94632715184207e-09,0.028943948447704315,0.031784214079380035,0.0,0.0,0.0,1.0,1.0,600,29248,30,2,1.0334736108779907,0.16273505996830565,-0.003990643657743931,-0.0019101939396932721,0.0018528896616771817,0.3990643657743931,1.0,0.44881629943847656,-0.027980804443359375,0.45712292194366455,0.44980907440185547,-0.027609825134277344,0.4571230113506317,1,1.589265430368414e-09,0.0
0.052337173372507095,4.815599474738974e-09,0.07066173851490021,0.08132888376712799,0.0,0.0,1.0,1.0,1.0,600,29408,5,2,1.6325050592422485,0.6111855506959866,-0.003787532215937972,-0.002866349183022976,0.0025178033392876387,0.3787532215937972,1.0,0.4462862014770508,-0.02997303009033203,0.4577879011631012,0.45001220703125,-0.02856588363647461,0.4577879011631012,1,0.005555556560067565,0.0555555559694767
1.0017274618148804,1.0017274618148804,1.0259406566619873,0.06687034666538239,1.0,1.0,1.0,0.0,0.0,295,29472,7,2,35.24382781982422,2.4440719904716386,-0.0009415120584890246,0.0006903578178025782,-0.004410963971167803,0.4410963971167803,1.0,0.4380507469177246,-0.03087162971496582,0.45085906982421875,0.21796703338623047,-0.2959251403808594,0.450859010219574,1,1.0,1.0
1.0003045797348022,1.0003045797348022,1.0003745555877686,0.024150464683771133,1.0,1.0,0.0,1.0,0.0,313,29696,18,2,36.03971862792969,1.3797067500790383,-0.0011361149372532964,-0.004103001672774553,-0.0034982776269316673,0.41030016727745533,1.0,0.44427433609962463,-0.033034324645996094,0.4517717659473419,0.21788537502288818,-0.3001992702484131,0.45177173614501953,1,1.0,1.0
1.0011441707611084,1.0011441707611084,1.0012707710266113,0.009467514231801033,1.0,1.0,0.0,0.0,0.0,307,29824,15,2,36.23705291748047,0.5351906781954562,0.0023545115254819393,0.0019371532835066319,-0.0001883534132502973,0.23545115254819393,1.0,0.45289093255996704,-0.024991989135742188,0.4550817012786865,0.22130924463272095,-0.2944650650024414,0.4550817608833313,1,1.0,1.0
1.0019365549087524,1.0019365549087524,1.0357966423034668,0.07296172529459,1.0,1.0,1.0,0.0,0.0,322,29856,24,2,35.8968620300293,2.2403643732403586,0.00036227740929462016,0.0002423239784548059,0.0001863324287114665,0.036227740929462016,1.0,0.4405796527862549,-0.0308074951171875,0.45545631647109985,0.21925413608551025,-0.2964496612548828,0.45545631647109985,1,1.0,1.0
1.0009546279907227,1.0009546279907227,1.001853108406067,0.03930678963661194,1.0,1.0,0.0,1.0,0.0,329,30176,14,2,35.969730377197266,2.2006340166120406,0.002482317853718996,-0.00213306094519794,0.0029479307122528553,0.29479307122528553,1.0,0.44293880462646484,-0.03308272361755371,0.4582180380821228,0.2214522361755371,-0.29846644401550293,0.45821791887283325,1,1.0,1.0
1.0039349794387817,1.0039349794387817,1.0041993856430054,0.01859235391020775,1.0,1.0,0.0,1.0,0.0,328,30464,20,2,36.55504608154297,1.050115438071544,0.0016088467091321945,-0.0016427345108240843,0.0042817736975848675,0.42817736975848675,1.0,0.4490163326263428,-0.02978372573852539,0.4595518112182617,0.2203437089920044,-0.29906368255615234,0.45955175161361694,1,1.0,1.0
1.0049680471420288,1.0049680471420288,1.0056850910186768,0.0378432422876358,1.0,1.0,0.0,1.0,0.0,334,30528,25,2,36.379127502441406,2.127177466522669,0.0019188588485121727,0.002256545005366206,0.004487771075218916,0.4487771075218916,1.0,0.44281744956970215,-0.02850961685180664,0.4597577452659607,0.22057342529296875,-0.29554176330566406,0.45975786447525024,1,1.0,1.0
1.002731442451477,1.002731442451477,1.002955675125122,0.027635972946882248,1.0,1.0,0.0,1.0,0.0,337,30976,6,2,36.47594451904297,1.5705812956335106,0.001440521446056664,0.002960402052849531,0.0027002787683159113,0.2960402052849531,1.0,0.4456963539123535,-0.026433944702148438,0.4579702615737915,0.22027015686035156,-0.2940216064453125,0.4579703211784363,1,1.0,1.0
1.004093885421753,1.004093885421753,1.0366039276123047,0.032703910022974014,1.0,1.0,0.0,0.0,0.0,313,31040,9,2,36.72941207885742,0.011107059861677676,0.00448470888659358,-0.0016859715105965734,-0.0017487574368715286,0.448470888659358,1.0,0.45821714401245117,-0.02741098403930664,0.4535213112831116,0.2232069969177246,-0.2991647720336914,0.4535212516784668,1,0.9928934037685395,0.9289340376853943
1.005554437637329,1.005554437637329,1.0056424140930176,0.029202349483966827,1.0,1.0,0.0,0.0,0.0,285,37824,0,2,35.155086517333984,1.6681274960386938,-0.004947260487824678,0.0008265766082331538,0.004924661945551634,0.49472604878246784,1.0,0.4387192726135254,-0.02880573272705078,0.46019479632377625,0.21366119384765625,-0.29718589782714844,0.4601947069168091,1,1.0,1.0
0.039742570370435715,7.929961576280675e-09,0.001203233259730041,0.044143978506326675,0.0,0.0,0.0,1.0,1.0,600,38176,26,2,0.6045047044754028,2.460324425601684,-0.0038540703244507313,0.00458896579220891,-0.003696704050526023,0.458896579220891,1.0,0.4350414276123047,-0.02701425552368164,0.45157337188720703,0.44994616508483887,-0.021111011505126953,0.4515734016895294,1,1.5859923152561351e-09,0.0
1.0063416957855225,1.0063416957855225,1.0109905004501343,0.010213887318968773,1.0,1.0,0.0,0.0,0.0,281,38176,27,2,35.54911422729492,0.3188527338479268,-0.0029247680213302374,-0.0036167434882372618,-0.0008957576937973499,0.3616743488237262,1.0,0.4489295482635498,-0.030045390129089355,0.4543743431568146,0.215623140335083,-0.3019167184829712,0.4543742537498474,1,1.0,1.0
0.03078489564359188,7.913824262573144e-09,0.03264184668660164,0.06165064871311188,0.0,0.0,1.0,1.0,1.0,600,38560,2,2,0.8156182169914246,1.6620840592837018,-0.001186917070299387,0.002235658699646592,0.0011470930185168982,0.22356586996465921,1.0,0.4425163269042969,-0.0273820161819458,0.4564172029495239,0.45261287689208984,-0.023464292287826538,0.45641717314720154,1,1.5827648525146288e-09,0.0
0.10902127623558044,7.927361878046213e-09,0.10904545336961746,0.11902514845132828,0.0,0.0,1.0,1.0,1.0,600,38720,4,2,1.1308770179748535,0.5717942489269363,-0.0018164089415222406,0.004820794332772493,0.003837046679109335,0.48207943327724934,1.0,0.44849729537963867,-0.02219390869140625,0.4591071307659149,0.4519834518432617,-0.020879268646240234,0.4591071307659149,1,1.5854723756092428e-09,0.0
0.03098481521010399,7.913875776921486e-09,0.03311678767204285,0.06558271497488022,0.0,0.0,1.0,1.0,1.0,600,38784,11,2,1.0587986707687378,1.8601610393179526,-0.002158620860427618,0.004291681572794914,-0.002958306111395359,0.4291681572794914,1.0,0.44034910202026367,-0.025812625885009766,0.45231181383132935,0.4516417980194092,-0.0214083194732666,0.45231178402900696,1,1.5827751553842974e-09,0.0
0.7372459769248962,7.913875776921486e-09,0.7376943230628967,0.7701994776725769,0.0,0.0,1.0,1.0,1.0,600,38784,17,2,4.693187713623047,1.862418416838642,0.0007261391147039831,0.0008650736999697983,-0.0008005147683434188,0.08650736999697983,1.0,0.4432200789451599,-0.029244661331176758,0.4544695019721985,0.45452627539634705,-0.024834901094436646,0.45446959137916565,1,0.0761194066139794,0.7611940503120422
0.020351508632302284,7.913876665099906e-09,0.021196875721216202,0.03640299290418625,0.0,0.0,0.0,1.0,1.0,600,38816,21,2,1.5799800157546997,0.8712462840046914,-0.003666548989713192,-0.003703222144395113,-0.00044353175326250494,0.3703222144395113,1.0,0.4448263645172119,-0.031420230865478516,0.4548265337944031,0.45013368129730225,-0.029402971267700195,0.45482656359672546,1,1.5827753330199813e-09,0.0
0.5841663479804993,7.913929955805088e-09,0.5991678833961487,0.6391843557357788,0.0,0.0,1.0,1.0,1.0,600,38880,10,2,3.716315507888794,2.292773055072101,-0.002543804934248328,-0.004148854408413172,0.0008481574477627873,0.4148854408413172,1.0,0.43735837936401367,-0.03532981872558594,0.456118106842041,0.45125651359558105,-0.029848575592041016,0.45611825585365295,1,0.07184466281859532,0.7184466123580933
0.00034764240263029933,7.926174383499074e-09,0.00036007960443384945,0.02660852111876011,0.0,0.0,0.0,1.0,1.0,600,38976,12,2,1.6084476709365845,1.503925479523356,0.002804913790896535,-0.004839418921619654,-0.0036215295549482107,0.48394189216196537,1.0,0.4474639892578125,-0.034071773290634155,0.4516485333442688,0.4566051959991455,-0.030539363622665405,0.4516485631465912,1,1.5852348766998148e-09,0.0
0.022559333592653275,7.913871336029388e-09,0.02487550862133503,0.025114193558692932,0.0,0.0,0.0,1.0,1.0,600,38976,22,2,1.2831670045852661,0.013675409425274157,-0.004079887643456459,0.0029112640768289566,0.0038757978472858667,0.4079887643456459,1.0,0.44963645935058594,-0.02281978726387024,0.45914578437805176,0.44972026348114014,-0.022788673639297485,0.4591458737850189,1,1.5827742672058777e-09,0.0
0.019688570871949196,7.913876665099906e-09,0.01391245424747467,0.034632761031389236,0.0,0.0,0.0,1.0,1.0,600,39008,23,2,1.2933931350708008,1.187186982708239,-0.0043854559771716595,0.0018578647868707776,-0.003857620293274522,0.43854559771716595,1.0,0.44219088554382324,-0.026610493659973145,0.4514124095439911,0.44941461086273193,-0.023842215538024902,0.45141246914863586,1,1.5827753330199813e-09,0.0
0.7801206707954407,7.913875776921486e-09,0.78022700548172,0.8061942458152771,0.0,0.0,1.0,1.0,1.0,600,39040,1,2,5.176694869995117,1.4878165850875869,0.001374918268993497,-0.004881571978330612,0.0019728129263967276,0.4881571978330612,1.0,0.44613075256347656,-0.03407478332519531,0.45724284648895264,0.45517444610595703,-0.03058147430419922,0.4572429358959198,1,0.07866667071310049,0.7866666913032532
0.03491191193461418,7.913876665099906e-09,0.0026908651925623417,0.043535251170396805,0.0,0.0,0.0,1.0,1.0,600,39040,19,2,1.6019997596740723,2.3402112801787784,-0.004686344414949417,0.00043810883653350174,0.004901278764009476,0.49012787640094757,1.0,0.4349305331707001,-0.030861854553222656,0.46017134189605713,0.44911375641822815,-0.025261878967285156,0.4601713716983795,1,1.5827753330199813e-09,0.0
0.07018297910690308,7.921228117879764e-09,0.07148870080709457,0.08440683782100677,0.0,0.0,1.0,1.0,1.0,600,39040,29,2,2.1949422359466553,0.7401547300689011,0.0006200275383889675,-0.0028377638664096594,-0.0013093326706439257,0.28377638664096594,1.0,0.44990992546081543,-0.03024601936340332,0.45396074652671814,0.4544203281402588,-0.028537511825561523,0.45396074652671814,1,0.013636365627004566,0.13636364042758942
0.4997043311595917,7.913875776921486e-09,0.5243732333183289,0.5540555715560913,0.0,0.0,1.0,1.0,1.0,600,39072,16,2,3.935304641723633,1.7006793238493283,-0.0013463633367791772,-0.0010241031413897872,-0.00024159299209713936,0.13463633367791772,1.0,0.4421234726905823,-0.030736207962036133,0.4550284147262573,0.45245376229286194,-0.026723861694335938,0.4550285041332245,1,0.06777777830091482,0.6777777671813965
0.12073955684900284,7.913875776921486e-09,0.12136586755514145,0.1569443792104721,0.0,0.0,1.0,1.0,1.0,600,39104,3,2,3.2595598697662354,2.038496638216751,-0.0037889049854129553,-0.0009513329714536667,0.0012374413199722767,0.37889049854129553,1.0,0.43764400482177734,-0.03149700164794922,0.45650750398635864,0.4500107765197754,-0.02665126323699951,0.45650753378868103,1,0.03200000086751942,0.3199999928474426
1.0030128955841064,1.0030128955841064,1.003260850906372,0.021986179053783417,1.0,1.0,0.0,0.0,0.0,307,39232,5,2,36.09550094604492,1.245513383125563,0.0005433137994259596,0.0016801514429971576,-0.00452827475965023,0.45282747596502304,1.0,0.4467658996582031,-0.026927947998046875,0.4507417678833008,0.21935081481933594,-0.29540395736694336,0.450741708278656,1,1.0,1.0
0.9967793822288513,7.913823374394724e-09,0.9970117211341858,1.0145491361618042,0.0,0.0,1.0,1.0,1.0,600,39488,8,2,3.78507661819458,1.0048049236130314,0.0027493590023368597,-0.004343749955296516,-0.000328637077473104,0.43437499552965164,1.0,0.45043182373046875,-0.03237724304199219,0.45494139194488525,0.45654916763305664,-0.030043721199035645,0.4549414813518524,1,0.01828571567263513,0.18285714089870453
1.001522421836853,1.001522421836853,1.00162672996521,0.028190432116389275,1.0,1.0,0.0,0.0,0.0,294,39584,14,2,35.354488372802734,1.6092160472302761,-0.0043639978393912315,-0.0025858075823634863,-0.0043386369943618774,0.43639978393912315,1.0,0.43965888023376465,-0.0320744514465332,0.4509314000606537,0.21456098556518555,-0.29912638664245605,0.4509313702583313,1,1.0,1.0
1.002395510673523,1.002395510673523,1.0024052858352661,0.01665004901587963,1.0,1.0,0.0,1.0,0.0,312,39680,18,2,36.26494598388672,0.9534194894963215,0.0006614192971028388,0.0023117579985409975,-0.002308291383087635,0.23117579985409975,1.0,0.4486556649208069,-0.02559971809387207,0.4529617726802826,0.21951717138290405,-0.294547438621521,0.45296168327331543,1,1.0,1.0
1.0011056661605835,1.0011056661605835,1.001680612564087,0.03521619364619255,1.0,1.0,0.0,1.0,0.0,336,40000,30,2,36.108245849609375,1.9848004657264608,0.003628660226240754,0.0007866647210903466,0.0015823807334527373,0.3628660226240754,1.0,0.4453849792480469,-0.029625892639160156,0.45685243606567383,0.22258663177490234,-0.29560184478759766,0.4568524956703186,1,1.0,1.0
1.001028060913086,1.001028060913086,1.0010557174682617,0.03338020667433739,1.0,1.0,0.0,1.0,0.0,343,40064,31,2,36.4349365234375,1.9109545948543987,0.0031295546796172857,0.004037282895296812,0.0016887292731553316,0.4037282895296812,1.0,0.4453306198120117,-0.026192665100097656,0.4569587707519531,0.2220935821533203,-0.29232287406921387,0.4569587707519531,1,1.0,1.0
0.014353537932038307,7.913870447850968e-09,0.006866245064884424,0.02285151183605194,0.0,0.0,0.0,1.0,1.0,600,40128,13,2,1.029821753501892,0.9158888806675708,-0.002273984719067812,0.002900217892602086,-0.0007419742178171873,0.2900217892602086,1.0,0.44594812393188477,-0.024922490119934082,0.4545280337333679,0.451526403427124,-0.02279984951019287,0.4545281231403351,1,1.5827740895701938e-09,0.0
0.6289035677909851,7.913875776921486e-09,0.6556563973426819,0.695404052734375,0.0,0.0,1.0,1.0,1.0,600,40128,28,2,4.1058549880981445,2.277367776842549,0.0003241274389438331,0.0006890398799441755,0.0005214557168073952,0.06890398799441755,1.0,0.4403188228607178,-0.030452966690063477,0.4557914733886719,0.45412445068359375,-0.02501094341278076,0.45579156279563904,1,0.07272727647748951,0.7272727489471436
1.0021394491195679,1.0021394491195679,1.0022261142730713,0.022709965705871582,1.0,1.0,0.0,1.0,0.0,335,40192,7,2,36.58898162841797,1.2962173991508585,0.001960255904123187,0.003902551019564271,0.004090033005923033,0.4090033005923033,1.0,0.4478759765625,-0.024827688932418823,0.4593600630760193,0.22083616256713867,-0.29286321997642517,0.4593600630760193,1,1.0,1.0
1.002514123916626,1.002514123916626,1.002967119216919,0.006814001128077507,1.0,1.0,0.0,1.0,0.0,330,40416,24,2,36.771812438964844,0.36445844054463084,0.0017619837308302522,0.0010764086619019508,-0.004126233980059624,0.41262339800596237,1.0,0.4533383846282959,-0.025458097457885742,0.4511438310146332,0.22060871124267578,-0.29582643508911133,0.4511438012123108,1,1.0,1.0
1.0016480684280396,1.0016480684280396,1.0019094944000244,0.03022010251879692,1.0,1.0,0.0,0.0,0.0,311,40928,6,2,35.88105010986328,1.71650380493919,0.0008624223992228508,-0.004527464509010315,-0.003518155077472329,0.4527464509010315,1.0,0.44423675537109375,-0.03427863121032715,0.4517518877983093,0.21977710723876953,-0.3011138439178467,0.4517519474029541,1,1.0,1.0
1.0015438795089722,1.0015438795089722,1.0421339273452759,0.0809512510895729,1.0,1.0,1.0,1.0,0.0,332,41088,20,2,36.03620910644531,2.312523187387428,-0.0012219160562381148,-0.002251091878861189,-3.864026894007111e-06,0.2251091878861189,1.0,0.4385615587234497,-0.033481597900390625,0.45526617765426636,0.21770119667053223,-0.298799991607666,0.45526617765426636,1,1.0,1.0
1.0028555393218994,1.0028555393218994,1.0031859874725342,0.04157687723636627,1.0,1.0,0.0,1.0,0.0,346,42112,9,2,36.25164794921875,2.36325335023064,0.0032328986562788486,0.0030448497273027897,-4.3194828322157264e-05,0.32328986562788486,1.0,0.44271135330200195,-0.028313159942626953,0.4552268385887146,0.22205305099487305,-0.29398202896118164,0.4552268981933594,1,1.0,1.0
1.005935788154602,1.005935788154602,1.0094153881072998,0.013266243040561676,1.0,1.0,0.0,0.0,0.0,278,47680,11,2,34.258270263671875,0.560731583627337,0.0029951196629554033,-0.002155868336558342,-0.004390876740217209,0.4390876740217209,1.0,0.45337629318237305,-0.0291445255279541,0.45087918639183044,0.2215743064880371,-0.3003072738647461,0.45087915658950806,1,0.9427586197853088,0.4275861978530884
1.0044819116592407,1.0044819116592407,1.0047929286956787,0.020781150087714195,1.0,1.0,0.0,0.0,0.0,300,47776,27,2,35.68584442138672,1.1728551113954366,-0.0032412309665232897,-0.0015122845070436597,-0.0034782367292791605,0.34782367292791605,1.0,0.4434220790863037,-0.02994638681411743,0.4517918527126312,0.21545100212097168,-0.2991330623626709,0.45179176330566406,1,1.0,1.0
1.0001208782196045,1.0001208782196045,1.0098071098327637,0.01636854000389576,1.0,1.0,0.0,0.0,0.0,308,48032,26,2,36.49874496459961,0.38286718773999034,0.0010832976549863815,-0.0011438746005296707,0.0011083870194852352,0.11438746005296707,1.0,0.452547550201416,-0.027720212936401367,0.45637843012809753,0.22011947631835938,-0.29717278480529785,0.45637834072113037,1,1.0,1.0
1.0023269653320312,1.0023269653320312,1.0310611724853516,0.0703146681189537,1.0,1.0,1.0,0.0,0.0,289,48288,1,2,35.04975891113281,2.3823851369826685,-0.00017017053323797882,0.002687084022909403,-0.003177015343680978,0.3177015343680978,1.0,0.4391932487487793,-0.028719186782836914,0.4520930051803589,0.2186908721923828,-0.2941474914550781,0.4520930051803589,1,1.0,1.0
1.0016021728515625,1.0016021728515625,1.0243406295776367,0.047287050634622574,1.0,1.0,0.0,0.0,0.0,301,48736,3,2,36.00529098510742,1.4065282626194435,0.00444081099703908,0.0019498442998155951,-0.0022374435793608427,0.44408109970390797,1.0,0.4496889114379883,-0.02704644203186035,0.45303264260292053,0.2233591079711914,-0.2946195602416992,0.4530326724052429,1,1.0,1.0
1.0015089511871338,1.0015089511871338,1.001678228378296,0.02407805621623993,1.0,1.0,0.0,1.0,0.0,315,48800,4,2,36.17622756958008,1.3698762935943916,0.0022792830131947994,-0.0005782843800261617,-0.004610810428857803,0.46108104288578033,1.0,0.44774961471557617,-0.02948594093322754,0.45065930485725403,0.2212052345275879,-0.29711365699768066,0.45065921545028687,1,1.0,1.0
0.03510722890496254,7.9250304096945e-09,0.03776870295405388,0.0649472177028656,0.0,0.0,1.0,1.0,1.0,600,49024,15,2,0.932956337928772,1.5572130146022087,-0.0020299491006881,0.0038959530647844076,-0.003383046016097069,0.38959530647844076,1.0,0.4423067569732666,-0.025465965270996094,0.45188701152801514,0.451770156621933,-0.02180337905883789,0.4518870413303375,1,1.5850060819389002e-09,0.0
1.0024620294570923,1.0024620294570923,1.019384503364563,0.04042632505297661,1.0,1.0,0.0,0.0,0.0,319,49024,21,2,36.44200897216797,1.346667417516394,0.0034043805208057165,-0.0038990711327642202,-0.002164526144042611,0.389907113276422,1.0,0.4490147829055786,-0.032750606536865234,0.45310553908348083,0.22225499153137207,-0.3007824420928955,0.45310550928115845,1,1.0,1.0
1.003512978553772,1.003512978553772,1.0046398639678955,0.0016383917536586523,1.0,1.0,0.0,1.0,0.0,323,49216,10,2,36.98399353027344,0.029305053365965325,0.002128888852894306,0.0019142276141792536,-0.0024992350954562426,0.24992350954562426,1.0,0.4557502269744873,-0.023851871490478516,0.4527708888053894,0.22089719772338867,-0.2953524589538574,0.45277076959609985,1,1.0,1.0
1.0049858093261719,1.0049858093261719,1.036867618560791,0.0450202152132988,1.0,1.0,0.0,0.0,0.0,305,49344,14,2,36.355342864990234,0.7527797477802879,0.0034060634206980467,-0.0018591054249554873,0.0009459069697186351,0.34060634206980467,1.0,0.4526193141937256,-0.0292971134185791,0.4562159478664398,0.2220592498779297,-0.299663782119751,0.45621591806411743,1,1.0,1.0
1.0044338703155518,1.0044338703155518,1.004441738128662,0.01866236887872219,1.0,1.0,0.0,1.0,0.0,325,49376,12,2,36.58518981933594,1.0688295160671442,0.003175167366862297,0.00037200585938990116,-0.004826946649700403,0.4826946649700403,1.0,0.4504692554473877,-0.027813822031021118,0.4504430294036865,0.22187137603759766,-0.29723092913627625,0.45044320821762085,1,1.0,1.0
1.0050216913223267,1.0050216913223267,1.0050300359725952,0.004672351758927107,1.0,1.0,0.0,1.0,0.0,324,49440,16,2,36.8996696472168,0.2672260019544449,0.004566429182887077,0.002851062221452594,-0.0029412484727799892,0.45664291828870773,1.0,0.4567355513572693,-0.02345895767211914,0.4523288905620575,0.22321653366088867,-0.2949666976928711,0.4523288607597351,1,1.0,1.0
1.0008512735366821,1.0008512735366821,1.024892807006836,0.046071648597717285,1.0,1.0,0.0,1.0,0.0,365,49504,0,2,37.209041595458984,1.2622397693509837,-0.0018277926137670875,-0.00039281960926018655,0.0035806840751320124,0.35806840751320124,1.0,0.44429445266723633,-0.029041767120361328,0.4588507115840912,0.21715021133422852,-0.2966885566711426,0.45885080099105835,1,1.0,1.0
1.0034388303756714,1.0034388303756714,1.0039927959442139,0.03928094729781151,1.0,1.0,0.0,0.0,0.0,307,49504,18,2,35.73967361450195,2.218899649999947,0.002006838796660304,0.0048088086768984795,-0.0033063245937228203,0.48088086768984795,1.0,0.44235318899154663,-0.026186823844909668,0.4519636631011963,0.22078067064285278,-0.2924308776855469,0.45196378231048584,1,1.0,1.0
1.002533197402954,1.002533197402954,1.0030601024627686,0.008878408931195736,1.0,1.0,0.0,1.0,0.0,327,49504,19,2,36.771156311035156,0.47850837901654836,-0.0006183122750371695,-0.004559183958917856,-0.004429912194609642,0.4559183958917856,1.0,0.45026320219039917,-0.0313568115234375,0.4508402347564697,0.21822679042816162,-0.3014686107635498,0.45084017515182495,1,1.0,1.0
0.5826643109321594,7.913877553278326e-09,0.5828821063041687,0.6130459308624268,0.0,0.0,1.0,1.0,1.0,600,49728,25,2,4.197735786437988,1.7282632562558364,0.0024738055653870106,-0.0016961292130872607,0.004468160215765238,0.4468160215765238,1.0,0.44577741622924805,-0.03147602081298828,0.4597381353378296,0.45627427101135254,-0.02739572525024414,0.45973828434944153,1,0.07075472036329308,0.7075471878051758
1.0018043518066406,1.0018043518066406,1.0022250413894653,0.003995588049292564,1.0,1.0,0.0,0.0,0.0,312,49984,30,2,36.584266662597656,0.20482787497686786,0.002184823155403137,-0.0007824290660209954,-0.0015494615072384477,0.21848231554031372,1.0,0.45473432540893555,-0.026949405670166016,0.4537205696105957,0.22108745574951172,-0.2974262237548828,0.4537206292152405,1,1.0,1.0
1.002087116241455,1.002087116241455,1.0021045207977295,0.0030114264227449894,1.0,1.0,0.0,0.0,0.0,302,50592,6,3,36.360225677490234,0.17155091319608806,0.0005547606269828975,-0.0006496691494248807,0.0033203191123902798,0.332031911239028,1.0,0.4533071517944336,-0.026740312576293945,0.45859038829803467,0.2194347381591797,-0.297396183013916,0.4585902690887451,1,1.0,1.0
1.0001788139343262,1.0001788139343262,1.003988265991211,0.006503659766167402,1.0,1.0,0.0,0.0,0.0,315,51168,20,3,36.665836334228516,0.15436598382156408,-0.001398522057570517,-0.004483028780668974,-0.0018443650333210826,0.4483028780668974,1.0,0.4514591693878174,-0.030534744262695312,0.45342564582824707,0.21763312816619873,-0.3005332946777344,0.45342564582824707,1,1.0,1.0
1.0041518211364746,1.0041518211364746,1.004168152809143,0.03337617218494415,1.0,1.0,0.0,1.0,0.0,346,51488,24,3,36.52349090576172,1.911378280026351,0.003523636842146516,-0.0008263135678134859,-0.000851404678542167,0.3523636842146516,1.0,0.4457223415374756,-0.031057119369506836,0.4544186592102051,0.22224164009094238,-0.2983264923095703,0.4544186592102051,1,1.0,1.0
1.0006834268569946,1.0006834268569946,1.0028643608093262,0.014291174709796906,1.0,1.0,0.0,0.0,0.0,261,56032,11,3,33.868865966796875,0.6938604549264952,-0.00418976740911603,0.004719509277492762,-0.00012943538604304194,0.47195092774927616,1.0,0.44538116455078125,-0.022580385208129883,0.4551406800746918,0.21480178833007812,-0.29151487350463867,0.4551405906677246,1,0.9517241358757019,0.517241358757019
1.007060170173645,1.007060170173645,1.0102601051330566,0.038962461054325104,1.0,1.0,0.0,0.0,0.0,262,56416,26,3,33.28242874145508,2.0490452250596007,0.002297608647495508,0.0023024827241897583,0.004294876009225845,0.42948760092258453,1.0,0.4436664581298828,-0.028269290924072266,0.45956486463546753,0.22078967094421387,-0.29625988006591797,0.4595649838447571,1,0.926618704199791,0.26618704199790955
0.0007698482368141413,7.913875776921486e-09,0.0008105437736958265,0.017506493255496025,0.0,0.0,0.0,1.0,1.0,600,57760,2,3,1.9016088247299194,0.9566079071782481,-0.0024023111909627914,-0.0028169413562864065,0.0013157507637515664,0.28169413562864065,1.0,0.4455723762512207,-0.030736058950424194,0.4565858244895935,0.4513974189758301,-0.02851688861846924,0.4565858542919159,1,1.5827751553842974e-09,0.0
1.0016818046569824,1.0016818046569824,1.0017895698547363,0.019451262429356575,1.0,1.0,0.0,0.0,0.0,277,57888,15,3,35.0840950012207,1.108304487653527,-0.00440949434414506,0.003148277522996068,-0.003965798299759626,0.44094943441450596,1.0,0.4426450729370117,-0.0251312255859375,0.45130422711372375,0.21450281143188477,-0.29344987869262695,0.4513043165206909,1,1.0,1.0
0.5613792538642883,7.913869559672548e-09,0.5613999962806702,0.5997074842453003,0.0,0.0,1.0,1.0,1.0,600,57984,17,3,2.5506553649902344,2.1948819301138323,-0.003072789404541254,0.0029896600171923637,-0.004011997487396002,0.4011997487396002,1.0,0.43741828203201294,-0.02794581651687622,0.4512580633163452,0.45072731375694275,-0.022710293531417847,0.4512580931186676,1,0.036170213017138235,0.3617021143436432
0.02192668803036213,7.913875776921486e-09,0.008492201566696167,0.03186926245689392,0.0,0.0,0.0,1.0,1.0,600,58176,22,3,0.8556681871414185,1.3394068197069646,-0.0011234588455408812,0.003669171594083309,-0.004839350935071707,0.4839350935071707,1.0,0.4445309638977051,-0.025164872407913208,0.45043066143989563,0.4526766538619995,-0.022030800580978394,0.4504307210445404,1,1.5827751553842974e-09,0.0
0.0016571007436141372,7.913875776921486e-09,0.003025542013347149,0.03310009464621544,0.0,0.0,0.0,1.0,1.0,600,58208,23,3,1.3386114835739136,1.7231450966899697,0.0012299299705773592,0.004541703499853611,0.0021792941261082888,0.4541703499853611,1.0,0.44456422328948975,-0.025225400924682617,0.45744937658309937,0.45503008365631104,-0.021158337593078613,0.45744940638542175,1,1.5827751553842974e-09,0.0
1.0000277757644653,1.0000277757644653,1.0001177787780762,0.03451450169086456,1.0,1.0,0.0,0.0,0.0,297,58240,3,3,35.41963195800781,1.9723816877114968,-0.0028444244526326656,0.0014671232784166932,-0.004753347486257553,0.4753347486257553,1.0,0.43898677825927734,-0.028914451599121094,0.45051664113998413,0.21619892120361328,-0.2945280075073242,0.4505167007446289,1,1.0,1.0
4.9044660954677965e-06,7.913875776921486e-09,1.3004765605728608e-05,0.031802672892808914,0.0,0.0,0.0,1.0,1.0,600,58240,29,3,0.7656949758529663,1.8214144433735282,-0.0028934136498719454,0.00026233470998704433,-0.0048459251411259174,0.48459251411259174,1.0,0.4398479461669922,-0.029746532440185547,0.45042407512664795,0.45090699195861816,-0.02543783187866211,0.4504241645336151,1,1.5827751553842974e-09,0.0
0.03660000488162041,7.913876665099906e-09,0.00527942692860961,0.04594361409544945,0.0,0.0,0.0,1.0,1.0,600,58432,5,3,1.160312533378601,2.329886595474658,-0.00498170917853713,0.0027418320532888174,0.0014214447000995278,0.49817091785371304,1.0,0.43469715118408203,-0.028532028198242188,0.4566915035247803,0.44881772994995117,-0.022957801818847656,0.45669153332710266,1,1.5827753330199813e-09,0.0
1.0016889572143555,1.0016889572143555,1.0250434875488281,0.0337023101747036,1.0,1.0,0.0,0.0,0.0,295,58656,10,3,36.15106964111328,0.5928717858187725,0.0037211128510534763,-0.001107904128730297,0.0030312216840684414,0.37211128510534763,1.0,0.453906774520874,-0.028172016143798828,0.4583013355731964,0.22263288497924805,-0.29770946502685547,0.45830124616622925,1,1.0,1.0
0.9443532824516296,7.913876665099906e-09,0.944588840007782,0.9490092992782593,0.0,0.0,1.0,1.0,1.0,600,58688,8,3,3.823497772216797,0.25327902247354334,0.0033947525080293417,-0.0027245187666267157,3.370557169546373e-05,0.33947525080293417,1.0,0.45564889907836914,-0.029002666473388672,0.45530369877815247,0.45719432830810547,-0.028424620628356934,0.455303817987442,1,0.020231215748462896,0.2023121416568756
1.003050684928894,1.003050684928894,1.0334433317184448,0.05173699930310249,1.0,1.0,1.0,0.0,0.0,300,58976,12,3,35.98076629638672,1.222942489404727,0.002946465741842985,-0.0006491101230494678,0.0003593026485759765,0.2946465741842985,1.0,0.4493062496185303,-0.02920326590538025,0.45562925934791565,0.22175121307373047,-0.297747403383255,0.4556293487548828,1,1.0,1.0
0.014699225313961506,7.913870447850968e-09,0.014028206467628479,0.028916126117110252,0.0,0.0,0.0,1.0,1.0,600,59264,31,3,0.8921434283256531,0.8530157086971341,-0.004471971187740564,-0.0031562293879687786,-0.0019894700963050127,0.44719711877405643,1.0,0.44413137435913086,-0.03083038330078125,0.45328059792518616,0.4493274688720703,-0.02885603904724121,0.45328059792518616,1,1.5827740895701938e-09,0.0
0.43309256434440613,7.913870447850968e-09,0.4352630376815796,0.45905229449272156,0.0,0.0,1.0,1.0,1.0,600,59328,13,3,2.307295322418213,1.3630248668049283,-0.0030128369107842445,0.004022189415991306,0.0010630132164806128,0.40221894159913063,1.0,0.44249892234802246,-0.024869084358215332,0.4563330411911011,0.4507875442504883,-0.021677851676940918,0.45633313059806824,1,0.021794873568686413,0.21794871985912323
0.01875978894531727,7.913875776921486e-09,0.003243064973503351,0.02339949831366539,0.0,0.0,0.0,1.0,1.0,600,59328,28,3,1.6502633094787598,1.1548790139953151,0.0005329158157110214,0.002329467097297311,0.0006097825244069099,0.23294670972973108,1.0,0.44730520248413086,-0.0260617733001709,0.4558798372745514,0.4543333053588867,-0.02337062358856201,0.45587989687919617,1,1.5827751553842974e-09,0.0
0.02368905395269394,7.913875776921486e-09,0.0006917199352756143,0.027857784181833267,0.0,0.0,0.0,1.0,1.0,600,59392,7,3,2.017479419708252,1.5565015009897638,-0.004978894721716642,0.0006890441873110831,0.0003209536662325263,0.49788947217166424,1.0,0.4393620491027832,-0.028671175241470337,0.45559102296829224,0.4488205909729004,-0.025010913610458374,0.4555910527706146,1,1.5827751553842974e-09,0.0
1.001414179801941,1.001414179801941,1.0015089511871338,0.03802693635225296,1.0,1.0,0.0,1.0,0.0,318,59680,18,3,35.82659149169922,2.173349972198779,0.0014165991451591253,-0.00457895640283823,-0.0037439432926476,0.457895640283823,1.0,0.4420371353626251,-0.035460710525512695,0.45152610540390015,0.22035008668899536,-0.30107998847961426,0.45152604579925537,1,1.0,1.0
1.0024397373199463,1.0024397373199463,1.0028021335601807,0.01954602636396885,1.0,1.0,0.0,1.0,0.0,332,59968,14,3,36.61456298828125,1.099143282985836,0.0011278867023065686,-0.000371178932255134,0.0048978980630636215,0.48978980630636215,1.0,0.44823789596557617,-0.028629064559936523,0.4601680338382721,0.21998023986816406,-0.29724693298339844,0.4601680040359497,1,1.0,1.0
1.0026875734329224,1.0026875734329224,1.0031373500823975,0.03428281843662262,1.0,1.0,0.0,1.0,0.0,335,60160,16,4,36.26021957397461,1.9384958385785942,0.0009603919461369514,-0.002515347907319665,0.002915238495916128,0.2915238495916128,1.0,0.442995548248291,-0.03281283378601074,0.45818525552749634,0.21979326009750366,-0.2994811534881592,0.4581853151321411,1,1.0,1.0
1.0052911043167114,1.0052911043167114,1.005392074584961,0.010472209192812443,1.0,1.0,0.0,0.0,0.0,305,60352,6,4,36.12744140625,0.5942247502438168,-0.001274310052394867,-0.0011437302455306053,-0.003696114057675004,0.3696114057675004,1.0,0.44890308380126953,-0.02821063995361328,0.45157402753829956,0.21735429763793945,-0.2990596294403076,0.4515739679336548,1,1.0,1.0
1.0002946853637695,1.0002946853637695,1.0004429817199707,0.03562581166625023,1.0,1.0,0.0,1.0,0.0,350,61184,30,4,36.64778137207031,2.032717871292097,0.0004532231541816145,-0.004699177108705044,0.00483045494183898,0.48304549418389797,1.0,0.44192075729370117,-0.03523063659667969,0.4601004719734192,0.21947479248046875,-0.30079221725463867,0.4601004719734192,1,1.0,1.0
5.388517820392735e-06,7.913868671494129e-09,1.827307278290391e-05,0.008814468048512936,0.0,0.0,0.0,1.0,1.0,600,61312,9,4,1.7224199771881104,0.5039856783117835,-0.0002873764606192708,-0.00205132644623518,0.0010653170756995678,0.205132644623518,1.0,0.4504384994506836,-0.02890801429748535,0.4563354551792145,0.45351219177246094,-0.02775120735168457,0.4563353955745697,1,1.5827737342988258e-09,0.0
1.0008411407470703,1.0008411407470703,1.0087531805038452,0.028935503214597702,1.0,1.0,0.0,0.0,0.0,293,65408,11,4,35.83580017089844,1.2045564739326988,0.003785957582294941,0.0021826447919011116,0.001813874812796712,0.3785957582294941,1.0,0.4502573013305664,-0.02632761001586914,0.45708394050598145,0.2227649688720703,-0.2941093444824219,0.45708394050598145,1,1.0,1.0
1.0032055377960205,1.0032055377960205,1.0078544616699219,0.03366798162460327,1.0,1.0,0.0,0.0,0.0,302,66080,26,4,35.85448455810547,1.662669107674796,-0.0006878692656755447,0.0015947096981108189,-0.004603731445968151,0.4603731445968151,1.0,0.4430117607116699,-0.028024673461914062,0.4506663382053375,0.21810436248779297,-0.295560359954834,0.4506663680076599,1,1.0,1.0
0.034790366888046265,7.913875776921486e-09,0.03651655092835426,0.07442823797464371,0.0,0.0,1.0,1.0,1.0,600,66976,27,4,0.5822882652282715,2.172179448529768,-0.000805078016128391,0.004851571284234524,-0.004928520880639553,0.4928520880639553,1.0,0.4398226737976074,-0.02602711319923401,0.45034152269363403,0.45299530029296875,-0.020848363637924194,0.4503415524959564,1,1.5827751553842974e-09,0.0
1.0011122226715088,1.0011122226715088,1.1306359767913818,0.1433114856481552,1.0,1.0,1.0,0.0,0.0,261,67008,10,4,34.443115234375,0.7899895511614595,0.0017842098604887724,-0.004006388131529093,-0.004397286567837,0.4397286567837,1.0,0.4507710933685303,-0.03153228759765625,0.4508727788925171,0.22074151039123535,-0.3003973960876465,0.4508727192878723,1,0.9911458313465119,0.9114583134651184
3.18284728564322e-05,7.913876665099906e-09,4.3715190258808434e-05,0.033686671406030655,0.0,0.0,0.0,1.0,1.0,600,67488,1,4,0.7495393753051758,1.9275993389748967,-0.00479875598102808,0.0007635304937139153,-0.002563609043136239,0.479875598102808,1.0,0.4373021125793457,-0.029507160186767578,0.4527064561843872,0.44900083541870117,-0.024936437606811523,0.4527064859867096,1,1.5827753330199813e-09,0.0
1.0054601430892944,1.0054601430892944,1.0066509246826172,0.006441118195652962,1.0,1.0,0.0,0.0,0.0,297,67680,22,4,36.34931564331055,0.3008247963792219,0.00024560486781410873,0.0037565354723483324,0.003460636828094721,0.37565354723483324,1.0,0.4522099494934082,-0.022630780935287476,0.4587307870388031,0.21886181831359863,-0.2942216098308563,0.45873063802719116,1,1.0,1.0
1.0029187202453613,1.0029187202453613,1.0431746244430542,0.0775010734796524,1.0,1.0,1.0,0.0,0.0,298,67776,29,4,35.56201171875,2.1339839634739985,0.0002837924985215068,-0.000382895115762949,-0.003328212769702077,0.3328212769702077,1.0,0.44114112854003906,-0.03116607666015625,0.4519417881965637,0.21909856796264648,-0.29743289947509766,0.4519418478012085,1,1.0,1.0
0.055159199982881546,7.913875776921486e-09,0.05517137795686722,0.08057153224945068,0.0,0.0,1.0,1.0,1.0,600,68000,4,4,1.5885546207427979,1.455321533224428,0.0018826565938070416,-0.004091913811862469,-0.00048276776215061545,0.40919138118624687,1.0,0.4468355178833008,-0.03320646286010742,0.45478731393814087,0.45568227767944336,-0.029791831970214844,0.45478734374046326,1,1.5827751553842974e-09,0.0
1.004876732826233,1.004876732826233,1.0050551891326904,0.001917170942761004,1.0,1.0,0.0,1.0,0.0,291,68000,8,4,35.627685546875,0.09962135728335736,0.0001413604331901297,-0.003081422531977296,0.0004915133467875421,0.3081422531977296,1.0,0.45333290100097656,-0.029008030891418457,0.455761581659317,0.21880245208740234,-0.3008464574813843,0.45576149225234985,1,0.9987654328346253,0.9876543283462524
0.01711237244307995,7.913875776921486e-09,0.003740134183317423,0.02540593408048153,0.0,0.0,0.0,1.0,1.0,600,68224,21,4,0.7488532066345215,1.2413595608931374,-0.004356316290795803,0.004180879332125187,0.0034840707667171955,0.4356316290795803,1.0,0.4418919086456299,-0.024417400360107422,0.45875421166419983,0.4494439363479614,-0.021518945693969727,0.45875415205955505,1,1.5827751553842974e-09,0.0
1.0019066333770752,1.0019066333770752,1.0024336576461792,0.006346742622554302,1.0,1.0,0.0,0.0,0.0,291,68288,12,4,35.90694808959961,0.3334480210110242,-0.0030307855922728777,-0.002341167302802205,-0.0035103661939501762,0.3510366193950176,1.0,0.44873499870300293,-0.028803527355194092,0.4517596662044525,0.21586370468139648,-0.2990219295024872,0.4517596364021301,1,1.0,1.0
1.0021982192993164,1.0021982192993164,1.013972520828247,0.022215254604816437,1.0,1.0,0.0,0.0,0.0,292,68608,31,4,36.14611053466797,0.598214221049339,0.004397841636091471,0.004744263831526041,0.0035741834435611963,0.4744263831526041,1.0,0.45455121994018555,-0.022331714630126953,0.45884424448013306,0.22326946258544922,-0.29204320907592773,0.45884424448013306,1,1.0,1.0
0.0020271840039640665,7.913876665099906e-09,0.005506429821252823,0.04237953945994377,0.0,0.0,0.0,1.0,1.0,600,68704,0,4,1.5956529378890991,2.1126742001503818,0.002197398105636239,0.0044977013021707535,-0.00040033800178207457,0.44977013021707535,1.0,0.44318294525146484,-0.026232242584228516,0.45486968755722046,0.4559969902038574,-0.021201610565185547,0.4548697769641876,1,1.5827753330199813e-09,0.0
0.7868240475654602,7.913875776921486e-09,0.7871426939964294,0.8228687644004822,0.0,0.0,1.0,1.0,1.0,600,68704,19,4,4.808823585510254,2.046958175381339,0.004268786869943142,-0.0014991853386163712,0.003605620004236698,0.4268786869943142,1.0,0.44565027952194214,-0.03206586837768555,0.4588755965232849,0.4580688774585724,-0.02719902992248535,0.45887574553489685,1,0.07318840781179432,0.7318840622901917
1.0024548768997192,1.0024548768997192,1.002497911453247,0.038567762821912766,1.0,1.0,0.0,1.0,0.0,348,68896,2,4,36.429481506347656,2.207304336666793,0.004732842091470957,-0.0047290208749473095,-0.0018934202380478382,0.4732842091470957,1.0,0.44514894485473633,-0.03569552302360535,0.4533765912055969,0.22358369827270508,-0.3016098439693451,0.4533765912055969,1,1.0,1.0
1.0022010803222656,1.0022010803222656,1.002287745475769,0.0038960683159530163,1.0,1.0,0.0,1.0,0.0,328,68928,5,4,37.0157470703125,0.2182620033006367,0.00403190590441227,0.0037257829681038857,-0.001837576855905354,0.40319059044122696,1.0,0.4564995765686035,-0.022471904754638672,0.45343244075775146,0.22290277481079102,-0.2930622100830078,0.45343244075775146,1,1.0,1.0
0.7835478782653809,7.913873112386227e-09,0.7838359475135803,0.8112612962722778,0.0,0.0,1.0,1.0,1.0,600,68928,25,4,4.813114166259766,1.5713443558298479,0.004336247686296701,-0.0024283623788505793,0.0005814285250380635,0.43362476862967014,1.0,0.44858789443969727,-0.03182554244995117,0.4558515250682831,0.45813655853271484,-0.02812814712524414,0.4558515250682831,1,0.07517730751958798,0.7517730593681335
1.0053929090499878,1.0053929090499878,1.0057315826416016,0.03533339872956276,1.0,1.0,0.0,1.0,0.0,351,69472,3,4,36.7554931640625,2.005054751379899,0.0004231980419717729,0.0018781465478241444,0.001236682292073965,0.18781465478241444,1.0,0.44205665588378906,-0.02858448028564453,0.45650672912597656,0.21904420852661133,-0.29607510566711426,0.4565066695213318,1,1.0,1.0
1.0038559436798096,1.0038559436798096,1.0040216445922852,0.014019251801073551,1.0,1.0,0.0,0.0,0.0,294,69760,6,4,35.92030334472656,0.7937521849813433,0.0031403203029185534,-0.0005876825889572501,0.0024603763595223427,0.31403203029185534,1.0,0.4521040916442871,-0.0281219482421875,0.4577304422855377,0.22188043594360352,-0.29798007011413574,0.45773035287857056,1,1.0,1.0
1.0016685724258423,1.0016685724258423,1.0337826013565063,0.04450564458966255,1.0,1.0,0.0,0.0,0.0,316,69792,18,4,36.5704231262207,0.7099975238925907,0.004633401054888964,0.0022957553155720234,-0.002481993054971099,0.46334010548889637,1.0,0.45410630106925964,-0.025041818618774414,0.4527880549430847,0.22354668378829956,-0.2942981719970703,0.4527880549430847,1,1.0,1.0
1.0016597509384155,1.0016597509384155,1.0019340515136719,0.031617335975170135,1.0,1.0,0.0,1.0,0.0,332,70016,7,4,36.28383255004883,1.795827700969014,0.0013470555422827601,0.0019775708205997944,-0.0026512823533266783,0.2651282353326678,1.0,0.4442424774169922,-0.027968227863311768,0.45261865854263306,0.2202610969543457,-0.2946131229400635,0.4526187777519226,1,1.0,1.0
0.2749803960323334,7.913875776921486e-09,0.2751092314720154,0.3166586756706238,0.0,0.0,1.0,1.0,1.0,600,70368,20,4,3.3162388801574707,2.3806099281287,0.004922301508486271,-0.00213027186691761,0.00024885713355615735,0.4922301508486271,1.0,0.44429636001586914,-0.03353309631347656,0.45551884174346924,0.45872247219085693,-0.027830123901367188,0.4555189311504364,1,0.051999999675426525,0.5199999809265137
0.04133177921175957,7.913875776921486e-09,0.04134976863861084,0.0833355188369751,0.0,0.0,1.0,1.0,1.0,600,70688,24,4,1.5494332313537598,2.405606286056831,-0.0035328553058207035,-0.00417041452601552,-0.0010226271115243435,0.417041452601552,1.0,0.435691237449646,-0.03563547134399414,0.4542473554611206,0.4502674341201782,-0.029870271682739258,0.45424744486808777,1,1.5827751553842974e-09,0.0
1.0021722316741943,1.0021722316741943,1.0023714303970337,0.031031491234898567,1.0,1.0,0.0,1.0,0.0,346,71040,14,4,36.56422805786133,1.7665613008708616,0.00010648526949808002,-0.0034673179034143686,0.0023533364292234182,0.34673179034143686,1.0,0.4431788921356201,-0.0333409309387207,0.45762330293655396,0.218980073928833,-0.3002450466156006,0.45762336254119873,1,1.0,1.0
1.0032110214233398,1.0032110214233398,1.0213539600372314,0.040607716888189316,1.0,1.0,0.0,0.0,0.0,309,71072,30,4,36.165218353271484,1.2871454138292007,0.004588473122566938,0.0009567535598762333,-0.0001942542294273153,0.45884731225669384,1.0,0.4505586624145508,-0.027751922607421875,0.455075740814209,0.22338056564331055,-0.2961997985839844,0.455075740814209,1,1.0,1.0
1.0038245916366577,1.0038245916366577,1.0434658527374268,0.079654261469841,1.0,1.0,1.0,0.0,0.0,358,71616,16,4,36.78853988647461,2.2925779677939326,-0.0018245354294776917,-0.0006628124974668026,0.0019728413317352533,0.19728413317352533,1.0,0.43807876110076904,-0.031842947006225586,0.4572429060935974,0.21691900491714478,-0.29804348945617676,0.4572429060935974,1,1.0,1.0
1.0043679475784302,1.0043679475784302,1.0064196586608887,0.034809429198503494,1.0,1.0,0.0,0.0,0.0,269,75616,10,4,33.42718505859375,1.8768789945286166,0.0022992112208157778,0.0018685883842408657,-0.00062525924295187,0.22992112208157778,1.0,0.4447059631347656,-0.028276443481445312,0.45464473962783813,0.22100043296813965,-0.29571056365966797,0.4546447992324829,1,0.9307142853736877,0.30714285373687744
1.0057203769683838,1.0057203769683838,1.0062885284423828,0.011318989098072052,1.0,1.0,0.0,0.0,0.0,259,75968,22,4,33.40415954589844,0.6159816241538049,-0.004917637445032597,-1.0819051567523275e-05,-0.002226465381681919,0.49176374450325966,1.0,0.4451272487640381,-0.02712845802307129,0.45304355025291443,0.21367812156677246,-0.2980839014053345,0.45304352045059204,1,0.9167832165956498,0.1678321659564972
0.0013467144453898072,7.913876665099906e-09,0.001983585301786661,0.030342983081936836,0.0,0.0,0.0,1.0,1.0,600,77088,15,4,1.075756549835205,1.6248740424591188,-0.0003043993783649057,0.0026606612373143435,0.003448640927672386,0.3448640927672386,1.0,0.44362351298332214,-0.026866436004638672,0.4587186872959137,0.45349571108818054,-0.023038864135742188,0.45871874690055847,1,1.5827753330199813e-09,0.0
0.7888232469558716,7.913875776921486e-09,0.7888375520706177,0.8301169276237488,0.0,0.0,1.0,1.0,1.0,600,77184,17,4,4.832818508148193,2.36513805555474,0.0023139086551964283,-0.002562114270403981,-0.0008596208645030856,0.2562114270403981,1.0,0.44178104400634766,-0.03392496705055237,0.4544103741645813,0.4561140239238739,-0.028262048959732056,0.45441046357154846,1,0.07947020092931753,0.7947019934654236
9.014503120852169e-06,7.913868671494129e-09,2.6361038180766627e-05,0.0067194988951087,0.0,0.0,0.0,1.0,1.0,600,77408,23,4,1.3283973932266235,0.3834891885217111,-0.0018615691224113107,0.004139981232583523,0.0036293657030910254,0.4139981232583523,1.0,0.44959890842437744,-0.02243781089782715,0.45889943838119507,0.4519385099411011,-0.021560072898864746,0.45889946818351746,1,1.5827737342988258e-09,0.0
1.004896879196167,1.004896879196167,1.0064620971679688,0.03268900886178017,1.0,1.0,0.0,0.0,0.0,296,77760,12,4,35.6280632019043,1.783257591575252,0.0008331038989126682,0.0031763201113790274,-0.0040877885185182095,0.40877885185182095,1.0,0.4438047409057617,-0.026738613843917847,0.45118218660354614,0.21949291229248047,-0.2945961356163025,0.45118218660354614,1,1.0,1.0
1.0058637857437134,1.0058637857437134,1.0058794021606445,0.0023770537227392197,1.0,1.0,0.0,1.0,0.0,323,77824,1,4,36.751888275146484,0.13529632244251327,-0.0021542811300605536,0.0025872804690152407,-0.004433473106473684,0.44334731064736843,1.0,0.4508199691772461,-0.023420333862304688,0.45083656907081604,0.2164297103881836,-0.29553794860839844,0.4508365988731384,1,1.0,1.0
1.0006258487701416,1.0006258487701416,1.0008480548858643,0.034885525703430176,1.0,1.0,0.0,1.0,0.0,342,77920,27,4,36.47319793701172,1.9860572205337432,-0.004080214072018862,0.0006176561000756919,0.003232746385037899,0.4080214072018862,1.0,0.4376683235168457,-0.029797732830047607,0.45850270986557007,0.21491599082946777,-0.29559579491615295,0.45850276947021484,1,1.0,1.0
1.0046011209487915,1.0046011209487915,1.0050413608551025,0.017227374017238617,1.0,1.0,0.0,0.0,0.0,291,78016,0,4,35.95191955566406,0.9618283061382534,0.003143190173432231,-0.0019887753296643496,0.003826463595032692,0.3826463595032692,1.0,0.45108652114868164,-0.029920578002929688,0.4590965211391449,0.22182559967041016,-0.2996530532836914,0.4590964913368225,1,1.0,1.0
1.0029128789901733,1.0029128789901733,1.0029995441436768,0.011935215443372726,1.0,1.0,0.0,1.0,0.0,308,78464,31,4,36.269378662109375,0.6788725652882542,-0.002020732033997774,0.002883883425965905,-0.004494127351790667,0.44941273517906666,1.0,0.44764137268066406,-0.024380922317504883,0.45077601075172424,0.2167949676513672,-0.29416418075561523,0.4507758617401123,1,1.0,1.0
1.4390905562322587e-05,7.913870447850968e-09,3.3590509701753035e-05,0.02835502289235592,0.0,0.0,0.0,1.0,1.0,600,78528,13,4,0.9107216596603394,1.6226995877038217,-0.0014777043834328651,0.003938863519579172,0.004389584064483643,0.43895840644836426,1.0,0.44246363639831543,-0.025582551956176758,0.4596596956253052,0.45232272148132324,-0.021761059761047363,0.4596596658229828,1,1.5827740895701938e-09,0.0
0.001100650755688548,7.913876665099906e-09,0.0014622706221416593,0.022896338254213333,0.0,0.0,0.0,1.0,1.0,600,78528,28,4,1.2704017162322998,1.2280817798683383,0.0007351907552219927,-0.0041575017385184765,-0.0032500808592885733,0.41575017385184765,1.0,0.4470639228820801,-0.03272414207458496,0.4520200192928314,0.45453548431396484,-0.029857516288757324,0.4520200192928314,1,1.5827753330199813e-09,0.0
1.0055060386657715,1.0055060386657715,1.0055255889892578,0.004698710981756449,1.0,1.0,0.0,1.0,0.0,326,79360,25,4,37.01802062988281,0.2680992789924281,0.004473967477679253,-0.000992707908153534,-0.003948465455323458,0.44739674776792526,1.0,0.4566378593444824,-0.027304649353027344,0.45132163166999817,0.22308683395385742,-0.29898738861083984,0.4513216018676758,1,1.0,1.0
1.0020818710327148,1.0020818710327148,1.0024809837341309,0.01984095200896263,1.0,1.0,0.0,1.0,0.0,328,79392,2,4,36.41565704345703,1.1139361920676143,0.0027877031825482845,-0.0007507733535021544,0.0033270642161369324,0.33270642161369324,1.0,0.44980812072753906,-0.02904409170150757,0.4585971534252167,0.22166776657104492,-0.29749563336372375,0.4585971236228943,1,1.0,1.0
1.0037769079208374,1.0037769079208374,1.0039279460906982,0.016845550388097763,1.0,1.0,0.0,0.0,0.0,305,79520,6,4,36.121070861816406,0.9565277591772061,0.00409352732822299,0.0023370736744254827,0.003299182513728738,0.409352732822299,1.0,0.4520688056945801,-0.025581836700439453,0.4585692286491394,0.2228407859802246,-0.2950263023376465,0.4585692882537842,1,1.0,1.0
1.0005016326904297,1.0005016326904297,1.0005316734313965,0.002026196103543043,1.0,1.0,0.0,1.0,0.0,309,80256,20,5,36.4677619934082,0.11437022365118092,0.0004374747513793409,0.0017320663901045918,-7.746139453956857e-05,0.17320663901045918,1.0,0.45353901386260986,-0.02422809600830078,0.45519259572029114,0.2194434404373169,-0.294435977935791,0.4551926255226135,1,1.0,1.0
0.8748078942298889,7.913876665099906e-09,0.8756914734840393,0.890518844127655,0.0,0.0,1.0,1.0,1.0,600,80512,9,5,3.380338191986084,0.84954084995689,2.065065928036347e-05,-0.004985223524272442,-0.0007306607440114021,0.4985223524272442,1.0,0.44864511489868164,-0.03265094757080078,0.45453938841819763,0.45382022857666016,-0.0306851863861084,0.4545394480228424,1,0.023566880914840917,0.23566879332065582
1.0004103183746338,1.0004103183746338,1.0008759498596191,0.03397746384143829,1.0,1.0,0.0,1.0,0.0,343,80768,18,5,36.42007064819336,1.920083996453767,0.0017620137659832835,0.00044959993101656437,0.0005856517236679792,0.17620137659832835,1.0,0.44390830397605896,-0.02980220317840576,0.45585572719573975,0.2207750678062439,-0.29568517208099365,0.45585566759109497,1,1.0,1.0
1.0032521486282349,1.0032521486282349,1.0032846927642822,0.025078313425183296,1.0,1.0,0.0,1.0,0.0,329,81568,14,5,36.371482849121094,1.4350209303506807,0.0030057025142014027,0.0028708125464618206,0.0018621856579557061,0.30057025142014027,1.0,0.44808149337768555,-0.026194095611572266,0.4571321904659271,0.22179436683654785,-0.29430103302001953,0.4571322798728943,1,1.0,1.0
1.0028369426727295,1.0028369426727295,1.0030765533447266,0.0012119115563109517,1.0,1.0,0.0,1.0,0.0,314,81664,16,5,36.758304595947266,0.0557040846886617,0.002682661870494485,0.004918043967336416,-0.0034568170085549355,0.4918043967336416,1.0,0.4561425745487213,-0.020908355712890625,0.4518132209777832,0.22150373458862305,-0.2921023368835449,0.4518132209777832,1,1.0,1.0
0.43488064408302307,7.913877553278326e-09,0.43675920367240906,0.4731751084327698,0.0,0.0,1.0,1.0,1.0,600,84608,11,5,3.359860420227051,2.0864723138337435,0.0008177609997801483,-0.002352251438423991,0.0030908931512385607,0.30908931512385607,1.0,0.44196152687072754,-0.03301715850830078,0.45836085081100464,0.4546182155609131,-0.028052091598510742,0.4583609998226166,1,0.06410256782499353,0.6410256624221802
1.004671573638916,1.004671573638916,1.0123176574707031,0.029636885970830917,1.0,1.0,0.0,0.0,0.0,253,85184,15,5,33.332435607910156,1.2599848464295276,-0.0023656096309423447,-0.0015881230356171727,0.0027254484593868256,0.27254484593868256,1.0,0.4437696933746338,-0.030231475830078125,0.4579955041408539,0.21631181240081787,-0.29927921295166016,0.4579954743385315,1,0.9256944447755814,0.2569444477558136
0.00886659137904644,7.913875776921486e-09,0.009538553655147552,0.026435520499944687,0.0,0.0,0.0,1.0,1.0,600,85280,26,5,1.473584532737732,0.9681251002227704,0.0006975458236411214,-0.004993597976863384,-0.0012055971892550588,0.4993597976863384,1.0,0.44860267639160156,-0.03294014930725098,0.4540644586086273,0.4544978141784668,-0.030693531036376953,0.4540645182132721,1,1.5827751553842974e-09,0.0
1.0012907981872559,1.0012907981872559,1.0455830097198486,0.059453025460243225,1.0,1.0,1.0,0.0,0.0,257,85408,17,5,33.489349365234375,0.8686358177204243,0.00473194383084774,-0.000186842298717238,0.004242748022079468,0.473194383084774,1.0,0.45324087142944336,-0.027897775173187256,0.45951277017593384,0.2236751914024353,-0.29664307832717896,0.45951277017593384,1,0.9289473682641983,0.28947368264198303
0.03398565575480461,7.913875776921486e-09,0.010310351848602295,0.04810633510351181,0.0,0.0,0.0,1.0,1.0,600,86976,29,5,0.3520262539386749,2.165549896166624,-0.0022806504275649786,0.0034090799745172262,0.0019761440344154835,0.3409079974517226,1.0,0.4383869171142578,-0.02745342254638672,0.4572461247444153,0.4515197277069092,-0.022291183471679688,0.45724621415138245,1,1.5827751553842974e-09,0.0
0.9703881144523621,7.913876665099906e-09,0.9708296060562134,0.9925361275672913,0.0,0.0,1.0,1.0,1.0,600,87200,4,5,3.464160919189453,1.2437015687265114,-0.0004588580341078341,-0.001969187753275037,0.004314739722758532,0.43147397227585316,1.0,0.44577455520629883,-0.030573129653930664,0.4595847725868225,0.4533405303955078,-0.02766895294189453,0.4595848619937897,1,0.021176472398910743,0.21176470816135406
0.030679132789373398,7.913876665099906e-09,0.03306201845407486,0.05271175503730774,0.0,0.0,1.0,1.0,1.0,600,87200,8,5,1.0189321041107178,1.1258460142677067,-0.0015826139133423567,-0.00028773656231351197,-0.004532105289399624,0.4532105289399624,1.0,0.44536590576171875,-0.028609514236450195,0.45073795318603516,0.45221710205078125,-0.025987744331359863,0.45073798298835754,1,1.5827753330199813e-09,0.0
0.6925150156021118,7.913876665099906e-09,0.692620038986206,0.7283185124397278,0.0,0.0,1.0,1.0,1.0,600,87424,21,5,4.756470203399658,2.0453658875310796,0.0018199800979346037,-0.0035879763308912516,0.002725926460698247,0.35879763308912516,1.0,0.4432111978530884,-0.03415060043334961,0.4579959511756897,0.4556201696395874,-0.02928781509399414,0.45799604058265686,1,0.07669173041311286,0.7669172883033752
0.0019728962797671556,7.913876665099906e-09,0.0019886442460119724,0.019301192834973335,0.0,0.0,0.0,1.0,1.0,600,87904,19,5,1.0860189199447632,0.9919362068864928,-0.004171235486865044,0.004392879083752632,0.004576113075017929,0.4576113075017929,1.0,0.4435892403125763,-0.02360987663269043,0.4598461985588074,0.4496288597583771,-0.021306991577148438,0.45984622836112976,1,1.5827753330199813e-09,0.0
1.0007524490356445,1.0007524490356445,1.006479024887085,0.01540194358676672,1.0,1.0,0.0,0.0,0.0,263,87936,6,5,33.76408386230469,0.5543554953154244,0.0014237983850762248,-0.0048887538723647594,-0.0011410557199269533,0.48887538723647594,1.0,0.4518442153930664,-0.031862735748291016,0.45412901043891907,0.22040939331054688,-0.3011484146118164,0.4541289806365967,1,0.9300699293613434,0.30069929361343384
0.028644585981965065,7.913877553278326e-09,0.007725949864834547,0.03692943602800369,0.0,0.0,0.0,1.0,1.0,600,88128,5,5,1.3133550882339478,1.6732377581983326,0.002750996733084321,0.0014039413072168827,-0.0019093166338279843,0.2750996733084321,1.0,0.44638681411743164,-0.028240680694580078,0.4533606767654419,0.45655059814453125,-0.024295330047607422,0.45336076617240906,1,1.5827755106556652e-09,0.0
1.0023703575134277,1.0023703575134277,1.002699851989746,0.0026381758507341146,1.0,1.0,0.0,1.0,0.0,331,88512,27,5,37.16404342651367,0.13227569796250158,0.0006269291625358164,-0.0032662898302078247,-0.0026994601357728243,0.32662898302078247,1.0,0.45361924171447754,-0.02926728129386902,0.4525705873966217,0.21948480606079102,-0.3001163601875305,0.4525705575942993,1,1.0,1.0
1.0013420581817627,1.0013420581817627,1.0014829635620117,0.020085152238607407,1.0,1.0,0.0,1.0,0.0,314,88512,31,5,36.26018142700195,1.1427198898905173,0.0033859224058687687,0.004782157484441996,-0.002537613036110997,0.47821574844419956,1.0,0.45023250579833984,-0.023580074310302734,0.4527324438095093,0.22232437133789062,-0.29169249534606934,0.4527324438095093,1,1.0,1.0
0.012498357333242893,7.913876665099906e-09,0.0041263350285589695,0.019784869626164436,0.0,0.0,0.0,1.0,1.0,600,88672,3,5,1.3972887992858887,0.8971679724828006,-0.004945550113916397,0.0032476005144417286,0.0016376840649172664,0.4945550113916397,1.0,0.443389892578125,-0.024530887603759766,0.456907719373703,0.4488539695739746,-0.022452473640441895,0.4569077789783478,1,1.5827753330199813e-09,0.0
0.01670984737575054,7.913876665099906e-09,0.01987350545823574,0.029956435784697533,0.0,0.0,0.0,1.0,1.0,600,89216,7,5,1.1156940460205078,0.5777094595524318,-0.004274633713066578,-0.004721765406429768,-0.0030698624905198812,0.47217654064297676,1.0,0.4460024833679199,-0.03175017237663269,0.4522002041339874,0.4495248794555664,-0.030421704053878784,0.4522002637386322,1,1.5827753330199813e-09,0.0
1.0038480758666992,1.0038480758666992,1.041215419769287,0.07112547755241394,1.0,1.0,1.0,0.0,0.0,314,89440,2,5,36.0100212097168,1.9342111755348805,-0.001144156325608492,-0.003115833969786763,-0.0022707439493387938,0.3115833969786763,1.0,0.4409170150756836,-0.03340303897857666,0.4529992938041687,0.21759748458862305,-0.3005051612854004,0.4529992341995239,1,1.0,1.0
0.343918114900589,7.913875776921486e-09,0.3439266085624695,0.38673385977745056,0.0,0.0,1.0,1.0,1.0,600,89888,24,5,1.7460559606552124,2.452678242269266,0.0003415002138353884,-0.0026999746914952993,-0.0029697215650230646,0.29697215650230646,1.0,0.43928277492523193,-0.03428339958190918,0.45230036973953247,0.4541417360305786,-0.028399944305419922,0.45230039954185486,1,1.5827751553842974e-09,0.0
1.0053083896636963,1.0053083896636963,1.006001353263855,0.0335187092423439,1.0,1.0,0.0,0.0,0.0,312,90240,20,5,35.80570983886719,1.8807768981105784,0.0020833348389714956,-0.0045000109821558,-0.003740960266441107,0.45000109821558,1.0,0.4444667100906372,-0.03465557098388672,0.4515290856361389,0.22071123123168945,-0.30242252349853516,0.4515290856361389,1,1.0,1.0
0.797664999961853,7.913867783315709e-09,0.7976993322372437,0.8325545787811279,0.0,0.0,1.0,1.0,1.0,600,90272,30,5,4.967645645141602,1.997062576277338,0.003106042742729187,-0.00015676149632781744,-0.00021699396893382072,0.3106042742729187,1.0,0.44478845596313477,-0.030599594116210938,0.45505303144454956,0.4569058418273926,-0.025856494903564453,0.4550531208515167,1,0.07832167902913892,0.7832167744636536
1.0026299953460693,1.0026299953460693,1.0032979249954224,0.013314463198184967,1.0,1.0,0.0,0.0,0.0,300,91168,14,5,36.163604736328125,0.7245925175709973,0.004390466958284378,-0.0018166144145652652,0.002065167762339115,0.4390466958284378,1.0,0.45377469062805176,-0.02918839454650879,0.4573352336883545,0.22322797775268555,-0.29876136779785156,0.4573352336883545,1,1.0,1.0
1.0018284320831299,1.0018284320831299,1.0023454427719116,0.03723293915390968,1.0,1.0,0.0,0.0,0.0,295,94048,11,5,35.42279052734375,2.10366859572972,0.0033377378713339567,-0.0007009435212239623,-0.0030667539685964584,0.33377378713339567,1.0,0.4443778991699219,-0.03140854835510254,0.4522032141685486,0.22223854064941406,-0.29735302925109863,0.4522032141685486,1,1.0,1.0
0.0011191004887223244,7.913870447850968e-09,0.0011302013881504536,0.03660217672586441,0.0,0.0,0.0,1.0,1.0,600,94816,10,5,1.090149164199829,2.0323953582972254,-0.0020616287365555763,-0.002178981201723218,0.0037244753912091255,0.37244753912091255,1.0,0.4394075870513916,-0.03271007537841797,0.45899444818496704,0.4517385959625244,-0.027878761291503906,0.458994597196579,1,1.5827740895701938e-09,0.0
0.008542802184820175,7.913867783315709e-09,0.00012760453682858497,0.04261202737689018,0.0,0.0,0.0,1.0,1.0,600,95168,22,5,1.1199185848236084,2.4341782480154635,0.0039811888709664345,-0.002195834182202816,0.0003550149849615991,0.39811888709664345,1.0,0.4430335760116577,-0.03373277187347412,0.4556249976158142,0.45778143405914307,-0.02789577841758728,0.45562508702278137,1,1.5827735566631419e-09,0.0
0.024429384618997574,7.913876665099906e-09,0.03612027317285538,0.038138072937726974,0.0,0.0,0.0,1.0,1.0,600,96608,23,5,1.648479700088501,0.11561054331577292,-0.004386818967759609,0.0004788347869180143,0.0020581232383847237,0.4386818967759609,1.0,0.44870734214782715,-0.025484085083007812,0.457328200340271,0.4494134187698364,-0.02522122859954834,0.4573282301425934,1,1.5827753330199813e-09,0.0
1.391472414979944e-05,7.913875776921486e-09,3.329159153508954e-05,0.017749493941664696,0.0,0.0,0.0,1.0,1.0,600,96960,12,5,1.3592408895492554,1.0150647215200368,0.001253679278306663,-0.0006294770282693207,0.0028521008789539337,0.28521008789539337,1.0,0.44887375831604004,-0.028687357902526855,0.4581221640110016,0.45505404472351074,-0.02632942795753479,0.45812222361564636,1,1.5827751553842974e-09,0.0
0.025939831510186195,7.913876665099906e-09,0.001267804647795856,0.030691327527165413,0.0,0.0,0.0,1.0,1.0,600,97024,1,5,0.7903426289558411,1.685843939528649,0.0002924651780631393,0.0015028320485725999,0.002967112697660923,0.2967112697660923,1.0,0.44385242462158203,-0.028173208236694336,0.4582371115684509,0.45409202575683594,-0.024197101593017578,0.4582372009754181,1,1.5827753330199813e-09,0.0
0.02420075237751007,7.913876665099906e-09,0.0001502295781392604,0.026868093758821487,0.0,0.0,0.0,1.0,1.0,600,97216,0,5,1.345456600189209,1.5308211636492794,-0.003868433879688382,0.00046875164844095707,0.0013903938233852386,0.3868433879688382,1.0,0.4406275749206543,-0.02882862091064453,0.4566603899002075,0.44993114471435547,-0.025230884552001953,0.4566604793071747,1,1.5827753330199813e-09,0.0
1.0044125318527222,1.0044125318527222,1.0290021896362305,0.06212225556373596,1.0,1.0,1.0,0.0,0.0,260,97536,7,5,33.155242919921875,2.1504611545164196,0.00038662817678414285,-0.0017164492746815085,0.001585647463798523,0.17164492746815085,1.0,0.4411454200744629,-0.032540857791900635,0.4568556547164917,0.2190847396850586,-0.2993118166923523,0.4568557143211365,1,0.9273381292819977,0.2733812928199768
0.015304927714169025,7.913875776921486e-09,0.011361965909600258,0.02874426729977131,0.0,0.0,0.0,1.0,1.0,600,97728,13,5,2.763387441635132,0.9959326146028906,-0.004714843817055225,0.003000882687047124,-0.0013573758769780397,0.47148438170552254,1.0,0.4430215358734131,-0.025011420249938965,0.45391276478767395,0.4490854740142822,-0.02269899845123291,0.4539127051830292,1,1.5827751553842974e-09,0.0
0.47073817253112793,7.913876665099906e-09,0.47144943475723267,0.5144537091255188,0.0,0.0,1.0,1.0,1.0,600,97728,28,5,3.375056028366089,2.4639602206742466,-0.0031675812788307667,0.0028897938318550587,0.001057559042237699,0.31675812788307667,1.0,0.43570613861083984,-0.028722405433654785,0.4563276171684265,0.45063281059265137,-0.02281010150909424,0.4563276469707489,1,0.06543210307088873,0.654321014881134
1.0028841495513916,1.0028841495513916,1.0162376165390015,0.017622515559196472,1.0,1.0,0.0,0.0,0.0,322,98240,6,5,36.90179443359375,0.24459505059368036,0.002819579094648361,0.0021874490194022655,0.004426914267241955,0.4426914267241955,1.0,0.4551267623901367,-0.02407073974609375,0.4596969783306122,0.22163677215576172,-0.29484987258911133,0.4596969485282898,1,1.0,1.0
1.0029377937316895,1.0029377937316895,1.0031139850616455,0.01552855409681797,1.0,1.0,0.0,1.0,0.0,325,98304,19,5,36.76514434814453,0.8796238311868294,0.0049160378985106945,0.0048684896901249886,0.0030140606686472893,0.49160378985106945,1.0,0.45335817337036133,-0.022868633270263672,0.45828408002853394,0.22372925281524658,-0.2921888828277588,0.4582841396331787,1,1.0,1.0
1.0007364749908447,1.0007364749908447,1.0008931159973145,0.03124939650297165,1.0,1.0,0.0,1.0,0.0,345,98464,21,5,36.40217208862305,1.781487932249984,0.0031052271369844675,-0.0019867611117661,-0.0033298670314252377,0.33298670314252377,1.0,0.4460872411727905,-0.03189706802368164,0.45194011926651,0.22209250926971436,-0.29824042320251465,0.45194023847579956,1,1.0,1.0
0.036991894245147705,7.913872224207807e-09,0.013654408976435661,0.05345597863197327,0.0,0.0,1.0,1.0,1.0,600,98560,25,5,0.8615446090698242,2.2804629197536226,-0.0012943422188982368,0.0020480919629335403,-0.0008030716562643647,0.20480919629335403,1.0,0.43868184089660645,-0.02910137176513672,0.45446693897247314,0.45250606536865234,-0.023651599884033203,0.4544670283794403,1,1.5827744448415616e-09,0.0
1.0013563632965088,1.0013563632965088,1.0017876625061035,0.0015554737765341997,1.0,1.0,0.0,1.0,0.0,317,98816,3,5,36.82284927368164,0.06441232575143004,0.00016203023551497608,-0.0023115770891308784,-0.00046558325993828475,0.23115770891308784,1.0,0.4535684585571289,-0.028157711029052734,0.45480450987815857,0.2190999984741211,-0.29879164695739746,0.4548044800758362,1,1.0,1.0
1.0037394762039185,1.0037394762039185,1.0048754215240479,0.030615564435720444,1.0,1.0,0.0,0.0,0.0,272,98976,30,5,33.672664642333984,1.689051780561028,0.004314437974244356,-0.0013879225589334965,0.0029445483814924955,0.4314437974244356,1.0,0.44785451889038086,-0.031072139739990234,0.45821458101272583,0.22306489944458008,-0.2987380027770996,0.4582146406173706,1,0.9395833343267441,0.3958333432674408
1.0022623538970947,1.0022623538970947,1.0404261350631714,0.04158100485801697,1.0,1.0,0.0,0.0,0.0,302,99104,2,5,36.4802131652832,0.19579290874690292,0.004580284468829632,0.0030155987478792667,0.0018678463529795408,0.4580284468829632,1.0,0.4571852684020996,-0.02313050627708435,0.45713797211647034,0.22344636917114258,-0.29379507899284363,0.45713794231414795,1,0.9921875,0.921875
1.0052175521850586,1.0052175521850586,1.0055327415466309,0.03208941966295242,1.0,1.0,0.0,1.0,0.0,334,99200,27,5,36.38434982299805,1.8205280128853074,0.0008210815140046179,-0.0024714453611522913,0.0026732676196843386,0.26732676196843386,1.0,0.44356775283813477,-0.032478004693984985,0.45794326066970825,0.21945595741271973,-0.30036070942878723,0.457943320274353,1,1.0,1.0
0.025023512542247772,7.913876665099906e-09,0.0023302838671952486,0.030553705990314484,0.0,0.0,0.0,1.0,1.0,600,99712,9,5,1.3775399923324585,1.6170835713804845,-0.004884416237473488,0.0009078193688765168,-0.00022439438907895237,0.4884416237473488,1.0,0.4390902519226074,-0.028600215911865234,0.4550457000732422,0.4489150047302246,-0.024792194366455078,0.4550457298755646,1,1.5827753330199813e-09,0.0
1.0036134719848633,1.0036134719848633,1.0126062631607056,0.011354281567037106,1.0,1.0,0.0,0.0,0.0,301,99872,20,5,35.679195404052734,0.13530267238400726,7.958932837937027e-05,-0.0033207894302904606,-0.004928153473883867,0.4928153473883867,1.0,0.45305335521698,-0.02932882308959961,0.4503419101238251,0.21883952617645264,-0.30062437057495117,0.45034193992614746,1,0.9919753074645996,0.9197530746459961
0.014163900166749954,7.913876665099906e-09,0.009091432206332684,0.0248541459441185,0.0,0.0,0.0,1.0,1.0,600,99968,18,5,1.4536206722259521,0.9031372376522743,-0.0048714736476540565,-0.0024101855233311653,-0.0006088267546147108,0.48714736476540565,1.0,0.44342780113220215,-0.030202746391296387,0.45466116070747375,0.4489286243915558,-0.028110146522521973,0.4546612799167633,1,1.5827753330199813e-09,0.0
1.0001776218414307,1.0001776218414307,1.0003588199615479,0.002511195605620742,1.0,1.0,0.0,1.0,0.0,335,100608,24,6,37.11167907714844,0.1335013834131883,0.004521063528954983,0.0014599502319470048,-0.004816572181880474,0.4816572181880474,1.0,0.45750582218170166,-0.02454400062561035,0.4504534900188446,0.22355270385742188,-0.2945899963378906,0.45045340061187744,1,1.0,1.0
0.03229381889104843,7.913876665099906e-09,1.4426774214371108e-05,0.03396522253751755,0.0,0.0,0.0,1.0,1.0,600,100864,16,6,0.7927603721618652,1.9452383025064546,0.0026401930954307318,0.004522643517702818,-0.003484287764877081,0.4522643517702818,1.0,0.4446345567703247,-0.025791645050048828,0.45178574323654175,0.4564402997493744,-0.021177291870117188,0.4517858326435089,1,1.5827753330199813e-09,0.0
1.003928542137146,1.003928542137146,1.0041232109069824,0.000640231417492032,1.0,1.0,0.0,0.0,0.0,285,103168,11,6,35.8045539855957,0.0255329146441605,-0.003425598843023181,-0.0025408801157027483,-0.002773573622107506,0.3425598843023181,1.0,0.45021867752075195,-0.028298377990722656,0.4524964690208435,0.21531009674072266,-0.2999594211578369,0.4524965286254883,1,1.0,1.0
7.415347226924496e-06,7.913876665099906e-09,1.551086643303279e-05,0.00811856985092163,0.0,0.0,0.0,1.0,1.0,600,104384,15,6,1.2930203676223755,0.46427159674359725,-0.0016663908027112484,-0.0040619648061692715,0.002390050096437335,0.40619648061692715,1.0,0.4493018388748169,-0.03082752227783203,0.45766016840934753,0.45213374495506287,-0.029761791229248047,0.45766016840934753,1,1.5827753330199813e-09,0.0
0.0049912952817976475,7.913875776921486e-09,0.005006795283406973,0.048500996083021164,0.0,0.0,0.0,1.0,1.0,600,104480,26,6,1.593989610671997,2.492035072927349,-0.002628850284963846,-0.002534192521125078,0.0006208792328834534,0.2628850284963846,1.0,0.43607592582702637,-0.03421783447265625,0.455890953540802,0.4511713981628418,-0.028234004974365234,0.4558909833431244,1,1.5827751553842974e-09,0.0
0.009981663897633553,7.913875776921486e-09,0.009994727559387684,0.04409085214138031,0.0,0.0,0.0,1.0,1.0,600,104608,17,6,1.0612202882766724,1.9535645165481117,-0.00126143719535321,-0.0032062337268143892,0.0031761883292347193,0.3206233726814389,1.0,0.44068285822868347,-0.033541321754455566,0.458446204662323,0.45253869891166687,-0.028906196355819702,0.45844629406929016,1,1.5827751553842974e-09,0.0
1.0004055500030518,1.0004055500030518,1.050492286682129,0.08729922771453857,1.0,1.0,1.0,0.0,0.0,305,104928,22,6,35.616058349609375,2.1321180411701155,-0.001775856944732368,-0.003962159156799316,0.00128403608687222,0.39621591567993164,1.0,0.43909287452697754,-0.03474089503288269,0.4565540552139282,0.2172374725341797,-0.3000953793525696,0.4565540552139282,1,1.0,1.0
1.005616307258606,1.005616307258606,1.0058457851409912,0.007854318246245384,1.0,1.0,0.0,0.0,0.0,265,105504,1,6,33.76697540283203,0.43686685008109627,-0.0019882633350789547,-0.0047508422285318375,-0.0028774584643542767,0.47508422285318375,1.0,0.44914674758911133,-0.03145194053649902,0.4523926079273224,0.2166152000427246,-0.30278539657592773,0.4523926377296448,1,0.9317241370677948,0.317241370677948
1.0041669607162476,1.0041669607162476,1.004189133644104,0.005315361078828573,1.0,1.0,0.0,1.0,0.0,337,105600,10,6,37.19856262207031,0.3032762740023011,0.0006696573109366,-0.0017433306202292442,-0.0029734570998698473,0.29734570998698473,1.0,0.4526190757751465,-0.028136253356933594,0.4522966146469116,0.21938657760620117,-0.29924917221069336,0.4522966146469116,1,1.0,1.0
1.003438115119934,1.003438115119934,1.045074701309204,0.06890800595283508,1.0,1.0,1.0,0.0,0.0,285,106080,12,6,35.10824966430664,1.5625470721788715,-0.004746232181787491,0.001261262339539826,-0.003387858159840107,0.4746232181787491,1.0,0.4395582675933838,-0.028113573789596558,0.45188215374946594,0.21402764320373535,-0.295978307723999,0.45188218355178833,1,1.0,1.0
0.0812913328409195,7.913875776921486e-09,0.10683806985616684,0.13146747648715973,0.0,0.0,1.0,1.0,1.0,600,106176,29,6,3.1961874961853027,1.4111627594147087,0.0028774929232895374,-0.0034544956870377064,0.0037797873374074697,0.377978733740747,1.0,0.44809746742248535,-0.03246188163757324,0.45904988050460815,0.4566776752471924,-0.029154300689697266,0.45904991030693054,1,0.010000001731786768,0.10000000149011612
0.0025287808384746313,7.913868671494129e-09,0.003077139612287283,0.023074660450220108,0.0,0.0,0.0,1.0,1.0,600,106400,4,6,1.3768316507339478,1.1457742651099825,-0.004904822446405888,-0.001991862431168556,0.0001495308242738247,0.49048224464058876,1.0,0.441922664642334,-0.030361175537109375,0.4554196000099182,0.4488949775695801,-0.02769160270690918,0.4554196298122406,1,1.5827737342988258e-09,0.0
0.01969863660633564,7.913876665099906e-09,0.004352339543402195,0.02539801597595215,0.0,0.0,0.0,1.0,1.0,600,106400,8,6,1.508601188659668,1.2058288101090253,-0.0011043595150113106,0.003032488049939275,-0.0031584857497364283,0.3158485749736428,1.0,0.4453587532043457,-0.02548050880432129,0.4521115720272064,0.452695369720459,-0.022667527198791504,0.4521116316318512,1,1.5827753330199813e-09,0.0
1.0058406591415405,1.0058406591415405,1.0058703422546387,0.03703286871314049,1.0,1.0,0.0,0.0,0.0,309,106496,23,6,35.64833450317383,2.1201261499782773,0.0027687442488968372,-0.0019181750249117613,-0.0041429586708545685,0.41429586708545685,1.0,0.4437096118927002,-0.032666921615600586,0.4511270523071289,0.22135519981384277,-0.3000349998474121,0.4511270523071289,1,1.0,1.0
1.00306236743927,1.00306236743927,1.0041061639785767,0.009582025930285454,1.0,1.0,0.0,0.0,0.0,304,106944,0,6,36.03295135498047,0.48920200065755537,-0.003504334483295679,0.0030915841925889254,-0.00412202812731266,0.412202812731266,1.0,0.4473118782043457,-0.023730754852294922,0.451148122549057,0.21529912948608398,-0.29401063919067383,0.45114803314208984,1,1.0,1.0
1.000134825706482,1.000134825706482,1.0016098022460938,0.004909986164420843,1.0,1.0,0.0,0.0,0.0,288,106944,13,6,35.750240325927734,0.19680987322150756,-0.003641037503257394,0.0012403941946104169,-0.0014522369019687176,0.3641037503257394,1.0,0.4489576816558838,-0.024907946586608887,0.45381781458854675,0.2153940200805664,-0.29479384422302246,0.4538177251815796,1,1.0,1.0
8.655710553284734e-05,7.913872224207807e-09,9.521762694930658e-05,0.02386007085442543,0.0,0.0,0.0,1.0,1.0,600,107328,5,6,1.2366124391555786,1.3616261721289566,0.0024362762924283743,-0.0026777309831231833,0.0002447233709972352,0.2677730983123183,1.0,0.4479560852050781,-0.03156566619873047,0.4555147886276245,0.4562358856201172,-0.028377532958984375,0.4555148184299469,1,1.5827744448415616e-09,0.0
0.7718020081520081,7.913867783315709e-09,0.7718141674995422,0.8086830377578735,0.0,0.0,1.0,1.0,1.0,600,107712,31,6,4.915408611297607,2.1124351435294315,0.003342299722135067,-0.0006204402889125049,-0.001960909925401211,0.3342299722135067,1.0,0.44432926177978516,-0.031349897384643555,0.4533091187477112,0.4571418762207031,-0.026320219039916992,0.45330920815467834,1,0.07720588603940808,0.7720588445663452
1.0038645267486572,1.0038645267486572,1.019943118095398,0.018695691600441933,1.0,1.0,0.0,1.0,0.0,319,107744,7,6,36.97999954223633,0.14994999971888637,0.0037679201923310757,0.0018731496529653668,-0.0001575190108269453,0.37679201923310757,1.0,0.4566521644592285,-0.02416813373565674,0.4551125466823578,0.22250890731811523,-0.29552221298217773,0.4551125764846802,1,1.0,1.0
1.0016549825668335,1.0016549825668335,1.004793405532837,0.0414586178958416,1.0,1.0,0.0,0.0,0.0,265,108448,18,6,33.166259765625,2.1955869337022245,0.0005989419296383858,0.004305561538785696,-0.0004596264916472137,0.4305561538785696,1.0,0.4410857558250427,-0.026631832122802734,0.4548104405403137,0.21951329708099365,-0.2922830581665039,0.4548104405403137,1,0.926618704199791,0.26618704199790955
1.0031219720840454,1.0031219720840454,1.0031933784484863,0.01808834634721279,1.0,1.0,0.0,1.0,0.0,324,108672,19,6,36.532466888427734,1.032296328300627,0.002360088052228093,0.0002461061521898955,-0.004499008879065514,0.44990088790655136,1.0,0.44987568259239197,-0.027853012084960938,0.4507710635662079,0.22115880250930786,-0.2968788146972656,0.4507710337638855,1,1.0,1.0
1.0015166997909546,1.0015166997909546,1.0308148860931396,0.03747360780835152,1.0,1.0,0.0,0.0,0.0,312,109184,27,6,36.616600036621094,0.4684222173248494,0.00442850636318326,-0.003509540343657136,0.0020304962527006865,0.442850636318326,1.0,0.455371618270874,-0.030284017324447632,0.4573005735874176,0.22335386276245117,-0.30004802346229553,0.45730060338974,1,0.9977900564670563,0.9779005646705627
1.000046968460083,1.000046968460083,1.0276637077331543,0.031989261507987976,1.0,1.0,0.0,0.0,0.0,298,109248,9,6,36.31721496582031,0.250519252522888,0.003573046764358878,0.0035213769879192114,0.00015596215962432325,0.3573046764358878,1.0,0.4558439254760742,-0.0227506160736084,0.45542600750923157,0.22261476516723633,-0.2924809455871582,0.4554259777069092,1,0.9961325943470002,0.9613259434700012
0.7746288180351257,7.913875776921486e-09,0.7748132944107056,0.7921218276023865,0.0,0.0,1.0,1.0,1.0,600,110368,14,6,5.580433368682861,0.9916908536849012,0.001876599621027708,-0.0025058325845748186,0.002740468131378293,0.2740468131378293,1.0,0.44963836669921875,-0.03050827980041504,0.4580104947090149,0.455676794052124,-0.02820563316345215,0.45801058411598206,1,0.07655172506299977,0.7655172348022461
1.0046614408493042,1.0046614408493042,1.0047852993011475,0.00744966696947813,1.0,1.0,0.0,1.0,0.0,305,112928,11,6,36.45323181152344,0.41974193832586115,0.003044526092708111,0.0032471781596541405,0.003068268299102783,0.32471781596541405,1.0,0.4542841911315918,-0.02341461181640625,0.45833835005760193,0.22172260284423828,-0.29443907737731934,0.45833826065063477,1,1.0,1.0
1.0044630765914917,1.0044630765914917,1.0062458515167236,0.03474441543221474,1.0,1.0,0.0,0.0,0.0,296,116416,13,6,35.77815246582031,1.8885669423023894,0.004188136663287878,-0.002441918710246682,-0.0008696744916960597,0.4188136663287878,1.0,0.44652462005615234,-0.032616257667541504,0.45440036058425903,0.22288179397583008,-0.30005574226379395,0.45440036058425903,1,1.0,1.0
1.0048751831054688,1.0048751831054688,1.0427765846252441,0.059285081923007965,1.0,1.0,1.0,0.0,0.0,326,116512,12,6,36.357723236083984,1.2252039223502358,-0.0035052557941526175,-0.004117525182664394,0.002609452698379755,0.41175251826643944,1.0,0.4428410530090332,-0.032677143812179565,0.4578794538974762,0.21515655517578125,-0.3018819987773895,0.4578794240951538,1,1.0,1.0
1.0018303394317627,1.0018303394317627,1.0056836605072021,0.013551183044910431,1.0,1.0,0.0,0.0,0.0,313,116512,23,6,36.47891616821289,0.5556458674600279,0.003158017061650753,0.002428015461191535,0.0015505935298278928,0.3158017061650753,1.0,0.4535698890686035,-0.024549007415771484,0.45682063698768616,0.22205853462219238,-0.29422497749328613,0.45682066679000854,1,1.0,1.0
1.0045660734176636,1.0045660734176636,1.022533655166626,0.04107026010751724,1.0,1.0,0.0,0.0,0.0,323,116736,4,6,36.42921447753906,1.3236901275399422,0.0007010421250015497,0.0043548899702727795,-0.0035698602441698313,0.43548899702727795,1.0,0.44645023345947266,-0.02444171905517578,0.4517001211643219,0.21938657760620117,-0.29329657554626465,0.45170021057128906,1,1.0,1.0
1.003521203994751,1.003521203994751,1.0287983417510986,0.025444814935326576,1.0,1.0,0.0,0.0,0.0,287,116896,31,6,36.17818832397461,0.009607869190682914,0.0025937885511666536,-0.001894233631901443,0.0033713558223098516,0.33713558223098516,1.0,0.45633459091186523,-0.027616024017333984,0.45864138007164,0.2213606834411621,-0.2991642951965332,0.4586414098739624,1,1.0,1.0
1.0033924579620361,1.0033924579620361,1.003492832183838,0.03862611576914787,1.0,1.0,0.0,1.0,0.0,329,116928,8,6,36.133209228515625,2.2073645277088536,0.0021348653826862574,0.004741037730127573,0.002271932316944003,0.4741037730127573,1.0,0.4425506591796875,-0.026225566864013672,0.45754194259643555,0.22091197967529297,-0.29248201847076416,0.4575420022010803,1,1.0,1.0
0.013180753216147423,7.913875776921486e-09,0.01335301622748375,0.037256158888339996,0.0,0.0,0.0,1.0,1.0,600,116928,28,6,0.8403921127319336,1.3695490848444656,-0.0005073369829915464,-0.004098024219274521,-0.0019077593460679054,0.4098024219274521,1.0,0.4449646472930908,-0.03300511837005615,0.45336228609085083,0.4532930850982666,-0.029798150062561035,0.4533623158931732,1,1.5827751553842974e-09,0.0
1.0004609823226929,1.0004609823226929,1.0010309219360352,0.0021947775967419147,1.0,1.0,0.0,0.0,0.0,298,117280,7,6,36.39786148071289,0.09309485806735894,0.0019129132851958275,-0.001196879195049405,0.0029766932129859924,0.29766932129859924,1.0,0.45514392852783203,-0.027108579874038696,0.45824673771858215,0.22092151641845703,-0.29735007882118225,0.45824670791625977,1,1.0,1.0
1.0053253173828125,1.0053253173828125,1.005394697189331,0.033229123800992966,1.0,1.0,0.0,1.0,0.0,325,117344,0,6,36.09375762939453,1.899910178966488,0.0041189067997038364,0.004563578404486179,0.003734843572601676,0.45635784044861794,1.0,0.44638729095458984,-0.025639057159423828,0.45900487899780273,0.22274541854858398,-0.2933650016784668,0.45900487899780273,1,1.0,1.0
0.03430033102631569,7.913875776921486e-09,0.026309773325920105,0.06406895071268082,0.0,0.0,1.0,1.0,1.0,600,117440,6,6,0.4009145200252533,2.1634415021472058,-0.0013437975430861115,0.0036790864542126656,-0.0010971194133162498,0.36790864542126656,1.0,0.43933629989624023,-0.027178287506103516,0.45417290925979614,0.452455997467041,-0.022020816802978516,0.4541729986667633,1,1.5827751553842974e-09,0.0
0.014625254087150097,7.913876665099906e-09,0.00011297563469270244,0.015579193830490112,0.0,0.0,0.0,1.0,1.0,600,117664,21,6,2.2904231548309326,0.8861495433302476,-0.001868863357231021,0.0020054879132658243,-0.002794274128973484,0.2794274128973484,1.0,0.44653379917144775,-0.025746822357177734,0.45247581601142883,0.451931357383728,-0.023694515228271484,0.45247581601142883,1,1.5827753330199813e-09,0.0
0.025192610919475555,7.913875776921486e-09,0.028048338368535042,0.04528515413403511,0.0,0.0,0.0,1.0,1.0,600,117760,25,6,2.3307392597198486,0.9875971157728306,-0.0030900854617357254,0.00046601472422480583,-0.00026604204322211444,0.30900854617357254,1.0,0.44469666481018066,-0.02752685546875,0.4550040066242218,0.4507102966308594,-0.02523326873779297,0.4550040662288666,1,1.5827751553842974e-09,0.0
0.06597037613391876,7.913876665099906e-09,0.06712456792593002,0.1094018816947937,0.0,0.0,1.0,1.0,1.0,600,118016,3,6,1.115804672241211,2.4223122884364474,-0.002297754865139723,-0.0023273685947060585,0.003669246332719922,0.3669246332719922,1.0,0.4368257522583008,-0.03383433818817139,0.4589393734931946,0.45150184631347656,-0.02802741527557373,0.4589393436908722,1,1.5827753330199813e-09,0.0
0.412300705909729,7.913875776921486e-09,0.41241949796676636,0.4459076523780823,0.0,0.0,1.0,1.0,1.0,600,118176,30,6,3.552412748336792,1.9187318324415161,0.001656338688917458,0.00013138151552993804,0.0006382202845998108,0.1656338688917458,1.0,0.44381046295166016,-0.030117511749267578,0.45590829849243164,0.4554557800292969,-0.025568008422851562,0.45590832829475403,1,0.06351351300207143,0.6351351141929626
1.0030289888381958,1.0030289888381958,1.0031707286834717,0.007891583256423473,1.0,1.0,0.0,0.0,0.0,298,118208,19,6,36.10621643066406,0.4440319853247041,-0.0007113160681910813,0.0027948266360908747,0.0014872547471895814,0.27948266360908747,1.0,0.4503801465034485,-0.023923397064208984,0.4567573666572571,0.21809473633766174,-0.2942957878112793,0.45675724744796753,1,1.0,1.0
0.41172370314598083,7.913877553278326e-09,0.45140427350997925,0.4859369993209839,0.0,0.0,1.0,1.0,1.0,600,118304,2,6,3.6890177726745605,1.9785843532515146,-0.0005884025013074279,-0.0019706350285559893,0.0002304484078194946,0.19706350285559893,1.0,0.4412050247192383,-0.03236764669418335,0.4555004835128784,0.45321130752563477,-0.027670592069625854,0.4555005729198456,1,0.06351351300207178,0.6351351141929626
1.0041955709457397,1.0041955709457397,1.0043681859970093,0.008461891673505306,1.0,1.0,0.0,0.0,0.0,304,118912,27,6,36.27410888671875,0.4749396051752167,0.00044615473598241806,0.004747603554278612,0.003935556858778,0.4747603554278612,1.0,0.45134973526000977,-0.02204185724258423,0.45920565724372864,0.219160795211792,-0.29276856780052185,0.45920562744140625,1,1.0,1.0
0.030849291011691093,7.913876665099906e-09,0.03168648108839989,0.06116186082363129,0.0,0.0,1.0,1.0,1.0,600,119072,20,6,0.8592765927314758,1.6888146449307815,-0.0015805733855813742,0.0038496102206408978,7.298199875549471e-07,0.3849610220640898,1.0,0.4419611692428589,-0.025833606719970703,0.4552707076072693,0.4522196054458618,-0.021850109100341797,0.45527079701423645,1,1.5827753330199813e-09,0.0
1.0021777153015137,1.0021777153015137,1.0022175312042236,0.003128418931737542,1.0,1.0,0.0,1.0,0.0,312,119232,9,6,36.54555892944336,0.17696758671323873,0.0006814213702455163,0.0021323529072105885,0.003729834919795394,0.3729834919795394,1.0,0.4534010887145996,-0.023970842361450195,0.4589998722076416,0.21955442428588867,-0.2946474552154541,0.4589998722076416,1,1.0,1.0
1.0018625259399414,1.0018625259399414,1.0020952224731445,0.002063215710222721,1.0,1.0,0.0,1.0,0.0,343,119424,18,6,37.11125183105469,0.10487611396251774,-0.0004966945271007717,-0.0019558328203856945,-0.0037685432471334934,0.37685432471334934,1.0,0.4526628851890564,-0.027894258499145508,0.4515015780925751,0.21840116381645203,-0.29862070083618164,0.4515015482902527,1,1.0,1.0
0.02026132307946682,7.913877553278326e-09,0.01733534410595894,0.03900185227394104,0.0,0.0,0.0,1.0,1.0,600,119808,24,6,2.3239593505859375,1.2413996882545113,-0.00388212944380939,0.00036093618837185204,-0.002309841103851795,0.388212944380939,1.0,0.4423658847808838,-0.02823781967163086,0.4529602527618408,0.44991815090179443,-0.025339126586914062,0.4529602825641632,1,1.5827755106556652e-09,0.0
0.0343000702559948,7.913871336029388e-09,0.03675702586770058,0.045383524149656296,0.0,0.0,0.0,1.0,1.0,600,120064,16,7,1.236175298690796,0.49426349099765216,-0.0030961905140429735,0.002181100193411112,0.0016639567911624908,0.30961905140429735,1.0,0.4476895332336426,-0.02465343475341797,0.4569340646266937,0.4507039487361908,-0.023518800735473633,0.4569340646266937,1,1.5827742672058777e-09,0.0
1.003705382347107,1.003705382347107,1.045335054397583,0.08381680399179459,1.0,1.0,1.0,0.0,0.0,323,120704,14,7,35.92354965209961,2.417141408347925,-0.0006378061370924115,-0.003775544697418809,-0.0011152656516060233,0.3775544697418809,1.0,0.43851685523986816,-0.03526949882507324,0.45415472984313965,0.21811532974243164,-0.30111265182495117,0.45415472984313965,1,1.0,1.0
3.5696375562110916e-06,7.913874000564647e-09,1.4153169104247354e-05,0.021630320698022842,0.0,0.0,0.0,1.0,1.0,600,123584,15,7,1.2816871404647827,1.2385160677642966,-0.004226629622280598,0.0010150974849238992,0.0030647250823676586,0.42266296222805977,1.0,0.4420386254787445,-0.027576446533203125,0.45833471417427063,0.44957348704338074,-0.024684429168701172,0.4583348333835602,1,1.5827748001129294e-09,0.0
0.037182413041591644,7.913872224207807e-09,0.0005788684939034283,0.04290274903178215,0.0,0.0,0.0,1.0,1.0,600,123680,26,7,1.2294377088546753,2.424981611741453,-0.0037365606985986233,0.003748942632228136,0.003922402858734131,0.3922402858734131,1.0,0.43537116050720215,-0.02776503562927246,0.4591924548149109,0.45006370544433594,-0.021950960159301758,0.4591924846172333,1,1.5827744448415616e-09,0.0
0.03650067374110222,7.913876665099906e-09,0.038545940071344376,0.05570268630981445,0.0,0.0,1.0,1.0,1.0,600,123808,17,7,0.9067598581314087,0.9830085093110514,-0.004069305956363678,-0.00465524522587657,-0.0012562196934595704,0.465524522587657,1.0,0.4437452554702759,-0.03263702988624573,0.4540138840675354,0.449730783700943,-0.030355185270309448,0.454013854265213,1,1.5827753330199813e-09,0.0
0.01605588011443615,7.913868671494129e-09,0.0018536417046561837,0.019381336867809296,0.0,0.0,0.0,1.0,1.0,600,124128,22,7,1.2010565996170044,1.0042638445647194,0.0003862085868604481,0.001701711444184184,0.0005831595044583082,0.1701711444184184,1.0,0.44807183742523193,-0.026330500841140747,0.4558531641960144,0.4541863203048706,-0.023998230695724487,0.45585325360298157,1,1.5827737342988258e-09,0.0
0.008320041932165623,7.913876665099906e-09,0.0001369232777506113,0.043450064957141876,0.0,0.0,0.0,1.0,1.0,600,124704,1,7,0.9337544441223145,2.4816606559083345,0.0029758568853139877,0.003719322383403778,-0.0013292861403897405,0.3719322383403778,1.0,0.4417428970336914,-0.027937889099121094,0.4539406895637512,0.4567756652832031,-0.02198052406311035,0.45394083857536316,1,1.5827753330199813e-09,0.0
0.05205056816339493,7.913876665099906e-09,0.052119940519332886,0.07430829107761383,0.0,0.0,1.0,1.0,1.0,600,124800,10,7,1.3674620389938354,1.2712986279028304,-0.0008212729590013623,-0.0020398227497935295,0.0022102463990449905,0.22102463990449905,1.0,0.44524574279785156,-0.030710220336914062,0.4574803411960602,0.45297908782958984,-0.027739524841308594,0.4574803411960602,1,1.5827753330199813e-09,0.0
1.0034356117248535,1.0034356117248535,1.0101042985916138,0.0349360890686512,1.0,1.0,0.0,0.0,0.0,256,125088,31,7,33.226829528808594,1.619601990193515,-0.0008851590100675821,0.0014691102551296353,0.003057813039049506,0.3057813039049506,1.0,0.44307422637939453,-0.028044939041137695,0.45832785964012146,0.21788835525512695,-0.29576945304870605,0.4583278298377991,1,0.9265734255313873,0.2657342553138733
0.0302730742841959,7.913875776921486e-09,0.008575733751058578,0.0412551648914814,0.0,0.0,0.0,1.0,1.0,600,125376,29,7,0.8635029196739197,1.8723943350082686,-0.003499263199046254,0.0016609736485406756,-0.003418674925342202,0.3499263199046254,1.0,0.4389348030090332,-0.028473615646362305,0.45185136795043945,0.450300931930542,-0.024039268493652344,0.45185139775276184,1,1.5827751553842974e-09,0.0
1.0038135051727295,1.0038135051727295,1.0069692134857178,0.019677137956023216,1.0,1.0,0.0,0.0,0.0,306,126304,23,7,36.08843994140625,0.9466055220255875,-0.000931358546949923,-2.198080073867459e-05,-0.004323033150285482,0.43230331502854824,1.0,0.4471040964126587,-0.027917146682739258,0.45094701647758484,0.2178128957748413,-0.2973986864089966,0.45094698667526245,1,1.0,1.0
0.014113299548625946,7.913876665099906e-09,0.0013907569227740169,0.018164949491620064,0.0,0.0,0.0,1.0,1.0,600,126528,5,7,1.3608152866363525,0.9610905389861862,0.001901143346913159,0.00446578674018383,0.003272351808845997,0.446578674018383,1.0,0.44984912872314453,-0.023463726043701172,0.4585423469543457,0.4557008743286133,-0.021233558654785156,0.45854243636131287,1,1.5827753330199813e-09,0.0
1.003877878189087,1.003877878189087,1.0043740272521973,0.0008086547604762018,1.0,1.0,0.0,1.0,0.0,326,126848,13,7,36.97948455810547,0.01790504909202418,0.0018758808728307486,-0.003363102674484253,-0.0042355116456747055,0.42355116456747055,1.0,0.4555666446685791,-0.029103755950927734,0.4510345160961151,0.22061538696289062,-0.30076348781585693,0.4510345458984375,1,1.0,1.0
1.0020588636398315,1.0020588636398315,1.0379242897033691,0.07764323055744171,1.0,1.0,1.0,1.0,0.0,326,127168,4,7,35.94426727294922,2.3937008394466757,0.0010359319858253002,0.0015558518934994936,0.003877187380567193,0.3877187380567193,1.0,0.44033098220825195,-0.029878854751586914,0.4591471552848816,0.21991825103759766,-0.2951807975769043,0.45914727449417114,1,1.0,1.0
1.0006872415542603,1.0006872415542603,1.0010483264923096,0.028215646743774414,1.0,1.0,0.0,1.0,0.0,335,127648,8,7,36.232627868652344,1.5959478711589974,0.0023392445873469114,-0.0037881829775869846,-0.0030063162557780743,0.37881829775869846,1.0,0.4464421272277832,-0.03324460983276367,0.4522637128829956,0.2213296890258789,-0.30002403259277344,0.4522637128829956,1,1.0,1.0
1.0039246082305908,1.0039246082305908,1.0048748254776,0.013476882129907608,1.0,1.0,0.0,0.0,0.0,309,127904,3,7,36.43152618408203,0.7177238552260503,0.003019563388079405,0.0037508471868932247,0.002088475739583373,0.37508471868932247,1.0,0.45244503021240234,-0.0236051082611084,0.4573585093021393,0.2217545509338379,-0.2936666011810303,0.4573584794998169,1,1.0,1.0
1.0035618543624878,1.0035618543624878,1.0409338474273682,0.06074623018503189,1.0,1.0,1.0,1.0,0.0,324,128576,19,7,36.16255187988281,1.3392407607327688,-0.003025075187906623,-0.004778478294610977,0.0025901012122631073,0.4778478294610977,1.0,0.4426302909851074,-0.03361225128173828,0.45786014199256897,0.21573913097381592,-0.3020632266998291,0.4578601121902466,1,1.0,1.0
1.0000466108322144,1.0000466108322144,1.0035631656646729,0.016837066039443016,1.0,1.0,0.0,0.0,0.0,291,128736,18,7,35.73430633544922,0.7632112609118956,-0.0003626914694905281,-0.0021355366334319115,-0.0006780970725230873,0.21355366334319115,1.0,0.44878673553466797,-0.029598116874694824,0.4545919597148895,0.21867936849594116,-0.298137903213501,0.45459192991256714,1,1.0,1.0
1.0019426345825195,1.0019426345825195,1.0019915103912354,0.0011746662203222513,1.0,1.0,0.0,1.0,0.0,321,129504,9,7,36.81376647949219,0.06449903046727085,0.0007837691809982061,-0.0027323889080435038,-0.0013734290841966867,0.2732388908043504,1.0,0.4541902542114258,-0.028578519821166992,0.4538966715335846,0.21967506408691406,-0.2994260787963867,0.45389652252197266,1,1.0,1.0
1.0016274452209473,1.0016274452209473,1.0019021034240723,0.01766745187342167,1.0,1.0,0.0,1.0,0.0,331,129504,27,7,36.47629928588867,0.9965380468397889,-0.0011224820045754313,0.0036697646137326956,-0.00493815541267395,0.493815541267395,1.0,0.4466099739074707,-0.024344056844711304,0.4503318667411804,0.21779417991638184,-0.292909175157547,0.4503318667411804,1,1.0,1.0
0.12518854439258575,7.913875776921486e-09,0.12693308293819427,0.1358180195093155,0.0,0.0,1.0,1.0,1.0,600,132128,11,7,0.856607973575592,0.5090664319197739,-0.004454734269529581,0.004368355497717857,-0.004252509213984013,0.4454734269529581,1.0,0.4462406635284424,-0.02250051498413086,0.4510175287723541,0.44934558868408203,-0.0213315486907959,0.4510175883769989,1,1.5827751553842974e-09,0.0
1.0040689706802368,1.0040689706802368,1.030741572380066,0.027540599927306175,1.0,1.0,0.0,0.0,0.0,319,134912,1,7,36.902164459228516,0.049723300245070115,0.00401126267388463,-0.004328144248574972,-0.0011957560200244188,0.4328144248574972,1.0,0.4575080871582031,-0.030141115188598633,0.45407435297966003,0.22273540496826172,-0.30179834365844727,0.4540742039680481,1,0.9952879607677461,0.9528796076774597
1.0035121440887451,1.0035121440887451,1.0052034854888916,0.00265368795953691,1.0,1.0,0.0,0.0,0.0,258,135104,13,7,33.81841278076172,0.05514253508315955,0.003246374661102891,-0.0018355668289586902,0.0022655909415334463,0.3246374661102891,1.0,0.4567098617553711,-0.027660846710205078,0.45753559470176697,0.2220146656036377,-0.2991023063659668,0.45753562450408936,1,0.9262068957090378,0.2620689570903778
0.020569372922182083,7.913875776921486e-09,0.0033224960789084435,0.025741755962371826,0.0,0.0,0.0,1.0,1.0,600,135712,12,7,1.629846453666687,1.2845293446553798,0.0003734433848876506,0.002509154612198472,0.0028518601320683956,0.28518601320683956,1.0,0.44636011123657227,-0.02619302272796631,0.4581218659877777,0.4541738033294678,-0.023190796375274658,0.45812198519706726,1,1.5827751553842974e-09,0.0
1.0000174045562744,1.0000174045562744,1.0000760555267334,0.018930278718471527,1.0,1.0,0.0,1.0,0.0,327,135840,29,7,36.55519104003906,1.081260673799979,0.002820374211296439,0.002288505667820573,-0.0013183180708438158,0.2820374211296439,1.0,0.4500389099121094,-0.025927066802978516,0.45395171642303467,0.22186517715454102,-0.293703556060791,0.45395177602767944,1,1.0,1.0
0.023120271041989326,7.913875776921486e-09,0.0234553012996912,0.05307287722826004,0.0,0.0,1.0,1.0,1.0,600,136128,28,7,1.178493618965149,1.6969616732284316,0.0009948614751920104,-0.0011055745417252183,0.001489889807999134,0.1489889807999134,1.0,0.4444873332977295,-0.030808687210083008,0.4567599892616272,0.45479512214660645,-0.026805520057678223,0.4567599594593048,1,1.5827751553842974e-09,0.0
1.005588173866272,1.005588173866272,1.0182828903198242,0.022358790040016174,1.0,1.0,0.0,0.0,0.0,266,136160,8,7,34.3438720703125,0.5537028920845708,0.001769046881236136,-0.003608045168220997,-0.0017193974927067757,0.3608045168220997,1.0,0.4521927833557129,-0.030580759048461914,0.45355069637298584,0.22037506103515625,-0.30163276195526123,0.45355063676834106,1,0.9625,0.625
0.029843736439943314,7.913874000564647e-09,0.0019478239119052887,0.03353479504585266,0.0,0.0,0.0,1.0,1.0,600,136480,7,7,1.526679515838623,1.8098005604635676,0.002079083351418376,0.0048202271573245525,-0.0024464528542011976,0.48202271573245525,1.0,0.44489049911499023,-0.025159865617752075,0.4528235197067261,0.45587873458862305,-0.02087971568107605,0.452823668718338,1,1.5827748001129294e-09,0.0
0.02870483696460724,7.913876665099906e-09,0.0015912862727418542,0.030691970139741898,0.0,0.0,0.0,1.0,1.0,600,136544,0,7,0.7670660018920898,1.6673476805345488,0.0021636509336531162,0.003734003286808729,-0.0039266496896743774,0.39266496896743774,1.0,0.4458346366882324,-0.025896549224853516,0.4513434171676636,0.455963134765625,-0.021965503692626953,0.45134344696998596,1,1.5827753330199813e-09,0.0
0.014782986603677273,7.913875776921486e-09,0.0009541800245642662,0.018371552228927612,0.0,0.0,0.0,1.0,1.0,600,136640,6,7,1.5763671398162842,0.9979425044878727,-0.0012401225976645947,-7.198851380962878e-05,0.002517416374757886,0.2517416374757886,1.0,0.4464836120605469,-0.028089284896850586,0.45778748393058777,0.4525594711303711,-0.0257718563079834,0.45778748393058777,1,1.5827751553842974e-09,0.0
0.013967866078019142,7.913876665099906e-09,0.010237650014460087,0.027994005009531975,0.0,0.0,0.0,1.0,1.0,600,136864,21,7,0.846783459186554,1.0173642541145098,-0.0035834917798638344,0.0016833390109241009,0.003909660037606955,0.39096600376069546,1.0,0.44402265548706055,-0.026380062103271484,0.45917966961860657,0.4502166509628296,-0.024016618728637695,0.45917972922325134,1,1.5827753330199813e-09,0.0
1.0038118362426758,1.0038118362426758,1.0048940181732178,0.02743026427924633,1.0,1.0,0.0,0.0,0.0,256,136928,18,7,33.210811614990234,1.5096295412539629,-0.0033013117499649525,0.004774278961122036,-0.00022200579405762255,0.4774278961122036,1.0,0.44132325053215027,-0.02447199821472168,0.4550480544567108,0.2154431939125061,-0.2926015853881836,0.4550480246543884,1,0.9283687949180603,0.283687949180603
0.001919349073432386,7.913875776921486e-09,8.992617949843407e-06,0.033091284334659576,0.0,0.0,0.0,1.0,1.0,600,136960,25,7,1.331311583518982,1.895476318978092,-0.0009130212711170316,-0.004679202567785978,-0.003141707042232156,0.46792025677859783,1.0,0.44138169288635254,-0.03487062454223633,0.4521282911300659,0.45288729667663574,-0.03037881851196289,0.4521283805370331,1,1.5827751553842974e-09,0.0
1.0026837587356567,1.0026837587356567,1.0027226209640503,0.025752300396561623,1.0,1.0,0.0,0.0,0.0,293,137280,3,7,35.438690185546875,1.4732730846322197,-0.004687451757490635,-0.004809811245650053,-0.00491535197943449,0.491535197943449,1.0,0.4401564598083496,-0.03396773338317871,0.450354665517807,0.21414566040039062,-0.30177438259124756,0.4503546357154846,1,1.0,1.0
0.028710031881928444,7.913876665099906e-09,0.02873295173048973,0.046687908470630646,0.0,0.0,0.0,1.0,1.0,600,137376,30,7,1.0491394996643066,1.028743776158574,0.00032784545328468084,-0.0030452178325504065,0.0023404047824442387,0.30452178325504065,1.0,0.4478645324707031,-0.03113555908203125,0.4576103985309601,0.45412731170654297,-0.02874469757080078,0.45761051774024963,1,1.5827753330199813e-09,0.0
0.006275578401982784,7.913875776921486e-09,0.006183338817209005,0.013621041551232338,0.0,0.0,0.0,1.0,1.0,600,137504,2,7,1.6215966939926147,0.4261493227779942,-0.0025451930705457926,-0.0028941200580447912,0.0017645569751039147,0.2894120058044791,1.0,0.4486551284790039,-0.029570400714874268,0.4570346772670746,0.45125436782836914,-0.02859407663345337,0.4570346772670746,1,1.5827751553842974e-09,0.0
0.00025284610455855727,7.913876665099906e-09,0.0002931774070020765,0.01092381589114666,0.0,0.0,0.0,1.0,1.0,600,138272,20,7,1.5071221590042114,0.6090911372200256,0.001116613275371492,-0.0020855118054896593,0.0015762258553877473,0.20855118054896593,1.0,0.4512033462524414,-0.02918720245361328,0.45684632658958435,0.4549168348312378,-0.027785301208496094,0.45684632658958435,1,1.5827753330199813e-09,0.0
1.0020536184310913,1.0020536184310913,1.0048670768737793,0.005769673734903336,1.0,1.0,0.0,0.0,0.0,304,138304,19,7,36.253910064697266,0.16937852617384055,-0.00047474747407250106,-0.00029520646785385907,-0.0017046058783307672,0.17046058783307672,1.0,0.45229119062423706,-0.02638077735900879,0.4535655081272125,0.21840807795524597,-0.2970297336578369,0.45356547832489014,1,1.0,1.0
0.0008599079446867108,7.913876665099906e-09,2.3902523025753908e-05,0.03832927718758583,0.0,0.0,0.0,1.0,1.0,600,139008,24,7,1.1519685983657837,2.194737002037381,-0.002772439969703555,-0.002602333202958107,-0.0028763229493051767,0.2876322949305177,1.0,0.43771934509277344,-0.03353762626647949,0.45239365100860596,0.4510277509689331,-0.02830219268798828,0.4523938000202179,1,1.5827753330199813e-09,0.0
0.7069823145866394,7.913876665099906e-09,0.7070829272270203,0.7497286796569824,0.0,0.0,1.0,1.0,1.0,600,139264,16,7,4.406896114349365,2.443422268726841,0.00138324243016541,0.002298766514286399,-0.000911199429538101,0.2298766514286399,1.0,0.4403800964355469,-0.02926158905029297,0.45435887575149536,0.45518335700035095,-0.023401260375976562,0.45435890555381775,1,0.07520661512342475,0.7520661354064941
0.014668053947389126,7.913875776921486e-09,0.0008118177647702396,0.018831543624401093,0.0,0.0,0.0,1.0,1.0,600,139904,14,7,1.039719581604004,1.0324543831468893,-0.004346849396824837,0.0030696603935211897,0.0019749971106648445,0.4346849396824837,1.0,0.44316792488098145,-0.025029420852661133,0.45724502205848694,0.44945359230041504,-0.02263021469116211,0.4572450816631317,1,1.5827751553842974e-09,0.0
1.0047948360443115,1.0047948360443115,1.0049493312835693,0.037619449198246,1.0,1.0,0.0,1.0,0.0,365,141184,9,8,36.785789489746094,2.146581820511264,0.00345037248916924,0.004189854022115469,-0.0010638391831889749,0.4189854022115469,1.0,0.4442319869995117,-0.026624679565429688,0.4542062282562256,0.22211742401123047,-0.2935452461242676,0.4542061686515808,1,1.0,1.0
0.32811465859413147,7.913876665099906e-09,0.3290797770023346,0.35587871074676514,0.0,0.0,1.0,1.0,1.0,600,142784,15,8,2.3414809703826904,1.5354659057282998,0.004542387556284666,-0.004628386348485947,0.0024247681722044945,0.46283863484859467,1.0,0.4490106701850891,-0.03393745422363281,0.45769476890563965,0.4583425223827362,-0.030327796936035156,0.4576948583126068,1,1.5827753330199813e-09,0.0
0.02009272389113903,7.913867783315709e-09,0.002530645113438368,0.025055501610040665,0.0,0.0,0.0,1.0,1.0,600,142880,26,8,0.929789662361145,1.2905803586514824,-0.0008669187664054334,0.004842331167310476,0.0015816416125744581,0.48423311673104763,1.0,0.4450833797454834,-0.023874282836914062,0.45685163140296936,0.45293354988098145,-0.020857572555541992,0.4568517506122589,1,1.5827735566631419e-09,0.0
0.07864974439144135,7.913877553278326e-09,0.07871681451797485,0.08103574067354202,0.0,0.0,1.0,1.0,1.0,600,143008,17,8,2.2880845069885254,0.1328645349741507,0.0001851514243753627,-0.0013189326273277402,0.002743359887972474,0.2743359887972474,1.0,0.45317381620407104,-0.027321308851242065,0.4580133855342865,0.4539852440357208,-0.027018874883651733,0.4580134451389313,1,0.020000001880798736,0.20000000298023224
0.8121280670166016,7.913875776921486e-09,0.8128809332847595,0.8502436876296997,0.0,0.0,1.0,1.0,1.0,600,143328,22,8,5.229318618774414,2.1407202375429235,-0.0033263834193348885,0.001684526912868023,0.004115800838917494,0.4115800838917494,1.0,0.43749070167541504,-0.029115617275238037,0.45938581228256226,0.4504739046096802,-0.024015426635742188,0.4593859016895294,1,0.07876712242094044,0.7876712083816528
0.011560231447219849,7.913875776921486e-09,0.011854286305606365,0.012004141695797443,0.0,0.0,0.0,1.0,1.0,600,144000,10,8,1.5575387477874756,0.00858614309372109,-0.002699294127523899,0.003609489882364869,0.004436664283275604,0.4436664283275604,1.0,0.4510483741760254,-0.022110462188720703,0.45970669388771057,0.45110106468200684,-0.02208995819091797,0.45970675349235535,1,1.5827751553842974e-09,0.0
0.2991718649864197,7.913876665099906e-09,0.2993905246257782,0.32293152809143066,0.0,0.0,1.0,1.0,1.0,600,144288,31,8,3.3006529808044434,1.3488035591793155,-0.002364120678976178,-0.004373006522655487,-0.004079459700733423,0.4373006522655487,1.0,0.4432334899902344,-0.03323006629943848,0.4511905610561371,0.45143556594848633,-0.030072927474975586,0.45119062066078186,1,0.05500000277486823,0.550000011920929
1.002670168876648,1.002670168876648,1.002694010734558,0.002597298240289092,1.0,1.0,0.0,0.0,0.0,255,144800,6,8,33.574188232421875,0.1474461484186949,-0.002234836807474494,-0.0035642986185848713,0.0001663417206145823,0.35642986185848713,1.0,0.4506645202636719,-0.029599905014038086,0.4554363787174225,0.2165994644165039,-0.3005237579345703,0.45543646812438965,1,0.9267123281955719,0.267123281955719
1.0014991760253906,1.0014991760253906,1.001806616783142,0.01710737869143486,1.0,1.0,0.0,1.0,0.0,330,145472,1,8,36.59832000732422,0.9625654329600859,0.0017855087062343955,0.0018341594841331244,-0.003754239296540618,0.3754239296540618,1.0,0.4497237205505371,-0.02609872817993164,0.4515158534049988,0.22071170806884766,-0.29469799995422363,0.45151573419570923,1,1.0,1.0
0.6814515590667725,7.913875776921486e-09,0.6859374046325684,0.7081960439682007,0.0,0.0,1.0,1.0,1.0,600,145504,23,8,4.73789644241333,1.275326945409257,-0.004500462207943201,-0.0045961542055010796,-0.0010280376300215721,0.45961542055010796,1.0,0.4415419101715088,-0.03327608108520508,0.4542420208454132,0.449299693107605,-0.0302962064743042,0.454242080450058,1,0.0661290363403893,0.6612903475761414
1.0011944770812988,1.0011944770812988,1.0057506561279297,0.006802544463425875,1.0,1.0,0.0,0.0,0.0,283,145536,7,8,35.028594970703125,0.12870612370837656,-0.001624052762053907,-0.0023162171710282564,0.00493862759321928,0.493862759321928,1.0,0.45138978958129883,-0.02830904722213745,0.4602087438106537,0.21732664108276367,-0.2987373173236847,0.46020859479904175,1,0.974675327539444,0.7467532753944397
2.583737477834802e-05,7.913876665099906e-09,4.364657070254907e-05,0.01739088073372841,0.0,0.0,0.0,1.0,1.0,600,145728,5,8,1.1594369411468506,0.9939232583264376,-0.0019457275047898293,-0.0020267057698220015,-0.004841507878154516,0.4841507878154516,1.0,0.4458022117614746,-0.03003406524658203,0.4504285752773285,0.45185375213623047,-0.027726173400878906,0.4504285752773285,1,1.5827753330199813e-09,0.0
1.0046013593673706,1.0046013593673706,1.0059678554534912,0.005133559927344322,1.0,1.0,0.0,0.0,0.0,315,145792,12,8,36.737701416015625,0.21584199524054976,0.0029284320771694183,-0.0020434893667697906,-0.0002611980016808957,0.29284320771694183,1.0,0.4554111957550049,-0.028235435485839844,0.45500895380973816,0.22161126136779785,-0.2997080683708191,0.45500874519348145,1,1.0,1.0
1.007057547569275,1.007057547569275,1.007596731185913,0.013540291227400303,1.0,1.0,0.0,0.0,0.0,267,146048,2,8,33.834007263183594,0.7449024585940005,0.0026290337555110455,-0.002631124574691057,-0.004865420050919056,0.4865420050919056,1.0,0.4518895149230957,-0.030050665140151978,0.45040467381477356,0.22112083435058594,-0.3011924922466278,0.45040464401245117,1,0.9298611104488373,0.2986111044883728
1.0040525197982788,1.0040525197982788,1.0353336334228516,0.04822203889489174,1.0,1.0,0.0,0.0,0.0,309,146048,8,8,36.40096664428711,0.9706434123140953,0.004570364486426115,-0.0019398288568481803,0.0005800831713713706,0.4570364486426115,1.0,0.45245981216430664,-0.0298922061920166,0.4558500647544861,0.2232961654663086,-0.29940366744995117,0.45585018396377563,1,1.0,1.0
0.43035727739334106,7.913875776921486e-09,0.43076765537261963,0.4569755792617798,0.0,0.0,1.0,1.0,1.0,600,146368,4,8,4.153995990753174,1.5016039622574922,0.00025951594579964876,-0.001012519234791398,0.0014823261881247163,0.14823261881247163,1.0,0.4449324607849121,-0.030239105224609375,0.45675238966941833,0.4540591239929199,-0.026712417602539062,0.4567524492740631,1,0.0632911399933434,0.6329113841056824
1.005739450454712,1.005739450454712,1.005829095840454,0.04214786738157272,1.0,1.0,0.0,1.0,0.0,332,146464,29,8,36.13542556762695,2.4097616023931376,0.0017379363998770714,0.00023528716701548547,-0.003116423496976495,0.3116423496976495,1.0,0.440936803817749,-0.031240463256835938,0.45215362310409546,0.22033262252807617,-0.29784536361694336,0.45215362310409546,1,1.0,1.0
1.004828691482544,1.004828691482544,1.008876085281372,0.02109535224735737,1.0,1.0,0.0,0.0,0.0,323,146880,0,8,36.55097579956055,0.9767714793817719,3.865679900627583e-05,-0.001048840000294149,-0.004569417331367731,0.4569417331367731,1.0,0.4478912353515625,-0.02901601791381836,0.45070064067840576,0.2187037467956543,-0.2987966537475586,0.45070064067840576,1,1.0,1.0
1.0048511028289795,1.0048511028289795,1.0172244310379028,0.0226720180362463,1.0,1.0,0.0,0.0,0.0,288,147520,19,8,35.88276672363281,0.5900733826106243,0.0020612578373402357,-0.0007215477526187897,0.004895188845694065,0.4895188845694065,1.0,0.45226356387138367,-0.02777862548828125,0.4601651728153229,0.22072464227676392,-0.2984766960144043,0.46016526222229004,1,1.0,1.0
1.0047435760498047,1.0047435760498047,1.0471956729888916,0.07896818220615387,1.0,1.0,1.0,0.0,0.0,330,147936,30,8,36.280250549316406,2.092220131463721,0.0002260205801576376,-0.002261966234073043,0.004905245266854763,0.4905245266854763,1.0,0.44133424758911133,-0.032941341400146484,0.4601752758026123,0.21889781951904297,-0.29997825622558594,0.4601753354072571,1,1.0,1.0
1.0041241645812988,1.0041241645812988,1.0364062786102295,0.0517657995223999,1.0,1.0,1.0,0.0,0.0,300,148608,24,8,36.14216232299805,1.1163315607538788,0.004160408861935139,0.0042270515114068985,0.0006593240541405976,0.42270515114068985,1.0,0.45116615295410156,-0.02407217025756836,0.4559292793273926,0.22288060188293457,-0.29326295852661133,0.45592933893203735,1,1.0,1.0
0.006506815552711487,7.913875776921486e-09,0.006525883916765451,0.04856876656413078,0.0,0.0,0.0,1.0,1.0,600,148704,27,8,1.0175317525863647,2.408880507990206,0.001364035066217184,-0.0016326402546837926,1.5812360288691707e-05,0.16326402546837926,1.0,0.4405684471130371,-0.0331057608127594,0.45528584718704224,0.45516443252563477,-0.027332574129104614,0.4552859365940094,1,1.5827751553842974e-09,0.0
1.0055606365203857,1.0055606365203857,1.0064871311187744,0.013480869121849537,1.0,1.0,0.0,0.0,0.0,297,148768,16,8,35.943572998046875,0.7193044036886737,-0.0026777158491313457,0.0025896141305565834,-0.00026108018937520683,0.2677715849131346,1.0,0.4467385411262512,-0.024770021438598633,0.4550090432167053,0.2159302830696106,-0.2954249382019043,0.4550090432167053,1,1.0,1.0
1.0005617141723633,1.0005617141723633,1.0031163692474365,0.029151085764169693,1.0,1.0,0.0,0.0,0.0,255,151040,26,8,33.124229431152344,1.5238666436920314,0.0016708675539121032,0.004233750980347395,-0.0014275943394750357,0.4233750980347395,1.0,0.4462089538574219,-0.02504730224609375,0.453842431306839,0.2206718921661377,-0.29195642471313477,0.4538424611091614,1,0.9248226955533028,0.24822695553302765
0.02199980802834034,7.913875776921486e-09,0.0013452608836814761,0.024341650307178497,0.0,0.0,0.0,1.0,1.0,600,151328,11,8,0.9724422693252563,1.3175962114181157,-0.004244471434503794,-0.000398532603867352,-0.0035219257697463036,0.42444714345037937,1.0,0.4415419101715088,-0.029180288314819336,0.4517481029033661,0.4495558738708496,-0.02609848976135254,0.45174816250801086,1,1.5827751553842974e-09,0.0
1.0047794580459595,1.0047794580459595,1.0064843893051147,0.03135063126683235,1.0,1.0,0.0,0.0,0.0,271,152000,22,8,33.499794006347656,1.698576799523728,-0.0025152883026748896,0.0021110696252435446,-0.0008491412154398859,0.25152883026748896,1.0,0.4409675598144531,-0.027595877647399902,0.45442092418670654,0.21615362167358398,-0.2956181764602661,0.4544209837913513,1,0.928571429848671,0.2857142984867096
0.028427191078662872,7.913875776921486e-09,0.028489192947745323,0.07211276888847351,0.0,0.0,1.0,1.0,1.0,600,154304,13,8,0.47949981689453125,2.4994471088372823,-0.001549793523736298,-0.003152914112433791,-0.0008322861394844949,0.3152914112433791,1.0,0.43711066246032715,-0.03485524654388428,0.454437792301178,0.45225048065185547,-0.02885305881500244,0.45443782210350037,1,1.5827751553842974e-09,0.0
1.0056791305541992,1.0056791305541992,1.0061566829681396,0.03717110678553581,1.0,1.0,0.0,0.0,0.0,300,155328,5,8,35.576045989990234,2.102389642807635,0.0007636718801222742,0.00029763876227661967,-0.004288535565137863,0.4288535565137863,1.0,0.44181108474731445,-0.030406475067138672,0.4509814977645874,0.2193622589111328,-0.2977604866027832,0.4509814381599426,1,1.0,1.0
0.06491174548864365,7.913876665099906e-09,0.07076709717512131,0.10799116641283035,0.0,0.0,1.0,1.0,1.0,600,155328,28,8,1.4498142004013062,2.1327814232932534,-0.004783691372722387,0.0016083955997601151,-0.0023522258270531893,0.47836913727223873,1.0,0.4360809326171875,-0.02917182445526123,0.45291781425476074,0.4490165710449219,-0.024091601371765137,0.45291784405708313,1,1.5827753330199813e-09,0.0
1.0026836395263672,1.0026836395263672,1.0061767101287842,0.01758938655257225,1.0,1.0,0.0,0.0,0.0,264,155968,19,8,33.551780700683594,0.8076603177613404,-0.004504209849983454,-0.0045999037101864815,0.0009936864953488111,0.45999037101864815,1.0,0.44437509775161743,-0.03216671943664551,0.45626381039619446,0.2143290638923645,-0.30156421661376953,0.4562637209892273,1,0.9262068957090378,0.2620689570903778
0.9398105144500732,7.913875776921486e-09,0.9403639435768127,0.9448315501213074,0.0,0.0,1.0,1.0,1.0,600,156064,21,8,3.5288472175598145,0.255969796841411,-5.6908953411038965e-05,-0.002655901713296771,0.003167208982631564,0.3167208982631564,1.0,0.45218074321746826,-0.028940200805664062,0.45843732357025146,0.4537433385848999,-0.028355836868286133,0.4584372937679291,1,0.019526629242572823,0.19526627659797668
0.7551526427268982,7.913875776921486e-09,0.7559943795204163,0.7905333042144775,0.0,0.0,1.0,1.0,1.0,600,156128,18,8,2.6023130416870117,1.978942084409294,0.001838592579588294,0.0036406333092600107,0.001757737249135971,0.36406333092600107,1.0,0.4436299502849579,-0.026757121086120605,0.457027792930603,0.45563867688179016,-0.022059321403503418,0.4570278227329254,1,0.024060152563724558,0.24060150980949402
0.07140492647886276,7.913875776921486e-09,0.07250258326530457,0.11125897616147995,0.0,0.0,1.0,1.0,1.0,600,156160,25,8,1.6022390127182007,2.2205779555450667,-0.0023426287807524204,0.0018149979878216982,-0.00040153341251425445,0.23426287807524204,1.0,0.43799376487731934,-0.029184341430664062,0.45486852526664734,0.4514577388763428,-0.023884296417236328,0.4548685848712921,1,1.5827751553842974e-09,0.0
1.0025721788406372,1.0025721788406372,1.0030256509780884,0.01701877824962139,1.0,1.0,0.0,1.0,0.0,336,156288,7,8,36.69599151611328,0.9491208459091505,-0.00010493890295038,-0.0014469492016360164,0.0044378601014614105,0.44378601014614105,1.0,0.44791555404663086,-0.029348313808441162,0.4597078859806061,0.21873712539672852,-0.2983705997467041,0.45970791578292847,1,1.0,1.0
0.4552013874053955,7.913875776921486e-09,0.4555661380290985,0.4884992837905884,0.0,0.0,1.0,1.0,1.0,600,156480,3,8,3.780153512954712,1.8869281237884095,0.0012419598642736673,-0.0026228977367281914,-0.0008754481677897274,0.26228977367281914,1.0,0.4435877799987793,-0.03279316425323486,0.4543945789337158,0.45504140853881836,-0.028322815895080566,0.454394668340683,1,0.06419752994504933,0.6419752836227417
1.0041528940200806,1.0041528940200806,1.0055954456329346,0.002336152596399188,1.0,1.0,0.0,1.0,0.0,322,156672,4,8,36.99897384643555,0.05120287996886421,0.0037840944714844227,-0.0025886581279337406,-0.0026253138203173876,0.37840944714844227,1.0,0.4572720527648926,-0.028404951095581055,0.4526447355747223,0.2225027084350586,-0.30008935928344727,0.4526447653770447,1,1.0,1.0
1.0050244331359863,1.0050244331359863,1.0109319686889648,0.027492577210068703,1.0,1.0,0.0,0.0,0.0,342,156736,12,8,36.86598587036133,1.2367385110328006,0.0018520103767514229,0.0009088882943615317,0.004786530043929815,0.47865300439298153,1.0,0.44812822341918945,-0.027678489685058594,0.46005651354789734,0.22050213813781738,-0.29690995812416077,0.4600566029548645,1,1.0,1.0
1.0000272989273071,1.0000272989273071,1.0024356842041016,0.010174850933253765,1.0,1.0,0.0,0.0,0.0,319,157088,0,8,36.572906494140625,0.44498130157805654,-0.0013779662549495697,0.0045974948443472385,-0.00398105476051569,0.45974948443472385,1.0,0.4497079849243164,-0.02212238311767578,0.4512890875339508,0.2176656723022461,-0.2913975715637207,0.45128893852233887,1,1.0,1.0
1.0016402006149292,1.0016402006149292,1.0433642864227295,0.0804591104388237,1.0,1.0,1.0,1.0,0.0,355,157408,8,8,36.68872833251953,2.21933977031459,0.00047625714796595275,-0.00012645270908251405,0.00405528862029314,0.40552886202931404,1.0,0.44082021713256836,-0.03112316131591797,0.45932531356811523,0.2193918228149414,-0.2967100143432617,0.45932531356811523,1,1.0,1.0
0.031511109322309494,7.913875776921486e-09,0.00889663491398096,0.041766922920942307,0.0,0.0,0.0,1.0,1.0,600,157472,20,8,0.5925888419151306,1.8833286140958128,0.002934699412435293,0.002656445372849703,-0.0014334277948364615,0.2934699412435293,1.0,0.44530248641967773,-0.027504920959472656,0.4538366198539734,0.4567347764968872,-0.023043155670166016,0.4538366496562958,1,1.5827751553842974e-09,0.0
1.003609299659729,1.003609299659729,1.0151236057281494,0.020681941881775856,1.0,1.0,0.0,0.0,0.0,288,157920,27,8,35.43841552734375,0.5252617175763732,0.0005730560515075922,-0.0034916794393211603,-0.00021670939167961478,0.34916794393211603,1.0,0.4511702060699463,-0.03039795160293579,0.4550533592700958,0.21933364868164062,-0.3007938265800476,0.45505326986312866,1,1.0,1.0
1.0005120038986206,1.0005120038986206,1.059156894683838,0.08852726966142654,1.0,1.0,1.0,0.0,0.0,301,158400,16,8,35.55506134033203,1.712142302267314,-0.0007358213188126683,-0.0016928553814068437,0.0015939577715471387,0.16928553814068437,1.0,0.44266486167907715,-0.03143310546875,0.45686399936676025,0.2182692289352417,-0.2978646755218506,0.4568639397621155,1,0.9951871633529663,0.9518716335296631
0.4915672242641449,7.913875776921486e-09,0.4918595552444458,0.530158281326294,0.0,0.0,1.0,1.0,1.0,600,159104,14,8,3.6453473567962646,2.194356645877976,-0.0026178539264947176,0.000607222958933562,0.0037173491436988115,0.37173491436988115,1.0,0.43787670135498047,-0.030327320098876953,0.45898735523223877,0.45118260383605957,-0.02509307861328125,0.45898744463920593,1,0.06629213849035268,0.6629213690757751
1.0002957582473755,1.0002957582473755,1.030157208442688,0.07006260752677917,1.0,1.0,1.0,0.0,0.0,262,159712,11,8,33.08920669555664,2.3033513105491585,0.0036969271022826433,-0.001621721312403679,-0.00047418000758625567,0.36969271022826433,1.0,0.44353556632995605,-0.03282928466796875,0.45479583740234375,0.22271943092346191,-0.2977147102355957,0.4547958970069885,1,0.927142858505249,0.27142858505249023
0.022017596289515495,7.913875776921486e-09,0.039326317608356476,0.07601428776979446,0.0,0.0,1.0,1.0,1.0,600,160384,9,9,0.6472876071929932,2.1020652088220597,0.003558865049853921,-0.004914628807455301,-0.004913557320833206,0.49146288074553013,1.0,0.444608211517334,-0.03561830520629883,0.45035648345947266,0.45735836029052734,-0.030614376068115234,0.45035651326179504,1,1.5827751553842974e-09,0.0
1.0055851936340332,1.0055851936340332,1.0057621002197266,0.020613746717572212,1.0,1.0,0.0,0.0,0.0,264,160448,22,9,33.597896575927734,1.170942658427833,-0.001264008809812367,-0.003902557771652937,0.0004081150982528925,0.3902557771652937,1.0,0.4454108476638794,-0.03233212232589722,0.4556781053543091,0.21734213829040527,-0.30192628502845764,0.4556781053543091,1,0.930769231915474,0.3076923191547394
0.037470925599336624,7.913876665099906e-09,0.0009616445749998093,0.04214512184262276,0.0,0.0,0.0,1.0,1.0,600,161984,15,9,2.1105668544769287,2.3596418877069953,-0.0024808677844703197,0.0020007877610623837,0.0001411531411577016,0.24808677844703197,1.0,0.4370191991329193,-0.029347896575927734,0.4554111361503601,0.45131924748420715,-0.023698806762695312,0.45541122555732727,1,1.5827753330199813e-09,0.0
0.8085761666297913,7.913876665099906e-09,0.8101212978363037,0.8422260284423828,0.0,0.0,1.0,1.0,1.0,600,162208,17,9,2.984410047531128,1.8394623644816406,0.0036819991655647755,0.004656810779124498,-0.0018707779236137867,0.46568107791244984,1.0,0.4463142454624176,-0.025396376848220825,0.4533991813659668,0.45748212933540344,-0.02104315161705017,0.45339933037757874,1,0.03260869840112708,0.32608696818351746
6.504190241685137e-05,7.913875776921486e-09,8.23969385237433e-05,0.02671092003583908,0.0,0.0,0.0,1.0,1.0,600,163200,10,9,1.0642774105072021,1.5257021503097665,0.0005404232651926577,-0.00447965320199728,0.0017802789807319641,0.447965320199728,1.0,0.4450676441192627,-0.033765316009521484,0.45705026388168335,0.45434069633483887,-0.030179500579833984,0.4570503532886505,1,1.5827751553842974e-09,0.0
0.00010652010678313673,7.913874000564647e-09,0.00011585320316953585,0.024016572162508965,0.0,0.0,0.0,1.0,1.0,600,163488,31,9,1.1987718343734741,1.3694108802354787,-2.5996461772592738e-05,-0.004687155596911907,0.004404833540320396,0.4687155596911907,1.0,0.4454469680786133,-0.03359365463256836,0.4596749246120453,0.45377349853515625,-0.030386924743652344,0.4596749246120453,1,1.5827748001129294e-09,0.0
0.0006470503867603838,7.913875776921486e-09,0.0017825247487053275,0.010650690644979477,0.0,0.0,0.0,1.0,1.0,600,164000,6,9,1.8202773332595825,0.5081090314972085,-0.003255559131503105,-0.001788704190403223,-0.002066835993900895,0.3255559131503105,1.0,0.4474458694458008,-0.028655052185058594,0.4532032608985901,0.4505438804626465,-0.02748847007751465,0.4532032310962677,1,1.5827751553842974e-09,0.0
0.03448149561882019,7.913876665099906e-09,0.0037939685862511396,0.04222956299781799,0.0,0.0,0.0,1.0,1.0,600,164672,1,9,0.6376499533653259,2.2021972761583273,-0.003875162685289979,0.0021966975182294846,-0.0006241197697818279,0.3875162685289979,1.0,0.4365715980529785,-0.028757095336914062,0.45464587211608887,0.4499244689941406,-0.02350330352783203,0.45464596152305603,1,1.5827753330199813e-09,0.0
0.0017380400095134974,7.913875776921486e-09,0.0019864817149937153,0.02527027018368244,0.0,0.0,0.0,1.0,1.0,600,164704,23,9,1.3411788940429688,1.3340629437333702,-0.002214177045971155,0.00042333119199611247,0.003320986870676279,0.3320986870676279,1.0,0.44347238540649414,-0.028397798538208008,0.4585910737514496,0.45158588886260986,-0.025276541709899902,0.4585910737514496,1,1.5827751553842974e-09,0.0
3.451969678280875e-05,7.913867783315709e-09,6.864986789878458e-05,0.003993323538452387,0.0,0.0,0.0,1.0,1.0,600,165248,2,9,1.3000881671905518,0.2248677300429646,-0.0031965512316673994,0.0040681143291294575,0.0026281008031219244,0.40681143291294575,1.0,0.4492306709289551,-0.022144794464111328,0.4578981101512909,0.45060300827026367,-0.021631836891174316,0.45789816975593567,1,1.5827735566631419e-09,0.0
1.0018941164016724,1.0018941164016724,1.0250349044799805,0.02570689283311367,1.0,1.0,0.0,1.0,0.0,342,165248,13,9,37.25222396850586,0.14701624670738078,0.004291777033358812,0.002032066695392132,-0.00012260883522685617,0.42917770333588123,1.0,0.45719408988952637,-0.024002552032470703,0.4551474153995514,0.22318744659423828,-0.2946441173553467,0.455147385597229,1,0.9989130437374115,0.989130437374115
1.0040909051895142,1.0040909051895142,1.0408128499984741,0.05439278855919838,1.0,1.0,1.0,0.0,0.0,299,165536,19,9,36.148616790771484,1.0124740521121922,0.0048754774034023285,-0.001507966429926455,-0.002110445871949196,0.48754774034023285,1.0,0.45251137018203735,-0.029559612274169922,0.4531596601009369,0.22359821200370789,-0.29898595809936523,0.45315951108932495,1,1.0,1.0
0.034295883029699326,7.913875776921486e-09,0.017849156633019447,0.05414801090955734,0.0,0.0,1.0,1.0,1.0,600,165664,29,9,0.5384746789932251,2.0797706175974917,-0.0008764351368881762,-0.0005303847719915211,-0.004589626099914312,0.45896260999143124,1.0,0.4403076171875,-0.03117847442626953,0.45068037509918213,0.4529240131378174,-0.026230335235595703,0.4506804645061493,1,1.5827751553842974e-09,0.0
1.0000662803649902,1.0000662803649902,1.0235878229141235,0.03986794501543045,1.0,1.0,0.0,0.0,0.0,302,165792,18,9,36.044857025146484,0.9365804051495955,0.0033889454789459705,0.001278142211958766,0.0020208207424730062,0.33889454789459705,1.0,0.45148542523384094,-0.026593446731567383,0.4572908580303192,0.22242945432662964,-0.29473090171813965,0.4572908878326416,1,1.0,1.0
1.0024293661117554,1.0024293661117554,1.0070821046829224,0.005999255925416946,1.0,1.0,0.0,0.0,0.0,255,166080,27,9,33.70530319213867,0.07714942793431377,0.002406020648777485,-0.0029865442775189877,0.004473471082746983,0.44734710827469826,1.0,0.4557352066040039,-0.028861701488494873,0.45974352955818176,0.22125935554504395,-0.2998579442501068,0.45974355936050415,1,0.9253521114587784,0.2535211145877838
1.0042650699615479,1.0042650699615479,1.0143673419952393,0.014720618724822998,1.0,1.0,0.0,0.0,0.0,295,166112,4,9,36.250335693359375,0.2646074515009648,-0.00022272612841334194,-0.002135551767423749,0.0011774266604334116,0.2135551767423749,1.0,0.4519619941711426,-0.02843928337097168,0.4564475119113922,0.21848678588867188,-0.29967665672302246,0.45644742250442505,1,1.0,1.0
1.0027765035629272,1.0027765035629272,1.0029739141464233,0.005538953933864832,1.0,1.0,0.0,1.0,0.0,322,166592,7,9,36.71334457397461,0.306047516536328,2.913924618042074e-05,-0.0013836941216140985,-0.0044881985522806644,0.44881985522806644,1.0,0.4519619941711426,-0.027782827615737915,0.4507819414138794,0.2188549041748047,-0.2983819842338562,0.45078176259994507,1,1.0,1.0
1.0001287460327148,1.0001287460327148,1.0002734661102295,0.0433366484940052,1.0,1.0,0.0,0.0,0.0,316,166848,12,9,35.48653030395508,2.474719476164309,0.00471545709297061,0.00230602384544909,-0.004390420857816935,0.47154570929706097,1.0,0.4435243606567383,-0.029333561658859253,0.45087963342666626,0.22375130653381348,-0.2937261462211609,0.45087963342666626,1,1.0,1.0
0.030376238748431206,7.913875776921486e-09,0.003993837162852287,0.036904267966747284,0.0,0.0,0.0,1.0,1.0,600,167136,30,9,1.2747938632965088,1.8856293206290493,0.0004761672462336719,0.00425763288512826,-0.00031906701042316854,0.42576328851282597,1.0,0.44283008575439453,-0.025908946990966797,0.4549509882926941,0.45427560806274414,-0.021441936492919922,0.4549510180950165,1,1.5827751553842974e-09,0.0
0.02157575823366642,7.913875776921486e-09,0.022823572158813477,0.03858744353055954,0.0,0.0,0.0,1.0,1.0,600,167808,24,9,1.1076855659484863,0.9032030849447414,-0.0038932575844228268,-0.00239447969943285,-0.004702167119830847,0.4702167119830847,1.0,0.44440579414367676,-0.030186891555786133,0.4505677819252014,0.44990694522857666,-0.02809429168701172,0.45056793093681335,1,1.5827751553842974e-09,0.0
1.0023075342178345,1.0023075342178345,1.044856071472168,0.06480073183774948,1.0,1.0,1.0,1.0,0.0,368,168864,0,9,37.39567565917969,1.27495245894367,-0.001501397229731083,-0.004490206018090248,0.004661237820982933,0.4661237820982933,1.0,0.44454288482666016,-0.03316974639892578,0.45993125438690186,0.2173614501953125,-0.3013181686401367,0.45993125438690186,1,0.9989071011543275,0.9890710115432739
1.004773736000061,1.004773736000061,1.0049400329589844,0.005111708305776119,1.0,1.0,0.0,1.0,0.0,312,169088,14,9,36.49651336669922,0.28335018427456743,0.002722898032516241,0.0019028987735509872,0.0007296971161849797,0.2722898032516241,1.0,0.45479369163513184,-0.024444103240966797,0.45599982142448425,0.22139239311218262,-0.2958242893218994,0.4559996724128723,1,1.0,1.0
1.004501461982727,1.004501461982727,1.0050337314605713,0.008888612501323223,1.0,1.0,0.0,1.0,0.0,335,169120,16,9,37.113006591796875,0.47878180002676046,0.00269083003513515,0.00025804011966101825,-0.0001340794115094468,0.269083003513515,1.0,0.4535708427429199,-0.026540279388427734,0.4551359713077545,0.2213815450668335,-0.29736948013305664,0.4551360011100769,1,1.0,1.0
1.0016303062438965,1.0016303062438965,1.0042943954467773,0.022507937625050545,1.0,1.0,0.0,0.0,0.0,295,169824,9,9,35.75638961791992,1.1369758075202425,-0.0024237963370978832,-0.004668069072067738,-0.0016500429483130574,0.46680690720677376,1.0,0.4444565773010254,-0.033016204833984375,0.4536200165748596,0.2164926528930664,-0.30124783515930176,0.4536200165748596,1,1.0,1.0
1.0049560070037842,1.0049560070037842,1.0459184646606445,0.07318506389856339,1.0,1.0,1.0,0.0,0.0,297,169952,22,9,35.49064254760742,1.8462197694483105,-0.0021063743624836206,-0.0022925252560526133,-0.0009628424304537475,0.22925252560526133,1.0,0.4404853582382202,-0.03236231207847595,0.4543071985244751,0.21654880046844482,-0.30008628964424133,0.4543071985244751,1,1.0,1.0
0.006281389854848385,7.913875776921486e-09,0.01073317788541317,0.028327757492661476,0.0,0.0,0.0,1.0,1.0,600,170240,26,10,1.8247567415237427,1.0080952605239792,-0.0012302600080147386,0.001794832875020802,-0.0005845896084792912,0.1794832875020802,1.0,0.44643211364746094,-0.02624654769897461,0.4546854496002197,0.45257019996643066,-0.023905038833618164,0.4546854794025421,1,1.5827751553842974e-09,0.0
1.0026509761810303,1.0026509761810303,1.0040019750595093,0.00816669873893261,1.0,1.0,0.0,0.0,0.0,311,172160,17,10,36.64772415161133,0.39051275742259983,-0.0003477454883977771,-0.003831747453659773,-0.002330179326236248,0.3831747453659773,1.0,0.45106983184814453,-0.03042590618133545,0.4529399573802948,0.21848803758621216,-0.30078431963920593,0.45293980836868286,1,1.0,1.0
1.0038892030715942,1.0038892030715942,1.0045111179351807,0.007431674748659134,1.0,1.0,0.0,0.0,0.0,298,173024,31,10,35.92986297607422,0.3901729021505388,-0.0034651453606784344,-0.002229170873761177,-0.0035353575367480516,0.35353575367480516,1.0,0.4479541778564453,-0.02882218360900879,0.45173463225364685,0.21527338027954102,-0.299633264541626,0.45173466205596924,1,1.0,1.0
1.0000478029251099,1.0000478029251099,1.0034797191619873,0.00470316968858242,1.0,1.0,0.0,0.0,0.0,248,174048,4,10,33.545204162597656,0.07283584997843999,-0.004480879753828049,-0.002199147129431367,-0.002785351127386093,0.44808797538280487,1.0,0.44887495040893555,-0.028064489364624023,0.4524846374988556,0.21456098556518555,-0.2982015609741211,0.452484667301178,1,0.9277777791023255,0.2777777910232544
1.0003583431243896,1.0003583431243896,1.0010976791381836,0.02966492995619774,1.0,1.0,0.0,1.0,0.0,316,174112,6,10,35.93024444580078,1.6573192552856775,-0.004536234308034182,-0.00378445559181273,-0.0029104873538017273,0.45362343080341816,1.0,0.4391956329345703,-0.03339052200317383,0.45235955715179443,0.21448087692260742,-0.2999000549316406,0.45235955715179443,1,1.0,1.0
0.025628332048654556,7.913876665099906e-09,0.02736048400402069,0.04043152183294296,0.0,0.0,0.0,1.0,1.0,600,174528,5,10,0.871373176574707,0.7489150346488243,-0.0027952874079346657,-0.0010570514714345336,0.002364504151046276,0.27952874079346657,1.0,0.4464411735534668,-0.02848672866821289,0.4576345980167389,0.4510045051574707,-0.026756763458251953,0.4576345980167389,1,1.5827753330199813e-09,0.0
0.0010098727652803063,7.913875776921486e-09,0.0010231933556497097,0.010760688222944736,0.0,0.0,0.0,1.0,1.0,600,174528,28,10,1.361899495124817,0.5579177057718504,-0.004894903860986233,-0.0001227812608703971,0.003686632262542844,0.4894903860986233,1.0,0.44550323486328125,-0.027105212211608887,0.45895668864250183,0.44890546798706055,-0.025822758674621582,0.4589567482471466,1,1.5827751553842974e-09,0.0
1.0002192258834839,1.0002192258834839,1.0024409294128418,0.01830698363482952,1.0,1.0,0.0,0.0,0.0,321,174944,1,10,36.628639221191406,0.921616207730038,0.0004913994926027954,-0.0014954803045839071,-0.0030791161116212606,0.30791161116212606,1.0,0.44867897033691406,-0.029331445693969727,0.45219096541404724,0.21951913833618164,-0.2975602149963379,0.45219099521636963,1,1.0,1.0
1.0001699924468994,1.0001699924468994,1.0376290082931519,0.05548800900578499,1.0,1.0,1.0,0.0,0.0,309,175136,13,10,36.22859573364258,1.0329800942695688,-0.0034132872242480516,-0.001669831108301878,0.0049403076991438866,0.49403076991438866,1.0,0.44409823417663574,-0.029770374298095703,0.4602103531360626,0.21561908721923828,-0.29771697521209717,0.460210382938385,1,1.0,1.0
0.03447182849049568,7.913875776921486e-09,0.03737812861800194,0.07332576811313629,0.0,0.0,1.0,1.0,1.0,600,175264,21,10,0.9517556428909302,2.05964695931193,-0.00022745212481822819,0.0017889563459903002,0.0013390558306127787,0.17889563459903002,1.0,0.4410775899887085,-0.028809309005737305,0.4566090703010559,0.4535726308822632,-0.023910999298095703,0.45660915970802307,1,1.5827751553842974e-09,0.0
1.0035269260406494,1.0035269260406494,1.0198478698730469,0.04862317442893982,1.0,1.0,0.0,0.0,0.0,265,175328,12,10,33.15138626098633,1.8507887391162259,-0.0029873305466026068,-0.0026863745879381895,-0.004432874731719494,0.4432874731719494,1.0,0.4395766258239746,-0.03276750445365906,0.45083707571029663,0.21578001976013184,-0.2999584972858429,0.4508371353149414,1,0.9223776221275329,0.2237762212753296
0.016310594975948334,7.913875776921486e-09,0.012583734467625618,0.030516577884554863,0.0,0.0,0.0,1.0,1.0,600,175360,25,10,1.2469149827957153,1.0274761357373021,-0.004047076683491468,-0.0037893205881118774,0.0020150102209299803,0.40470766834914684,1.0,0.4434981346130371,-0.031876564025878906,0.4572851061820984,0.4497532844543457,-0.02948904037475586,0.4572851359844208,1,1.5827751553842974e-09,0.0
0.0007319374708458781,7.913876665099906e-09,0.0007795883575454354,0.02208554744720459,0.0,0.0,0.0,1.0,1.0,600,175680,3,10,1.1174651384353638,1.2207422079966308,-0.0003701436799019575,-0.0021436065435409546,-0.004855047445744276,0.4855047445744276,1.0,0.4460024833679199,-0.030692577362060547,0.4504150152206421,0.4534292221069336,-0.027843594551086426,0.4504150450229645,1,1.5827753330199813e-09,0.0
1.0045353174209595,1.0045353174209595,1.0282565355300903,0.055357709527015686,1.0,1.0,1.0,0.0,0.0,304,176320,7,10,36.03546142578125,1.8126308201008918,0.004334266763180494,-0.0007594965281896293,-0.004857636988162994,0.48576369881629944,1.0,0.4471278190612793,-0.030746549367904663,0.45041245222091675,0.2230215072631836,-0.2983996868133545,0.450412392616272,1,1.0,1.0
0.03652111440896988,7.913875776921486e-09,0.019319070503115654,0.05912098288536072,0.0,0.0,1.0,1.0,1.0,600,176608,8,10,0.5897581577301025,2.280482343104075,-0.0018016207031905651,0.0036450179759413004,-0.004015660844743252,0.4015660844743252,1.0,0.438173770904541,-0.027504920959472656,0.45125436782836914,0.4519977569580078,-0.02205502986907959,0.4512544572353363,1,1.5827751553842974e-09,0.0
0.03674223646521568,7.913875776921486e-09,0.03989795595407486,0.0711050033569336,0.0,0.0,1.0,1.0,1.0,600,176672,20,10,1.723497748374939,1.788031787083385,0.001901885261759162,0.0028349230997264385,0.0016915462911128998,0.28349230997264385,1.0,0.44484448432922363,-0.027091503143310547,0.4569615125656128,0.45570194721221924,-0.022864341735839844,0.45696166157722473,1,1.5827751553842974e-09,0.0
7.150638793973485e-06,7.913874888743067e-09,1.7165615645353682e-05,0.012363002635538578,0.0,0.0,0.0,1.0,1.0,600,178912,11,10,1.1980327367782593,0.7073649662152268,-0.0016829284140840173,-0.004316327162086964,0.00350849493406713,0.43163271620869637,1.0,0.44780635833740234,-0.03164792060852051,0.4587785601615906,0.4521174430847168,-0.030016183853149414,0.45877858996391296,1,1.5827749777486135e-09,0.0
1.0050232410430908,1.0050232410430908,1.0070221424102783,0.008581566624343395,1.0,1.0,0.0,0.0,0.0,311,179904,22,10,36.35377502441406,0.37715754980025634,-0.00367181864567101,0.003814165247604251,-0.003037726739421487,0.3814165247604251,1.0,0.44782721996307373,-0.02274906635284424,0.452232301235199,0.21497833728790283,-0.29400426149368286,0.452232301235199,1,1.0,1.0
1.0049538612365723,1.0049538612365723,1.04498291015625,0.06994623690843582,1.0,1.0,1.0,0.0,0.0,316,179936,9,10,35.83396911621094,1.7141153731638012,-0.002045972505584359,-0.00220415904186666,-0.0031663058325648308,0.3166305832564831,1.0,0.441342830657959,-0.03194928169250488,0.45210379362106323,0.21660900115966797,-0.29999709129333496,0.4521036744117737,1,1.0,1.0
0.00030441934359259903,7.913876665099906e-09,0.00031865437631495297,0.015460677444934845,0.0,0.0,0.0,1.0,1.0,600,181184,15,10,1.489227533340454,0.8675745237172806,-0.0020159566774964333,-8.773325680522248e-05,0.0024340415839105844,0.24340415839105844,1.0,0.4464995265007019,-0.027796268463134766,0.457704097032547,0.4517841637134552,-0.025787353515625,0.4577041566371918,1,1.5827753330199813e-09,0.0
1.0015792846679688,1.0015792846679688,1.027967095375061,0.052907247096300125,1.0,1.0,1.0,0.0,0.0,254,182176,4,10,33.14847946166992,1.5194454835866233,-0.0013799337903037667,0.0028932765126228333,-0.0006497353315353394,0.2893276512622833,1.0,0.44318532943725586,-0.026376962661743164,0.4546203017234802,0.21754026412963867,-0.2936677932739258,0.454620361328125,1,0.9225352108478546,0.22535210847854614
0.005263620987534523,7.913875776921486e-09,0.0006023701862432063,0.033360131084918976,0.0,0.0,0.0,1.0,1.0,600,182400,10,10,1.211660385131836,1.8768826230666131,0.0038031162694096565,-0.00027859912370331585,-0.0006827993784099817,0.38031162694096565,1.0,0.4462096691131592,-0.030424118041992188,0.4545871615409851,0.45760345458984375,-0.02597808837890625,0.45458731055259705,1,1.5827751553842974e-09,0.0
1.0011093616485596,1.0011093616485596,1.021893858909607,0.0529230535030365,1.0,1.0,1.0,0.0,0.0,255,183488,12,10,32.97264862060547,1.8414143044803832,-0.00030516559490934014,-0.00038779026363044977,3.275591370766051e-05,0.03877902636304498,1.0,0.44231581687927246,-0.03044581413269043,0.45530271530151367,0.21865272521972656,-0.2967774569988251,0.4553028345108032,1,0.9226950347423554,0.22695034742355347
1.0014725923538208,1.0014725923538208,1.0018144845962524,0.018498962745070457,1.0,1.0,0.0,0.0,0.0,288,183744,5,10,35.201194763183594,1.0403226543490383,-0.002670101821422577,-0.0029315229039639235,0.0011178613640367985,0.29315229039639235,1.0,0.444796085357666,-0.031049728393554688,0.4563879668712616,0.21625852584838867,-0.2994542121887207,0.45638787746429443,1,0.9962499976158142,0.9624999761581421
0.02137293666601181,7.913875776921486e-09,0.0023060799576342106,0.024523571133613586,0.0,0.0,0.0,1.0,1.0,600,183904,23,10,1.1161736249923706,1.272968929320016,0.002578498562797904,0.004870596807450056,0.0007541909581050277,0.4870596807450056,1.0,0.4486351013183594,-0.0238034725189209,0.456024169921875,0.4563785791397095,-0.020829319953918457,0.45602425932884216,1,1.5827751553842974e-09,0.0
0.02697177417576313,7.913876665099906e-09,0.0017243780894204974,0.030953792855143547,0.0,0.0,0.0,1.0,1.0,600,184448,2,10,1.3264633417129517,1.6747223638474584,-0.00014495576033368707,0.004867255687713623,-0.0008083271677605808,0.4867255687713623,1.0,0.4434823989868164,-0.024781346321105957,0.4544617533683777,0.45365476608276367,-0.020832687616348267,0.4544617831707001,1,1.5827753330199813e-09,0.0
0.7893856167793274,7.913867783315709e-09,0.7901918292045593,0.800601065158844,0.0,0.0,1.0,1.0,1.0,600,184736,19,10,5.581394672393799,0.5964122784080721,-0.0006659954087808728,-0.00341495918110013,0.0032105983700603247,0.341495918110013,1.0,0.4494978189468384,-0.030487060546875,0.4584806263446808,0.45313408970832825,-0.029114723205566406,0.45848068594932556,1,0.07697368422475659,0.7697368264198303
0.03227739408612251,7.91386511878045e-09,0.03529486432671547,0.05053425952792168,0.0,0.0,1.0,1.0,1.0,600,184864,29,10,0.8339961171150208,0.8731529206393299,-0.0023889492731541395,0.004433114547282457,0.0029233668465167284,0.44331145472824574,1.0,0.4460930824279785,-0.023288488388061523,0.45819345116615295,0.45141148567199707,-0.021266937255859375,0.45819345116615295,1,1.58277302375609e-09,0.0
0.024662790820002556,7.913875776921486e-09,0.028232764452695847,0.04988878592848778,0.0,0.0,0.0,1.0,1.0,600,184992,18,10,1.3864797353744507,1.2407995921029022,-0.0023154972586780787,-0.003213883377611637,0.0008803297532722354,0.3213883377611637,1.0,0.4439360797405243,-0.03181099891662598,0.45615044236183167,0.4514845907688141,-0.02891385555267334,0.45615044236183167,1,1.5827751553842974e-09,0.0
0.06224743276834488,7.913875776921486e-09,0.06276196986436844,0.07832833379507065,0.0,0.0,1.0,1.0,1.0,600,185280,27,10,2.086589813232422,0.891886635428794,-0.0012466012267395854,-0.0018262553494423628,0.0023980357218533754,0.23980357218533754,1.0,0.44712138175964355,-0.029592126607894897,0.4576680660247803,0.45255374908447266,-0.02752622961997986,0.45766815543174744,1,0.010526317450676006,0.10526315867900848
1.000628113746643,1.000628113746643,1.000692367553711,0.001471856259740889,1.0,1.0,0.0,1.0,0.0,317,185408,21,10,36.46159362792969,0.08064462382961574,-0.002464456483721733,0.0035471252631396055,0.002837014850229025,0.35471252631396055,1.0,0.45084309577941895,-0.02233600616455078,0.458107054233551,0.21653127670288086,-0.2926673889160156,0.45810699462890625,1,1.0,1.0
1.0024518966674805,1.0024518966674805,1.004399299621582,0.016647962853312492,1.0,1.0,0.0,0.0,0.0,276,185440,8,10,35.1917724609375,0.8422838806854572,-0.004815219901502132,0.0038058143109083176,-0.0018335478380322456,0.48152199015021324,1.0,0.44385337829589844,-0.023842930793762207,0.45343640446662903,0.2140364646911621,-0.2930736541748047,0.4534364938735962,1,1.0,1.0
1.0010344982147217,1.0010344982147217,1.0012251138687134,0.023956352844834328,1.0,1.0,0.0,1.0,0.0,332,185568,1,10,36.269195556640625,1.3616760111655566,1.6334746760549024e-05,-0.003701331326738,0.002725078258663416,0.3701331326738,1.0,0.44553565979003906,-0.03258919715881348,0.45799514651298523,0.2189798355102539,-0.3000640869140625,0.45799505710601807,1,1.0,1.0
0.024142390117049217,7.913875776921486e-09,0.026721613481640816,0.04047541692852974,0.0,0.0,0.0,1.0,1.0,600,186336,30,10,1.5394967794418335,0.7880344628723963,-0.00359224621206522,0.0026353823486715555,-0.000571145152207464,0.359224621206522,1.0,0.4454059600830078,-0.02488565444946289,0.45469897985458374,0.4502072334289551,-0.023064136505126953,0.45469895005226135,1,1.5827751553842974e-09,0.0
1.003124475479126,1.003124475479126,1.04510498046875,0.07894281297922134,1.0,1.0,1.0,1.0,0.0,327,186784,7,10,36.0461540222168,2.117784462310021,-0.0018229397246614099,-0.003491779090836644,-0.0011514852521941066,0.3491779090836644,1.0,0.4391317367553711,-0.03423473238945007,0.454118549823761,0.21697568893432617,-0.3006170988082886,0.45411860942840576,1,1.0,1.0
0.031179241836071014,7.913876665099906e-09,0.03119743801653385,0.07072059065103531,0.0,0.0,1.0,1.0,1.0,600,187008,24,10,1.501695990562439,2.264510372616823,-0.001579894800670445,-0.0018249878194183111,-0.0003209900751244277,0.1824987819418311,1.0,0.43849217891693115,-0.03293466567993164,0.4549490213394165,0.4522203207015991,-0.027524948120117188,0.45494911074638367,1,1.5827753330199813e-09,0.0
0.000289418880129233,7.913876665099906e-09,0.00029922372777946293,0.02620585821568966,0.0,0.0,0.0,1.0,1.0,600,188064,0,10,1.378661036491394,1.4843414061822253,-0.004250660073012114,0.004047329071909189,0.004266410134732723,0.4266410134732723,1.0,0.44052600860595703,-0.02513742446899414,0.45953643321990967,0.44954872131347656,-0.0216522216796875,0.45953652262687683,1,1.5827753330199813e-09,0.0
0.03747328743338585,7.913875776921486e-09,0.0031005532946437597,0.043542973697185516,0.0,0.0,0.0,1.0,1.0,600,188288,14,10,1.2479513883590698,2.31718052262773,0.0012574802385643125,0.0033428247552365065,9.654141649662051e-06,0.33428247552365065,1.0,0.4410128593444824,-0.027899742126464844,0.4552796483039856,0.45505785942077637,-0.022357463836669922,0.45527973771095276,1,1.5827751553842974e-09,0.0
0.8589133620262146,7.913876665099906e-09,0.8694159388542175,0.8704907298088074,0.0,0.0,1.0,1.0,1.0,600,188320,16,10,3.597686290740967,0.06157674336903015,-0.0013666212325915694,0.00022986101976130158,0.003936100285500288,0.3936100285500288,1.0,0.45205748081207275,-0.025609970092773438,0.4592062532901764,0.4524334967136383,-0.02547001838684082,0.4592061936855316,1,0.028395064267788154,0.2839506268501282
1.0041768550872803,1.0041768550872803,1.0046472549438477,0.012285399250686169,1.0,1.0,0.0,0.0,0.0,269,188512,22,10,33.766326904296875,0.6769538157400096,0.0011353064328432083,-0.0039420402608811855,-0.0018756502540782094,0.39420402608811855,1.0,0.4508090019226074,-0.031202375888824463,0.45339444279670715,0.21985125541687012,-0.3014514446258545,0.45339441299438477,1,0.9298611104488373,0.2986111044883728
0.030407438054680824,7.913875776921486e-09,0.000960462843067944,0.034603551030159,0.0,0.0,0.0,1.0,1.0,600,189440,26,10,1.2359964847564697,1.9276072363811245,-0.0038551685865968466,0.0022877673618495464,0.0009152970742434263,0.38551685865968466,1.0,0.4382457733154297,-0.02798318862915039,0.45618534088134766,0.44994521141052246,-0.023412227630615234,0.45618537068367004,1,1.5827751553842974e-09,0.0
1.004500150680542,1.004500150680542,1.0051603317260742,0.034893736243247986,1.0,1.0,0.0,1.0,0.0,357,191360,9,10,36.773719787597656,1.9614412187650174,0.003639934351667762,-0.002273053163662553,0.004966061562299728,0.49660615622997284,1.0,0.44553661346435547,-0.03262758255004883,0.4602360725402832,0.22233057022094727,-0.2999002933502197,0.460236132144928,1,1.0,1.0
0.46634936332702637,7.913876665099906e-09,0.46655920147895813,0.4876660406589508,0.0,0.0,1.0,1.0,1.0,600,191360,17,10,4.279420852661133,1.2093338710920054,-0.0008143073064275086,-0.002374312374740839,0.0039447215385735035,0.39447215385735035,1.0,0.4456276595592499,-0.03089594841003418,0.4592147469520569,0.4529857933521271,-0.028074264526367188,0.45921483635902405,1,0.06551724234548591,0.6551724076271057
0.01903490163385868,7.913875776921486e-09,0.0013491509016603231,0.019939500838518143,0.0,0.0,0.0,1.0,1.0,600,192224,31,10,2.280580997467041,1.0651493247649768,-0.0015559413004666567,-0.004490533843636513,-0.0013652362395077944,0.4490533843636513,1.0,0.44576025009155273,-0.03266763687133789,0.45390474796295166,0.4522438049316406,-0.030190467834472656,0.4539048373699188,1,1.5827751553842974e-09,0.0
1.0030403137207031,1.0030403137207031,1.0033268928527832,0.004611385986208916,1.0,1.0,0.0,1.0,0.0,338,192992,4,10,37.26048278808594,0.24778981821710094,0.0036661839112639427,0.002040648367255926,0.0005144964088685811,0.36661839112639427,1.0,0.45595359802246094,-0.02422475814819336,0.45578455924987793,0.22247076034545898,-0.29505395889282227,0.45578455924987793,1,1.0,1.0
1.000416874885559,1.000416874885559,1.000558614730835,0.039060208946466446,1.0,1.0,0.0,0.0,0.0,304,193216,12,10,35.39253234863281,2.229861463287583,0.003551256377249956,-0.002554044360294938,-0.004819924011826515,0.4819924011826515,1.0,0.4438319206237793,-0.03357711434364319,0.4504501223564148,0.2225637435913086,-0.2986912727355957,0.45045006275177,1,1.0,1.0
0.027807267382740974,7.913867783315709e-09,0.0032491672318428755,0.03370855376124382,0.0,0.0,0.0,1.0,1.0,600,193312,6,10,0.6086811423301697,1.7451945481563576,-0.0003780206316150725,0.001948550227098167,0.0005984400631859899,0.1948550227098167,1.0,0.4428229331970215,-0.027872800827026367,0.4558684229850769,0.45342159271240234,-0.023751258850097656,0.45586851239204407,1,1.5827735566631419e-09,0.0
1.0080137252807617,1.0080137252807617,1.1574969291687012,0.15012113749980927,1.0,1.0,1.0,0.0,0.0,263,193696,27,10,34.84727478027344,0.03654879915104111,0.0031194400507956743,-0.0037041017785668373,0.0004209463659208268,0.37041017785668373,1.0,0.4566962718963623,-0.029487133026123047,0.4556909501552582,0.22153854370117188,-0.30261486768722534,0.45569097995758057,1,0.9891089081764222,0.8910890817642212
0.017405247315764427,7.913873112386227e-09,0.010684550739824772,0.029191354289650917,0.0,0.0,0.0,1.0,1.0,600,193728,28,10,1.7060480117797852,1.0603629629823845,0.0022045171353965998,0.0002445000282023102,0.0017464507836848497,0.22045171353965998,1.0,0.44954967498779297,-0.027920961380004883,0.4570164680480957,0.4560048580169678,-0.025455355644226074,0.45701655745506287,1,1.5827746224772455e-09,0.0
0.03776101768016815,7.913875776921486e-09,0.0042197247967123985,0.046604279428720474,0.0,0.0,0.0,1.0,1.0,600,194336,13,10,2.1200039386749268,2.4284558301514623,-0.00463969586417079,-0.004458472598344088,0.004778883419930935,0.4778883419930935,1.0,0.4344470500946045,-0.035981178283691406,0.460049033164978,0.4491605758666992,-0.030158400535583496,0.46004900336265564,1,1.5827751553842974e-09,0.0
0.0012704407563433051,7.913875776921486e-09,0.0016168630681931973,0.037086907774209976,0.0,0.0,0.0,1.0,1.0,600,194560,25,10,1.1863672733306885,2.0322845811666244,-0.0004804607597179711,-0.003375747473910451,0.00039963272865861654,0.3375747473910451,1.0,0.44098949432373047,-0.033905982971191406,0.4556695818901062,0.453319787979126,-0.029075145721435547,0.45566973090171814,1,1.5827751553842974e-09,0.0
1.0027902126312256,1.0027902126312256,1.0499143600463867,0.07371215522289276,1.0,1.0,1.0,0.0,0.0,304,194720,18,10,35.920162200927734,1.523358008042277,0.0010463603539392352,-0.004092677962034941,-0.0010271064238622785,0.40926779620349407,1.0,0.44558778405189514,-0.03337228298187256,0.45424291491508484,0.21987110376358032,-0.30109620094299316,0.45424288511276245,1,0.9988764047622681,0.9887640476226807
0.4858841896057129,7.913876665099906e-09,0.5288333892822266,0.5604504942893982,0.0,0.0,1.0,1.0,1.0,600,194880,3,10,3.9452812671661377,1.8115320134181658,-0.0015746596036478877,-0.0036292823497205973,0.001021175179630518,0.3629282349720597,1.0,0.4412260055541992,-0.03361368179321289,0.4562912583351135,0.4522247314453125,-0.029329419136047363,0.4562912881374359,1,0.06627907315221808,0.6627907156944275
1.0007792711257935,1.0007792711257935,1.0008275508880615,0.03818149492144585,1.0,1.0,0.0,1.0,0.0,335,195168,2,10,36.01161193847656,2.184876129866587,0.0030979218427091837,0.0026083721313625574,-0.0023335684090852737,0.30979218427091837,1.0,0.4436492919921875,-0.028301984071731567,0.45293647050857544,0.22208166122436523,-0.29366111755371094,0.45293647050857544,1,1.0,1.0
1.0044301748275757,1.0044301748275757,1.037466287612915,0.07130037993192673,1.0,1.0,1.0,0.0,0.0,301,195200,1,10,35.577537536621094,2.19238784384972,-0.0005936400266364217,0.0013014526339247823,-0.0023620929569005966,0.23620929569005966,1.0,0.4399123191833496,-0.02962803840637207,0.452907919883728,0.21810245513916016,-0.29630041122436523,0.452907919883728,1,1.0,1.0
1.0014728307724,1.0014728307724,1.0015687942504883,0.00695240031927824,1.0,1.0,0.0,1.0,0.0,330,195424,29,10,36.787269592285156,0.3928452937045856,0.00042276334716007113,0.004158553667366505,-0.0018295756308361888,0.41585536673665047,1.0,0.4518260955810547,-0.022441387176513672,0.45344048738479614,0.21935176849365234,-0.29236388206481934,0.4534405469894409,1,1.0,1.0
0.00022740983695257455,7.913876665099906e-09,0.00043862193706445396,0.014059879817068577,0.0,0.0,0.0,1.0,1.0,600,195872,20,10,1.754554271697998,0.7804410000626346,-0.0034089041873812675,-0.0033777267672121525,0.003619121853262186,0.3619121853262186,1.0,0.4456357955932617,-0.03088092803955078,0.4588891863822937,0.45039117336273193,-0.029077529907226562,0.4588892161846161,1,1.5827753330199813e-09,0.0
1.002862811088562,1.002862811088562,1.0419065952301025,0.08184398710727692,1.0,1.0,1.0,1.0,0.0,335,196128,21,10,36.03217315673828,2.452276541768705,-0.0006349344039335847,-0.0019339610589668155,0.0008764408412389457,0.19339610589668155,1.0,0.43830859661102295,-0.03351640701293945,0.4561464786529541,0.21818411350250244,-0.2989635467529297,0.4561464786529541,1,1.0,1.0
1.001206874847412,1.001206874847412,1.0348422527313232,0.07722161710262299,1.0,1.0,1.0,0.0,0.0,270,196704,0,10,34.34221649169922,2.4973077655231872,-0.002567443996667862,0.004189914092421532,-0.002285780617967248,0.41899140924215317,1.0,0.43610572814941406,-0.027506351470947266,0.4529842734336853,0.21638202667236328,-0.2922353744506836,0.4529842734336853,1,0.9987179458141328,0.9871794581413269
1.0026658773422241,1.0026658773422241,1.0032033920288086,0.017730478197336197,1.0,1.0,0.0,1.0,0.0,342,197728,7,10,36.731048583984375,0.9850845666536179,0.00026690689264796674,-0.0014603743329644203,0.003745872061699629,0.3745872061699629,1.0,0.44806861877441406,-0.02944701910018921,0.45901593565940857,0.2191009521484375,-0.2984183132648468,0.45901596546173096,1,1.0,1.0
0.001623123767785728,7.913875776921486e-09,0.002170196734368801,0.022641558200120926,0.0,0.0,0.0,1.0,1.0,600,198112,11,10,1.344271183013916,1.172923306565431,-0.0001529673027107492,0.003993421792984009,0.0017424927791580558,0.3993421792984009,1.0,0.44651007652282715,-0.024441242218017578,0.4570125341415405,0.4536473751068115,-0.021706581115722656,0.4570125639438629,1,1.5827751553842974e-09,0.0
1.0051230192184448,1.0051230192184448,1.005146861076355,0.014225208200514317,1.0,1.0,0.0,1.0,0.0,320,198528,14,10,36.395565032958984,0.8136773942550043,0.0005236915312707424,0.0037090033292770386,-0.002762290881946683,0.37090033292770386,1.0,0.44936633110046387,-0.02387237548828125,0.45250779390335083,0.21916604042053223,-0.2941460609436035,0.45250779390335083,1,1.0,1.0
1.0053672790527344,1.0053672790527344,1.0054571628570557,0.022384217008948326,1.0,1.0,0.0,0.0,0.0,296,198912,26,10,35.8173713684082,1.277365223267977,0.004913122393190861,-0.004234585911035538,0.0022859047167003155,0.4913122393190861,1.0,0.4509432315826416,-0.03291940689086914,0.457555890083313,0.22353649139404297,-0.30217862129211426,0.457555890083313,1,1.0,1.0
0.30236905813217163,7.913876665099906e-09,0.3025967478752136,0.3366113603115082,0.0,0.0,1.0,1.0,1.0,600,200384,15,10,3.4056224822998047,1.9488866907402993,-0.003719126805663109,-0.004765958059579134,-1.4885710697853938e-05,0.4765958059579134,1.0,0.43825334310531616,-0.035089969635009766,0.45525509119033813,0.4500809609889984,-0.03046560287475586,0.4552552402019501,1,0.05614035287824653,0.5614035129547119
1.0019938945770264,1.0019938945770264,1.026261568069458,0.024615081027150154,1.0,1.0,0.0,0.0,0.0,290,201504,31,10,36.272857666015625,0.019896983050008483,0.0031780030112713575,-0.004579098895192146,0.003706687828525901,0.45790988951921463,1.0,0.45685625076293945,-0.030324220657348633,0.45897671580314636,0.22206544876098633,-0.30129122734069824,0.458976686000824,1,0.9967213094234467,0.9672130942344666
7.580581495858496e-06,7.913875776921486e-09,2.1422685676952824e-05,0.03598201274871826,0.0,0.0,0.0,1.0,1.0,600,201600,10,10,0.7803894877433777,2.0603901692709923,-0.0023485217243433,-0.0020071547478437424,0.001022131647914648,0.23485217243433,1.0,0.4389519691467285,-0.032607078552246094,0.45629215240478516,0.45145177841186523,-0.027706623077392578,0.4562922418117523,1,1.5827751553842974e-09,0.0
1.0006152391433716,1.0006152391433716,1.0006320476531982,0.012255849316716194,1.0,1.0,0.0,1.0,0.0,341,202272,17,10,36.865081787109375,0.7012432490890442,0.0018536855932325125,-0.0007294413517229259,-0.002953906077891588,0.2953906077891588,1.0,0.4513798952102661,-0.02804657816886902,0.45231619477272034,0.22085052728652954,-0.2969391942024231,0.4523160457611084,1,1.0,1.0
1.0013011693954468,1.0013011693954468,1.0422062873840332,0.0756240114569664,1.0,1.0,1.0,0.0,0.0,284,202784,27,10,34.99713897705078,1.9892516146311936,-0.000838106672745198,0.004636754747480154,-0.004669127985835075,0.46691279858350754,1.0,0.4408912658691406,-0.025786608457565308,0.45060092210769653,0.21810436248779297,-0.29182329773902893,0.45060086250305176,1,1.0,1.0
0.03770973160862923,7.913872224207807e-09,0.005616933573037386,0.045629918575286865,0.0,0.0,0.0,1.0,1.0,600,202944,5,10,0.3835429847240448,2.292575833359817,0.0002038886013906449,-0.0006605515955016017,-0.0005759646301157773,0.06605515955016017,1.0,0.4401073455810547,-0.03184080123901367,0.45469409227371216,0.45400333404541016,-0.026360034942626953,0.45469412207603455,1,1.5827744448415616e-09,0.0
0.9197990298271179,7.913875776921486e-09,0.920251727104187,0.9389580488204956,0.0,0.0,1.0,1.0,1.0,600,203104,23,10,3.2470645904541016,1.07180342312045,0.0011191378580406308,-0.0049344212748110294,0.0013380178716033697,0.49344212748110294,1.0,0.4483950138092041,-0.033127427101135254,0.45660799741744995,0.4549192190170288,-0.030634522438049316,0.4566080868244171,1,0.01104294666973118,0.11042945086956024
1.0027291774749756,1.0027291774749756,1.0037879943847656,0.011394386179745197,1.0,1.0,0.0,0.0,0.0,266,203232,18,10,33.72429656982422,0.59218689927192,0.00335890706628561,-0.00150695547927171,0.000308502116240561,0.335890706628561,1.0,0.4535485506057739,-0.02856910228729248,0.45557862520217896,0.2221885323524475,-0.2984880208969116,0.4555785655975342,1,0.9251748263835907,0.251748263835907
1.004323959350586,1.004323959350586,1.0469787120819092,0.06800749897956848,1.0,1.0,1.0,0.0,0.0,278,203776,3,10,35.092185974121094,1.4525999162835894,-0.0014277191367000341,0.004524099640548229,-0.0042623006738722324,0.4524099640548229,1.0,0.4435415267944336,-0.024583816528320312,0.45100775361061096,0.21727705001831055,-0.29303908348083496,0.4510077238082886,1,1.0,1.0
1.1725783224392217e-05,7.913876665099906e-09,2.8526706955744885e-05,0.03206801041960716,0.0,0.0,0.0,1.0,1.0,600,203936,19,10,1.1668213605880737,1.8357268913358782,0.004064490087330341,0.0037533300928771496,0.004777790978550911,0.4777790978550911,1.0,0.4467192590236664,-0.0262908935546875,0.4600478410720825,0.4578646123409271,-0.02194690704345703,0.4600478708744049,1,1.5827753330199813e-09,0.0
1.0036365985870361,1.0036365985870361,1.004441738128662,0.03832206502556801,1.0,1.0,0.0,0.0,0.0,308,204416,25,10,35.52479553222656,2.1495597829893893,0.0037739884573966265,0.00037022598553448915,-0.0026120347902178764,0.37739884573966265,1.0,0.444537878036499,-0.03045177459716797,0.4526580572128296,0.2225325107574463,-0.29694175720214844,0.4526579976081848,1,1.0,1.0
1.002403974533081,1.002403974533081,1.0026848316192627,0.036918289959430695,1.0,1.0,0.0,1.0,0.0,349,204480,6,10,36.67219543457031,2.099172196821736,0.002644110703840852,0.0022730522323399782,0.004927637986838818,0.49276379868388176,1.0,0.4437108039855957,-0.028423547744750977,0.4601976275444031,0.22149944305419922,-0.2945888042449951,0.46019768714904785,1,1.0,1.0
0.63115394115448,7.913875776921486e-09,0.6313164234161377,0.6611353158950806,0.0,0.0,1.0,1.0,1.0,600,204640,8,10,4.361968517303467,1.7084965820761138,0.0013157360954210162,-0.0005431075114756823,0.0028267025481909513,0.28267025481909513,1.0,0.44473886489868164,-0.030274510383605957,0.45809680223464966,0.45511531829833984,-0.026243090629577637,0.45809677243232727,1,0.07327586570707326,0.732758641242981
1.0014405250549316,1.0014405250549316,1.0015368461608887,0.015543323941528797,1.0,1.0,0.0,1.0,0.0,319,205408,1,10,36.40830993652344,0.8850450803971155,0.00460263853892684,0.004291974939405918,0.0017667252104729414,0.460263853892684,1.0,0.45301198959350586,-0.023457765579223633,0.4570368230342865,0.22353363037109375,-0.2922189235687256,0.4570367932319641,1,1.0,1.0
1.4323842151497956e-05,7.913876665099906e-09,2.5018618543981574e-05,0.020958734676241875,0.0,0.0,0.0,1.0,1.0,600,205536,30,10,1.336423635482788,1.1994141952613255,0.002396105322986841,0.004120009485632181,0.0025683240965008736,0.4120009485632181,1.0,0.4488983154296875,-0.02437734603881836,0.4578384459018707,0.4561958312988281,-0.021579265594482422,0.4578384459018707,1,1.5827753330199813e-09,0.0
1.0036638975143433,1.0036638975143433,1.0037531852722168,0.03828272223472595,1.0,1.0,0.0,1.0,0.0,336,205920,2,10,36.326908111572266,2.1883198258687426,-0.002842287765815854,0.0004933809395879507,0.004157641902565956,0.4157641902565956,1.0,0.43768787384033203,-0.030425697565078735,0.4594276547431946,0.2159137725830078,-0.296828955411911,0.4594276547431946,1,1.0,1.0
1.0011210441589355,1.0011210441589355,1.0029280185699463,0.010780406184494495,1.0,1.0,0.0,0.0,0.0,292,206048,0,10,35.7797737121582,0.5141326713757779,-0.0027692692819982767,0.0020562878344208,-0.002404090715572238,0.27692692819982767,1.0,0.4478950500488281,-0.024824142456054688,0.45286598801612854,0.2161874771118164,-0.29433774948120117,0.4528658986091614,1,1.0,1.0
0.005808069836348295,7.913876665099906e-09,0.0058294627815485,0.022129522636532784,0.0,0.0,0.0,1.0,1.0,600,206208,24,10,1.15523362159729,0.9339250623880473,0.0023822057992219925,0.0019886090885847807,0.004308209288865328,0.4308209288865328,1.0,0.450494647026062,-0.025876998901367188,0.4595782458782196,0.4561823606491089,-0.023711681365966797,0.4595783054828644,1,1.5827753330199813e-09,0.0
0.038671284914016724,7.913876665099906e-09,0.04234939441084862,0.0842796042561531,0.0,0.0,1.0,1.0,1.0,600,207520,16,10,0.6126143336296082,2.4024236313470166,-0.0005670083337463439,0.0027730867732316256,-0.0038296773564070463,0.38296773564070463,1.0,0.4386760890483856,-0.02868366241455078,0.45144039392471313,0.45323309302330017,-0.022926807403564453,0.4514404237270355,1,1.5827753330199813e-09,0.0
1.9995717593701556e-05,7.913868671494129e-09,3.829757042694837e-05,0.021533338353037834,0.0,0.0,0.0,1.0,1.0,600,207712,22,10,1.0203523635864258,1.2315762754024462,0.001391549943946302,0.003658867673948407,0.003520385595038533,0.3658867673948407,1.0,0.44769883155822754,-0.024915993213653564,0.4587903916835785,0.4551917314529419,-0.02204108238220215,0.45879051089286804,1,1.5827737342988258e-09,0.0
1.001922607421875,1.001922607421875,1.0290123224258423,0.04038556292653084,1.0,1.0,0.0,0.0,0.0,309,208800,26,10,36.20186996459961,0.7617929294420602,0.00408648606389761,-0.004950990900397301,-0.0003337872039992362,0.49509909003973007,1.0,0.4532449245452881,-0.0324101448059082,0.45493626594543457,0.22297978401184082,-0.3016374111175537,0.4549362063407898,1,1.0,1.0
0.03903146833181381,7.913876665099906e-09,0.04271664842963219,0.06034277379512787,0.0,0.0,1.0,1.0,1.0,600,210560,9,11,1.0101741552352905,1.0099023791679766,-0.0014104513684287667,0.0019727451726794243,0.004264141898602247,0.4264141898602247,1.0,0.4462413787841797,-0.026072978973388672,0.459534227848053,0.4523892402648926,-0.0237274169921875,0.45953425765037537,1,1.5827753330199813e-09,0.0
1.0057209730148315,1.0057209730148315,1.0058951377868652,0.007642397191375494,1.0,1.0,0.0,0.0,0.0,285,211392,17,11,35.809566497802734,0.42789865161831087,-0.004121939651668072,9.875913383439183e-05,-0.003888075239956379,0.4121939651668072,1.0,0.4470677375793457,-0.026581645011901855,0.451382040977478,0.21447375416755676,-0.29797443747520447,0.4513819217681885,1,1.0,1.0
1.0013645887374878,1.0013645887374878,1.002886414527893,0.004880595952272415,1.0,1.0,0.0,0.0,0.0,324,211872,31,11,36.864463806152344,0.19244352805223147,0.0017722365446388721,-0.0041518015787005424,0.0010057911276817322,0.41518015787005424,1.0,0.45439720153808594,-0.03029036521911621,0.4562758505344391,0.22070932388305664,-0.30063486099243164,0.4562758207321167,1,1.0,1.0
0.03397712484002113,7.913876665099906e-09,0.02416265942156315,0.06254161894321442,0.0,0.0,1.0,1.0,1.0,600,212192,4,11,0.4760206639766693,2.198950588425044,-0.000731569598428905,0.003401879919692874,0.002927639288827777,0.3401879919692874,1.0,0.43973445892333984,-0.027544021606445312,0.4581976532936096,0.4530677795410156,-0.022298336029052734,0.4581977427005768,1,1.5827753330199813e-09,0.0
0.7656477093696594,7.913872224207807e-09,0.7658047676086426,0.8061063289642334,0.0,0.0,1.0,1.0,1.0,600,212416,12,11,4.631689548492432,2.309110227236537,-0.003020560136064887,0.0023814281448721886,0.002735988236963749,0.3020560136064887,1.0,0.4367833137512207,-0.028840363025665283,0.45800602436065674,0.45077967643737793,-0.02331852912902832,0.4580061137676239,1,0.07647059122053079,0.7647058963775635
1.0006554126739502,1.0006554126739502,1.0156975984573364,0.022125085815787315,1.0,1.0,0.0,0.0,0.0,298,212768,18,11,36.27879333496094,0.40581400866944156,0.0027454951778054237,0.0037423844914883375,0.004810298327356577,0.4810298327356577,1.0,0.4540697932243347,-0.02288675308227539,0.4600803554058075,0.22173911333084106,-0.29248178005218506,0.4600803256034851,1,1.0,1.0
0.06155473366379738,7.913876665099906e-09,0.06275808811187744,0.0883975550532341,0.0,0.0,1.0,1.0,1.0,600,212928,28,11,2.042476177215576,1.469034845530521,0.0037494581192731857,-0.0028338113334029913,-0.004248790442943573,0.4248790442943573,1.0,0.4486198425292969,-0.031981468200683594,0.4510212540626526,0.4575498104095459,-0.02853381633758545,0.451021283864975,1,1.5827753330199813e-09,0.0
0.037113532423973083,7.913876665099906e-09,0.005067460238933563,0.04761169105768204,0.0,0.0,0.0,1.0,1.0,600,213536,13,11,1.8900600671768188,2.4376052954315175,-0.003105384297668934,0.00010760405712062493,0.004794901702553034,0.4794901702553034,1.0,0.4359264373779297,-0.03143811225891113,0.46006500720977783,0.4506947994232178,-0.025592446327209473,0.46006497740745544,1,1.5827753330199813e-09,0.0
1.0050214529037476,1.0050214529037476,1.0051350593566895,0.029922813177108765,1.0,1.0,0.0,1.0,0.0,336,213536,27,11,36.40415954589844,1.7079403485455809,0.002417666371911764,0.00473438948392868,0.001900638802908361,0.47343894839286804,1.0,0.4458439350128174,-0.024995744228363037,0.4571707248687744,0.2210679054260254,-0.29308322072029114,0.45717066526412964,1,1.0,1.0
1.0002351999282837,1.0002351999282837,1.0003092288970947,0.01707005687057972,1.0,1.0,0.0,1.0,0.0,323,214112,3,11,36.26626968383789,0.9737976790501719,0.0015706492122262716,0.003357609733939171,-0.002184114884585142,0.3357609733939171,1.0,0.44944095611572266,-0.024602055549621582,0.4530859589576721,0.2205977439880371,-0.2927132844924927,0.45308589935302734,1,1.0,1.0
1.0034434795379639,1.0034434795379639,1.0255637168884277,0.02309621125459671,1.0,1.0,0.0,1.0,0.0,351,214176,5,11,37.48252868652344,0.05591618740879572,0.004615877754986286,-0.001803557388484478,0.0005360071081668139,0.4615877754986286,1.0,0.45807409286499023,-0.027630329132080078,0.4558059871196747,0.2233891487121582,-0.2990446090698242,0.45580607652664185,1,0.998395723104477,0.9839572310447693
1.005228877067566,1.005228877067566,1.005362629890442,0.0010205782018601894,1.0,1.0,0.0,1.0,0.0,328,214432,19,11,36.98505401611328,0.05081365256766604,0.0036613282281905413,0.003797560930252075,-0.00035854586167261004,0.3797560930252075,1.0,0.45715099573135376,-0.0220181941986084,0.4549114406108856,0.222295343875885,-0.2940957546234131,0.454911470413208,1,1.0,1.0
0.038622740656137466,7.913875776921486e-09,9.505217349214945e-06,0.0416991226375103,0.0,0.0,0.0,1.0,1.0,600,214624,29,11,1.671330213546753,2.3886398827151076,-0.0032565577421337366,-0.0009646951803006232,0.0013852003030478954,0.32565577421337366,1.0,0.4360692501068115,-0.03238654136657715,0.45665520429611206,0.4505436420440674,-0.02666449546813965,0.4566552937030792,1,1.5827751553842974e-09,0.0
0.2881140410900116,7.913875776921486e-09,0.28931424021720886,0.32770010828971863,0.0,0.0,1.0,1.0,1.0,600,215072,20,11,3.6427977085113525,2.1993463125100816,0.001001711469143629,-0.004757010843604803,0.0017456095665693283,0.4757010843604803,1.0,0.44146597385406494,-0.03570413589477539,0.45701563358306885,0.45480191707611084,-0.03045654296875,0.457015722990036,1,0.05471698204008107,0.5471698045730591
0.02660631388425827,7.913876665099906e-09,0.030852941796183586,0.04647626727819443,0.0,0.0,0.0,1.0,1.0,600,215328,21,11,2.3419930934906006,0.8951501851915906,-0.0020904832053929567,-0.004312332719564438,0.0018164755310863256,0.4312332719564438,1.0,0.4462573528289795,-0.032085418701171875,0.457086443901062,0.4517096281051636,-0.030012130737304688,0.45708659291267395,1,1.5827753330199813e-09,0.0
1.0054473876953125,1.0054473876953125,1.0266047716140747,0.04075096547603607,1.0,1.0,0.0,0.0,0.0,297,215424,2,11,35.783485412597656,1.1226292086120422,0.0035482298117130995,-0.001313424319960177,-0.00045682702329941094,0.35482298117130995,1.0,0.4505157470703125,-0.029627501964569092,0.4548132121562958,0.22216510772705078,-0.299286812543869,0.4548131823539734,1,1.0,1.0
1.0049827098846436,1.0049827098846436,1.0158565044403076,0.023092344403266907,1.0,1.0,0.0,0.0,0.0,249,215488,16,11,33.514488220214844,0.7000574642161066,0.003060377901419997,-0.0023241310846060514,0.003803730010986328,0.3803730010986328,1.0,0.45259368419647217,-0.02963852882385254,0.4590738117694855,0.2217135727405548,-0.3001277446746826,0.4590737223625183,1,0.9263888895511627,0.2638888955116272
0.027063684538006783,7.913875776921486e-09,0.046200186014175415,0.06189243122935295,0.0,0.0,1.0,1.0,1.0,600,216928,7,11,0.908706784248352,0.8990997420791506,-0.0028144933748990297,-0.0018716917838901281,0.00469910679385066,0.46991067938506603,1.0,0.4455094337463379,-0.029654592275619507,0.4599692225456238,0.4509849548339844,-0.027571648359298706,0.4599691927433014,1,1.5827751553842974e-09,0.0
0.02139597199857235,7.913870447850968e-09,0.0021190133411437273,0.02508869208395481,0.0,0.0,0.0,1.0,1.0,600,217312,11,11,0.9351224899291992,1.3160667826525618,0.004415738862007856,0.002213073894381523,0.004188311751931906,0.44157388620078564,1.0,0.4502115249633789,-0.026565074920654297,0.4594583809375763,0.45821595191955566,-0.023486852645874023,0.4594583809375763,1,1.5827740895701938e-09,0.0
0.4997818171977997,7.913869559672548e-09,0.5379146337509155,0.5704405307769775,0.0,0.0,1.0,1.0,1.0,600,217728,14,11,3.7220709323883057,1.8635991857914078,-0.0023991160560399294,-0.003272721776738763,0.0007508749258704484,0.3272721776738763,1.0,0.44008803367614746,-0.033385276794433594,0.45602095127105713,0.4514012336730957,-0.028972625732421875,0.4560209810733795,1,0.06777777830091357,0.6777777671813965
0.9274764657020569,7.913876665099906e-09,0.9305380582809448,0.9721003770828247,0.0,0.0,1.0,1.0,1.0,600,219584,15,11,2.8519182205200195,2.3813435331342414,0.003743751673027873,-0.003472427139058709,-0.0014448476722463965,0.3743751673027873,1.0,0.4431135654449463,-0.034876346588134766,0.4538251757621765,0.45754387974739075,-0.02917194366455078,0.4538252651691437,1,0.01962025472847007,0.19620253145694733
1.0020456314086914,1.0020456314086914,1.0021846294403076,0.027022862806916237,1.0,1.0,0.0,1.0,0.0,291,219872,9,11,35.11302947998047,1.5403355104414016,0.0049379500560462475,-0.004358280915766954,-0.0024319763761013746,0.49379500560462475,1.0,0.44937658309936523,-0.03367900848388672,0.45283809304237366,0.22382116317749023,-0.3010897636413574,0.45283806324005127,1,0.9975155293941498,0.9751552939414978
0.011902823112905025,7.913875776921486e-09,0.012080861255526543,0.036651212722063065,0.0,0.0,0.0,1.0,1.0,600,220800,10,12,1.2257177829742432,1.4077774401856156,0.0027086096815764904,-0.0028428256046026945,0.0005636467249132693,0.28428256046026945,1.0,0.4479489326477051,-0.03184223175048828,0.4558337330818176,0.4565088748931885,-0.028542518615722656,0.45583376288414,1,1.5827751553842974e-09,0.0
1.0024524927139282,1.0024524927139282,1.002518653869629,0.004306239075958729,1.0,1.0,0.0,0.0,0.0,293,221568,4,12,36.191349029541016,0.24293414068660368,0.003015531226992607,0.0009308916050940752,0.002402119804173708,0.3015531226992607,1.0,0.45533275604248047,-0.02532362937927246,0.45767220854759216,0.22186756134033203,-0.29594969749450684,0.457672119140625,1,1.0,1.0
1.0020731687545776,1.0020731687545776,1.0620872974395752,0.09636198729276657,1.0,1.0,1.0,0.0,0.0,292,221760,12,12,35.29566955566406,2.0825598960997955,0.002127069979906082,-0.00181918079033494,-0.0034698867239058018,0.3469886723905802,1.0,0.4432945251464844,-0.03247442841529846,0.4518001079559326,0.2210085391998291,-0.2985607385635376,0.4518001675605774,1,0.9977777779102326,0.9777777791023254
0.2376071959733963,7.913875776921486e-09,0.23865407705307007,0.27023792266845703,0.0,0.0,1.0,1.0,1.0,600,222304,23,12,3.5371809005737305,1.8096219083280896,0.0027215583249926567,-0.0018653301522135735,0.004086822737008333,0.4086822737008333,1.0,0.4455338716506958,-0.0318450927734375,0.4593568444252014,0.4565216302871704,-0.027565360069274902,0.4593569338321686,1,0.05000000158277516,0.5
1.0026999711990356,1.0026999711990356,1.0027788877487183,0.04227468743920326,1.0,1.0,0.0,1.0,0.0,349,222560,17,12,36.444252014160156,2.417640439044159,0.003086100099608302,0.0033095290418714285,0.0019518330227583647,0.33095290418714285,1.0,0.4422377049922943,-0.028185755014419556,0.4572219252586365,0.22191795706748962,-0.2936607003211975,0.4572219252586365,1,1.0,1.0
0.7112983465194702,7.913875776921486e-09,0.7115501165390015,0.738768458366394,0.0,0.0,1.0,1.0,1.0,600,223616,25,12,4.628039836883545,1.5594960053322855,0.0008033572230488062,0.0010851984843611717,0.00243053468875587,0.243053468875587,1.0,0.4451262950897217,-0.028281688690185547,0.45770055055618286,0.4546036720275879,-0.024614334106445312,0.45770063996315,1,0.0753846184345818,0.7538461685180664
0.3004305064678192,7.913875776921486e-09,0.30670469999313354,0.34350425004959106,0.0,0.0,1.0,1.0,1.0,600,223680,6,12,2.661118745803833,2.1084574121115454,0.003940514754503965,-0.003223657375201583,0.002251090481877327,0.39405147545039654,1.0,0.44495201110839844,-0.03394317626953125,0.45752114057540894,0.45774030685424805,-0.028923511505126953,0.4575211703777313,1,0.05689655104604725,0.568965494632721
0.0030108981300145388,7.913874888743067e-09,0.0030653872527182102,0.01877596229314804,0.0,0.0,0.0,1.0,1.0,600,223840,8,12,1.4538679122924805,0.9001499903857457,-0.0024901768192648888,0.00037671643076464534,-6.546177246491425e-06,0.24901768192648888,1.0,0.44582700729370117,-0.027408599853515625,0.45526352524757385,0.4513092041015625,-0.02532327175140381,0.45526352524757385,1,1.5827749777486135e-09,0.0
1.0013267993927002,1.0013267993927002,1.0013980865478516,0.03988811746239662,1.0,1.0,0.0,0.0,0.0,290,223904,29,12,35.221832275390625,2.281341666279027,0.0010364074259996414,0.004613940604031086,0.0002010306197917089,0.4613940604031086,1.0,0.4410073757171631,-0.026538372039794922,0.4554710388183594,0.21997690200805664,-0.2918558120727539,0.4554710388183594,1,1.0,1.0
1.0026501417160034,1.0026501417160034,1.028609275817871,0.025973008945584297,1.0,1.0,0.0,1.0,0.0,333,224192,13,12,37.312767028808594,0.0007949507055890919,0.004915873520076275,-0.0006991024711169302,1.1565328350116033e-05,0.4915873520076275,1.0,0.4587109088897705,-0.02640080451965332,0.4552816152572632,0.22375178337097168,-0.2976512908935547,0.4552816152572632,1,0.9952380955219269,0.9523809552192688
1.002840280532837,1.002840280532837,1.0036453008651733,0.007390672340989113,1.0,1.0,0.0,0.0,0.0,307,224256,19,12,36.3878059387207,0.37732835789035957,0.0021239900961518288,0.004668202716857195,-0.0018841264536604285,0.4668202716857195,1.0,0.45362189412117004,-0.021895647048950195,0.4533858895301819,0.22094494104385376,-0.29235339164733887,0.4533858895301819,1,1.0,1.0
1.0055584907531738,1.0055584907531738,1.0071784257888794,0.017640259116888046,1.0,1.0,0.0,0.0,0.0,278,224320,2,12,34.67875671386719,0.9178965293967314,0.003001733683049679,-0.0033435265067964792,0.002052566735073924,0.3343526506796479,1.0,0.45121145248413086,-0.031170964241027832,0.4573226571083069,0.22161006927490234,-0.3013574182987213,0.45732253789901733,1,0.978616350889206,0.7861635088920593
0.45968908071517944,7.91386689513729e-09,0.4598630666732788,0.4861747622489929,0.0,0.0,1.0,1.0,1.0,600,224608,1,12,3.915184497833252,1.5075564721191583,0.0019044047221541405,-0.003896690672263503,-0.001649478217586875,0.3896690672263503,1.0,0.44654130935668945,-0.03313803672790527,0.4536205530166626,0.4557042121887207,-0.029596567153930664,0.45362064242362976,1,0.06428571501699275,0.6428571343421936
5.363939635572024e-05,7.913876665099906e-09,6.268297875067219e-05,0.03711128607392311,0.0,0.0,0.0,1.0,1.0,600,224736,30,12,1.0628526210784912,2.122729092382287,-0.0014700653264299035,-0.0019947041291743517,0.0040914020501077175,0.40914020501077175,1.0,0.4394550323486328,-0.03275012969970703,0.4593614339828491,0.4523296356201172,-0.027694225311279297,0.4593615233898163,1,1.5827753330199813e-09,0.0
0.45014891028404236,7.913877553278326e-09,0.45046672224998474,0.47935524582862854,0.0,0.0,1.0,1.0,1.0,600,225248,0,12,3.9133083820343018,1.6551866354390468,0.0006458653951995075,-0.0043110474944114685,0.00312203005887568,0.43110474944114685,1.0,0.44439029693603516,-0.03391218185424805,0.45839208364486694,0.45444536209106445,-0.030010700225830078,0.45839211344718933,1,0.06463414588895837,0.6463414430618286
1.0039863586425781,1.0039863586425781,1.0043302774429321,0.035938434302806854,1.0,1.0,0.0,0.0,0.0,312,225312,21,12,35.86872100830078,2.0394118835655326,-6.18520425632596e-05,-0.001196980127133429,-0.004299144726246595,0.42991447262465954,1.0,0.44136500358581543,-0.031744956970214844,0.4509708881378174,0.21866893768310547,-0.29863667488098145,0.4509708285331726,1,1.0,1.0
1.0010905265808105,1.0010905265808105,1.0024867057800293,0.00939240213483572,1.0,1.0,0.0,0.0,0.0,252,225376,11,12,33.36957550048828,0.45814657124453545,-6.266494165174663e-05,-0.0032710761297494173,-0.0013548543211072683,0.32710761297494173,1.0,0.4509432315826416,-0.03002190589904785,0.45391520857810974,0.21889638900756836,-0.2996537685394287,0.45391517877578735,1,0.9251748263835907,0.251748263835907
0.02493952587246895,7.913876665099906e-09,0.0013474044390022755,0.02795952558517456,0.0,0.0,0.0,1.0,1.0,600,225408,24,12,1.204749584197998,1.5247631060205955,0.003647220553830266,0.002503583673387766,0.002664093393832445,0.3647220553830266,1.0,0.44818007946014404,-0.026779651641845703,0.45793408155441284,0.4574474096298218,-0.023196697235107422,0.45793417096138,1,1.5827753330199813e-09,0.0
1.0040569305419922,1.0040569305419922,1.0042155981063843,0.026578931137919426,1.0,1.0,0.0,1.0,0.0,374,226080,3,12,37.342674255371094,1.5137690627778138,0.0028526755049824715,-0.002528360579162836,-0.0012213957961648703,0.28526755049824715,1.0,0.4474515914916992,-0.0317845344543457,0.45404866337776184,0.22157812118530273,-0.29999375343322754,0.45404869318008423,1,1.0,1.0
1.0019044876098633,1.0019044876098633,1.038893461227417,0.052373453974723816,1.0,1.0,1.0,0.0,0.0,288,226144,7,12,35.98540496826172,0.8814719843266996,0.003831096924841404,0.004142501391470432,0.004752539563924074,0.4752539563924074,1.0,0.45226192474365234,-0.02359876036643982,0.46002256870269775,0.22272539138793945,-0.2925374209880829,0.46002256870269775,1,0.9982758641242981,0.982758641242981
0.03999326378107071,7.913870447850968e-09,0.040345899760723114,0.07792675495147705,0.0,0.0,1.0,1.0,1.0,600,226912,22,12,1.726088285446167,2.153224819809336,0.003902351949363947,-0.002582607790827751,-0.0006234987522475421,0.3902351949363947,1.0,0.44464385509490967,-0.03341391682624817,0.45464658737182617,0.45770251750946045,-0.02828255295753479,0.45464661717414856,1,1.5827740895701938e-09,0.0
0.9616037011146545,7.913876665099906e-09,1.0131571292877197,1.026655673980713,0.0,0.0,1.0,1.0,1.0,600,228000,26,12,3.4917445182800293,0.7734070257954322,0.002932146890088916,9.441902511753142e-05,0.004625918343663216,0.46259183436632156,1.0,0.45201969146728516,-0.02739238739013672,0.459896057844162,0.45673251152038574,-0.025605440139770508,0.4598959982395172,1,0.025520835909519417,0.2552083432674408
1.0034153461456299,1.0034153461456299,1.0034818649291992,0.005665845237672329,1.0,1.0,0.0,0.0,0.0,309,230688,10,13,36.53059387207031,0.32081483908914515,0.0018949401564896107,0.0027088008355349302,0.002678727265447378,0.270880083553493,1.0,0.4537374973297119,-0.02372455596923828,0.45794883370399475,0.2206709384918213,-0.2945222854614258,0.4579487442970276,1,1.0,1.0
1.004514217376709,1.004514217376709,1.004746913909912,0.031674906611442566,1.0,1.0,0.0,1.0,0.0,343,230848,9,13,36.490447998046875,1.8015035881692947,0.0011166029144078493,0.0013269702903926373,-0.001112564466893673,0.13269702903926373,1.0,0.44397687911987305,-0.028632640838623047,0.45415741205215454,0.21980619430541992,-0.29630565643310547,0.45415741205215454,1,1.0,1.0
0.01549887377768755,7.913876665099906e-09,0.0027574351988732815,0.018351547420024872,0.0,0.0,0.0,1.0,1.0,600,231072,31,13,0.90212082862854,0.8934772157317606,-0.0006315027712844312,-0.002221580594778061,0.0005654133856296539,0.2221580594778061,1.0,0.4477262496948242,-0.02999114990234375,0.4558354318141937,0.4531679153442383,-0.027921438217163086,0.4558354914188385,1,1.5827753330199813e-09,0.0
1.00016450881958,1.00016450881958,1.0001740455627441,0.013313381001353264,1.0,1.0,0.0,0.0,0.0,303,231456,12,13,36.16673278808594,0.7622528466331253,0.002353125251829624,0.002574095269665122,-0.0005739303305745125,0.2574095269665122,1.0,0.4515082836151123,-0.024886220693588257,0.4546961486339569,0.22138571739196777,-0.2934711277484894,0.4546961188316345,1,1.0,1.0
1.0044384002685547,1.0044384002685547,1.0145604610443115,0.05159585177898407,1.0,1.0,1.0,0.0,0.0,318,231744,4,13,35.78498077392578,2.3762808688553814,-0.0019484773511067033,-0.003700574394315481,-0.003116526175290346,0.3700574394315481,1.0,0.4374513626098633,-0.03509163856506348,0.4521535038948059,0.21674680709838867,-0.30130553245544434,0.4521535038948059,1,1.0,1.0
0.026313772425055504,7.913875776921486e-09,0.004304180853068829,0.032782841473817825,0.0,0.0,0.0,1.0,1.0,600,231968,18,13,0.7088292241096497,1.631707860167128,1.0522206139285117e-05,0.0005215962883085012,0.0011703047202900052,0.11703047202900052,1.0,0.44389697909355164,-0.0290219783782959,0.4564403295516968,0.4538106620311737,-0.02517831325531006,0.45644041895866394,1,1.5827751553842974e-09,0.0
1.0050947666168213,1.0050947666168213,1.020355224609375,0.04545057937502861,1.0,1.0,0.0,0.0,0.0,297,232064,17,13,35.62736511230469,1.7297594945708923,-0.0013994069304317236,-0.0013429042883217335,-0.0026558684185147285,0.26558684185147285,1.0,0.4418949484825134,-0.031126469373703003,0.4526141285896301,0.21724510192871094,-0.29918745160102844,0.4526141881942749,1,1.0,1.0
0.0004973002942278981,7.913875776921486e-09,0.0005481740809045732,0.023022325709462166,0.0,0.0,0.0,1.0,1.0,600,232128,28,13,1.128231406211853,1.2876742198813476,-0.004647943656891584,-0.0027976674027740955,-0.0015990379033610225,0.46479436568915844,1.0,0.44131994247436523,-0.03150737285614014,0.45367100834846497,0.44915223121643066,-0.028497815132141113,0.45367106795310974,1,1.5827751553842974e-09,0.0
0.026775050908327103,7.913876665099906e-09,0.001978429267182946,0.031093593686819077,0.0,0.0,0.0,1.0,1.0,600,232736,27,13,1.295645833015442,1.6681765880233532,-0.0004886395181529224,0.0018028531922027469,-0.0001301695592701435,0.1802853192202747,1.0,0.4431779384613037,-0.027829647064208984,0.4551399052143097,0.4533116817474365,-0.02389708161354065,0.4551399052143097,1,1.5827753330199813e-09,0.0
1.0014917850494385,1.0014917850494385,1.0040688514709473,0.030000098049640656,1.0,1.0,0.0,0.0,0.0,290,232896,25,13,35.12525177001953,1.5712214124247876,0.0020247744396328926,0.003830963047221303,-0.0001011147178360261,0.3830963047221303,1.0,0.4462769031524658,-0.025565147399902344,0.4551689028739929,0.22095203399658203,-0.29269838333129883,0.4551689624786377,1,0.9993827164173127,0.9938271641731262
0.03695918247103691,7.913870447850968e-09,9.183521797240246e-06,0.040953632444143295,0.0,0.0,0.0,1.0,1.0,600,233376,5,13,2.116349458694458,2.3459445836567694,-0.004360710736364126,-0.0033113721292465925,0.003974398598074913,0.4360710736364126,1.0,0.43522167205810547,-0.034626007080078125,0.4592444896697998,0.44943904876708984,-0.029010772705078125,0.4592445194721222,1,1.5827740895701938e-09,0.0
1.0022118091583252,1.0022118091583252,1.0022845268249512,0.0004861337074544281,1.0,1.0,0.0,0.0,0.0,301,233536,29,13,36.420372009277344,0.023684546393352036,0.0020116085652261972,0.0007895198068581522,0.002156519563868642,0.21565195638686419,1.0,0.45566701889038086,-0.024964332580566406,0.45742660760879517,0.22088217735290527,-0.2960026264190674,0.4574265480041504,1,1.0,1.0
1.000234603881836,1.000234603881836,1.0003340244293213,0.0011307233944535255,1.0,1.0,0.0,1.0,0.0,315,233760,6,13,36.548885345458984,0.05908770637562247,0.00016413240518886596,0.003761943895369768,-0.0014536503003910184,0.3761943895369768,1.0,0.45360326766967773,-0.02207207679748535,0.45381638407707214,0.2191910743713379,-0.2923088073730469,0.45381641387939453,1,1.0,1.0
0.8336546421051025,7.913873112386227e-09,0.8377192616462708,0.8774680495262146,0.0,0.0,1.0,1.0,1.0,600,234272,20,13,5.366523742675781,2.277429888875314,0.00475070346146822,-0.004158591385930777,0.0012706501875072718,0.475070346146822,1.0,0.4447453022003174,-0.03530073165893555,0.45654064416885376,0.4585508108139038,-0.029858112335205078,0.4565407335758209,1,0.08012820640531491,0.8012820482254028
0.0008099429542198777,7.913876665099906e-09,0.002324119908735156,0.03430755063891411,0.0,0.0,0.0,1.0,1.0,600,234688,16,13,1.5964155197143555,1.832515848652326,0.002239782130345702,-0.0031938832253217697,0.002593907993286848,0.31938832253217697,1.0,0.4449141025543213,-0.033229827880859375,0.457863986492157,0.4560398757457733,-0.028893709182739258,0.45786401629447937,1,1.5827753330199813e-09,0.0
1.005070447921753,1.005070447921753,1.0469028949737549,0.08380000293254852,1.0,1.0,1.0,0.0,0.0,322,235040,30,13,35.961326599121094,2.404556784802176,-0.0009503428009338677,-0.001687806099653244,-0.0020207236520946026,0.20207236520946026,1.0,0.4382796287536621,-0.03315019607543945,0.45324933528900146,0.2176961898803711,-0.29952430725097656,0.45324933528900146,1,1.0,1.0
1.0023831129074097,1.0023831129074097,1.0446486473083496,0.07537488639354706,1.0,1.0,1.0,1.0,0.0,343,235168,13,13,36.451210021972656,1.8970284794669774,-0.0010821728501468897,-0.002852195408195257,0.003461579792201519,0.3461579792201519,1.0,0.44120311737060547,-0.03304743766784668,0.45873159170150757,0.2177748680114746,-0.29970693588256836,0.4587315320968628,1,1.0,1.0
1.0000293254852295,1.0000293254852295,1.0017719268798828,0.03748926892876625,1.0,1.0,0.0,1.0,0.0,358,235712,19,13,36.81208801269531,2.0481295528239962,9.782371489563957e-05,0.002850203076377511,0.00021882592409383506,0.2850203076377511,1.0,0.4414723217487335,-0.027719736099243164,0.455488920211792,0.21914124488830566,-0.29314613342285156,0.455488920211792,1,1.0,1.0
1.002614974975586,1.002614974975586,1.0027943849563599,0.022380655631422997,1.0,1.0,0.0,1.0,0.0,350,236608,24,13,36.87964630126953,1.2720394899843654,0.0005087305908091366,-0.00022467930102720857,0.0021573673002421856,0.21573673002421856,1.0,0.44657087326049805,-0.028896331787109375,0.45742738246917725,0.21934723854064941,-0.297163724899292,0.457427442073822,1,1.0,1.0
0.0036227211821824312,7.913875776921486e-09,0.003664589487016201,0.0441761277616024,0.0,0.0,0.0,1.0,1.0,600,236928,14,13,1.3567323684692383,2.3211407516858684,0.0005623102770186961,-0.002020979067310691,0.0021782866679131985,0.21782866679131985,1.0,0.4402942657470703,-0.03327298164367676,0.4574483036994934,0.4543626308441162,-0.027720928192138672,0.45744839310646057,1,1.5827751553842974e-09,0.0
1.003858208656311,1.003858208656311,1.0041253566741943,0.02322179265320301,1.0,1.0,0.0,0.0,0.0,295,237440,26,13,35.44160079956055,1.3152077796427268,-0.003549332031980157,-0.0004563150287140161,0.0017812262522056699,0.3549332031980157,1.0,0.44225168228149414,-0.029232263565063477,0.45705124735832214,0.21519160270690918,-0.297849178314209,0.45705121755599976,1,1.0,1.0
0.0198932196944952,7.913875776921486e-09,0.020009806379675865,0.0480683371424675,0.0,0.0,0.0,1.0,1.0,600,238784,15,13,1.7496910095214844,1.6076351786025354,0.003291534725576639,-0.004901972133666277,0.0027773526962846518,0.4901972133666277,1.0,0.44732367992401123,-0.034386634826660156,0.45804738998413086,0.45709165930747986,-0.03060150146484375,0.45804741978645325,1,1.5827751553842974e-09,0.0
1.0070133209228516,1.0070133209228516,1.031141996383667,0.06013715639710426,1.0,1.0,1.0,0.0,0.0,259,239360,31,13,33.21324920654297,2.0631318498925175,-0.004957924131304026,-0.0027301409281790257,0.00346291228197515,0.49579241313040257,1.0,0.4363265037536621,-0.033336639404296875,0.4587329030036926,0.21353721618652344,-0.30127525329589844,0.4587330222129822,1,0.9248226955533028,0.24822695553302765
1.0028541088104248,1.0028541088104248,1.0230646133422852,0.030827976763248444,1.0,1.0,0.0,0.0,0.0,263,240160,4,14,33.869895935058594,0.6083287707147759,0.0035365945659577847,-0.0035485720727592707,0.003841852769255638,0.3841852769255638,1.0,0.4536280632019043,-0.030648469924926758,0.4591118395328522,0.22235631942749023,-0.30057525634765625,0.45911186933517456,1,0.9368055552244187,0.3680555522441864
1.0054593086242676,1.0054593086242676,1.0246915817260742,0.029328778386116028,1.0,1.0,0.0,0.0,0.0,312,240672,10,14,36.56391525268555,0.5784935439248081,0.003320945193991065,0.004458874464035034,0.003434530459344387,0.4458874464035034,1.0,0.45359373092651367,-0.022571086883544922,0.45870456099510193,0.2219371795654297,-0.2935190200805664,0.4587045907974243,1,1.0,1.0
0.5242129564285278,7.913875776921486e-09,0.5286486744880676,0.5588313937187195,0.0,0.0,1.0,1.0,1.0,600,241504,23,14,2.3933098316192627,1.7293461614044008,0.003008107654750347,0.00468829832971096,1.3883379324397538e-05,0.46882983297109604,1.0,0.4463050365447998,-0.025094151496887207,0.4552839398384094,0.4568082094192505,-0.021011710166931152,0.4552839696407318,1,0.038888891133937876,0.3888888955116272
1.0009193420410156,1.0009193420410156,1.00156831741333,0.03559191897511482,1.0,1.0,0.0,1.0,0.0,342,241792,9,14,36.28200149536133,2.0020819115436512,0.00030505008180625737,-0.0031455541029572487,0.000906565401237458,0.31455541029572487,1.0,0.4419565200805664,-0.033600807189941406,0.4561765789985657,0.21927738189697266,-0.2994661331176758,0.4561765789985657,1,1.0,1.0
1.0030046701431274,1.0030046701431274,1.046346664428711,0.07060886919498444,1.0,1.0,1.0,0.0,0.0,321,242336,17,14,36.20811462402344,1.5622832561221798,-0.0011444156989455223,-0.0033319350332021713,-0.0020278487354516983,0.33319350332021713,1.0,0.4431617259979248,-0.03270614147186279,0.45324215292930603,0.21766361594200134,-0.30041345953941345,0.4532421827316284,1,1.0,1.0
0.31272774934768677,7.913871336029388e-09,0.3208320438861847,0.35209476947784424,0.0,0.0,1.0,1.0,1.0,600,243040,8,14,2.8582310676574707,1.7912245803552487,0.004089099820703268,-0.003416618797928095,0.0023831012658774853,0.4089099820703268,1.0,0.44701194763183594,-0.03335106372833252,0.4576531648635864,0.4578886032104492,-0.02911674976348877,0.4576531946659088,1,0.058064515981349096,0.5806451439857483
1.0036308765411377,1.0036308765411377,1.0039618015289307,0.00977769773453474,1.0,1.0,0.0,0.0,0.0,300,243136,29,14,36.14529037475586,0.5412569533954853,0.0002731552522163838,0.0005195963894948363,0.00034968534600920975,0.05195963894948363,1.0,0.450772762298584,-0.026423931121826172,0.4556197226047516,0.21903204917907715,-0.29679083824157715,0.4556196928024292,1,1.0,1.0
1.0026776790618896,1.0026776790618896,1.0324885845184326,0.04432579129934311,1.0,1.0,0.0,0.0,0.0,295,243200,6,14,35.88119125366211,0.8316471417136317,0.0021514135878533125,-0.0033897943794727325,0.0037232416216284037,0.37232416216284037,1.0,0.4508848190307617,-0.03101348876953125,0.4589932858943939,0.22098493576049805,-0.3003520965576172,0.45899325609207153,1,1.0,1.0
0.7808878421783447,7.913876665099906e-09,0.7809714078903198,0.8143110871315002,0.0,0.0,1.0,1.0,1.0,600,243520,2,14,5.342994213104248,1.910219068858153,0.00406353734433651,-0.0019171057501807809,0.004232350736856461,0.42323507368564606,1.0,0.44626903533935547,-0.03214496374130249,0.4595023989677429,0.45786333084106445,-0.027617067098617554,0.4595024287700653,1,0.07808219352689764,0.7808219194412231
1.0042071342468262,1.0042071342468262,1.0199682712554932,0.017199525609612465,1.0,1.0,0.0,1.0,0.0,340,243616,27,14,37.41565704345703,0.08241706458934066,0.004472417291253805,-0.0008419810910709202,0.00038489437429234385,0.4472417291253805,1.0,0.45776915550231934,-0.026729166507720947,0.45565497875213623,0.22318649291992188,-0.29836252331733704,0.45565491914749146,1,1.0,1.0
0.6488245129585266,7.913875776921486e-09,0.6541441679000854,0.6925039887428284,0.0,0.0,1.0,1.0,1.0,600,243808,1,14,4.306575775146484,2.197850927968672,-0.0018596885493025184,0.0012189180124551058,0.0029185754247009754,0.29185754247009754,1.0,0.4386134147644043,-0.02972412109375,0.45818859338760376,0.45194005966186523,-0.02448105812072754,0.4581886827945709,1,0.07297297278371816,0.7297297120094299
1.0007115602493286,1.0007115602493286,1.001278042793274,0.025681113824248314,1.0,1.0,0.0,0.0,0.0,343,243872,25,14,36.87502670288086,1.438963443605659,0.004550175275653601,0.001979443011805415,-0.004458993207663298,0.45501752756536007,1.0,0.4496018886566162,-0.02709484100341797,0.4508110284805298,0.2235393524169922,-0.2942652702331543,0.4508110284805298,1,1.0,1.0
1.2244492609170265e-05,7.913876665099906e-09,2.97296246571932e-05,0.031145505607128143,0.0,0.0,0.0,1.0,1.0,600,244448,0,14,0.9290957450866699,1.7828035974388576,0.00021153716079425067,0.003072143765166402,0.0033094151876866817,0.3309415187686682,1.0,0.44318532943725586,-0.02684164047241211,0.458579421043396,0.4540109634399414,-0.02262735366821289,0.45857951045036316,1,1.5827753330199813e-09,0.0
0.07737463712692261,7.913876665099906e-09,0.07738156616687775,0.10689994692802429,0.0,0.0,1.0,1.0,1.0,600,244512,21,14,1.8652496337890625,1.691277888621923,-0.003241873811930418,0.0015949790831655264,0.003308654762804508,0.3308654762804508,1.0,0.44028472900390625,-0.028094053268432617,0.4585786461830139,0.45055830478668213,-0.024104833602905273,0.4585787355899811,1,0.005882354545865276,0.05882352963089943
0.015151544474065304,7.913875776921486e-09,0.0024926885962486267,0.04340681433677673,0.0,0.0,0.0,1.0,1.0,600,244576,11,14,1.0735799074172974,2.3442077946168824,0.004777691327035427,0.0036661187186837196,-0.00462637422606349,0.4777691327035427,1.0,0.4443705081939697,-0.02764415740966797,0.4506436586380005,0.45857787132263184,-0.02203369140625,0.45064374804496765,1,1.5827751553842974e-09,0.0
1.0043814182281494,1.0043814182281494,1.03761887550354,0.06315755844116211,1.0,1.0,1.0,0.0,0.0,315,245248,13,14,36.200313568115234,1.714295626124866,0.004775970708578825,0.0020134837832301855,-0.0037587611004710197,0.4775970708578825,1.0,0.4481637477874756,-0.027732133865356445,0.4515112638473511,0.22347569465637207,-0.2955704927444458,0.4515112638473511,1,1.0,1.0
0.04380245879292488,7.913875776921486e-09,0.04739789664745331,0.049770478159189224,0.0,0.0,0.0,1.0,1.0,600,245280,3,14,1.0333583354949951,0.13594008111200018,-0.002992897527292371,0.0020313365384936333,0.0039583719335496426,0.39583719335496426,1.0,0.44997692108154297,-0.023977994918823242,0.4592284858226776,0.4508066177368164,-0.023668646812438965,0.4592284858226776,1,1.5827751553842974e-09,0.0
0.029209403321146965,7.913876665099906e-09,0.011438527144491673,0.04353189840912819,0.0,0.0,0.0,1.0,1.0,600,245344,7,14,0.9096510410308838,1.8388154175011935,-0.0024193862918764353,0.0015707305865362287,-0.004776397254317999,0.4776397254317999,1.0,0.4402165412902832,-0.02848106622695923,0.45049363374710083,0.45138025283813477,-0.024129241704940796,0.450493723154068,1,1.5827753330199813e-09,0.0
1.0005159378051758,1.0005159378051758,1.001678705215454,0.00714943278580904,1.0,1.0,0.0,1.0,0.0,350,245888,16,14,37.4482421875,0.3430149282432436,-0.001635763910599053,-0.004942705854773521,-0.0037391087971627712,0.49427058547735214,1.0,0.4500712752342224,-0.03142690658569336,0.45153090357780457,0.21736884117126465,-0.3011159896850586,0.45153099298477173,1,1.0,1.0
0.0005120064597576857,7.913875776921486e-09,0.0005290129920467734,0.009188853204250336,0.0,0.0,0.0,1.0,1.0,600,246112,22,14,1.3211897611618042,0.4961731158400525,-0.0006573360878974199,-0.002678773133084178,0.00372110353782773,0.372110353782773,1.0,0.4501166343688965,-0.029517650604248047,0.458991140127182,0.45314276218414307,-0.028378725051879883,0.4589911997318268,1,1.5827751553842974e-09,0.0
1.0038928985595703,1.0038928985595703,1.0043432712554932,0.008663143962621689,1.0,1.0,0.0,1.0,0.0,322,247232,14,14,36.74418640136719,0.4705605467827394,0.0014624875038862228,0.004263615235686302,-0.0021189895924180746,0.4263615235686302,1.0,0.452392578125,-0.02251601219177246,0.45315101742744446,0.2202005386352539,-0.29314279556274414,0.45315104722976685,1,1.0,1.0
1.0032137632369995,1.0032137632369995,1.0052186250686646,0.01219344325363636,1.0,1.0,0.0,0.0,0.0,312,247424,26,14,36.21183776855469,0.5837650092210299,-0.0026988161262124777,0.0016749578062444925,-0.00338367884978652,0.338367884978652,1.0,0.4475419521331787,-0.02536773681640625,0.4518864154815674,0.2160930633544922,-0.2954826354980469,0.4518863558769226,1,1.0,1.0
1.0025393962860107,1.0025393962860107,1.0027062892913818,0.034388504922389984,1.0,1.0,0.0,0.0,0.0,309,248672,15,14,35.64991760253906,1.9607532906495502,0.003934225998818874,-0.002391428453847766,-0.004415001720190048,0.4415001720190048,1.0,0.4458352327346802,-0.03274393081665039,0.45085495710372925,0.22277885675430298,-0.2993030548095703,0.4508550763130188,1,1.0,1.0
1.0046991109848022,1.0046991109848022,1.128454327583313,0.1431678831577301,1.0,1.0,1.0,0.0,0.0,246,249376,23,14,33.01422119140625,1.1122649301550767,0.003268215339630842,-0.0013306563487276435,0.0018656847532838583,0.3268215339630842,1.0,0.4502987861633301,-0.02962017059326172,0.45713576674461365,0.22194337844848633,-0.2990306615829468,0.4571356773376465,1,0.9321839094161988,0.3218390941619873
1.004729986190796,1.004729986190796,1.004831075668335,0.0020885600242763758,1.0,1.0,0.0,0.0,0.0,281,249664,10,14,35.16683578491211,0.11387336740970215,0.0018003522418439388,-0.004951843060553074,0.002867804141715169,0.4951843060553074,1.0,0.45490527153015137,-0.030910491943359375,0.4581378996372223,0.2204732894897461,-0.30266380310058594,0.4581378698348999,1,0.9901234567165376,0.9012345671653748
1.0027517080307007,1.0027517080307007,1.002867579460144,0.0009355247602798045,1.0,1.0,0.0,1.0,0.0,333,250016,31,14,36.954410552978516,0.046963400227335805,-0.0005331250722520053,-0.0034774350933730602,-0.004840110894292593,0.4840110894292593,1.0,0.45298004150390625,-0.029283523559570312,0.45042988657951355,0.21829462051391602,-0.30046629905700684,0.45042991638183594,1,1.0,1.0
0.03739061579108238,7.913868671494129e-09,0.037621866911649704,0.04340628907084465,0.0,0.0,0.0,1.0,1.0,600,250656,12,14,1.1078227758407593,0.331423563613203,-0.0031674886122345924,0.0034745510201901197,0.00244130939245224,0.347455102019012,1.0,0.4486100673675537,-0.02298322319984436,0.4577113687992096,0.45063281059265137,-0.022225409746170044,0.45771142840385437,1,1.5827737342988258e-09,0.0
1.003806710243225,1.003806710243225,1.0038447380065918,0.029001550748944283,1.0,1.0,0.0,1.0,0.0,333,250816,4,14,36.62845230102539,1.6594828244269848,0.0037719046231359243,0.002182786352932453,-0.0047578224912285805,0.47578224912285805,1.0,0.4474906921386719,-0.027428627014160156,0.45051220059394836,0.22251653671264648,-0.29519128799438477,0.450512170791626,1,1.0,1.0
0.0003501840983517468,7.913869559672548e-09,0.0003767201560549438,0.01549118384718895,0.0,0.0,0.0,1.0,1.0,600,251168,18,14,1.1814464330673218,0.8659955760802441,-0.00433005066588521,0.0034014773555099964,0.0022195675410330296,0.433005066588521,1.0,0.4441949129104614,-0.024303078651428223,0.45748957991600037,0.44947007298469543,-0.022298455238342285,0.45748963952064514,1,1.5827739119345097e-09,0.0
0.777592122554779,7.913874888743067e-09,0.7776798605918884,0.8191583156585693,0.0,0.0,1.0,1.0,1.0,600,251328,28,14,4.641733169555664,2.376546179015954,0.00044462719233706594,-0.0039160712622106075,-0.00027758392388932407,0.39160712622106075,1.0,0.43984317779541016,-0.03530764579772949,0.45499247312545776,0.45424485206604004,-0.02961599826812744,0.45499250292778015,1,0.07424242654767976,0.7424242496490479
1.0024374723434448,1.0024374723434448,1.035092830657959,0.036958906799554825,1.0,1.0,0.0,0.0,0.0,294,252448,8,14,36.21436309814453,0.24656884186168182,-0.004045119974762201,0.0023650608491152525,-0.0023083467967808247,0.40451199747622013,1.0,0.44824981689453125,-0.023897171020507812,0.452961802482605,0.21480751037597656,-0.29450929164886475,0.4529617428779602,1,0.9949999988079071,0.949999988079071
0.00824604369699955,7.913875776921486e-09,0.008256575092673302,0.04739198833703995,0.0,0.0,0.0,1.0,1.0,600,252576,5,14,0.8382704854011536,2.2422936882374755,-0.00027577049331739545,0.0025756340473890305,0.00270241335965693,0.270241335965693,1.0,0.4399299621582031,-0.028478622436523438,0.4579724669456482,0.4535236358642578,-0.023123741149902344,0.4579724967479706,1,1.5827751553842974e-09,0.0
1.0049864053726196,1.0049864053726196,1.0055327415466309,0.04008413851261139,1.0,1.0,0.0,1.0,0.0,343,252768,9,14,36.27252197265625,2.265344082582388,0.002415999071672559,-0.001695610349997878,-0.002562854904681444,0.2562854904681444,1.0,0.44248294830322266,-0.03280758857727051,0.4527071714401245,0.2210693359375,-0.2995004653930664,0.4527071714401245,1,1.0,1.0
1.0023818016052246,1.0023818016052246,1.002453327178955,0.004860247951000929,1.0,1.0,0.0,1.0,0.0,329,252864,17,14,36.86361312866211,0.27436859223770643,0.0009283068939112127,-0.0026506732683628798,-0.004207820165902376,0.4207820165902376,1.0,0.45305365324020386,-0.028977185487747192,0.4510621726512909,0.21978521347045898,-0.2995048761367798,0.4510622024536133,1,1.0,1.0
1.004075527191162,1.004075527191162,1.0077860355377197,0.039161838591098785,1.0,1.0,0.0,0.0,0.0,295,252960,2,14,35.4525146484375,2.0312152296746944,-0.003830453148111701,0.003431695979088545,-0.0045898123644292355,0.45898123644292355,1.0,0.43764638900756836,-0.027095794677734375,0.450680136680603,0.21489334106445312,-0.29404065012931824,0.4506801962852478,1,1.0,1.0
0.47477930784225464,7.913876665099906e-09,0.48841387033462524,0.526069700717926,0.0,0.0,1.0,1.0,1.0,600,253472,20,14,2.1256725788116455,2.157517166815866,0.0021971266251057386,-0.0004566902935039252,-0.0006033536628820002,0.21971266251057386,1.0,0.4429129362106323,-0.03129911422729492,0.4546666741371155,0.4559973478317261,-0.02615642547607422,0.45466676354408264,1,0.021250002178821784,0.21250000596046448
1.0035839080810547,1.0035839080810547,1.0066697597503662,0.0035923118703067303,1.0,1.0,0.0,1.0,0.0,322,253920,27,14,36.936622619628906,0.0290188390912727,0.0011471715988591313,0.004331496078521013,-0.0027601339388638735,0.4331496078521013,1.0,0.4547700881958008,-0.02143421769142151,0.45250996947288513,0.21990966796875,-0.2929614782333374,0.45250988006591797,1,1.0,1.0
0.02149970270693302,7.913876665099906e-09,0.002972383052110672,0.02621561847627163,0.0,0.0,0.0,1.0,1.0,600,254240,30,14,0.9458150267601013,1.3317404659721543,0.002780195325613022,0.0036463825963437557,0.0010540576186031103,0.36463825963437557,1.0,0.44848060607910156,-0.02516937255859375,0.4563240706920624,0.45657968521118164,-0.022053241729736328,0.45632413029670715,1,1.5827753330199813e-09,0.0
1.0052390098571777,1.0052390098571777,1.0059731006622314,0.021063340827822685,1.0,1.0,0.0,1.0,0.0,328,254304,1,14,36.541812896728516,1.1647786261453081,0.00034980388591066003,-0.0010114011820405722,-0.004348482936620712,0.43484829366207123,1.0,0.44706153869628906,-0.029425621032714844,0.4509216845035553,0.21898269653320312,-0.2989084720611572,0.45092153549194336,1,1.0,1.0
1.0009511709213257,1.0009511709213257,1.0018348693847656,0.03586794063448906,1.0,1.0,0.0,0.0,0.0,311,254464,21,14,36.01337814331055,2.00444579732671,0.0031827359925955534,0.0016760255675762892,0.002953393617644906,0.31827359925955534,1.0,0.4448205232620239,-0.028784990310668945,0.4582233428955078,0.2221529483795166,-0.29465627670288086,0.4582234025001526,1,1.0,1.0
0.025145700201392174,7.913871336029388e-09,0.0018638345645740628,0.030078960582613945,0.0,0.0,0.0,1.0,1.0,600,254912,19,14,0.8460551500320435,1.6166089799548744,-0.004418680444359779,0.004603372421115637,-0.0043302797712385654,0.4603372421115637,1.0,0.43955910205841064,-0.024903297424316406,0.45093971490859985,0.44938144087791443,-0.02109670639038086,0.450939804315567,1,1.5827742672058777e-09,0.0
1.000821828842163,1.000821828842163,1.0369060039520264,0.06226857006549835,1.0,1.0,1.0,0.0,0.0,308,255104,13,14,36.01211166381836,1.500246995768481,0.0047910152934491634,0.004335442092269659,-0.0029585312586277723,0.47910152934491634,1.0,0.44947195053100586,-0.024887919425964355,0.45231151580810547,0.223771333694458,-0.2919495105743408,0.45231151580810547,1,1.0,1.0
1.0029560327529907,1.0029560327529907,1.0070900917053223,0.025502514094114304,1.0,1.0,0.0,0.0,0.0,323,255616,3,14,36.44708251953125,1.224321974173658,0.0017976737581193447,0.0017985287122428417,-0.004612355027347803,0.4612355027347803,1.0,0.4481487274169922,-0.026758909225463867,0.4506577253341675,0.22060918807983398,-0.29526495933532715,0.4506576657295227,1,1.0,1.0
0.049160610884428024,7.913867783315709e-09,0.049168821424245834,0.05826452001929283,0.0,0.0,1.0,1.0,1.0,600,255808,24,14,0.9498586058616638,0.5211459416320587,-0.0017252240795642138,-0.0004087375127710402,0.004742663353681564,0.47426633536815643,1.0,0.44889652729034424,-0.02730536460876465,0.4600127637386322,0.45207488536834717,-0.026108503341674805,0.4600127637386322,1,1.5827735566631419e-09,0.0
1.0000910758972168,1.0000910758972168,1.00020170211792,0.020861035212874413,1.0,1.0,0.0,1.0,0.0,373,255808,25,14,37.45307159423828,1.1889145936814292,0.004365493077784777,-0.0030892323702573776,0.0049806213937699795,0.49806213937699795,1.0,0.4509317874908447,-0.03156232833862305,0.4602506458759308,0.2234041690826416,-0.29910802841186523,0.4602506756782532,1,1.0,1.0
1.0005382299423218,1.0005382299423218,1.0055596828460693,0.0207184050232172,1.0,1.0,0.0,0.0,0.0,325,256288,16,14,36.64533233642578,0.8993739101413031,0.004056481644511223,0.000470139755634591,-0.0019856588914990425,0.4056481644511223,1.0,0.4523788094520569,-0.0273134708404541,0.4532844126224518,0.22305935621261597,-0.2957115173339844,0.4532843828201294,1,1.0,1.0
1.0018607378005981,1.0018607378005981,1.0021772384643555,0.001653269282542169,1.0,1.0,0.0,1.0,0.0,326,256544,22,14,36.94316482543945,0.07658563717299022,0.0032839516643434763,-0.0009550820686854422,0.0016989591531455517,0.32839516643434763,1.0,0.4566161632537842,-0.026829123497009277,0.4569690525531769,0.222182035446167,-0.2976192235946655,0.45696908235549927,1,1.0,1.0
1.0057215690612793,1.0057215690612793,1.0059077739715576,0.017371762543916702,1.0,1.0,0.0,1.0,0.0,319,258880,15,14,36.434844970703125,0.9846601344297251,0.0019723575096577406,0.004757793620228767,-0.0018047892954200506,0.47577936202287674,1.0,0.449776828289032,-0.023227691650390625,0.45346516370773315,0.22056803107261658,-0.29331493377685547,0.4534652829170227,1,1.0,1.0
1.0018881559371948,1.0018881559371948,1.0025866031646729,0.0011756510939449072,1.0,1.0,0.0,0.0,0.0,306,259168,23,14,36.60659408569336,0.027341013793829645,0.004686611704528332,0.001281419419683516,0.0033365122508257627,0.4686611704528332,1.0,0.45831942558288574,-0.024480342864990234,0.4586065113544464,0.22358250617980957,-0.2953925132751465,0.4586066007614136,1,1.0,1.0
1.0024887323379517,1.0024887323379517,1.0037257671356201,0.0036830848548561335,1.0,1.0,0.0,0.0,0.0,271,261120,8,15,34.30705642700195,0.14015297380857578,0.004032704047858715,-0.004781052470207214,-0.0024902529548853636,0.47810524702072144,1.0,0.45697736740112305,-0.03080010414123535,0.4527797996997833,0.22288084030151367,-0.3016742467880249,0.45277971029281616,1,0.9445205479860306,0.4452054798603058
1.0058218240737915,1.0058218240737915,1.0322659015655518,0.0602252222597599,1.0,1.0,1.0,0.0,0.0,280,261536,5,15,35.07063674926758,1.9355131803454142,-0.004833286162465811,0.0024891311768442392,-0.0013503722148016095,0.4833286162465811,1.0,0.43721961975097656,-0.027801513671875,0.4539196491241455,0.21375465393066406,-0.2956209182739258,0.4539197087287903,1,1.0,1.0
1.0046846866607666,1.0046846866607666,1.0416405200958252,0.07045599073171616,1.0,1.0,1.0,1.0,0.0,336,261920,18,15,36.29255294799805,1.919418906783337,-0.0011969360057264566,-0.003521648235619068,-0.0011086832964792848,0.3521648235619068,1.0,0.4409533143043518,-0.03377223014831543,0.4541613459587097,0.21747952699661255,-0.30121660232543945,0.4541613459587097,1,1.0,1.0
0.026558341458439827,7.913876665099906e-09,0.007624286226928234,0.0363055095076561,0.0,0.0,0.0,1.0,1.0,600,262336,29,15,0.754128098487854,1.6433137389491548,-0.0035352366976439953,0.004650365561246872,-0.004094018135219812,0.4650365561246872,1.0,0.44028139114379883,-0.024921417236328125,0.4511760473251343,0.45026516914367676,-0.02104949951171875,0.45117607712745667,1,1.5827753330199813e-09,0.0
3.904309323843336e-06,7.913876665099906e-09,1.370043264614651e-05,0.040846969932317734,0.0,0.0,0.0,1.0,1.0,600,262400,6,15,0.6049053072929382,2.3395743650386747,-0.003958726767450571,-0.0012470477959141135,0.00015476396947633475,0.3958726767450571,1.0,0.43566179275512695,-0.03254532814025879,0.45542478561401367,0.4498410224914551,-0.0269467830657959,0.45542487502098083,1,1.5827753330199813e-09,0.0
1.0008692741394043,1.0008692741394043,1.0229358673095703,0.03781909868121147,1.0,1.0,0.0,0.0,0.0,300,262464,17,15,36.21837615966797,0.9025470666193028,0.003446026472374797,-0.002535399282351136,-4.253110091667622e-05,0.3446026472374797,1.0,0.45174887776374817,-0.030326515436172485,0.45522749423980713,0.22242265939712524,-0.2988378405570984,0.45522743463516235,1,1.0,1.0
1.0050028562545776,1.0050028562545776,1.0095374584197998,0.006825598422437906,1.0,1.0,0.0,0.0,0.0,315,262848,9,15,36.70783233642578,0.13125973400388863,-0.0016405690694227815,-0.0023441535886377096,-0.00260974676348269,0.260974676348269,1.0,0.4513578414916992,-0.02834296226501465,0.45266029238700867,0.217010498046875,-0.3001549243927002,0.45266032218933105,1,1.0,1.0
1.0008111000061035,1.0008111000061035,1.0437371730804443,0.06493402272462845,1.0,1.0,1.0,1.0,0.0,323,263296,2,15,36.222618103027344,1.2609572946126082,-0.002778160385787487,-0.0035215220414102077,-0.0018904011230915785,0.3521522041410208,1.0,0.44335079193115234,-0.03216692805290222,0.45337972044944763,0.2162032127380371,-0.29980266094207764,0.45337969064712524,1,0.9983425438404083,0.9834254384040833
0.00012334321218077093,7.913876665099906e-09,0.0001756630081217736,0.017390456050634384,0.0,0.0,0.0,1.0,1.0,600,263648,0,15,1.3893073797225952,0.9863353450453765,0.0037300551775842905,-0.0035334627609699965,0.0040731788612902164,0.40731788612902164,1.0,0.4515247344970703,-0.03152322769165039,0.45934319496154785,0.45752954483032227,-0.02923297882080078,0.459343284368515,1,1.5827753330199813e-09,0.0
0.010750493966042995,7.913870447850968e-09,0.001071074977517128,0.014932692982256413,0.0,0.0,0.0,1.0,1.0,600,263776,11,15,1.0497647523880005,0.7942129559460547,-0.0003650480357464403,0.004394191782921553,0.00456832442432642,0.456832442432642,1.0,0.4485957622528076,-0.023141145706176758,0.45983847975730896,0.45343518257141113,-0.02130579948425293,0.4598384201526642,1,1.5827740895701938e-09,0.0
0.014465780928730965,7.913876665099906e-09,0.023660041391849518,0.036243800073862076,0.0,0.0,0.0,1.0,1.0,600,264544,7,15,0.9982446432113647,0.7209963162512798,-0.0033702575601637363,-0.0008080769330263138,0.004712518770247698,0.4712518770247698,1.0,0.44603586196899414,-0.028171539306640625,0.4599825441837311,0.45042943954467773,-0.026508033275604248,0.45998260378837585,1,1.5827753330199813e-09,0.0
1.0019639730453491,1.0019639730453491,1.0021545886993408,0.000987859209999442,1.0,1.0,0.0,1.0,0.0,309,264800,19,15,36.58198547363281,0.045678337487594936,0.0015309168957173824,0.0035077037755399942,0.0025310274213552475,0.3507703775539994,1.0,0.455051988363266,-0.022296428680419922,0.4578010141849518,0.22042083740234375,-0.293194055557251,0.4578009843826294,1,1.0,1.0
1.0019434690475464,1.0019434690475464,1.014564037322998,0.0369790643453598,1.0,1.0,0.0,0.0,0.0,285,265664,22,15,35.21516036987305,1.3956399805870912,-0.0010838862508535385,0.002017437480390072,-0.0042180768214166164,0.42180768214166164,1.0,0.4442300796508789,-0.0269525945186615,0.4510519504547119,0.21780753135681152,-0.294676810503006,0.4510520100593567,1,1.0,1.0
1.0023272037506104,1.0023272037506104,1.0267293453216553,0.043139416724443436,1.0,1.0,0.0,0.0,0.0,308,265664,25,15,36.19580841064453,1.073565825369725,0.0035899453796446323,0.0018601317424327135,0.0015214219456538558,0.35899453796446323,1.0,0.4508552551269531,-0.026337146759033203,0.4567914307117462,0.22245144844055176,-0.29497432708740234,0.45679140090942383,1,1.0,1.0
1.0044485330581665,1.0044485330581665,1.0045483112335205,0.025372272357344627,1.0,1.0,0.0,0.0,0.0,305,266048,16,15,35.84306335449219,1.448007467840402,0.0014808623818680644,0.00012093437544535846,-0.004016316961497068,0.40163169614970684,1.0,0.4464779496192932,-0.028975963592529297,0.4512537121772766,0.22017571330070496,-0.297487735748291,0.4512537121772766,1,1.0,1.0
0.004278738517314196,7.913876665099906e-09,0.006498024333268404,0.015040766447782516,0.0,0.0,0.0,1.0,1.0,600,266432,14,15,1.2220038175582886,0.48946352219757283,-0.0044166469015181065,0.00397410336881876,0.0044235363602638245,0.44235363602638245,1.0,0.4463982582092285,-0.022849559783935547,0.45969358086586,0.4493837356567383,-0.021726131439208984,0.45969364047050476,1,1.5827753330199813e-09,0.0
0.23533259332180023,7.913875776921486e-09,0.23544229567050934,0.26679620146751404,0.0,0.0,1.0,1.0,1.0,600,266624,26,15,3.6971426010131836,1.796448394409839,0.004148844163864851,-0.0029333061538636684,0.0044065420515835285,0.44065420515835285,1.0,0.4470407962799072,-0.032880544662475586,0.4596766233444214,0.457949161529541,-0.02863311767578125,0.4596766531467438,1,0.04782608905759816,0.47826087474823
0.029415028169751167,7.913875776921486e-09,0.02497747913002968,0.05744798481464386,0.0,0.0,1.0,1.0,1.0,600,268864,10,15,0.7029598355293274,1.860424001600998,-0.0023696084972471,0.003473360324278474,-0.0033484138548374176,0.3473360324278474,1.0,0.4401364326477051,-0.02663135528564453,0.45192164182662964,0.4514307975769043,-0.022226333618164062,0.451921671628952,1,1.5827751553842974e-09,0.0
1.0003399848937988,1.0003399848937988,1.0004709959030151,0.006902889348566532,1.0,1.0,0.0,1.0,0.0,311,269120,23,15,36.472042083740234,0.38799930116888803,1.940644688147586e-05,0.0009769373573362827,-0.0010709580965340137,0.10709580965340137,1.0,0.45145225524902344,-0.025610923767089844,0.4541991055011749,0.2190382480621338,-0.295132040977478,0.45419907569885254,1,1.0,1.0
0.033180903643369675,7.913872224207807e-09,0.0017635462572798133,0.03691527619957924,0.0,0.0,0.0,1.0,1.0,600,269216,31,15,2.1600403785705566,2.0140466954222207,0.000838587642647326,0.0035385123919695616,0.0009986296063289046,0.35385123919695616,1.0,0.44241809844970703,-0.026946306228637695,0.45626866817474365,0.4546380043029785,-0.022161483764648438,0.45626869797706604,1,1.5827744448415616e-09,0.0
0.9441509246826172,7.913876665099906e-09,0.9445199966430664,0.9452816843986511,0.0,0.0,1.0,1.0,1.0,600,269856,12,15,3.4812703132629395,0.04363488696119794,-0.004041376989334822,-0.004565856419503689,0.0008827366400510073,0.4565856419503689,1.0,0.4494922161102295,-0.03036487102508545,0.4561527967453003,0.44975900650024414,-0.03026580810546875,0.4561528265476227,1,0.015254238340530612,0.1525423675775528
0.014607122167944908,7.913876665099906e-09,0.00023377523757517338,0.017495090141892433,0.0,0.0,0.0,1.0,1.0,600,270016,4,15,1.2932651042938232,0.9890012532557971,0.0004291411896701902,0.003578537842258811,0.002648006659001112,0.3578537842258811,1.0,0.4482078552246094,-0.024417400360107422,0.45791807770729065,0.45422887802124023,-0.022121429443359375,0.45791807770729065,1,1.5827753330199813e-09,0.0
1.0019901990890503,1.0019901990890503,1.0294570922851562,0.06071910634636879,1.0,1.0,1.0,0.0,0.0,256,270112,18,16,33.05253982543945,1.905205069677129,-0.001199986319988966,-0.0006428557098843157,0.0004912027507089078,0.1199986319988966,1.0,0.44103583693504333,-0.030858278274536133,0.45576125383377075,0.21768781542778015,-0.2973541021347046,0.45576125383377075,1,0.9242857143282891,0.24285714328289032
1.0060280561447144,1.0060280561447144,1.0424668788909912,0.05042290315032005,1.0,1.0,1.0,0.0,0.0,294,270528,8,16,35.71653366088867,0.8012403134674986,0.004199285060167313,-0.002811823505908251,0.00432667788118124,0.432667788118124,1.0,0.45311737060546875,-0.030363798141479492,0.4595967233181,0.22277069091796875,-0.300997257232666,0.45959675312042236,1,0.9981927692890168,0.9819276928901672
0.023816581815481186,7.913876665099906e-09,0.027013277634978294,0.03584108501672745,0.0,0.0,0.0,1.0,1.0,600,270528,28,16,1.0933997631072998,0.5057962654112187,-0.0028283714782446623,0.002018580911681056,0.004539857618510723,0.4539857618510723,1.0,0.4478871822357178,-0.024842500686645508,0.45980992913246155,0.4509718418121338,-0.023681282997131348,0.45980992913246155,1,1.5827753330199813e-09,0.0
0.000378070748411119,7.913876665099906e-09,0.0004728269123006612,0.025556912645697594,0.0,0.0,0.0,1.0,1.0,600,272672,20,16,1.0065574645996094,1.4372131009091373,-0.003128130454570055,-0.0014021355891600251,0.00017178741109091789,0.3128130454570055,1.0,0.4419342279434204,-0.03047323226928711,0.45544183254241943,0.4506720304489136,-0.027101516723632812,0.4554418623447418,1,1.5827753330199813e-09,0.0
1.0073997974395752,1.0073997974395752,1.0100644826889038,0.0096583915874362,1.0,1.0,0.0,0.0,0.0,266,273056,7,16,33.75035095214844,0.400711617235604,0.0019445522921159863,-0.0016449976246804,-0.001293780980631709,0.19445522921159863,1.0,0.45329999923706055,-0.02826264500617981,0.45397624373435974,0.22040987014770508,-0.3003315031528473,0.4539761543273926,1,0.9193103447556495,0.19310344755649567
1.0008713006973267,1.0008713006973267,1.001626968383789,0.006077855359762907,1.0,1.0,0.0,1.0,0.0,335,273120,6,16,37.0637321472168,0.30493379549521926,0.0029223887249827385,0.0042612734250724316,0.0027663419023156166,0.42612734250724316,1.0,0.4548616409301758,-0.02213573455810547,0.4580363929271698,0.22189903259277344,-0.2920417785644531,0.4580363631248474,1,1.0,1.0
0.01251412183046341,7.913875776921486e-09,0.01399600226432085,0.034105416387319565,0.0,0.0,0.0,1.0,1.0,600,273120,27,16,1.4805420637130737,1.1521845043677452,0.003302811412140727,-0.004171842243522406,0.0012143871281296015,0.41718422435224056,1.0,0.4500913619995117,-0.03255656361579895,0.4564843773841858,0.45710301399230957,-0.02987179160118103,0.45648446679115295,1,1.5827751553842974e-09,0.0
1.0020989179611206,1.0020989179611206,1.0022507905960083,0.03060874156653881,1.0,1.0,0.0,0.0,0.0,297,273280,11,16,35.71167755126953,1.7450513276271988,0.0013468028046190739,0.0002106681786244735,-0.003052764106541872,0.3052764106541872,1.0,0.4445490837097168,-0.029610157012939453,0.4522172510623932,0.22022604942321777,-0.2965402603149414,0.4522172212600708,1,1.0,1.0
0.03149225935339928,7.913876665099906e-09,0.008545935153961182,0.042496807873249054,0.0,0.0,0.0,1.0,1.0,600,273440,30,16,0.9568579196929932,1.9452408638273933,5.291633715387434e-05,0.004320369102060795,-0.0034373498056083918,0.4320369102060795,1.0,0.4420475959777832,-0.025994300842285156,0.45183265209198,0.45385265350341797,-0.02137899398803711,0.45183274149894714,1,1.5827753330199813e-09,0.0
0.02666468359529972,7.913876665099906e-09,0.026672562584280968,0.036153096705675125,0.0,0.0,0.0,1.0,1.0,600,273504,1,16,1.5439836978912354,0.5431952863767409,-0.004166837316006422,0.0027255858294665813,-0.002428480889648199,0.4166837316006422,1.0,0.4463205337524414,-0.024222612380981445,0.45284155011177063,0.4496326446533203,-0.022974252700805664,0.4528416097164154,1,1.5827753330199813e-09,0.0
0.040687594562768936,7.913875776921486e-09,0.050199512392282486,0.07801700383424759,0.0,0.0,1.0,1.0,1.0,600,273664,21,16,0.8733365535736084,1.5938245361007697,-0.0014263030607253313,0.003360280767083168,-0.002278408734127879,0.3360280767083168,1.0,0.44268906116485596,-0.02609086036682129,0.4529916048049927,0.4523738622665405,-0.022339582443237305,0.45299169421195984,1,1.5827751553842974e-09,0.0
0.995383083820343,7.913876665099906e-09,0.995408833026886,1.0235304832458496,0.0,0.0,1.0,1.0,1.0,600,274304,13,16,3.3429832458496094,1.6112502696641762,0.003780755680054426,-0.0035035230685025454,-0.004494799301028252,0.44947993010282516,1.0,0.44779109954833984,-0.0329972505569458,0.4507752060890198,0.4575810432434082,-0.02920353412628174,0.45077529549598694,1,0.012138729635153033,0.12138728052377701
0.023136073723435402,7.913876665099906e-09,0.008127927780151367,0.032890018075704575,0.0,0.0,0.0,1.0,1.0,600,274816,3,16,0.8992310762405396,1.4187636927438751,-0.0011004273546859622,0.004285549744963646,-0.0035116802901029587,0.4285549744963646,1.0,0.4440736770629883,-0.024740219116210938,0.45175832509994507,0.4526991844177246,-0.02141439914703369,0.45175841450691223,1,1.5827753330199813e-09,0.0
1.0053260326385498,1.0053260326385498,1.0453758239746094,0.07049258798360825,1.0,1.0,1.0,1.0,0.0,365,274976,2,16,37.080379486083984,1.7442412031586119,-0.0009747144067659974,-0.004795290995389223,0.003003499936312437,0.4795290995389223,1.0,0.442232608795166,-0.03461429476737976,0.4582734704017639,0.2176518440246582,-0.3027242422103882,0.4582735300064087,1,1.0,1.0
0.023584943264722824,7.913876665099906e-09,0.024697139859199524,0.03527960926294327,0.0,0.0,0.0,1.0,1.0,600,275008,24,16,2.417161464691162,0.6063310471042529,-0.003912800922989845,-0.003285751910880208,-0.0019828355871140957,0.3912800922989845,1.0,0.44619059562683105,-0.030380725860595703,0.45328715443611145,0.44988739490509033,-0.02898550033569336,0.453287273645401,1,1.5827753330199813e-09,0.0
1.0007442235946655,1.0007442235946655,1.0382866859436035,0.0579167939722538,1.0,1.0,1.0,1.0,0.0,358,275104,0,16,37.10425567626953,1.1673678014492719,-0.002825342118740082,-0.004295638762414455,0.004601995460689068,0.4601995460689068,1.0,0.44387102127075195,-0.03271675109863281,0.4598720371723175,0.21616172790527344,-0.3005518913269043,0.4598720073699951,1,1.0,1.0
1.000652551651001,1.000652551651001,1.001873254776001,0.010012608021497726,1.0,1.0,0.0,0.0,0.0,307,275488,25,16,36.42551803588867,0.5037436334830712,0.0030265371315181255,0.003495746525004506,0.003644308540970087,0.3644308540970087,1.0,0.4537546634674072,-0.023360252380371094,0.4589144289493561,0.22202062606811523,-0.2927274703979492,0.4589143395423889,1,1.0,1.0
1.004865050315857,1.004865050315857,1.0067061185836792,0.03755783662199974,1.0,1.0,0.0,0.0,0.0,326,276096,22,16,36.199623107910156,2.0464222189749046,-0.0001509513531345874,0.0009919815929606557,-0.0019236376974731684,0.19236376974731684,1.0,0.44123375415802,-0.029573261737823486,0.4533464312553406,0.21851134300231934,-0.29676851630210876,0.4533463716506958,1,1.0,1.0
1.0009733438491821,1.0009733438491821,1.0022954940795898,0.002957785502076149,1.0,1.0,0.0,0.0,0.0,312,276608,26,16,36.431236267089844,0.09371565822988963,-0.0038985221181064844,0.003928951919078827,0.0006094043492339551,0.3928951919078827,1.0,0.4493293762207031,-0.021983861923217773,0.45587947964668274,0.21507000923156738,-0.29241156578063965,0.4558793902397156,1,1.0,1.0
1.0032460689544678,1.0032460689544678,1.0037462711334229,0.020283959805965424,1.0,1.0,0.0,0.0,0.0,271,277792,23,16,33.759925842285156,1.1335242141118589,0.0025635682977735996,0.0004796856956090778,-0.00224693794734776,0.25635682977735996,1.0,0.44946515560150146,-0.027860403060913086,0.45302310585975647,0.2213526964187622,-0.2966897487640381,0.4530230760574341,1,0.9377622365951538,0.3776223659515381
0.7837346792221069,7.913876665099906e-09,0.7838389277458191,0.7946717739105225,0.0,0.0,1.0,1.0,1.0,600,278080,15,16,3.231194257736206,0.6206774859298945,0.0009968818631023169,-0.003710821969434619,0.002134735928848386,0.3710821969434619,1.0,0.45101308822631836,-0.03083944320678711,0.4574047923088074,0.45479699969291687,-0.029410362243652344,0.45740482211112976,1,0.024647888633880836,0.246478870511055
1.001570463180542,1.001570463180542,1.0051342248916626,0.01305070798844099,1.0,1.0,0.0,0.0,0.0,312,278848,10,16,36.339866638183594,0.5435601678888077,-0.0011271637631580234,0.00190514896530658,-0.0009686643024906516,0.190514896530658,1.0,0.4493584632873535,-0.025043964385986328,0.4543013572692871,0.21779370307922363,-0.29465293884277344,0.4543013572692871,1,1.0,1.0
1.0015555620193481,1.0015555620193481,1.0284428596496582,0.029303647577762604,1.0,1.0,0.0,0.0,0.0,320,280352,18,17,36.873390197753906,0.13845417769594667,0.0029180815909057856,-0.0011721014743670821,0.002621791558340192,0.29180815909057856,1.0,0.45587265491485596,-0.027187347412109375,0.4578918516635895,0.2218402624130249,-0.29772472381591797,0.45789188146591187,1,1.0,1.0
1.0007494688034058,1.0007494688034058,1.03659987449646,0.06561435014009476,1.0,1.0,1.0,0.0,0.0,310,280448,28,17,35.93556594848633,1.7053503194679709,0.004950395785272121,0.003560144454240799,-0.00414463272318244,0.49503957852721214,1.0,0.4483921527862549,-0.026163816452026367,0.45112544298171997,0.2239365577697754,-0.2926982641220093,0.4511253833770752,1,1.0,1.0
1.0007485151290894,1.0007485151290894,1.015275478363037,0.04979260265827179,1.0,1.0,0.0,0.0,0.0,333,280512,12,17,36.0127067565918,2.0205725142873447,0.00394094455987215,0.0035551025066524744,0.001448302180506289,0.39409445598721504,1.0,0.4454817771911621,-0.026946038007736206,0.4567183256149292,0.22292709350585938,-0.2927030324935913,0.4567182660102844,1,1.0,1.0
1.003680944442749,1.003680944442749,1.003715991973877,0.020692618563771248,1.0,1.0,0.0,1.0,0.0,331,280608,4,17,36.57610321044922,1.1835971846908686,0.002220614580437541,0.004259568639099598,-0.0009715056512504816,0.4259568639099598,1.0,0.4488191604614258,-0.024200439453125,0.4542985260486603,0.22097539901733398,-0.29306912422180176,0.4542984962463379,1,1.0,1.0
0.014942244626581669,7.913875776921486e-09,0.0021119879093021154,0.017164507880806923,0.0,0.0,0.0,1.0,1.0,600,280736,5,17,1.68415367603302,0.8624463323110705,-0.001978242537006736,-0.002813016762956977,-0.002097092103213072,0.2813016762956977,1.0,0.44656801223754883,-0.030508995056152344,0.453172892332077,0.45182132720947266,-0.02851247787475586,0.4531730115413666,1,1.5827751553842974e-09,0.0
1.0001511573791504,1.0001511573791504,1.0455868244171143,0.08484148979187012,1.0,1.0,1.0,0.0,0.0,259,281344,7,17,33.02875900268555,2.2577826362843605,0.0009358175448141992,0.0007960762595757842,0.004290283657610416,0.42902836576104164,1.0,0.44104862213134766,-0.030296891927719116,0.4595603942871094,0.2199692726135254,-0.2952442765235901,0.4595603346824646,1,0.927142858505249,0.27142858505249023
0.5000125169754028,7.913875776921486e-09,0.5008051991462708,0.5248280763626099,0.0,0.0,1.0,1.0,1.0,600,281536,29,17,2.4378859996795654,1.3764084090401567,0.0028618958313018084,-0.0014193471288308501,-0.0017544978763908148,0.28618958313018084,1.0,0.44829225540161133,-0.030342578887939453,0.45351555943489075,0.4566621780395508,-0.027119159698486328,0.4535156190395355,1,0.021348315570030252,0.21348313987255096
0.028339849784970284,7.913875776921486e-09,0.018958386033773422,0.05141262337565422,0.0,0.0,1.0,1.0,1.0,600,281664,17,17,2.054971218109131,1.8594908270056452,-0.0011616609990596771,0.002184989396482706,0.00487366272136569,0.487366272136569,1.0,0.44134992361068726,-0.027917683124542236,0.4601437449455261,0.4526384770870209,-0.02351495623588562,0.4601437747478485,1,1.5827751553842974e-09,0.0
0.002075865399092436,7.913874000564647e-09,0.0024526738561689854,0.03872241824865341,0.0,0.0,0.0,1.0,1.0,600,282048,9,17,1.558720588684082,2.0781036245531856,0.00025203145924024284,0.0010231637861579657,0.004550506826490164,0.4550506826490164,1.0,0.44144630432128906,-0.029621124267578125,0.4598205089569092,0.45405149459838867,-0.024676799774169922,0.45982059836387634,1,1.5827748001129294e-09,0.0
1.0001581907272339,1.0001581907272339,1.000236988067627,0.035434696823358536,1.0,1.0,0.0,1.0,0.0,312,282656,20,17,35.82820129394531,2.0257414733851635,0.001082462491467595,0.0008598823333159089,-0.004279683344066143,0.4279683344066143,1.0,0.44259190559387207,-0.029653549194335938,0.45099037885665894,0.2201157808303833,-0.2951827049255371,0.45099037885665894,1,1.0,1.0
1.0045840740203857,1.0045840740203857,1.006902813911438,0.02807813137769699,1.0,1.0,0.0,0.0,0.0,309,283168,11,17,35.875911712646484,1.475905482227025,-0.0031504223588854074,-0.0004479929048102349,-0.0026026612613350153,0.31504223588854074,1.0,0.4416782855987549,-0.02961254119873047,0.45266732573509216,0.21553397178649902,-0.29810595512390137,0.45266735553741455,1,1.0,1.0
1.0032187700271606,1.0032187700271606,1.0168828964233398,0.03378327190876007,1.0,1.0,0.0,0.0,0.0,316,283552,30,17,36.22315216064453,1.1527390303509857,0.0031989309936761856,-0.0034415472764521837,-0.0008976818644441664,0.3441547276452184,1.0,0.4499835968017578,-0.031827449798583984,0.4543724060058594,0.22198963165283203,-0.3006010055541992,0.4543723464012146,1,1.0,1.0
1.0039043426513672,1.0039043426513672,1.0040910243988037,0.030684756115078926,1.0,1.0,0.0,1.0,0.0,340,284000,6,17,36.47575378417969,1.7474077428908532,0.0021636744495481253,0.000833910598885268,0.0037602700758725405,0.37602700758725405,1.0,0.44535112380981445,-0.028992891311645508,0.45903027057647705,0.2209005355834961,-0.29657602310180664,0.4590303301811218,1,1.0,1.0
0.8695875406265259,7.913875776921486e-09,0.8943790793418884,0.9305322766304016,0.0,0.0,1.0,1.0,1.0,600,284000,19,17,5.171724319458008,2.071430529734083,-0.0009781246772035956,0.0001615866058273241,5.629315637634136e-05,0.09781246772035956,1.0,0.4402559995651245,-0.030466079711914062,0.4553263187408447,0.4528219997882843,-0.02553844451904297,0.4553264081478119,1,0.07631579199758534,0.7631579041481018
1.0036123991012573,1.0036123991012573,1.0359936952590942,0.037903472781181335,1.0,1.0,0.0,0.0,0.0,304,284832,0,17,36.48805618286133,0.3163747625613873,0.0044365935027599335,-0.0020518116652965546,0.002609249437227845,0.44365935027599335,1.0,0.45630550384521484,-0.028474807739257812,0.4578792452812195,0.22319650650024414,-0.29935455322265625,0.45787930488586426,1,0.9951612889766693,0.9516128897666931
0.03423289209604263,7.913875776921486e-09,0.007682161871343851,0.04552263021469116,0.0,0.0,0.0,1.0,1.0,600,285248,16,17,0.7642852663993835,2.168099264274331,-0.003145611844956875,0.004526539705693722,-0.0025270655751228333,0.4526539705693722,1.0,0.4375064969062805,-0.026341915130615234,0.4527429938316345,0.4506544768810272,-0.021173477172851562,0.4527430236339569,1,1.5827751553842974e-09,0.0
1.002433180809021,1.002433180809021,1.002515435218811,0.016541169956326485,1.0,1.0,0.0,1.0,0.0,385,285440,27,17,37.72734069824219,0.9430253289617372,-0.0015022149309515953,-0.0023239804431796074,-0.0021509320940822363,0.23239804431796074,1.0,0.44655513763427734,-0.030210942029953003,0.45311906933784485,0.21735095977783203,-0.29919689893722534,0.45311909914016724,1,1.0,1.0
0.0008161428850144148,7.913875776921486e-09,7.011819252511486e-05,0.03400351479649544,0.0,0.0,0.0,1.0,1.0,600,285632,14,17,1.4204576015472412,1.944241521774456,-0.0008930509793572128,-0.004559504333883524,-0.0019501225324347615,0.4559504333883524,1.0,0.44110751152038574,-0.03487133979797363,0.4533199071884155,0.4529073238372803,-0.030259370803833008,0.4533199965953827,1,1.5827751553842974e-09,0.0
1.0042545795440674,1.0042545795440674,1.004888892173767,0.019956011325120926,1.0,1.0,0.0,0.0,0.0,257,286016,23,17,33.382381439208984,1.1070517882710644,-0.0037471181713044643,-0.001582197262905538,0.0037059190217405558,0.37471181713044643,1.0,0.44331490993499756,-0.029859066009521484,0.45897597074508667,0.21496295928955078,-0.29912006855010986,0.4589759111404419,1,0.9257142871618271,0.2571428716182709
1.002607822418213,1.002607822418213,1.0039589405059814,0.02485816739499569,1.0,1.0,0.0,0.0,0.0,313,286624,26,17,36.27919006347656,1.3468590896999775,0.003247972344979644,-0.0005780601059086621,-0.004071264527738094,0.40712645277380943,1.0,0.44885730743408203,-0.029430150985717773,0.4511987566947937,0.22208738327026367,-0.2975149154663086,0.4511987566947937,1,1.0,1.0
1.0039135217666626,1.0039135217666626,1.0460323095321655,0.08514026552438736,1.0,1.0,1.0,0.0,0.0,285,287200,15,17,35.21648406982422,2.4649333091875616,0.0013750835787504911,0.002904157154262066,0.0035363449715077877,0.35363449715077877,1.0,0.4402426481246948,-0.028710365295410156,0.4588063955307007,0.2201116383075714,-0.2945084571838379,0.4588063955307007,1,1.0,1.0
5.772828899353044e-06,7.913876665099906e-09,1.484560107201105e-05,0.015323908999562263,0.0,0.0,0.0,1.0,1.0,600,288416,31,17,1.3395837545394897,0.8771452195700552,-0.0005847925785928965,0.002496810629963875,0.003389190649613738,0.3389190649613738,1.0,0.4478721618652344,-0.025234460830688477,0.45865923166275024,0.4532146453857422,-0.023203134536743164,0.45865926146507263,1,1.5827753330199813e-09,0.0
1.0006529092788696,1.0006529092788696,1.149437665939331,0.18698696792125702,1.0,1.0,1.0,0.0,0.0,265,289216,5,17,33.798118591308594,2.18884937897283,0.0026262307073920965,-0.0031272107735276222,0.003806432941928506,0.3806432941928506,1.0,0.44315385818481445,-0.034047603607177734,0.459076464176178,0.2216200828552246,-0.2993507385253906,0.4590764045715332,1,0.979888266324997,0.7988826632499695
7.946376889833573e-09,7.913876665099906e-09,7.653072316315956e-06,0.042919695377349854,0.0,0.0,0.0,1.0,1.0,600,289728,8,17,0.5885098576545715,2.4586796306721803,-0.0005061204428784549,-0.0017982812132686377,0.00433828542008996,0.433828542008996,1.0,0.4383993148803711,-0.03339719772338867,0.45960837602615356,0.4532933235168457,-0.027498364448547363,0.45960840582847595,1,1.5827753330199813e-09,0.0
1.0007386207580566,1.0007386207580566,1.0008549690246582,0.026584036648273468,1.0,1.0,0.0,0.0,0.0,307,290336,12,18,35.90218734741211,1.5164905729969465,0.004178276285529137,0.004379996098577976,-0.0024854415096342564,0.4379996098577976,1.0,0.4487612247467041,-0.024882882833480835,0.45278453826904297,0.22316527366638184,-0.29187437891960144,0.4527846574783325,1,1.0,1.0
1.0020108222961426,1.0020108222961426,1.0103025436401367,0.03000919334590435,1.0,1.0,0.0,1.0,0.0,329,291136,4,18,36.71488571166992,1.2443247167665692,0.0024741205852478743,-0.004433183465152979,-0.003236495889723301,0.4433183465152979,1.0,0.4487037658691406,-0.03303861618041992,0.45203351974487305,0.2213602066040039,-0.30115175247192383,0.4520335793495178,1,1.0,1.0
1.0045603513717651,1.0045603513717651,1.0092384815216064,0.03215087205171585,1.0,1.0,0.0,1.0,0.0,323,291872,29,18,36.539276123046875,1.5740740836203257,0.00399823859333992,0.003988295327872038,-0.0023171266075223684,0.399823859333992,1.0,0.44823312759399414,-0.02541494369506836,0.4529529809951782,0.22268414497375488,-0.29366111755371094,0.45295292139053345,1,1.0,1.0
0.5676548480987549,7.913875776921486e-09,0.5698153972625732,0.5923401117324829,0.0,0.0,1.0,1.0,1.0,600,292704,1,18,2.7743728160858154,1.2905754494530164,0.00033380542299710214,0.0008015251951292157,-0.002862007590010762,0.2862007590010762,1.0,0.44628381729125977,-0.027915000915527344,0.45240798592567444,0.4541335105895996,-0.024898290634155273,0.452408105134964,1,0.04444444635835652,0.4444444477558136
0.23042456805706024,7.913875776921486e-09,0.23043939471244812,0.2683720588684082,0.0,0.0,1.0,1.0,1.0,600,292864,21,18,3.3284857273101807,2.173381988710513,0.0030066596809774637,-0.003611839609220624,-0.001166258822195232,0.3611839609220624,1.0,0.4436269998550415,-0.034493446350097656,0.45410382747650146,0.4568067789077759,-0.029311656951904297,0.45410385727882385,1,0.04888889053789143,0.4888888895511627
0.0205889493227005,7.913875776921486e-09,0.01046388316899538,0.033429283648729324,0.0,0.0,0.0,1.0,1.0,600,293504,13,18,1.4177684783935547,1.3158207891207354,-0.003659624606370926,-0.0027778842486441135,0.0016260530101135373,0.3659624606370926,1.0,0.4421377182006836,-0.0315554141998291,0.4568960964679718,0.45014071464538574,-0.028478026390075684,0.4568961560726166,1,1.5827751553842974e-09,0.0
0.023387698456645012,7.913876665099906e-09,0.023295868188142776,0.048858314752578735,0.0,0.0,0.0,1.0,1.0,600,294016,3,18,0.887237012386322,1.4646203021708715,-0.0028337056282907724,0.0019561578519642353,-0.0034976296592503786,0.34976296592503786,1.0,0.4420628547668457,-0.02718067169189453,0.45177242159843445,0.45096588134765625,-0.023743748664855957,0.4517724812030792,1,1.5827753330199813e-09,0.0
0.03312116861343384,7.913876665099906e-09,0.0005141462897881866,0.034752558916807175,0.0,0.0,0.0,1.0,1.0,600,294176,2,18,0.8697093725204468,1.9617165607659335,0.00398025568574667,0.004178742878139019,-0.0035929211881011724,0.4178742878139019,1.0,0.4458751678466797,-0.026176422834396362,0.45167702436447144,0.4577798843383789,-0.02152121067047119,0.4516771733760834,1,1.5827753330199813e-09,0.0
1.0034180879592896,1.0034180879592896,1.004530906677246,0.008208908140659332,1.0,1.0,0.0,0.0,0.0,344,294176,11,18,37.118892669677734,0.40658173794040686,0.0006292571779340506,0.003843235783278942,-0.0049015008844435215,0.49015008844435215,1.0,0.451948881149292,-0.022788047790527344,0.4503685534000397,0.2194046974182129,-0.29338955879211426,0.4503685235977173,1,1.0,1.0
0.009685573168098927,7.913876665099906e-09,0.0010899845510721207,0.012148664332926273,0.0,0.0,0.0,1.0,1.0,600,294208,24,18,0.970580518245697,0.6336159986520142,-0.0011242959881201386,0.00333799934014678,0.001340968068689108,0.333799934014678,1.0,0.4488133192062378,-0.023821115493774414,0.4566110372543335,0.4526759386062622,-0.022362232208251953,0.4566110670566559,1,1.5827753330199813e-09,0.0
0.2999365031719208,7.913870447850968e-09,0.3001282513141632,0.33402445912361145,0.0,0.0,1.0,1.0,1.0,600,294688,25,18,3.6189677715301514,1.9421124237441159,0.0030694501474499702,0.000688104541040957,0.00037515151780098677,0.306945014744997,1.0,0.4450829029083252,-0.02961874008178711,0.45564520359039307,0.45686984062194824,-0.025011539459228516,0.45564523339271545,1,0.05535714188543218,0.5535714030265808
1.0025031566619873,1.0025031566619873,1.0079309940338135,0.006095224991440773,1.0,1.0,0.0,0.0,0.0,346,295072,19,18,37.53351593017578,0.038239421048018016,0.004485349636524916,-0.0010899079497903585,-0.002321493811905384,0.44853496365249157,1.0,0.4580518305301666,-0.02687668800354004,0.45294854044914246,0.22333276271820068,-0.2979881763458252,0.45294857025146484,1,1.0,1.0
1.0009574890136719,1.0009574890136719,1.037116289138794,0.05994824692606926,1.0,1.0,1.0,0.0,0.0,251,295232,15,18,33.048583984375,1.3630402347305608,-0.0012125279754400253,0.003230706788599491,-0.0002534952072892338,0.3230706788599491,1.0,0.44429871439933777,-0.02566051483154297,0.45501649379730225,0.21775707602500916,-0.2931041717529297,0.45501649379730225,1,0.9228571429848671,0.22857142984867096
0.03594350814819336,7.913868671494129e-09,1.0115081749972887e-05,0.040197137743234634,0.0,0.0,0.0,1.0,1.0,600,295296,22,18,1.9325042963027954,2.3025479095480357,-0.0038970604073256254,-0.000587332877330482,0.002726718783378601,0.38970604073256254,1.0,0.4359462261199951,-0.03179261088371277,0.45799678564071655,0.44990313053131104,-0.02628728747367859,0.45799681544303894,1,1.5827737342988258e-09,0.0
1.002982258796692,1.002982258796692,1.0410284996032715,0.07284591346979141,1.0,1.0,1.0,1.0,0.0,325,296032,14,18,35.877471923828125,1.9938867517566936,-0.002430891850963235,-0.0020812461152672768,-4.173163324594498e-05,0.2430891850963235,1.0,0.4392704963684082,-0.0325160026550293,0.455228328704834,0.21637892723083496,-0.29915428161621094,0.455228328704834,1,1.0,1.0
1.0033339262008667,1.0033339262008667,1.003420114517212,0.03238079324364662,1.0,1.0,0.0,0.0,0.0,309,296512,26,18,35.8204231262207,1.8503407213953553,0.0009564418578520417,-0.0020854438189417124,-0.003999737091362476,0.39997370913624763,1.0,0.4435231685638428,-0.0321652889251709,0.4512702226638794,0.21973848342895508,-0.2992873191833496,0.45127028226852417,1,1.0,1.0
0.018282394856214523,7.913875776921486e-09,0.02076043002307415,0.03566305711865425,0.0,0.0,0.0,1.0,1.0,600,298048,10,18,1.17611825466156,0.8538576895948967,-0.003641438204795122,-0.004582022782415152,-0.001783460844308138,0.45820227824151516,1.0,0.4449574947357178,-0.0322575569152832,0.4534866213798523,0.45015883445739746,-0.030281543731689453,0.4534866511821747,1,1.5827751553842974e-09,0.0
1.0042234659194946,1.0042234659194946,1.0065550804138184,0.021759431809186935,1.0,1.0,0.0,0.0,0.0,301,298048,31,18,35.947757720947266,1.1131326843447857,-0.00049429020145908,0.003595990128815174,-0.0011815315810963511,0.3595990128815174,1.0,0.446530818939209,-0.024695634841918945,0.4540885388851166,0.2182178497314453,-0.2939305305480957,0.4540885090827942,1,1.0,1.0
1.0064529180526733,1.0064529180526733,1.0067570209503174,0.019647059962153435,1.0,1.0,0.0,0.0,0.0,259,298624,12,18,33.47444152832031,1.1082726845852042,0.002441102871671319,-0.0005194219411350787,-0.004110146313905716,0.4110146313905716,1.0,0.4494960308074951,-0.028799206018447876,0.45115983486175537,0.22098040580749512,-0.29885998368263245,0.4511599540710449,1,0.9263888895511627,0.2638888955116272
1.0027477741241455,1.0027477741241455,1.0028963088989258,0.0029761171899735928,1.0,1.0,0.0,0.0,0.0,301,298848,5,18,36.41000747680664,0.16201464843364122,0.0002837760257534683,0.0021248813718557358,0.0024106602650135756,0.24106602650135756,1.0,0.453094482421875,-0.023944377899169922,0.45768073201179504,0.21911144256591797,-0.2948627471923828,0.45768076181411743,1,1.0,1.0
0.05365412309765816,7.913875776921486e-09,0.06261264532804489,0.0706041157245636,0.0,0.0,1.0,1.0,1.0,600,299552,18,18,0.9890649318695068,0.4578780060719364,-0.0034800940193235874,0.004401043988764286,-0.0013661887496709824,0.4401043988764286,1.0,0.4475269913673401,-0.022349119186401367,0.45390382409095764,0.4503200352191925,-0.021299004554748535,0.4539038836956024,1,1.5827751553842974e-09,0.0
0.3205466568470001,7.913875776921486e-09,0.32419344782829285,0.35828229784965515,0.0,0.0,1.0,1.0,1.0,600,299648,28,18,3.6136350631713867,1.9531421120366288,0.004095720127224922,-0.004812148865312338,-0.0009634816087782383,0.4812148865312338,1.0,0.446042537689209,-0.035146117210388184,0.45430660247802734,0.45789599418640137,-0.030512213706970215,0.45430663228034973,1,0.05593220749822621,0.5593220591545105
