env_steps,env_index,max_angle,final_angle,cumulative_increase,regression_amount,progress,success,regression_event,stalled,lost_contact,episode_steps,return_value,source,first_policy_version,last_policy_version
24960,29,1.0040788650512695,1.0040788650512695,1.0122013092041016,0.008122557774186134,1.0,1.0,0.0,0.0,0.0,260,35.473480224609375,fresh_online_exploration,0,2
25248,2,1.0020822286605835,1.0020822286605835,1.00242280960083,0.00034052925184369087,1.0,1.0,0.0,0.0,0.0,263,35.51805114746094,fresh_online_exploration,0,2
25248,6,1.0016262531280518,1.0016262531280518,1.0016330480575562,6.823780495324172e-06,1.0,1.0,0.0,0.0,0.0,263,35.45616912841797,fresh_online_exploration,0,2
25248,44,1.0002514123916626,1.0002514123916626,1.0041158199310303,0.0038644145242869854,1.0,1.0,0.0,0.0,0.0,263,35.48289489746094,fresh_online_exploration,0,2
25344,34,1.0009409189224243,1.0009409189224243,1.0009474754333496,6.595024387934245e-06,1.0,1.0,0.0,0.0,0.0,264,35.436256408691406,fresh_online_exploration,0,2
25344,46,1.0020229816436768,1.0020229816436768,1.0043437480926514,0.0023206891492009163,1.0,1.0,0.0,0.0,0.0,264,35.62577819824219,fresh_online_exploration,0,2
25344,69,1.0034561157226562,1.0034561157226562,1.003563404083252,0.00010723024024628103,1.0,1.0,0.0,0.0,0.0,264,35.6226806640625,fresh_online_exploration,0,2
25440,51,1.001681923866272,1.001681923866272,1.0016896724700928,7.668565558560658e-06,1.0,1.0,0.0,0.0,0.0,265,35.5889892578125,fresh_online_exploration,0,2
25440,65,1.0008544921875,1.0008544921875,1.0025676488876343,0.0017131628701463342,1.0,1.0,0.0,0.0,0.0,265,35.523685455322266,fresh_online_exploration,0,2
25536,1,1.0031708478927612,1.0031708478927612,1.0039687156677246,0.0007979066576808691,1.0,1.0,0.0,0.0,0.0,266,35.673580169677734,fresh_online_exploration,0,2
25536,4,1.001131296157837,1.001131296157837,1.001366376876831,0.0002351116854697466,1.0,1.0,0.0,0.0,0.0,266,35.605018615722656,fresh_online_exploration,0,2
25536,8,1.0043636560440063,1.0043636560440063,1.004778265953064,0.00041462958324700594,1.0,1.0,0.0,0.0,0.0,266,35.60685729980469,fresh_online_exploration,0,2
25536,9,1.0020183324813843,1.0020183324813843,1.0112155675888062,0.009197226725518703,1.0,1.0,0.0,0.0,0.0,266,35.59284210205078,fresh_online_exploration,0,2
25536,14,1.0011870861053467,1.0011870861053467,1.0012034177780151,1.6355159459635615e-05,1.0,1.0,0.0,0.0,0.0,266,35.548980712890625,fresh_online_exploration,0,2
25536,23,1.0020581483840942,1.0020581483840942,1.0053958892822266,0.0033378025982528925,1.0,1.0,0.0,0.0,0.0,266,35.66899871826172,fresh_online_exploration,0,2
25536,31,1.0047000646591187,1.0047000646591187,1.0110504627227783,0.006350289564579725,1.0,1.0,0.0,0.0,0.0,266,35.6896858215332,fresh_online_exploration,0,2
25536,33,1.001799464225769,1.001799464225769,1.0058224201202393,0.004022976383566856,1.0,1.0,0.0,0.0,0.0,266,35.67148971557617,fresh_online_exploration,0,2
25536,39,1.0048688650131226,1.0048688650131226,1.0107451677322388,0.005876192357391119,1.0,1.0,0.0,0.0,0.0,266,35.649959564208984,fresh_online_exploration,0,2
25536,50,1.0029972791671753,1.0029972791671753,1.0030086040496826,1.1295252079435159e-05,1.0,1.0,0.0,0.0,0.0,266,35.55280303955078,fresh_online_exploration,0,2
25536,53,1.003838062286377,1.003838062286377,1.0039234161376953,8.530520426575094e-05,1.0,1.0,0.0,0.0,0.0,266,35.66041564941406,fresh_online_exploration,0,2
25536,90,1.0032776594161987,1.0032776594161987,1.005271553993225,0.0019939313642680645,1.0,1.0,0.0,0.0,0.0,266,35.63528060913086,fresh_online_exploration,0,2
25536,95,1.0025042295455933,1.0025042295455933,1.0055848360061646,0.003080603899434209,1.0,1.0,0.0,0.0,0.0,266,35.67520523071289,fresh_online_exploration,0,2
25632,11,1.003065824508667,1.003065824508667,1.0032103061676025,0.0001445070083718747,1.0,1.0,0.0,0.0,0.0,267,35.69819259643555,fresh_online_exploration,0,2
25632,12,1.0010267496109009,1.0010267496109009,1.001133918762207,0.00010713047231547534,1.0,1.0,0.0,0.0,0.0,267,35.635902404785156,fresh_online_exploration,0,2
25632,15,1.000893235206604,1.000893235206604,1.0011956691741943,0.0003024103934876621,1.0,1.0,0.0,0.0,0.0,267,35.60930633544922,fresh_online_exploration,0,2
25632,19,1.0030986070632935,1.0030986070632935,1.007742166519165,0.004643700085580349,1.0,1.0,0.0,0.0,0.0,267,35.6661376953125,fresh_online_exploration,0,2
25632,30,1.0012397766113281,1.0012397766113281,1.0013782978057861,0.00013848298112861812,1.0,1.0,0.0,0.0,0.0,267,35.6878662109375,fresh_online_exploration,0,2
25632,36,1.0050270557403564,1.0050270557403564,1.0112502574920654,0.006223203614354134,1.0,1.0,0.0,0.0,0.0,267,35.671573638916016,fresh_online_exploration,0,2
25632,38,1.0021108388900757,1.0021108388900757,1.002223014831543,0.00011216651910217479,1.0,1.0,0.0,0.0,0.0,267,35.553504943847656,fresh_online_exploration,0,2
25632,41,1.0016881227493286,1.0016881227493286,1.012460470199585,0.010772284120321274,1.0,1.0,0.0,0.0,0.0,267,35.594337463378906,fresh_online_exploration,0,2
25632,42,1.0045170783996582,1.0045170783996582,1.0048524141311646,0.0003353036881890148,1.0,1.0,0.0,0.0,0.0,267,35.741573333740234,fresh_online_exploration,0,2
25632,43,1.0029171705245972,1.0029171705245972,1.002943515777588,2.6341676857555285e-05,1.0,1.0,0.0,0.0,0.0,267,35.61378860473633,fresh_online_exploration,0,2
25632,54,1.003361463546753,1.003361463546753,1.004772663116455,0.001411199918948114,1.0,1.0,0.0,0.0,0.0,267,35.57521438598633,fresh_online_exploration,0,2
25632,56,1.0051549673080444,1.0051549673080444,1.0098389387130737,0.004683976992964745,1.0,1.0,0.0,0.0,0.0,267,35.69266128540039,fresh_online_exploration,0,2
25632,67,1.0042266845703125,1.0042266845703125,1.012258768081665,0.008032177574932575,1.0,1.0,0.0,0.0,0.0,267,35.690391540527344,fresh_online_exploration,0,2
25632,80,1.004577398300171,1.004577398300171,1.0053175687789917,0.0007401419570669532,1.0,1.0,0.0,0.0,0.0,267,35.6872673034668,fresh_online_exploration,0,2
25632,84,1.0038530826568604,1.0038530826568604,1.0136561393737793,0.009803054854273796,1.0,1.0,0.0,0.0,0.0,267,35.647464752197266,fresh_online_exploration,0,2
25632,87,1.0024935007095337,1.0024935007095337,1.0027177333831787,0.00022427976364269853,1.0,1.0,0.0,0.0,0.0,267,35.698875427246094,fresh_online_exploration,0,2
25728,7,1.0027118921279907,1.0027118921279907,1.0031429529190063,0.00043102173367515206,1.0,1.0,0.0,0.0,0.0,268,35.736324310302734,fresh_online_exploration,0,2
25728,18,1.0024375915527344,1.0024375915527344,1.0110375881195068,0.008599975146353245,1.0,1.0,0.0,0.0,0.0,268,35.645755767822266,fresh_online_exploration,0,2
25728,21,1.004421591758728,1.004421591758728,1.0057976245880127,0.0013760452857241035,1.0,1.0,0.0,0.0,0.0,268,35.70147705078125,fresh_online_exploration,0,2
25728,40,1.0000165700912476,1.0000165700912476,1.0000739097595215,5.730230623157695e-05,1.0,1.0,0.0,0.0,0.0,268,35.59255599975586,fresh_online_exploration,0,2
25728,45,1.000565528869629,1.000565528869629,1.0109739303588867,0.010408492758870125,1.0,1.0,0.0,0.0,0.0,268,35.62855911254883,fresh_online_exploration,0,2
25728,55,1.0025150775909424,1.0025150775909424,1.0029480457305908,0.0004329879302531481,1.0,1.0,0.0,0.0,0.0,268,35.685523986816406,fresh_online_exploration,0,2
25728,63,1.0043628215789795,1.0043628215789795,1.0044500827789307,8.730340778129175e-05,1.0,1.0,0.0,0.0,0.0,268,35.7091178894043,fresh_online_exploration,0,2
25728,64,1.0057162046432495,1.0057162046432495,1.0094279050827026,0.0037116357125341892,1.0,1.0,0.0,0.0,0.0,268,35.70673370361328,fresh_online_exploration,0,2
25728,68,1.0015430450439453,1.0015430450439453,1.0039162635803223,0.002373176859691739,1.0,1.0,0.0,0.0,0.0,268,35.570396423339844,fresh_online_exploration,0,2
25728,70,1.0046759843826294,1.0046759843826294,1.00477135181427,9.539171878714114e-05,1.0,1.0,0.0,0.0,0.0,268,35.73294448852539,fresh_online_exploration,0,2
25728,85,1.0019944906234741,1.0019944906234741,1.0029199123382568,0.0009253985481336713,1.0,1.0,0.0,0.0,0.0,268,35.72838592529297,fresh_online_exploration,0,2
25728,88,1.0054726600646973,1.0054726600646973,1.0056558847427368,0.0001832309935707599,1.0,1.0,0.0,0.0,0.0,268,35.77764892578125,fresh_online_exploration,0,2
25824,0,1.0045933723449707,1.0045933723449707,1.0049558877944946,0.00036253134021535516,1.0,1.0,0.0,0.0,0.0,269,35.7041015625,fresh_online_exploration,0,2
25824,3,1.0023175477981567,1.0023175477981567,1.0025876760482788,0.0002701287157833576,1.0,1.0,0.0,0.0,0.0,269,35.67410659790039,fresh_online_exploration,0,2
25824,5,1.0005282163619995,1.0005282163619995,1.000688910484314,0.00016070148558355868,1.0,1.0,0.0,0.0,0.0,269,35.62142562866211,fresh_online_exploration,0,2
25824,16,1.0051151514053345,1.0051151514053345,1.0056074857711792,0.0004922965308651328,1.0,1.0,0.0,0.0,0.0,269,35.721763610839844,fresh_online_exploration,0,2
25824,17,1.0021134614944458,1.0021134614944458,1.0173182487487793,0.015204907394945621,1.0,1.0,0.0,0.0,0.0,269,35.752464294433594,fresh_online_exploration,0,2
25824,25,1.0019241571426392,1.0019241571426392,1.0019859075546265,6.174362351885065e-05,1.0,1.0,0.0,0.0,0.0,269,35.72077178955078,fresh_online_exploration,0,2
25824,27,1.0042811632156372,1.0042811632156372,1.0043025016784668,2.1308924260665663e-05,1.0,1.0,0.0,0.0,0.0,269,35.77305603027344,fresh_online_exploration,0,2
25824,35,1.000821828842163,1.000821828842163,1.0011115074157715,0.00028961795032955706,1.0,1.0,0.0,0.0,0.0,269,35.71792221069336,fresh_online_exploration,0,2
25824,47,1.0038121938705444,1.0038121938705444,1.003902792930603,9.059152944246307e-05,1.0,1.0,0.0,0.0,0.0,269,35.74684143066406,fresh_online_exploration,0,2
25824,48,1.003510594367981,1.003510594367981,1.0092840194702148,0.005773426964879036,1.0,1.0,0.0,0.0,0.0,269,35.72773742675781,fresh_online_exploration,0,2
25824,49,1.005318284034729,1.005318284034729,1.0053973197937012,7.904417725512758e-05,1.0,1.0,0.0,0.0,0.0,269,35.7578239440918,fresh_online_exploration,0,2
25824,57,1.0061298608779907,1.0061298608779907,1.0110487937927246,0.00491893757134676,1.0,1.0,0.0,0.0,0.0,269,35.79291915893555,fresh_online_exploration,0,2
25824,60,1.0047413110733032,1.0047413110733032,1.0081368684768677,0.0033955501858145,1.0,1.0,0.0,0.0,0.0,269,35.73140335083008,fresh_online_exploration,0,2
25824,61,1.0021278858184814,1.0021278858184814,1.002519965171814,0.00039208403904922307,1.0,1.0,0.0,0.0,0.0,269,35.693851470947266,fresh_online_exploration,0,2
25824,66,1.0000190734863281,1.0000190734863281,1.000084400177002,6.524755735881627e-05,1.0,1.0,0.0,0.0,0.0,269,35.62942123413086,fresh_online_exploration,0,2
25824,71,1.0028706789016724,1.0028706789016724,1.00416898727417,0.0012983398046344519,1.0,1.0,0.0,0.0,0.0,269,35.702919006347656,fresh_online_exploration,0,2
25824,72,1.0047731399536133,1.0047731399536133,1.006293535232544,0.0015203711809590459,1.0,1.0,0.0,0.0,0.0,269,35.649192810058594,fresh_online_exploration,0,2
25824,73,1.0022438764572144,1.0022438764572144,1.0025132894515991,0.00026946765137836337,1.0,1.0,0.0,0.0,0.0,269,35.69563293457031,fresh_online_exploration,0,2
25824,74,1.0008440017700195,1.0008440017700195,1.0010435581207275,0.00019961109501309693,1.0,1.0,0.0,0.0,0.0,269,35.636138916015625,fresh_online_exploration,0,2
25824,75,1.0031087398529053,1.0031087398529053,1.0032379627227783,0.00012918963329866529,1.0,1.0,0.0,0.0,0.0,269,35.70261764526367,fresh_online_exploration,0,2
25824,79,1.0021735429763794,1.0021735429763794,1.0108036994934082,0.008630224503576756,1.0,1.0,0.0,0.0,0.0,269,35.722599029541016,fresh_online_exploration,0,2
25824,86,1.0010002851486206,1.0010002851486206,1.0015718936920166,0.0005716281593777239,1.0,1.0,0.0,0.0,0.0,269,35.693321228027344,fresh_online_exploration,0,2
25824,89,1.0018725395202637,1.0018725395202637,1.010589838027954,0.008717307820916176,1.0,1.0,0.0,0.0,0.0,269,35.69303894042969,fresh_online_exploration,0,2
25824,94,1.0026915073394775,1.0026915073394775,1.002776861190796,8.533184154657647e-05,1.0,1.0,0.0,0.0,0.0,269,35.69123458862305,fresh_online_exploration,0,2
25920,13,1.0045546293258667,1.0045546293258667,1.0048255920410156,0.00027102092280983925,1.0,1.0,0.0,0.0,0.0,270,35.73571014404297,fresh_online_exploration,0,2
25920,20,1.0055501461029053,1.0055501461029053,1.0056934356689453,0.0001433066645404324,1.0,1.0,0.0,0.0,0.0,270,35.8599853515625,fresh_online_exploration,0,2
25920,22,1.0030258893966675,1.0030258893966675,1.0032858848571777,0.00026003358652815223,1.0,1.0,0.0,0.0,0.0,270,35.787044525146484,fresh_online_exploration,0,2
25920,28,1.0052785873413086,1.0052785873413086,1.0053870677947998,0.00010849369573406875,1.0,1.0,0.0,0.0,0.0,270,35.83036422729492,fresh_online_exploration,0,2
25920,32,1.0044233798980713,1.0044233798980713,1.0044357776641846,1.2482161764637567e-05,1.0,1.0,0.0,0.0,0.0,270,35.78418731689453,fresh_online_exploration,0,2
25920,37,1.0055127143859863,1.0055127143859863,1.0081439018249512,0.0026310619432479143,1.0,1.0,0.0,0.0,0.0,270,35.748939514160156,fresh_online_exploration,0,2
25920,62,1.0041974782943726,1.0041974782943726,1.0096758604049683,0.005478495266288519,1.0,1.0,0.0,0.0,0.0,270,35.71752166748047,fresh_online_exploration,0,2
25920,78,1.0003656148910522,1.0003656148910522,1.0094034671783447,0.009037872776389122,1.0,1.0,0.0,0.0,0.0,270,35.694305419921875,fresh_online_exploration,0,2
25920,81,1.0025125741958618,1.0025125741958618,1.0076630115509033,0.00515033770352602,1.0,1.0,0.0,0.0,0.0,270,35.730770111083984,fresh_online_exploration,0,2
25920,82,1.0041961669921875,1.0041961669921875,1.004310965538025,0.00011478312080726027,1.0,1.0,0.0,0.0,0.0,270,35.787410736083984,fresh_online_exploration,0,2
26016,10,1.005463719367981,1.005463719367981,1.0054726600646973,8.893363883544225e-06,1.0,1.0,0.0,0.0,0.0,271,35.78065490722656,fresh_online_exploration,0,2
26016,26,1.0006451606750488,1.0006451606750488,1.0025246143341064,0.0018794989446178079,1.0,1.0,0.0,0.0,0.0,271,35.693058013916016,fresh_online_exploration,0,2
26016,52,1.0038071870803833,1.0038071870803833,1.0042005777359009,0.00039340052171610296,1.0,1.0,0.0,0.0,0.0,271,35.78322982788086,fresh_online_exploration,0,2
26016,59,1.002265453338623,1.002265453338623,1.0022752285003662,9.865391803032253e-06,1.0,1.0,0.0,0.0,0.0,271,35.76058578491211,fresh_online_exploration,0,2
26016,83,1.004453182220459,1.004453182220459,1.0046157836914062,0.0001625678560230881,1.0,1.0,0.0,0.0,0.0,271,35.81956481933594,fresh_online_exploration,0,2
26112,76,1.0050297975540161,1.0050297975540161,1.0052765607833862,0.0002468129969201982,1.0,1.0,0.0,0.0,0.0,272,35.8465576171875,fresh_online_exploration,0,2
26112,91,1.0032851696014404,1.0032851696014404,1.0038537979125977,0.000568555376958102,1.0,1.0,0.0,0.0,0.0,272,35.79547119140625,fresh_online_exploration,0,2
46080,53,1.0063360929489136,1.0063360929489136,1.0065165758132935,0.00018049597565550357,1.0,1.0,0.0,0.0,0.0,214,34.42694854736328,fresh_online_exploration,2,3
50688,6,1.0003999471664429,1.0003999471664429,1.0011661052703857,0.0007661664858460426,1.0,1.0,0.0,0.0,0.0,265,35.50605773925781,fresh_online_exploration,2,4
50688,29,1.0001568794250488,1.0001568794250488,1.0002610683441162,0.00010419056343380362,1.0,1.0,0.0,0.0,0.0,268,35.63360595703125,fresh_online_exploration,2,4
50976,46,1.004420280456543,1.004420280456543,1.0047276020050049,0.0003073295229114592,1.0,1.0,0.0,0.0,0.0,267,35.70729064941406,fresh_online_exploration,2,4
50976,57,1.000550389289856,1.000550389289856,1.0053832530975342,0.00483287638053298,1.0,1.0,0.0,0.0,0.0,262,35.55077362060547,fresh_online_exploration,2,4
51072,9,1.0029313564300537,1.0029313564300537,1.0060338973999023,0.003102662740275264,1.0,1.0,0.0,0.0,0.0,266,35.62568283081055,fresh_online_exploration,2,4
51072,11,1.0016822814941406,1.0016822814941406,1.0017905235290527,0.0001081499140127562,1.0,1.0,0.0,0.0,0.0,265,35.62276840209961,fresh_online_exploration,2,4
51072,51,1.0007014274597168,1.0007014274597168,1.0103304386138916,0.009629043750464916,1.0,1.0,0.0,0.0,0.0,267,35.61219024658203,fresh_online_exploration,2,4
51072,87,1.0004162788391113,1.0004162788391113,1.0049015283584595,0.004485195968300104,1.0,1.0,0.0,0.0,0.0,265,35.5916633605957,fresh_online_exploration,2,4
51168,1,1.003066062927246,1.003066062927246,1.0031912326812744,0.0001250891509698704,1.0,1.0,0.0,0.0,0.0,267,35.70146942138672,fresh_online_exploration,2,4
51168,3,1.0008106231689453,1.0008106231689453,1.0087058544158936,0.007895304821431637,1.0,1.0,0.0,0.0,0.0,264,35.546180725097656,fresh_online_exploration,2,4
51168,39,1.0016663074493408,1.0016663074493408,1.004146695137024,0.0024804212152957916,1.0,1.0,0.0,0.0,0.0,267,35.65855407714844,fresh_online_exploration,2,4
51168,44,1.0026384592056274,1.0026384592056274,1.0026485919952393,1.0207876584900077e-05,1.0,1.0,0.0,0.0,0.0,270,35.72381591796875,fresh_online_exploration,2,4
51168,69,1.0018268823623657,1.0018268823623657,1.0045760869979858,0.002749157603830099,1.0,1.0,0.0,0.0,0.0,269,35.76026153564453,fresh_online_exploration,2,4
51168,90,1.0035802125930786,1.0035802125930786,1.0121233463287354,0.008543343283236027,1.0,1.0,0.0,0.0,0.0,267,35.667850494384766,fresh_online_exploration,2,4
51168,95,1.0020227432250977,1.0020227432250977,1.0021133422851562,9.054668043972924e-05,1.0,1.0,0.0,0.0,0.0,267,35.660621643066406,fresh_online_exploration,2,4
51264,30,1.000496745109558,1.000496745109558,1.0021445751190186,0.001647870521992445,1.0,1.0,0.0,0.0,0.0,267,35.63261795043945,fresh_online_exploration,2,4
51264,50,1.0013740062713623,1.0013740062713623,1.0013847351074219,1.0700004168029409e-05,1.0,1.0,0.0,0.0,0.0,268,35.65764617919922,fresh_online_exploration,2,4
51264,64,1.0019906759262085,1.0019906759262085,1.0021772384643555,0.00018660711066331714,1.0,1.0,0.0,0.0,0.0,266,35.6622200012207,fresh_online_exploration,2,4
51264,72,1.0011693239212036,1.0011693239212036,1.0013134479522705,0.00014408689457923174,1.0,1.0,0.0,0.0,0.0,265,35.54015350341797,fresh_online_exploration,2,4
51360,4,1.0016270875930786,1.0016270875930786,1.0028318166732788,0.0012047052150592208,1.0,1.0,0.0,0.0,0.0,269,35.696693420410156,fresh_online_exploration,2,4
51360,8,1.0050009489059448,1.0050009489059448,1.0053330659866333,0.000332112074829638,1.0,1.0,0.0,0.0,0.0,269,35.71771240234375,fresh_online_exploration,2,4
51360,23,1.002012848854065,1.002012848854065,1.0024042129516602,0.00039133024984039366,1.0,1.0,0.0,0.0,0.0,269,35.705665588378906,fresh_online_exploration,2,4
51360,38,1.0033296346664429,1.0033296346664429,1.003387451171875,5.78297876927536e-05,1.0,1.0,0.0,0.0,0.0,268,35.70530700683594,fresh_online_exploration,2,4
51360,49,1.0011926889419556,1.0011926889419556,1.007150650024414,0.005957986693829298,1.0,1.0,0.0,0.0,0.0,266,35.879638671875,fresh_online_exploration,2,4
51360,62,1.0002161264419556,1.0002161264419556,1.004664421081543,0.004448228050023317,1.0,1.0,0.0,0.0,0.0,265,35.59663009643555,fresh_online_exploration,2,4
51360,63,1.0010288953781128,1.0010288953781128,1.0042588710784912,0.0032299545127898455,1.0,1.0,0.0,0.0,0.0,267,35.618804931640625,fresh_online_exploration,2,4
51360,67,1.0023099184036255,1.0023099184036255,1.0025051832199097,0.000195250308024697,1.0,1.0,0.0,0.0,0.0,268,35.66432189941406,fresh_online_exploration,2,4
51360,84,1.0056368112564087,1.0056368112564087,1.0057449340820312,0.00010807474609464407,1.0,1.0,0.0,0.0,0.0,268,35.744178771972656,fresh_online_exploration,2,4
51360,89,1.0014632940292358,1.0014632940292358,1.0014801025390625,1.680552668403834e-05,1.0,1.0,0.0,0.0,0.0,266,35.663963317871094,fresh_online_exploration,2,4
51456,12,1.0056854486465454,1.0056854486465454,1.0065548419952393,0.000869525596499443,1.0,1.0,0.0,0.0,0.0,269,35.78626251220703,fresh_online_exploration,2,4
51456,21,1.0019774436950684,1.0019774436950684,1.0052821636199951,0.0033047094475477934,1.0,1.0,0.0,0.0,0.0,268,35.680145263671875,fresh_online_exploration,2,4
51456,27,1.0036150217056274,1.0036150217056274,1.0048561096191406,0.0012410073541104794,1.0,1.0,0.0,0.0,0.0,267,35.72795867919922,fresh_online_exploration,2,4
51456,33,1.002357006072998,1.002357006072998,1.0024986267089844,0.00014165967877488583,1.0,1.0,0.0,0.0,0.0,270,35.79024124145508,fresh_online_exploration,2,4
51456,34,1.0040901899337769,1.0040901899337769,1.0042920112609863,0.00020175892859697342,1.0,1.0,0.0,0.0,0.0,272,35.79495620727539,fresh_online_exploration,2,4
51456,41,1.0030776262283325,1.0030776262283325,1.003136396408081,5.873324698768556e-05,1.0,1.0,0.0,0.0,0.0,269,35.70842742919922,fresh_online_exploration,2,4
51456,42,1.0049899816513062,1.0049899816513062,1.0057944059371948,0.0008044182322919369,1.0,1.0,0.0,0.0,0.0,269,35.758338928222656,fresh_online_exploration,2,4
51456,43,1.0015019178390503,1.0015019178390503,1.0050227642059326,0.0035208684857934713,1.0,1.0,0.0,0.0,0.0,269,35.6439094543457,fresh_online_exploration,2,4
51456,52,1.0010759830474854,1.0010759830474854,1.0013017654418945,0.00022582788369618356,1.0,1.0,0.0,0.0,0.0,265,35.61470413208008,fresh_online_exploration,2,4
51456,54,1.0044572353363037,1.0044572353363037,1.007167100906372,0.002709965920075774,1.0,1.0,0.0,0.0,0.0,269,35.68733215332031,fresh_online_exploration,2,4
51456,61,1.0028103590011597,1.0028103590011597,1.0028287172317505,1.8344682757742703e-05,1.0,1.0,0.0,0.0,0.0,267,35.682640075683594,fresh_online_exploration,2,4
51552,15,1.0020625591278076,1.0020625591278076,1.0040373802185059,0.0019747877959161997,1.0,1.0,0.0,0.0,0.0,270,35.73715591430664,fresh_online_exploration,2,4
51552,18,1.0043456554412842,1.0043456554412842,1.004892349243164,0.000546762952581048,1.0,1.0,0.0,0.0,0.0,269,35.79484176635742,fresh_online_exploration,2,4
51552,36,1.0009713172912598,1.0009713172912598,1.0009816884994507,1.038474692904856e-05,1.0,1.0,0.0,0.0,0.0,270,35.750545501708984,fresh_online_exploration,2,4
51552,37,1.00507652759552,1.00507652759552,1.0095490217208862,0.004472505766898394,1.0,1.0,0.0,0.0,0.0,267,35.75386047363281,fresh_online_exploration,2,4
51552,48,1.0054912567138672,1.0054912567138672,1.009209394454956,0.003718016901984811,1.0,1.0,0.0,0.0,0.0,268,35.806854248046875,fresh_online_exploration,2,4
51552,55,1.0039517879486084,1.0039517879486084,1.0069143772125244,0.0029627163894474506,1.0,1.0,0.0,0.0,0.0,269,35.76346969604492,fresh_online_exploration,2,4
51552,56,1.0043156147003174,1.0043156147003174,1.0120487213134766,0.007733221631497145,1.0,1.0,0.0,0.0,0.0,270,35.76124954223633,fresh_online_exploration,2,4
51552,78,1.0017919540405273,1.0017919540405273,1.0019381046295166,0.0001461251958971843,1.0,1.0,0.0,0.0,0.0,267,35.63856506347656,fresh_online_exploration,2,4
51552,80,1.0037623643875122,1.0037623643875122,1.0038996934890747,0.00013731703802477568,1.0,1.0,0.0,0.0,0.0,270,35.75709533691406,fresh_online_exploration,2,4
51552,88,1.0014864206314087,1.0014864206314087,1.008126974105835,0.006640474312007427,1.0,1.0,0.0,0.0,0.0,269,35.67766571044922,fresh_online_exploration,2,4
51552,94,1.0025782585144043,1.0025782585144043,1.0025980472564697,1.9802884708042257e-05,1.0,1.0,0.0,0.0,0.0,268,35.649810791015625,fresh_online_exploration,2,4
51648,0,1.0054433345794678,1.0054433345794678,1.0055527687072754,0.00010945862595690414,1.0,1.0,0.0,0.0,0.0,269,35.78912353515625,fresh_online_exploration,2,4
51648,10,1.0044289827346802,1.0044289827346802,1.0078725814819336,0.0034436299465596676,1.0,1.0,0.0,0.0,0.0,267,35.74859619140625,fresh_online_exploration,2,4
51648,31,1.0029700994491577,1.0029700994491577,1.0037953853607178,0.0008252890547737479,1.0,1.0,0.0,0.0,0.0,272,35.81618881225586,fresh_online_exploration,2,4
51648,35,1.0010066032409668,1.0010066032409668,1.00138521194458,0.0003785781154874712,1.0,1.0,0.0,0.0,0.0,269,35.707645416259766,fresh_online_exploration,2,4
51648,45,1.0010098218917847,1.0010098218917847,1.001143217086792,0.00013344225590117276,1.0,1.0,0.0,0.0,0.0,270,35.694801330566406,fresh_online_exploration,2,4
51648,65,1.0037568807601929,1.0037568807601929,1.0037751197814941,1.824450919230003e-05,1.0,1.0,0.0,0.0,0.0,273,35.88721466064453,fresh_online_exploration,2,4
51648,70,1.0025207996368408,1.0025207996368408,1.002692461013794,0.00017175768152810633,1.0,1.0,0.0,0.0,0.0,270,35.77859878540039,fresh_online_exploration,2,4
51648,74,1.0057804584503174,1.0057804584503174,1.00710129737854,0.0013207754818722606,1.0,1.0,0.0,0.0,0.0,269,35.745418548583984,fresh_online_exploration,2,4
51648,75,1.004424810409546,1.004424810409546,1.011802077293396,0.007377307862043381,1.0,1.0,0.0,0.0,0.0,269,35.72720718383789,fresh_online_exploration,2,4
51648,86,1.005218267440796,1.005218267440796,1.0173611640930176,0.012142843566834927,1.0,1.0,0.0,0.0,0.0,269,35.70973587036133,fresh_online_exploration,2,4
51744,14,1.002421259880066,1.002421259880066,1.0029042959213257,0.00048301764763891697,1.0,1.0,0.0,0.0,0.0,273,35.8939323425293,fresh_online_exploration,2,4
51744,40,1.0006972551345825,1.0006972551345825,1.000709056854248,1.185775181511417e-05,1.0,1.0,0.0,0.0,0.0,271,35.692626953125,fresh_online_exploration,2,4
51744,60,1.0006908178329468,1.0006908178329468,1.0012004375457764,0.000509629026055336,1.0,1.0,0.0,0.0,0.0,270,35.71910095214844,fresh_online_exploration,2,4
51744,66,1.004335641860962,1.004335641860962,1.0147454738616943,0.010409853421151638,1.0,1.0,0.0,0.0,0.0,270,35.739898681640625,fresh_online_exploration,2,4
51744,71,1.004328727722168,1.004328727722168,1.0072271823883057,0.0028985862154513597,1.0,1.0,0.0,0.0,0.0,270,35.81856918334961,fresh_online_exploration,2,4
51744,73,1.0021889209747314,1.0021889209747314,1.0023192167282104,0.0001302833406953141,1.0,1.0,0.0,0.0,0.0,270,35.710670471191406,fresh_online_exploration,2,4
51744,79,1.0016615390777588,1.0016615390777588,1.0018304586410522,0.00016893268912099302,1.0,1.0,0.0,0.0,0.0,270,35.7818489074707,fresh_online_exploration,2,4
51744,82,1.0038175582885742,1.0038175582885742,1.004257082939148,0.0004395216528791934,1.0,1.0,0.0,0.0,0.0,269,35.72271728515625,fresh_online_exploration,2,4
51840,5,1.0019519329071045,1.0019519329071045,1.0042999982833862,0.0023480390664190054,1.0,1.0,0.0,0.0,0.0,271,35.791717529296875,fresh_online_exploration,2,4
51840,16,1.003739356994629,1.003739356994629,1.008185863494873,0.004446456208825111,1.0,1.0,0.0,0.0,0.0,271,35.80362319946289,fresh_online_exploration,2,4
51840,26,1.0054162740707397,1.0054162740707397,1.0070693492889404,0.0016530395951122046,1.0,1.0,0.0,0.0,0.0,269,35.79204177856445,fresh_online_exploration,2,4
51840,28,1.0009742975234985,1.0009742975234985,1.004199504852295,0.0032252816017717123,1.0,1.0,0.0,0.0,0.0,270,35.71054458618164,fresh_online_exploration,2,4
51840,32,1.0004605054855347,1.0004605054855347,1.0036789178848267,0.0032184147275984287,1.0,1.0,0.0,0.0,0.0,270,35.71122741699219,fresh_online_exploration,2,4
51840,59,1.004608392715454,1.004608392715454,1.0046977996826172,8.94870245247148e-05,1.0,1.0,0.0,0.0,0.0,269,35.76036834716797,fresh_online_exploration,2,4
51936,13,1.004448652267456,1.004448652267456,1.0072941780090332,0.0028455278370529413,1.0,1.0,0.0,0.0,0.0,271,35.81833267211914,fresh_online_exploration,2,4
51936,68,1.0033774375915527,1.0033774375915527,1.0034407377243042,6.328201561700553e-05,1.0,1.0,0.0,0.0,0.0,273,35.852176666259766,fresh_online_exploration,2,4
51936,91,1.0041512250900269,1.0041512250900269,1.004317045211792,0.00016577135829720646,1.0,1.0,0.0,0.0,0.0,269,35.70842742919922,fresh_online_exploration,2,4
52032,47,1.0012848377227783,1.0012848377227783,1.003110647201538,0.0018257758347317576,1.0,1.0,0.0,0.0,0.0,273,35.82714080810547,fresh_online_exploration,2,4
52032,83,1.0039514303207397,1.0039514303207397,1.0041958093643188,0.00024439289700239897,1.0,1.0,0.0,0.0,0.0,271,35.884300231933594,fresh_online_exploration,2,4
52128,22,1.0016980171203613,1.0016980171203613,1.0042860507965088,0.0025879484601318836,1.0,1.0,0.0,0.0,0.0,273,35.820194244384766,fresh_online_exploration,2,4
52128,81,1.0039036273956299,1.0039036273956299,1.0078084468841553,0.00390490610152483,1.0,1.0,0.0,0.0,0.0,273,35.88187026977539,fresh_online_exploration,2,4
57600,24,0.00010369639494456351,1.0544311408011708e-05,0.00013484634109772742,0.00012430209608282894,1.0544311408011708e-05,0.0,0.0,1.0,1.0,600,1.0378217697143555,fresh_online_exploration,0,4
57600,58,0.005594728980213404,0.0004555770137812942,0.008800169453024864,0.008344592526555061,0.0004555770137812942,0.0,0.0,1.0,1.0,600,1.0703847408294678,fresh_online_exploration,0,4
57600,77,9.040452368935803e-07,7.760463383021943e-09,7.777169230394065e-06,7.769403055135626e-06,7.760463383021943e-09,0.0,0.0,1.0,1.0,600,1.046183466911316,fresh_online_exploration,0,4
57600,92,0.19492638111114502,0.02836800552904606,0.19861115515232086,0.17024312913417816,0.02836800552904606,0.0,1.0,1.0,1.0,600,1.6358941793441772,fresh_online_exploration,0,4
57600,93,0.00047883810475468636,0.0003170061099808663,0.0008050985634326935,0.0004880924825556576,0.0003170061099808663,0.0,0.0,1.0,1.0,600,1.0513229370117188,fresh_online_exploration,0,4
70272,46,1.0061417818069458,1.0061417818069458,1.0091981887817383,0.0030564768239855766,1.0,1.0,0.0,0.0,0.0,201,34.07748031616211,fresh_online_exploration,4,6
71904,53,1.001218557357788,1.001218557357788,1.003492832183838,0.0022743672598153353,1.0,1.0,0.0,0.0,0.0,269,35.76668167114258,fresh_online_exploration,3,6
76032,64,1.0012776851654053,1.0012776851654053,1.0013716220855713,9.388456965098158e-05,1.0,1.0,0.0,0.0,0.0,258,35.42264175415039,fresh_online_exploration,4,6
76224,6,1.0033832788467407,1.0033832788467407,1.0095845460891724,0.006201207172125578,1.0,1.0,0.0,0.0,0.0,266,35.61635971069336,fresh_online_exploration,4,6
76224,29,1.0004615783691406,1.0004615783691406,1.0004724264144897,1.0830844985321164e-05,1.0,1.0,0.0,0.0,0.0,266,35.595191955566406,fresh_online_exploration,4,6
76512,51,1.001818060874939,1.001818060874939,1.0052928924560547,0.003474786411970854,1.0,1.0,0.0,0.0,0.0,265,35.66242218017578,fresh_online_exploration,4,6
76608,11,1.0013659000396729,1.0013659000396729,1.001380205154419,1.422145669494057e-05,1.0,1.0,0.0,0.0,0.0,266,35.63752746582031,fresh_online_exploration,4,6
76608,57,1.0031388998031616,1.0031388998031616,1.0062564611434937,0.003117542015388608,1.0,1.0,0.0,0.0,0.0,267,35.71132278442383,fresh_online_exploration,4,6
76704,9,1.0021127462387085,1.0021127462387085,1.0121581554412842,0.010045443661510944,1.0,1.0,0.0,0.0,0.0,267,35.66166687011719,fresh_online_exploration,4,6
76704,69,1.0016419887542725,1.0016419887542725,1.00846529006958,0.006823359057307243,1.0,1.0,0.0,0.0,0.0,266,35.58905029296875,fresh_online_exploration,4,6
76704,90,1.0000780820846558,1.0000780820846558,1.0001165866851807,3.852127701975405e-05,1.0,1.0,0.0,0.0,0.0,266,35.635826110839844,fresh_online_exploration,4,6
76800,1,1.0000039339065552,1.0000039339065552,1.0188086032867432,0.01880474016070366,1.0,1.0,0.0,0.0,0.0,267,35.57001495361328,fresh_online_exploration,4,6
76800,72,1.0026228427886963,1.0026228427886963,1.0027375221252441,0.0001146768918260932,1.0,1.0,0.0,0.0,0.0,266,35.62506866455078,fresh_online_exploration,4,6
76800,87,1.005488395690918,1.005488395690918,1.0057713985443115,0.0002830258454196155,1.0,1.0,0.0,0.0,0.0,268,35.79039001464844,fresh_online_exploration,4,6
76800,95,1.002632975578308,1.002632975578308,1.018953561782837,0.016320472583174706,1.0,1.0,0.0,0.0,0.0,267,35.655052185058594,fresh_online_exploration,4,6
76896,23,1.0039442777633667,1.0039442777633667,1.007108211517334,0.0031637982465326786,1.0,1.0,0.0,0.0,0.0,266,35.663673400878906,fresh_online_exploration,4,6
76896,62,1.0035794973373413,1.0035794973373413,1.006805658340454,0.0032261686865240335,1.0,1.0,0.0,0.0,0.0,266,35.66773986816406,fresh_online_exploration,4,6
76896,84,1.0006730556488037,1.0006730556488037,1.0054525136947632,0.004779474809765816,1.0,1.0,0.0,0.0,0.0,266,35.66326904296875,fresh_online_exploration,4,6
76992,30,1.0014785528182983,1.0014785528182983,1.0016388893127441,0.00016031257109716535,1.0,1.0,0.0,0.0,0.0,268,35.66136932373047,fresh_online_exploration,4,6
76992,39,1.0050654411315918,1.0050654411315918,1.0083367824554443,0.003271396504715085,1.0,1.0,0.0,0.0,0.0,269,35.76703643798828,fresh_online_exploration,4,6
76992,43,1.0043458938598633,1.0043458938598633,1.0069518089294434,0.0026058582589030266,1.0,1.0,0.0,0.0,0.0,266,35.69357681274414,fresh_online_exploration,4,6
76992,89,1.0000489950180054,1.0000489950180054,1.004166603088379,0.004117742646485567,1.0,1.0,0.0,0.0,0.0,267,35.64633560180664,fresh_online_exploration,4,6
77088,3,1.0015591382980347,1.0015591382980347,1.0017797946929932,0.00022073846776038408,1.0,1.0,0.0,0.0,0.0,270,35.72221374511719,fresh_online_exploration,4,6
77088,8,1.0052552223205566,1.0052552223205566,1.0052666664123535,1.1458679182396736e-05,1.0,1.0,0.0,0.0,0.0,268,35.72077941894531,fresh_online_exploration,4,6
77088,12,1.0003818273544312,1.0003818273544312,1.0006253719329834,0.0002435931673971936,1.0,1.0,0.0,0.0,0.0,267,35.636348724365234,fresh_online_exploration,4,6
77088,21,1.0026487112045288,1.0026487112045288,1.0027868747711182,0.00013815128477290273,1.0,1.0,0.0,0.0,0.0,267,35.66197967529297,fresh_online_exploration,4,6
77088,42,1.0054446458816528,1.0054446458816528,1.0055315494537354,8.692809205967933e-05,1.0,1.0,0.0,0.0,0.0,267,35.730865478515625,fresh_online_exploration,4,6
77088,80,1.001381516456604,1.001381516456604,1.0046775341033936,0.0032960937824100256,1.0,1.0,0.0,0.0,0.0,266,35.63654327392578,fresh_online_exploration,4,6
77184,34,1.0044162273406982,1.0044162273406982,1.0044279098510742,1.1744520634238143e-05,1.0,1.0,0.0,0.0,0.0,268,35.72096633911133,fresh_online_exploration,4,6
77184,44,1.002767562866211,1.002767562866211,1.0039595365524292,0.0011919853277504444,1.0,1.0,0.0,0.0,0.0,271,35.74013137817383,fresh_online_exploration,4,6
77184,45,1.003348708152771,1.003348708152771,1.0034677982330322,0.00011907563748536631,1.0,1.0,0.0,0.0,0.0,266,35.6511116027832,fresh_online_exploration,4,6
77184,49,1.0031938552856445,1.0031938552856445,1.0044642686843872,0.0012704471591860056,1.0,1.0,0.0,0.0,0.0,269,35.755767822265625,fresh_online_exploration,4,6
77184,54,1.005797266960144,1.005797266960144,1.008204460144043,0.002407112857326865,1.0,1.0,0.0,0.0,0.0,268,35.75143051147461,fresh_online_exploration,4,6
77184,56,1.0006641149520874,1.0006641149520874,1.007716417312622,0.007052371744066477,1.0,1.0,0.0,0.0,0.0,267,35.605350494384766,fresh_online_exploration,4,6
77184,63,1.0000901222229004,1.0000901222229004,1.0029103755950928,0.0028201364912092686,1.0,1.0,0.0,0.0,0.0,269,35.677528381347656,fresh_online_exploration,4,6
77184,86,1.002144455909729,1.002144455909729,1.0031239986419678,0.0009795736987143755,1.0,1.0,0.0,0.0,0.0,266,35.63693618774414,fresh_online_exploration,4,6
77280,4,1.0021986961364746,1.0021986961364746,1.0081650018692017,0.0059662628918886185,1.0,1.0,0.0,0.0,0.0,270,35.69771194458008,fresh_online_exploration,4,6
77280,38,1.0048092603683472,1.0048092603683472,1.0049562454223633,0.00014692546392325312,1.0,1.0,0.0,0.0,0.0,270,35.760562896728516,fresh_online_exploration,4,6
77280,41,1.0029131174087524,1.0029131174087524,1.0029805898666382,6.750381726305932e-05,1.0,1.0,0.0,0.0,0.0,269,35.70245361328125,fresh_online_exploration,4,6
77280,52,1.0023199319839478,1.0023199319839478,1.002467393875122,0.00014742487110197544,1.0,1.0,0.0,0.0,0.0,269,35.70438003540039,fresh_online_exploration,4,6
77280,67,1.0029261112213135,1.0029261112213135,1.0030169486999512,9.091265383176506e-05,1.0,1.0,0.0,0.0,0.0,270,35.780540466308594,fresh_online_exploration,4,6
77376,0,1.002443790435791,1.002443790435791,1.002577543258667,0.00013376891729421914,1.0,1.0,0.0,0.0,0.0,268,35.728790283203125,fresh_online_exploration,4,6
77376,27,1.0031777620315552,1.0031777620315552,1.0067439079284668,0.0035661980509757996,1.0,1.0,0.0,0.0,0.0,270,35.78047180175781,fresh_online_exploration,4,6
77376,28,1.0014221668243408,1.0014221668243408,1.0047671794891357,0.0033449488691985607,1.0,1.0,0.0,0.0,0.0,266,35.659568786621094,fresh_online_exploration,4,6
77376,31,1.0002690553665161,1.0002690553665161,1.003738284111023,0.0034692694898694754,1.0,1.0,0.0,0.0,0.0,268,35.62970733642578,fresh_online_exploration,4,6
77376,32,1.0029511451721191,1.0029511451721191,1.0061894655227661,0.0032383273355662823,1.0,1.0,0.0,0.0,0.0,266,35.693599700927734,fresh_online_exploration,4,6
77376,33,1.0035572052001953,1.0035572052001953,1.0097002983093262,0.006143003702163696,1.0,1.0,0.0,0.0,0.0,270,35.7425537109375,fresh_online_exploration,4,6
77376,35,1.0021544694900513,1.0021544694900513,1.0021653175354004,1.0753219612524845e-05,1.0,1.0,0.0,0.0,0.0,268,35.71332931518555,fresh_online_exploration,4,6
77376,37,1.0021636486053467,1.0021636486053467,1.0025911331176758,0.00042741509969346225,1.0,1.0,0.0,0.0,0.0,269,35.725074768066406,fresh_online_exploration,4,6
77376,55,1.0010950565338135,1.0010950565338135,1.001326322555542,0.0002312012220500037,1.0,1.0,0.0,0.0,0.0,269,35.735511779785156,fresh_online_exploration,4,6
77376,61,1.003348469734192,1.003348469734192,1.0034314393997192,8.296962187159806e-05,1.0,1.0,0.0,0.0,0.0,270,35.79097366333008,fresh_online_exploration,4,6
77376,70,1.0020946264266968,1.0020946264266968,1.0055994987487793,0.003504906315356493,1.0,1.0,0.0,0.0,0.0,268,35.71527862548828,fresh_online_exploration,4,6
77376,91,1.0035805702209473,1.0035805702209473,1.0045969486236572,0.001016278867609799,1.0,1.0,0.0,0.0,0.0,265,35.73408126831055,fresh_online_exploration,4,6
77376,94,1.0031137466430664,1.0031137466430664,1.003125548362732,1.1788486517616548e-05,1.0,1.0,0.0,0.0,0.0,269,35.68297576904297,fresh_online_exploration,4,6
77472,15,1.0014938116073608,1.0014938116073608,1.001901388168335,0.00040760671254247427,1.0,1.0,0.0,0.0,0.0,270,35.74637222290039,fresh_online_exploration,4,6
77472,40,1.0018185377120972,1.0018185377120972,1.0018819570541382,6.342494452837855e-05,1.0,1.0,0.0,0.0,0.0,268,35.67531967163086,fresh_online_exploration,4,6
77472,59,1.00359046459198,1.00359046459198,1.0038883686065674,0.0002979643759317696,1.0,1.0,0.0,0.0,0.0,267,35.692466735839844,fresh_online_exploration,4,6
77472,66,1.0000896453857422,1.0000896453857422,1.0043809413909912,0.004291399847716093,1.0,1.0,0.0,0.0,0.0,268,35.658607482910156,fresh_online_exploration,4,6
77472,73,1.0028880834579468,1.0028880834579468,1.0060627460479736,0.0031746304593980312,1.0,1.0,0.0,0.0,0.0,268,35.68962860107422,fresh_online_exploration,4,6
77472,74,1.0040148496627808,1.0040148496627808,1.0060813426971436,0.002066553570330143,1.0,1.0,0.0,0.0,0.0,269,35.779052734375,fresh_online_exploration,4,6
77568,10,1.0037304162979126,1.0037304162979126,1.0073537826538086,0.003623438999056816,1.0,1.0,0.0,0.0,0.0,270,35.770545959472656,fresh_online_exploration,4,6
77568,48,1.0033559799194336,1.0033559799194336,1.0034492015838623,9.3279049906414e-05,1.0,1.0,0.0,0.0,0.0,271,35.78252410888672,fresh_online_exploration,4,6
77568,78,1.0039161443710327,1.0039161443710327,1.0136098861694336,0.00969360489398241,1.0,1.0,0.0,0.0,0.0,271,35.771629333496094,fresh_online_exploration,4,6
77568,88,1.002683162689209,1.002683162689209,1.0040199756622314,0.0013367610517889261,1.0,1.0,0.0,0.0,0.0,271,35.75522994995117,fresh_online_exploration,4,6
77664,16,1.0010801553726196,1.0010801553726196,1.0046402215957642,0.0035600278060883284,1.0,1.0,0.0,0.0,0.0,269,35.74845886230469,fresh_online_exploration,4,6
77664,36,1.0054365396499634,1.0054365396499634,1.0085463523864746,0.003109897952526808,1.0,1.0,0.0,0.0,0.0,272,35.88913345336914,fresh_online_exploration,4,6
77664,75,1.0033488273620605,1.0033488273620605,1.008042812347412,0.004694004543125629,1.0,1.0,0.0,0.0,0.0,271,35.78655242919922,fresh_online_exploration,4,6
77664,79,1.002303123474121,1.002303123474121,1.0055639743804932,0.0032609340269118547,1.0,1.0,0.0,0.0,0.0,270,35.7656364440918,fresh_online_exploration,4,6
77760,68,1.0022436380386353,1.0022436380386353,1.0022532939910889,9.585251973476261e-06,1.0,1.0,0.0,0.0,0.0,269,35.666786193847656,fresh_online_exploration,4,6
77760,71,1.005251169204712,1.005251169204712,1.005439043045044,0.00018793369235936552,1.0,1.0,0.0,0.0,0.0,271,35.84524917602539,fresh_online_exploration,4,6
77760,82,1.0027729272842407,1.0027729272842407,1.0032727718353271,0.0004998377989977598,1.0,1.0,0.0,0.0,0.0,271,35.78369140625,fresh_online_exploration,4,6
77856,14,1.000233769416809,1.000233769416809,1.0002872943878174,5.3501811635214835e-05,1.0,1.0,0.0,0.0,0.0,272,35.7744026184082,fresh_online_exploration,4,6
77856,26,1.0031611919403076,1.0031611919403076,1.0033425092697144,0.0001813133858377114,1.0,1.0,0.0,0.0,0.0,271,35.767303466796875,fresh_online_exploration,4,6
77952,13,1.0021494626998901,1.0021494626998901,1.0022339820861816,8.444875129498541e-05,1.0,1.0,0.0,0.0,0.0,271,35.74532699584961,fresh_online_exploration,4,6
77952,60,1.005035161972046,1.005035161972046,1.0052621364593506,0.00022706514573656023,1.0,1.0,0.0,0.0,0.0,273,35.9007568359375,fresh_online_exploration,4,6
77952,65,1.0043165683746338,1.0043165683746338,1.0087721347808838,0.004455599933862686,1.0,1.0,0.0,0.0,0.0,274,35.87890625,fresh_online_exploration,4,6
78048,81,1.001331090927124,1.001331090927124,1.0014874935150146,0.00015637058822903782,1.0,1.0,0.0,0.0,0.0,270,35.802032470703125,fresh_online_exploration,4,6
78144,5,1.004149079322815,1.004149079322815,1.0043325424194336,0.00018339219968765974,1.0,1.0,0.0,0.0,0.0,274,35.88543701171875,fresh_online_exploration,4,6
78144,47,1.001977562904358,1.001977562904358,1.0090417861938477,0.007064126431941986,1.0,1.0,0.0,0.0,0.0,272,35.76554870605469,fresh_online_exploration,4,6
82848,2,0.041614118963479996,0.041614118963479996,0.06459616124629974,0.022982053458690643,0.041614118963479996,0.0,0.0,1.0,1.0,600,1.905765175819397,fresh_online_exploration,2,6
83232,19,0.018232867121696472,0.01591883972287178,0.01824224181473255,0.0023234018590301275,0.01591883972287178,0.0,0.0,1.0,1.0,600,1.4067447185516357,fresh_online_exploration,2,6
83328,7,0.02727740816771984,0.0023600945714861155,0.031072260811924934,0.028712162747979164,0.0023600945714861155,0.0,0.0,1.0,1.0,600,1.1521838903427124,fresh_online_exploration,2,6
83328,24,1.0005817413330078,1.0005817413330078,1.0034596920013428,0.002877844264730811,1.0,1.0,0.0,0.0,0.0,268,35.66899108886719,fresh_online_exploration,4,6
83328,85,0.026732802391052246,7.946360902622018e-09,0.05267266184091568,0.05267266184091568,7.946360902622018e-09,0.0,1.0,1.0,1.0,600,1.0366686582565308,fresh_online_exploration,2,6
83424,17,0.06319037079811096,0.001221984624862671,0.06955450773239136,0.06833251565694809,0.001221984624862671,0.0,1.0,1.0,1.0,600,1.1329416036605835,fresh_online_exploration,2,6
83424,25,0.009480541571974754,7.319315376008717e-09,0.009493370540440083,0.009493369609117508,7.319315376008717e-09,0.0,0.0,1.0,1.0,600,1.0524444580078125,fresh_online_exploration,2,6
83520,20,0.0007797046564519405,6.464238033743186e-09,0.000789049023296684,0.0007890426204539835,6.464238033743186e-09,0.0,0.0,1.0,1.0,600,1.0565869808197021,fresh_online_exploration,2,6
83520,58,1.0009312629699707,1.0009312629699707,1.0024596452713013,0.0015284335240721703,1.0,1.0,0.0,0.0,0.0,270,35.675357818603516,fresh_online_exploration,4,6
83520,77,1.0045526027679443,1.0045526027679443,1.0048413276672363,0.0002886798174586147,1.0,1.0,0.0,0.0,0.0,270,35.797996520996094,fresh_online_exploration,4,6
83520,92,1.0023952722549438,1.0023952722549438,1.0087649822235107,0.006369628943502903,1.0,1.0,0.0,0.0,0.0,270,35.7431640625,fresh_online_exploration,4,6
83520,93,1.0008716583251953,1.0008716583251953,1.0009797811508179,0.00010807439684867859,1.0,1.0,0.0,0.0,0.0,270,35.64064407348633,fresh_online_exploration,4,6
83712,76,0.044750187546014786,0.044750187546014786,0.04849687218666077,0.003746684407815337,0.044750187546014786,0.0,0.0,1.0,1.0,600,1.9866712093353271,fresh_online_exploration,2,6
95904,46,1.0024182796478271,1.0024182796478271,1.005699634552002,0.003281406592577696,1.0,1.0,0.0,0.0,0.0,267,35.651824951171875,fresh_online_exploration,6,6
97632,53,1.001949429512024,1.001949429512024,1.0042290687561035,0.0022795354016125202,1.0,1.0,0.0,0.0,0.0,268,35.66073989868164,fresh_online_exploration,6,6
101184,90,1.0005297660827637,1.0005297660827637,1.0005401372909546,1.0371012649557088e-05,1.0,1.0,0.0,0.0,0.0,255,35.294883728027344,fresh_online_exploration,6,6
101472,6,1.0030219554901123,1.0030219554901123,1.0030605792999268,3.868254862027243e-05,1.0,1.0,0.0,0.0,0.0,263,35.58745574951172,fresh_online_exploration,6,6
101664,29,1.0001909732818604,1.0001909732818604,1.0004876852035522,0.00029674096731469035,1.0,1.0,0.0,0.0,0.0,265,35.545963287353516,fresh_online_exploration,6,6
101760,64,1.0030173063278198,1.0030173063278198,1.0031507015228271,0.0001333073159912601,1.0,1.0,0.0,0.0,0.0,268,35.71902084350586,fresh_online_exploration,6,6
102144,57,1.0030498504638672,1.0030498504638672,1.003420352935791,0.00037051388062536716,1.0,1.0,0.0,0.0,0.0,266,35.68256759643555,fresh_online_exploration,6,6
102240,11,1.0000590085983276,1.0000590085983276,1.0002357959747314,0.00017677959112916142,1.0,1.0,0.0,0.0,0.0,267,35.65378952026367,fresh_online_exploration,6,6
102336,9,1.0003373622894287,1.0003373622894287,1.0008352994918823,0.000497940054628998,1.0,1.0,0.0,0.0,0.0,267,35.67222213745117,fresh_online_exploration,6,6
102336,69,1.000454306602478,1.000454306602478,1.004734754562378,0.004280413035303354,1.0,1.0,0.0,0.0,0.0,267,35.62725830078125,fresh_online_exploration,6,6
102336,72,1.002417802810669,1.002417802810669,1.0024293661117554,1.1593638191698119e-05,1.0,1.0,0.0,0.0,0.0,266,35.57408142089844,fresh_online_exploration,6,6
102336,87,1.000872015953064,1.000872015953064,1.0009979009628296,0.00012587106903083622,1.0,1.0,0.0,0.0,0.0,266,35.59855651855469,fresh_online_exploration,6,6
102336,95,1.0004727840423584,1.0004727840423584,1.0005767345428467,0.00010393094271421432,1.0,1.0,0.0,0.0,0.0,266,35.58589172363281,fresh_online_exploration,6,6
102432,1,1.0048699378967285,1.0048699378967285,1.0080726146697998,0.003202741499990225,1.0,1.0,0.0,0.0,0.0,267,35.74873733520508,fresh_online_exploration,6,6
102624,21,1.0021952390670776,1.0021952390670776,1.0061811208724976,0.003985836636275053,1.0,1.0,0.0,0.0,0.0,266,35.64533233642578,fresh_online_exploration,6,6
102624,23,1.003951072692871,1.003951072692871,1.0040929317474365,0.00014182506129145622,1.0,1.0,0.0,0.0,0.0,268,35.74340057373047,fresh_online_exploration,6,6
102624,62,1.0038502216339111,1.0038502216339111,1.0040111541748047,0.00016098865307867527,1.0,1.0,0.0,0.0,0.0,268,35.73218536376953,fresh_online_exploration,6,6
102720,42,1.0046560764312744,1.0046560764312744,1.0104806423187256,0.005824605468660593,1.0,1.0,0.0,0.0,0.0,267,35.69392013549805,fresh_online_exploration,6,6
102720,43,1.004169225692749,1.004169225692749,1.0075764656066895,0.003407189156860113,1.0,1.0,0.0,0.0,0.0,268,35.71705627441406,fresh_online_exploration,6,6
102816,3,1.0001025199890137,1.0001025199890137,1.0007222890853882,0.0006197569891810417,1.0,1.0,0.0,0.0,0.0,268,35.66440200805664,fresh_online_exploration,6,6
102816,4,1.0037904977798462,1.0037904977798462,1.0162272453308105,0.01243662927299738,1.0,1.0,0.0,0.0,0.0,266,35.62854766845703,fresh_online_exploration,6,6
102816,34,1.0001188516616821,1.0001188516616821,1.0001308917999268,1.203610827360535e-05,1.0,1.0,0.0,0.0,0.0,267,35.563819885253906,fresh_online_exploration,6,6
102816,45,1.001798391342163,1.001798391342163,1.0018868446350098,8.849501318763942e-05,1.0,1.0,0.0,0.0,0.0,267,35.642051696777344,fresh_online_exploration,6,6
102816,84,1.0025851726531982,1.0025851726531982,1.00267493724823,8.977780817076564e-05,1.0,1.0,0.0,0.0,0.0,270,35.74494934082031,fresh_online_exploration,6,6
102816,89,1.001065969467163,1.001065969467163,1.0014445781707764,0.00037853920366615057,1.0,1.0,0.0,0.0,0.0,269,35.694541931152344,fresh_online_exploration,6,6
102912,8,1.0032789707183838,1.0032789707183838,1.0033138990402222,3.4944008802995086e-05,1.0,1.0,0.0,0.0,0.0,269,35.71648025512695,fresh_online_exploration,6,6
102912,39,1.0049136877059937,1.0049136877059937,1.009103536605835,0.004189863335341215,1.0,1.0,0.0,0.0,0.0,270,35.78325653076172,fresh_online_exploration,6,6
102912,44,1.0040935277938843,1.0040935277938843,1.0041050910949707,1.1601247024373151e-05,1.0,1.0,0.0,0.0,0.0,268,35.72952651977539,fresh_online_exploration,6,6
102912,56,1.0056229829788208,1.0056229829788208,1.0233135223388672,0.017690610140562057,1.0,1.0,0.0,0.0,0.0,268,35.69344711303711,fresh_online_exploration,6,6
102912,67,1.0031559467315674,1.0031559467315674,1.0082504749298096,0.005094412714242935,1.0,1.0,0.0,0.0,0.0,267,35.70733642578125,fresh_online_exploration,6,6
102912,80,1.0028032064437866,1.0028032064437866,1.0098628997802734,0.007059656083583832,1.0,1.0,0.0,0.0,0.0,269,35.74748229980469,fresh_online_exploration,6,6
103008,12,1.002524971961975,1.002524971961975,1.00257408618927,4.910809366265312e-05,1.0,1.0,0.0,0.0,0.0,270,35.718894958496094,fresh_online_exploration,6,6
103008,28,1.0020190477371216,1.0020190477371216,1.0137214660644531,0.011702216230332851,1.0,1.0,0.0,0.0,0.0,267,35.65732192993164,fresh_online_exploration,6,6
103008,30,1.0055054426193237,1.0055054426193237,1.0055726766586304,6.725496496073902e-05,1.0,1.0,0.0,0.0,0.0,271,35.84599304199219,fresh_online_exploration,6,6
103008,38,1.001059889793396,1.001059889793396,1.0010840892791748,2.417005816823803e-05,1.0,1.0,0.0,0.0,0.0,268,35.651893615722656,fresh_online_exploration,6,6
103008,52,1.0031870603561401,1.0031870603561401,1.0048394203186035,0.0016523038502782583,1.0,1.0,0.0,0.0,0.0,268,35.724891662597656,fresh_online_exploration,6,6
103008,66,1.0006221532821655,1.0006221532821655,1.0007514953613281,0.00012926346971653402,1.0,1.0,0.0,0.0,0.0,266,35.59578323364258,fresh_online_exploration,6,6
103008,70,1.0025924444198608,1.0025924444198608,1.0354223251342773,0.03282981365919113,1.0,1.0,0.0,0.0,0.0,267,35.512271881103516,fresh_online_exploration,6,6
103008,78,1.0005098581314087,1.0005098581314087,1.004427433013916,0.003917595371603966,1.0,1.0,0.0,0.0,0.0,265,35.579612731933594,fresh_online_exploration,6,6
103008,86,1.005826473236084,1.005826473236084,1.0058462619781494,1.9735898604267277e-05,1.0,1.0,0.0,0.0,0.0,269,35.79890823364258,fresh_online_exploration,6,6
103104,15,1.005024790763855,1.005024790763855,1.0072970390319824,0.002272217068821192,1.0,1.0,0.0,0.0,0.0,267,35.72270202636719,fresh_online_exploration,6,6
103104,27,1.0048595666885376,1.0048595666885376,1.004963994026184,0.00010441368067404255,1.0,1.0,0.0,0.0,0.0,268,35.74179458618164,fresh_online_exploration,6,6
103104,54,1.004047155380249,1.004047155380249,1.0041475296020508,0.0001003403594950214,1.0,1.0,0.0,0.0,0.0,270,35.74809646606445,fresh_online_exploration,6,6
103104,61,1.0011552572250366,1.0011552572250366,1.0025734901428223,0.0014183343155309558,1.0,1.0,0.0,0.0,0.0,268,35.6944694519043,fresh_online_exploration,6,6
103104,91,1.0054357051849365,1.0054357051849365,1.0056308507919312,0.00019517666078172624,1.0,1.0,0.0,0.0,0.0,268,35.74638748168945,fresh_online_exploration,6,6
103200,35,1.0016130208969116,1.0016130208969116,1.0018365383148193,0.00022351292136590928,1.0,1.0,0.0,0.0,0.0,269,35.70878601074219,fresh_online_exploration,6,6
103200,41,1.0060421228408813,1.0060421228408813,1.0105946063995361,0.004552589729428291,1.0,1.0,0.0,0.0,0.0,270,35.775638580322266,fresh_online_exploration,6,6
103200,48,1.0031970739364624,1.0031970739364624,1.0033621788024902,0.00016517314361408353,1.0,1.0,0.0,0.0,0.0,267,35.696109771728516,fresh_online_exploration,6,6
103200,49,1.004823923110962,1.004823923110962,1.0049439668655396,0.00012003196752630174,1.0,1.0,0.0,0.0,0.0,271,35.80379867553711,fresh_online_exploration,6,6
103200,59,1.0031027793884277,1.0031027793884277,1.0034713745117188,0.0003685033298097551,1.0,1.0,0.0,0.0,0.0,268,35.70518493652344,fresh_online_exploration,6,6
103200,63,1.0039794445037842,1.0039794445037842,1.0161995887756348,0.012220054864883423,1.0,1.0,0.0,0.0,0.0,271,35.73626708984375,fresh_online_exploration,6,6
103200,71,1.0014121532440186,1.0014121532440186,1.0017998218536377,0.00038773371488787234,1.0,1.0,0.0,0.0,0.0,265,35.59508514404297,fresh_online_exploration,6,6
103200,94,1.0025296211242676,1.0025296211242676,1.009817361831665,0.007287660613656044,1.0,1.0,0.0,0.0,0.0,269,35.632205963134766,fresh_online_exploration,6,6
103296,0,1.0009865760803223,1.0009865760803223,1.0055532455444336,0.004566717427223921,1.0,1.0,0.0,0.0,0.0,270,35.74198913574219,fresh_online_exploration,6,6
103296,37,1.0007045269012451,1.0007045269012451,1.0008666515350342,0.00016209833847824484,1.0,1.0,0.0,0.0,0.0,270,35.701942443847656,fresh_online_exploration,6,6
103296,88,1.0059524774551392,1.0059524774551392,1.0091485977172852,0.0031961838249117136,1.0,1.0,0.0,0.0,0.0,268,35.75339126586914,fresh_online_exploration,6,6
103392,16,1.003779649734497,1.003779649734497,1.0091311931610107,0.00535160768777132,1.0,1.0,0.0,0.0,0.0,268,35.71436309814453,fresh_online_exploration,6,6
103392,33,1.005320429801941,1.005320429801941,1.006237268447876,0.0009168097167275846,1.0,1.0,0.0,0.0,0.0,271,35.864566802978516,fresh_online_exploration,6,6
103392,40,1.005556583404541,1.005556583404541,1.007049322128296,0.0014926936710253358,1.0,1.0,0.0,0.0,0.0,270,35.79170227050781,fresh_online_exploration,6,6
103392,74,1.0024633407592773,1.0024633407592773,1.002478003501892,1.4644502698502038e-05,1.0,1.0,0.0,0.0,0.0,270,35.7773551940918,fresh_online_exploration,6,6
103392,79,1.0028386116027832,1.0028386116027832,1.0064172744750977,0.0035787031520158052,1.0,1.0,0.0,0.0,0.0,268,35.74763107299805,fresh_online_exploration,6,6
103488,10,1.0021767616271973,1.0021767616271973,1.0082045793533325,0.00602780980989337,1.0,1.0,0.0,0.0,0.0,270,35.71808624267578,fresh_online_exploration,6,6
103488,36,1.00278902053833,1.00278902053833,1.0068650245666504,0.004076029639691114,1.0,1.0,0.0,0.0,0.0,269,35.76365661621094,fresh_online_exploration,6,6
103584,14,1.0015556812286377,1.0015556812286377,1.0015935897827148,3.7909332604613155e-05,1.0,1.0,0.0,0.0,0.0,268,35.717079162597656,fresh_online_exploration,6,6
103584,68,1.0029878616333008,1.0029878616333008,1.003229022026062,0.0002411348687019199,1.0,1.0,0.0,0.0,0.0,269,35.69205856323242,fresh_online_exploration,6,6
103584,73,1.0033183097839355,1.0033183097839355,1.0134520530700684,0.010133818723261356,1.0,1.0,0.0,0.0,0.0,272,35.74187088012695,fresh_online_exploration,6,6
103584,75,1.0040115118026733,1.0040115118026733,1.005018711090088,0.0010071339784190059,1.0,1.0,0.0,0.0,0.0,270,35.75397491455078,fresh_online_exploration,6,6
103584,82,1.0032637119293213,1.0032637119293213,1.0034124851226807,0.00014878310321364552,1.0,1.0,0.0,0.0,0.0,269,35.73893737792969,fresh_online_exploration,6,6
103680,13,1.0013134479522705,1.0013134479522705,1.0085968971252441,0.0072834063321352005,1.0,1.0,0.0,0.0,0.0,268,35.68183135986328,fresh_online_exploration,6,6
103872,26,1.0046457052230835,1.0046457052230835,1.0056214332580566,0.0009757632506079972,1.0,1.0,0.0,0.0,0.0,271,35.813697814941406,fresh_online_exploration,6,6
103872,60,1.0027986764907837,1.0027986764907837,1.0038710832595825,0.0010724022286012769,1.0,1.0,0.0,0.0,0.0,270,35.7784538269043,fresh_online_exploration,6,6
104064,5,1.0047115087509155,1.0047115087509155,1.0047390460968018,2.7570107704377733e-05,1.0,1.0,0.0,0.0,0.0,270,35.816619873046875,fresh_online_exploration,6,6
104064,47,1.0030690431594849,1.0030690431594849,1.0030964612960815,2.746343488979619e-05,1.0,1.0,0.0,0.0,0.0,270,35.79187774658203,fresh_online_exploration,6,6
104064,81,1.0037730932235718,1.0037730932235718,1.006701946258545,0.002928853500634432,1.0,1.0,0.0,0.0,0.0,271,35.88657760620117,fresh_online_exploration,6,6
104352,65,1.0035431385040283,1.0035431385040283,1.0115042924880981,0.007961180992424488,1.0,1.0,0.0,0.0,0.0,275,35.91028594970703,fresh_online_exploration,6,6
108768,77,1.0003098249435425,1.0003098249435425,1.0004842281341553,0.00017439837392885238,1.0,1.0,0.0,0.0,0.0,263,35.585262298583984,fresh_online_exploration,6,6
108864,17,1.0056686401367188,1.0056686401367188,1.005828857421875,0.00016016380686778575,1.0,1.0,0.0,0.0,0.0,265,35.671630859375,fresh_online_exploration,6,6
108864,50,0.11340673267841339,0.11340673267841339,0.11342011392116547,1.3385347301664297e-05,0.11340673267841339,0.0,0.0,1.0,1.0,600,3.3357651233673096,fresh_online_exploration,4,6
108960,25,1.0010424852371216,1.0010424852371216,1.0011754035949707,0.00013297933037392795,1.0,1.0,0.0,0.0,0.0,266,35.631954193115234,fresh_online_exploration,6,6
109056,24,1.0028469562530518,1.0028469562530518,1.0034784078598022,0.0006314580095931888,1.0,1.0,0.0,0.0,0.0,268,35.708229064941406,fresh_online_exploration,6,6
109056,85,1.0001808404922485,1.0001808404922485,1.0004966259002686,0.00031578849302604795,1.0,1.0,0.0,0.0,0.0,268,35.67591094970703,fresh_online_exploration,6,6
109152,18,0.006876708939671516,5.8869638053238305e-09,0.011221976950764656,0.01122197974473238,5.8869638053238305e-09,0.0,0.0,1.0,1.0,600,1.0722850561141968,fresh_online_exploration,4,6
109248,58,1.0013397932052612,1.0013397932052612,1.0050177574157715,0.0036779416259378195,1.0,1.0,0.0,0.0,0.0,268,35.66464614868164,fresh_online_exploration,6,6
109344,7,1.0043443441390991,1.0043443441390991,1.005622148513794,0.0012777491938322783,1.0,1.0,0.0,0.0,0.0,271,35.8280029296875,fresh_online_exploration,6,6
109536,76,1.0032391548156738,1.0032391548156738,1.0044918060302734,0.0012527058133855462,1.0,1.0,0.0,0.0,0.0,269,35.742469787597656,fresh_online_exploration,6,6
109632,83,0.014224376529455185,0.014224376529455185,0.018784236162900925,0.0045598591677844524,0.014224376529455185,0.0,0.0,1.0,1.0,600,1.364206314086914,fresh_online_exploration,4,6
109632,93,1.0054162740707397,1.0054162740707397,1.0062108039855957,0.0007944278768263757,1.0,1.0,0.0,0.0,0.0,272,35.871337890625,fresh_online_exploration,6,6
109728,22,0.043371133506298065,0.04256324842572212,0.05271259322762489,0.01014934852719307,0.04256324842572212,0.0,0.0,1.0,1.0,600,1.9400972127914429,fresh_online_exploration,4,6
121440,46,1.001057505607605,1.001057505607605,1.0090136528015137,0.007956107147037983,1.0,1.0,0.0,0.0,0.0,266,35.609046936035156,fresh_online_exploration,6,8
123360,53,1.0022730827331543,1.0022730827331543,1.003614068031311,0.0013409847160801291,1.0,1.0,0.0,0.0,0.0,268,35.671470642089844,fresh_online_exploration,6,8
126720,90,1.0027413368225098,1.0027413368225098,1.0027730464935303,3.17521917168051e-05,1.0,1.0,0.0,0.0,0.0,266,35.63468933105469,fresh_online_exploration,6,8
127008,6,1.003126859664917,1.003126859664917,1.0050044059753418,0.0018774744821712375,1.0,1.0,0.0,0.0,0.0,266,35.6419677734375,fresh_online_exploration,6,8
127392,29,1.003842830657959,1.003842830657959,1.003908634185791,6.579400360351428e-05,1.0,1.0,0.0,0.0,0.0,268,35.64931106567383,fresh_online_exploration,6,8
127584,64,1.0009102821350098,1.0009102821350098,1.0015041828155518,0.0005939977127127349,1.0,1.0,0.0,0.0,0.0,269,35.6960334777832,fresh_online_exploration,6,8
127776,11,1.0009433031082153,1.0009433031082153,1.0029823780059814,0.0020390721037983894,1.0,1.0,0.0,0.0,0.0,266,35.641666412353516,fresh_online_exploration,6,8
127872,57,1.0029675960540771,1.0029675960540771,1.0051897764205933,0.0022221514955163,1.0,1.0,0.0,0.0,0.0,268,35.740203857421875,fresh_online_exploration,6,8
127968,1,1.0035858154296875,1.0035858154296875,1.023421049118042,0.019835099577903748,1.0,1.0,0.0,0.0,0.0,266,35.70335388183594,fresh_online_exploration,6,8
127968,72,1.0053777694702148,1.0053777694702148,1.0077717304229736,0.00239394698292017,1.0,1.0,0.0,0.0,0.0,267,35.664215087890625,fresh_online_exploration,6,8
128064,69,1.0027669668197632,1.0027669668197632,1.0054770708084106,0.002710104687139392,1.0,1.0,0.0,0.0,0.0,268,35.70415496826172,fresh_online_exploration,6,8
128064,87,1.0045779943466187,1.0045779943466187,1.0049118995666504,0.0003338733804412186,1.0,1.0,0.0,0.0,0.0,268,35.7275390625,fresh_online_exploration,6,8
128160,9,1.0005298852920532,1.0005298852920532,1.0068342685699463,0.006304272450506687,1.0,1.0,0.0,0.0,0.0,269,35.68471908569336,fresh_online_exploration,6,8
128160,43,1.0022428035736084,1.0022428035736084,1.0081417560577393,0.005898809991776943,1.0,1.0,0.0,0.0,0.0,265,35.688934326171875,fresh_online_exploration,6,8
128256,62,1.0007649660110474,1.0007649660110474,1.02339506149292,0.0226301122456789,1.0,1.0,0.0,0.0,0.0,267,35.56828308105469,fresh_online_exploration,6,8
128256,86,1.0006848573684692,1.0006848573684692,1.0106959342956543,0.010011033155024052,1.0,1.0,0.0,0.0,0.0,263,35.471168518066406,fresh_online_exploration,6,8
128352,23,1.0036201477050781,1.0036201477050781,1.003714680671692,9.455560211790726e-05,1.0,1.0,0.0,0.0,0.0,268,35.73236846923828,fresh_online_exploration,6,8
128352,30,1.0008044242858887,1.0008044242858887,1.0008809566497803,7.655827357666567e-05,1.0,1.0,0.0,0.0,0.0,264,35.56528854370117,fresh_online_exploration,6,8
128448,80,1.0042014122009277,1.0042014122009277,1.0076828002929688,0.003481304505839944,1.0,1.0,0.0,0.0,0.0,266,35.69822692871094,fresh_online_exploration,6,8
128448,84,1.001610279083252,1.001610279083252,1.017086386680603,0.015476069413125515,1.0,1.0,0.0,0.0,0.0,267,35.61981964111328,fresh_online_exploration,6,8
128544,52,1.003482699394226,1.003482699394226,1.0068435668945312,0.0033608723897486925,1.0,1.0,0.0,0.0,0.0,266,35.66645431518555,fresh_online_exploration,6,8
128544,67,1.003495693206787,1.003495693206787,1.007755994796753,0.004260408692061901,1.0,1.0,0.0,0.0,0.0,267,35.73076248168945,fresh_online_exploration,6,8
128544,89,1.0053380727767944,1.0053380727767944,1.0088262557983398,0.0034881453029811382,1.0,1.0,0.0,0.0,0.0,268,35.78196334838867,fresh_online_exploration,6,8
128640,4,1.0012542009353638,1.0012542009353638,1.0028483867645264,0.001594133791513741,1.0,1.0,0.0,0.0,0.0,269,35.702239990234375,fresh_online_exploration,6,8
128640,34,1.001387357711792,1.001387357711792,1.0014339685440063,4.660272315959446e-05,1.0,1.0,0.0,0.0,0.0,269,35.67453384399414,fresh_online_exploration,6,8
128640,44,1.0024397373199463,1.0024397373199463,1.0046491622924805,0.0022094142623245716,1.0,1.0,0.0,0.0,0.0,268,35.684444427490234,fresh_online_exploration,6,8
128640,45,1.0041650533676147,1.0041650533676147,1.0046124458312988,0.00044732968672178686,1.0,1.0,0.0,0.0,0.0,269,35.72686767578125,fresh_online_exploration,6,8
128640,56,1.0052231550216675,1.0052231550216675,1.0066454410552979,0.0014222313184291124,1.0,1.0,0.0,0.0,0.0,268,35.77103042602539,fresh_online_exploration,6,8
128640,66,1.00538170337677,1.00538170337677,1.0055255889892578,0.00014394572644960135,1.0,1.0,0.0,0.0,0.0,267,35.70811080932617,fresh_online_exploration,6,8
128736,3,1.0041776895523071,1.0041776895523071,1.0045456886291504,0.0003679963410831988,1.0,1.0,0.0,0.0,0.0,270,35.835105895996094,fresh_online_exploration,6,8
128736,8,1.0033279657363892,1.0033279657363892,1.0099785327911377,0.006650571711361408,1.0,1.0,0.0,0.0,0.0,269,35.6695671081543,fresh_online_exploration,6,8
128736,12,1.000423550605774,1.000423550605774,1.0004503726959229,2.6835143216885626e-05,1.0,1.0,0.0,0.0,0.0,268,35.65294647216797,fresh_online_exploration,6,8
128736,28,1.0012716054916382,1.0012716054916382,1.008592128753662,0.007320365868508816,1.0,1.0,0.0,0.0,0.0,268,35.67610549926758,fresh_online_exploration,6,8
128736,42,1.001427412033081,1.001427412033081,1.0015813112258911,0.0001538971409900114,1.0,1.0,0.0,0.0,0.0,271,35.737060546875,fresh_online_exploration,6,8
128736,78,1.0020763874053955,1.0020763874053955,1.002339243888855,0.00026284990599378943,1.0,1.0,0.0,0.0,0.0,268,35.72533416748047,fresh_online_exploration,6,8
128832,38,1.0023425817489624,1.0023425817489624,1.004875659942627,0.0025330958887934685,1.0,1.0,0.0,0.0,0.0,269,35.66505432128906,fresh_online_exploration,6,8
128832,39,1.005383014678955,1.005383014678955,1.0089772939682007,0.003594272304326296,1.0,1.0,0.0,0.0,0.0,270,35.81660461425781,fresh_online_exploration,6,8
128832,48,1.0024102926254272,1.0024102926254272,1.0053919553756714,0.002981646917760372,1.0,1.0,0.0,0.0,0.0,267,35.65456771850586,fresh_online_exploration,6,8
128832,61,1.0037388801574707,1.0037388801574707,1.0039467811584473,0.00020780632621608675,1.0,1.0,0.0,0.0,0.0,268,35.73182678222656,fresh_online_exploration,6,8
128832,70,1.0053277015686035,1.0053277015686035,1.0096714496612549,0.004343635402619839,1.0,1.0,0.0,0.0,0.0,269,35.76471710205078,fresh_online_exploration,6,8
128928,15,1.0054343938827515,1.0054343938827515,1.0057604312896729,0.0003259479708503932,1.0,1.0,0.0,0.0,0.0,269,35.81565856933594,fresh_online_exploration,6,8
128928,27,1.0048714876174927,1.0048714876174927,1.0050978660583496,0.00022634555352851748,1.0,1.0,0.0,0.0,0.0,269,35.76148223876953,fresh_online_exploration,6,8
128928,59,1.0023683309555054,1.0023683309555054,1.0026816129684448,0.0003133121063001454,1.0,1.0,0.0,0.0,0.0,268,35.690345764160156,fresh_online_exploration,6,8
128928,63,1.0047214031219482,1.0047214031219482,1.006859302520752,0.002138000214472413,1.0,1.0,0.0,0.0,0.0,268,35.72370529174805,fresh_online_exploration,6,8
128928,71,1.0010313987731934,1.0010313987731934,1.0107903480529785,0.009758986532688141,1.0,1.0,0.0,0.0,0.0,268,35.63837432861328,fresh_online_exploration,6,8
128928,91,1.000052571296692,1.000052571296692,1.0043696165084839,0.004317027051001787,1.0,1.0,0.0,0.0,0.0,269,35.68806076049805,fresh_online_exploration,6,8
129024,54,1.0040745735168457,1.0040745735168457,1.004120111465454,4.5439679524861276e-05,1.0,1.0,0.0,0.0,0.0,270,35.78361511230469,fresh_online_exploration,6,8
129024,94,1.000259518623352,1.000259518623352,1.0003033876419067,4.3866421037819237e-05,1.0,1.0,0.0,0.0,0.0,269,35.611534118652344,fresh_online_exploration,6,8
129120,33,1.0013171434402466,1.0013171434402466,1.0043177604675293,0.003000645898282528,1.0,1.0,0.0,0.0,0.0,268,35.745201110839844,fresh_online_exploration,6,8
129120,37,1.0044958591461182,1.0044958591461182,1.0081868171691895,0.003690998302772641,1.0,1.0,0.0,0.0,0.0,269,35.763580322265625,fresh_online_exploration,6,8
129120,49,1.0047566890716553,1.0047566890716553,1.0048730373382568,0.00011637202987913042,1.0,1.0,0.0,0.0,0.0,270,35.819190979003906,fresh_online_exploration,6,8
129120,79,1.004995584487915,1.004995584487915,1.008185625076294,0.0031899926252663136,1.0,1.0,0.0,0.0,0.0,268,35.77293395996094,fresh_online_exploration,6,8
129216,0,1.0057796239852905,1.0057796239852905,1.0101850032806396,0.0044053466990590096,1.0,1.0,0.0,0.0,0.0,270,35.77900314331055,fresh_online_exploration,6,8
129216,40,1.0037593841552734,1.0037593841552734,1.0050528049468994,0.001293440698646009,1.0,1.0,0.0,0.0,0.0,269,35.74858093261719,fresh_online_exploration,6,8
129216,41,1.0046758651733398,1.0046758651733398,1.0124826431274414,0.007806792389601469,1.0,1.0,0.0,0.0,0.0,271,35.79673385620117,fresh_online_exploration,6,8
129216,74,1.002893090248108,1.002893090248108,1.003026008605957,0.00013286789180710912,1.0,1.0,0.0,0.0,0.0,269,35.732364654541016,fresh_online_exploration,6,8
129216,88,1.0040136575698853,1.0040136575698853,1.0040249824523926,1.1434459338488523e-05,1.0,1.0,0.0,0.0,0.0,270,35.749290466308594,fresh_online_exploration,6,8
129312,10,1.0053434371948242,1.0053434371948242,1.0060269832611084,0.0006836202228441834,1.0,1.0,0.0,0.0,0.0,269,35.764305114746094,fresh_online_exploration,6,8
129312,35,1.0040630102157593,1.0040630102157593,1.0043226480484009,0.0002596707781776786,1.0,1.0,0.0,0.0,0.0,272,35.848392486572266,fresh_online_exploration,6,8
129312,82,1.0051438808441162,1.0051438808441162,1.0052895545959473,0.00014560151612386107,1.0,1.0,0.0,0.0,0.0,268,35.729896545410156,fresh_online_exploration,6,8
129408,14,1.0026005506515503,1.0026005506515503,1.0026211738586426,2.0541036064969376e-05,1.0,1.0,0.0,0.0,0.0,269,35.730384826660156,fresh_online_exploration,6,8
129408,16,1.0033513307571411,1.0033513307571411,1.0059542655944824,0.002602929947897792,1.0,1.0,0.0,0.0,0.0,271,35.774871826171875,fresh_online_exploration,6,8
129408,36,1.0035264492034912,1.0035264492034912,1.0036227703094482,9.637707262299955e-05,1.0,1.0,0.0,0.0,0.0,270,35.8134651184082,fresh_online_exploration,6,8
129408,68,1.0054700374603271,1.0054700374603271,1.0054913759231567,2.133415182470344e-05,1.0,1.0,0.0,0.0,0.0,269,35.72345733642578,fresh_online_exploration,6,8
129408,73,1.0009881258010864,1.0009881258010864,1.0011699199676514,0.00018169610120821744,1.0,1.0,0.0,0.0,0.0,269,35.700260162353516,fresh_online_exploration,6,8
129504,13,1.0044342279434204,1.0044342279434204,1.0051279067993164,0.0006936112185940146,1.0,1.0,0.0,0.0,0.0,269,35.75069808959961,fresh_online_exploration,6,8
129696,75,1.003257393836975,1.003257393836975,1.0034549236297607,0.00019749635248444974,1.0,1.0,0.0,0.0,0.0,272,35.79636764526367,fresh_online_exploration,6,8
129888,81,1.001818060874939,1.001818060874939,1.0184102058410645,0.01659207046031952,1.0,1.0,0.0,0.0,0.0,269,35.69606018066406,fresh_online_exploration,6,8
129984,26,1.0049220323562622,1.0049220323562622,1.0082000494003296,0.003277998883277178,1.0,1.0,0.0,0.0,0.0,272,35.84493637084961,fresh_online_exploration,6,8
129984,47,1.0024722814559937,1.0024722814559937,1.0026187896728516,0.00014650783850811422,1.0,1.0,0.0,0.0,0.0,270,35.760250091552734,fresh_online_exploration,6,8
130368,5,1.001933217048645,1.001933217048645,1.001953125,1.9835515558952466e-05,1.0,1.0,0.0,0.0,0.0,274,35.859466552734375,fresh_online_exploration,6,9
130464,65,1.00362229347229,1.00362229347229,1.0081658363342285,0.0045435745269060135,1.0,1.0,0.0,0.0,0.0,272,35.79917526245117,fresh_online_exploration,6,9
134112,51,0.03858855739235878,0.0003113732091151178,0.06345731019973755,0.06314592063426971,0.0003113732091151178,0.0,1.0,1.0,1.0,600,1.1233766078948975,fresh_online_exploration,6,9
134304,25,1.0024746656417847,1.0024746656417847,1.0024936199188232,1.9005507056135684e-05,1.0,1.0,0.0,0.0,0.0,264,35.57551574707031,fresh_online_exploration,6,9
134400,77,1.0023317337036133,1.0023317337036133,1.0035531520843506,0.001221418846398592,1.0,1.0,0.0,0.0,0.0,267,35.69095993041992,fresh_online_exploration,6,9
134496,50,1.004684567451477,1.004684567451477,1.0085480213165283,0.003863433375954628,1.0,1.0,0.0,0.0,0.0,267,35.64580535888672,fresh_online_exploration,6,9
134976,18,1.0018270015716553,1.0018270015716553,1.0087604522705078,0.006933412980288267,1.0,1.0,0.0,0.0,0.0,269,35.714630126953125,fresh_online_exploration,6,9
134976,31,0.02877909503877163,0.02877909503877163,0.030453016981482506,0.0016739204293116927,0.02877909503877163,0.0,0.0,1.0,1.0,600,1.6356500387191772,fresh_online_exploration,6,9
134976,32,0.005979506298899651,7.037909810492238e-09,0.009040802717208862,0.009040804579854012,7.037909810492238e-09,0.0,0.0,1.0,1.0,600,1.0561988353729248,fresh_online_exploration,6,9
134976,55,0.020763739943504333,0.012859380804002285,0.0281141996383667,0.015254822559654713,0.012859380804002285,0.0,0.0,1.0,1.0,600,1.3521628379821777,fresh_online_exploration,6,9
135264,58,1.004564642906189,1.004564642906189,1.004575490951538,1.0735347132140305e-05,1.0,1.0,0.0,0.0,0.0,271,35.805931091308594,fresh_online_exploration,6,9
135552,22,1.0060698986053467,1.0060698986053467,1.006103277206421,3.341820411151275e-05,1.0,1.0,0.0,0.0,0.0,269,35.76847839355469,fresh_online_exploration,6,9
135552,76,1.0009799003601074,1.0009799003601074,1.0010755062103271,9.564647189108655e-05,1.0,1.0,0.0,0.0,0.0,271,35.800479888916016,fresh_online_exploration,6,9
135744,93,1.0029492378234863,1.0029492378234863,1.003312349319458,0.0003631810541264713,1.0,1.0,0.0,0.0,0.0,272,35.81560516357422,fresh_online_exploration,6,9
135840,83,1.0007747411727905,1.0007747411727905,1.0027763843536377,0.0020015574991703033,1.0,1.0,0.0,0.0,0.0,273,35.790374755859375,fresh_online_exploration,6,9
140448,2,0.03894047439098358,0.03894047439098358,0.041286401450634,0.0023459268268197775,0.03894047439098358,0.0,0.0,1.0,1.0,600,1.8537834882736206,fresh_online_exploration,6,9
140832,19,0.03890129551291466,0.032096244394779205,0.044085707515478134,0.011989458464086056,0.032096244394779205,0.0,0.0,1.0,1.0,600,1.7251272201538086,fresh_online_exploration,6,9
141120,20,0.027002902701497078,7.708339744283421e-09,0.02701415866613388,0.02701416239142418,7.708339744283421e-09,0.0,0.0,1.0,1.0,600,1.0543577671051025,fresh_online_exploration,6,9
141120,92,0.018305134028196335,0.012157670222222805,0.024086467921733856,0.011928798630833626,0.012157670222222805,0.0,0.0,1.0,1.0,600,1.338792085647583,fresh_online_exploration,6,9
147360,46,1.0035452842712402,1.0035452842712402,1.0094273090362549,0.0058819311670959,1.0,1.0,0.0,0.0,0.0,270,35.7138786315918,fresh_online_exploration,8,9
149376,53,1.0052038431167603,1.0052038431167603,1.0084381103515625,0.003234265139326453,1.0,1.0,0.0,0.0,0.0,271,35.8515739440918,fresh_online_exploration,8,9
152064,90,1.0014228820800781,1.0014228820800781,1.003729224205017,0.0023063821718096733,1.0,1.0,0.0,0.0,0.0,264,35.539859771728516,fresh_online_exploration,8,10
152256,6,1.0014886856079102,1.0014886856079102,1.001500129699707,1.1515006008266937e-05,1.0,1.0,0.0,0.0,0.0,263,35.511138916015625,fresh_online_exploration,8,10
153024,29,1.000470519065857,1.000470519065857,1.0008442401885986,0.0003736988001037389,1.0,1.0,0.0,0.0,0.0,267,35.607147216796875,fresh_online_exploration,8,10
153312,64,1.0032256841659546,1.0032256841659546,1.0265334844589233,0.023307863622903824,1.0,1.0,0.0,0.0,0.0,268,35.63526153564453,fresh_online_exploration,8,10
153408,69,1.000966191291809,1.000966191291809,1.0038998126983643,0.002933672396466136,1.0,1.0,0.0,0.0,0.0,264,35.60540771484375,fresh_online_exploration,8,10
153504,11,1.0020809173583984,1.0020809173583984,1.0048415660858154,0.0027607285883277655,1.0,1.0,0.0,0.0,0.0,268,35.69521713256836,fresh_online_exploration,8,10
153504,87,1.0023870468139648,1.0023870468139648,1.0024709701538086,8.390371658606455e-05,1.0,1.0,0.0,0.0,0.0,265,35.6126594543457,fresh_online_exploration,8,10
153696,57,1.0011842250823975,1.0011842250823975,1.0048301219940186,0.003645804012194276,1.0,1.0,0.0,0.0,0.0,269,35.72114562988281,fresh_online_exploration,8,10
153792,1,1.0038131475448608,1.0038131475448608,1.0039706230163574,0.000157438829774037,1.0,1.0,0.0,0.0,0.0,269,35.75967025756836,fresh_online_exploration,8,10
153792,23,1.003199815750122,1.003199815750122,1.0076457262039185,0.004445886705070734,1.0,1.0,0.0,0.0,0.0,265,35.647743225097656,fresh_online_exploration,8,10
153888,9,1.006134033203125,1.006134033203125,1.0090090036392212,0.00287492829374969,1.0,1.0,0.0,0.0,0.0,268,35.76846694946289,fresh_online_exploration,8,10
153888,43,1.0038459300994873,1.0038459300994873,1.005751609802246,0.001905746408738196,1.0,1.0,0.0,0.0,0.0,268,35.7287712097168,fresh_online_exploration,8,10
153888,62,1.0050203800201416,1.0050203800201416,1.0051692724227905,0.00014891424507368356,1.0,1.0,0.0,0.0,0.0,267,35.73744583129883,fresh_online_exploration,8,10
153888,72,1.0025243759155273,1.0025243759155273,1.0025360584259033,1.1747317330446094e-05,1.0,1.0,0.0,0.0,0.0,270,35.73773193359375,fresh_online_exploration,8,10
153888,86,1.0026535987854004,1.0026535987854004,1.0028777122497559,0.00022413543774746358,1.0,1.0,0.0,0.0,0.0,267,35.65494155883789,fresh_online_exploration,8,10
153888,89,1.0031545162200928,1.0031545162200928,1.0032199621200562,6.542375922435895e-05,1.0,1.0,0.0,0.0,0.0,264,35.64376449584961,fresh_online_exploration,8,10
154080,67,1.004389762878418,1.004389762878418,1.0046098232269287,0.00021996993746142834,1.0,1.0,0.0,0.0,0.0,266,35.68780517578125,fresh_online_exploration,8,10
154176,80,1.0023083686828613,1.0023083686828613,1.0056424140930176,0.0033340647350996733,1.0,1.0,0.0,0.0,0.0,268,35.70669174194336,fresh_online_exploration,8,10
154176,84,1.002881646156311,1.002881646156311,1.0030171871185303,0.00013559823855757713,1.0,1.0,0.0,0.0,0.0,268,35.698875427246094,fresh_online_exploration,8,10
154272,12,1.0040926933288574,1.0040926933288574,1.004103422164917,1.0786772691062652e-05,1.0,1.0,0.0,0.0,0.0,266,35.69807434082031,fresh_online_exploration,8,10
154272,30,1.0044435262680054,1.0044435262680054,1.00590181350708,0.0014581962022930384,1.0,1.0,0.0,0.0,0.0,270,35.795310974121094,fresh_online_exploration,8,10
154272,66,1.0043340921401978,1.0043340921401978,1.008751392364502,0.0044174049980938435,1.0,1.0,0.0,0.0,0.0,267,35.72526931762695,fresh_online_exploration,8,10
154368,4,1.0050386190414429,1.0050386190414429,1.0058897733688354,0.000851163174957037,1.0,1.0,0.0,0.0,0.0,268,35.77071762084961,fresh_online_exploration,8,10
154368,34,1.0037776231765747,1.0037776231765747,1.0037891864776611,1.1567456567718182e-05,1.0,1.0,0.0,0.0,0.0,268,35.67467498779297,fresh_online_exploration,8,10
154464,42,1.001835584640503,1.001835584640503,1.0021727085113525,0.00033717986661940813,1.0,1.0,0.0,0.0,0.0,268,35.68559265136719,fresh_online_exploration,8,10
154464,44,1.0059975385665894,1.0059975385665894,1.0060083866119385,1.0796942660817876e-05,1.0,1.0,0.0,0.0,0.0,269,35.76900863647461,fresh_online_exploration,8,10
154464,45,1.003708839416504,1.003708839416504,1.0037345886230469,2.585125548648648e-05,1.0,1.0,0.0,0.0,0.0,269,35.72760772705078,fresh_online_exploration,8,10
154464,56,1.0043666362762451,1.0043666362762451,1.0045318603515625,0.00016512336151208729,1.0,1.0,0.0,0.0,0.0,269,35.76715850830078,fresh_online_exploration,8,10
154560,8,1.0021421909332275,1.0021421909332275,1.00277578830719,0.000633563962765038,1.0,1.0,0.0,0.0,0.0,269,35.68044662475586,fresh_online_exploration,8,10
154560,38,1.0035254955291748,1.0035254955291748,1.0035369396209717,1.1366587386874016e-05,1.0,1.0,0.0,0.0,0.0,268,35.70437240600586,fresh_online_exploration,8,10
154560,39,1.0050575733184814,1.0050575733184814,1.0051758289337158,0.00011820760846603662,1.0,1.0,0.0,0.0,0.0,268,35.74043655395508,fresh_online_exploration,8,10
154560,48,1.0010179281234741,1.0010179281234741,1.0010285377502441,1.064546358975349e-05,1.0,1.0,0.0,0.0,0.0,268,35.67469024658203,fresh_online_exploration,8,10
154560,52,1.0054526329040527,1.0054526329040527,1.0063331127166748,0.0008804965764284134,1.0,1.0,0.0,0.0,0.0,271,35.82114028930664,fresh_online_exploration,8,10
154560,54,1.0043308734893799,1.0043308734893799,1.0046110153198242,0.0002801467780955136,1.0,1.0,0.0,0.0,0.0,266,35.67410659790039,fresh_online_exploration,8,10
154560,61,1.0034775733947754,1.0034775733947754,1.0036512613296509,0.00017372917500324547,1.0,1.0,0.0,0.0,0.0,268,35.7423095703125,fresh_online_exploration,8,10
154560,71,1.0042273998260498,1.0042273998260498,1.004502534866333,0.00027520256116986275,1.0,1.0,0.0,0.0,0.0,267,35.70651626586914,fresh_online_exploration,8,10
154560,78,1.005740761756897,1.005740761756897,1.0058143138885498,7.360074232565239e-05,1.0,1.0,0.0,0.0,0.0,269,35.79376220703125,fresh_online_exploration,8,10
154656,28,1.0016543865203857,1.0016543865203857,1.009087324142456,0.007432898506522179,1.0,1.0,0.0,0.0,0.0,270,35.68903732299805,fresh_online_exploration,8,10
154656,37,1.0044664144515991,1.0044664144515991,1.0045557022094727,8.931909542297944e-05,1.0,1.0,0.0,0.0,0.0,266,35.677181243896484,fresh_online_exploration,8,10
154656,70,1.0023515224456787,1.0023515224456787,1.003002405166626,0.0006509030936285853,1.0,1.0,0.0,0.0,0.0,269,35.7069091796875,fresh_online_exploration,8,10
154656,94,1.0004501342773438,1.0004501342773438,1.003692388534546,0.0032421585638076067,1.0,1.0,0.0,0.0,0.0,267,35.572654724121094,fresh_online_exploration,8,10
154752,15,1.0046873092651367,1.0046873092651367,1.005014419555664,0.00032718994771130383,1.0,1.0,0.0,0.0,0.0,269,35.79016876220703,fresh_online_exploration,8,10
154752,59,1.005866289138794,1.005866289138794,1.0059778690338135,0.00011147852637805045,1.0,1.0,0.0,0.0,0.0,269,35.78462219238281,fresh_online_exploration,8,10
154752,63,1.0046466588974,1.0046466588974,1.0050380229949951,0.00039132239180617034,1.0,1.0,0.0,0.0,0.0,269,35.741554260253906,fresh_online_exploration,8,10
154848,40,1.0014808177947998,1.0014808177947998,1.0017120838165283,0.00023127874010242522,1.0,1.0,0.0,0.0,0.0,267,35.6505012512207,fresh_online_exploration,8,10
154848,91,1.0058293342590332,1.0058293342590332,1.0060971975326538,0.00026786301168613136,1.0,1.0,0.0,0.0,0.0,270,35.81943130493164,fresh_online_exploration,8,10
154944,3,1.0025317668914795,1.0025317668914795,1.0028026103973389,0.00027077915729023516,1.0,1.0,0.0,0.0,0.0,273,35.816001892089844,fresh_online_exploration,8,10
154944,27,1.003294587135315,1.003294587135315,1.0033538341522217,5.930456973146647e-05,1.0,1.0,0.0,0.0,0.0,271,35.816612243652344,fresh_online_exploration,8,10
154944,49,1.0002492666244507,1.0002492666244507,1.0007131099700928,0.0004638537357095629,1.0,1.0,0.0,0.0,0.0,269,35.70447540283203,fresh_online_exploration,8,10
155040,0,1.000339388847351,1.000339388847351,1.0038318634033203,0.0034924945794045925,1.0,1.0,0.0,0.0,0.0,269,35.700599670410156,fresh_online_exploration,8,10
155040,35,1.0001366138458252,1.0001366138458252,1.0002394914627075,0.00010286507313139737,1.0,1.0,0.0,0.0,0.0,268,35.66197967529297,fresh_online_exploration,8,10
155040,79,1.0032317638397217,1.0032317638397217,1.003383994102478,0.00015226290270220488,1.0,1.0,0.0,0.0,0.0,270,35.78759765625,fresh_online_exploration,8,10
155040,82,1.0035624504089355,1.0035624504089355,1.003684163093567,0.00012172442075097933,1.0,1.0,0.0,0.0,0.0,268,35.70177459716797,fresh_online_exploration,8,10
155136,33,1.0032166242599487,1.0032166242599487,1.003237247467041,2.056741141132079e-05,1.0,1.0,0.0,0.0,0.0,271,35.80509948730469,fresh_online_exploration,8,10
155136,41,1.002363920211792,1.002363920211792,1.0024912357330322,0.0001274281821679324,1.0,1.0,0.0,0.0,0.0,270,35.67057800292969,fresh_online_exploration,8,10
155136,88,1.0050452947616577,1.0050452947616577,1.0080127716064453,0.0029673839453607798,1.0,1.0,0.0,0.0,0.0,270,35.784019470214844,fresh_online_exploration,8,10
155232,10,1.004905104637146,1.004905104637146,1.010985255241394,0.006080172955989838,1.0,1.0,0.0,0.0,0.0,270,35.74739074707031,fresh_online_exploration,8,10
155232,73,1.0014355182647705,1.0014355182647705,1.0016257762908936,0.00019033721764571965,1.0,1.0,0.0,0.0,0.0,269,35.67980194091797,fresh_online_exploration,8,10
155232,74,1.0034244060516357,1.0034244060516357,1.00368070602417,0.0002562924346420914,1.0,1.0,0.0,0.0,0.0,271,35.82916259765625,fresh_online_exploration,8,10
155328,16,1.0049610137939453,1.0049610137939453,1.0056440830230713,0.0006831271457485855,1.0,1.0,0.0,0.0,0.0,270,35.807106018066406,fresh_online_exploration,8,10
155424,13,1.0025707483291626,1.0025707483291626,1.0027554035186768,0.00018459864077158272,1.0,1.0,0.0,0.0,0.0,270,35.73814010620117,fresh_online_exploration,8,10
155424,14,1.0000090599060059,1.0000090599060059,1.0023016929626465,0.0022926703095436096,1.0,1.0,0.0,0.0,0.0,271,35.78477478027344,fresh_online_exploration,8,10
155424,68,1.000764012336731,1.000764012336731,1.0008656978607178,0.0001016210881061852,1.0,1.0,0.0,0.0,0.0,271,35.692142486572266,fresh_online_exploration,8,10
155712,75,1.004048466682434,1.004048466682434,1.004152774810791,0.00010420587204862386,1.0,1.0,0.0,0.0,0.0,271,35.79538345336914,fresh_online_exploration,8,10
155808,81,1.0025866031646729,1.0025866031646729,1.0028138160705566,0.00022724902373738587,1.0,1.0,0.0,0.0,0.0,270,35.777225494384766,fresh_online_exploration,8,10
156000,26,1.0048038959503174,1.0048038959503174,1.0099512338638306,0.0051473150961101055,1.0,1.0,0.0,0.0,0.0,271,35.838294982910156,fresh_online_exploration,8,10
156096,47,1.0022448301315308,1.0022448301315308,1.002480387687683,0.00023554533254355192,1.0,1.0,0.0,0.0,0.0,272,35.78693389892578,fresh_online_exploration,8,10
156384,5,1.0026088953018188,1.0026088953018188,1.002633810043335,2.494364343874622e-05,1.0,1.0,0.0,0.0,0.0,271,35.788394927978516,fresh_online_exploration,9,10
156576,65,1.0050756931304932,1.0050756931304932,1.012953281402588,0.007877799682319164,1.0,1.0,0.0,0.0,0.0,272,35.85663986206055,fresh_online_exploration,9,10
159648,51,1.0028102397918701,1.0028102397918701,1.0080255270004272,0.005215248558670282,1.0,1.0,0.0,0.0,0.0,266,35.705078125,fresh_online_exploration,9,10
159936,95,0.11239687353372574,0.11239687353372574,0.11521252244710922,0.00281564611941576,0.11239687353372574,0.0,0.0,1.0,1.0,600,3.3304758071899414,fresh_online_exploration,6,10
160032,25,1.0029436349868774,1.0029436349868774,1.0029878616333008,4.4216474634595215e-05,1.0,1.0,0.0,0.0,0.0,268,35.72151184082031,fresh_online_exploration,9,10
160224,21,0.04544442147016525,0.005299861542880535,0.058697640895843506,0.053397782146930695,0.005299861542880535,0.0,1.0,1.0,1.0,600,1.2107702493667603,fresh_online_exploration,6,11
160512,32,1.0000584125518799,1.0000584125518799,1.0003447532653809,0.00028635168564505875,1.0,1.0,0.0,0.0,0.0,266,35.618160247802734,fresh_online_exploration,9,11
160608,18,1.0035502910614014,1.0035502910614014,1.0037026405334473,0.00015240247012116015,1.0,1.0,0.0,0.0,0.0,267,35.7151985168457,fresh_online_exploration,9,11
160896,31,1.0052815675735474,1.0052815675735474,1.0084173679351807,0.003135820385068655,1.0,1.0,0.0,0.0,0.0,270,35.761207580566406,fresh_online_exploration,9,11
160896,55,1.001529574394226,1.001529574394226,1.0019912719726562,0.0004616155638359487,1.0,1.0,0.0,0.0,0.0,270,35.76734924316406,fresh_online_exploration,9,11
161184,58,1.0045641660690308,1.0045641660690308,1.0045802593231201,1.605476973054465e-05,1.0,1.0,0.0,0.0,0.0,270,35.778568267822266,fresh_online_exploration,9,11
161472,60,0.022122390568256378,0.008142733946442604,0.02469191700220108,0.016549184918403625,0.008142733946442604,0.0,0.0,1.0,1.0,600,1.270514726638794,fresh_online_exploration,6,11
161472,93,1.0040767192840576,1.0040767192840576,1.0043962001800537,0.000319466256769374,1.0,1.0,0.0,0.0,0.0,268,35.727970123291016,fresh_online_exploration,9,11
161568,76,1.00002920627594,1.00002920627594,1.0000529289245605,2.3687725843046792e-05,1.0,1.0,0.0,0.0,0.0,271,35.71747970581055,fresh_online_exploration,9,11
161664,22,1.0051995515823364,1.0051995515823364,1.0061463117599487,0.0009467374184168875,1.0,1.0,0.0,0.0,0.0,272,35.94856262207031,fresh_online_exploration,9,11
161856,83,1.0015602111816406,1.0015602111816406,1.0025389194488525,0.0009787126909941435,1.0,1.0,0.0,0.0,0.0,271,35.7470588684082,fresh_online_exploration,9,11
166368,2,1.0027685165405273,1.0027685165405273,1.0028352737426758,6.679633952444419e-05,1.0,1.0,0.0,0.0,0.0,270,35.79198455810547,fresh_online_exploration,9,11
166464,17,0.028187327086925507,0.005851456429809332,0.031089143827557564,0.025237686932086945,0.005851456429809332,0.0,0.0,1.0,1.0,600,1.218692421913147,fresh_online_exploration,6,11
166656,20,1.0051549673080444,1.0051549673080444,1.0060827732086182,0.0009278015932068229,1.0,1.0,0.0,0.0,0.0,266,35.67795181274414,fresh_online_exploration,9,11
166656,24,0.0008720612968318164,2.5275503912070008e-09,0.0008814501925371587,0.0008814477478154004,2.5275503912070008e-09,0.0,0.0,1.0,1.0,600,1.064313530921936,fresh_online_exploration,6,11
166656,85,0.00030589537345804274,2.89477553039319e-09,0.0003154684673063457,0.00031546561513096094,2.89477553039319e-09,0.0,0.0,1.0,1.0,600,1.0700470209121704,fresh_online_exploration,6,11
166656,92,1.0041182041168213,1.0041182041168213,1.0062782764434814,0.00216006301343441,1.0,1.0,0.0,0.0,0.0,266,35.67741775512695,fresh_online_exploration,9,11
166752,19,1.0018819570541382,1.0018819570541382,1.0018904209136963,8.3746663221973e-06,1.0,1.0,0.0,0.0,0.0,270,35.709007263183594,fresh_online_exploration,9,11
166944,7,0.026622401550412178,0.0070287808775901794,0.032824911177158356,0.025796130299568176,0.0070287808775901794,0.0,0.0,1.0,1.0,600,1.2454150915145874,fresh_online_exploration,6,11
171552,46,1.0003647804260254,1.0003647804260254,1.0004700422286987,0.00010526918049436063,1.0,1.0,0.0,0.0,0.0,252,35.25679016113281,fresh_online_exploration,9,12
175392,53,1.0017033815383911,1.0017033815383911,1.0017979145050049,9.460966975893825e-05,1.0,1.0,0.0,0.0,0.0,271,35.80085754394531,fresh_online_exploration,9,12
177600,6,1.0002551078796387,1.0002551078796387,1.000969409942627,0.0007143359398469329,1.0,1.0,0.0,0.0,0.0,264,35.51154327392578,fresh_online_exploration,10,12
177792,90,1.0025336742401123,1.0025336742401123,1.0043126344680786,0.001778929028660059,1.0,1.0,0.0,0.0,0.0,268,35.6683464050293,fresh_online_exploration,10,12
178560,29,1.0000556707382202,1.0000556707382202,1.0002678632736206,0.000212196828215383,1.0,1.0,0.0,0.0,0.0,266,35.54878234863281,fresh_online_exploration,10,12
178752,64,1.0055114030838013,1.0055114030838013,1.005763053894043,0.0002516133536119014,1.0,1.0,0.0,0.0,0.0,265,35.694091796875,fresh_online_exploration,10,12
178944,69,1.0042877197265625,1.0042877197265625,1.0045435428619385,0.00025591591838747263,1.0,1.0,0.0,0.0,0.0,266,35.67991638183594,fresh_online_exploration,10,12
178944,87,1.0007922649383545,1.0007922649383545,1.001009464263916,0.00021716009359806776,1.0,1.0,0.0,0.0,0.0,265,35.59555435180664,fresh_online_exploration,10,12
179040,57,1.0036108493804932,1.0036108493804932,1.0109343528747559,0.007323580328375101,1.0,1.0,0.0,0.0,0.0,264,35.665557861328125,fresh_online_exploration,10,12
179232,86,1.001206398010254,1.001206398010254,1.0013072490692139,0.00010089407442137599,1.0,1.0,0.0,0.0,0.0,264,35.56427764892578,fresh_online_exploration,10,12
179328,11,1.0050286054611206,1.0050286054611206,1.0052045583724976,0.00017591023060958833,1.0,1.0,0.0,0.0,0.0,269,35.758811950683594,fresh_online_exploration,10,12
179328,62,1.0055383443832397,1.0055383443832397,1.0137269496917725,0.008188590407371521,1.0,1.0,0.0,0.0,0.0,265,35.722503662109375,fresh_online_exploration,10,12
179424,1,1.0044169425964355,1.0044169425964355,1.007382869720459,0.0029658873099833727,1.0,1.0,0.0,0.0,0.0,267,35.777809143066406,fresh_online_exploration,10,12
179520,9,1.0054723024368286,1.0054723024368286,1.0056893825531006,0.00021703069796785712,1.0,1.0,0.0,0.0,0.0,267,35.770477294921875,fresh_online_exploration,10,12
179520,23,1.0020103454589844,1.0020103454589844,1.0024824142456055,0.00047211264609359205,1.0,1.0,0.0,0.0,0.0,268,35.693519592285156,fresh_online_exploration,10,12
179520,67,1.0037440061569214,1.0037440061569214,1.0039091110229492,0.0001651427592150867,1.0,1.0,0.0,0.0,0.0,265,35.67979431152344,fresh_online_exploration,10,12
179520,89,1.0000828504562378,1.0000828504562378,1.0038765668869019,0.003793740179389715,1.0,1.0,0.0,0.0,0.0,267,35.62986373901367,fresh_online_exploration,10,12
179616,72,1.0004303455352783,1.0004303455352783,1.0024914741516113,0.0020611595828086138,1.0,1.0,0.0,0.0,0.0,268,35.63086700439453,fresh_online_exploration,10,12
179712,43,1.0017353296279907,1.0017353296279907,1.0052456855773926,0.003510309848934412,1.0,1.0,0.0,0.0,0.0,269,35.716339111328125,fresh_online_exploration,10,12
179712,84,1.00075101852417,1.00075101852417,1.0098216533660889,0.009070617146790028,1.0,1.0,0.0,0.0,0.0,266,35.64629364013672,fresh_online_exploration,10,12
179808,4,1.002501368522644,1.002501368522644,1.0025956630706787,9.420902642887086e-05,1.0,1.0,0.0,0.0,0.0,265,35.645389556884766,fresh_online_exploration,10,12
179808,34,1.0031161308288574,1.0031161308288574,1.0031633377075195,4.724102109321393e-05,1.0,1.0,0.0,0.0,0.0,265,35.62178039550781,fresh_online_exploration,10,12
179904,80,1.0047112703323364,1.0047112703323364,1.0083857774734497,0.0036745863035321236,1.0,1.0,0.0,0.0,0.0,268,35.806427001953125,fresh_online_exploration,10,12
180000,30,1.0044790506362915,1.0044790506362915,1.0046682357788086,0.00018919346621260047,1.0,1.0,0.0,0.0,0.0,268,35.74128723144531,fresh_online_exploration,10,12
180000,44,1.0004632472991943,1.0004632472991943,1.0004762411117554,1.3011448572797235e-05,1.0,1.0,0.0,0.0,0.0,266,35.60603332519531,fresh_online_exploration,10,12
180000,56,1.0029574632644653,1.0029574632644653,1.0030879974365234,0.00013059412594884634,1.0,1.0,0.0,0.0,0.0,266,35.667686462402344,fresh_online_exploration,10,12
180096,12,1.0016387701034546,1.0016387701034546,1.0023161172866821,0.0006773598724976182,1.0,1.0,0.0,0.0,0.0,269,35.7056884765625,fresh_online_exploration,10,13
180096,54,1.0038938522338867,1.0038938522338867,1.008190393447876,0.00429647509008646,1.0,1.0,0.0,0.0,0.0,266,35.62754821777344,fresh_online_exploration,10,13
180192,8,1.0039311647415161,1.0039311647415161,1.0039429664611816,1.1746404197765514e-05,1.0,1.0,0.0,0.0,0.0,267,35.68010711669922,fresh_online_exploration,10,13
180288,38,1.0008479356765747,1.0008479356765747,1.001105785369873,0.0002577475970610976,1.0,1.0,0.0,0.0,0.0,268,35.62266159057617,fresh_online_exploration,10,13
180288,42,1.0034270286560059,1.0034270286560059,1.0036413669586182,0.00021429156186059117,1.0,1.0,0.0,0.0,0.0,269,35.726131439208984,fresh_online_exploration,10,13
180288,45,1.0038511753082275,1.0038511753082275,1.0049333572387695,0.001082244561985135,1.0,1.0,0.0,0.0,0.0,269,35.74097442626953,fresh_online_exploration,10,13
180288,59,1.0032881498336792,1.0032881498336792,1.0075609683990479,0.00427290890365839,1.0,1.0,0.0,0.0,0.0,266,35.658973693847656,fresh_online_exploration,10,13
180288,66,1.0044466257095337,1.0044466257095337,1.0066227912902832,0.002176061039790511,1.0,1.0,0.0,0.0,0.0,271,35.801998138427734,fresh_online_exploration,10,13
180288,71,1.0040640830993652,1.0040640830993652,1.005718469619751,0.0016543653327971697,1.0,1.0,0.0,0.0,0.0,268,35.75787353515625,fresh_online_exploration,10,13
180384,28,1.004844069480896,1.004844069480896,1.0049638748168945,0.00011980697308899835,1.0,1.0,0.0,0.0,0.0,268,35.748023986816406,fresh_online_exploration,10,13
180384,39,1.002272367477417,1.002272367477417,1.0024564266204834,0.00018412047938909382,1.0,1.0,0.0,0.0,0.0,269,35.721702575683594,fresh_online_exploration,10,13
180384,40,1.0002509355545044,1.0002509355545044,1.00028657913208,3.56502496288158e-05,1.0,1.0,0.0,0.0,0.0,266,35.57634735107422,fresh_online_exploration,10,13
180384,48,1.0032222270965576,1.0032222270965576,1.0042152404785156,0.000993028050288558,1.0,1.0,0.0,0.0,0.0,269,35.7440071105957,fresh_online_exploration,10,13
180384,52,1.0010045766830444,1.0010045766830444,1.0011922121047974,0.00018760442617349327,1.0,1.0,0.0,0.0,0.0,269,35.727317810058594,fresh_online_exploration,10,13
180384,70,1.0011709928512573,1.0011709928512573,1.0046576261520386,0.0034866288769990206,1.0,1.0,0.0,0.0,0.0,268,35.707435607910156,fresh_online_exploration,10,13
180384,78,1.0033886432647705,1.0033886432647705,1.0068929195404053,0.003504266496747732,1.0,1.0,0.0,0.0,0.0,269,35.769447326660156,fresh_online_exploration,10,13
180384,91,1.0026675462722778,1.0026675462722778,1.003750205039978,0.001082662958651781,1.0,1.0,0.0,0.0,0.0,266,35.64472961425781,fresh_online_exploration,10,13
180480,61,1.0056736469268799,1.0056736469268799,1.0058767795562744,0.0002030934119829908,1.0,1.0,0.0,0.0,0.0,270,35.79526901245117,fresh_online_exploration,10,13
180480,94,1.0004069805145264,1.0004069805145264,1.0009119510650635,0.0005049198516644537,1.0,1.0,0.0,0.0,0.0,269,35.65683364868164,fresh_online_exploration,10,13
180576,3,1.0035938024520874,1.0035938024520874,1.0039353370666504,0.0003415041137486696,1.0,1.0,0.0,0.0,0.0,267,35.7157096862793,fresh_online_exploration,10,13
180576,63,1.0007244348526,1.0007244348526,1.0010405778884888,0.0003161240601912141,1.0,1.0,0.0,0.0,0.0,269,35.70472717285156,fresh_online_exploration,10,13
180576,74,1.0048246383666992,1.0048246383666992,1.0048866271972656,6.20529826846905e-05,1.0,1.0,0.0,0.0,0.0,264,35.69526290893555,fresh_online_exploration,10,13
180576,79,1.0030213594436646,1.0030213594436646,1.00319504737854,0.00017369043780490756,1.0,1.0,0.0,0.0,0.0,266,35.66684341430664,fresh_online_exploration,10,13
180672,13,1.0000759363174438,1.0000759363174438,1.0001776218414307,0.00010168544395128265,1.0,1.0,0.0,0.0,0.0,263,35.48863983154297,fresh_online_exploration,10,13
180672,15,1.003917932510376,1.003917932510376,1.004150629043579,0.0002328098053112626,1.0,1.0,0.0,0.0,0.0,270,35.789833068847656,fresh_online_exploration,10,13
180672,37,1.0054394006729126,1.0054394006729126,1.005694031715393,0.00025463339989073575,1.0,1.0,0.0,0.0,0.0,271,35.847198486328125,fresh_online_exploration,10,13
180672,41,1.0004299879074097,1.0004299879074097,1.0038964748382568,0.003466457361355424,1.0,1.0,0.0,0.0,0.0,266,35.61632537841797,fresh_online_exploration,10,13
180672,88,1.0038362741470337,1.0038362741470337,1.0041000843048096,0.00026374589651823044,1.0,1.0,0.0,0.0,0.0,266,35.68025207519531,fresh_online_exploration,10,13
180768,0,1.0055607557296753,1.0055607557296753,1.0059560537338257,0.00039527181070297956,1.0,1.0,0.0,0.0,0.0,268,35.781639099121094,fresh_online_exploration,10,13
180768,27,1.0052201747894287,1.0052201747894287,1.005695104598999,0.00047477951738983393,1.0,1.0,0.0,0.0,0.0,269,35.79948806762695,fresh_online_exploration,10,13
180768,82,1.0000208616256714,1.0000208616256714,1.0030572414398193,0.0030363730620592833,1.0,1.0,0.0,0.0,0.0,268,35.64582061767578,fresh_online_exploration,10,13
180960,10,1.0043483972549438,1.0043483972549438,1.004638910293579,0.00029047566931694746,1.0,1.0,0.0,0.0,0.0,268,35.74046325683594,fresh_online_exploration,10,13
180960,73,1.0026204586029053,1.0026204586029053,1.005354642868042,0.0027341179084032774,1.0,1.0,0.0,0.0,0.0,268,35.69819259643555,fresh_online_exploration,10,13
181056,16,1.000318169593811,1.000318169593811,1.0052740573883057,0.004955945070832968,1.0,1.0,0.0,0.0,0.0,268,35.615177154541016,fresh_online_exploration,10,13
181056,33,1.0027772188186646,1.0027772188186646,1.007671594619751,0.004894332028925419,1.0,1.0,0.0,0.0,0.0,270,35.75878143310547,fresh_online_exploration,10,13
181056,35,1.0017070770263672,1.0017070770263672,1.001852035522461,0.00014489603927358985,1.0,1.0,0.0,0.0,0.0,271,35.76873016357422,fresh_online_exploration,10,13
181248,14,1.003854513168335,1.003854513168335,1.0038695335388184,1.499051086284453e-05,1.0,1.0,0.0,0.0,0.0,269,35.7628173828125,fresh_online_exploration,10,13
181248,68,1.0049422979354858,1.0049422979354858,1.004966139793396,2.3822218281566165e-05,1.0,1.0,0.0,0.0,0.0,269,35.74921417236328,fresh_online_exploration,10,13
181536,75,1.0052549839019775,1.0052549839019775,1.005380630493164,0.00012560641334857792,1.0,1.0,0.0,0.0,0.0,269,35.7738037109375,fresh_online_exploration,10,13
181536,81,1.0041179656982422,1.0041179656982422,1.0167938470840454,0.012675943784415722,1.0,1.0,0.0,0.0,0.0,268,35.71195983886719,fresh_online_exploration,10,13
181824,26,1.003970980644226,1.003970980644226,1.0042400360107422,0.0002691529516596347,1.0,1.0,0.0,0.0,0.0,269,35.737491607666016,fresh_online_exploration,10,13
182208,47,1.0028469562530518,1.0028469562530518,1.0032033920288086,0.0003564503276720643,1.0,1.0,0.0,0.0,0.0,272,35.83051300048828,fresh_online_exploration,10,13
182304,65,1.0038126707077026,1.0038126707077026,1.0039644241333008,0.00015164462092798203,1.0,1.0,0.0,0.0,0.0,268,35.70845413208008,fresh_online_exploration,10,13
182592,5,1.0002374649047852,1.0002374649047852,1.0036025047302246,0.0033650584518909454,1.0,1.0,0.0,0.0,0.0,273,35.819271087646484,fresh_online_exploration,10,13
185568,51,1.0043472051620483,1.0043472051620483,1.0094690322875977,0.005121767055243254,1.0,1.0,0.0,0.0,0.0,270,35.8277587890625,fresh_online_exploration,10,13
185664,95,1.0058315992355347,1.0058315992355347,1.0061194896697998,0.0002878354862332344,1.0,1.0,0.0,0.0,0.0,268,35.785675048828125,fresh_online_exploration,10,13
185952,32,1.0027987957000732,1.0027987957000732,1.0028955936431885,9.683171811047941e-05,1.0,1.0,0.0,0.0,0.0,265,35.63939666748047,fresh_online_exploration,11,13
186048,21,1.0038695335388184,1.0038695335388184,1.0040593147277832,0.00018980426830239594,1.0,1.0,0.0,0.0,0.0,269,35.726806640625,fresh_online_exploration,11,13
186720,55,1.0023627281188965,1.0023627281188965,1.0025687217712402,0.00020603285520337522,1.0,1.0,0.0,0.0,0.0,269,35.72990036010742,fresh_online_exploration,11,13
186816,31,1.0042556524276733,1.0042556524276733,1.0095674991607666,0.005311792716383934,1.0,1.0,0.0,0.0,0.0,270,35.76741027832031,fresh_online_exploration,11,13
186912,58,1.0003119707107544,1.0003119707107544,1.0003249645233154,1.3051803762209602e-05,1.0,1.0,0.0,0.0,0.0,268,35.633243560791016,fresh_online_exploration,11,13
187008,36,0.010239960625767708,6.777338246166664e-09,0.017867065966129303,0.0178670734167099,6.777338246166664e-09,0.0,0.0,1.0,1.0,600,1.0728975534439087,fresh_online_exploration,8,13
187392,60,1.0001720190048218,1.0001720190048218,1.000903606414795,0.0007315809489227831,1.0,1.0,0.0,0.0,0.0,270,35.68464660644531,fresh_online_exploration,11,13
187392,93,1.0017955303192139,1.0017955303192139,1.0026657581329346,0.0008702228078618646,1.0,1.0,0.0,0.0,0.0,270,35.73944091796875,fresh_online_exploration,11,13
187584,22,1.0009827613830566,1.0009827613830566,1.0042394399642944,0.003256706753745675,1.0,1.0,0.0,0.0,0.0,270,35.798885345458984,fresh_online_exploration,11,13
187680,76,1.0011894702911377,1.0011894702911377,1.0016212463378906,0.00043180197826586664,1.0,1.0,0.0,0.0,0.0,272,35.8526496887207,fresh_online_exploration,11,13
187680,83,1.0054327249526978,1.0054327249526978,1.0136356353759766,0.008202839642763138,1.0,1.0,0.0,0.0,0.0,269,35.82429122924805,fresh_online_exploration,11,13
192000,20,1.002048134803772,1.002048134803772,1.002111554145813,6.342941924231127e-05,1.0,1.0,0.0,0.0,0.0,264,35.572227478027344,fresh_online_exploration,11,14
192000,77,0.04599913954734802,0.01637316681444645,0.05637512356042862,0.04000195860862732,0.01637316681444645,0.0,0.0,1.0,1.0,600,1.4291132688522339,fresh_online_exploration,9,14
192096,50,0.10900285094976425,0.10394487529993057,0.10901947319507599,0.005074598360806704,0.10394487529993057,0.0,0.0,1.0,1.0,600,3.1550819873809814,fresh_online_exploration,9,14
192192,17,1.0006628036499023,1.0006628036499023,1.0107829570770264,0.010120131075382233,1.0,1.0,0.0,0.0,0.0,268,35.623722076416016,fresh_online_exploration,11,14
192288,24,1.003478765487671,1.003478765487671,1.003514289855957,3.5530269087757915e-05,1.0,1.0,0.0,0.0,0.0,267,35.67819595336914,fresh_online_exploration,11,14
192384,2,1.0050339698791504,1.0050339698791504,1.0078009366989136,0.0027669789269566536,1.0,1.0,0.0,0.0,0.0,271,35.896846771240234,fresh_online_exploration,11,14
192480,85,1.0030577182769775,1.0030577182769775,1.0031940937042236,0.00013645704893860966,1.0,1.0,0.0,0.0,0.0,269,35.76615905761719,fresh_online_exploration,11,14
192768,92,1.001352310180664,1.001352310180664,1.0013682842254639,1.6051706552389078e-05,1.0,1.0,0.0,0.0,0.0,272,35.76748275756836,fresh_online_exploration,11,14
192960,7,1.003049373626709,1.003049373626709,1.0124180316925049,0.0093686543405056,1.0,1.0,0.0,0.0,0.0,271,35.769264221191406,fresh_online_exploration,11,14
197280,46,1.0051578283309937,1.0051578283309937,1.007570743560791,0.0024128498043864965,1.0,1.0,0.0,0.0,0.0,268,35.722869873046875,fresh_online_exploration,12,14
201408,53,1.0035526752471924,1.0035526752471924,1.003706693649292,0.00015409348998218775,1.0,1.0,0.0,0.0,0.0,271,35.82464599609375,fresh_online_exploration,12,15
202944,90,1.0045251846313477,1.0045251846313477,1.0053857564926147,0.0008605680195614696,1.0,1.0,0.0,0.0,0.0,262,35.570064544677734,fresh_online_exploration,12,15
203424,6,1.0036652088165283,1.0036652088165283,1.0068087577819824,0.0031436546705663204,1.0,1.0,0.0,0.0,0.0,269,35.73128890991211,fresh_online_exploration,12,15
204288,29,1.001621961593628,1.001621961593628,1.001678705215454,5.6826269428711385e-05,1.0,1.0,0.0,0.0,0.0,268,35.630863189697266,fresh_online_exploration,12,15
204288,64,1.0023921728134155,1.0023921728134155,1.00341796875,0.001025796984322369,1.0,1.0,0.0,0.0,0.0,266,35.645198822021484,fresh_online_exploration,12,15
204288,87,1.001922845840454,1.001922845840454,1.0051982402801514,0.003275488968938589,1.0,1.0,0.0,0.0,0.0,264,35.603145599365234,fresh_online_exploration,12,15
204384,69,1.0013271570205688,1.0013271570205688,1.0014839172363281,0.0001567979488754645,1.0,1.0,0.0,0.0,0.0,265,35.551185607910156,fresh_online_exploration,12,15
204768,57,1.0002423524856567,1.0002423524856567,1.0004769563674927,0.00023460433294530958,1.0,1.0,0.0,0.0,0.0,268,35.68838882446289,fresh_online_exploration,12,15
204864,89,1.000610589981079,1.000610589981079,1.0008575916290283,0.0002469645405653864,1.0,1.0,0.0,0.0,0.0,264,35.54669952392578,fresh_online_exploration,12,15
204960,86,1.0032384395599365,1.0032384395599365,1.0033693313598633,0.0001309073413722217,1.0,1.0,0.0,0.0,0.0,268,35.70676803588867,fresh_online_exploration,12,15
205056,11,1.0014207363128662,1.0014207363128662,1.0135951042175293,0.01217437069863081,1.0,1.0,0.0,0.0,0.0,268,35.64470291137695,fresh_online_exploration,12,15
205152,9,1.0021109580993652,1.0021109580993652,1.0021661520004272,5.515068914974108e-05,1.0,1.0,0.0,0.0,0.0,267,35.648223876953125,fresh_online_exploration,12,15
205248,1,1.0030055046081543,1.0030055046081543,1.0042403936386108,0.001234890311025083,1.0,1.0,0.0,0.0,0.0,269,35.73845291137695,fresh_online_exploration,12,15
205248,67,1.0026030540466309,1.0026030540466309,1.0026676654815674,6.472174572991207e-05,1.0,1.0,0.0,0.0,0.0,268,35.761287689208984,fresh_online_exploration,12,15
205248,72,1.0041368007659912,1.0041368007659912,1.0041475296020508,1.0813182598212734e-05,1.0,1.0,0.0,0.0,0.0,267,35.68873977661133,fresh_online_exploration,12,15
205344,62,1.0041528940200806,1.0041528940200806,1.004274845123291,0.00012203051301185042,1.0,1.0,0.0,0.0,0.0,271,35.78668212890625,fresh_online_exploration,12,15
205440,4,1.0010876655578613,1.0010876655578613,1.0011725425720215,8.490510663250461e-05,1.0,1.0,0.0,0.0,0.0,267,35.607635498046875,fresh_online_exploration,12,15
205440,23,1.002250075340271,1.002250075340271,1.0058186054229736,0.0035684406757354736,1.0,1.0,0.0,0.0,0.0,270,35.73942947387695,fresh_online_exploration,12,15
205440,43,1.0037057399749756,1.0037057399749756,1.0080604553222656,0.004354795441031456,1.0,1.0,0.0,0.0,0.0,268,35.71415328979492,fresh_online_exploration,12,15
205536,84,1.0057212114334106,1.0057212114334106,1.0078380107879639,0.002116806572303176,1.0,1.0,0.0,0.0,0.0,269,35.796669006347656,fresh_online_exploration,12,15
205632,80,1.0018726587295532,1.0018726587295532,1.0022072792053223,0.00033456983510404825,1.0,1.0,0.0,0.0,0.0,268,35.69178771972656,fresh_online_exploration,12,15
205824,56,1.0039966106414795,1.0039966106414795,1.004178762435913,0.00018214403826277703,1.0,1.0,0.0,0.0,0.0,269,35.76862335205078,fresh_online_exploration,12,15
205920,34,1.0027902126312256,1.0027902126312256,1.0050992965698242,0.0023089973255991936,1.0,1.0,0.0,0.0,0.0,272,35.756839752197266,fresh_online_exploration,12,15
206016,8,1.0057400465011597,1.0057400465011597,1.0057885646820068,4.850462937611155e-05,1.0,1.0,0.0,0.0,0.0,269,35.7447509765625,fresh_online_exploration,13,15
206016,12,1.0059542655944824,1.0059542655944824,1.005964994430542,1.0762357305793557e-05,1.0,1.0,0.0,0.0,0.0,270,35.80914306640625,fresh_online_exploration,13,15
206016,28,1.0030477046966553,1.0030477046966553,1.003158450126648,0.00011074712529079989,1.0,1.0,0.0,0.0,0.0,267,35.68739318847656,fresh_online_exploration,13,15
206016,38,1.0024313926696777,1.0024313926696777,1.0123976469039917,0.009966260753571987,1.0,1.0,0.0,0.0,0.0,268,35.662322998046875,fresh_online_exploration,13,15
206016,44,1.0012761354446411,1.0012761354446411,1.0014194250106812,0.00014327903045341372,1.0,1.0,0.0,0.0,0.0,271,35.708763122558594,fresh_online_exploration,12,15
206016,54,1.0038806200027466,1.0038806200027466,1.0039186477661133,3.800762351602316e-05,1.0,1.0,0.0,0.0,0.0,270,35.697853088378906,fresh_online_exploration,13,15
206112,30,1.0052419900894165,1.0052419900894165,1.0075666904449463,0.0023246072232723236,1.0,1.0,0.0,0.0,0.0,272,35.894187927246094,fresh_online_exploration,12,15
206112,48,1.0019850730895996,1.0019850730895996,1.00203275680542,4.770548184751533e-05,1.0,1.0,0.0,0.0,0.0,268,35.73440170288086,fresh_online_exploration,13,15
206112,66,1.005652666091919,1.005652666091919,1.0132488012313843,0.007596198935061693,1.0,1.0,0.0,0.0,0.0,269,35.79229736328125,fresh_online_exploration,13,15
206112,70,1.0000815391540527,1.0000815391540527,1.0054080486297607,0.005326472222805023,1.0,1.0,0.0,0.0,0.0,268,35.65426254272461,fresh_online_exploration,13,15
206112,78,1.000552773475647,1.000552773475647,1.004421353340149,0.003868530271574855,1.0,1.0,0.0,0.0,0.0,268,35.6646728515625,fresh_online_exploration,13,15
206112,79,1.0022014379501343,1.0022014379501343,1.0165934562683105,0.014392130076885223,1.0,1.0,0.0,0.0,0.0,266,35.628055572509766,fresh_online_exploration,13,15
206208,39,1.002243995666504,1.002243995666504,1.0022666454315186,2.2578535208594985e-05,1.0,1.0,0.0,0.0,0.0,269,35.72465896606445,fresh_online_exploration,13,15
206208,40,1.0001078844070435,1.0001078844070435,1.00020432472229,9.649028652347624e-05,1.0,1.0,0.0,0.0,0.0,269,35.65853500366211,fresh_online_exploration,13,15
206208,52,1.0006945133209229,1.0006945133209229,1.0109448432922363,0.010250476188957691,1.0,1.0,0.0,0.0,0.0,269,35.66748046875,fresh_online_exploration,13,15
206304,3,1.0013071298599243,1.0013071298599243,1.0013177394866943,1.0597043910820503e-05,1.0,1.0,0.0,0.0,0.0,268,35.64997482299805,fresh_online_exploration,13,15
206304,13,1.0041533708572388,1.0041533708572388,1.0065159797668457,0.002362535335123539,1.0,1.0,0.0,0.0,0.0,267,35.72309875488281,fresh_online_exploration,13,15
206304,15,1.0022591352462769,1.0022591352462769,1.0022757053375244,1.659437475609593e-05,1.0,1.0,0.0,0.0,0.0,267,35.63716125488281,fresh_online_exploration,13,15
206304,59,1.0025101900100708,1.0025101900100708,1.0060465335845947,0.003536287695169449,1.0,1.0,0.0,0.0,0.0,271,35.77573013305664,fresh_online_exploration,13,15
206304,71,1.0017763376235962,1.0017763376235962,1.00684654712677,0.005070214159786701,1.0,1.0,0.0,0.0,0.0,271,35.751075744628906,fresh_online_exploration,13,15
206400,42,1.0005513429641724,1.0005513429641724,1.000974178314209,0.0004228967591188848,1.0,1.0,0.0,0.0,0.0,272,35.73308181762695,fresh_online_exploration,13,15
206400,45,1.002655029296875,1.002655029296875,1.0026662349700928,1.1288606401649304e-05,1.0,1.0,0.0,0.0,0.0,272,35.793724060058594,fresh_online_exploration,13,15
206400,63,1.001782774925232,1.001782774925232,1.0018775463104248,9.47619482758455e-05,1.0,1.0,0.0,0.0,0.0,269,35.66659164428711,fresh_online_exploration,13,15
206496,27,1.004747748374939,1.004747748374939,1.004813551902771,6.58398203086108e-05,1.0,1.0,0.0,0.0,0.0,268,35.7345085144043,fresh_online_exploration,13,15
206496,37,1.0053119659423828,1.0053119659423828,1.0120388269424438,0.0067268116399645805,1.0,1.0,0.0,0.0,0.0,269,35.77568054199219,fresh_online_exploration,13,15
206496,61,1.000393271446228,1.000393271446228,1.0030019283294678,0.002608658978715539,1.0,1.0,0.0,0.0,0.0,271,35.77629852294922,fresh_online_exploration,13,15
206496,94,1.0033167600631714,1.0033167600631714,1.0037122964859009,0.00039556389674544334,1.0,1.0,0.0,0.0,0.0,271,35.74829864501953,fresh_online_exploration,13,15
206592,0,1.0028742551803589,1.0028742551803589,1.0035406351089478,0.0006663884269073606,1.0,1.0,0.0,0.0,0.0,269,35.695899963378906,fresh_online_exploration,13,15
206592,74,1.0046569108963013,1.0046569108963013,1.0071351528167725,0.002478214679285884,1.0,1.0,0.0,0.0,0.0,271,35.813621520996094,fresh_online_exploration,13,15
206592,82,1.004123330116272,1.004123330116272,1.01548433303833,0.01136093307286501,1.0,1.0,0.0,0.0,0.0,269,35.75266647338867,fresh_online_exploration,13,15
206592,88,1.002502679824829,1.002502679824829,1.0025136470794678,1.091664034902351e-05,1.0,1.0,0.0,0.0,0.0,270,35.72627258300781,fresh_online_exploration,13,15
206592,91,1.0034257173538208,1.0034257173538208,1.0035918951034546,0.00016616527864243835,1.0,1.0,0.0,0.0,0.0,273,35.81425094604492,fresh_online_exploration,13,15
206784,10,1.0025361776351929,1.0025361776351929,1.0027523040771484,0.00021616792946588248,1.0,1.0,0.0,0.0,0.0,269,35.73486328125,fresh_online_exploration,13,15
206784,41,1.0052814483642578,1.0052814483642578,1.0053648948669434,8.350818825419992e-05,1.0,1.0,0.0,0.0,0.0,272,35.81629180908203,fresh_online_exploration,13,15
206880,16,1.0053654909133911,1.0053654909133911,1.0088489055633545,0.003483410691842437,1.0,1.0,0.0,0.0,0.0,269,35.843788146972656,fresh_online_exploration,13,15
206880,73,1.0050114393234253,1.0050114393234253,1.0074729919433594,0.002461634576320648,1.0,1.0,0.0,0.0,0.0,270,35.79621887207031,fresh_online_exploration,13,15
206976,33,1.0050926208496094,1.0050926208496094,1.0083117485046387,0.0032189972698688507,1.0,1.0,0.0,0.0,0.0,270,35.81233596801758,fresh_online_exploration,13,15
207168,14,1.0017690658569336,1.0017690658569336,1.0017942190170288,2.5113889932981692e-05,1.0,1.0,0.0,0.0,0.0,270,35.745853424072266,fresh_online_exploration,13,15
207168,35,1.0009613037109375,1.0009613037109375,1.000976324081421,1.5053663446451537e-05,1.0,1.0,0.0,0.0,0.0,272,35.81678009033203,fresh_online_exploration,13,15
207264,81,1.0052049160003662,1.0052049160003662,1.005565881729126,0.00036089422064833343,1.0,1.0,0.0,0.0,0.0,268,35.78559875488281,fresh_online_exploration,13,15
207360,68,1.001942753791809,1.001942753791809,1.0052335262298584,0.0032907805871218443,1.0,1.0,0.0,0.0,0.0,272,35.72706985473633,fresh_online_exploration,13,15
207456,75,1.0025626420974731,1.0025626420974731,1.0026543140411377,9.167192911263555e-05,1.0,1.0,0.0,0.0,0.0,270,35.70503234863281,fresh_online_exploration,13,15
207840,26,1.000951886177063,1.000951886177063,1.005500078201294,0.00454825209453702,1.0,1.0,0.0,0.0,0.0,271,35.70123291015625,fresh_online_exploration,13,15
208320,65,1.003542423248291,1.003542423248291,1.0065171718597412,0.0029748298693448305,1.0,1.0,0.0,0.0,0.0,271,35.794586181640625,fresh_online_exploration,13,15
208416,47,1.0020744800567627,1.0020744800567627,1.0020921230316162,1.7609881979296915e-05,1.0,1.0,0.0,0.0,0.0,273,35.82217788696289,fresh_online_exploration,13,15
208704,5,1.00322425365448,1.00322425365448,1.0032436847686768,1.947024247783702e-05,1.0,1.0,0.0,0.0,0.0,272,35.821861267089844,fresh_online_exploration,13,15
211008,51,1.0022556781768799,1.0022556781768799,1.0023555755615234,9.996452718041837e-05,1.0,1.0,0.0,0.0,0.0,265,35.646690368652344,fresh_online_exploration,13,16
211392,95,1.005315899848938,1.005315899848938,1.008894681930542,0.0035788125824183226,1.0,1.0,0.0,0.0,0.0,268,35.78574752807617,fresh_online_exploration,13,16
211680,32,1.0023419857025146,1.0023419857025146,1.0061534643173218,0.003811485134065151,1.0,1.0,0.0,0.0,0.0,268,35.72013854980469,fresh_online_exploration,13,16
211968,21,1.0046203136444092,1.0046203136444092,1.005629539489746,0.0010093363234773278,1.0,1.0,0.0,0.0,0.0,270,35.79352569580078,fresh_online_exploration,13,16
212544,49,0.014998989179730415,7.684723968282015e-09,0.018076099455356598,0.018076105043292046,7.684723968282015e-09,0.0,0.0,1.0,1.0,600,1.0549861192703247,fresh_online_exploration,10,16
212544,58,1.0027954578399658,1.0027954578399658,1.004561185836792,0.0017657612916082144,1.0,1.0,0.0,0.0,0.0,267,35.71135711669922,fresh_online_exploration,13,16
212640,31,1.0010266304016113,1.0010266304016113,1.0010387897491455,1.2189857443445362e-05,1.0,1.0,0.0,0.0,0.0,269,35.66706085205078,fresh_online_exploration,13,16
212832,55,1.0015087127685547,1.0015087127685547,1.0018351078033447,0.0003263370308559388,1.0,1.0,0.0,0.0,0.0,272,35.78150177001953,fresh_online_exploration,13,16
212928,36,1.0053843259811401,1.0053843259811401,1.0053958892822266,1.1521918168000411e-05,1.0,1.0,0.0,0.0,0.0,270,35.85893630981445,fresh_online_exploration,13,16
213120,93,1.0048022270202637,1.0048022270202637,1.0089762210845947,0.004173977300524712,1.0,1.0,0.0,0.0,0.0,268,35.73427200317383,fresh_online_exploration,13,16
213312,60,1.002209186553955,1.002209186553955,1.0054876804351807,0.003278566524386406,1.0,1.0,0.0,0.0,0.0,270,35.80451202392578,fresh_online_exploration,13,16
213504,22,1.0031745433807373,1.0031745433807373,1.003192663192749,1.8073045794153586e-05,1.0,1.0,0.0,0.0,0.0,270,35.799827575683594,fresh_online_exploration,13,16
213504,76,1.0015310049057007,1.0015310049057007,1.0016496181488037,0.00011852606985485181,1.0,1.0,0.0,0.0,0.0,269,35.80413818359375,fresh_online_exploration,13,16
213504,83,1.0001105070114136,1.0001105070114136,1.0002501010894775,0.00013964236131869256,1.0,1.0,0.0,0.0,0.0,269,35.69669723510742,fresh_online_exploration,13,16
217632,25,0.020166834816336632,6.6280758659331696e-09,0.020176663994789124,0.020176662132143974,6.6280758659331696e-09,0.0,0.0,1.0,1.0,600,1.0536437034606934,fresh_online_exploration,10,16
217824,77,1.00290846824646,1.00290846824646,1.0035773515701294,0.0006689085275866091,1.0,1.0,0.0,0.0,0.0,269,35.722267150878906,fresh_online_exploration,14,16
217920,20,1.0023987293243408,1.0023987293243408,1.002548336982727,0.00014959770487621427,1.0,1.0,0.0,0.0,0.0,270,35.75758361816406,fresh_online_exploration,14,16
217920,50,1.005316972732544,1.005316972732544,1.0053246021270752,7.683055628149305e-06,1.0,1.0,0.0,0.0,0.0,269,35.67130661010742,fresh_online_exploration,14,16
218016,24,1.0026226043701172,1.0026226043701172,1.0033161640167236,0.000693543057423085,1.0,1.0,0.0,0.0,0.0,268,35.70588684082031,fresh_online_exploration,14,16
218112,2,1.0030646324157715,1.0030646324157715,1.0030877590179443,2.3230690203490667e-05,1.0,1.0,0.0,0.0,0.0,268,35.735233306884766,fresh_online_exploration,14,16
218208,17,1.002859115600586,1.002859115600586,1.0032848119735718,0.000425693579018116,1.0,1.0,0.0,0.0,0.0,271,35.803375244140625,fresh_online_exploration,14,16
218208,18,0.00474947365000844,1.7946015784531255e-09,0.007812866009771824,0.007812868803739548,1.7946015784531255e-09,0.0,0.0,1.0,1.0,600,1.063327431678772,fresh_online_exploration,11,16
218400,85,1.0017905235290527,1.0017905235290527,1.002356767654419,0.0005662509356625378,1.0,1.0,0.0,0.0,0.0,270,35.72349166870117,fresh_online_exploration,14,16
218976,92,1.004807710647583,1.004807710647583,1.0055444240570068,0.0007366593345068395,1.0,1.0,0.0,0.0,0.0,273,35.87297821044922,fresh_online_exploration,14,16
222720,46,1.0009775161743164,1.0009775161743164,1.001070261001587,9.266809502150863e-05,1.0,1.0,0.0,0.0,0.0,265,35.60309982299805,fresh_online_exploration,14,17
224352,19,0.017506835982203484,0.017506835982203484,0.018850183114409447,0.0013433462008833885,0.017506835982203484,0.0,0.0,1.0,1.0,600,1.4304791688919067,fresh_online_exploration,11,17
227520,53,1.0013823509216309,1.0013823509216309,1.0042283535003662,0.0028460321482270956,1.0,1.0,0.0,0.0,0.0,272,35.822723388671875,fresh_online_exploration,15,17
228576,90,1.003984808921814,1.003984808921814,1.0039981603622437,1.3347897038329393e-05,1.0,1.0,0.0,0.0,0.0,267,35.68439865112305,fresh_online_exploration,15,17
230016,64,1.0024051666259766,1.0024051666259766,1.0084953308105469,0.006090308539569378,1.0,1.0,0.0,0.0,0.0,268,35.68633270263672,fresh_online_exploration,15,17
230016,69,1.00531804561615,1.00531804561615,1.0054807662963867,0.00016277948452625424,1.0,1.0,0.0,0.0,0.0,267,35.757015228271484,fresh_online_exploration,15,17
230016,87,1.0026212930679321,1.0026212930679321,1.011925458908081,0.009303988888859749,1.0,1.0,0.0,0.0,0.0,268,35.71014404296875,fresh_online_exploration,15,17
230112,29,1.003849744796753,1.003849744796753,1.0039491653442383,9.950187086360529e-05,1.0,1.0,0.0,0.0,0.0,269,35.70183181762695,fresh_online_exploration,15,18
230496,11,1.0009355545043945,1.0009355545043945,1.0009472370147705,1.171621261164546e-05,1.0,1.0,0.0,0.0,0.0,265,35.591644287109375,fresh_online_exploration,15,18
230592,89,1.005774974822998,1.005774974822998,1.0117707252502441,0.005995676852762699,1.0,1.0,0.0,0.0,0.0,268,35.744659423828125,fresh_online_exploration,15,18
230784,72,1.0016382932662964,1.0016382932662964,1.0016570091247559,1.873732981039211e-05,1.0,1.0,0.0,0.0,0.0,266,35.61101531982422,fresh_online_exploration,15,18
230784,86,1.005605936050415,1.005605936050415,1.0259581804275513,0.020352285355329514,1.0,1.0,0.0,0.0,0.0,269,35.700557708740234,fresh_online_exploration,15,18
231072,1,1.00408935546875,1.00408935546875,1.0073308944702148,0.0032416293397545815,1.0,1.0,0.0,0.0,0.0,269,35.764373779296875,fresh_online_exploration,15,18
231072,9,1.0007529258728027,1.0007529258728027,1.0007917881011963,3.8785699871368706e-05,1.0,1.0,0.0,0.0,0.0,270,35.68927764892578,fresh_online_exploration,15,18
231072,67,1.0032678842544556,1.0032678842544556,1.003679871559143,0.0004120010999031365,1.0,1.0,0.0,0.0,0.0,269,35.74101638793945,fresh_online_exploration,15,18
231072,84,1.0011500120162964,1.0011500120162964,1.0012891292572021,0.0001391966943629086,1.0,1.0,0.0,0.0,0.0,266,35.61127471923828,fresh_online_exploration,15,18
231168,43,1.0034831762313843,1.0034831762313843,1.0078600645065308,0.004376902710646391,1.0,1.0,0.0,0.0,0.0,268,35.702327728271484,fresh_online_exploration,15,18
231360,62,1.0031112432479858,1.0031112432479858,1.0034310817718506,0.0003197524347342551,1.0,1.0,0.0,0.0,0.0,271,35.78105163574219,fresh_online_exploration,15,18
231456,23,1.0021026134490967,1.0021026134490967,1.004841685295105,0.0027390404138714075,1.0,1.0,0.0,0.0,0.0,271,35.7757682800293,fresh_online_exploration,15,18
231456,80,1.0028960704803467,1.0028960704803467,1.0030148029327393,0.00011877697397721931,1.0,1.0,0.0,0.0,0.0,269,35.71746063232422,fresh_online_exploration,15,18
231648,8,1.0033092498779297,1.0033092498779297,1.00337553024292,6.633828888880089e-05,1.0,1.0,0.0,0.0,0.0,267,35.62694549560547,fresh_online_exploration,15,18
231648,12,1.0025137662887573,1.0025137662887573,1.0028934478759766,0.00037977471947669983,1.0,1.0,0.0,0.0,0.0,267,35.69684982299805,fresh_online_exploration,15,18
231648,34,1.0054681301116943,1.0054681301116943,1.0059473514556885,0.0004793124389834702,1.0,1.0,0.0,0.0,0.0,268,35.68121337890625,fresh_online_exploration,15,18
231648,39,1.0038251876831055,1.0038251876831055,1.0038442611694336,1.9022292690351605e-05,1.0,1.0,0.0,0.0,0.0,265,35.63310623168945,fresh_online_exploration,15,18
231648,79,1.0008937120437622,1.0008937120437622,1.0011235475540161,0.00022984540555626154,1.0,1.0,0.0,0.0,0.0,266,35.66216278076172,fresh_online_exploration,15,18
231744,38,1.0012680292129517,1.0012680292129517,1.0012991428375244,3.107674274360761e-05,1.0,1.0,0.0,0.0,0.0,268,35.63893127441406,fresh_online_exploration,15,18
231744,56,1.0045026540756226,1.0045026540756226,1.018345594406128,0.013843080960214138,1.0,1.0,0.0,0.0,0.0,270,35.75139617919922,fresh_online_exploration,15,18
231744,66,1.0044734477996826,1.0044734477996826,1.0048238039016724,0.000350355141563341,1.0,1.0,0.0,0.0,0.0,267,35.727317810058594,fresh_online_exploration,15,18
231744,78,1.0001366138458252,1.0001366138458252,1.0033831596374512,0.003246546955779195,1.0,1.0,0.0,0.0,0.0,267,35.65455627441406,fresh_online_exploration,15,18
231840,28,1.0053386688232422,1.0053386688232422,1.008425235748291,0.0030866400338709354,1.0,1.0,0.0,0.0,0.0,269,35.80033493041992,fresh_online_exploration,15,18
231840,44,1.001720905303955,1.001720905303955,1.0018491744995117,0.00012833363143727183,1.0,1.0,0.0,0.0,0.0,269,35.71955108642578,fresh_online_exploration,15,18
231840,48,1.0038403272628784,1.0038403272628784,1.0039825439453125,0.00014226224448066205,1.0,1.0,0.0,0.0,0.0,268,35.7249755859375,fresh_online_exploration,15,18
231936,27,1.002112627029419,1.002112627029419,1.0021233558654785,1.0672316420823336e-05,1.0,1.0,0.0,0.0,0.0,265,35.60481643676758,fresh_online_exploration,15,18
231936,42,1.0006479024887085,1.0006479024887085,1.0007376670837402,8.985486783785746e-05,1.0,1.0,0.0,0.0,0.0,266,35.60623550415039,fresh_online_exploration,15,18
231936,52,1.0048362016677856,1.0048362016677856,1.0081932544708252,0.00335703301243484,1.0,1.0,0.0,0.0,0.0,268,35.68998336791992,fresh_online_exploration,15,18
231936,54,1.0036101341247559,1.0036101341247559,1.0037261247634888,0.00011596843251027167,1.0,1.0,0.0,0.0,0.0,270,35.724342346191406,fresh_online_exploration,15,18
232032,15,1.004294753074646,1.004294753074646,1.004549503326416,0.0002547693147789687,1.0,1.0,0.0,0.0,0.0,268,35.72575759887695,fresh_online_exploration,15,18
232032,40,1.0016412734985352,1.0016412734985352,1.0082440376281738,0.006602795794606209,1.0,1.0,0.0,0.0,0.0,269,35.647361755371094,fresh_online_exploration,15,18
232128,3,1.0017828941345215,1.0017828941345215,1.0070736408233643,0.005290797911584377,1.0,1.0,0.0,0.0,0.0,269,35.70113754272461,fresh_online_exploration,15,18
232128,70,1.0046504735946655,1.0046504735946655,1.021366834640503,0.016716349869966507,1.0,1.0,0.0,0.0,0.0,271,35.77855682373047,fresh_online_exploration,15,18
232224,10,1.0017690658569336,1.0017690658569336,1.0018796920776367,0.00011057266965508461,1.0,1.0,0.0,0.0,0.0,265,35.60353088378906,fresh_online_exploration,15,18
232224,13,1.006003499031067,1.006003499031067,1.0063698291778564,0.00036633459967561066,1.0,1.0,0.0,0.0,0.0,270,35.807518005371094,fresh_online_exploration,15,18
232224,30,1.0053983926773071,1.0053983926773071,1.0055983066558838,0.0001999207161134109,1.0,1.0,0.0,0.0,0.0,272,35.82345962524414,fresh_online_exploration,15,18
232224,63,1.0045090913772583,1.0045090913772583,1.0077542066574097,0.0032450531143695116,1.0,1.0,0.0,0.0,0.0,269,35.751869201660156,fresh_online_exploration,15,18
232224,94,1.005292296409607,1.005292296409607,1.0053037405014038,1.1452394574007485e-05,1.0,1.0,0.0,0.0,0.0,268,35.70449447631836,fresh_online_exploration,15,18
232320,16,1.0022125244140625,1.0022125244140625,1.0054113864898682,0.0031989426352083683,1.0,1.0,0.0,0.0,0.0,265,35.61784744262695,fresh_online_exploration,15,18
232320,59,1.0007447004318237,1.0007447004318237,1.0011438131332397,0.0003991055127698928,1.0,1.0,0.0,0.0,0.0,271,35.72050094604492,fresh_online_exploration,15,18
232320,71,1.0050119161605835,1.0050119161605835,1.0086263418197632,0.003614444052800536,1.0,1.0,0.0,0.0,0.0,271,35.81717300415039,fresh_online_exploration,15,18
232416,37,1.0033162832260132,1.0033162832260132,1.0110485553741455,0.007732432801276445,1.0,1.0,0.0,0.0,0.0,270,35.76875305175781,fresh_online_exploration,15,18
232416,45,1.001356601715088,1.001356601715088,1.0016273260116577,0.000270695862127468,1.0,1.0,0.0,0.0,0.0,271,35.73217010498047,fresh_online_exploration,15,18
232416,82,1.0002626180648804,1.0002626180648804,1.0029635429382324,0.0027008838951587677,1.0,1.0,0.0,0.0,0.0,269,35.676029205322266,fresh_online_exploration,15,18
232416,88,1.0008906126022339,1.0008906126022339,1.000901222229004,1.0576124623185024e-05,1.0,1.0,0.0,0.0,0.0,269,35.68794631958008,fresh_online_exploration,15,18
232512,0,1.0005611181259155,1.0005611181259155,1.0144544839859009,0.013893365859985352,1.0,1.0,0.0,0.0,0.0,270,35.683414459228516,fresh_online_exploration,15,18
232512,41,1.0023398399353027,1.0023398399353027,1.0026743412017822,0.00033447123132646084,1.0,1.0,0.0,0.0,0.0,268,35.6456413269043,fresh_online_exploration,15,18
232512,74,1.0019536018371582,1.0019536018371582,1.0021734237670898,0.00021987303625792265,1.0,1.0,0.0,0.0,0.0,270,35.70380783081055,fresh_online_exploration,15,18
232608,61,1.0043121576309204,1.0043121576309204,1.0044736862182617,0.00016156202764250338,1.0,1.0,0.0,0.0,0.0,272,35.79186248779297,fresh_online_exploration,15,18
232608,91,1.005930781364441,1.005930781364441,1.0114927291870117,0.005561986938118935,1.0,1.0,0.0,0.0,0.0,271,35.79997634887695,fresh_online_exploration,15,18
232800,33,1.0018192529678345,1.0018192529678345,1.0077204704284668,0.005901280324906111,1.0,1.0,0.0,0.0,0.0,269,35.67487335205078,fresh_online_exploration,15,18
232896,14,1.0007977485656738,1.0007977485656738,1.0008785724639893,8.075679215835407e-05,1.0,1.0,0.0,0.0,0.0,268,35.70582962036133,fresh_online_exploration,15,18
232992,73,1.0013545751571655,1.0013545751571655,1.0014710426330566,0.00011641710443655029,1.0,1.0,0.0,0.0,0.0,272,35.77231216430664,fresh_online_exploration,15,18
233088,35,1.0018872022628784,1.0018872022628784,1.0023332834243774,0.0004460996715351939,1.0,1.0,0.0,0.0,0.0,270,35.703128814697266,fresh_online_exploration,15,18
233088,68,1.0028598308563232,1.0028598308563232,1.0036660432815552,0.0008061793050728738,1.0,1.0,0.0,0.0,0.0,268,35.644500732421875,fresh_online_exploration,15,18
233184,81,1.0005754232406616,1.0005754232406616,1.0031914710998535,0.0026159973349422216,1.0,1.0,0.0,0.0,0.0,270,35.720794677734375,fresh_online_exploration,15,18
233376,75,1.0004581212997437,1.0004581212997437,1.0023313760757446,0.001873299479484558,1.0,1.0,0.0,0.0,0.0,270,35.692909240722656,fresh_online_exploration,15,18
233952,26,1.0050030946731567,1.0050030946731567,1.0055851936340332,0.0005821989034302533,1.0,1.0,0.0,0.0,0.0,272,35.808860778808594,fresh_online_exploration,15,18
234240,65,1.0008234977722168,1.0008234977722168,1.007277011871338,0.00645354064181447,1.0,1.0,0.0,0.0,0.0,270,35.802947998046875,fresh_online_exploration,15,18
234432,47,1.0013881921768188,1.0013881921768188,1.0017099380493164,0.0003216564655303955,1.0,1.0,0.0,0.0,0.0,271,35.771095275878906,fresh_online_exploration,15,18
234912,5,1.0030691623687744,1.0030691623687744,1.003199577331543,0.00013040631893090904,1.0,1.0,0.0,0.0,0.0,273,35.80076217651367,fresh_online_exploration,15,18
236832,51,1.0047425031661987,1.0047425031661987,1.0056794881820679,0.0009369972394779325,1.0,1.0,0.0,0.0,0.0,269,35.787742614746094,fresh_online_exploration,16,18
237408,95,1.004769206047058,1.004769206047058,1.0050930976867676,0.00032382982317358255,1.0,1.0,0.0,0.0,0.0,271,35.8278694152832,fresh_online_exploration,16,18
237696,32,1.0019770860671997,1.0019770860671997,1.0039613246917725,0.0019842064939439297,1.0,1.0,0.0,0.0,0.0,271,35.72834777832031,fresh_online_exploration,16,18
237888,21,1.0057123899459839,1.0057123899459839,1.0096230506896973,0.003910783678293228,1.0,1.0,0.0,0.0,0.0,270,35.82109069824219,fresh_online_exploration,16,18
238176,58,1.0005474090576172,1.0005474090576172,1.0020396709442139,0.001492330920882523,1.0,1.0,0.0,0.0,0.0,267,35.644474029541016,fresh_online_exploration,16,18
238368,49,1.0025572776794434,1.0025572776794434,1.002716064453125,0.0001588001468917355,1.0,1.0,0.0,0.0,0.0,269,35.655479431152344,fresh_online_exploration,16,18
238656,31,1.00456702709198,1.00456702709198,1.0048719644546509,0.00030492094811052084,1.0,1.0,0.0,0.0,0.0,271,35.78699493408203,fresh_online_exploration,16,18
238752,36,1.0038448572158813,1.0038448572158813,1.0038561820983887,1.1397981324989814e-05,1.0,1.0,0.0,0.0,0.0,269,35.7745246887207,fresh_online_exploration,16,18
238752,55,1.0051249265670776,1.0051249265670776,1.0051891803741455,6.430946086766198e-05,1.0,1.0,0.0,0.0,0.0,270,35.81787872314453,fresh_online_exploration,16,18
239328,60,1.0044422149658203,1.0044422149658203,1.0044856071472168,4.341828025644645e-05,1.0,1.0,0.0,0.0,0.0,271,35.82913589477539,fresh_online_exploration,16,18
239328,93,1.0043089389801025,1.0043089389801025,1.0070881843566895,0.0027792472392320633,1.0,1.0,0.0,0.0,0.0,273,35.82387924194336,fresh_online_exploration,16,18
239424,76,1.0028210878372192,1.0028210878372192,1.0028367042541504,1.5634088413207792e-05,1.0,1.0,0.0,0.0,0.0,270,35.78985595703125,fresh_online_exploration,16,18
239424,83,1.0047554969787598,1.0047554969787598,1.008035659790039,0.0032801730558276176,1.0,1.0,0.0,0.0,0.0,270,35.882728576660156,fresh_online_exploration,16,18
239712,22,1.0046002864837646,1.0046002864837646,1.0047385692596436,0.0001383466151310131,1.0,1.0,0.0,0.0,0.0,273,35.8746337890625,fresh_online_exploration,16,18
243552,85,1.0045816898345947,1.0045816898345947,1.0046064853668213,2.48805863520829e-05,1.0,1.0,0.0,0.0,0.0,262,35.58782958984375,fresh_online_exploration,16,19
243648,25,1.0030328035354614,1.0030328035354614,1.0032854080200195,0.0002526530879549682,1.0,1.0,0.0,0.0,0.0,271,35.76750564575195,fresh_online_exploration,16,19
243744,20,1.0016767978668213,1.0016767978668213,1.0035200119018555,0.0018431107746437192,1.0,1.0,0.0,0.0,0.0,269,35.68177795410156,fresh_online_exploration,16,19
243744,24,1.0012028217315674,1.0012028217315674,1.0012139081954956,1.1071319931943435e-05,1.0,1.0,0.0,0.0,0.0,268,35.68406677246094,fresh_online_exploration,16,19
243744,77,1.0024845600128174,1.0024845600128174,1.0029699802398682,0.00048536440590396523,1.0,1.0,0.0,0.0,0.0,270,35.74752426147461,fresh_online_exploration,16,19
243936,2,1.0026206970214844,1.0026206970214844,1.00321626663208,0.0005956130335107446,1.0,1.0,0.0,0.0,0.0,269,35.78822326660156,fresh_online_exploration,16,19
244032,50,1.0046638250350952,1.0046638250350952,1.0047240257263184,6.026031041983515e-05,1.0,1.0,0.0,0.0,0.0,272,35.8184928894043,fresh_online_exploration,16,19
244320,18,1.0048046112060547,1.0048046112060547,1.0133429765701294,0.008538304828107357,1.0,1.0,0.0,0.0,0.0,272,35.80133819580078,fresh_online_exploration,16,19
248160,46,1.0038080215454102,1.0038080215454102,1.0039899349212646,0.00018197152530774474,1.0,1.0,0.0,0.0,0.0,265,35.641544342041016,fresh_online_exploration,17,19
250176,19,1.001988410949707,1.001988410949707,1.0019969940185547,8.519971743226051e-06,1.0,1.0,0.0,0.0,0.0,269,35.69717025756836,fresh_online_exploration,17,20
250560,7,0.025387343019247055,0.0031116052996367216,0.05004527419805527,0.04693366587162018,0.0031116052996367216,0.0,0.0,1.0,1.0,600,1.157719612121582,fresh_online_exploration,14,20
253344,53,1.0027796030044556,1.0027796030044556,1.0106420516967773,0.007862433791160583,1.0,1.0,0.0,0.0,0.0,269,35.72236633300781,fresh_online_exploration,17,20
254112,90,1.0056796073913574,1.0056796073913574,1.0070171356201172,0.0013376488350331783,1.0,1.0,0.0,0.0,0.0,266,35.676185607910156,fresh_online_exploration,17,20
255552,87,1.001564621925354,1.001564621925354,1.0055279731750488,0.0039632804691791534,1.0,1.0,0.0,0.0,0.0,266,35.6414680480957,fresh_online_exploration,17,20
255744,11,1.0013225078582764,1.0013225078582764,1.001349687576294,2.7273708838038146e-05,1.0,1.0,0.0,0.0,0.0,263,35.55926513671875,fresh_online_exploration,18,20
255744,64,1.0029079914093018,1.0029079914093018,1.0045642852783203,0.0016563251847401261,1.0,1.0,0.0,0.0,0.0,268,35.7233772277832,fresh_online_exploration,17,20
255840,29,1.0051583051681519,1.0051583051681519,1.0051699876785278,1.16787332444801e-05,1.0,1.0,0.0,0.0,0.0,268,35.70569610595703,fresh_online_exploration,18,20
255840,69,1.000063180923462,1.000063180923462,1.0003457069396973,0.0002824535476975143,1.0,1.0,0.0,0.0,0.0,269,35.67475509643555,fresh_online_exploration,17,20
256224,89,1.0043132305145264,1.0043132305145264,1.0044296979904175,0.00011649420775938779,1.0,1.0,0.0,0.0,0.0,267,35.71843338012695,fresh_online_exploration,18,20
256512,72,1.0030404329299927,1.0030404329299927,1.0036628246307373,0.0006223635864444077,1.0,1.0,0.0,0.0,0.0,268,35.724693298339844,fresh_online_exploration,18,20
256512,86,1.002868413925171,1.002868413925171,1.003169298171997,0.0003009033389389515,1.0,1.0,0.0,0.0,0.0,268,35.69929885864258,fresh_online_exploration,18,20
256608,43,1.00394606590271,1.00394606590271,1.0091161727905273,0.005170244723558426,1.0,1.0,0.0,0.0,0.0,265,35.656654357910156,fresh_online_exploration,18,20
256608,67,1.0028082132339478,1.0028082132339478,1.002974033355713,0.00016588857397437096,1.0,1.0,0.0,0.0,0.0,266,35.667537689208984,fresh_online_exploration,18,20
256608,84,1.002612590789795,1.002612590789795,1.002997636795044,0.00038495418266393244,1.0,1.0,0.0,0.0,0.0,266,35.6872673034668,fresh_online_exploration,18,20
256800,1,1.0040384531021118,1.0040384531021118,1.0090540647506714,0.0050156693905591965,1.0,1.0,0.0,0.0,0.0,268,35.735416412353516,fresh_online_exploration,18,20
256800,9,1.0020568370819092,1.0020568370819092,1.0067142248153687,0.00465742964297533,1.0,1.0,0.0,0.0,0.0,268,35.70719528198242,fresh_online_exploration,18,20
256896,56,1.004290223121643,1.004290223121643,1.0075652599334717,0.0032750361133366823,1.0,1.0,0.0,0.0,0.0,262,35.635433197021484,fresh_online_exploration,18,20
256992,38,1.0028669834136963,1.0028669834136963,1.0029284954071045,6.146993837319314e-05,1.0,1.0,0.0,0.0,0.0,263,35.558319091796875,fresh_online_exploration,18,20
257088,23,1.0013453960418701,1.0013453960418701,1.0039000511169434,0.002554726554080844,1.0,1.0,0.0,0.0,0.0,267,35.650455474853516,fresh_online_exploration,18,20
257088,62,1.0035204887390137,1.0035204887390137,1.0036393404006958,0.00011888946028193459,1.0,1.0,0.0,0.0,0.0,268,35.71733474731445,fresh_online_exploration,18,20
257088,80,1.0030899047851562,1.0030899047851562,1.008084774017334,0.0049949572421610355,1.0,1.0,0.0,0.0,0.0,267,35.70252227783203,fresh_online_exploration,18,20
257184,12,1.000584363937378,1.000584363937378,1.0007257461547852,0.00014145579189062119,1.0,1.0,0.0,0.0,0.0,266,35.653594970703125,fresh_online_exploration,18,20
257376,34,1.0014208555221558,1.0014208555221558,1.001495122909546,7.429510878864676e-05,1.0,1.0,0.0,0.0,0.0,268,35.621360778808594,fresh_online_exploration,18,20
257376,39,1.004440188407898,1.004440188407898,1.0046666860580444,0.00022652599727734923,1.0,1.0,0.0,0.0,0.0,268,35.79676818847656,fresh_online_exploration,18,20
257376,40,1.0027905702590942,1.0027905702590942,1.0028014183044434,1.0870449841604568e-05,1.0,1.0,0.0,0.0,0.0,264,35.63715362548828,fresh_online_exploration,18,20
257376,48,1.004116415977478,1.004116415977478,1.0041892528533936,7.290613575605676e-05,1.0,1.0,0.0,0.0,0.0,266,35.677146911621094,fresh_online_exploration,18,20
257472,8,1.0018423795700073,1.0018423795700073,1.0018541812896729,1.1822075066447724e-05,1.0,1.0,0.0,0.0,0.0,269,35.73067855834961,fresh_online_exploration,18,20
257568,66,1.0033421516418457,1.0033421516418457,1.0066791772842407,0.003336947178468108,1.0,1.0,0.0,0.0,0.0,269,35.756412506103516,fresh_online_exploration,18,20
257568,78,1.003402829170227,1.003402829170227,1.0059401988983154,0.002537483349442482,1.0,1.0,0.0,0.0,0.0,269,35.750118255615234,fresh_online_exploration,18,20
257664,28,1.005387783050537,1.005387783050537,1.0054903030395508,0.00010257480607833713,1.0,1.0,0.0,0.0,0.0,269,35.7816047668457,fresh_online_exploration,18,20
257664,30,1.0001559257507324,1.0001559257507324,1.0034394264221191,0.003283522557467222,1.0,1.0,0.0,0.0,0.0,265,35.587127685546875,fresh_online_exploration,18,20
257664,79,1.0045219659805298,1.0045219659805298,1.0048619508743286,0.0003399952547624707,1.0,1.0,0.0,0.0,0.0,271,35.824588775634766,fresh_online_exploration,18,20
257760,3,1.0048142671585083,1.0048142671585083,1.0051202774047852,0.0003060686285607517,1.0,1.0,0.0,0.0,0.0,267,35.703407287597656,fresh_online_exploration,18,20
257760,15,1.0017603635787964,1.0017603635787964,1.0084444284439087,0.006684000138193369,1.0,1.0,0.0,0.0,0.0,268,35.682228088378906,fresh_online_exploration,18,20
257760,42,1.0015201568603516,1.0015201568603516,1.0018556118011475,0.00033550066291354597,1.0,1.0,0.0,0.0,0.0,269,35.7103271484375,fresh_online_exploration,18,20
257760,52,1.0027425289154053,1.0027425289154053,1.0029208660125732,0.00017835202743299305,1.0,1.0,0.0,0.0,0.0,269,35.70994186401367,fresh_online_exploration,18,20
257856,44,1.0041205883026123,1.0041205883026123,1.0044928789138794,0.00037223586696200073,1.0,1.0,0.0,0.0,0.0,271,35.80876922607422,fresh_online_exploration,18,20
257856,70,1.0019726753234863,1.0019726753234863,1.0059962272644043,0.004023646470159292,1.0,1.0,0.0,0.0,0.0,268,35.663787841796875,fresh_online_exploration,18,20
257952,13,1.005347728729248,1.005347728729248,1.0093297958374023,0.003982028923928738,1.0,1.0,0.0,0.0,0.0,268,35.732322692871094,fresh_online_exploration,18,20
257952,27,1.0043317079544067,1.0043317079544067,1.0043426752090454,1.0950065188808367e-05,1.0,1.0,0.0,0.0,0.0,271,35.78854751586914,fresh_online_exploration,18,20
257952,54,1.004422664642334,1.004422664642334,1.007298469543457,0.0028758933767676353,1.0,1.0,0.0,0.0,0.0,271,35.794921875,fresh_online_exploration,18,20
258048,10,1.0034937858581543,1.0034937858581543,1.003720760345459,0.00022691111371386796,1.0,1.0,0.0,0.0,0.0,269,35.74603271484375,fresh_online_exploration,18,20
258048,71,1.0032109022140503,1.0032109022140503,1.0064187049865723,0.003207758767530322,1.0,1.0,0.0,0.0,0.0,268,35.778961181640625,fresh_online_exploration,18,20
258048,91,1.0000746250152588,1.0000746250152588,1.000482201576233,0.0004075939068570733,1.0,1.0,0.0,0.0,0.0,265,35.60004806518555,fresh_online_exploration,18,20
258144,16,1.0003080368041992,1.0003080368041992,1.001723289489746,0.0014152508229017258,1.0,1.0,0.0,0.0,0.0,269,35.71620559692383,fresh_online_exploration,18,20
258144,59,1.0011687278747559,1.0011687278747559,1.001281976699829,0.00011323068611091003,1.0,1.0,0.0,0.0,0.0,269,35.68347930908203,fresh_online_exploration,18,20
258144,63,1.0016809701919556,1.0016809701919556,1.0017833709716797,0.00010244877194054425,1.0,1.0,0.0,0.0,0.0,270,35.747337341308594,fresh_online_exploration,18,20
258144,82,1.002540946006775,1.002540946006775,1.0041258335113525,0.0015849131159484386,1.0,1.0,0.0,0.0,0.0,268,35.728729248046875,fresh_online_exploration,18,20
258144,94,1.002227783203125,1.002227783203125,1.003688097000122,0.0014603226445615292,1.0,1.0,0.0,0.0,0.0,270,35.707122802734375,fresh_online_exploration,18,20
258240,0,1.0054997205734253,1.0054997205734253,1.0082509517669678,0.0027512123342603445,1.0,1.0,0.0,0.0,0.0,268,35.782737731933594,fresh_online_exploration,18,20
258240,37,1.005288004875183,1.005288004875183,1.00560462474823,0.00031659219530411065,1.0,1.0,0.0,0.0,0.0,269,35.76918029785156,fresh_online_exploration,18,20
258240,45,1.0003501176834106,1.0003501176834106,1.0008691549301147,0.0005190783995203674,1.0,1.0,0.0,0.0,0.0,269,35.69935607910156,fresh_online_exploration,18,20
258240,88,1.0012506246566772,1.0012506246566772,1.001265048980713,1.4526858649333008e-05,1.0,1.0,0.0,0.0,0.0,269,35.674888610839844,fresh_online_exploration,18,20
258336,61,1.0041704177856445,1.0041704177856445,1.008094072341919,0.003923741634935141,1.0,1.0,0.0,0.0,0.0,268,35.78431701660156,fresh_online_exploration,18,20
258432,41,1.0006369352340698,1.0006369352340698,1.0145381689071655,0.01390119083225727,1.0,1.0,0.0,0.0,0.0,270,35.63877868652344,fresh_online_exploration,18,20
258432,74,1.0032511949539185,1.0032511949539185,1.004455804824829,0.001204678788781166,1.0,1.0,0.0,0.0,0.0,270,35.763187408447266,fresh_online_exploration,18,20
258624,33,1.0021392107009888,1.0021392107009888,1.007143497467041,0.00500432588160038,1.0,1.0,0.0,0.0,0.0,269,35.73568344116211,fresh_online_exploration,18,20
258720,35,1.0018584728240967,1.0018584728240967,1.0018714666366577,1.2982018233742565e-05,1.0,1.0,0.0,0.0,0.0,267,35.686241149902344,fresh_online_exploration,18,20
258816,14,1.0006288290023804,1.0006288290023804,1.0006437301635742,1.4900315363775007e-05,1.0,1.0,0.0,0.0,0.0,270,35.7074089050293,fresh_online_exploration,18,20
258816,68,1.0024735927581787,1.0024735927581787,1.0025142431259155,4.0665079723112285e-05,1.0,1.0,0.0,0.0,0.0,268,35.64144515991211,fresh_online_exploration,18,20
258912,81,1.0046459436416626,1.0046459436416626,1.004859447479248,0.000213572260690853,1.0,1.0,0.0,0.0,0.0,268,35.77716827392578,fresh_online_exploration,18,20
259008,73,1.0035685300827026,1.0035685300827026,1.00675630569458,0.0031877814326435328,1.0,1.0,0.0,0.0,0.0,271,35.766666412353516,fresh_online_exploration,18,20
259392,75,1.0042657852172852,1.0042657852172852,1.0109416246414185,0.0066759404726326466,1.0,1.0,0.0,0.0,0.0,271,35.736019134521484,fresh_online_exploration,18,20
259680,26,1.0058557987213135,1.0058557987213135,1.0076258182525635,0.0017699302406981587,1.0,1.0,0.0,0.0,0.0,268,35.75598907470703,fresh_online_exploration,18,20
260160,65,1.0016316175460815,1.0016316175460815,1.0017831325531006,0.00015158759197220206,1.0,1.0,0.0,0.0,0.0,270,35.714820861816406,fresh_online_exploration,18,21
260544,47,1.0036014318466187,1.0036014318466187,1.003746509552002,0.00014505286526400596,1.0,1.0,0.0,0.0,0.0,272,35.812286376953125,fresh_online_exploration,18,21
260832,5,1.0032176971435547,1.0032176971435547,1.0048325061798096,0.0016147950664162636,1.0,1.0,0.0,0.0,0.0,270,35.76847457885742,fresh_online_exploration,18,21
261024,6,0.03594498336315155,0.017143489792943,0.04406353086233139,0.02692003734409809,0.017143489792943,0.0,0.0,1.0,1.0,600,1.4172827005386353,fresh_online_exploration,15,21
262368,57,0.003182886401191354,4.410624754314085e-09,0.004235981032252312,0.004235976841300726,4.410624754314085e-09,0.0,0.0,1.0,1.0,600,1.0572221279144287,fresh_online_exploration,15,21
262464,51,1.0031306743621826,1.0031306743621826,1.003677487373352,0.0005468039307743311,1.0,1.0,0.0,0.0,0.0,267,35.70685577392578,fresh_online_exploration,18,21
262752,95,1.0024726390838623,1.0024726390838623,1.0028700828552246,0.0003975091385655105,1.0,1.0,0.0,0.0,0.0,264,35.60993576049805,fresh_online_exploration,18,21
263040,4,0.030103016644716263,4.5555062500035604e-10,0.061164289712905884,0.061164285987615585,4.5555062500035604e-10,0.0,1.0,1.0,1.0,600,1.0948230028152466,fresh_online_exploration,15,21
263520,32,1.0014973878860474,1.0014973878860474,1.0025858879089355,0.0010884215589612722,1.0,1.0,0.0,0.0,0.0,269,35.722171783447266,fresh_online_exploration,18,21
263712,58,1.001100778579712,1.001100778579712,1.0043476819992065,0.003246945096179843,1.0,1.0,0.0,0.0,0.0,266,35.59208679199219,fresh_online_exploration,18,21
264192,49,1.0019569396972656,1.0019569396972656,1.0063990354537964,0.004442155361175537,1.0,1.0,0.0,0.0,0.0,269,35.763710021972656,fresh_online_exploration,18,21
264480,31,1.0023084878921509,1.0023084878921509,1.0083893537521362,0.006080948747694492,1.0,1.0,0.0,0.0,0.0,269,35.75129318237305,fresh_online_exploration,18,21
264768,55,1.002555012702942,1.002555012702942,1.0028347969055176,0.0002797105407807976,1.0,1.0,0.0,0.0,0.0,271,35.747108459472656,fresh_online_exploration,18,21
264864,36,1.0044896602630615,1.0044896602630615,1.0093286037445068,0.004838879685848951,1.0,1.0,0.0,0.0,0.0,272,35.838096618652344,fresh_online_exploration,18,21
265152,93,1.005494475364685,1.005494475364685,1.0102014541625977,0.004706952720880508,1.0,1.0,0.0,0.0,0.0,269,35.796424865722656,fresh_online_exploration,18,21
265440,83,1.0046720504760742,1.0046720504760742,1.0107016563415527,0.00602948572486639,1.0,1.0,0.0,0.0,0.0,271,35.879173278808594,fresh_online_exploration,18,21
265632,60,1.0038219690322876,1.0038219690322876,1.0038700103759766,4.812192855752073e-05,1.0,1.0,0.0,0.0,0.0,274,35.89032745361328,fresh_online_exploration,18,21
265632,76,1.0044866800308228,1.0044866800308228,1.0065914392471313,0.0021046921610832214,1.0,1.0,0.0,0.0,0.0,273,35.93364334106445,fresh_online_exploration,18,21
265824,22,1.0038646459579468,1.0038646459579468,1.0041676759719849,0.0003029885410796851,1.0,1.0,0.0,0.0,0.0,272,35.8280029296875,fresh_online_exploration,18,21
269184,24,1.0032223463058472,1.0032223463058472,1.003683090209961,0.0004607772279996425,1.0,1.0,0.0,0.0,0.0,265,35.6522216796875,fresh_online_exploration,19,21
269280,20,1.001351237297058,1.001351237297058,1.016924262046814,0.015573075041174889,1.0,1.0,0.0,0.0,0.0,266,35.574424743652344,fresh_online_exploration,19,21
269280,25,1.003060221672058,1.003060221672058,1.0137367248535156,0.010676611214876175,1.0,1.0,0.0,0.0,0.0,267,35.64201354980469,fresh_online_exploration,19,21
269376,77,1.0013952255249023,1.0013952255249023,1.001448392868042,5.316502938512713e-05,1.0,1.0,0.0,0.0,0.0,267,35.651222229003906,fresh_online_exploration,19,21
269376,85,1.003494381904602,1.003494381904602,1.012526273727417,0.009031948633491993,1.0,1.0,0.0,0.0,0.0,269,35.705875396728516,fresh_online_exploration,19,21
269760,50,1.001999855041504,1.001999855041504,1.0022521018981934,0.00025230046594515443,1.0,1.0,0.0,0.0,0.0,268,35.64720153808594,fresh_online_exploration,19,21
269952,2,1.003596544265747,1.003596544265747,1.0166549682617188,0.013058371841907501,1.0,1.0,0.0,0.0,0.0,271,35.72606658935547,fresh_online_exploration,19,21
273696,46,1.0044666528701782,1.0044666528701782,1.0045818090438843,0.00011514490324771032,1.0,1.0,0.0,0.0,0.0,266,35.66943359375,fresh_online_exploration,19,22
275808,17,0.029862578958272934,0.0013478940818458796,0.05405549705028534,0.05270759388804436,0.0013478940818458796,0.0,1.0,1.0,1.0,600,1.1289485692977905,fresh_online_exploration,16,22
276576,92,0.04493482783436775,1.286941966327504e-07,0.07357094436883926,0.07357081770896912,1.286941966327504e-07,0.0,1.0,1.0,1.0,600,1.108207106590271,fresh_online_exploration,16,22
279264,53,1.004775881767273,1.004775881767273,1.0049259662628174,0.0001500187790952623,1.0,1.0,0.0,0.0,0.0,270,35.811546325683594,fresh_online_exploration,20,22
279552,90,1.0044050216674805,1.0044050216674805,1.0047613382339478,0.0003563632199075073,1.0,1.0,0.0,0.0,0.0,265,35.605796813964844,fresh_online_exploration,20,22
280608,64,1.003024935722351,1.003024935722351,1.0126979351043701,0.009672955609858036,1.0,1.0,0.0,0.0,0.0,259,35.48733139038086,fresh_online_exploration,20,23
281088,69,1.0042705535888672,1.0042705535888672,1.004653811454773,0.00038327256334014237,1.0,1.0,0.0,0.0,0.0,263,35.56133270263672,fresh_online_exploration,20,23
281280,11,1.004906177520752,1.004906177520752,1.0177711248397827,0.01286504976451397,1.0,1.0,0.0,0.0,0.0,266,35.62213134765625,fresh_online_exploration,20,23
281376,87,1.0006258487701416,1.0006258487701416,1.010477066040039,0.009851413778960705,1.0,1.0,0.0,0.0,0.0,269,35.60266876220703,fresh_online_exploration,20,23
281472,29,1.0053009986877441,1.0053009986877441,1.0053906440734863,8.971454371931031e-05,1.0,1.0,0.0,0.0,0.0,267,35.7327995300293,fresh_online_exploration,20,23
281760,89,1.0028057098388672,1.0028057098388672,1.008427619934082,0.005621980410069227,1.0,1.0,0.0,0.0,0.0,266,35.62165832519531,fresh_online_exploration,20,23
282144,72,1.0032341480255127,1.0032341480255127,1.0032532215118408,1.9079538105870597e-05,1.0,1.0,0.0,0.0,0.0,267,35.614009857177734,fresh_online_exploration,20,23
282240,67,1.0024772882461548,1.0024772882461548,1.0028622150421143,0.00038489256985485554,1.0,1.0,0.0,0.0,0.0,267,35.66746520996094,fresh_online_exploration,20,23
282240,86,1.0047507286071777,1.0047507286071777,1.0109024047851562,0.006151752080768347,1.0,1.0,0.0,0.0,0.0,268,35.749698638916016,fresh_online_exploration,20,23
282336,84,1.0063782930374146,1.0063782930374146,1.0102298259735107,0.0038514267653226852,1.0,1.0,0.0,0.0,0.0,268,35.75596237182617,fresh_online_exploration,20,23
282432,43,1.0020092725753784,1.0020092725753784,1.0055429935455322,0.003533631796017289,1.0,1.0,0.0,0.0,0.0,269,35.73519515991211,fresh_online_exploration,20,23
282624,1,1.0034207105636597,1.0034207105636597,1.0037511587142944,0.0003304482961539179,1.0,1.0,0.0,0.0,0.0,269,35.73722839355469,fresh_online_exploration,20,23
282624,9,1.0051226615905762,1.0051226615905762,1.0051803588867188,5.7642668252810836e-05,1.0,1.0,0.0,0.0,0.0,269,35.761322021484375,fresh_online_exploration,20,23
282720,38,1.0047764778137207,1.0047764778137207,1.0048346519470215,5.818573117721826e-05,1.0,1.0,0.0,0.0,0.0,268,35.692588806152344,fresh_online_exploration,20,23
282720,56,1.0020138025283813,1.0020138025283813,1.0024936199188232,0.0004797646251972765,1.0,1.0,0.0,0.0,0.0,269,35.68593978881836,fresh_online_exploration,20,23
282720,62,1.0024313926696777,1.0024313926696777,1.0156559944152832,0.013224538415670395,1.0,1.0,0.0,0.0,0.0,267,35.63847351074219,fresh_online_exploration,20,23
282720,80,1.0009644031524658,1.0009644031524658,1.0026793479919434,0.0017149070044979453,1.0,1.0,0.0,0.0,0.0,267,35.66533660888672,fresh_online_exploration,20,23
282816,12,1.0031777620315552,1.0031777620315552,1.003196120262146,1.8323666154174134e-05,1.0,1.0,0.0,0.0,0.0,267,35.68507766723633,fresh_online_exploration,20,23
283008,8,1.000468373298645,1.000468373298645,1.0013372898101807,0.0008689728565514088,1.0,1.0,0.0,0.0,0.0,266,35.53720474243164,fresh_online_exploration,20,23
283008,23,1.0001245737075806,1.0001245737075806,1.0005089044570923,0.00038434573798440397,1.0,1.0,0.0,0.0,0.0,270,35.70525360107422,fresh_online_exploration,20,23
283008,39,1.0029189586639404,1.0029189586639404,1.0029728412628174,5.382641757023521e-05,1.0,1.0,0.0,0.0,0.0,267,35.68462371826172,fresh_online_exploration,20,23
283008,40,1.0045945644378662,1.0045945644378662,1.004606008529663,1.1461455869721249e-05,1.0,1.0,0.0,0.0,0.0,267,35.68141174316406,fresh_online_exploration,20,23
283104,52,1.0023047924041748,1.0023047924041748,1.0026278495788574,0.00032314585405401886,1.0,1.0,0.0,0.0,0.0,264,35.58009719848633,fresh_online_exploration,20,23
283104,66,1.003774881362915,1.003774881362915,1.0041124820709229,0.00033752198214642704,1.0,1.0,0.0,0.0,0.0,266,35.65808868408203,fresh_online_exploration,20,23
283200,28,1.0004180669784546,1.0004180669784546,1.0060985088348389,0.005680489353835583,1.0,1.0,0.0,0.0,0.0,266,35.63826370239258,fresh_online_exploration,20,23
283200,48,1.0023279190063477,1.0023279190063477,1.0024428367614746,0.00011483362322906032,1.0,1.0,0.0,0.0,0.0,269,35.75657653808594,fresh_online_exploration,20,23
283296,30,1.0048664808273315,1.0048664808273315,1.0107407569885254,0.005874276626855135,1.0,1.0,0.0,0.0,0.0,267,35.74956512451172,fresh_online_exploration,20,23
283296,34,1.0018517971038818,1.0018517971038818,1.0121021270751953,0.010250311344861984,1.0,1.0,0.0,0.0,0.0,270,35.649818420410156,fresh_online_exploration,20,23
283392,42,1.0051636695861816,1.0051636695861816,1.0052845478057861,0.00012088982475688681,1.0,1.0,0.0,0.0,0.0,267,35.757362365722656,fresh_online_exploration,20,23
283392,78,1.0025368928909302,1.0025368928909302,1.0027366876602173,0.00019975588656961918,1.0,1.0,0.0,0.0,0.0,269,35.76249694824219,fresh_online_exploration,20,23
283488,15,1.0002530813217163,1.0002530813217163,1.0003252029418945,7.207589806057513e-05,1.0,1.0,0.0,0.0,0.0,268,35.643638610839844,fresh_online_exploration,20,23
283584,79,1.0033513307571411,1.0033513307571411,1.0033764839172363,2.5203824407071806e-05,1.0,1.0,0.0,0.0,0.0,270,35.77471160888672,fresh_online_exploration,20,23
283584,82,1.0051136016845703,1.0051136016845703,1.0109825134277344,0.005869006272405386,1.0,1.0,0.0,0.0,0.0,265,35.64220428466797,fresh_online_exploration,20,23
283680,3,1.002215027809143,1.002215027809143,1.0023164749145508,0.00010145429405383766,1.0,1.0,0.0,0.0,0.0,270,35.74607849121094,fresh_online_exploration,20,23
283680,27,1.0019019842147827,1.0019019842147827,1.0054163932800293,0.0035143548157066107,1.0,1.0,0.0,0.0,0.0,268,35.67836380004883,fresh_online_exploration,20,23
283680,44,1.001033067703247,1.001033067703247,1.0010528564453125,1.9740764400921762e-05,1.0,1.0,0.0,0.0,0.0,269,35.65784454345703,fresh_online_exploration,20,23
283680,54,1.005078673362732,1.005078673362732,1.0052611827850342,0.0001824153878260404,1.0,1.0,0.0,0.0,0.0,268,35.70949172973633,fresh_online_exploration,20,23
283680,70,1.003429651260376,1.003429651260376,1.003685712814331,0.00025605730479583144,1.0,1.0,0.0,0.0,0.0,269,35.7335205078125,fresh_online_exploration,20,23
283680,91,1.0001815557479858,1.0001815557479858,1.0159680843353271,0.01578667014837265,1.0,1.0,0.0,0.0,0.0,267,35.54351806640625,fresh_online_exploration,20,23
283776,10,1.003790020942688,1.003790020942688,1.0070170164108276,0.0032269780058413744,1.0,1.0,0.0,0.0,0.0,268,35.75349044799805,fresh_online_exploration,20,23
283776,13,1.0045534372329712,1.0045534372329712,1.006110668182373,0.0015571479452773929,1.0,1.0,0.0,0.0,0.0,269,35.7873420715332,fresh_online_exploration,20,23
283776,94,1.0004169940948486,1.0004169940948486,1.0004286766052246,1.1616818483162206e-05,1.0,1.0,0.0,0.0,0.0,267,35.5872802734375,fresh_online_exploration,20,23
283872,63,1.0004239082336426,1.0004239082336426,1.004225730895996,0.0038019027560949326,1.0,1.0,0.0,0.0,0.0,268,35.66204833984375,fresh_online_exploration,20,23
283968,0,1.0050134658813477,1.0050134658813477,1.0085113048553467,0.003497876925393939,1.0,1.0,0.0,0.0,0.0,268,35.737632751464844,fresh_online_exploration,20,23
283968,37,1.0040034055709839,1.0040034055709839,1.004381775856018,0.00037833928945474327,1.0,1.0,0.0,0.0,0.0,268,35.740562438964844,fresh_online_exploration,20,23
283968,71,1.0027672052383423,1.0027672052383423,1.0028998851776123,0.00013264080916997045,1.0,1.0,0.0,0.0,0.0,270,35.77911376953125,fresh_online_exploration,20,23
284064,16,1.0046032667160034,1.0046032667160034,1.0160057544708252,0.011402330361306667,1.0,1.0,0.0,0.0,0.0,270,35.726627349853516,fresh_online_exploration,20,23
284064,45,1.004997730255127,1.004997730255127,1.0050736665725708,7.590582390548661e-05,1.0,1.0,0.0,0.0,0.0,269,35.76769256591797,fresh_online_exploration,20,23
284160,59,1.000734806060791,1.000734806060791,1.0011006593704224,0.00036583596374839544,1.0,1.0,0.0,0.0,0.0,271,35.722198486328125,fresh_online_exploration,20,23
284160,74,1.0038180351257324,1.0038180351257324,1.0077118873596191,0.003893784014508128,1.0,1.0,0.0,0.0,0.0,268,35.72414016723633,fresh_online_exploration,20,23
284160,88,1.0031752586364746,1.0031752586364746,1.0031908750534058,1.564256672281772e-05,1.0,1.0,0.0,0.0,0.0,270,35.728485107421875,fresh_online_exploration,20,23
284352,61,1.0036922693252563,1.0036922693252563,1.0039334297180176,0.00024117060820572078,1.0,1.0,0.0,0.0,0.0,271,35.79549026489258,fresh_online_exploration,20,23
284448,41,1.004655361175537,1.004655361175537,1.0046663284301758,1.0955060133710504e-05,1.0,1.0,0.0,0.0,0.0,271,35.80393981933594,fresh_online_exploration,20,23
284448,68,1.0048208236694336,1.0048208236694336,1.0048322677612305,1.1513706340338103e-05,1.0,1.0,0.0,0.0,0.0,267,35.64234161376953,fresh_online_exploration,20,23
284544,33,1.0009236335754395,1.0009236335754395,1.0010905265808105,0.00016684555157553405,1.0,1.0,0.0,0.0,0.0,270,35.707672119140625,fresh_online_exploration,20,23
284544,73,1.0038695335388184,1.0038695335388184,1.009432315826416,0.005562790669500828,1.0,1.0,0.0,0.0,0.0,266,35.63874053955078,fresh_online_exploration,20,23
284544,81,1.0008946657180786,1.0008946657180786,1.001021385192871,0.0001267898187506944,1.0,1.0,0.0,0.0,0.0,267,35.63236618041992,fresh_online_exploration,20,23
284640,35,1.002934217453003,1.002934217453003,1.0029454231262207,1.1268622074567247e-05,1.0,1.0,0.0,0.0,0.0,270,35.753761291503906,fresh_online_exploration,20,23
284832,14,1.0049967765808105,1.0049967765808105,1.0060248374938965,0.001028078026138246,1.0,1.0,0.0,0.0,0.0,271,35.849422454833984,fresh_online_exploration,20,23
285312,75,1.0051692724227905,1.0051692724227905,1.005334734916687,0.00016546570986974984,1.0,1.0,0.0,0.0,0.0,270,35.77870178222656,fresh_online_exploration,20,23
285408,26,1.0053131580352783,1.0053131580352783,1.0069036483764648,0.0015905676409602165,1.0,1.0,0.0,0.0,0.0,268,35.71954345703125,fresh_online_exploration,20,23
286176,6,1.0028260946273804,1.0028260946273804,1.01142156124115,0.008595457300543785,1.0,1.0,0.0,0.0,0.0,262,35.454769134521484,fresh_online_exploration,21,23
286176,65,1.000523328781128,1.000523328781128,1.0015368461608887,0.001013449626043439,1.0,1.0,0.0,0.0,0.0,271,35.764129638671875,fresh_online_exploration,21,23
286272,47,1.0044430494308472,1.0044430494308472,1.0071316957473755,0.0026887136045843363,1.0,1.0,0.0,0.0,0.0,268,35.756011962890625,fresh_online_exploration,21,23
287904,57,1.0002957582473755,1.0002957582473755,1.0003169775009155,2.1208665202721022e-05,1.0,1.0,0.0,0.0,0.0,266,35.59716033935547,fresh_online_exploration,21,23
288288,51,1.0015088319778442,1.0015088319778442,1.0031015872955322,0.0015928144566714764,1.0,1.0,0.0,0.0,0.0,269,35.698333740234375,fresh_online_exploration,21,23
288288,95,1.0053308010101318,1.0053308010101318,1.0091838836669922,0.0038529352750629187,1.0,1.0,0.0,0.0,0.0,266,35.741058349609375,fresh_online_exploration,21,23
288864,4,1.0021414756774902,1.0021414756774902,1.0023691654205322,0.00022775831166654825,1.0,1.0,0.0,0.0,0.0,269,35.722923278808594,fresh_online_exploration,21,23
289152,58,1.006142497062683,1.006142497062683,1.00718355178833,0.0010410305112600327,1.0,1.0,0.0,0.0,0.0,265,35.671417236328125,fresh_online_exploration,21,23
289248,32,1.0018978118896484,1.0018978118896484,1.0022330284118652,0.00033514664391987026,1.0,1.0,0.0,0.0,0.0,268,35.68971633911133,fresh_online_exploration,21,23
290112,49,1.002379059791565,1.002379059791565,1.029158353805542,0.026779286563396454,1.0,1.0,0.0,0.0,0.0,270,35.659461975097656,fresh_online_exploration,21,24
290400,31,1.0010432004928589,1.0010432004928589,1.0011162757873535,7.313660171348602e-05,1.0,1.0,0.0,0.0,0.0,270,35.718955993652344,fresh_online_exploration,21,24
290784,55,1.0011721849441528,1.0011721849441528,1.0012593269348145,8.721269114175811e-05,1.0,1.0,0.0,0.0,0.0,271,35.778900146484375,fresh_online_exploration,21,24
290880,36,1.0042086839675903,1.0042086839675903,1.0042297840118408,2.1048424969194457e-05,1.0,1.0,0.0,0.0,0.0,271,35.79450607299805,fresh_online_exploration,21,24
291072,93,1.001890778541565,1.001890778541565,1.0027825832366943,0.0008918556268326938,1.0,1.0,0.0,0.0,0.0,270,35.749935150146484,fresh_online_exploration,21,24
291648,83,1.0055750608444214,1.0055750608444214,1.0059304237365723,0.0003553277929313481,1.0,1.0,0.0,0.0,0.0,273,35.93324279785156,fresh_online_exploration,21,24
291840,76,1.002886176109314,1.002886176109314,1.0035507678985596,0.0006645270041190088,1.0,1.0,0.0,0.0,0.0,273,35.88669204711914,fresh_online_exploration,21,24
291936,22,1.0011138916015625,1.0011138916015625,1.0056785345077515,0.0045646666549146175,1.0,1.0,0.0,0.0,0.0,272,35.77988815307617,fresh_online_exploration,21,24
295104,20,1.0025608539581299,1.0025608539581299,1.0104637145996094,0.00790292490273714,1.0,1.0,0.0,0.0,0.0,269,35.69287872314453,fresh_online_exploration,21,24
295104,25,1.0017480850219727,1.0017480850219727,1.00176203250885,1.3947988009022083e-05,1.0,1.0,0.0,0.0,0.0,269,35.71556854248047,fresh_online_exploration,21,24
295200,77,1.0033899545669556,1.0033899545669556,1.0055550336837769,0.0021651110146194696,1.0,1.0,0.0,0.0,0.0,269,35.7338981628418,fresh_online_exploration,21,24
295296,24,1.0055646896362305,1.0055646896362305,1.0068010091781616,0.0012362845009192824,1.0,1.0,0.0,0.0,0.0,272,35.82396697998047,fresh_online_exploration,21,24
295296,85,1.0017777681350708,1.0017777681350708,1.0031732320785522,0.0013954670866951346,1.0,1.0,0.0,0.0,0.0,270,35.78940963745117,fresh_online_exploration,21,24
295488,21,0.03797905519604683,0.015819638967514038,0.05496596172451973,0.03914632648229599,0.015819638967514038,0.0,0.0,1.0,1.0,600,1.393141508102417,fresh_online_exploration,18,24
295680,50,1.000724196434021,1.000724196434021,1.0056644678115845,0.004940166603773832,1.0,1.0,0.0,0.0,0.0,270,35.629249572753906,fresh_online_exploration,21,24
295872,2,1.0002312660217285,1.0002312660217285,1.000826120376587,0.0005948432954028249,1.0,1.0,0.0,0.0,0.0,270,35.755165100097656,fresh_online_exploration,21,24
299712,46,1.0021499395370483,1.0021499395370483,1.0023376941680908,0.00018773322517517954,1.0,1.0,0.0,0.0,0.0,271,35.75148010253906,fresh_online_exploration,22,24
