env_steps,env_index,max_angle,final_angle,cumulative_increase,regression_amount,progress,success,regression_event,stalled,lost_contact,episode_steps,return_value,source,first_policy_version,last_policy_version
23808,16,1.003730058670044,1.003730058670044,1.0222649574279785,0.018534956499934196,1.0,1.0,0.0,0.0,0.0,248,34.919124603271484,fresh_online_exploration,0,2
23808,40,1.001164436340332,1.001164436340332,1.0394384860992432,0.03827395662665367,1.0,1.0,0.0,0.0,0.0,248,34.47663116455078,fresh_online_exploration,0,2
24672,25,1.0017434358596802,1.0017434358596802,1.0146445035934448,0.012901165522634983,1.0,1.0,0.0,0.0,0.0,257,34.81772994995117,fresh_online_exploration,0,2
24864,41,1.004660964012146,1.004660964012146,1.0300178527832031,0.025356817990541458,1.0,1.0,0.0,0.0,0.0,259,34.91510772705078,fresh_online_exploration,0,2
25152,63,1.0053999423980713,1.0053999423980713,1.0227141380310059,0.01731414906680584,1.0,1.0,0.0,0.0,0.0,262,35.066551208496094,fresh_online_exploration,0,2
25248,43,1.003387451171875,1.003387451171875,1.0068037509918213,0.003416348248720169,1.0,1.0,0.0,0.0,0.0,263,35.2140998840332,fresh_online_exploration,0,2
25344,64,1.0068191289901733,1.0068191289901733,1.0798182487487793,0.07299919426441193,1.0,1.0,1.0,0.0,0.0,264,34.19343948364258,fresh_online_exploration,0,2
25440,9,1.0025557279586792,1.0025557279586792,1.0026600360870361,0.00010438202298246324,1.0,1.0,0.0,0.0,0.0,265,35.69213104248047,fresh_online_exploration,0,2
25440,29,1.0033353567123413,1.0033353567123413,1.026747226715088,0.02341187745332718,1.0,1.0,0.0,0.0,0.0,265,34.799808502197266,fresh_online_exploration,0,2
25632,6,1.0001771450042725,1.0001771450042725,1.002368450164795,0.002191258827224374,1.0,1.0,0.0,0.0,0.0,267,35.605079650878906,fresh_online_exploration,0,2
25632,81,1.0021119117736816,1.0021119117736816,1.0061094760894775,0.003997466992586851,1.0,1.0,0.0,0.0,0.0,267,35.803916931152344,fresh_online_exploration,0,2
25728,83,1.004372477531433,1.004372477531433,1.007551670074463,0.0031792272347956896,1.0,1.0,0.0,0.0,0.0,268,35.60190200805664,fresh_online_exploration,0,2
25920,4,1.004275918006897,1.004275918006897,1.0116099119186401,0.007333984598517418,1.0,1.0,0.0,0.0,0.0,270,35.936187744140625,fresh_online_exploration,0,2
25920,15,1.0009397268295288,1.0009397268295288,1.0142185688018799,0.013278770260512829,1.0,1.0,0.0,0.0,0.0,270,35.27503204345703,fresh_online_exploration,0,2
25920,85,1.002581000328064,1.002581000328064,1.1825029850006104,0.17992223799228668,1.0,1.0,1.0,0.0,0.0,270,35.35597610473633,fresh_online_exploration,0,2
26016,27,1.0010406970977783,1.0010406970977783,1.0150864124298096,0.01404574140906334,1.0,1.0,0.0,0.0,0.0,271,35.66100311279297,fresh_online_exploration,0,2
26208,60,1.0019547939300537,1.0019547939300537,1.036933422088623,0.034978605806827545,1.0,1.0,0.0,0.0,0.0,273,35.19495391845703,fresh_online_exploration,0,2
26304,44,1.0023294687271118,1.0023294687271118,1.0047414302825928,0.002412038156762719,1.0,1.0,0.0,0.0,0.0,274,35.894386291503906,fresh_online_exploration,0,2
26400,67,1.000715732574463,1.000715732574463,1.0298140048980713,0.02909824438393116,1.0,1.0,0.0,0.0,0.0,275,35.919586181640625,fresh_online_exploration,0,2
26496,35,1.005545973777771,1.005545973777771,1.0580177307128906,0.0524720773100853,1.0,1.0,1.0,0.0,0.0,276,35.38996124267578,fresh_online_exploration,0,2
26496,68,1.0046614408493042,1.0046614408493042,1.0163116455078125,0.011650222353637218,1.0,1.0,0.0,0.0,0.0,276,35.38740539550781,fresh_online_exploration,0,2
26592,13,1.002341628074646,1.002341628074646,1.0028890371322632,0.0005474351346492767,1.0,1.0,0.0,0.0,0.0,277,35.94405746459961,fresh_online_exploration,0,2
26784,47,1.0023059844970703,1.0023059844970703,1.1182713508605957,0.1159651130437851,1.0,1.0,1.0,0.0,0.0,279,35.49400329589844,fresh_online_exploration,0,2
26784,77,1.0038870573043823,1.0038870573043823,1.0160133838653564,0.012126341462135315,1.0,1.0,0.0,0.0,0.0,279,36.10785675048828,fresh_online_exploration,0,2
26784,94,1.0049216747283936,1.0049216747283936,1.0081844329833984,0.0032627200707793236,1.0,1.0,0.0,0.0,0.0,279,35.962188720703125,fresh_online_exploration,0,2
26880,53,1.0035310983657837,1.0035310983657837,1.0217171907424927,0.018186211585998535,1.0,1.0,0.0,0.0,0.0,280,35.39543914794922,fresh_online_exploration,0,2
26880,78,1.004241943359375,1.004241943359375,1.0374977588653564,0.033255960792303085,1.0,1.0,0.0,0.0,0.0,280,35.676422119140625,fresh_online_exploration,0,2
26976,37,1.004196286201477,1.004196286201477,1.028370976448059,0.024174559861421585,1.0,1.0,0.0,0.0,0.0,281,36.02849197387695,fresh_online_exploration,0,2
26976,49,1.0007483959197998,1.0007483959197998,1.0049725770950317,0.004224201664328575,1.0,1.0,0.0,0.0,0.0,281,35.788734436035156,fresh_online_exploration,0,2
26976,52,1.0013229846954346,1.0013229846954346,1.0221056938171387,0.020782744511961937,1.0,1.0,0.0,0.0,0.0,281,36.01820755004883,fresh_online_exploration,0,2
27168,2,1.004441499710083,1.004441499710083,1.0396838188171387,0.03524208813905716,1.0,1.0,0.0,0.0,0.0,283,36.10095977783203,fresh_online_exploration,0,2
27168,46,1.0044167041778564,1.0044167041778564,1.0266249179840088,0.022208286449313164,1.0,1.0,0.0,0.0,0.0,283,36.164306640625,fresh_online_exploration,0,2
27168,59,1.0006288290023804,1.0006288290023804,1.0273098945617676,0.026681100949645042,1.0,1.0,0.0,0.0,0.0,283,36.16637420654297,fresh_online_exploration,0,2
27168,95,1.0010157823562622,1.0010157823562622,1.0012671947479248,0.0002513978397473693,1.0,1.0,0.0,0.0,0.0,283,36.028438568115234,fresh_online_exploration,0,2
27264,19,1.001940131187439,1.001940131187439,1.0060856342315674,0.004145623184740543,1.0,1.0,0.0,0.0,0.0,284,36.14183807373047,fresh_online_exploration,0,2
27264,26,1.0007529258728027,1.0007529258728027,1.013936996459961,0.013183961622416973,1.0,1.0,0.0,0.0,0.0,284,36.04323959350586,fresh_online_exploration,0,2
27264,84,1.0060135126113892,1.0060135126113892,1.0185112953186035,0.012497873045504093,1.0,1.0,0.0,0.0,0.0,284,36.187103271484375,fresh_online_exploration,0,2
27456,51,1.000686526298523,1.000686526298523,1.0061454772949219,0.005458918400108814,1.0,1.0,0.0,0.0,0.0,286,36.19740676879883,fresh_online_exploration,0,2
27552,66,1.0051413774490356,1.0051413774490356,1.0290850400924683,0.023943554610013962,1.0,1.0,0.0,0.0,0.0,287,35.558082580566406,fresh_online_exploration,0,2
27552,71,1.002408504486084,1.002408504486084,1.0060219764709473,0.003613454755395651,1.0,1.0,0.0,0.0,0.0,287,35.91294479370117,fresh_online_exploration,0,2
27648,65,1.0028008222579956,1.0028008222579956,1.0383061170578003,0.03550511971116066,1.0,1.0,0.0,0.0,0.0,288,36.172325134277344,fresh_online_exploration,0,2
27744,10,1.0065524578094482,1.0065524578094482,1.01002836227417,0.0034759151749312878,1.0,1.0,0.0,0.0,0.0,289,35.86492156982422,fresh_online_exploration,0,2
27744,48,1.002210259437561,1.002210259437561,1.0063767433166504,0.00416638283059001,1.0,1.0,0.0,0.0,0.0,289,36.26600646972656,fresh_online_exploration,0,2
27840,92,1.0003668069839478,1.0003668069839478,1.0060827732086182,0.005715919658541679,1.0,1.0,0.0,0.0,0.0,290,36.15149688720703,fresh_online_exploration,0,2
28032,28,1.0044327974319458,1.0044327974319458,1.0078895092010498,0.003456784412264824,1.0,1.0,0.0,0.0,0.0,292,36.31594467163086,fresh_online_exploration,0,2
28032,90,1.0001591444015503,1.0001591444015503,1.0080845355987549,0.007925454527139664,1.0,1.0,0.0,0.0,0.0,292,36.197654724121094,fresh_online_exploration,0,2
28128,73,1.0040969848632812,1.0040969848632812,1.0532712936401367,0.04917420446872711,1.0,1.0,0.0,0.0,0.0,293,35.84039306640625,fresh_online_exploration,0,2
28224,34,1.002416729927063,1.002416729927063,1.05833899974823,0.05592209845781326,1.0,1.0,1.0,0.0,0.0,294,35.76405715942383,fresh_online_exploration,0,2
28320,89,1.0017633438110352,1.0017633438110352,1.0358407497406006,0.034077320247888565,1.0,1.0,0.0,0.0,0.0,295,36.27604675292969,fresh_online_exploration,0,2
28416,86,1.0006556510925293,1.0006556510925293,1.0077095031738281,0.00705384835600853,1.0,1.0,0.0,0.0,0.0,296,36.56925964355469,fresh_online_exploration,0,2
28608,88,1.0001572370529175,1.0001572370529175,1.0102730989456177,0.010115806944668293,1.0,1.0,0.0,0.0,0.0,298,36.421058654785156,fresh_online_exploration,0,2
28704,18,1.0054603815078735,1.0054603815078735,1.0104753971099854,0.005015095230191946,1.0,1.0,0.0,0.0,0.0,299,36.48963928222656,fresh_online_exploration,0,2
28704,21,1.0028845071792603,1.0028845071792603,1.020246982574463,0.017362527549266815,1.0,1.0,0.0,0.0,0.0,299,36.50606918334961,fresh_online_exploration,0,2
29280,72,1.0047330856323242,1.0047330856323242,1.0129857063293457,0.008252556435763836,1.0,1.0,0.0,0.0,0.0,305,36.54742431640625,fresh_online_exploration,0,2
29856,32,1.0032598972320557,1.0032598972320557,1.0202970504760742,0.01703725941479206,1.0,1.0,0.0,0.0,0.0,311,36.687217712402344,fresh_online_exploration,0,2
30048,87,1.0029362440109253,1.0029362440109253,1.0330535173416138,0.030117344111204147,1.0,1.0,0.0,0.0,0.0,313,36.67414855957031,fresh_online_exploration,0,2
30144,14,1.0006487369537354,1.0006487369537354,1.0095468759536743,0.008898281492292881,1.0,1.0,0.0,0.0,0.0,314,36.597755432128906,fresh_online_exploration,0,3
30240,80,1.0045768022537231,1.0045768022537231,1.0268210172653198,0.02224409580230713,1.0,1.0,0.0,0.0,0.0,315,36.983238220214844,fresh_online_exploration,0,3
31392,22,1.0005453824996948,1.0005453824996948,1.0233211517333984,0.022775717079639435,1.0,1.0,0.0,0.0,0.0,327,37.15854263305664,fresh_online_exploration,0,3
31392,57,1.0011506080627441,1.0011506080627441,1.0195775032043457,0.01842695102095604,1.0,1.0,0.0,0.0,0.0,327,37.152557373046875,fresh_online_exploration,0,3
31584,30,1.0019274950027466,1.0019274950027466,1.018531322479248,0.016603898257017136,1.0,1.0,0.0,0.0,0.0,329,37.14830017089844,fresh_online_exploration,0,3
31680,5,1.0049902200698853,1.0049902200698853,1.0386176109313965,0.03362741321325302,1.0,1.0,0.0,0.0,0.0,330,37.202003479003906,fresh_online_exploration,0,3
31872,36,1.0035513639450073,1.0035513639450073,1.0243908166885376,0.020839277654886246,1.0,1.0,0.0,0.0,0.0,332,37.38447952270508,fresh_online_exploration,0,3
32448,79,1.0042041540145874,1.0042041540145874,1.0190680027008057,0.014863903634250164,1.0,1.0,0.0,0.0,0.0,338,37.39565658569336,fresh_online_exploration,0,3
32640,69,1.0054172277450562,1.0054172277450562,1.0307235717773438,0.02530629374086857,1.0,1.0,0.0,0.0,0.0,340,37.43608474731445,fresh_online_exploration,0,3
50976,83,1.0029618740081787,1.0029618740081787,1.005688190460205,0.002726393984630704,1.0,1.0,0.0,0.0,0.0,263,35.70856475830078,fresh_online_exploration,2,4
51072,40,1.0030549764633179,1.0030549764633179,1.0277557373046875,0.024700799956917763,1.0,1.0,0.0,0.0,0.0,284,35.67189025878906,fresh_online_exploration,2,4
51168,29,1.0013878345489502,1.0013878345489502,1.0244897603988647,0.02310189977288246,1.0,1.0,0.0,0.0,0.0,268,35.30267333984375,fresh_online_exploration,2,4
51264,46,1.002368688583374,1.002368688583374,1.0858356952667236,0.0834670290350914,1.0,1.0,1.0,0.0,0.0,251,34.756099700927734,fresh_online_exploration,2,4
52032,25,1.0020619630813599,1.0020619630813599,1.0163990259170532,0.014337198808789253,1.0,1.0,0.0,0.0,0.0,285,35.478782653808594,fresh_online_exploration,2,4
52416,6,1.003375768661499,1.003375768661499,1.0075445175170898,0.004168638493865728,1.0,1.0,0.0,0.0,0.0,279,36.0770149230957,fresh_online_exploration,2,4
52416,64,1.0014618635177612,1.0014618635177612,1.0058494806289673,0.004387551918625832,1.0,1.0,0.0,0.0,0.0,282,36.04210662841797,fresh_online_exploration,2,4
52704,15,1.00469172000885,1.00469172000885,1.0244781970977783,0.01978643611073494,1.0,1.0,0.0,0.0,0.0,279,35.84416198730469,fresh_online_exploration,2,4
52704,44,1.0060148239135742,1.0060148239135742,1.0260083675384521,0.01999339647591114,1.0,1.0,0.0,0.0,0.0,275,35.52333068847656,fresh_online_exploration,2,4
52704,51,1.0007776021957397,1.0007776021957397,1.008948564529419,0.008170928806066513,1.0,1.0,0.0,0.0,0.0,263,35.11588668823242,fresh_online_exploration,2,4
52896,43,1.001815676689148,1.001815676689148,1.0040056705474854,0.0021900113206356764,1.0,1.0,0.0,0.0,0.0,288,36.145301818847656,fresh_online_exploration,2,4
53088,2,1.0028420686721802,1.0028420686721802,1.0032683610916138,0.00042627655784599483,1.0,1.0,0.0,0.0,0.0,270,35.70204544067383,fresh_online_exploration,2,4
53088,16,1.0013023614883423,1.0013023614883423,1.0162838697433472,0.01498144119977951,1.0,1.0,0.0,0.0,0.0,305,36.7732048034668,fresh_online_exploration,2,4
53280,49,1.0010828971862793,1.0010828971862793,1.0216596126556396,0.020576613023877144,1.0,1.0,0.0,0.0,0.0,274,35.315834045410156,fresh_online_exploration,2,4
53376,94,1.0032703876495361,1.0032703876495361,1.0118592977523804,0.008588907308876514,1.0,1.0,0.0,0.0,0.0,277,35.957576751708984,fresh_online_exploration,2,4
53568,13,1.0010666847229004,1.0010666847229004,1.0091509819030762,0.008084232918918133,1.0,1.0,0.0,0.0,0.0,281,35.49357604980469,fresh_online_exploration,2,4
53664,48,1.0025486946105957,1.0025486946105957,1.0098392963409424,0.007290530484169722,1.0,1.0,0.0,0.0,0.0,270,35.79896545410156,fresh_online_exploration,2,4
53664,53,1.0004265308380127,1.0004265308380127,1.0212228298187256,0.020796440541744232,1.0,1.0,0.0,0.0,0.0,279,35.43607711791992,fresh_online_exploration,2,4
53664,67,1.0001038312911987,1.0001038312911987,1.0016629695892334,0.0015591643750667572,1.0,1.0,0.0,0.0,0.0,284,36.04964828491211,fresh_online_exploration,2,4
53760,32,1.0009920597076416,1.0009920597076416,1.033501148223877,0.03250906243920326,1.0,1.0,0.0,0.0,0.0,249,33.72615051269531,fresh_online_exploration,2,4
54336,77,1.0011016130447388,1.0011016130447388,1.0060410499572754,0.004939495585858822,1.0,1.0,0.0,0.0,0.0,287,36.04595184326172,fresh_online_exploration,2,4
54432,9,1.0010924339294434,1.0010924339294434,1.009125828742981,0.008033396676182747,1.0,1.0,0.0,0.0,0.0,302,36.33628845214844,fresh_online_exploration,2,4
54432,37,1.0038988590240479,1.0038988590240479,1.0083459615707397,0.004446984268724918,1.0,1.0,0.0,0.0,0.0,286,36.17554473876953,fresh_online_exploration,2,4
54432,84,1.0015958547592163,1.0015958547592163,1.0163244009017944,0.014728573150932789,1.0,1.0,0.0,0.0,0.0,283,35.731483459472656,fresh_online_exploration,2,4
54528,73,1.0051093101501465,1.0051093101501465,1.0540876388549805,0.04897850379347801,1.0,1.0,0.0,0.0,0.0,275,35.95598602294922,fresh_online_exploration,2,4
54816,66,1.004769206047058,1.004769206047058,1.0119590759277344,0.007189955562353134,1.0,1.0,0.0,0.0,0.0,284,36.21034240722656,fresh_online_exploration,2,4
54912,89,1.0064294338226318,1.0064294338226318,1.0255470275878906,0.01911773718893528,1.0,1.0,0.0,0.0,0.0,277,35.368896484375,fresh_online_exploration,2,4
56064,34,1.0041152238845825,1.0041152238845825,1.004920482635498,0.0008053046767599881,1.0,1.0,0.0,0.0,0.0,290,36.28842544555664,fresh_online_exploration,2,4
56064,80,1.001783847808838,1.001783847808838,1.0503289699554443,0.04854515567421913,1.0,1.0,0.0,0.0,0.0,269,35.65082550048828,fresh_online_exploration,3,4
56256,36,1.0038481950759888,1.0038481950759888,1.006232738494873,0.002384489169344306,1.0,1.0,0.0,0.0,0.0,254,34.18961715698242,fresh_online_exploration,3,4
56256,90,1.0000921487808228,1.0000921487808228,1.0128049850463867,0.012712838128209114,1.0,1.0,0.0,0.0,0.0,294,36.41350555419922,fresh_online_exploration,2,4
56736,18,1.000596523284912,1.000596523284912,1.0017876625061035,0.0011912131449207664,1.0,1.0,0.0,0.0,0.0,292,36.22844696044922,fresh_online_exploration,2,4
57024,26,1.0032273530960083,1.0032273530960083,1.0070133209228516,0.0037859210278838873,1.0,1.0,0.0,0.0,0.0,310,36.459869384765625,fresh_online_exploration,2,4
57120,10,1.002484917640686,1.002484917640686,1.0069458484649658,0.004460982978343964,1.0,1.0,0.0,0.0,0.0,306,36.588645935058594,fresh_online_exploration,2,4
57312,78,1.0015066862106323,1.0015066862106323,1.0031931400299072,0.0016863906057551503,1.0,1.0,0.0,0.0,0.0,317,36.64417266845703,fresh_online_exploration,2,4
57504,59,1.0009770393371582,1.0009770393371582,1.0054495334625244,0.004472624510526657,1.0,1.0,0.0,0.0,0.0,316,36.95281219482422,fresh_online_exploration,2,4
57600,0,0.002046310342848301,7.913876665099906e-09,0.0026355371810495853,0.0026355297304689884,7.913876665099906e-09,0.0,0.0,1.0,1.0,600,1.6458262205123901,fresh_online_exploration,0,4
57600,1,0.0005741571658290923,7.913876665099906e-09,0.0006403913721442223,0.0006403836887329817,7.913876665099906e-09,0.0,0.0,1.0,1.0,600,1.382331132888794,fresh_online_exploration,0,4
57600,3,0.5880056619644165,7.913875776921486e-09,0.6401617527008057,0.6401617527008057,7.913875776921486e-09,0.0,1.0,1.0,1.0,600,2.825895309448242,fresh_online_exploration,0,4
57600,7,0.5248005390167236,7.913876665099906e-09,0.5465736389160156,0.5465735197067261,7.913876665099906e-09,0.0,1.0,1.0,1.0,600,2.58650803565979,fresh_online_exploration,0,4
57600,8,0.00048536693793721497,7.913876665099906e-09,0.0009693163447082043,0.0009693086612969637,7.913876665099906e-09,0.0,0.0,1.0,1.0,600,1.2686831951141357,fresh_online_exploration,0,4
57600,11,0.425953209400177,7.913869559672548e-09,0.4352603852748871,0.4352603852748871,7.913869559672548e-09,0.0,1.0,1.0,1.0,600,2.687150001525879,fresh_online_exploration,0,4
57600,12,0.004687217995524406,7.913875776921486e-09,0.005925721023231745,0.005925712641328573,7.913875776921486e-09,0.0,0.0,1.0,1.0,600,1.27145516872406,fresh_online_exploration,0,4
57600,17,0.5013227462768555,7.913872224207807e-09,0.5260604023933411,0.5260605812072754,7.913872224207807e-09,0.0,1.0,1.0,1.0,600,2.685610294342041,fresh_online_exploration,0,4
57600,20,0.0029352176934480667,7.913876665099906e-09,0.003529950976371765,0.003529943525791168,7.913876665099906e-09,0.0,0.0,1.0,1.0,600,1.247727394104004,fresh_online_exploration,0,4
57600,23,6.152507557999343e-05,7.913876665099906e-09,0.00010820925672305748,0.00010820130410138518,7.913876665099906e-09,0.0,0.0,1.0,1.0,600,1.2174136638641357,fresh_online_exploration,0,4
57600,24,0.46641793847084045,7.913868671494129e-09,0.4676785469055176,0.4676785171031952,7.913868671494129e-09,0.0,1.0,1.0,1.0,600,2.5493414402008057,fresh_online_exploration,0,4
57600,31,0.5688689947128296,7.91386600695887e-09,0.6484816074371338,0.6484816074371338,7.91386600695887e-09,0.0,1.0,1.0,1.0,600,2.7031161785125732,fresh_online_exploration,0,4
57600,33,0.12275227159261703,7.913876665099906e-09,0.1322602927684784,0.13226032257080078,7.913876665099906e-09,0.0,1.0,1.0,1.0,600,1.6582481861114502,fresh_online_exploration,0,4
57600,38,0.009549089707434177,7.913875776921486e-09,0.011696568690240383,0.011696559377014637,7.913875776921486e-09,0.0,0.0,1.0,1.0,600,1.0640467405319214,fresh_online_exploration,0,4
57600,39,0.5722570419311523,7.913871336029388e-09,0.57911616563797,0.5791160464286804,7.913871336029388e-09,0.0,1.0,1.0,1.0,600,2.835460662841797,fresh_online_exploration,0,4
57600,42,0.43747904896736145,7.913875776921486e-09,0.45804592967033386,0.45804592967033386,7.913875776921486e-09,0.0,1.0,1.0,1.0,600,2.4904353618621826,fresh_online_exploration,0,4
57600,45,0.8408783078193665,7.913876665099906e-09,0.8551700115203857,0.855169951915741,7.913876665099906e-09,0.0,1.0,1.0,1.0,600,2.9772469997406006,fresh_online_exploration,0,4
57600,47,1.0005228519439697,1.0005228519439697,1.00929594039917,0.008772975765168667,1.0,1.0,0.0,0.0,0.0,321,37.014461517333984,fresh_online_exploration,2,4
57600,50,0.5939623117446899,7.913876665099906e-09,0.62025386095047,0.6202539205551147,7.913876665099906e-09,0.0,1.0,1.0,1.0,600,3.069906711578369,fresh_online_exploration,0,4
57600,54,0.0025831074453890324,7.913876665099906e-09,0.005005424842238426,0.005005417857319117,7.913876665099906e-09,0.0,0.0,1.0,1.0,600,1.5540015697479248,fresh_online_exploration,0,4
57600,55,0.005784883629530668,7.913875776921486e-09,0.010599110275506973,0.010599109344184399,7.913875776921486e-09,0.0,0.0,1.0,1.0,600,1.4901926517486572,fresh_online_exploration,0,4
57600,56,0.0020644881296902895,7.913875776921486e-09,0.00394582049921155,0.003945813048630953,7.913875776921486e-09,0.0,0.0,1.0,1.0,600,1.3187744617462158,fresh_online_exploration,0,4
57600,58,0.014205720275640488,7.913876665099906e-09,0.02927851490676403,0.02927851863205433,7.913876665099906e-09,0.0,0.0,1.0,1.0,600,1.3187217712402344,fresh_online_exploration,0,4
57600,61,0.002939777448773384,7.91386600695887e-09,0.0034595972392708063,0.0034595897886902094,7.91386600695887e-09,0.0,0.0,1.0,1.0,600,1.2608650922775269,fresh_online_exploration,0,4
57600,62,0.0037309268955141306,7.913876665099906e-09,0.0039011086337268353,0.0039010997861623764,7.913876665099906e-09,0.0,0.0,1.0,1.0,600,1.2876299619674683,fresh_online_exploration,0,4
57600,70,0.005858988035470247,7.913876665099906e-09,0.012538919225335121,0.01253892108798027,7.913876665099906e-09,0.0,0.0,1.0,1.0,600,1.4619883298873901,fresh_online_exploration,0,4
57600,74,0.004290224052965641,7.913876665099906e-09,0.004306457471102476,0.004306450020521879,7.913876665099906e-09,0.0,0.0,1.0,1.0,600,1.3150646686553955,fresh_online_exploration,0,4
57600,75,0.48283353447914124,7.913873112386227e-09,0.5051153302192688,0.505115270614624,7.913873112386227e-09,0.0,1.0,1.0,1.0,600,3.0009803771972656,fresh_online_exploration,0,4
57600,76,0.0001461038045817986,7.91386689513729e-09,0.0003971171099692583,0.00039710933924652636,7.91386689513729e-09,0.0,0.0,1.0,1.0,600,1.4040312767028809,fresh_online_exploration,0,4
57600,82,0.005333790555596352,7.913875776921486e-09,0.00840934831649065,0.008409346453845501,7.913875776921486e-09,0.0,0.0,1.0,1.0,600,1.3187007904052734,fresh_online_exploration,0,4
57600,91,0.06056305766105652,7.91386689513729e-09,0.06472992897033691,0.06472985446453094,7.91386689513729e-09,0.0,1.0,1.0,1.0,600,1.1401249170303345,fresh_online_exploration,0,4
57600,93,0.004060917068272829,7.913875776921486e-09,0.0055901710875332355,0.005590163171291351,7.913875776921486e-09,0.0,0.0,1.0,1.0,600,1.433179497718811,fresh_online_exploration,0,4
57888,65,1.0049209594726562,1.0049209594726562,1.0181095600128174,0.013188648968935013,1.0,1.0,0.0,0.0,0.0,315,36.80134201049805,fresh_online_exploration,2,4
57888,68,1.0034141540527344,1.0034141540527344,1.0131595134735107,0.009745395742356777,1.0,1.0,0.0,0.0,0.0,327,37.25074768066406,fresh_online_exploration,2,4
58272,87,1.002776861190796,1.002776861190796,1.0086820125579834,0.005905223544687033,1.0,1.0,0.0,0.0,0.0,294,36.48509216308594,fresh_online_exploration,2,4
58368,88,1.001706838607788,1.001706838607788,1.0070536136627197,0.005346701946109533,1.0,1.0,0.0,0.0,0.0,310,36.70582962036133,fresh_online_exploration,2,4
58752,71,1.0001460313796997,1.0001460313796997,1.0160338878631592,0.015887945890426636,1.0,1.0,0.0,0.0,0.0,325,36.8492546081543,fresh_online_exploration,2,4
58848,86,1.000157117843628,1.000157117843628,1.0071673393249512,0.007010334171354771,1.0,1.0,0.0,0.0,0.0,317,36.42795944213867,fresh_online_exploration,2,4
59520,57,1.0020432472229004,1.0020432472229004,1.0164880752563477,0.014444810338318348,1.0,1.0,0.0,0.0,0.0,293,36.36091232299805,fresh_online_exploration,3,4
59904,63,1.0021570920944214,1.0021570920944214,1.0247411727905273,0.022583920508623123,1.0,1.0,0.0,0.0,0.0,362,37.909461975097656,fresh_online_exploration,2,4
60000,5,1.001953363418579,1.001953363418579,1.0073444843292236,0.0053911288268864155,1.0,1.0,0.0,0.0,0.0,295,35.95320510864258,fresh_online_exploration,3,4
60096,79,1.0045833587646484,1.0045833587646484,1.0115468502044678,0.006963465362787247,1.0,1.0,0.0,0.0,0.0,288,36.08713150024414,fresh_online_exploration,3,5
60864,52,1.0056601762771606,1.0056601762771606,1.0204477310180664,0.014787345193326473,1.0,1.0,0.0,0.0,0.0,353,37.964141845703125,fresh_online_exploration,2,5
61056,69,1.0009305477142334,1.0009305477142334,1.0242626667022705,0.023332154378294945,1.0,1.0,0.0,0.0,0.0,296,36.04219055175781,fresh_online_exploration,3,5
61344,21,1.002811312675476,1.002811312675476,1.0124455690383911,0.009634227491915226,1.0,1.0,0.0,0.0,0.0,340,37.60142517089844,fresh_online_exploration,2,5
67680,14,1.0055385828018188,1.0055385828018188,1.0267724990844727,0.021234022453427315,1.0,1.0,0.0,0.0,0.0,391,38.77469253540039,fresh_online_exploration,3,5
77856,40,1.0048853158950806,1.0048853158950806,1.0325331687927246,0.027647754177451134,1.0,1.0,0.0,0.0,0.0,279,36.07331466674805,fresh_online_exploration,4,6
79008,73,1.0054322481155396,1.0054322481155396,1.014681100845337,0.009248853661119938,1.0,1.0,0.0,0.0,0.0,255,34.9998893737793,fresh_online_exploration,4,6
79584,83,1.0024493932724,1.0024493932724,1.0283265113830566,0.0258772075176239,1.0,1.0,0.0,0.0,0.0,298,36.38816833496094,fresh_online_exploration,4,6
79968,67,1.0057055950164795,1.0057055950164795,1.0124716758728027,0.006766133476048708,1.0,1.0,0.0,0.0,0.0,274,35.96590042114258,fresh_online_exploration,4,6
80832,53,1.0018935203552246,1.0018935203552246,1.0062072277069092,0.004313801880925894,1.0,1.0,0.0,0.0,0.0,283,36.18302917480469,fresh_online_exploration,4,7
80928,6,1.0022414922714233,1.0022414922714233,1.0087708234786987,0.006529310252517462,1.0,1.0,0.0,0.0,0.0,297,36.53691101074219,fresh_online_exploration,4,7
80928,32,1.0004199743270874,1.0004199743270874,1.0146812200546265,0.014261242933571339,1.0,1.0,0.0,0.0,0.0,283,35.83013916015625,fresh_online_exploration,4,7
81024,25,1.0026628971099854,1.0026628971099854,1.0452526807785034,0.04258973151445389,1.0,1.0,0.0,0.0,0.0,302,36.25534439086914,fresh_online_exploration,4,7
81120,2,1.0054054260253906,1.0054054260253906,1.01388680934906,0.00848133023828268,1.0,1.0,0.0,0.0,0.0,292,35.93816375732422,fresh_online_exploration,4,7
81120,46,1.0045623779296875,1.0045623779296875,1.0106918811798096,0.006129492539912462,1.0,1.0,0.0,0.0,0.0,311,36.90629577636719,fresh_online_exploration,4,7
81120,90,1.0001426935195923,1.0001426935195923,1.005232572555542,0.005089830607175827,1.0,1.0,0.0,0.0,0.0,259,33.68626403808594,fresh_online_exploration,4,7
81216,17,1.0061860084533691,1.0061860084533691,1.0504775047302246,0.04429111257195473,1.0,1.0,0.0,0.0,0.0,246,34.771141052246094,fresh_online_exploration,4,7
81216,37,1.0020865201950073,1.0020865201950073,1.004746675491333,0.0026602097786962986,1.0,1.0,0.0,0.0,0.0,279,36.00893783569336,fresh_online_exploration,4,7
81216,44,1.0007963180541992,1.0007963180541992,1.0027884244918823,0.0019920787308365107,1.0,1.0,0.0,0.0,0.0,297,36.278282165527344,fresh_online_exploration,4,7
81216,51,1.0033769607543945,1.0033769607543945,1.0060275793075562,0.0026505570858716965,1.0,1.0,0.0,0.0,0.0,297,36.51961898803711,fresh_online_exploration,4,7
81312,84,1.0032960176467896,1.0032960176467896,1.0078856945037842,0.004589770920574665,1.0,1.0,0.0,0.0,0.0,280,36.005882263183594,fresh_online_exploration,4,7
81504,16,1.0010406970977783,1.0010406970977783,1.0116662979125977,0.010625439696013927,1.0,1.0,0.0,0.0,0.0,296,36.34464645385742,fresh_online_exploration,4,7
81600,64,1.0013254880905151,1.0013254880905151,1.0033771991729736,0.0020518312230706215,1.0,1.0,0.0,0.0,0.0,304,36.509376525878906,fresh_online_exploration,4,7
82176,9,1.0031359195709229,1.0031359195709229,1.0096094608306885,0.0064735873602330685,1.0,1.0,0.0,0.0,0.0,289,36.118408203125,fresh_online_exploration,4,7
82368,15,1.0041987895965576,1.0041987895965576,1.0063679218292236,0.002169043757021427,1.0,1.0,0.0,0.0,0.0,309,36.67735290527344,fresh_online_exploration,4,7
82464,41,0.583103597164154,7.913871336029388e-09,0.5912304520606995,0.5912305116653442,7.913871336029388e-09,0.0,1.0,1.0,1.0,600,2.97257661819458,fresh_online_exploration,2,7
82656,74,1.0021076202392578,1.0021076202392578,1.0077639818191528,0.005656446795910597,1.0,1.0,0.0,0.0,0.0,261,33.9324951171875,fresh_online_exploration,4,7
83136,89,1.0053445100784302,1.0053445100784302,1.006471872329712,0.00112739612814039,1.0,1.0,0.0,0.0,0.0,294,36.39800262451172,fresh_online_exploration,4,7
83232,75,1.0062075853347778,1.0062075853347778,1.0073316097259521,0.0011240842286497355,1.0,1.0,0.0,0.0,0.0,267,35.28200912475586,fresh_online_exploration,4,7
83232,81,0.5913119316101074,7.91386600695887e-09,0.5996730327606201,0.5996731519699097,7.91386600695887e-09,0.0,1.0,1.0,1.0,600,2.654902696609497,fresh_online_exploration,2,7
83232,82,1.0041232109069824,1.0041232109069824,1.0103635787963867,0.006240446586161852,1.0,1.0,0.0,0.0,0.0,267,35.2628173828125,fresh_online_exploration,4,7
83328,24,1.005724549293518,1.005724549293518,1.0434292554855347,0.03770459070801735,1.0,1.0,0.0,0.0,0.0,268,35.458778381347656,fresh_online_exploration,4,7
83520,4,0.6659210324287415,7.913877553278326e-09,0.7035341262817383,0.7035341858863831,7.913877553278326e-09,0.0,1.0,1.0,1.0,600,2.982938289642334,fresh_online_exploration,2,7
83520,85,0.46657976508140564,7.913876665099906e-09,0.4741850197315216,0.4741850197315216,7.913876665099906e-09,0.0,1.0,1.0,1.0,600,2.4509806632995605,fresh_online_exploration,2,7
83616,27,0.0041532376781105995,7.913876665099906e-09,0.0046301125548779964,0.004630105569958687,7.913876665099906e-09,0.0,0.0,1.0,1.0,600,1.5443521738052368,fresh_online_exploration,2,7
83712,13,1.003909707069397,1.003909707069397,1.0059199333190918,0.002010232536122203,1.0,1.0,0.0,0.0,0.0,314,36.68223571777344,fresh_online_exploration,4,7
83808,60,0.02179935947060585,7.913875776921486e-09,0.06250762194395065,0.06250761449337006,7.913875776921486e-09,0.0,1.0,1.0,1.0,600,1.557033896446228,fresh_online_exploration,2,7
83808,62,1.005484700202942,1.005484700202942,1.0079150199890137,0.002430339576676488,1.0,1.0,0.0,0.0,0.0,273,35.39659881591797,fresh_online_exploration,4,7
83904,43,1.0007625818252563,1.0007625818252563,1.0085792541503906,0.007816542871296406,1.0,1.0,0.0,0.0,0.0,323,37.03295135498047,fresh_online_exploration,4,7
84096,0,1.000770926475525,1.000770926475525,1.003732681274414,0.00296181533485651,1.0,1.0,0.0,0.0,0.0,276,35.41281509399414,fresh_online_exploration,4,7
84096,35,0.4542628228664398,7.913867783315709e-09,0.4742952585220337,0.47429507970809937,7.913867783315709e-09,0.0,1.0,1.0,1.0,600,2.762324333190918,fresh_online_exploration,2,7
84096,78,1.0016148090362549,1.0016148090362549,1.0050294399261475,0.0034147154074162245,1.0,1.0,0.0,0.0,0.0,279,35.584815979003906,fresh_online_exploration,4,7
84192,91,1.003288984298706,1.003288984298706,1.1241052150726318,0.12081647664308548,1.0,1.0,1.0,0.0,0.0,277,35.707275390625,fresh_online_exploration,4,7
84480,3,1.0049107074737549,1.0049107074737549,1.0071370601654053,0.0022264125291258097,1.0,1.0,0.0,0.0,0.0,280,35.491607666015625,fresh_online_exploration,4,7
84576,77,1.0010607242584229,1.0010607242584229,1.0049755573272705,0.003914846573024988,1.0,1.0,0.0,0.0,0.0,315,36.56378173828125,fresh_online_exploration,4,7
84672,93,1.000123143196106,1.000123143196106,1.003980040550232,0.003856911323964596,1.0,1.0,0.0,0.0,0.0,282,36.08655548095703,fresh_online_exploration,4,7
84768,59,1.0039033889770508,1.0039033889770508,1.0054600238800049,0.0015566241927444935,1.0,1.0,0.0,0.0,0.0,284,36.128143310546875,fresh_online_exploration,4,7
84768,95,7.645165169378743e-05,7.913876665099906e-09,0.00019428225641604513,0.00019427441293373704,7.913876665099906e-09,0.0,0.0,1.0,1.0,600,1.2517969608306885,fresh_online_exploration,2,7
84864,1,1.0030261278152466,1.0030261278152466,1.0155144929885864,0.012488326989114285,1.0,1.0,0.0,0.0,0.0,284,36.153419494628906,fresh_online_exploration,4,7
84864,19,0.00014424027176573873,7.913869559672548e-09,0.00026769391843117774,0.0002676860603969544,7.913869559672548e-09,0.0,0.0,1.0,1.0,600,1.7788182497024536,fresh_online_exploration,2,7
84864,36,1.004189133644104,1.004189133644104,1.0042039155960083,1.4761637430638075e-05,1.0,1.0,0.0,0.0,0.0,298,36.52688980102539,fresh_online_exploration,4,7
84864,94,1.003365397453308,1.003365397453308,1.008973479270935,0.0056080808863043785,1.0,1.0,0.0,0.0,0.0,328,36.93268585205078,fresh_online_exploration,4,7
85152,11,1.0006153583526611,1.0006153583526611,1.0007894039154053,0.00017401299555785954,1.0,1.0,0.0,0.0,0.0,287,36.069461822509766,fresh_online_exploration,4,7
85440,31,1.0015990734100342,1.0015990734100342,1.0099544525146484,0.008355440571904182,1.0,1.0,0.0,0.0,0.0,290,36.3480339050293,fresh_online_exploration,4,7
85440,80,1.0015833377838135,1.0015833377838135,1.0022764205932617,0.0006929873488843441,1.0,1.0,0.0,0.0,0.0,306,36.50870132446289,fresh_online_exploration,4,7
85440,92,0.0017865621484816074,7.913876665099906e-09,0.0031967381946742535,0.0031967307440936565,7.913876665099906e-09,0.0,0.0,1.0,1.0,600,1.4709221124649048,fresh_online_exploration,2,7
85536,12,1.0002974271774292,1.0002974271774292,1.0034124851226807,0.0031150884460657835,1.0,1.0,0.0,0.0,0.0,291,36.29862976074219,fresh_online_exploration,4,7
85632,28,0.0010942883091047406,7.913875776921486e-09,0.0019925576634705067,0.0019925504457205534,7.913875776921486e-09,0.0,0.0,1.0,1.0,600,1.548803687095642,fresh_online_exploration,2,7
85728,76,1.000862717628479,1.000862717628479,1.0024330615997314,0.0015702438540756702,1.0,1.0,0.0,0.0,0.0,293,36.408660888671875,fresh_online_exploration,4,7
85920,26,1.0059396028518677,1.0059396028518677,1.0107691287994385,0.004829529207199812,1.0,1.0,0.0,0.0,0.0,301,36.65388870239258,fresh_online_exploration,4,7
86112,42,1.0005749464035034,1.0005749464035034,1.0020899772644043,0.0015149288810789585,1.0,1.0,0.0,0.0,0.0,297,36.28514862060547,fresh_online_exploration,4,7
86304,10,1.0048284530639648,1.0048284530639648,1.005615472793579,0.0007870522676967084,1.0,1.0,0.0,0.0,0.0,304,36.57533645629883,fresh_online_exploration,4,7
86304,70,1.0050517320632935,1.0050517320632935,1.011396884918213,0.0063452767208218575,1.0,1.0,0.0,0.0,0.0,299,36.42277526855469,fresh_online_exploration,4,7
86304,71,1.0017333030700684,1.0017333030700684,1.005110263824463,0.003377032931894064,1.0,1.0,0.0,0.0,0.0,287,36.11460876464844,fresh_online_exploration,4,7
86496,20,1.000408411026001,1.000408411026001,1.0025231838226318,0.0021148514933884144,1.0,1.0,0.0,0.0,0.0,301,36.51934051513672,fresh_online_exploration,4,7
86688,58,1.0042297840118408,1.0042297840118408,1.0044095516204834,0.00017971161287277937,1.0,1.0,0.0,0.0,0.0,303,36.46788787841797,fresh_online_exploration,4,7
86688,66,1.0033745765686035,1.0033745765686035,1.0066949129104614,0.0033202851191163063,1.0,1.0,0.0,0.0,0.0,332,36.98347473144531,fresh_online_exploration,4,7
86688,68,1.0044546127319336,1.0044546127319336,1.0083431005477905,0.0038884864188730717,1.0,1.0,0.0,0.0,0.0,300,36.55094528198242,fresh_online_exploration,4,7
86784,56,1.0017147064208984,1.0017147064208984,1.004687786102295,0.002973133698105812,1.0,1.0,0.0,0.0,0.0,304,36.614078521728516,fresh_online_exploration,4,7
86784,87,1.0047200918197632,1.0047200918197632,1.0065374374389648,0.0018172457348555326,1.0,1.0,0.0,0.0,0.0,297,36.123050689697266,fresh_online_exploration,4,7
86880,72,0.5524332523345947,7.913876665099906e-09,0.5762754082679749,0.5762754678726196,7.913876665099906e-09,0.0,1.0,1.0,1.0,600,2.8160200119018555,fresh_online_exploration,2,7
86976,61,1.001844048500061,1.001844048500061,1.0088750123977661,0.007030918262898922,1.0,1.0,0.0,0.0,0.0,306,36.50220489501953,fresh_online_exploration,4,7
87264,47,1.0020545721054077,1.0020545721054077,1.0086274147033691,0.006572965998202562,1.0,1.0,0.0,0.0,0.0,309,36.58390808105469,fresh_online_exploration,4,7
87360,23,1.0030964612960815,1.0030964612960815,1.0101685523986816,0.00707208551466465,1.0,1.0,0.0,0.0,0.0,310,36.707542419433594,fresh_online_exploration,4,7
87360,50,1.0044667720794678,1.0044667720794678,1.0071685314178467,0.002701766090467572,1.0,1.0,0.0,0.0,0.0,310,36.707603454589844,fresh_online_exploration,4,7
87360,54,1.0020571947097778,1.0020571947097778,1.0026845932006836,0.0006274130428209901,1.0,1.0,0.0,0.0,0.0,310,36.36429214477539,fresh_online_exploration,4,7
87648,55,1.00472092628479,1.00472092628479,1.0114922523498535,0.006771249696612358,1.0,1.0,0.0,0.0,0.0,313,36.767662048339844,fresh_online_exploration,4,7
87840,33,1.0033403635025024,1.0033403635025024,1.006974220275879,0.0036339196376502514,1.0,1.0,0.0,0.0,0.0,315,36.58015441894531,fresh_online_exploration,4,7
87936,7,1.0021358728408813,1.0021358728408813,1.0027592182159424,0.0006233746535144746,1.0,1.0,0.0,0.0,0.0,316,36.59676742553711,fresh_online_exploration,4,7
88608,39,1.0032215118408203,1.0032215118408203,1.0065107345581055,0.0032892862800508738,1.0,1.0,0.0,0.0,0.0,323,37.059207916259766,fresh_online_exploration,4,7
88800,48,1.0006359815597534,1.0006359815597534,1.0101706981658936,0.009534712880849838,1.0,1.0,0.0,0.0,0.0,366,37.84724426269531,fresh_online_exploration,4,7
88800,69,1.0013728141784668,1.0013728141784668,1.0032368898391724,0.001864087302237749,1.0,1.0,0.0,0.0,0.0,289,35.854393005371094,fresh_online_exploration,5,7
88992,22,0.5057769417762756,7.913874888743067e-09,0.5101081728935242,0.510108232498169,7.913874888743067e-09,0.0,1.0,1.0,1.0,600,2.346615791320801,fresh_online_exploration,3,7
89184,30,0.7106457352638245,7.913875776921486e-09,0.7301932573318481,0.7301931381225586,7.913875776921486e-09,0.0,1.0,1.0,1.0,600,2.976762294769287,fresh_online_exploration,3,7
89568,88,1.0007734298706055,1.0007734298706055,1.0077321529388428,0.006958550773561001,1.0,1.0,0.0,0.0,0.0,325,36.986812591552734,fresh_online_exploration,4,7
89760,86,1.0063356161117554,1.0063356161117554,1.0093774795532227,0.003041944932192564,1.0,1.0,0.0,0.0,0.0,322,36.78959655761719,fresh_online_exploration,4,7
91200,45,1.0026254653930664,1.0026254653930664,1.0261235237121582,0.02349834330379963,1.0,1.0,0.0,0.0,0.0,350,37.685977935791016,fresh_online_exploration,4,8
92160,52,1.0022293329238892,1.0022293329238892,1.0051522254943848,0.0029229859355837107,1.0,1.0,0.0,0.0,0.0,326,36.96778106689453,fresh_online_exploration,5,8
92832,5,1.00494384765625,1.00494384765625,1.0123040676116943,0.0073602828197181225,1.0,1.0,0.0,0.0,0.0,342,37.22938919067383,fresh_online_exploration,4,8
92832,21,1.0057111978530884,1.0057111978530884,1.0094853639602661,0.0037741344422101974,1.0,1.0,0.0,0.0,0.0,328,36.792816162109375,fresh_online_exploration,5,8
93024,65,1.0019601583480835,1.0019601583480835,1.010972023010254,0.009011960588395596,1.0,1.0,0.0,0.0,0.0,366,37.90658187866211,fresh_online_exploration,4,8
93312,63,1.005699872970581,1.005699872970581,1.0095906257629395,0.003890763968229294,1.0,1.0,0.0,0.0,0.0,348,37.443992614746094,fresh_online_exploration,4,8
93696,79,1.0043329000473022,1.0043329000473022,1.0084855556488037,0.004152671899646521,1.0,1.0,0.0,0.0,0.0,350,37.31792068481445,fresh_online_exploration,5,8
94080,57,1.0011544227600098,1.0011544227600098,1.0044465065002441,0.0032920450903475285,1.0,1.0,0.0,0.0,0.0,360,37.795860290527344,fresh_online_exploration,4,8
96192,14,1.0022861957550049,1.0022861957550049,1.002756118774414,0.00046986056258901954,1.0,1.0,0.0,0.0,0.0,297,36.21099853515625,fresh_online_exploration,5,8
106464,40,1.00115168094635,1.00115168094635,1.005272626876831,0.0041208635084331036,1.0,1.0,0.0,0.0,0.0,298,36.36639404296875,fresh_online_exploration,6,9
108768,29,0.00429213372990489,7.913876665099906e-09,0.004635683726519346,0.004635676741600037,7.913876665099906e-09,0.0,0.0,1.0,1.0,600,1.7480781078338623,fresh_online_exploration,4,9
109248,67,1.0011520385742188,1.0011520385742188,1.0022872686386108,0.0011352677829563618,1.0,1.0,0.0,0.0,0.0,305,36.4950065612793,fresh_online_exploration,6,9
109344,16,1.0053575038909912,1.0053575038909912,1.0101780891418457,0.004820497240871191,1.0,1.0,0.0,0.0,0.0,290,36.31355667114258,fresh_online_exploration,7,9
109440,73,1.0022660493850708,1.0022660493850708,1.0034832954406738,0.0012172921560704708,1.0,1.0,0.0,0.0,0.0,317,36.768489837646484,fresh_online_exploration,6,9
110016,6,1.002107858657837,1.002107858657837,1.002191185951233,8.3319449913688e-05,1.0,1.0,0.0,0.0,0.0,303,36.43049621582031,fresh_online_exploration,7,9
110208,2,1.0031616687774658,1.0031616687774658,1.0041298866271973,0.0009681367082521319,1.0,1.0,0.0,0.0,0.0,303,36.55638122558594,fresh_online_exploration,7,10
110208,90,1.001002550125122,1.001002550125122,1.0011205673217773,0.00011797590559581295,1.0,1.0,0.0,0.0,0.0,303,36.50953674316406,fresh_online_exploration,7,10
110496,17,1.0008732080459595,1.0008732080459595,1.0009757280349731,0.00010251623461954296,1.0,1.0,0.0,0.0,0.0,305,36.4564323425293,fresh_online_exploration,7,10
110592,25,1.0029603242874146,1.0029603242874146,1.0039862394332886,0.0010259076952934265,1.0,1.0,0.0,0.0,0.0,308,36.42066192626953,fresh_online_exploration,7,10
110592,64,1.0009255409240723,1.0009255409240723,1.003751516342163,0.002825996605679393,1.0,1.0,0.0,0.0,0.0,302,36.47789001464844,fresh_online_exploration,7,10
110880,49,0.8556289076805115,7.913875776921486e-09,0.8653132915496826,0.8653132319450378,7.913875776921486e-09,0.0,1.0,1.0,1.0,600,3.4768447875976562,fresh_online_exploration,4,10
110976,53,1.005500316619873,1.005500316619873,1.0060458183288574,0.0005453908815979958,1.0,1.0,0.0,0.0,0.0,314,36.636505126953125,fresh_online_exploration,7,10
110976,83,1.0038502216339111,1.0038502216339111,1.0050866603851318,0.0012365237344056368,1.0,1.0,0.0,0.0,0.0,327,36.8932991027832,fresh_online_exploration,6,10
111072,84,1.0041848421096802,1.0041848421096802,1.004594326019287,0.00040948018431663513,1.0,1.0,0.0,1.0,0.0,310,36.909217834472656,fresh_online_exploration,7,10
111264,32,1.0019510984420776,1.0019510984420776,1.0027847290039062,0.000833692669402808,1.0,1.0,0.0,0.0,0.0,316,36.8006706237793,fresh_online_exploration,7,10
111264,41,1.005338430404663,1.005338430404663,1.0125805139541626,0.007242137100547552,1.0,1.0,0.0,0.0,0.0,300,36.6455192565918,fresh_online_exploration,7,10
111360,37,1.0032975673675537,1.0032975673675537,1.0050382614135742,0.0017407677369192243,1.0,1.0,0.0,0.0,0.0,314,36.889251708984375,fresh_online_exploration,7,10
111360,46,1.0007917881011963,1.0007917881011963,1.0011591911315918,0.00036744168028235435,1.0,1.0,0.0,0.0,0.0,315,36.743797302246094,fresh_online_exploration,7,10
111552,4,1.0044023990631104,1.0044023990631104,1.013852596282959,0.00945021491497755,1.0,1.0,0.0,0.0,0.0,292,36.32707977294922,fresh_online_exploration,7,10
111648,60,1.001448154449463,1.001448154449463,1.0015249252319336,7.667553290957585e-05,1.0,1.0,0.0,0.0,0.0,290,36.28390884399414,fresh_online_exploration,7,10
111744,44,1.002713918685913,1.002713918685913,1.0045157670974731,0.001801818609237671,1.0,1.0,0.0,0.0,0.0,318,36.838714599609375,fresh_online_exploration,7,10
112320,27,1.000809907913208,1.000809907913208,1.000908613204956,9.866923210211098e-05,1.0,1.0,0.0,0.0,0.0,299,36.17611312866211,fresh_online_exploration,7,10
112512,82,1.0003957748413086,1.0003957748413086,1.0178853273391724,0.01748959720134735,1.0,1.0,0.0,0.0,0.0,305,36.662010192871094,fresh_online_exploration,7,10
112800,13,1.003645896911621,1.003645896911621,1.0045043230056763,0.0008584544411860406,1.0,1.0,0.0,0.0,0.0,303,36.525306701660156,fresh_online_exploration,7,10
112800,77,1.0014489889144897,1.0014489889144897,1.0019540786743164,0.0005050114123150706,1.0,1.0,0.0,0.0,0.0,294,36.133575439453125,fresh_online_exploration,7,10
112992,24,1.0051406621932983,1.0051406621932983,1.006077766418457,0.0009372651693411171,1.0,1.0,0.0,0.0,0.0,309,36.64228439331055,fresh_online_exploration,7,10
112992,43,1.003277063369751,1.003277063369751,1.0034220218658447,0.00014492572518065572,1.0,1.0,0.0,0.0,0.0,303,36.35365295410156,fresh_online_exploration,7,10
113184,85,1.002407431602478,1.002407431602478,1.0027618408203125,0.00035443968954496086,1.0,1.0,0.0,0.0,0.0,309,36.69550704956055,fresh_online_exploration,7,10
113280,15,1.000754475593567,1.000754475593567,1.008718490600586,0.007963994517922401,1.0,1.0,0.0,0.0,0.0,322,36.72333526611328,fresh_online_exploration,7,10
113280,78,1.0046459436416626,1.0046459436416626,1.0155115127563477,0.010865587741136551,1.0,1.0,0.0,0.0,0.0,304,36.67819595336914,fresh_online_exploration,7,10
113376,81,1.002562165260315,1.002562165260315,1.0027998685836792,0.00023768558457959443,1.0,1.0,0.0,0.0,0.0,314,36.642574310302734,fresh_online_exploration,7,10
113472,62,1.0006662607192993,1.0006662607192993,1.001283884048462,0.0006175310118123889,1.0,1.0,0.0,0.0,0.0,309,36.49943923950195,fresh_online_exploration,7,10
113568,19,1.0001791715621948,1.0001791715621948,1.0120887756347656,0.011909480206668377,1.0,1.0,0.0,0.0,0.0,299,36.145286560058594,fresh_online_exploration,7,10
113664,34,0.9759098887443542,7.913875776921486e-09,0.9804559350013733,0.9804559946060181,7.913875776921486e-09,0.0,1.0,1.0,1.0,600,3.3992912769317627,fresh_online_exploration,4,10
113664,51,1.0046629905700684,1.0046629905700684,1.0055804252624512,0.00091747468104586,1.0,1.0,0.0,1.0,0.0,338,37.17473602294922,fresh_online_exploration,7,10
113664,89,1.0039710998535156,1.0039710998535156,1.0043351650238037,0.000364094041287899,1.0,1.0,0.0,0.0,0.0,318,36.98479461669922,fresh_online_exploration,7,10
113952,91,1.0042804479599,1.0042804479599,1.004726529121399,0.0004461065982468426,1.0,1.0,0.0,0.0,0.0,310,36.65714645385742,fresh_online_exploration,7,10
114048,35,1.0001957416534424,1.0001957416534424,1.0086886882781982,0.008492977358400822,1.0,1.0,0.0,0.0,0.0,312,36.565093994140625,fresh_online_exploration,7,10
114144,0,1.0010550022125244,1.0010550022125244,1.001114845275879,5.985834650346078e-05,1.0,1.0,0.0,0.0,0.0,313,36.47935485839844,fresh_online_exploration,7,10
114144,26,1.0018763542175293,1.0018763542175293,1.00346040725708,0.001584078068844974,1.0,1.0,0.0,0.0,0.0,294,36.23054122924805,fresh_online_exploration,7,10
114240,95,1.0044487714767456,1.0044487714767456,1.0045957565307617,0.00014699353778269142,1.0,1.0,0.0,0.0,0.0,307,36.42530059814453,fresh_online_exploration,7,10
114336,18,0.9672684073448181,7.913876665099906e-09,0.9810053110122681,0.9810051918029785,7.913876665099906e-09,0.0,1.0,1.0,1.0,600,3.709033966064453,fresh_online_exploration,4,10
114336,36,1.0019749402999878,1.0019749402999878,1.0063834190368652,0.004408454522490501,1.0,1.0,0.0,0.0,0.0,307,36.59547424316406,fresh_online_exploration,7,10
114432,3,1.0022557973861694,1.0022557973861694,1.0035247802734375,0.0012689167633652687,1.0,1.0,0.0,0.0,0.0,312,36.6270751953125,fresh_online_exploration,7,10
114720,75,1.0002161264419556,1.0002161264419556,1.0016682147979736,0.0014521089615300298,1.0,1.0,0.0,1.0,0.0,328,36.957393646240234,fresh_online_exploration,7,10
114720,94,1.004280686378479,1.004280686378479,1.005589246749878,0.001308560254983604,1.0,1.0,0.0,0.0,0.0,311,36.55632400512695,fresh_online_exploration,7,10
114912,9,1.000874400138855,1.000874400138855,1.0012233257293701,0.0003490214003250003,1.0,1.0,0.0,1.0,0.0,341,37.443016052246094,fresh_online_exploration,7,10
114912,66,1.0043673515319824,1.0043673515319824,1.0047414302825928,0.000374011171516031,1.0,1.0,0.0,0.0,0.0,294,36.20595169067383,fresh_online_exploration,7,10
114912,74,1.0041230916976929,1.0041230916976929,1.0043818950653076,0.00025885002105496824,1.0,1.0,0.0,1.0,0.0,336,37.280147552490234,fresh_online_exploration,7,10
114912,80,1.0010777711868286,1.0010777711868286,1.0071542263031006,0.0060765123926103115,1.0,1.0,0.0,0.0,0.0,307,36.481903076171875,fresh_online_exploration,7,10
115008,54,1.0032624006271362,1.0032624006271362,1.0035330057144165,0.0002706572413444519,1.0,1.0,0.0,0.0,0.0,288,36.10602569580078,fresh_online_exploration,7,10
115200,8,0.0008329377742484212,7.913876665099906e-09,0.0008564128074795008,0.000856405240483582,7.913876665099906e-09,0.0,0.0,1.0,1.0,600,1.5948784351348877,fresh_online_exploration,4,10
115200,11,1.0004518032073975,1.0004518032073975,1.0008068084716797,0.0003549778484739363,1.0,1.0,0.0,1.0,0.0,313,36.65191650390625,fresh_online_exploration,7,10
115200,38,0.006375080905854702,7.913875776921486e-09,0.010594470426440239,0.010594469495117664,7.913875776921486e-09,0.0,0.0,1.0,1.0,600,1.4906551837921143,fresh_online_exploration,4,10
115296,12,1.0053720474243164,1.0053720474243164,1.006178855895996,0.0008067440940067172,1.0,1.0,0.0,0.0,0.0,310,36.685489654541016,fresh_online_exploration,7,10
115296,28,1.0009198188781738,1.0009198188781738,1.0012075901031494,0.0002878501545637846,1.0,1.0,0.0,0.0,0.0,309,36.52897262573242,fresh_online_exploration,7,10
115392,70,1.001003623008728,1.001003623008728,1.0010758638381958,7.22382465028204e-05,1.0,1.0,0.0,0.0,0.0,303,36.47499084472656,fresh_online_exploration,7,10
115488,10,1.0043619871139526,1.0043619871139526,1.0051002502441406,0.000738338625524193,1.0,1.0,0.0,0.0,0.0,304,36.55451202392578,fresh_online_exploration,7,10
115488,87,1.0034527778625488,1.0034527778625488,1.004279613494873,0.0008268008241429925,1.0,1.0,0.0,0.0,0.0,299,36.41490173339844,fresh_online_exploration,7,10
115584,1,1.0011404752731323,1.0011404752731323,1.0020687580108643,0.0009283137624152005,1.0,1.0,0.0,1.0,0.0,320,36.872596740722656,fresh_online_exploration,7,10
115584,71,1.0019748210906982,1.0019748210906982,1.0023634433746338,0.0003885301703121513,1.0,1.0,0.0,0.0,0.0,305,36.56708908081055,fresh_online_exploration,7,10
115680,31,1.0016148090362549,1.0016148090362549,1.002214789390564,0.0005999828572385013,1.0,1.0,0.0,1.0,0.0,315,36.6622428894043,fresh_online_exploration,7,10
115680,56,1.003125786781311,1.003125786781311,1.0047147274017334,0.0015889869537204504,1.0,1.0,0.0,0.0,0.0,301,36.39728927612305,fresh_online_exploration,7,10
115776,58,1.0039243698120117,1.0039243698120117,1.0140951871871948,0.010170736350119114,1.0,1.0,0.0,0.0,0.0,303,36.58302307128906,fresh_online_exploration,7,10
115776,93,1.0037305355072021,1.0037305355072021,1.006234884262085,0.0025042910128831863,1.0,1.0,0.0,0.0,0.0,324,36.642417907714844,fresh_online_exploration,7,10
115872,20,1.0019115209579468,1.0019115209579468,1.0031485557556152,0.0012371527263894677,1.0,1.0,0.0,0.0,0.0,306,36.45076370239258,fresh_online_exploration,7,10
115968,50,1.0006506443023682,1.0006506443023682,1.0007498264312744,9.912326640915126e-05,1.0,1.0,0.0,0.0,0.0,298,36.216583251953125,fresh_online_exploration,7,10
116160,68,1.0011217594146729,1.0011217594146729,1.0012702941894531,0.0001484276435803622,1.0,1.0,0.0,0.0,0.0,307,36.34706497192383,fresh_online_exploration,7,10
116256,47,1.0035077333450317,1.0035077333450317,1.0039454698562622,0.000437708746176213,1.0,1.0,0.0,0.0,0.0,302,36.508323669433594,fresh_online_exploration,7,10
116256,59,1.004171371459961,1.004171371459961,1.0044543743133545,0.00028288952307775617,1.0,1.0,0.0,1.0,0.0,328,36.83376693725586,fresh_online_exploration,7,10
116352,72,1.0033271312713623,1.0033271312713623,1.0034551620483398,0.00012810742191504687,1.0,1.0,0.0,0.0,0.0,307,36.771053314208984,fresh_online_exploration,7,10
116544,76,1.0026295185089111,1.0026295185089111,1.0030980110168457,0.0004685761814471334,1.0,1.0,0.0,0.0,0.0,321,36.88138961791992,fresh_online_exploration,7,10
116640,39,1.00240957736969,1.00240957736969,1.0024282932281494,1.866508500825148e-05,1.0,1.0,0.0,0.0,0.0,292,36.22334289550781,fresh_online_exploration,7,10
116736,61,1.0009137392044067,1.0009137392044067,1.001448392868042,0.0005346075049601495,1.0,1.0,0.0,0.0,0.0,310,36.4863166809082,fresh_online_exploration,7,10
116928,55,1.0018494129180908,1.0018494129180908,1.001857042312622,7.529857157351216e-06,1.0,1.0,0.0,0.0,0.0,305,36.50132751464844,fresh_online_exploration,7,10
116928,92,1.0004056692123413,1.0004056692123413,1.0028836727142334,0.002478052396327257,1.0,1.0,0.0,1.0,0.0,328,37.07771301269531,fresh_online_exploration,7,10
117312,23,1.0045604705810547,1.0045604705810547,1.0072321891784668,0.0026717514265328646,1.0,1.0,0.0,0.0,0.0,312,36.74519729614258,fresh_online_exploration,7,10
117408,33,1.0015753507614136,1.0015753507614136,1.003289818763733,0.001714472658932209,1.0,1.0,0.0,0.0,0.0,308,36.67167282104492,fresh_online_exploration,7,10
117600,7,1.0028631687164307,1.0028631687164307,1.0034092664718628,0.0005460581742227077,1.0,1.0,0.0,0.0,0.0,309,36.77145767211914,fresh_online_exploration,7,10
117696,42,1.0013569593429565,1.0013569593429565,1.002748966217041,0.00139204494189471,1.0,1.0,0.0,0.0,0.0,329,36.94990539550781,fresh_online_exploration,7,10
117888,69,1.0018688440322876,1.0018688440322876,1.0027915239334106,0.0009227213449776173,1.0,1.0,0.0,0.0,0.0,303,36.55262756347656,fresh_online_exploration,7,10
118272,48,1.0050867795944214,1.0050867795944214,1.0050979852676392,1.1115806955785956e-05,1.0,1.0,0.0,0.0,0.0,307,36.475528717041016,fresh_online_exploration,7,10
118560,22,1.0048478841781616,1.0048478841781616,1.004962682723999,0.00011474172788439319,1.0,1.0,0.0,0.0,0.0,308,36.61574172973633,fresh_online_exploration,7,10
119328,30,1.0045727491378784,1.0045727491378784,1.005481481552124,0.0009088406222872436,1.0,1.0,0.0,0.0,0.0,314,36.34322738647461,fresh_online_exploration,7,10
119712,86,1.0021378993988037,1.0021378993988037,1.0023829936981201,0.00024507183115929365,1.0,1.0,0.0,0.0,0.0,312,36.569236755371094,fresh_online_exploration,7,10
119904,88,1.0022183656692505,1.0022183656692505,1.0022406578063965,2.2249092580750585e-05,1.0,1.0,0.0,1.0,0.0,316,36.73182678222656,fresh_online_exploration,7,10
121152,45,1.0038925409317017,1.0038925409317017,1.0043721199035645,0.00047959928633645177,1.0,1.0,0.0,0.0,0.0,312,36.69834518432617,fresh_online_exploration,8,11
122208,52,1.000418782234192,1.000418782234192,1.0005261898040771,0.00010747724445536733,1.0,1.0,0.0,1.0,0.0,313,36.6663818359375,fresh_online_exploration,8,11
122304,21,1.0056893825531006,1.0056893825531006,1.005720615386963,3.127769014099613e-05,1.0,1.0,0.0,0.0,0.0,307,36.52631759643555,fresh_online_exploration,8,11
122976,65,1.0042508840560913,1.0042508840560913,1.0043151378631592,6.433176167774945e-05,1.0,1.0,0.0,1.0,0.0,312,36.493202209472656,fresh_online_exploration,8,11
123072,63,1.0014876127243042,1.0014876127243042,1.0017952919006348,0.00030772440368309617,1.0,1.0,0.0,0.0,0.0,310,36.49184799194336,fresh_online_exploration,8,11
123360,57,1.004942536354065,1.004942536354065,1.0049582719802856,1.5721607269369997e-05,1.0,1.0,0.0,0.0,0.0,305,36.45363235473633,fresh_online_exploration,8,11
123552,5,1.00467050075531,1.00467050075531,1.0050655603408813,0.0003950474492739886,1.0,1.0,0.0,1.0,0.0,320,36.832576751708984,fresh_online_exploration,8,11
124704,79,1.0032689571380615,1.0032689571380615,1.0033578872680664,8.888282172847539e-05,1.0,1.0,0.0,1.0,0.0,323,36.90630340576172,fresh_online_exploration,8,11
126432,14,1.0025861263275146,1.0025861263275146,1.0056862831115723,0.003100084839388728,1.0,1.0,0.0,0.0,0.0,315,36.84819412231445,fresh_online_exploration,8,11
137568,40,1.0017046928405762,1.0017046928405762,1.0019569396972656,0.00025217505753971636,1.0,1.0,0.0,1.0,0.0,324,36.98053741455078,fresh_online_exploration,9,12
138432,73,1.0002152919769287,1.0002152919769287,1.0003197193145752,0.00010452714195707813,1.0,1.0,0.0,0.0,0.0,302,36.403564453125,fresh_online_exploration,9,12
138816,67,1.0011733770370483,1.0011733770370483,1.001188039779663,1.4596988876292016e-05,1.0,1.0,0.0,0.0,0.0,308,36.50102233886719,fresh_online_exploration,9,12
139776,29,1.0017914772033691,1.0017914772033691,1.0022423267364502,0.00045083972509019077,1.0,1.0,0.0,1.0,0.0,323,36.888423919677734,fresh_online_exploration,9,12
139776,90,1.0010970830917358,1.0010970830917358,1.0013458728790283,0.0002488289901521057,1.0,1.0,0.0,0.0,0.0,308,36.46149444580078,fresh_online_exploration,10,12
139872,49,1.0041370391845703,1.0041370391845703,1.0041444301605225,7.342346634686692e-06,1.0,1.0,0.0,0.0,0.0,302,36.49491500854492,fresh_online_exploration,10,12
139968,2,1.0029593706130981,1.0029593706130981,1.0029915571212769,3.2183121220441535e-05,1.0,1.0,0.0,1.0,0.0,310,36.64642333984375,fresh_online_exploration,10,12
139968,32,1.0004640817642212,1.0004640817642212,1.000754952430725,0.00029088888550177217,1.0,1.0,0.0,0.0,0.0,299,36.37006378173828,fresh_online_exploration,10,12
140064,25,1.00045645236969,1.00045645236969,1.0007197856903076,0.0002633084077388048,1.0,1.0,0.0,0.0,0.0,307,36.524654388427734,fresh_online_exploration,10,12
140064,84,1.0021283626556396,1.0021283626556396,1.0021600723266602,3.176756945322268e-05,1.0,1.0,0.0,0.0,0.0,302,36.406410217285156,fresh_online_exploration,10,12
140448,16,1.0036516189575195,1.0036516189575195,1.0059177875518799,0.002266173716634512,1.0,1.0,0.0,0.0,0.0,324,36.979637145996094,fresh_online_exploration,9,13
140640,41,1.0017613172531128,1.0017613172531128,1.0083932876586914,0.006631940137594938,1.0,1.0,0.0,0.0,0.0,306,36.474491119384766,fresh_online_exploration,10,13
140640,44,1.0056220293045044,1.0056220293045044,1.0185317993164062,0.012909745797514915,1.0,1.0,0.0,0.0,0.0,301,36.409645080566406,fresh_online_exploration,10,13
140928,64,1.0041908025741577,1.0041908025741577,1.0043138265609741,0.00012301644892431796,1.0,1.0,0.0,1.0,0.0,316,36.82160186767578,fresh_online_exploration,10,13
141024,6,1.0039194822311401,1.0039194822311401,1.004293441772461,0.0003738811064977199,1.0,1.0,0.0,0.0,0.0,323,37.013999938964844,fresh_online_exploration,9,13
141024,17,1.0051409006118774,1.0051409006118774,1.0052986145019531,0.00015772093320265412,1.0,1.0,0.0,1.0,0.0,318,36.800537109375,fresh_online_exploration,10,13
141216,37,1.0037745237350464,1.0037745237350464,1.0039299726486206,0.00015541593893431127,1.0,1.0,0.0,1.0,0.0,311,36.69121170043945,fresh_online_exploration,10,13
141312,53,1.0025256872177124,1.0025256872177124,1.0025665760040283,4.0790757338982075e-05,1.0,1.0,0.0,1.0,0.0,316,36.71127700805664,fresh_online_exploration,10,13
141696,60,1.0003852844238281,1.0003852844238281,1.0004929304122925,0.00010765512706711888,1.0,1.0,0.0,1.0,0.0,313,36.62977600097656,fresh_online_exploration,10,13
141696,83,1.003375768661499,1.003375768661499,1.003636360168457,0.0002606221823953092,1.0,1.0,0.0,1.0,0.0,320,36.91825866699219,fresh_online_exploration,10,13
141888,77,1.0024471282958984,1.0024471282958984,1.0025535821914673,0.00010646877490216866,1.0,1.0,0.0,0.0,0.0,303,36.46379470825195,fresh_online_exploration,10,13
141984,4,1.0042144060134888,1.0042144060134888,1.0133358240127563,0.009121389128267765,1.0,1.0,0.0,0.0,0.0,317,36.8266716003418,fresh_online_exploration,10,13
142080,46,1.00409734249115,1.00409734249115,1.0042246580123901,0.00012734632764477283,1.0,1.0,0.0,1.0,0.0,320,36.879188537597656,fresh_online_exploration,10,13
142272,15,1.0008238554000854,1.0008238554000854,1.0009174346923828,9.350452455691993e-05,1.0,1.0,0.0,0.0,0.0,302,36.45719909667969,fresh_online_exploration,10,13
142272,24,1.0013810396194458,1.0013810396194458,1.0014457702636719,6.470508378697559e-05,1.0,1.0,0.0,0.0,0.0,305,36.59003829956055,fresh_online_exploration,10,13
142272,91,1.001204013824463,1.001204013824463,1.0014605522155762,0.0002564780879765749,1.0,1.0,0.0,0.0,0.0,295,36.27109909057617,fresh_online_exploration,10,13
142368,27,1.0053584575653076,1.0053584575653076,1.0055158138275146,0.0001573912741150707,1.0,1.0,0.0,1.0,0.0,313,36.826271057128906,fresh_online_exploration,10,13
142464,62,1.0014851093292236,1.0014851093292236,1.0016605854034424,0.00017544723232276738,1.0,1.0,0.0,0.0,0.0,302,36.3880615234375,fresh_online_exploration,10,13
142656,82,1.0032824277877808,1.0032824277877808,1.0096709728240967,0.006388641893863678,1.0,1.0,0.0,0.0,0.0,314,36.799102783203125,fresh_online_exploration,10,13
142944,13,1.0037883520126343,1.0037883520126343,1.003964900970459,0.00017649740038905293,1.0,1.0,0.0,1.0,0.0,314,36.60392761230469,fresh_online_exploration,10,13
142944,81,1.0052062273025513,1.0052062273025513,1.0054430961608887,0.00023691625392530113,1.0,1.0,0.0,0.0,0.0,308,36.593849182128906,fresh_online_exploration,10,13
143040,0,1.000259280204773,1.000259280204773,1.0002877712249756,2.8408145226421766e-05,1.0,1.0,0.0,0.0,0.0,301,36.36501693725586,fresh_online_exploration,10,13
143232,43,1.005008339881897,1.005008339881897,1.0050228834152222,1.4558715520252008e-05,1.0,1.0,0.0,1.0,0.0,315,36.759769439697266,fresh_online_exploration,10,13
143328,19,1.0015772581100464,1.0015772581100464,1.0020580291748047,0.000480667338706553,1.0,1.0,0.0,0.0,0.0,310,36.63631820678711,fresh_online_exploration,10,13
143328,85,1.0008436441421509,1.0008436441421509,1.0010597705841064,0.00021613242279272527,1.0,1.0,0.0,0.0,0.0,314,36.65431213378906,fresh_online_exploration,10,13
143424,51,1.0015716552734375,1.0015716552734375,1.0017783641815186,0.00020660636073444039,1.0,1.0,0.0,1.0,0.0,310,36.63958740234375,fresh_online_exploration,10,13
143424,89,1.000511646270752,1.000511646270752,1.0011489391326904,0.0006372943753376603,1.0,1.0,0.0,0.0,0.0,310,36.56153869628906,fresh_online_exploration,10,13
143520,34,1.0001169443130493,1.0001169443130493,1.0003187656402588,0.0002018647937802598,1.0,1.0,0.0,0.0,0.0,311,36.62931823730469,fresh_online_exploration,10,13
143904,3,1.0032520294189453,1.0032520294189453,1.0036163330078125,0.0003643538220785558,1.0,1.0,0.0,0.0,0.0,307,36.5684700012207,fresh_online_exploration,10,13
143904,78,1.0032697916030884,1.0032697916030884,1.0086898803710938,0.0054200622253119946,1.0,1.0,0.0,0.0,0.0,319,36.88602066040039,fresh_online_exploration,10,13
144000,26,1.003452181816101,1.003452181816101,1.0036379098892212,0.000185733922990039,1.0,1.0,0.0,1.0,0.0,311,36.72111892700195,fresh_online_exploration,10,13
144000,35,1.000424861907959,1.000424861907959,1.0115021467208862,0.011077397502958775,1.0,1.0,0.0,0.0,0.0,312,36.65415954589844,fresh_online_exploration,10,13
144000,54,1.004034399986267,1.004034399986267,1.0047197341918945,0.0006852448568679392,1.0,1.0,0.0,0.0,0.0,302,36.453285217285156,fresh_online_exploration,10,13
144192,95,1.0011875629425049,1.0011875629425049,1.0017197132110596,0.0005320747732184827,1.0,1.0,0.0,0.0,0.0,312,36.57887649536133,fresh_online_exploration,10,13
144384,11,1.0043318271636963,1.0043318271636963,1.0045199394226074,0.00018801173428073525,1.0,1.0,0.0,1.0,0.0,304,36.56027603149414,fresh_online_exploration,10,13
144384,39,1.0052742958068848,1.0052742958068848,1.0053139925003052,3.9739712519804016e-05,1.0,1.0,0.0,0.0,0.0,289,36.356876373291016,fresh_online_exploration,10,13
144384,75,1.0048727989196777,1.0048727989196777,1.0049408674240112,6.80620432831347e-05,1.0,1.0,0.0,1.0,0.0,309,36.65001678466797,fresh_online_exploration,10,13
144480,36,1.0006117820739746,1.0006117820739746,1.0010020732879639,0.00039019016548991203,1.0,1.0,0.0,0.0,0.0,314,36.57896423339844,fresh_online_exploration,10,13
144672,31,1.0035743713378906,1.0035743713378906,1.0038228034973145,0.0002484320430085063,1.0,1.0,0.0,0.0,0.0,302,36.4652099609375,fresh_online_exploration,10,13
144672,70,1.0050357580184937,1.0050357580184937,1.005150318145752,0.0001146147696999833,1.0,1.0,0.0,0.0,0.0,305,36.58610534667969,fresh_online_exploration,10,13
144672,94,1.0055299997329712,1.0055299997329712,1.0059608221054077,0.0004308318020775914,1.0,1.0,0.0,1.0,0.0,312,36.67253112792969,fresh_online_exploration,10,13
144768,12,1.0003671646118164,1.0003671646118164,1.0005042552947998,0.0001370535755995661,1.0,1.0,0.0,0.0,0.0,307,36.443321228027344,fresh_online_exploration,10,13
144864,1,1.0013309717178345,1.0013309717178345,1.001477599143982,0.00014661578461527824,1.0,1.0,0.0,0.0,0.0,305,36.48948287963867,fresh_online_exploration,10,13
144864,18,1.0019913911819458,1.0019913911819458,1.0019989013671875,7.470073796866927e-06,1.0,1.0,0.0,1.0,0.0,318,36.70769119262695,fresh_online_exploration,10,13
144960,71,1.0001124143600464,1.0001124143600464,1.0007457733154297,0.0006333738565444946,1.0,1.0,0.0,0.0,0.0,306,36.51207733154297,fresh_online_exploration,10,13
145152,87,1.0017967224121094,1.0017967224121094,1.002415657043457,0.0006189041887409985,1.0,1.0,0.0,0.0,0.0,309,36.476566314697266,fresh_online_exploration,10,13
145248,38,1.0012853145599365,1.0012853145599365,1.0068957805633545,0.005610426887869835,1.0,1.0,0.0,0.0,0.0,313,36.64710998535156,fresh_online_exploration,10,13
145248,66,1.0001435279846191,1.0001435279846191,1.000222086906433,7.856189040467143e-05,1.0,1.0,0.0,1.0,0.0,316,36.7296028137207,fresh_online_exploration,10,13
145344,10,1.0053486824035645,1.0053486824035645,1.0057663917541504,0.0004177353112027049,1.0,1.0,0.0,0.0,0.0,311,36.738990783691406,fresh_online_exploration,10,13
145344,28,1.0010672807693481,1.0010672807693481,1.001230239868164,0.00016300808056257665,1.0,1.0,0.0,1.0,0.0,313,36.73078918457031,fresh_online_exploration,10,13
145440,50,1.0005394220352173,1.0005394220352173,1.0007890462875366,0.0002496472734492272,1.0,1.0,0.0,1.0,0.0,307,36.5651741027832,fresh_online_exploration,10,13
145440,59,1.002396821975708,1.002396821975708,1.0024280548095703,3.1321964343078434e-05,1.0,1.0,0.0,1.0,0.0,304,36.53404235839844,fresh_online_exploration,10,13
145440,74,1.0008748769760132,1.0008748769760132,1.000884771347046,9.97670395008754e-06,1.0,1.0,0.0,1.0,0.0,318,36.78848648071289,fresh_online_exploration,10,13
145536,8,1.002246618270874,1.002246618270874,1.002421259880066,0.00017465568089392036,1.0,1.0,0.0,1.0,0.0,316,36.74346160888672,fresh_online_exploration,10,13
145536,9,1.001275658607483,1.001275658607483,1.0019451379776,0.0006694591720588505,1.0,1.0,0.0,1.0,0.0,319,36.80078125,fresh_online_exploration,10,13
145536,68,1.0010278224945068,1.0010278224945068,1.0011613368988037,0.00013346555351745337,1.0,1.0,0.0,0.0,0.0,306,36.563751220703125,fresh_online_exploration,10,13
145632,80,1.0016262531280518,1.0016262531280518,1.0021610260009766,0.0005348491249606013,1.0,1.0,0.0,1.0,0.0,320,36.85005569458008,fresh_online_exploration,10,13
145728,56,1.0028101205825806,1.0028101205825806,1.0032511949539185,0.00044110516319051385,1.0,1.0,0.0,0.0,0.0,313,36.64404296875,fresh_online_exploration,10,13
145728,58,1.003082275390625,1.003082275390625,1.0144357681274414,0.0113535700365901,1.0,1.0,0.0,0.0,0.0,312,36.607540130615234,fresh_online_exploration,10,13
145728,76,1.003459095954895,1.003459095954895,1.0034699440002441,1.080284891941119e-05,1.0,1.0,0.0,0.0,0.0,304,36.538177490234375,fresh_online_exploration,10,13
145728,93,1.0046420097351074,1.0046420097351074,1.0054371356964111,0.0007951586158014834,1.0,1.0,0.0,0.0,0.0,312,36.72711944580078,fresh_online_exploration,10,13
145824,20,1.0015063285827637,1.0015063285827637,1.0015915632247925,8.526437886757776e-05,1.0,1.0,0.0,1.0,0.0,312,36.550262451171875,fresh_online_exploration,10,13
145920,61,1.003792643547058,1.003792643547058,1.003809928894043,1.730181793391239e-05,1.0,1.0,0.0,0.0,0.0,304,36.47264862060547,fresh_online_exploration,10,13
146112,47,1.0011647939682007,1.0011647939682007,1.001308560371399,0.00014374410966411233,1.0,1.0,0.0,1.0,0.0,311,36.66910934448242,fresh_online_exploration,10,13
146784,72,1.004696011543274,1.004696011543274,1.00485360622406,0.0001575943606439978,1.0,1.0,0.0,0.0,0.0,317,36.77431106567383,fresh_online_exploration,10,13
146880,55,1.003862738609314,1.003862738609314,1.0040788650512695,0.00021618182654492557,1.0,1.0,0.0,0.0,0.0,312,36.672271728515625,fresh_online_exploration,10,13
147168,48,1.0006382465362549,1.0006382465362549,1.0007085800170898,7.027793617453426e-05,1.0,1.0,0.0,0.0,0.0,301,36.37375259399414,fresh_online_exploration,10,13
147264,7,1.0043730735778809,1.0043730735778809,1.004555344581604,0.0001823038182919845,1.0,1.0,0.0,0.0,0.0,309,36.63791275024414,fresh_online_exploration,10,13
147264,23,1.0036154985427856,1.0036154985427856,1.00369393825531,7.843442290322855e-05,1.0,1.0,0.0,1.0,0.0,312,36.680885314941406,fresh_online_exploration,10,13
147552,42,1.0040606260299683,1.0040606260299683,1.0041117668151855,5.1151393563486636e-05,1.0,1.0,0.0,1.0,0.0,311,36.55619430541992,fresh_online_exploration,10,13
147648,33,1.0031038522720337,1.0031038522720337,1.003227710723877,0.00012380430416669697,1.0,1.0,0.0,1.0,0.0,315,36.65981674194336,fresh_online_exploration,10,13
147648,92,1.0001919269561768,1.0001919269561768,1.0010480880737305,0.0008561443537473679,1.0,1.0,0.0,0.0,0.0,320,36.853450775146484,fresh_online_exploration,10,13
147840,22,1.0027081966400146,1.0027081966400146,1.0027666091918945,5.838843935634941e-05,1.0,1.0,0.0,0.0,0.0,305,36.421695709228516,fresh_online_exploration,10,13
147840,69,1.0015300512313843,1.0015300512313843,1.0017304420471191,0.00020041930838488042,1.0,1.0,0.0,0.0,0.0,312,36.654884338378906,fresh_online_exploration,10,13
148608,86,1.000386118888855,1.000386118888855,1.0004968643188477,0.00011079180694650859,1.0,1.0,0.0,0.0,0.0,301,36.38584518432617,fresh_online_exploration,10,13
149952,88,1.0045713186264038,1.0045713186264038,1.004818320274353,0.00024704632232896984,1.0,1.0,0.0,1.0,0.0,313,36.71304702758789,fresh_online_exploration,10,13
150240,30,1.0009897947311401,1.0009897947311401,1.0037269592285156,0.002737216418609023,1.0,1.0,0.0,1.0,0.0,322,36.906944274902344,fresh_online_exploration,10,14
151392,45,1.0005743503570557,1.0005743503570557,1.0011979341506958,0.0006236082408577204,1.0,1.0,0.0,0.0,0.0,315,36.61384963989258,fresh_online_exploration,11,14
151488,52,1.0029728412628174,1.0029728412628174,1.0033169984817505,0.0003441777662374079,1.0,1.0,0.0,0.0,0.0,305,36.4681282043457,fresh_online_exploration,11,14
151680,21,1.005163311958313,1.005163311958313,1.0053303241729736,0.00016695293015800416,1.0,1.0,0.0,1.0,0.0,306,36.601173400878906,fresh_online_exploration,11,14
152352,65,1.0057817697525024,1.0057817697525024,1.0088883638381958,0.00310662854462862,1.0,1.0,0.0,0.0,0.0,306,36.652427673339844,fresh_online_exploration,11,14
152640,5,1.0045021772384644,1.0045021772384644,1.0046952962875366,0.00019311512005515397,1.0,1.0,0.0,0.0,0.0,303,36.48086929321289,fresh_online_exploration,11,14
153024,63,1.0040743350982666,1.0040743350982666,1.0040919780731201,1.7564845620654523e-05,1.0,1.0,0.0,1.0,0.0,312,36.62480926513672,fresh_online_exploration,11,14
153888,57,1.002602458000183,1.002602458000183,1.0029637813568115,0.0003612444852478802,1.0,1.0,0.0,1.0,0.0,318,36.84161376953125,fresh_online_exploration,11,14
154272,79,1.0054336786270142,1.0054336786270142,1.0055007934570312,6.72003734507598e-05,1.0,1.0,0.0,0.0,0.0,308,36.549957275390625,fresh_online_exploration,11,14
155520,14,1.0032612085342407,1.0032612085342407,1.0034542083740234,0.00019295075617264956,1.0,1.0,0.0,0.0,0.0,303,36.5068359375,fresh_online_exploration,11,14
167520,40,1.0012680292129517,1.0012680292129517,1.001279354095459,1.1307363820378669e-05,1.0,1.0,0.0,1.0,0.0,312,36.56101608276367,fresh_online_exploration,12,15
168192,49,1.0036556720733643,1.0036556720733643,1.00925874710083,0.005602958612143993,1.0,1.0,0.0,0.0,0.0,295,36.25644302368164,fresh_online_exploration,12,15
168672,73,1.004582405090332,1.004582405090332,1.004688024520874,0.00010564454714767635,1.0,1.0,0.0,0.0,0.0,315,36.7102165222168,fresh_online_exploration,12,15
169056,2,1.005092740058899,1.005092740058899,1.0051567554473877,6.409834895748645e-05,1.0,1.0,0.0,0.0,0.0,303,36.51905822753906,fresh_online_exploration,12,15
169056,90,1.0038279294967651,1.0038279294967651,1.00392484664917,9.686827979749069e-05,1.0,1.0,0.0,0.0,0.0,305,36.43293762207031,fresh_online_exploration,12,15
169344,67,1.004913330078125,1.004913330078125,1.0053009986877441,0.0003875854308716953,1.0,1.0,0.0,1.0,0.0,318,36.756439208984375,fresh_online_exploration,12,15
169824,32,1.004804015159607,1.004804015159607,1.0049761533737183,0.00017213239334523678,1.0,1.0,0.0,1.0,0.0,311,36.74848937988281,fresh_online_exploration,12,15
169824,44,1.0043545961380005,1.0043545961380005,1.0054163932800293,0.0010617412626743317,1.0,1.0,0.0,0.0,0.0,304,36.50792694091797,fresh_online_exploration,13,15
169920,84,1.004036784172058,1.004036784172058,1.0041706562042236,0.00013390820822678506,1.0,1.0,0.0,0.0,0.0,311,36.71705627441406,fresh_online_exploration,12,15
170016,25,1.0018397569656372,1.0018397569656372,1.001901626586914,6.186505197547376e-05,1.0,1.0,0.0,1.0,0.0,312,36.602962493896484,fresh_online_exploration,12,15
170112,41,1.0041017532348633,1.0041017532348633,1.0111019611358643,0.007000306621193886,1.0,1.0,0.0,0.0,0.0,307,36.549896240234375,fresh_online_exploration,13,16
170208,16,1.0037977695465088,1.0037977695465088,1.0103754997253418,0.0065776691772043705,1.0,1.0,0.0,0.0,0.0,310,36.607872009277344,fresh_online_exploration,13,16
170208,29,1.0032085180282593,1.0032085180282593,1.003394603729248,0.00018614351574797183,1.0,1.0,0.0,0.0,0.0,317,36.74212646484375,fresh_online_exploration,12,16
170400,17,1.0014485120773315,1.0014485120773315,1.0016846656799316,0.0002361917868256569,1.0,1.0,0.0,0.0,0.0,306,36.49897766113281,fresh_online_exploration,13,16
170880,37,1.0052907466888428,1.0052907466888428,1.0054124593734741,0.00012168481043772772,1.0,1.0,0.0,0.0,0.0,309,36.60932922363281,fresh_online_exploration,13,16
171264,64,1.0002086162567139,1.0002086162567139,1.0002524852752686,4.391527909319848e-05,1.0,1.0,0.0,1.0,0.0,316,36.6309928894043,fresh_online_exploration,13,16
171360,91,1.0033600330352783,1.0033600330352783,1.0037026405334473,0.00034256940125487745,1.0,1.0,0.0,0.0,0.0,303,36.51640319824219,fresh_online_exploration,13,16
171648,24,1.003523826599121,1.003523826599121,1.0035412311553955,1.7489197489339858e-05,1.0,1.0,0.0,0.0,0.0,306,36.554351806640625,fresh_online_exploration,13,16
171648,77,1.001504898071289,1.001504898071289,1.0031919479370117,0.0016870470717549324,1.0,1.0,0.0,0.0,0.0,310,36.627872467041016,fresh_online_exploration,13,16
172032,27,1.0028936862945557,1.0028936862945557,1.0029830932617188,8.94471668289043e-05,1.0,1.0,0.0,1.0,0.0,309,36.65872573852539,fresh_online_exploration,13,16
172032,53,1.005818486213684,1.005818486213684,1.0060628652572632,0.0002443371049594134,1.0,1.0,0.0,1.0,0.0,320,36.882972717285156,fresh_online_exploration,13,16
172032,81,1.0002952814102173,1.0002952814102173,1.0004618167877197,0.00016661603876855224,1.0,1.0,0.0,0.0,0.0,303,36.495689392089844,fresh_online_exploration,13,16
172320,6,1.0027295351028442,1.0027295351028442,1.0032191276550293,0.0004896203172393143,1.0,1.0,0.0,1.0,0.0,326,36.89375686645508,fresh_online_exploration,13,16
172320,62,1.0041205883026123,1.0041205883026123,1.0044550895690918,0.0003344239667057991,1.0,1.0,0.0,0.0,0.0,311,36.71244430541992,fresh_online_exploration,13,16
172320,82,1.002465844154358,1.002465844154358,1.0083487033843994,0.005882869474589825,1.0,1.0,0.0,0.0,0.0,309,36.47595977783203,fresh_online_exploration,13,16
172416,46,1.0035960674285889,1.0035960674285889,1.0046851634979248,0.0010891014244407415,1.0,1.0,0.0,0.0,0.0,316,36.649269104003906,fresh_online_exploration,13,16
172512,83,1.001200556755066,1.001200556755066,1.0015134811401367,0.0003129971446469426,1.0,1.0,0.0,1.0,0.0,321,36.852386474609375,fresh_online_exploration,13,16
172608,60,1.001545786857605,1.001545786857605,1.0019330978393555,0.00038729049265384674,1.0,1.0,0.0,1.0,0.0,322,36.87092971801758,fresh_online_exploration,13,16
172992,4,1.003788948059082,1.003788948059082,1.0114673376083374,0.007678445428609848,1.0,1.0,0.0,1.0,0.0,323,36.879600524902344,fresh_online_exploration,13,16
173088,0,1.0038937330245972,1.0038937330245972,1.0040159225463867,0.00012230369611643255,1.0,1.0,0.0,1.0,0.0,313,36.65532684326172,fresh_online_exploration,13,16
173184,51,1.0028716325759888,1.0028716325759888,1.0030312538146973,0.00015956313291098922,1.0,1.0,0.0,1.0,0.0,310,36.63533020019531,fresh_online_exploration,13,16
173280,15,1.0016274452209473,1.0016274452209473,1.0016592741012573,3.178425686201081e-05,1.0,1.0,0.0,1.0,0.0,323,36.89732360839844,fresh_online_exploration,13,16
173280,85,1.0028727054595947,1.0028727054595947,1.0030674934387207,0.00019488908583298326,1.0,1.0,0.0,0.0,0.0,312,36.607967376708984,fresh_online_exploration,13,16
173376,43,1.0047564506530762,1.0047564506530762,1.0049396753311157,0.0001832375128287822,1.0,1.0,0.0,1.0,0.0,314,36.72622299194336,fresh_online_exploration,13,16
173472,13,1.0033797025680542,1.0033797025680542,1.0038330554962158,0.00045345741091296077,1.0,1.0,0.0,1.0,0.0,318,36.78190612792969,fresh_online_exploration,13,16
173472,19,1.0002384185791016,1.0002384185791016,1.0003000497817993,6.161317287478596e-05,1.0,1.0,0.0,1.0,0.0,314,36.66523742675781,fresh_online_exploration,13,16
173664,39,1.0026432275772095,1.0026432275772095,1.00360107421875,0.0009578609606251121,1.0,1.0,0.0,0.0,0.0,305,36.6114501953125,fresh_online_exploration,13,16
173760,26,1.0018703937530518,1.0018703937530518,1.0019780397415161,0.00010760048462543637,1.0,1.0,0.0,0.0,0.0,310,36.54848098754883,fresh_online_exploration,13,16
173760,78,1.0058742761611938,1.0058742761611938,1.0143054723739624,0.00843106023967266,1.0,1.0,0.0,0.0,0.0,311,36.629940032958984,fresh_online_exploration,13,16
174144,12,1.002185344696045,1.002185344696045,1.0025396347045898,0.00035434646997600794,1.0,1.0,0.0,0.0,0.0,306,36.504844665527344,fresh_online_exploration,13,16
174144,31,1.0011677742004395,1.0011677742004395,1.0014586448669434,0.0002908425813075155,1.0,1.0,0.0,0.0,0.0,307,36.462425231933594,fresh_online_exploration,13,16
174240,89,1.0037857294082642,1.0037857294082642,1.0038166046142578,3.0955761758377776e-05,1.0,1.0,0.0,1.0,0.0,321,36.81841278076172,fresh_online_exploration,13,16
174336,95,1.002639889717102,1.002639889717102,1.0026578903198242,1.80800816451665e-05,1.0,1.0,0.0,1.0,0.0,314,36.71778106689453,fresh_online_exploration,13,16
174432,94,1.0044851303100586,1.0044851303100586,1.0046437978744507,0.00015865785826463252,1.0,1.0,0.0,0.0,0.0,310,36.63608932495117,fresh_online_exploration,13,16
174528,70,1.0059655904769897,1.0059655904769897,1.006219506263733,0.0002539179113227874,1.0,1.0,0.0,0.0,0.0,311,36.640384674072266,fresh_online_exploration,13,16
174624,11,1.0018227100372314,1.0018227100372314,1.0019891262054443,0.0001663457223912701,1.0,1.0,0.0,1.0,0.0,315,36.65043640136719,fresh_online_exploration,13,16
174624,54,1.0007461309432983,1.0007461309432983,1.0015861988067627,0.0008399638463743031,1.0,1.0,0.0,0.0,0.0,319,36.784481048583984,fresh_online_exploration,13,16
174720,34,1.0052372217178345,1.0052372217178345,1.0056006908416748,0.00036356758209876716,1.0,1.0,0.0,1.0,0.0,325,36.94536590576172,fresh_online_exploration,13,16
174720,35,1.002386212348938,1.002386212348938,1.0135560035705566,0.011169644072651863,1.0,1.0,0.0,0.0,0.0,320,36.74203109741211,fresh_online_exploration,13,16
174912,68,1.0039349794387817,1.0039349794387817,1.0039494037628174,1.4535889022226911e-05,1.0,1.0,0.0,0.0,0.0,306,36.507850646972656,fresh_online_exploration,13,16
174912,71,1.0015968084335327,1.0015968084335327,1.001670479774475,7.369185914285481e-05,1.0,1.0,0.0,1.0,0.0,312,36.562835693359375,fresh_online_exploration,13,16
175008,18,1.0020740032196045,1.0020740032196045,1.0077182054519653,0.005644279066473246,1.0,1.0,0.0,0.0,0.0,314,36.677520751953125,fresh_online_exploration,13,16
175008,59,1.0046041011810303,1.0046041011810303,1.0055367946624756,0.0009326316067017615,1.0,1.0,0.0,0.0,0.0,308,36.48104476928711,fresh_online_exploration,13,16
175104,50,1.003160834312439,1.003160834312439,1.0031758546829224,1.5011300092737656e-05,1.0,1.0,0.0,0.0,0.0,309,36.525386810302734,fresh_online_exploration,13,16
175200,75,1.004632830619812,1.004632830619812,1.0047348737716675,0.00010204417776549235,1.0,1.0,0.0,1.0,0.0,321,36.82820129394531,fresh_online_exploration,13,16
175200,80,1.0023472309112549,1.0023472309112549,1.0025572776794434,0.00021009791817050427,1.0,1.0,0.0,0.0,0.0,308,36.4537353515625,fresh_online_exploration,13,16
175296,3,1.0010534524917603,1.0010534524917603,1.001708745956421,0.0006552102859131992,1.0,1.0,0.0,1.0,0.0,327,36.919700622558594,fresh_online_exploration,13,16
175488,28,1.000988245010376,1.000988245010376,1.0011670589447021,0.00017884351836983114,1.0,1.0,0.0,1.0,0.0,314,36.669334411621094,fresh_online_exploration,13,16
175488,36,1.00049889087677,1.00049889087677,1.0010371208190918,0.0005382555536925793,1.0,1.0,0.0,1.0,0.0,323,36.775299072265625,fresh_online_exploration,13,16
175488,58,1.0016764402389526,1.0016764402389526,1.0016992092132568,2.2668682504445314e-05,1.0,1.0,0.0,1.0,0.0,310,36.602725982666016,fresh_online_exploration,13,16
175488,61,1.0014477968215942,1.0014477968215942,1.001462697982788,1.4861515410302673e-05,1.0,1.0,0.0,1.0,0.0,308,36.56804275512695,fresh_online_exploration,13,16
175488,76,1.0020356178283691,1.0020356178283691,1.0020467042922974,1.1049907698179595e-05,1.0,1.0,0.0,0.0,0.0,310,36.45414733886719,fresh_online_exploration,13,16
175584,38,1.0053949356079102,1.0053949356079102,1.0154283046722412,0.010033275932073593,1.0,1.0,0.0,0.0,0.0,316,36.822242736816406,fresh_online_exploration,13,16
175680,93,1.0008726119995117,1.0008726119995117,1.0025683641433716,0.0016957626212388277,1.0,1.0,0.0,0.0,0.0,312,36.712615966796875,fresh_online_exploration,13,16
175776,66,1.0015804767608643,1.0015804767608643,1.0017354488372803,0.00015489682846236974,1.0,1.0,0.0,1.0,0.0,318,36.75193786621094,fresh_online_exploration,13,16
175872,8,1.0051782131195068,1.0051782131195068,1.0053294897079468,0.00015130850079003721,1.0,1.0,0.0,1.0,0.0,316,36.794708251953125,fresh_online_exploration,13,16
175872,56,1.0011762380599976,1.0011762380599976,1.0012452602386475,6.901129381731153e-05,1.0,1.0,0.0,1.0,0.0,314,36.67365264892578,fresh_online_exploration,13,16
175968,1,1.001928687095642,1.001928687095642,1.0019457340240479,1.7081840269383974e-05,1.0,1.0,0.0,1.0,0.0,324,36.944541931152344,fresh_online_exploration,13,16
175968,87,1.0051984786987305,1.0051984786987305,1.0052108764648438,1.2376171071082354e-05,1.0,1.0,0.0,1.0,0.0,321,36.853546142578125,fresh_online_exploration,13,16
176256,9,1.0007914304733276,1.0007914304733276,1.0014604330062866,0.0006689737783744931,1.0,1.0,0.0,1.0,0.0,320,36.72589874267578,fresh_online_exploration,13,16
176256,10,1.000322937965393,1.000322937965393,1.0004994869232178,0.00017644409672357142,1.0,1.0,0.0,1.0,0.0,322,36.80900192260742,fresh_online_exploration,13,16
176640,74,1.0000507831573486,1.0000507831573486,1.0000603199005127,9.616735951567534e-06,1.0,1.0,0.0,1.0,0.0,325,36.878021240234375,fresh_online_exploration,13,16
176736,23,1.0047329664230347,1.0047329664230347,1.0048868656158447,0.0001539433578727767,1.0,1.0,0.0,0.0,0.0,307,36.597564697265625,fresh_online_exploration,13,16
176832,20,1.0016781091690063,1.0016781091690063,1.0017766952514648,9.868067718343809e-05,1.0,1.0,0.0,1.0,0.0,323,36.81447982788086,fresh_online_exploration,13,16
176832,48,1.003271222114563,1.003271222114563,1.0032920837402344,2.0824139937758446e-05,1.0,1.0,0.0,0.0,0.0,309,36.54349899291992,fresh_online_exploration,13,16
177120,72,1.001718282699585,1.001718282699585,1.0017571449279785,3.885168916895054e-05,1.0,1.0,0.0,1.0,0.0,316,36.71567916870117,fresh_online_exploration,13,16
177408,47,1.0052210092544556,1.0052210092544556,1.0064140558242798,0.0011930111795663834,1.0,1.0,0.0,0.0,0.0,326,37.028053283691406,fresh_online_exploration,13,16
177600,7,1.0040098428726196,1.0040098428726196,1.004223346710205,0.00021350022871047258,1.0,1.0,0.0,1.0,0.0,316,36.69551467895508,fresh_online_exploration,13,16
177792,69,1.0025755167007446,1.0025755167007446,1.0029563903808594,0.0003808968176599592,1.0,1.0,0.0,0.0,0.0,312,36.77726364135742,fresh_online_exploration,13,16
177888,22,1.0002284049987793,1.0002284049987793,1.0002379417419434,9.473761565459426e-06,1.0,1.0,0.0,1.0,0.0,313,36.60477828979492,fresh_online_exploration,13,16
177888,55,1.0010167360305786,1.0010167360305786,1.0014065504074097,0.0003898036666214466,1.0,1.0,0.0,1.0,0.0,323,36.82749557495117,fresh_online_exploration,13,16
178464,33,1.0013024806976318,1.0013024806976318,1.001503586769104,0.00020111199410166591,1.0,1.0,0.0,1.0,0.0,321,36.75872802734375,fresh_online_exploration,13,16
178464,42,1.0048787593841553,1.0048787593841553,1.0063471794128418,0.0014683717163279653,1.0,1.0,0.0,1.0,0.0,322,36.947330474853516,fresh_online_exploration,13,16
179328,86,1.000596046447754,1.000596046447754,1.0008138418197632,0.00021779561939183623,1.0,1.0,0.0,1.0,0.0,320,36.78384780883789,fresh_online_exploration,13,16
179712,92,1.0010610818862915,1.0010610818862915,1.0013453960418701,0.0002843263791874051,1.0,1.0,0.0,1.0,0.0,334,36.9145393371582,fresh_online_exploration,13,16
180000,88,1.0021190643310547,1.0021190643310547,1.0022639036178589,0.00014482386177405715,1.0,1.0,0.0,0.0,0.0,313,36.640716552734375,fresh_online_exploration,13,16
180864,30,1.0017956495285034,1.0017956495285034,1.004682183265686,0.002886529080569744,1.0,1.0,0.0,0.0,0.0,319,36.75373077392578,fresh_online_exploration,14,17
181824,52,1.0044618844985962,1.0044618844985962,1.004473328590393,1.143563804362202e-05,1.0,1.0,0.0,1.0,0.0,316,36.742034912109375,fresh_online_exploration,14,17
182112,21,1.0010846853256226,1.0010846853256226,1.0011982917785645,0.0001136998034780845,1.0,1.0,0.0,1.0,0.0,317,36.6171875,fresh_online_exploration,14,17
182688,45,1.0047236680984497,1.0047236680984497,1.0059040784835815,0.0011804094538092613,1.0,1.0,0.0,1.0,0.0,326,36.86751174926758,fresh_online_exploration,14,17
182976,65,1.0025534629821777,1.0025534629821777,1.0026391744613647,8.570048521505669e-05,1.0,1.0,0.0,1.0,0.0,319,36.782840728759766,fresh_online_exploration,14,17
183744,5,1.0037413835525513,1.0037413835525513,1.0040855407714844,0.0003441061417106539,1.0,1.0,0.0,1.0,0.0,324,36.9130859375,fresh_online_exploration,14,17
184224,63,1.001983404159546,1.001983404159546,1.0025337934494019,0.0005504287546500564,1.0,1.0,0.0,1.0,0.0,325,36.79959487915039,fresh_online_exploration,14,17
184320,79,1.000757098197937,1.000757098197937,1.0008094310760498,5.230270471656695e-05,1.0,1.0,0.0,1.0,0.0,313,36.43266296386719,fresh_online_exploration,14,17
184704,57,1.003578543663025,1.003578543663025,1.0037322044372559,0.00015370312030427158,1.0,1.0,0.0,1.0,0.0,321,36.94454574584961,fresh_online_exploration,14,17
185664,14,1.0009183883666992,1.0009183883666992,1.0013248920440674,0.00040646031266078353,1.0,1.0,0.0,1.0,0.0,314,36.56470489501953,fresh_online_exploration,14,17
197952,40,1.0008223056793213,1.0008223056793213,1.0008671283721924,4.484866440179758e-05,1.0,1.0,0.0,1.0,0.0,317,36.72826385498047,fresh_online_exploration,15,18
198912,2,1.004945993423462,1.004945993423462,1.0053223371505737,0.00037632466410286725,1.0,1.0,0.0,0.0,0.0,311,36.63676834106445,fresh_online_exploration,15,18
198912,73,1.0022003650665283,1.0022003650665283,1.0026988983154297,0.0004985389532521367,1.0,1.0,0.0,1.0,0.0,315,36.60504150390625,fresh_online_exploration,15,18
199008,49,1.0038038492202759,1.0038038492202759,1.0038354396820068,3.164034569635987e-05,1.0,1.0,0.0,1.0,0.0,321,36.79659652709961,fresh_online_exploration,15,18
199680,90,1.005155324935913,1.005155324935913,1.0053354501724243,0.00018011008796747774,1.0,1.0,0.0,1.0,0.0,319,36.90506362915039,fresh_online_exploration,15,18
200160,17,1.0022355318069458,1.0022355318069458,1.0022509098052979,1.533533213660121e-05,1.0,1.0,0.0,1.0,0.0,310,36.631446838378906,fresh_online_exploration,16,19
200352,25,1.0021095275878906,1.0021095275878906,1.0024254322052002,0.0003158515610266477,1.0,1.0,0.0,0.0,0.0,316,36.70109939575195,fresh_online_exploration,15,19
200448,32,1.0024741888046265,1.0024741888046265,1.0026469230651855,0.00017275457503274083,1.0,1.0,0.0,1.0,0.0,319,36.83047103881836,fresh_online_exploration,15,19
200544,41,1.0032750368118286,1.0032750368118286,1.0113210678100586,0.008045981638133526,1.0,1.0,0.0,0.0,0.0,317,36.79957580566406,fresh_online_exploration,16,19
200640,44,1.0046639442443848,1.0046639442443848,1.0048058032989502,0.00014179079153109342,1.0,1.0,0.0,1.0,0.0,321,36.99871826171875,fresh_online_exploration,15,19
200640,84,1.004062533378601,1.004062533378601,1.0040777921676636,1.5217705367831513e-05,1.0,1.0,0.0,1.0,0.0,320,36.77482604980469,fresh_online_exploration,15,19
200928,37,1.003172516822815,1.003172516822815,1.0037586688995361,0.0005862159887328744,1.0,1.0,0.0,0.0,0.0,313,36.63843536376953,fresh_online_exploration,16,19
201024,16,1.0006134510040283,1.0006134510040283,1.001983404159546,0.0013699382543563843,1.0,1.0,0.0,0.0,0.0,321,36.786865234375,fresh_online_exploration,16,19
201120,67,1.003038763999939,1.003038763999939,1.0070033073425293,0.003964554984122515,1.0,1.0,0.0,1.0,0.0,331,36.920021057128906,fresh_online_exploration,15,19
201216,91,1.0004994869232178,1.0004994869232178,1.0008914470672607,0.0003919576993212104,1.0,1.0,0.0,0.0,0.0,311,36.521392822265625,fresh_online_exploration,16,19
201408,29,1.002970576286316,1.002970576286316,1.0035223960876465,0.0005517878453247249,1.0,1.0,0.0,1.0,0.0,325,36.88132095336914,fresh_online_exploration,16,19
201696,82,1.0050603151321411,1.0050603151321411,1.0120158195495605,0.00695544108748436,1.0,1.0,0.0,0.0,0.0,306,36.59804916381836,fresh_online_exploration,16,19
202176,64,1.0025142431259155,1.0025142431259155,1.002557396888733,4.314997931942344e-05,1.0,1.0,0.0,1.0,0.0,322,36.77783966064453,fresh_online_exploration,16,19
202176,81,1.0041565895080566,1.0041565895080566,1.0043296813964844,0.00017317201127298176,1.0,1.0,0.0,1.0,0.0,314,36.786102294921875,fresh_online_exploration,16,19
202272,0,1.0041909217834473,1.0041909217834473,1.0043069124221802,0.00011596713011385873,1.0,1.0,0.0,0.0,0.0,304,36.470375061035156,fresh_online_exploration,16,19
202272,24,1.000423789024353,1.000423789024353,1.0006263256072998,0.00020260708697605878,1.0,1.0,0.0,1.0,0.0,319,36.790462493896484,fresh_online_exploration,16,19
202368,53,1.0049419403076172,1.0049419403076172,1.0050086975097656,6.68228167342022e-05,1.0,1.0,0.0,1.0,0.0,316,36.7491569519043,fresh_online_exploration,16,19
202368,62,1.00469970703125,1.00469970703125,1.0048041343688965,0.00010447808017488569,1.0,1.0,0.0,1.0,0.0,313,36.76407241821289,fresh_online_exploration,16,19
202560,27,1.001733660697937,1.001733660697937,1.0017502307891846,1.6495658201165497e-05,1.0,1.0,0.0,1.0,0.0,318,36.7570686340332,fresh_online_exploration,16,19
202560,39,1.0035130977630615,1.0035130977630615,1.00364351272583,0.00013049028348177671,1.0,1.0,0.0,0.0,0.0,301,36.439842224121094,fresh_online_exploration,16,19
202560,46,1.0025701522827148,1.0025701522827148,1.002631664276123,6.147926615085453e-05,1.0,1.0,0.0,1.0,0.0,314,36.72550964355469,fresh_online_exploration,16,19
202848,77,1.0019822120666504,1.0019822120666504,1.0023574829101562,0.00037524831714108586,1.0,1.0,0.0,0.0,0.0,325,36.8717041015625,fresh_online_exploration,16,19
202944,15,1.0051345825195312,1.0051345825195312,1.0124964714050293,0.0073618520982563496,1.0,1.0,0.0,0.0,0.0,309,36.643951416015625,fresh_online_exploration,16,19
203136,60,1.0026572942733765,1.0026572942733765,1.00272798538208,7.074675522744656e-05,1.0,1.0,0.0,1.0,0.0,318,36.816925048828125,fresh_online_exploration,16,19
203328,26,1.002652645111084,1.002652645111084,1.0026763677597046,2.3748561943648383e-05,1.0,1.0,0.0,0.0,0.0,308,36.48853302001953,fresh_online_exploration,16,19
203328,83,1.000643014907837,1.000643014907837,1.0007879734039307,0.0001449376723030582,1.0,1.0,0.0,1.0,0.0,321,36.839813232421875,fresh_online_exploration,16,19
203328,85,1.0058382749557495,1.0058382749557495,1.0059750080108643,0.00013679447874892503,1.0,1.0,0.0,1.0,0.0,313,36.67873764038086,fresh_online_exploration,16,19
203424,70,1.0037329196929932,1.0037329196929932,1.003808617591858,7.567171996925026e-05,1.0,1.0,0.0,0.0,0.0,301,36.466957092285156,fresh_online_exploration,16,19
203520,51,1.0006601810455322,1.0006601810455322,1.0009688138961792,0.0003086374490521848,1.0,1.0,0.0,1.0,0.0,316,36.61555480957031,fresh_online_exploration,16,19
203712,4,1.00482976436615,1.00482976436615,1.0128037929534912,0.00797400251030922,1.0,1.0,0.0,0.0,0.0,320,36.88752746582031,fresh_online_exploration,16,19
203712,6,1.001670002937317,1.001670002937317,1.0017728805541992,0.00010279958951286972,1.0,1.0,0.0,1.0,0.0,327,37.006710052490234,fresh_online_exploration,16,19
203808,13,1.0047247409820557,1.0047247409820557,1.0051922798156738,0.0004675518430303782,1.0,1.0,0.0,1.0,0.0,316,36.697509765625,fresh_online_exploration,16,19
203904,31,1.0013848543167114,1.0013848543167114,1.0014698505401611,8.4920902736485e-05,1.0,1.0,0.0,1.0,0.0,310,36.49072265625,fresh_online_exploration,16,19
204096,11,1.0023376941680908,1.0023376941680908,1.0025250911712646,0.00018746145360637456,1.0,1.0,0.0,0.0,0.0,307,36.60908889770508,fresh_online_exploration,16,19
204096,43,1.0045005083084106,1.0045005083084106,1.0047523975372314,0.0002517996763344854,1.0,1.0,0.0,1.0,0.0,320,36.912193298339844,fresh_online_exploration,16,19
204096,68,1.0005189180374146,1.0005189180374146,1.0006930828094482,0.00017412813031114638,1.0,1.0,0.0,0.0,0.0,304,36.42481994628906,fresh_online_exploration,16,19
204192,78,1.0046477317810059,1.0046477317810059,1.0126311779022217,0.007983563467860222,1.0,1.0,0.0,0.0,0.0,317,36.841461181640625,fresh_online_exploration,16,19
204288,3,1.001192331314087,1.001192331314087,1.0012867450714111,9.439491986995563e-05,1.0,1.0,0.0,0.0,0.0,302,36.40723419189453,fresh_online_exploration,16,19
204480,94,1.0036637783050537,1.0036637783050537,1.003692388534546,2.852208672265988e-05,1.0,1.0,0.0,1.0,0.0,313,36.679779052734375,fresh_online_exploration,16,19
204576,19,1.0013436079025269,1.0013436079025269,1.0053337812423706,0.003990232944488525,1.0,1.0,0.0,0.0,0.0,324,36.77083969116211,fresh_online_exploration,16,19
204768,56,1.0003015995025635,1.0003015995025635,1.0019381046295166,0.0016364738112315536,1.0,1.0,0.0,0.0,0.0,301,36.327850341796875,fresh_online_exploration,16,19
204864,35,1.0025112628936768,1.0025112628936768,1.0026772022247314,0.00016589241567999125,1.0,1.0,0.0,1.0,0.0,314,36.79019546508789,fresh_online_exploration,16,19
204864,93,1.0046932697296143,1.0046932697296143,1.0092813968658447,0.004588085692375898,1.0,1.0,0.0,0.0,0.0,304,36.51490783691406,fresh_online_exploration,16,19
204864,95,1.001711368560791,1.001711368560791,1.0017800331115723,6.867023330414668e-05,1.0,1.0,0.0,1.0,0.0,318,36.70343780517578,fresh_online_exploration,16,19
205056,34,1.0009527206420898,1.0009527206420898,1.0012067556381226,0.00025403269683010876,1.0,1.0,0.0,0.0,0.0,316,36.71485137939453,fresh_online_exploration,16,19
205056,59,1.0030977725982666,1.0030977725982666,1.0033938884735107,0.0002961969585157931,1.0,1.0,0.0,1.0,0.0,313,36.67667007446289,fresh_online_exploration,16,19
205056,76,1.001587986946106,1.001587986946106,1.0018863677978516,0.00029840311617590487,1.0,1.0,0.0,0.0,0.0,308,36.49971389770508,fresh_online_exploration,16,19
205152,8,1.0015302896499634,1.0015302896499634,1.001546859741211,1.662645081523806e-05,1.0,1.0,0.0,0.0,0.0,305,36.48565673828125,fresh_online_exploration,16,19
205248,18,1.005117654800415,1.005117654800415,1.0112407207489014,0.006123104132711887,1.0,1.0,0.0,0.0,0.0,315,36.78007888793945,fresh_online_exploration,16,19
205248,58,1.002833604812622,1.002833604812622,1.0032132863998413,0.0003796895616687834,1.0,1.0,0.0,0.0,0.0,310,36.55645751953125,fresh_online_exploration,16,19
205248,71,1.0013495683670044,1.0013495683670044,1.001512050628662,0.00016246101586148143,1.0,1.0,0.0,1.0,0.0,316,36.74174499511719,fresh_online_exploration,16,19
205248,89,1.0044524669647217,1.0044524669647217,1.005059003829956,0.0006066158530302346,1.0,1.0,0.0,1.0,0.0,323,36.862327575683594,fresh_online_exploration,16,19
205344,50,1.0007480382919312,1.0007480382919312,1.0007712841033936,2.3298567612073384e-05,1.0,1.0,0.0,1.0,0.0,315,36.686248779296875,fresh_online_exploration,16,19
205344,54,1.0020288228988647,1.0020288228988647,1.0021452903747559,0.0001164892382803373,1.0,1.0,0.0,1.0,0.0,320,36.85124588012695,fresh_online_exploration,16,19
205344,61,1.002136468887329,1.002136468887329,1.0021874904632568,5.103707735543139e-05,1.0,1.0,0.0,1.0,0.0,311,36.61798095703125,fresh_online_exploration,16,19
205440,66,1.0018335580825806,1.0018335580825806,1.0020087957382202,0.0001752212265273556,1.0,1.0,0.0,0.0,0.0,309,36.66130065917969,fresh_online_exploration,16,19
205632,28,1.003570795059204,1.003570795059204,1.0037888288497925,0.00021804272546432912,1.0,1.0,0.0,0.0,0.0,314,36.71233367919922,fresh_online_exploration,16,19
205728,12,1.0007705688476562,1.0007705688476562,1.0013432502746582,0.0005726277595385909,1.0,1.0,0.0,1.0,0.0,329,37.01438903808594,fresh_online_exploration,16,19
205728,36,1.0026508569717407,1.0026508569717407,1.0029492378234863,0.0002982881269417703,1.0,1.0,0.0,0.0,0.0,315,36.739051818847656,fresh_online_exploration,16,19
205728,75,1.00600004196167,1.00600004196167,1.0060570240020752,5.693847924703732e-05,1.0,1.0,0.0,1.0,0.0,318,36.7966423034668,fresh_online_exploration,16,19
205824,80,1.0041723251342773,1.0041723251342773,1.0043110847473145,0.0001388062519254163,1.0,1.0,0.0,0.0,0.0,319,36.90178680419922,fresh_online_exploration,16,19
206112,1,1.0000194311141968,1.0000194311141968,1.0000367164611816,1.731487463985104e-05,1.0,1.0,0.0,1.0,0.0,314,36.599456787109375,fresh_online_exploration,16,19
206112,38,1.001198410987854,1.001198410987854,1.0023236274719238,0.0011251759715378284,1.0,1.0,0.0,0.0,0.0,318,36.758880615234375,fresh_online_exploration,16,19
206112,48,1.0014050006866455,1.0014050006866455,1.0014162063598633,1.1101885320385918e-05,1.0,1.0,0.0,0.0,0.0,305,36.46003341674805,fresh_online_exploration,16,19
206304,87,1.001801609992981,1.001801609992981,1.0018130540847778,1.1472199730633292e-05,1.0,1.0,0.0,1.0,0.0,316,36.6456298828125,fresh_online_exploration,16,19
206400,20,1.002868413925171,1.002868413925171,1.0031781196594238,0.00030964583856984973,1.0,1.0,0.0,0.0,0.0,308,36.60763168334961,fresh_online_exploration,16,19
206496,9,1.0038409233093262,1.0038409233093262,1.003885269165039,4.434612128534354e-05,1.0,1.0,0.0,1.0,0.0,315,36.691978454589844,fresh_online_exploration,16,19
206496,23,1.005480170249939,1.005480170249939,1.0057883262634277,0.00030812478507868946,1.0,1.0,0.0,0.0,0.0,310,36.548622131347656,fresh_online_exploration,16,19
206592,10,1.0010465383529663,1.0010465383529663,1.001172423362732,0.00012589320249389857,1.0,1.0,0.0,1.0,0.0,316,36.71947479248047,fresh_online_exploration,16,19
206688,69,1.0028932094573975,1.0028932094573975,1.0032302141189575,0.00033697066828608513,1.0,1.0,0.0,0.0,0.0,301,36.36045455932617,fresh_online_exploration,16,19
206688,72,1.0009911060333252,1.0009911060333252,1.0010161399841309,2.49744116445072e-05,1.0,1.0,0.0,0.0,0.0,308,36.52467346191406,fresh_online_exploration,16,19
207168,22,1.0032379627227783,1.0032379627227783,1.0035063028335571,0.0002683617058210075,1.0,1.0,0.0,0.0,0.0,305,36.5338249206543,fresh_online_exploration,16,19
207360,7,1.0018854141235352,1.0018854141235352,1.0019617080688477,7.634858775418252e-05,1.0,1.0,0.0,0.0,0.0,310,36.483699798583984,fresh_online_exploration,16,19
207744,42,1.0063374042510986,1.0063374042510986,1.0065386295318604,0.00020118973043281585,1.0,1.0,0.0,0.0,0.0,305,36.56250762939453,fresh_online_exploration,16,19
207744,47,1.004776120185852,1.004776120185852,1.0048997402191162,0.00012364420399535447,1.0,1.0,0.0,1.0,0.0,316,36.73528289794922,fresh_online_exploration,16,19
207840,74,1.0018033981323242,1.0018033981323242,1.001840591430664,3.715939965331927e-05,1.0,1.0,0.0,1.0,0.0,325,36.93974304199219,fresh_online_exploration,16,19
208128,33,1.001643419265747,1.001643419265747,1.001659870147705,1.6384476111852564e-05,1.0,1.0,0.0,1.0,0.0,309,36.565635681152344,fresh_online_exploration,16,19
208608,55,1.0000197887420654,1.0000197887420654,1.0006685256958008,0.0006486853817477822,1.0,1.0,0.0,1.0,0.0,320,36.76736068725586,fresh_online_exploration,16,19
208608,88,1.0017024278640747,1.0017024278640747,1.0017120838165283,9.635608876124024e-06,1.0,1.0,0.0,0.0,0.0,298,36.29042434692383,fresh_online_exploration,16,19
208896,86,1.0026048421859741,1.0026048421859741,1.0027565956115723,0.00015175211592577398,1.0,1.0,0.0,0.0,0.0,308,36.51388168334961,fresh_online_exploration,16,19
209664,92,1.0029466152191162,1.0029466152191162,1.0030226707458496,7.602532423334196e-05,1.0,1.0,0.0,0.0,0.0,312,36.689945220947266,fresh_online_exploration,16,19
210624,30,1.0040972232818604,1.0040972232818604,1.006821632385254,0.0027243802323937416,1.0,1.0,0.0,0.0,0.0,310,36.63960266113281,fresh_online_exploration,17,20
211200,52,1.0046616792678833,1.0046616792678833,1.0106220245361328,0.005960302427411079,1.0,1.0,0.0,0.0,0.0,306,36.64330291748047,fresh_online_exploration,17,20
211680,21,1.0009297132492065,1.0009297132492065,1.0011827945709229,0.0002530684869270772,1.0,1.0,0.0,1.0,0.0,308,36.54060745239258,fresh_online_exploration,17,20
212256,45,1.0028854608535767,1.0028854608535767,1.003098726272583,0.00021322316024452448,1.0,1.0,0.0,0.0,0.0,308,36.572547912597656,fresh_online_exploration,17,20
212544,65,1.0035582780838013,1.0035582780838013,1.0035803318023682,2.2028392777428962e-05,1.0,1.0,0.0,0.0,0.0,308,36.561885833740234,fresh_online_exploration,17,20
212832,5,1.0042822360992432,1.0042822360992432,1.0042985677719116,1.6341296941391192e-05,1.0,1.0,0.0,0.0,0.0,303,36.48768615722656,fresh_online_exploration,17,20
214080,63,1.000566840171814,1.000566840171814,1.0005838871002197,1.709771458990872e-05,1.0,1.0,0.0,1.0,0.0,311,36.590965270996094,fresh_online_exploration,17,20
214080,79,1.0059353113174438,1.0059353113174438,1.005974531173706,3.919437585864216e-05,1.0,1.0,0.0,0.0,0.0,310,36.556846618652344,fresh_online_exploration,17,20
214848,14,1.001330018043518,1.001330018043518,1.0013993978500366,6.936443969607353e-05,1.0,1.0,0.0,0.0,0.0,304,36.41749572753906,fresh_online_exploration,17,20
214944,57,1.0009909868240356,1.0009909868240356,1.0010781288146973,8.710958354640752e-05,1.0,1.0,0.0,1.0,0.0,315,36.690025329589844,fresh_online_exploration,17,20
227616,40,1.0010594129562378,1.0010594129562378,1.0012181997299194,0.00015876033285167068,1.0,1.0,0.0,0.0,0.0,309,36.41361618041992,fresh_online_exploration,18,21
227808,49,1.0011887550354004,1.0011887550354004,1.006622076034546,0.005433374550193548,1.0,1.0,0.0,0.0,0.0,300,36.443153381347656,fresh_online_exploration,18,21
228960,2,1.0046896934509277,1.0046896934509277,1.004892110824585,0.0002023582928813994,1.0,1.0,0.0,1.0,0.0,313,36.65974044799805,fresh_online_exploration,18,21
229152,25,1.0043368339538574,1.0043368339538574,1.0044305324554443,9.366079757455736e-05,1.0,1.0,0.0,0.0,0.0,300,36.49208450317383,fresh_online_exploration,19,21
229344,44,1.003908395767212,1.003908395767212,1.0148463249206543,0.010937875136733055,1.0,1.0,0.0,0.0,0.0,299,36.42230987548828,fresh_online_exploration,19,21
229344,90,1.0038923025131226,1.0038923025131226,1.0043537616729736,0.00046141797793097794,1.0,1.0,0.0,0.0,0.0,309,36.602272033691406,fresh_online_exploration,18,21
229536,73,1.00519597530365,1.00519597530365,1.005763292312622,0.0005673281848430634,1.0,1.0,0.0,0.0,0.0,319,36.813819885253906,fresh_online_exploration,18,21
229632,17,1.0050263404846191,1.0050263404846191,1.0052685737609863,0.0002422237885184586,1.0,1.0,0.0,0.0,0.0,307,36.638031005859375,fresh_online_exploration,19,21
229920,32,1.004610300064087,1.004610300064087,1.0047074556350708,9.713185136206448e-05,1.0,1.0,0.0,0.0,0.0,307,36.59964370727539,fresh_online_exploration,19,21
230016,37,1.0024924278259277,1.0024924278259277,1.002678394317627,0.00018604026990942657,1.0,1.0,0.0,0.0,0.0,303,36.52391052246094,fresh_online_exploration,19,21
230304,84,1.0030285120010376,1.0030285120010376,1.0031473636627197,0.0001188167734653689,1.0,1.0,0.0,1.0,0.0,309,36.612545013427734,fresh_online_exploration,19,22
230400,29,1.0027234554290771,1.0027234554290771,1.0027401447296143,1.6704665540601127e-05,1.0,1.0,0.0,0.0,0.0,302,36.4265022277832,fresh_online_exploration,19,22
230400,91,1.000508427619934,1.000508427619934,1.0009229183197021,0.00041445286478847265,1.0,1.0,0.0,0.0,0.0,304,36.459327697753906,fresh_online_exploration,19,22
230880,16,1.0012657642364502,1.0012657642364502,1.007991075515747,0.006725373677909374,1.0,1.0,0.0,0.0,0.0,311,36.6319580078125,fresh_online_exploration,19,22
230976,0,1.0014925003051758,1.0014925003051758,1.001582145690918,8.972895739134401e-05,1.0,1.0,0.0,0.0,0.0,299,36.30035400390625,fresh_online_exploration,19,22
230976,41,1.0034664869308472,1.0034664869308472,1.01078462600708,0.007318020332604647,1.0,1.0,0.0,0.0,0.0,317,36.77204132080078,fresh_online_exploration,19,22
230976,67,1.004098653793335,1.004098653793335,1.0041766166687012,7.802856271155179e-05,1.0,1.0,0.0,0.0,0.0,311,36.6943244934082,fresh_online_exploration,19,22
231456,27,1.0006814002990723,1.0006814002990723,1.0008728504180908,0.0001914580789161846,1.0,1.0,0.0,0.0,0.0,301,36.411293029785156,fresh_online_exploration,19,22
231456,62,1.0019724369049072,1.0019724369049072,1.0021722316741943,0.00019985245307907462,1.0,1.0,0.0,0.0,0.0,303,36.52234649658203,fresh_online_exploration,19,22
231744,39,1.0051900148391724,1.0051900148391724,1.0052510499954224,6.103789201006293e-05,1.0,1.0,0.0,0.0,0.0,304,36.56568908691406,fresh_online_exploration,19,22
231840,24,1.0008225440979004,1.0008225440979004,1.0009046792984009,8.215377602027729e-05,1.0,1.0,0.0,1.0,0.0,308,36.548465728759766,fresh_online_exploration,19,22
231840,82,1.0039063692092896,1.0039063692092896,1.0128393173217773,0.008932951837778091,1.0,1.0,0.0,0.0,0.0,314,36.78160095214844,fresh_online_exploration,19,22
231936,81,1.0052708387374878,1.0052708387374878,1.0053882598876953,0.00011735934822354466,1.0,1.0,0.0,0.0,0.0,310,36.62897491455078,fresh_online_exploration,19,22
232032,46,1.0017093420028687,1.0017093420028687,1.0018630027770996,0.00015366316074505448,1.0,1.0,0.0,0.0,0.0,307,36.54999542236328,fresh_online_exploration,19,22
232032,77,1.0006471872329712,1.0006471872329712,1.001183032989502,0.0005358402268029749,1.0,1.0,0.0,1.0,0.0,304,36.47658157348633,fresh_online_exploration,19,22
232128,15,1.0021588802337646,1.0021588802337646,1.0072765350341797,0.005117668304592371,1.0,1.0,0.0,0.0,0.0,304,36.52794647216797,fresh_online_exploration,19,22
232320,53,1.0039634704589844,1.0039634704589844,1.0040371417999268,7.374677807092667e-05,1.0,1.0,0.0,1.0,0.0,312,36.676815032958984,fresh_online_exploration,19,22
232320,60,1.0049084424972534,1.0049084424972534,1.0053499937057495,0.0004414978320710361,1.0,1.0,0.0,0.0,0.0,304,36.56432342529297,fresh_online_exploration,19,22
232704,64,1.003629446029663,1.003629446029663,1.0038570165634155,0.0002275871520396322,1.0,1.0,0.0,1.0,0.0,318,36.856605529785156,fresh_online_exploration,19,22
232800,70,1.0042569637298584,1.0042569637298584,1.004313349723816,5.6360357120865956e-05,1.0,1.0,0.0,0.0,0.0,306,36.65966033935547,fresh_online_exploration,19,22
232992,31,1.0007457733154297,1.0007457733154297,1.0007641315460205,1.8359123714617454e-05,1.0,1.0,0.0,0.0,0.0,303,36.403526306152344,fresh_online_exploration,19,22
232992,85,1.0026793479919434,1.0026793479919434,1.0031203031539917,0.0004409548710100353,1.0,1.0,0.0,0.0,0.0,309,36.55364227294922,fresh_online_exploration,19,22
233088,4,1.001199722290039,1.001199722290039,1.0102307796478271,0.009030990302562714,1.0,1.0,0.0,0.0,0.0,306,36.443695068359375,fresh_online_exploration,19,22
233088,13,1.0019749402999878,1.0019749402999878,1.0019911527633667,1.6194850104511715e-05,1.0,1.0,0.0,0.0,0.0,305,36.4763069152832,fresh_online_exploration,19,22
233280,19,1.000444769859314,1.000444769859314,1.0004549026489258,1.0071066753880586e-05,1.0,1.0,0.0,0.0,0.0,299,36.319549560546875,fresh_online_exploration,19,22
233280,78,1.0013439655303955,1.0013439655303955,1.0141092538833618,0.012765268795192242,1.0,1.0,0.0,0.0,0.0,303,36.49358367919922,fresh_online_exploration,19,22
233376,68,1.000858187675476,1.000858187675476,1.0012502670288086,0.0003921342140529305,1.0,1.0,0.0,0.0,0.0,305,36.5088996887207,fresh_online_exploration,19,22
233472,3,1.0048754215240479,1.0048754215240479,1.0049974918365479,0.00012210146815050393,1.0,1.0,0.0,0.0,0.0,304,36.452735900878906,fresh_online_exploration,19,22
233568,26,1.0047882795333862,1.0047882795333862,1.0068795680999756,0.002091314410790801,1.0,1.0,0.0,0.0,0.0,315,36.87733459472656,fresh_online_exploration,19,22
233760,51,1.0030031204223633,1.0030031204223633,1.0031099319458008,0.00010678292892407626,1.0,1.0,0.0,1.0,0.0,315,36.73719024658203,fresh_online_exploration,19,22
233952,43,1.0022039413452148,1.0022039413452148,1.0026593208312988,0.0004553082981146872,1.0,1.0,0.0,0.0,0.0,311,36.68828582763672,fresh_online_exploration,19,22
234048,76,1.0031026601791382,1.0031026601791382,1.0032105445861816,0.00010786159691633657,1.0,1.0,0.0,0.0,0.0,302,36.41392517089844,fresh_online_exploration,19,22
234144,56,1.001192569732666,1.001192569732666,1.001549243927002,0.0003566696250345558,1.0,1.0,0.0,1.0,0.0,306,36.51695251464844,fresh_online_exploration,19,22
234336,34,1.002036690711975,1.002036690711975,1.0020803213119507,4.363877815194428e-05,1.0,1.0,0.0,0.0,0.0,305,36.466129302978516,fresh_online_exploration,19,22
234336,35,1.0030853748321533,1.0030853748321533,1.0032401084899902,0.0001547828724142164,1.0,1.0,0.0,1.0,0.0,307,36.58002471923828,fresh_online_exploration,19,22
234432,11,1.0045030117034912,1.0045030117034912,1.0048177242279053,0.00031469028908759356,1.0,1.0,0.0,1.0,0.0,316,36.785118103027344,fresh_online_exploration,19,22
234528,71,1.0030440092086792,1.0030440092086792,1.0031991004943848,0.00015514291590079665,1.0,1.0,0.0,0.0,0.0,305,36.57269287109375,fresh_online_exploration,19,22
234624,36,1.0059629678726196,1.0059629678726196,1.012333869934082,0.006370927672833204,1.0,1.0,0.0,0.0,0.0,301,36.50369644165039,fresh_online_exploration,19,22
234624,83,1.0048253536224365,1.0048253536224365,1.0048580169677734,3.25976507156156e-05,1.0,1.0,0.0,1.0,0.0,326,37.012943267822266,fresh_online_exploration,19,22
234624,89,1.004982352256775,1.004982352256775,1.0053536891937256,0.0003713659243658185,1.0,1.0,0.0,0.0,0.0,306,36.612640380859375,fresh_online_exploration,19,22
234624,93,1.002038836479187,1.002038836479187,1.0020489692687988,1.005472950055264e-05,1.0,1.0,0.0,1.0,0.0,310,36.569183349609375,fresh_online_exploration,19,22
234720,6,1.0048919916152954,1.0048919916152954,1.0056415796279907,0.0007496293401345611,1.0,1.0,0.0,0.0,0.0,323,36.95952606201172,fresh_online_exploration,19,22
234720,59,1.0009886026382446,1.0009886026382446,1.0013725757598877,0.00038392364513128996,1.0,1.0,0.0,0.0,0.0,309,36.497840881347656,fresh_online_exploration,19,22
234912,28,1.0037429332733154,1.0037429332733154,1.0038740634918213,0.00013120583025738597,1.0,1.0,0.0,0.0,0.0,305,36.549049377441406,fresh_online_exploration,19,22
234912,54,1.0024124383926392,1.0024124383926392,1.002602458000183,0.0001900072384160012,1.0,1.0,0.0,1.0,0.0,308,36.57341003417969,fresh_online_exploration,19,22
235104,58,1.0049012899398804,1.0049012899398804,1.0175409317016602,0.012639593333005905,1.0,1.0,0.0,0.0,0.0,311,36.61147689819336,fresh_online_exploration,19,22
235104,94,1.0004844665527344,1.0004844665527344,1.0008032321929932,0.00031879713060334325,1.0,1.0,0.0,1.0,0.0,319,36.75592041015625,fresh_online_exploration,19,22
235584,8,1.0050859451293945,1.0050859451293945,1.0055456161499023,0.0004597255610860884,1.0,1.0,0.0,0.0,0.0,317,36.85547637939453,fresh_online_exploration,19,22
235584,95,1.0016562938690186,1.0016562938690186,1.0018430948257446,0.00018682066001929343,1.0,1.0,0.0,1.0,0.0,320,36.861602783203125,fresh_online_exploration,19,22
235776,61,1.0038083791732788,1.0038083791732788,1.0043941736221313,0.0005858122603967786,1.0,1.0,0.0,1.0,0.0,317,36.75959396362305,fresh_online_exploration,19,22
235776,66,1.0031179189682007,1.0031179189682007,1.0031781196594238,6.013867096044123e-05,1.0,1.0,0.0,1.0,0.0,316,36.88310623168945,fresh_online_exploration,19,22
235776,75,1.0038076639175415,1.0038076639175415,1.0038938522338867,8.62757588038221e-05,1.0,1.0,0.0,1.0,0.0,313,36.71278762817383,fresh_online_exploration,19,22
235872,12,1.0047237873077393,1.0047237873077393,1.004888653755188,0.0001648653415031731,1.0,1.0,0.0,1.0,0.0,314,36.646080017089844,fresh_online_exploration,19,22
235968,20,1.0024038553237915,1.0024038553237915,1.0024961233139038,9.227438567904755e-05,1.0,1.0,0.0,0.0,0.0,308,36.60454177856445,fresh_online_exploration,19,22
235968,23,1.0014842748641968,1.0014842748641968,1.001825213432312,0.00034096871968358755,1.0,1.0,0.0,0.0,0.0,307,36.51490783691406,fresh_online_exploration,19,22
235968,48,1.0022610425949097,1.0022610425949097,1.0024809837341309,0.000219851775909774,1.0,1.0,0.0,0.0,0.0,311,36.546836853027344,fresh_online_exploration,19,22
236064,1,1.000054121017456,1.000054121017456,1.000130295753479,7.621852273587137e-05,1.0,1.0,0.0,1.0,0.0,312,36.57191467285156,fresh_online_exploration,19,22
236064,38,1.0024973154067993,1.0024973154067993,1.0133016109466553,0.010804207995533943,1.0,1.0,0.0,0.0,0.0,312,36.65263366699219,fresh_online_exploration,19,22
236160,18,1.0039403438568115,1.0039403438568115,1.0044891834259033,0.0005487973685376346,1.0,1.0,0.0,1.0,0.0,322,37.03432083129883,fresh_online_exploration,19,22
236256,50,1.0035394430160522,1.0035394430160522,1.0036909580230713,0.00015147596423048526,1.0,1.0,0.0,1.0,0.0,322,36.86981964111328,fresh_online_exploration,19,22
236256,80,1.0017169713974,1.0017169713974,1.0021069049835205,0.00038999461685307324,1.0,1.0,0.0,1.0,0.0,317,36.786476135253906,fresh_online_exploration,19,22
236352,87,1.002326488494873,1.002326488494873,1.002759337425232,0.0004328380455262959,1.0,1.0,0.0,0.0,0.0,313,36.64431381225586,fresh_online_exploration,19,22
236544,10,1.0005202293395996,1.0005202293395996,1.000868797302246,0.000348507659509778,1.0,1.0,0.0,0.0,0.0,312,36.640892028808594,fresh_online_exploration,19,22
236736,69,1.0008249282836914,1.0008249282836914,1.0009405612945557,0.00011567081674002111,1.0,1.0,0.0,1.0,0.0,313,36.675743103027344,fresh_online_exploration,19,22
236832,72,1.0034123659133911,1.0034123659133911,1.00352144241333,0.00010913898586295545,1.0,1.0,0.0,1.0,0.0,314,36.69293212890625,fresh_online_exploration,19,22
237024,42,1.0031830072402954,1.0031830072402954,1.0051965713500977,0.002013548044487834,1.0,1.0,0.0,0.0,0.0,305,36.56678009033203,fresh_online_exploration,19,22
237312,22,1.0039271116256714,1.0039271116256714,1.0040035247802734,7.651482155779377e-05,1.0,1.0,0.0,1.0,0.0,314,36.68268585205078,fresh_online_exploration,19,22
237408,7,1.002535343170166,1.002535343170166,1.0027095079421997,0.00017411253065802157,1.0,1.0,0.0,1.0,0.0,313,36.70463943481445,fresh_online_exploration,19,22
237408,9,1.00325345993042,1.00325345993042,1.0037553310394287,0.000501829432323575,1.0,1.0,0.0,1.0,0.0,322,36.955692291259766,fresh_online_exploration,19,22
237792,47,1.0017449855804443,1.0017449855804443,1.001872181892395,0.0001271475339308381,1.0,1.0,0.0,1.0,0.0,313,36.675254821777344,fresh_online_exploration,19,22
237888,74,1.0016251802444458,1.0016251802444458,1.0017387866973877,0.0001135903294198215,1.0,1.0,0.0,0.0,0.0,313,36.63655090332031,fresh_online_exploration,19,22
238272,88,1.0001994371414185,1.0001994371414185,1.0003993511199951,0.0001998216175707057,1.0,1.0,0.0,0.0,0.0,309,36.44464874267578,fresh_online_exploration,19,22
238752,33,1.0047391653060913,1.0047391653060913,1.0051219463348389,0.00038271129596978426,1.0,1.0,0.0,1.0,0.0,319,36.827789306640625,fresh_online_exploration,19,22
239136,55,1.0031503438949585,1.0031503438949585,1.0033819675445557,0.00023167161270976067,1.0,1.0,0.0,0.0,0.0,318,36.73081588745117,fresh_online_exploration,19,22
239424,86,1.0016987323760986,1.0016987323760986,1.001805305480957,0.000106532868812792,1.0,1.0,0.0,1.0,0.0,318,36.7431755065918,fresh_online_exploration,19,22
239520,92,1.0048885345458984,1.0048885345458984,1.0069353580474854,0.0020469261799007654,1.0,1.0,0.0,0.0,0.0,311,36.609779357910156,fresh_online_exploration,19,22
241248,30,1.0028846263885498,1.0028846263885498,1.0029621124267578,7.746503979433328e-05,1.0,1.0,0.0,1.0,0.0,319,36.782508850097656,fresh_online_exploration,20,23
241344,52,1.0035232305526733,1.0035232305526733,1.0036561489105225,0.00013298634439706802,1.0,1.0,0.0,1.0,0.0,314,36.71580505371094,fresh_online_exploration,20,23
241536,21,1.0019724369049072,1.0019724369049072,1.0019886493682861,1.619599606783595e-05,1.0,1.0,0.0,1.0,0.0,311,36.625099182128906,fresh_online_exploration,20,23
242400,45,1.0030438899993896,1.0030438899993896,1.0030968189239502,5.302207500790246e-05,1.0,1.0,0.0,1.0,0.0,314,36.634185791015625,fresh_online_exploration,20,23
242976,5,1.0013401508331299,1.0013401508331299,1.0015618801116943,0.00022165536938700825,1.0,1.0,0.0,1.0,0.0,314,36.663055419921875,fresh_online_exploration,20,23
243072,65,1.0051430463790894,1.0051430463790894,1.0055325031280518,0.0003894102992489934,1.0,1.0,0.0,0.0,0.0,318,36.833740234375,fresh_online_exploration,20,23
244224,63,1.0008094310760498,1.0008094310760498,1.0008265972137451,1.7108966858359054e-05,1.0,1.0,0.0,1.0,0.0,314,36.75754165649414,fresh_online_exploration,20,23
244704,14,1.004880666732788,1.004880666732788,1.0051779747009277,0.0002972630027215928,1.0,1.0,0.0,1.0,0.0,311,36.75962829589844,fresh_online_exploration,20,23
245280,79,1.0009937286376953,1.0009937286376953,1.001683235168457,0.0006895537953823805,1.0,1.0,0.0,1.0,0.0,325,36.790611267089844,fresh_online_exploration,20,23
246816,57,1.0051032304763794,1.0051032304763794,1.0061919689178467,0.0010886832606047392,1.0,1.0,0.0,1.0,0.0,332,37.140968322753906,fresh_online_exploration,20,23
257376,49,1.0047376155853271,1.0047376155853271,1.0094563961029053,0.00471870880573988,1.0,1.0,0.0,0.0,0.0,308,36.58940124511719,fresh_online_exploration,21,24
257760,40,1.0038996934890747,1.0038996934890747,1.0040342807769775,0.00013454383588396013,1.0,1.0,0.0,0.0,0.0,314,36.70915603637695,fresh_online_exploration,21,24
257856,90,1.0020960569381714,1.0020960569381714,1.0024018287658691,0.0003057143185287714,1.0,1.0,0.0,0.0,0.0,297,36.31713104248047,fresh_online_exploration,21,24
257952,44,1.0045242309570312,1.0045242309570312,1.004563570022583,3.927767465938814e-05,1.0,1.0,0.0,0.0,0.0,298,36.4517707824707,fresh_online_exploration,21,24
258336,25,1.0046117305755615,1.0046117305755615,1.0046708583831787,5.9143610997125506e-05,1.0,1.0,0.0,0.0,0.0,304,36.502498626708984,fresh_online_exploration,21,24
258432,2,1.0001741647720337,1.0001741647720337,1.0001983642578125,2.4191138436435722e-05,1.0,1.0,0.0,0.0,0.0,307,36.40161895751953,fresh_online_exploration,21,24
258624,17,1.0006699562072754,1.0006699562072754,1.0008872747421265,0.0002173125685658306,1.0,1.0,0.0,0.0,0.0,302,36.460594177246094,fresh_online_exploration,21,24
259008,73,1.0051974058151245,1.0051974058151245,1.0053579807281494,0.00016060363850556314,1.0,1.0,0.0,0.0,0.0,307,36.60734176635742,fresh_online_exploration,21,24
259104,37,1.0049394369125366,1.0049394369125366,1.0050106048583984,7.118686335161328e-05,1.0,1.0,0.0,0.0,0.0,303,36.469566345214844,fresh_online_exploration,21,24
259200,84,1.0049909353256226,1.0049909353256226,1.0050073862075806,1.6459645848954096e-05,1.0,1.0,0.0,0.0,0.0,301,36.47114562988281,fresh_online_exploration,22,24
259584,91,1.003058671951294,1.003058671951294,1.0032494068145752,0.00019076064927503467,1.0,1.0,0.0,0.0,0.0,304,36.51449203491211,fresh_online_exploration,22,24
259680,32,1.0025933980941772,1.0025933980941772,1.0030407905578613,0.0004473663284443319,1.0,1.0,0.0,0.0,0.0,310,36.6023063659668,fresh_online_exploration,21,24
259776,0,1.0024033784866333,1.0024033784866333,1.002729892730713,0.00032657550764270127,1.0,1.0,0.0,0.0,0.0,300,36.4931755065918,fresh_online_exploration,22,24
260160,67,1.0014604330062866,1.0014604330062866,1.0065374374389648,0.005077065899968147,1.0,1.0,0.0,0.0,0.0,304,36.50468063354492,fresh_online_exploration,22,25
260352,29,1.0030597448349,1.0030597448349,1.0031955242156982,0.00013577482604887336,1.0,1.0,0.0,1.0,0.0,312,36.68168258666992,fresh_online_exploration,22,25
260544,39,1.0027985572814941,1.0027985572814941,1.0029654502868652,0.00016681036504451185,1.0,1.0,0.0,0.0,0.0,300,36.463138580322266,fresh_online_exploration,22,25
260640,62,1.0007836818695068,1.0007836818695068,1.0008031129837036,1.9432272893027402e-05,1.0,1.0,0.0,0.0,0.0,304,36.380516052246094,fresh_online_exploration,22,25
260736,16,1.001091480255127,1.001091480255127,1.013545274734497,0.01245388574898243,1.0,1.0,0.0,0.0,0.0,311,36.580718994140625,fresh_online_exploration,22,25
260928,41,1.0042322874069214,1.0042322874069214,1.0093649625778198,0.005132617894560099,1.0,1.0,0.0,0.0,0.0,312,36.75958251953125,fresh_online_exploration,22,25
261120,81,1.003422498703003,1.003422498703003,1.010474681854248,0.00705211004242301,1.0,1.0,0.0,0.0,0.0,304,36.613502502441406,fresh_online_exploration,22,25
261216,46,1.0058104991912842,1.0058104991912842,1.0058355331420898,2.5066674425033852e-05,1.0,1.0,0.0,0.0,0.0,304,36.45351791381836,fresh_online_exploration,22,25
261312,24,1.0020158290863037,1.0020158290863037,1.0021287202835083,0.00011289483518339694,1.0,1.0,0.0,1.0,0.0,307,36.56516647338867,fresh_online_exploration,22,25
261600,77,1.0006325244903564,1.0006325244903564,1.0011138916015625,0.00048143533058464527,1.0,1.0,0.0,0.0,0.0,308,36.442901611328125,fresh_online_exploration,22,25
261696,53,1.0049901008605957,1.0049901008605957,1.0049995183944702,9.429484634893015e-06,1.0,1.0,0.0,0.0,0.0,306,36.464111328125,fresh_online_exploration,22,25
262176,27,1.0011454820632935,1.0011454820632935,1.0015735626220703,0.0004280415887478739,1.0,1.0,0.0,1.0,0.0,320,36.88447189331055,fresh_online_exploration,22,25
262176,60,1.0021919012069702,1.0021919012069702,1.00226891040802,7.699363777646795e-05,1.0,1.0,0.0,1.0,0.0,311,36.51595687866211,fresh_online_exploration,22,25
262176,70,1.004170536994934,1.004170536994934,1.0042271614074707,5.6641147239133716e-05,1.0,1.0,0.0,0.0,0.0,306,36.52607727050781,fresh_online_exploration,22,25
262368,15,1.0031898021697998,1.0031898021697998,1.0034997463226318,0.0003099473542533815,1.0,1.0,0.0,1.0,0.0,315,36.62962341308594,fresh_online_exploration,22,25
262368,26,1.0033737421035767,1.0033737421035767,1.003385066986084,1.122326466429513e-05,1.0,1.0,0.0,0.0,0.0,300,36.429412841796875,fresh_online_exploration,22,25
262368,31,1.003791332244873,1.003791332244873,1.0140998363494873,0.010308605618774891,1.0,1.0,0.0,0.0,0.0,306,36.50838851928711,fresh_online_exploration,22,25
262368,82,1.0031063556671143,1.0031063556671143,1.009246587753296,0.006140215788036585,1.0,1.0,0.0,0.0,0.0,318,36.74339294433594,fresh_online_exploration,22,25
262560,64,1.004402995109558,1.004402995109558,1.0054773092269897,0.001074299099855125,1.0,1.0,0.0,0.0,0.0,311,36.75396728515625,fresh_online_exploration,22,25
262560,68,1.0039560794830322,1.0039560794830322,1.0039710998535156,1.4975080375734251e-05,1.0,1.0,0.0,0.0,0.0,304,36.508522033691406,fresh_online_exploration,22,25
263136,3,1.0018080472946167,1.0018080472946167,1.001913070678711,0.00010493873560335487,1.0,1.0,0.0,0.0,0.0,309,36.59537124633789,fresh_online_exploration,22,25
263136,4,1.0017428398132324,1.0017428398132324,1.0108838081359863,0.009140982292592525,1.0,1.0,0.0,0.0,0.0,313,36.621009826660156,fresh_online_exploration,22,25
263232,85,1.0048866271972656,1.0048866271972656,1.0051841735839844,0.00029756769072264433,1.0,1.0,0.0,1.0,0.0,315,36.783573150634766,fresh_online_exploration,22,25
263328,56,1.000489592552185,1.000489592552185,1.0005476474761963,5.814027099404484e-05,1.0,1.0,0.0,0.0,0.0,304,36.36467742919922,fresh_online_exploration,22,25
263424,13,1.0038414001464844,1.0038414001464844,1.0040757656097412,0.00023425047402270138,1.0,1.0,0.0,1.0,0.0,316,36.69707489013672,fresh_online_exploration,22,25
263424,76,1.0005100965499878,1.0005100965499878,1.0005335807800293,2.3516106011811644e-05,1.0,1.0,0.0,0.0,0.0,306,36.473121643066406,fresh_online_exploration,22,25
263520,35,1.0038597583770752,1.0038597583770752,1.0146722793579102,0.010812545195221901,1.0,1.0,0.0,0.0,0.0,304,36.470947265625,fresh_online_exploration,22,25
263712,19,1.0051543712615967,1.0051543712615967,1.0135431289672852,0.008388908579945564,1.0,1.0,0.0,0.0,0.0,317,36.735660552978516,fresh_online_exploration,22,25
263808,36,1.0047662258148193,1.0047662258148193,1.01078200340271,0.006015850231051445,1.0,1.0,0.0,0.0,0.0,304,36.59877014160156,fresh_online_exploration,22,25
263808,78,1.0015748739242554,1.0015748739242554,1.0090887546539307,0.007513801567256451,1.0,1.0,0.0,0.0,0.0,318,36.77455520629883,fresh_online_exploration,22,25
263904,51,1.0022053718566895,1.0022053718566895,1.0022717714309692,6.635025056311861e-05,1.0,1.0,0.0,0.0,0.0,314,36.73583221435547,fresh_online_exploration,22,25
264000,54,1.0020768642425537,1.0020768642425537,1.0021612644195557,8.433668699581176e-05,1.0,1.0,0.0,0.0,0.0,303,36.43281936645508,fresh_online_exploration,22,25
264000,71,1.001356601715088,1.001356601715088,1.0013883113861084,3.18113379762508e-05,1.0,1.0,0.0,0.0,0.0,307,36.51968765258789,fresh_online_exploration,22,25
264000,93,1.004101276397705,1.004101276397705,1.004263162612915,0.00016183563275262713,1.0,1.0,0.0,1.0,0.0,306,36.586769104003906,fresh_online_exploration,22,25
264096,59,1.000023365020752,1.000023365020752,1.0002644062042236,0.00024106708588078618,1.0,1.0,0.0,0.0,0.0,306,36.4277458190918,fresh_online_exploration,22,25
264288,11,1.0043479204177856,1.0043479204177856,1.0046055316925049,0.00025758956326171756,1.0,1.0,0.0,0.0,0.0,311,36.703224182128906,fresh_online_exploration,22,25
264576,34,1.0034006834030151,1.0034006834030151,1.0036437511444092,0.00024300836957991123,1.0,1.0,0.0,1.0,0.0,315,36.76285171508789,fresh_online_exploration,22,25
264672,83,1.0004054307937622,1.0004054307937622,1.0004311800003052,2.5751218345249072e-05,1.0,1.0,0.0,1.0,0.0,313,36.61214065551758,fresh_online_exploration,22,25
264864,43,1.001786470413208,1.001786470413208,1.00263512134552,0.000848672934807837,1.0,1.0,0.0,1.0,0.0,322,36.832374572753906,fresh_online_exploration,22,25
265056,58,1.003435492515564,1.003435492515564,1.0035691261291504,0.00013355902046896517,1.0,1.0,0.0,0.0,0.0,312,36.697105407714844,fresh_online_exploration,22,25
265152,8,1.004724383354187,1.004724383354187,1.0047650337219238,4.0553837607149035e-05,1.0,1.0,0.0,0.0,0.0,308,36.719322204589844,fresh_online_exploration,22,25
265152,23,1.001293659210205,1.001293659210205,1.0013296604156494,3.606488462537527e-05,1.0,1.0,0.0,0.0,0.0,304,36.541568756103516,fresh_online_exploration,22,25
265152,66,1.0051692724227905,1.0051692724227905,1.0051838159561157,1.452176547900308e-05,1.0,1.0,0.0,1.0,0.0,306,36.617454528808594,fresh_online_exploration,22,25
265344,28,1.0031901597976685,1.0031901597976685,1.003251314163208,6.1195001762826e-05,1.0,1.0,0.0,1.0,0.0,317,36.79688262939453,fresh_online_exploration,22,25
265440,12,1.0013713836669922,1.0013713836669922,1.0013809204101562,9.618167496228125e-06,1.0,1.0,0.0,0.0,0.0,308,36.56889343261719,fresh_online_exploration,22,25
265440,48,1.002475619316101,1.002475619316101,1.0025508403778076,7.52312844269909e-05,1.0,1.0,0.0,0.0,0.0,307,36.54620361328125,fresh_online_exploration,22,25
265440,87,1.0053449869155884,1.0053449869155884,1.0053679943084717,2.308920375071466e-05,1.0,1.0,0.0,0.0,0.0,303,36.53573989868164,fresh_online_exploration,22,25
265440,89,1.0047303438186646,1.0047303438186646,1.0052706003189087,0.0005402337992563844,1.0,1.0,0.0,0.0,0.0,321,36.85744094848633,fresh_online_exploration,22,25
265440,94,1.0008511543273926,1.0008511543273926,1.001476764678955,0.0006257141358219087,1.0,1.0,0.0,1.0,0.0,316,36.724273681640625,fresh_online_exploration,22,25
265536,61,1.0015329122543335,1.0015329122543335,1.0021185874938965,0.0005857264623045921,1.0,1.0,0.0,0.0,0.0,310,36.6546630859375,fresh_online_exploration,22,25
265536,95,1.0026358366012573,1.0026358366012573,1.0026788711547852,4.307602284825407e-05,1.0,1.0,0.0,1.0,0.0,312,36.65510559082031,fresh_online_exploration,22,25
265632,38,1.001379370689392,1.001379370689392,1.002133846282959,0.0007545450353063643,1.0,1.0,0.0,0.0,0.0,308,36.57986068725586,fresh_online_exploration,22,25
265824,6,1.0050889253616333,1.0050889253616333,1.0056002140045166,0.0005113864899612963,1.0,1.0,0.0,0.0,0.0,324,37.02406692504883,fresh_online_exploration,22,25
265920,50,1.003730297088623,1.003730297088623,1.0037586688995361,2.8283513529459015e-05,1.0,1.0,0.0,0.0,0.0,309,36.643829345703125,fresh_online_exploration,22,25
265920,75,1.000916838645935,1.000916838645935,1.0009456872940063,2.8843949621659704e-05,1.0,1.0,0.0,1.0,0.0,314,36.652950286865234,fresh_online_exploration,22,25
266304,80,1.0020716190338135,1.0020716190338135,1.0024662017822266,0.00039454386569559574,1.0,1.0,0.0,0.0,0.0,313,36.732330322265625,fresh_online_exploration,22,25
266496,18,1.0043582916259766,1.0043582916259766,1.0044338703155518,7.556789933005348e-05,1.0,1.0,0.0,1.0,0.0,316,36.839134216308594,fresh_online_exploration,22,25
266592,1,1.0011837482452393,1.0011837482452393,1.001401424407959,0.0002176908601541072,1.0,1.0,0.0,1.0,0.0,318,36.744224548339844,fresh_online_exploration,22,25
266592,10,1.0015774965286255,1.0015774965286255,1.0016571283340454,7.961860683280975e-05,1.0,1.0,0.0,1.0,0.0,313,36.642784118652344,fresh_online_exploration,22,25
266688,69,1.001266598701477,1.001266598701477,1.0014350414276123,0.00016839595627970994,1.0,1.0,0.0,0.0,0.0,312,36.68356704711914,fresh_online_exploration,22,25
266976,42,1.0038056373596191,1.0038056373596191,1.0039466619491577,0.00014099075633566827,1.0,1.0,0.0,1.0,0.0,312,36.695289611816406,fresh_online_exploration,22,25
267360,20,1.0006778240203857,1.0006778240203857,1.0008058547973633,0.0001280368451261893,1.0,1.0,0.0,1.0,0.0,327,37.055023193359375,fresh_online_exploration,22,25
267360,72,1.0039674043655396,1.0039674043655396,1.0043048858642578,0.0003374538791831583,1.0,1.0,0.0,1.0,0.0,318,36.8436393737793,fresh_online_exploration,22,25
267456,22,1.0019863843917847,1.0019863843917847,1.0022790431976318,0.0002926274319179356,1.0,1.0,0.0,0.0,0.0,314,36.66282272338867,fresh_online_exploration,22,25
267840,7,1.0024988651275635,1.0024988651275635,1.0026402473449707,0.00014139992708805948,1.0,1.0,0.0,1.0,0.0,317,36.78660583496094,fresh_online_exploration,22,25
267936,74,1.0029778480529785,1.0029778480529785,1.0030303001403809,5.2471707022050396e-05,1.0,1.0,0.0,1.0,0.0,313,36.59862518310547,fresh_online_exploration,22,25
268032,9,1.005039930343628,1.005039930343628,1.005385398864746,0.00034548580879345536,1.0,1.0,0.0,1.0,0.0,319,36.74823760986328,fresh_online_exploration,22,25
268128,33,1.0031163692474365,1.0031163692474365,1.0031745433807373,5.8085763157578185e-05,1.0,1.0,0.0,0.0,0.0,306,36.43466567993164,fresh_online_exploration,22,25
268800,47,1.00539231300354,1.00539231300354,1.0054737329483032,8.147546031977981e-05,1.0,1.0,0.0,1.0,0.0,323,36.96529006958008,fresh_online_exploration,22,25
268992,88,1.0014910697937012,1.0014910697937012,1.00162935256958,0.00013821650645695627,1.0,1.0,0.0,1.0,0.0,320,36.816871643066406,fresh_online_exploration,22,25
269184,86,1.0008724927902222,1.0008724927902222,1.0015442371368408,0.0006716600037179887,1.0,1.0,0.0,0.0,0.0,310,36.61347198486328,fresh_online_exploration,22,25
269280,55,1.0004242658615112,1.0004242658615112,1.0004407167434692,1.6452682757517323e-05,1.0,1.0,0.0,1.0,0.0,314,36.587310791015625,fresh_online_exploration,22,25
269952,92,1.0050143003463745,1.0050143003463745,1.0053383111953735,0.0003240452497266233,1.0,1.0,0.0,0.0,0.0,317,36.86689758300781,fresh_online_exploration,22,25
270624,52,1.0026873350143433,1.0026873350143433,1.002699851989746,1.2578841960930731e-05,1.0,1.0,0.0,0.0,0.0,305,36.507713317871094,fresh_online_exploration,23,26
271584,30,1.0052212476730347,1.0052212476730347,1.0052313804626465,1.0177388503507245e-05,1.0,1.0,0.0,1.0,0.0,316,36.78473663330078,fresh_online_exploration,23,26
271968,45,1.0023815631866455,1.0023815631866455,1.0024980306625366,0.0001164958521258086,1.0,1.0,0.0,0.0,0.0,308,36.49504470825195,fresh_online_exploration,23,26
272064,5,1.0002338886260986,1.0002338886260986,1.0003418922424316,0.00010798264702316374,1.0,1.0,0.0,0.0,0.0,303,36.3153076171875,fresh_online_exploration,23,26
272256,21,1.0036516189575195,1.0036516189575195,1.0036782026290894,2.662193583091721e-05,1.0,1.0,0.0,1.0,0.0,320,36.918888092041016,fresh_online_exploration,23,26
272928,65,1.0025744438171387,1.0025744438171387,1.0060594081878662,0.003484888467937708,1.0,1.0,0.0,0.0,0.0,311,36.71591567993164,fresh_online_exploration,23,26
274272,63,1.0023730993270874,1.0023730993270874,1.0024447441101074,7.160074892453849e-05,1.0,1.0,0.0,1.0,0.0,313,36.74790954589844,fresh_online_exploration,23,26
275232,14,1.0036864280700684,1.0036864280700684,1.004015564918518,0.00032913454924710095,1.0,1.0,0.0,1.0,0.0,318,36.73564529418945,fresh_online_exploration,23,26
275616,79,1.0034818649291992,1.0034818649291992,1.003570556640625,8.877426444087178e-05,1.0,1.0,0.0,1.0,0.0,316,36.75731658935547,fresh_online_exploration,23,26
277536,57,1.0004271268844604,1.0004271268844604,1.0004366636276245,9.53696417127503e-06,1.0,1.0,0.0,1.0,0.0,320,36.7311897277832,fresh_online_exploration,23,26
286944,90,1.0031492710113525,1.0031492710113525,1.0037899017333984,0.0006406672764569521,1.0,1.0,0.0,0.0,0.0,303,36.53352737426758,fresh_online_exploration,24,27
287136,44,1.000160813331604,1.000160813331604,1.000389575958252,0.0002287778042955324,1.0,1.0,0.0,0.0,0.0,304,36.45421600341797,fresh_online_exploration,24,27
287520,2,1.000471830368042,1.000471830368042,1.0005462169647217,7.44100907468237e-05,1.0,1.0,0.0,0.0,0.0,303,36.43670654296875,fresh_online_exploration,24,27
287520,49,1.0027241706848145,1.0027241706848145,1.0060844421386719,0.0033602083567529917,1.0,1.0,0.0,0.0,0.0,314,36.684844970703125,fresh_online_exploration,24,27
287712,25,1.0006498098373413,1.0006498098373413,1.0007297992706299,7.995948544703424e-05,1.0,1.0,0.0,1.0,0.0,306,36.61362838745117,fresh_online_exploration,24,27
288096,17,1.0008065700531006,1.0008065700531006,1.0011680126190186,0.0003614030429162085,1.0,1.0,0.0,0.0,0.0,307,36.57954025268555,fresh_online_exploration,24,27
288096,37,1.0004966259002686,1.0004966259002686,1.000556468963623,5.994458479108289e-05,1.0,1.0,0.0,0.0,0.0,302,36.41255569458008,fresh_online_exploration,24,27
288576,40,1.0033012628555298,1.0033012628555298,1.003316044807434,1.4771440874028485e-05,1.0,1.0,0.0,1.0,0.0,321,36.86049270629883,fresh_online_exploration,24,27
288576,84,1.0000203847885132,1.0000203847885132,1.0000550746917725,3.469154398771934e-05,1.0,1.0,0.0,1.0,0.0,306,36.51039123535156,fresh_online_exploration,24,27
288672,91,1.0050559043884277,1.0050559043884277,1.0050870180130005,3.10662726406008e-05,1.0,1.0,0.0,0.0,0.0,303,36.503902435302734,fresh_online_exploration,24,27
288768,0,1.0000941753387451,1.0000941753387451,1.000138759613037,4.464969606488012e-05,1.0,1.0,0.0,0.0,0.0,302,36.417137145996094,fresh_online_exploration,24,27
288768,73,1.0036625862121582,1.0036625862121582,1.0037295818328857,6.706039130222052e-05,1.0,1.0,0.0,1.0,0.0,310,36.63738250732422,fresh_online_exploration,24,27
289344,39,1.0014477968215942,1.0014477968215942,1.0015190839767456,7.129929872462526e-05,1.0,1.0,0.0,0.0,0.0,300,36.371028900146484,fresh_online_exploration,25,27
289536,32,1.0057097673416138,1.0057097673416138,1.0063567161560059,0.0006469909567385912,1.0,1.0,0.0,0.0,0.0,311,36.72810745239258,fresh_online_exploration,24,27
289536,67,1.005041241645813,1.005041241645813,1.013765811920166,0.008724537678062916,1.0,1.0,0.0,0.0,0.0,306,36.588680267333984,fresh_online_exploration,25,27
289824,16,1.002307415008545,1.002307415008545,1.0082136392593384,0.005906183272600174,1.0,1.0,0.0,0.0,0.0,303,36.52370071411133,fresh_online_exploration,25,27
289824,24,1.0021824836730957,1.0021824836730957,1.0022635459899902,8.10636265669018e-05,1.0,1.0,0.0,0.0,0.0,297,36.346561431884766,fresh_online_exploration,25,27
290208,41,1.0044375658035278,1.0044375658035278,1.0114657878875732,0.007028006017208099,1.0,1.0,0.0,0.0,0.0,305,36.53733444213867,fresh_online_exploration,25,28
290208,62,1.0051753520965576,1.0051753520965576,1.0053048133850098,0.00012941450404468924,1.0,1.0,0.0,0.0,0.0,308,36.64404296875,fresh_online_exploration,25,28
290496,29,1.002142310142517,1.002142310142517,1.0027055740356445,0.0005632219836115837,1.0,1.0,0.0,1.0,0.0,314,36.735443115234375,fresh_online_exploration,25,28
290496,46,1.001234531402588,1.001234531402588,1.0013408660888672,0.00010628538439050317,1.0,1.0,0.0,0.0,0.0,305,36.518104553222656,fresh_online_exploration,25,28
290688,53,1.0041189193725586,1.0041189193725586,1.0041284561157227,9.485843293077778e-06,1.0,1.0,0.0,0.0,0.0,302,36.587257385253906,fresh_online_exploration,25,28
290688,77,1.0001404285430908,1.0001404285430908,1.0002363920211792,9.598178439773619e-05,1.0,1.0,0.0,0.0,0.0,303,36.35063171386719,fresh_online_exploration,25,28
291072,27,1.0021244287490845,1.0021244287490845,1.0023307800292969,0.00020638879504986107,1.0,1.0,0.0,0.0,0.0,301,36.45897674560547,fresh_online_exploration,25,28
291072,81,1.0016833543777466,1.0016833543777466,1.013221025466919,0.011537580750882626,1.0,1.0,0.0,0.0,0.0,312,36.64446258544922,fresh_online_exploration,25,28
291456,60,1.0051740407943726,1.0051740407943726,1.0052528381347656,7.89121477282606e-05,1.0,1.0,0.0,0.0,0.0,305,36.477699279785156,fresh_online_exploration,25,28
291456,68,1.0006725788116455,1.0006725788116455,1.0007684230804443,9.576456068316475e-05,1.0,1.0,0.0,0.0,0.0,301,36.369598388671875,fresh_online_exploration,25,28
291648,31,1.0055220127105713,1.0055220127105713,1.0056437253952026,0.00012176663585705683,1.0,1.0,0.0,0.0,0.0,305,36.53499984741211,fresh_online_exploration,25,28
292032,4,1.0025756359100342,1.0025756359100342,1.0118045806884766,0.009228814393281937,1.0,1.0,0.0,0.0,0.0,301,36.387054443359375,fresh_online_exploration,25,28
292032,15,1.00045645236969,1.00045645236969,1.0006861686706543,0.0002297594037372619,1.0,1.0,0.0,0.0,0.0,309,36.547672271728516,fresh_online_exploration,25,28
292032,70,1.0011595487594604,1.0011595487594604,1.0013225078582764,0.00016302737640216947,1.0,1.0,0.0,1.0,0.0,311,36.64823532104492,fresh_online_exploration,25,28
292224,26,1.0037213563919067,1.0037213563919067,1.0044503211975098,0.0007290382054634392,1.0,1.0,0.0,0.0,0.0,311,36.60338592529297,fresh_online_exploration,25,28
292320,76,1.003382682800293,1.003382682800293,1.003448724746704,6.595849845325574e-05,1.0,1.0,0.0,0.0,0.0,301,36.47352981567383,fresh_online_exploration,25,28
292416,3,1.004257321357727,1.004257321357727,1.0042741298675537,1.6714064258849248e-05,1.0,1.0,0.0,0.0,0.0,305,36.54859161376953,fresh_online_exploration,25,28
292416,82,1.0037868022918701,1.0037868022918701,1.0106430053710938,0.006856259424239397,1.0,1.0,0.0,0.0,0.0,313,36.76926803588867,fresh_online_exploration,25,28
292512,56,1.0041284561157227,1.0041284561157227,1.0042377710342407,0.00010926247341558337,1.0,1.0,0.0,0.0,0.0,304,36.52566146850586,fresh_online_exploration,25,28
292608,64,1.0047684907913208,1.0047684907913208,1.0048961639404297,0.00012773663911502808,1.0,1.0,0.0,0.0,0.0,313,36.73066711425781,fresh_online_exploration,25,28
293184,85,1.0052642822265625,1.0052642822265625,1.005456566810608,0.0001922411029227078,1.0,1.0,0.0,1.0,0.0,312,36.632511138916016,fresh_online_exploration,25,28
293280,54,1.0028084516525269,1.0028084516525269,1.0032105445861816,0.0004020921769551933,1.0,1.0,0.0,0.0,0.0,305,36.57202911376953,fresh_online_exploration,25,28
293472,13,1.0044567584991455,1.0044567584991455,1.004657506942749,0.0002007771545322612,1.0,1.0,0.0,0.0,0.0,313,36.80169677734375,fresh_online_exploration,25,28
293472,78,1.0023188591003418,1.0023188591003418,1.0083576440811157,0.006038797087967396,1.0,1.0,0.0,0.0,0.0,309,36.59587097167969,fresh_online_exploration,25,28
293472,93,1.0012586116790771,1.0012586116790771,1.0084489583969116,0.007190432865172625,1.0,1.0,0.0,0.0,0.0,307,36.48882293701172,fresh_online_exploration,25,28
293568,51,1.0010370016098022,1.0010370016098022,1.001051664352417,1.4723188542120624e-05,1.0,1.0,0.0,1.0,0.0,309,36.608421325683594,fresh_online_exploration,25,28
293664,59,1.0014021396636963,1.0014021396636963,1.0015838146209717,0.000181707669980824,1.0,1.0,0.0,0.0,0.0,308,36.49795913696289,fresh_online_exploration,25,28
293760,19,1.0028271675109863,1.0028271675109863,1.0029641389846802,0.00013697045505978167,1.0,1.0,0.0,0.0,0.0,313,36.69806671142578,fresh_online_exploration,25,28
293760,34,1.0008692741394043,1.0008692741394043,1.000941276550293,7.193976489361376e-05,1.0,1.0,0.0,0.0,0.0,304,36.5006103515625,fresh_online_exploration,25,28
293856,11,1.0047001838684082,1.0047001838684082,1.0048556327819824,0.00015550186799373478,1.0,1.0,0.0,0.0,0.0,308,36.68255615234375,fresh_online_exploration,25,28
293952,36,1.0019824504852295,1.0019824504852295,1.0100666284561157,0.008084164932370186,1.0,1.0,0.0,0.0,0.0,314,36.69676971435547,fresh_online_exploration,25,28
293952,71,1.0031583309173584,1.0031583309173584,1.0031814575195312,2.3069873350323178e-05,1.0,1.0,0.0,1.0,0.0,312,36.76430892944336,fresh_online_exploration,25,28
294144,23,1.0000247955322266,1.0000247955322266,1.0005277395248413,0.0005029812455177307,1.0,1.0,0.0,0.0,0.0,302,36.46736145019531,fresh_online_exploration,25,28
294240,35,1.005631685256958,1.005631685256958,1.006014347076416,0.00038260099245235324,1.0,1.0,0.0,1.0,0.0,320,36.91038513183594,fresh_online_exploration,25,28
294240,66,1.0005850791931152,1.0005850791931152,1.000694990158081,0.00010984154505422339,1.0,1.0,0.0,0.0,0.0,303,36.42644500732422,fresh_online_exploration,25,28
294432,58,1.003354549407959,1.003354549407959,1.00349760055542,0.00014308662503026426,1.0,1.0,0.0,0.0,0.0,306,36.620304107666016,fresh_online_exploration,25,28
294432,61,1.0008076429367065,1.0008076429367065,1.0008442401885986,3.655078762676567e-05,1.0,1.0,0.0,0.0,0.0,301,36.410423278808594,fresh_online_exploration,25,28
294528,43,1.006014347076416,1.006014347076416,1.0153284072875977,0.009314068593084812,1.0,1.0,0.0,0.0,0.0,309,36.641536712646484,fresh_online_exploration,25,28
294624,38,1.0003665685653687,1.0003665685653687,1.0003767013549805,1.0047093383036554e-05,1.0,1.0,0.0,0.0,0.0,302,36.419151306152344,fresh_online_exploration,25,28
294912,28,1.0031654834747314,1.0031654834747314,1.0031821727752686,1.6657757441862486e-05,1.0,1.0,0.0,1.0,0.0,308,36.54710388183594,fresh_online_exploration,25,28
294912,83,1.0055303573608398,1.0055303573608398,1.0056160688400269,8.573154627811164e-05,1.0,1.0,0.0,1.0,0.0,315,36.75825881958008,fresh_online_exploration,25,28
295008,12,1.0000019073486328,1.0000019073486328,1.000168800354004,0.00016695733938831836,1.0,1.0,0.0,0.0,0.0,308,36.490264892578125,fresh_online_exploration,25,28
295200,48,1.0020338296890259,1.0020338296890259,1.002063274383545,2.943053186754696e-05,1.0,1.0,0.0,1.0,0.0,310,36.63121795654297,fresh_online_exploration,25,28
295200,95,1.004163146018982,1.004163146018982,1.0042589902877808,9.586109081283212e-05,1.0,1.0,0.0,1.0,0.0,309,36.67169952392578,fresh_online_exploration,25,28
295680,6,1.0039836168289185,1.0039836168289185,1.003993272781372,9.697253517515492e-06,1.0,1.0,0.0,1.0,0.0,311,36.729522705078125,fresh_online_exploration,25,28
295680,89,1.0025370121002197,1.0025370121002197,1.0030159950256348,0.000478964124340564,1.0,1.0,0.0,0.0,0.0,315,36.733489990234375,fresh_online_exploration,25,28
295776,75,1.0040512084960938,1.0040512084960938,1.0044797658920288,0.0004285803879611194,1.0,1.0,0.0,0.0,0.0,311,36.68159866333008,fresh_online_exploration,25,28
295776,87,1.0005279779434204,1.0005279779434204,1.0005552768707275,2.724155638134107e-05,1.0,1.0,0.0,1.0,0.0,316,36.655517578125,fresh_online_exploration,25,28
295968,50,1.0004770755767822,1.0004770755767822,1.000662088394165,0.00018502998864278197,1.0,1.0,0.0,0.0,0.0,313,36.583152770996094,fresh_online_exploration,25,28
296064,8,1.0003776550292969,1.0003776550292969,1.000420331954956,4.2687825043685734e-05,1.0,1.0,0.0,1.0,0.0,322,36.844627380371094,fresh_online_exploration,25,28
296160,94,1.0003331899642944,1.0003331899642944,1.0003502368927002,1.706663897493854e-05,1.0,1.0,0.0,1.0,0.0,320,36.77207946777344,fresh_online_exploration,25,28
296256,42,1.0035935640335083,1.0035935640335083,1.0038049221038818,0.00021137206931598485,1.0,1.0,0.0,0.0,0.0,305,36.48443603515625,fresh_online_exploration,25,28
296448,80,1.0034534931182861,1.0034534931182861,1.0037003755569458,0.0002468932652845979,1.0,1.0,0.0,0.0,0.0,314,36.7929573059082,fresh_online_exploration,25,28
296640,69,1.0002779960632324,1.0002779960632324,1.0002943277359009,1.6354795661754906e-05,1.0,1.0,0.0,1.0,0.0,312,36.68155288696289,fresh_online_exploration,25,28
296736,1,1.0004324913024902,1.0004324913024902,1.0007057189941406,0.00027326098643243313,1.0,1.0,0.0,0.0,0.0,314,36.71992492675781,fresh_online_exploration,25,28
296832,7,1.0017070770263672,1.0017070770263672,1.0017268657684326,1.9783677998930216e-05,1.0,1.0,0.0,0.0,0.0,302,36.415184020996094,fresh_online_exploration,25,28
296832,18,1.0047566890716553,1.0047566890716553,1.0047969818115234,4.029077535960823e-05,1.0,1.0,0.0,1.0,0.0,316,36.764122009277344,fresh_online_exploration,25,28
296928,10,1.0039764642715454,1.0039764642715454,1.0041956901550293,0.00021927071793470532,1.0,1.0,0.0,1.0,0.0,316,36.87743377685547,fresh_online_exploration,25,28
297120,22,1.0041576623916626,1.0041576623916626,1.0043187141418457,0.00016097698244266212,1.0,1.0,0.0,0.0,0.0,309,36.589359283447266,fresh_online_exploration,25,28
297216,72,1.0025554895401,1.0025554895401,1.0033750534057617,0.000819582084659487,1.0,1.0,0.0,0.0,0.0,311,36.618492126464844,fresh_online_exploration,25,28
297408,20,1.0030841827392578,1.0030841827392578,1.0044256448745728,0.0013414515415206552,1.0,1.0,0.0,0.0,0.0,313,36.63519287109375,fresh_online_exploration,25,28
297888,86,1.000317931175232,1.000317931175232,1.0003345012664795,1.6535586837562732e-05,1.0,1.0,0.0,0.0,0.0,299,36.3095703125,fresh_online_exploration,25,28
298176,33,1.0026792287826538,1.0026792287826538,1.0026957988739014,1.6521531506441534e-05,1.0,1.0,0.0,1.0,0.0,313,36.64713668823242,fresh_online_exploration,25,28
298848,88,1.0044991970062256,1.0044991970062256,1.0045523643493652,5.310958658810705e-05,1.0,1.0,0.0,0.0,0.0,311,36.717735290527344,fresh_online_exploration,25,28
298944,9,1.0026267766952515,1.0026267766952515,1.003129482269287,0.0005026967264711857,1.0,1.0,0.0,1.0,0.0,322,36.83916091918945,fresh_online_exploration,25,28
299136,74,1.0005625486373901,1.0005625486373901,1.001232624053955,0.0006700219237245619,1.0,1.0,0.0,1.0,0.0,325,36.849117279052734,fresh_online_exploration,25,28
299232,47,1.0051552057266235,1.0051552057266235,1.005234718322754,7.945363176986575e-05,1.0,1.0,0.0,1.0,0.0,317,36.731422424316406,fresh_online_exploration,25,28
299808,52,1.002829909324646,1.002829909324646,1.008919596672058,0.006089653819799423,1.0,1.0,0.0,0.0,0.0,304,36.645408630371094,fresh_online_exploration,26,28
299808,55,1.0047463178634644,1.0047463178634644,1.0049036741256714,0.00015738297952339053,1.0,1.0,0.0,1.0,0.0,318,36.77594757080078,fresh_online_exploration,25,28
300000,92,1.0030850172042847,1.0030850172042847,1.0032033920288086,0.00011832821473944932,1.0,1.0,0.0,1.0,0.0,313,36.70134735107422,fresh_online_exploration,25,28
