env_steps,env_index,max_angle,final_angle,cumulative_increase,regression_amount,progress,success,regression_event,stalled,lost_contact,episode_steps,return_value,source,first_policy_version,last_policy_version
28608,91,1.0040059089660645,1.0040059089660645,1.0041204690933228,0.0001145799396908842,1.0,1.0,0.0,0.0,0.0,298,36.35069274902344,fresh_online_exploration,0,2
28704,28,1.0046473741531372,1.0046473741531372,1.004692554473877,4.514768806984648e-05,1.0,1.0,0.0,0.0,0.0,299,36.386531829833984,fresh_online_exploration,0,2
28800,26,1.0014328956604004,1.0014328956604004,1.001442790031433,9.855021744442638e-06,1.0,1.0,0.0,0.0,0.0,300,36.418392181396484,fresh_online_exploration,0,2
28992,43,1.0039950609207153,1.0039950609207153,1.0041191577911377,0.00012417360267136246,1.0,1.0,0.0,0.0,0.0,302,36.48903274536133,fresh_online_exploration,0,2
29088,44,1.0024369955062866,1.0024369955062866,1.0167396068572998,0.014302470721304417,1.0,1.0,0.0,0.0,0.0,303,36.4818115234375,fresh_online_exploration,0,2
29088,82,1.0045828819274902,1.0045828819274902,1.0224692821502686,0.017886437475681305,1.0,1.0,0.0,0.0,0.0,303,36.48851013183594,fresh_online_exploration,0,2
29088,85,1.0020803213119507,1.0020803213119507,1.002162218093872,8.183964382624254e-05,1.0,1.0,0.0,0.0,0.0,303,36.39947509765625,fresh_online_exploration,0,2
29184,37,1.0021476745605469,1.0021476745605469,1.0021941661834717,4.645411900128238e-05,1.0,1.0,0.0,0.0,0.0,304,36.472511291503906,fresh_online_exploration,0,2
29184,93,1.0015782117843628,1.0015782117843628,1.001588225364685,1.0051730896520894e-05,1.0,1.0,0.0,0.0,0.0,304,36.4293327331543,fresh_online_exploration,0,2
29280,31,1.0027443170547485,1.0027443170547485,1.0027570724487305,1.2726581189781427e-05,1.0,1.0,0.0,0.0,0.0,305,36.40317916870117,fresh_online_exploration,0,2
29280,49,1.0004303455352783,1.0004303455352783,1.0004879236221313,5.758705083280802e-05,1.0,1.0,0.0,0.0,0.0,305,36.48006057739258,fresh_online_exploration,0,2
29376,3,1.0005115270614624,1.0005115270614624,1.0005943775177002,8.277129381895065e-05,1.0,1.0,0.0,0.0,0.0,306,36.496246337890625,fresh_online_exploration,0,2
29376,19,1.005079984664917,1.005079984664917,1.0054144859313965,0.0003345264703966677,1.0,1.0,0.0,0.0,0.0,306,36.593971252441406,fresh_online_exploration,0,2
29376,73,1.0051082372665405,1.0051082372665405,1.0053784847259521,0.00027020322158932686,1.0,1.0,0.0,0.0,0.0,306,36.58332061767578,fresh_online_exploration,0,2
29376,87,1.0019065141677856,1.0019065141677856,1.0019227266311646,1.617395355424378e-05,1.0,1.0,0.0,0.0,0.0,306,36.48120880126953,fresh_online_exploration,0,2
29472,22,1.0045123100280762,1.0045123100280762,1.0045455694198608,3.32535601046402e-05,1.0,1.0,0.0,0.0,0.0,307,36.61203384399414,fresh_online_exploration,0,2
29472,23,1.0021764039993286,1.0021764039993286,1.0023870468139648,0.0002105776802636683,1.0,1.0,0.0,1.0,0.0,307,36.5850944519043,fresh_online_exploration,0,2
29472,27,1.0019985437393188,1.0019985437393188,1.0020395517349243,4.096198608749546e-05,1.0,1.0,0.0,0.0,0.0,307,36.555206298828125,fresh_online_exploration,0,2
29472,54,1.0011886358261108,1.0011886358261108,1.001272439956665,8.386186527786776e-05,1.0,1.0,0.0,0.0,0.0,307,36.46446228027344,fresh_online_exploration,0,2
29472,60,1.000980257987976,1.000980257987976,1.001127004623413,0.00014676419959869236,1.0,1.0,0.0,0.0,0.0,307,36.484283447265625,fresh_online_exploration,0,2
29472,69,1.0040963888168335,1.0040963888168335,1.0042791366577148,0.0001827824453357607,1.0,1.0,0.0,0.0,0.0,307,36.549163818359375,fresh_online_exploration,0,2
29472,81,1.0035505294799805,1.0035505294799805,1.0038683414459229,0.0003178269835188985,1.0,1.0,0.0,0.0,0.0,307,36.53511047363281,fresh_online_exploration,0,2
29568,2,1.002955436706543,1.002955436706543,1.0030851364135742,0.0001297531125601381,1.0,1.0,0.0,0.0,0.0,308,36.49944305419922,fresh_online_exploration,0,2
29568,12,1.0004910230636597,1.0004910230636597,1.0005297660827637,3.87525578844361e-05,1.0,1.0,0.0,1.0,0.0,308,36.504005432128906,fresh_online_exploration,0,2
29568,24,1.0052331686019897,1.0052331686019897,1.0054255723953247,0.00019240970141254365,1.0,1.0,0.0,0.0,0.0,308,36.6412353515625,fresh_online_exploration,0,2
29568,30,1.0036832094192505,1.0036832094192505,1.0044186115264893,0.0007353820838034153,1.0,1.0,0.0,0.0,0.0,308,36.54352569580078,fresh_online_exploration,0,2
29568,62,1.0048049688339233,1.0048049688339233,1.0052825212478638,0.0004775769484695047,1.0,1.0,0.0,0.0,0.0,308,36.58675003051758,fresh_online_exploration,0,2
29568,68,1.005016565322876,1.005016565322876,1.0055298805236816,0.0005133204394951463,1.0,1.0,0.0,0.0,0.0,308,36.606651306152344,fresh_online_exploration,0,2
29664,21,1.0002983808517456,1.0002983808517456,1.00048828125,0.0001899259223137051,1.0,1.0,0.0,0.0,0.0,309,36.5072021484375,fresh_online_exploration,0,2
29664,63,1.0037535429000854,1.0037535429000854,1.0039088726043701,0.00015530106611549854,1.0,1.0,0.0,1.0,0.0,309,36.55887222290039,fresh_online_exploration,0,2
29760,0,1.0013558864593506,1.0013558864593506,1.0014476776123047,9.17444413062185e-05,1.0,1.0,0.0,1.0,0.0,310,36.617557525634766,fresh_online_exploration,0,2
29760,7,1.0007590055465698,1.0007590055465698,1.0008877515792847,0.00012871460057795048,1.0,1.0,0.0,1.0,0.0,310,36.62537384033203,fresh_online_exploration,0,2
29760,17,1.0027403831481934,1.0027403831481934,1.0027971267700195,5.677802619175054e-05,1.0,1.0,0.0,1.0,0.0,310,36.638916015625,fresh_online_exploration,0,2
29760,45,1.0018937587738037,1.0018937587738037,1.0019023418426514,8.67577091412386e-06,1.0,1.0,0.0,0.0,0.0,310,36.463348388671875,fresh_online_exploration,0,2
29760,51,1.0028265714645386,1.0028265714645386,1.0029078722000122,8.131749927997589e-05,1.0,1.0,0.0,1.0,0.0,310,36.542049407958984,fresh_online_exploration,0,2
29856,5,1.0037000179290771,1.0037000179290771,1.0037124156951904,1.235826039192034e-05,1.0,1.0,0.0,0.0,0.0,311,36.62647247314453,fresh_online_exploration,0,2
29856,20,1.0023784637451172,1.0023784637451172,1.0027248859405518,0.0003463273751549423,1.0,1.0,0.0,1.0,0.0,311,36.616302490234375,fresh_online_exploration,0,2
29856,39,1.002697467803955,1.002697467803955,1.0028988122940063,0.00020134096848778427,1.0,1.0,0.0,0.0,0.0,311,36.668975830078125,fresh_online_exploration,0,2
29856,41,1.0035290718078613,1.0035290718078613,1.0038533210754395,0.00032422703225165606,1.0,1.0,0.0,0.0,0.0,311,36.651939392089844,fresh_online_exploration,0,2
29856,70,1.00336754322052,1.00336754322052,1.0034611225128174,9.361565753351897e-05,1.0,1.0,0.0,1.0,0.0,311,36.68921661376953,fresh_online_exploration,0,2
29856,86,1.0001510381698608,1.0001510381698608,1.0001740455627441,2.2962949515203945e-05,1.0,1.0,0.0,0.0,0.0,311,36.63409423828125,fresh_online_exploration,0,2
29856,90,1.00215744972229,1.00215744972229,1.0024172067642212,0.00025972668663598597,1.0,1.0,0.0,1.0,0.0,311,36.60374069213867,fresh_online_exploration,0,2
29952,10,1.0052635669708252,1.0052635669708252,1.0055614709854126,0.0002978807024192065,1.0,1.0,0.0,0.0,0.0,312,36.627742767333984,fresh_online_exploration,0,2
29952,11,1.002894401550293,1.002894401550293,1.0029014348983765,7.02931401974638e-06,1.0,1.0,0.0,1.0,0.0,312,36.711814880371094,fresh_online_exploration,0,2
29952,16,1.0038155317306519,1.0038155317306519,1.0128380060195923,0.009022562764585018,1.0,1.0,0.0,0.0,0.0,312,36.71241760253906,fresh_online_exploration,0,2
29952,29,1.0027565956115723,1.0027565956115723,1.002988576889038,0.00023205143224913627,1.0,1.0,0.0,1.0,0.0,312,36.647518157958984,fresh_online_exploration,0,2
29952,52,1.0011457204818726,1.0011457204818726,1.001434087753296,0.0002884173300117254,1.0,1.0,0.0,0.0,0.0,312,36.62922668457031,fresh_online_exploration,0,2
29952,72,1.001389503479004,1.001389503479004,1.0015448331832886,0.0001553267939016223,1.0,1.0,0.0,0.0,0.0,312,36.48628234863281,fresh_online_exploration,0,2
29952,95,1.0053645372390747,1.0053645372390747,1.0056946277618408,0.000330103823216632,1.0,1.0,0.0,1.0,0.0,312,36.686279296875,fresh_online_exploration,0,2
30048,25,1.0017716884613037,1.0017716884613037,1.0018563270568848,8.458374941255897e-05,1.0,1.0,0.0,1.0,0.0,313,36.64741134643555,fresh_online_exploration,0,2
30048,36,1.0037797689437866,1.0037797689437866,1.0038107633590698,3.1034669518703595e-05,1.0,1.0,0.0,1.0,0.0,313,36.613380432128906,fresh_online_exploration,0,2
30048,55,1.0055128335952759,1.0055128335952759,1.0055203437805176,7.40246832720004e-06,1.0,1.0,0.0,1.0,0.0,313,36.62153625488281,fresh_online_exploration,0,2
30048,88,1.000238299369812,1.000238299369812,1.0002951622009277,5.680746107827872e-05,1.0,1.0,0.0,1.0,0.0,313,36.57406997680664,fresh_online_exploration,0,2
30144,1,1.0027583837509155,1.0027583837509155,1.0028642416000366,0.00010586735152173787,1.0,1.0,0.0,1.0,0.0,314,36.75668716430664,fresh_online_exploration,0,3
30144,8,1.0055632591247559,1.0055632591247559,1.0056424140930176,7.9152530815918e-05,1.0,1.0,0.0,1.0,0.0,314,36.70215606689453,fresh_online_exploration,0,3
30144,34,1.0026512145996094,1.0026512145996094,1.0026586055755615,7.298778655240312e-06,1.0,1.0,0.0,1.0,0.0,314,36.70574188232422,fresh_online_exploration,0,3
30144,38,1.003153920173645,1.003153920173645,1.0035213232040405,0.00036740899668075144,1.0,1.0,0.0,1.0,0.0,314,36.74769592285156,fresh_online_exploration,0,3
30240,4,1.002996802330017,1.002996802330017,1.0031557083129883,0.00015899496793281287,1.0,1.0,0.0,1.0,0.0,315,36.829036712646484,fresh_online_exploration,0,3
30240,14,1.0043494701385498,1.0043494701385498,1.0045528411865234,0.0002034155186265707,1.0,1.0,0.0,1.0,0.0,315,36.693603515625,fresh_online_exploration,0,3
30240,67,1.0051679611206055,1.0051679611206055,1.0052787065505981,0.00011073688074247912,1.0,1.0,0.0,1.0,0.0,315,36.70388412475586,fresh_online_exploration,0,3
30240,74,1.0010159015655518,1.0010159015655518,1.001099944114685,8.404716936638579e-05,1.0,1.0,0.0,1.0,0.0,315,36.65692901611328,fresh_online_exploration,0,3
30240,84,1.0052918195724487,1.0052918195724487,1.0053927898406982,0.0001009106999845244,1.0,1.0,0.0,1.0,0.0,315,36.772727966308594,fresh_online_exploration,0,3
30336,13,1.000745177268982,1.000745177268982,1.0007885694503784,4.337212521932088e-05,1.0,1.0,0.0,1.0,0.0,316,36.725521087646484,fresh_online_exploration,0,3
30336,40,1.000968337059021,1.000968337059021,1.0162644386291504,0.015296131372451782,1.0,1.0,0.0,0.0,0.0,316,36.68327331542969,fresh_online_exploration,0,3
30336,61,1.004119873046875,1.004119873046875,1.0042603015899658,0.00014044647105038166,1.0,1.0,0.0,1.0,0.0,316,36.76969909667969,fresh_online_exploration,0,3
30336,66,1.004068374633789,1.004068374633789,1.004112720489502,4.427084786584601e-05,1.0,1.0,0.0,1.0,0.0,316,36.66666793823242,fresh_online_exploration,0,3
30336,78,1.0040611028671265,1.0040611028671265,1.0183930397033691,0.014332134276628494,1.0,1.0,0.0,0.0,0.0,316,36.74913024902344,fresh_online_exploration,0,3
30432,46,1.0050674676895142,1.0050674676895142,1.0052363872528076,0.00016892628627829254,1.0,1.0,0.0,1.0,0.0,317,36.81964111328125,fresh_online_exploration,0,3
30432,75,1.0030540227890015,1.0030540227890015,1.0031194686889648,6.534158455906436e-05,1.0,1.0,0.0,1.0,0.0,317,36.85075378417969,fresh_online_exploration,0,3
30528,18,1.000907301902771,1.000907301902771,1.0011036396026611,0.00019638233061414212,1.0,1.0,0.0,1.0,0.0,318,36.789100646972656,fresh_online_exploration,0,3
30528,42,1.0006569623947144,1.0006569623947144,1.007880687713623,0.007223684340715408,1.0,1.0,0.0,0.0,0.0,318,36.73284149169922,fresh_online_exploration,0,3
30528,79,1.0019385814666748,1.0019385814666748,1.0019493103027344,1.0716055840021e-05,1.0,1.0,0.0,1.0,0.0,318,36.758670806884766,fresh_online_exploration,0,3
30624,9,1.0013724565505981,1.0013724565505981,1.0013798475265503,7.411139904434094e-06,1.0,1.0,0.0,1.0,0.0,319,36.764617919921875,fresh_online_exploration,0,3
30624,15,1.0017969608306885,1.0017969608306885,1.0019792318344116,0.00018225469102617353,1.0,1.0,0.0,1.0,0.0,319,36.745086669921875,fresh_online_exploration,0,3
30720,6,1.0040348768234253,1.0040348768234253,1.0042171478271484,0.00018234887102153152,1.0,1.0,0.0,1.0,0.0,320,36.84051513671875,fresh_online_exploration,0,3
30720,35,1.0012754201889038,1.0012754201889038,1.0017352104187012,0.0004597643273882568,1.0,1.0,0.0,1.0,0.0,320,36.75936508178711,fresh_online_exploration,0,3
30720,65,1.0028152465820312,1.0028152465820312,1.0033787488937378,0.0005634790286421776,1.0,1.0,0.0,1.0,0.0,320,36.66127014160156,fresh_online_exploration,0,3
30720,89,1.0028798580169678,1.0028798580169678,1.0028965473175049,1.6637734006508254e-05,1.0,1.0,0.0,1.0,0.0,320,36.81601333618164,fresh_online_exploration,0,3
30816,32,1.0008800029754639,1.0008800029754639,1.0014584064483643,0.0005784261738881469,1.0,1.0,0.0,0.0,0.0,321,36.740509033203125,fresh_online_exploration,0,3
30816,33,1.0006451606750488,1.0006451606750488,1.0009920597076416,0.00034694134956225753,1.0,1.0,0.0,1.0,0.0,321,36.804603576660156,fresh_online_exploration,0,3
30816,50,1.0012032985687256,1.0012032985687256,1.0012447834014893,4.15257818531245e-05,1.0,1.0,0.0,1.0,0.0,321,36.76776123046875,fresh_online_exploration,0,3
30816,64,1.0031474828720093,1.0031474828720093,1.0035159587860107,0.0003685514093376696,1.0,1.0,0.0,1.0,0.0,321,36.75408172607422,fresh_online_exploration,0,3
30816,76,1.0019422769546509,1.0019422769546509,1.0020381212234497,9.580193000147119e-05,1.0,1.0,0.0,1.0,0.0,321,36.6874885559082,fresh_online_exploration,0,3
30816,83,1.0022376775741577,1.0022376775741577,1.0023239850997925,8.626819908386096e-05,1.0,1.0,0.0,1.0,0.0,321,36.77070999145508,fresh_online_exploration,0,3
30912,58,1.004152536392212,1.004152536392212,1.0052821636199951,0.0011297274613752961,1.0,1.0,0.0,0.0,0.0,322,36.94942855834961,fresh_online_exploration,0,3
30912,59,1.0006272792816162,1.0006272792816162,1.001537561416626,0.0009102671756409109,1.0,1.0,0.0,0.0,0.0,322,36.69858169555664,fresh_online_exploration,0,3
30912,77,1.0018404722213745,1.0018404722213745,1.0020464658737183,0.0002059751277556643,1.0,1.0,0.0,1.0,0.0,322,36.70337677001953,fresh_online_exploration,0,3
31008,92,1.0039563179016113,1.0039563179016113,1.0041958093643188,0.00023952103219926357,1.0,1.0,0.0,1.0,0.0,323,36.82891082763672,fresh_online_exploration,0,3
31104,48,1.0028190612792969,1.0028190612792969,1.0030186176300049,0.0001995062193600461,1.0,1.0,0.0,1.0,0.0,324,36.7824821472168,fresh_online_exploration,0,3
31104,71,1.0018187761306763,1.0018187761306763,1.002041220664978,0.00022246534354053438,1.0,1.0,0.0,1.0,0.0,324,36.82340621948242,fresh_online_exploration,0,3
31200,53,1.0048857927322388,1.0048857927322388,1.0050808191299438,0.00019502747454680502,1.0,1.0,0.0,1.0,0.0,325,36.91067886352539,fresh_online_exploration,0,3
31296,47,1.000096082687378,1.000096082687378,1.0007879734039307,0.0006919913575984538,1.0,1.0,0.0,1.0,0.0,326,36.768890380859375,fresh_online_exploration,0,3
31392,56,1.0006617307662964,1.0006617307662964,1.0008289813995361,0.0001672219077590853,1.0,1.0,0.0,1.0,0.0,327,36.92563247680664,fresh_online_exploration,0,3
31488,80,1.003777265548706,1.003777265548706,1.0042591094970703,0.0004818308516405523,1.0,1.0,0.0,1.0,0.0,328,36.99048614501953,fresh_online_exploration,0,3
31680,94,1.0044136047363281,1.0044136047363281,1.0044296979904175,1.6100571883725934e-05,1.0,1.0,0.0,1.0,0.0,330,37.04955291748047,fresh_online_exploration,0,3
32256,57,1.0046101808547974,1.0046101808547974,1.0049736499786377,0.0003635375469457358,1.0,1.0,0.0,1.0,0.0,336,37.09771728515625,fresh_online_exploration,0,3
57888,28,1.000993013381958,1.000993013381958,1.0010101795196533,1.715491816867143e-05,1.0,1.0,0.0,0.0,0.0,304,36.475006103515625,fresh_online_exploration,2,5
58176,91,1.0039646625518799,1.0039646625518799,1.0041351318359375,0.00017053891497198492,1.0,1.0,0.0,1.0,0.0,308,36.606048583984375,fresh_online_exploration,2,5
58560,31,1.0018842220306396,1.0018842220306396,1.002044916152954,0.00016078422777354717,1.0,1.0,0.0,0.0,0.0,305,36.46036148071289,fresh_online_exploration,2,5
58656,26,1.0048857927322388,1.0048857927322388,1.0049949884414673,0.00010919204942183569,1.0,1.0,0.0,1.0,0.0,311,36.66960144042969,fresh_online_exploration,2,5
58848,23,1.0014636516571045,1.0014636516571045,1.0014984607696533,3.47604182024952e-05,1.0,1.0,0.0,0.0,0.0,306,36.528228759765625,fresh_online_exploration,2,5
58848,24,1.0003589391708374,1.0003589391708374,1.000441551208496,8.256795263150707e-05,1.0,1.0,0.0,1.0,0.0,305,36.48988342285156,fresh_online_exploration,2,5
58848,54,1.0019862651824951,1.0019862651824951,1.0020029544830322,1.665897980274167e-05,1.0,1.0,0.0,0.0,0.0,306,36.43568420410156,fresh_online_exploration,2,5
58944,90,1.002838373184204,1.002838373184204,1.0032637119293213,0.00042526668403297663,1.0,1.0,0.0,0.0,0.0,303,36.51646423339844,fresh_online_exploration,2,5
59040,62,1.001386284828186,1.001386284828186,1.001422643661499,3.629556522355415e-05,1.0,1.0,0.0,0.0,0.0,307,36.54063034057617,fresh_online_exploration,2,5
59136,0,1.0042039155960083,1.0042039155960083,1.0042693614959717,6.550793477799743e-05,1.0,1.0,0.0,0.0,0.0,306,36.56428527832031,fresh_online_exploration,2,5
59136,37,1.0023175477981567,1.0023175477981567,1.0024946928024292,0.0001770957896951586,1.0,1.0,0.0,0.0,0.0,312,36.67365264892578,fresh_online_exploration,2,5
59232,78,1.0053026676177979,1.0053026676177979,1.0137572288513184,0.008454523980617523,1.0,1.0,0.0,0.0,0.0,301,36.478797912597656,fresh_online_exploration,3,5
59328,19,1.0004743337631226,1.0004743337631226,1.0007109642028809,0.00023655773838981986,1.0,1.0,0.0,1.0,0.0,312,36.61061477661133,fresh_online_exploration,2,5
59328,30,1.0028265714645386,1.0028265714645386,1.0061678886413574,0.0033414019271731377,1.0,1.0,0.0,0.0,0.0,310,36.595176696777344,fresh_online_exploration,2,5
59328,68,1.0022964477539062,1.0022964477539062,1.0025237798690796,0.00022729583724867553,1.0,1.0,0.0,1.0,0.0,310,36.63694381713867,fresh_online_exploration,2,5
59328,87,1.0041898488998413,1.0041898488998413,1.004231572151184,4.174073183094151e-05,1.0,1.0,0.0,1.0,0.0,312,36.63359832763672,fresh_online_exploration,2,5
59424,85,1.0047961473464966,1.0047961473464966,1.0048744678497314,7.833018025849015e-05,1.0,1.0,0.0,1.0,0.0,316,36.7732048034668,fresh_online_exploration,2,5
59520,3,1.0036931037902832,1.0036931037902832,1.0037922859191895,9.913436224451289e-05,1.0,1.0,0.0,1.0,0.0,314,36.796485900878906,fresh_online_exploration,2,5
59520,12,1.0004154443740845,1.0004154443740845,1.0005738735198975,0.00015845513553358614,1.0,1.0,0.0,0.0,0.0,312,36.559104919433594,fresh_online_exploration,2,5
59520,43,1.0042146444320679,1.0042146444320679,1.0133073329925537,0.009092718362808228,1.0,1.0,0.0,0.0,0.0,318,36.835479736328125,fresh_online_exploration,2,5
59520,81,1.0009597539901733,1.0009597539901733,1.0059945583343506,0.005034836940467358,1.0,1.0,0.0,0.0,0.0,313,36.718021392822266,fresh_online_exploration,2,5
59520,82,1.0026156902313232,1.0026156902313232,1.0102430582046509,0.007627407554537058,1.0,1.0,0.0,0.0,0.0,317,36.812835693359375,fresh_online_exploration,2,5
59520,93,1.0056016445159912,1.0056016445159912,1.005997896194458,0.00039631014806218445,1.0,1.0,0.0,1.0,0.0,316,36.75017547607422,fresh_online_exploration,2,5
59616,69,1.0039688348770142,1.0039688348770142,1.0045359134674072,0.0005669976817443967,1.0,1.0,0.0,0.0,0.0,314,36.78976821899414,fresh_online_exploration,2,5
59616,86,1.0046955347061157,1.0046955347061157,1.0048770904541016,0.00018160526815336198,1.0,1.0,0.0,1.0,0.0,310,36.61491775512695,fresh_online_exploration,2,5
59712,27,1.000544786453247,1.000544786453247,1.001042366027832,0.0004976751515641809,1.0,1.0,0.0,0.0,0.0,315,36.70158767700195,fresh_online_exploration,2,5
59712,42,1.0006003379821777,1.0006003379821777,1.001428246498108,0.0008279064204543829,1.0,1.0,0.0,0.0,0.0,304,36.36040496826172,fresh_online_exploration,3,5
59712,44,1.0053796768188477,1.0053796768188477,1.0068660974502563,0.0014863760443404317,1.0,1.0,0.0,0.0,0.0,319,36.85508346557617,fresh_online_exploration,2,5
59712,49,1.002387523651123,1.002387523651123,1.0024030208587646,1.5459170754184015e-05,1.0,1.0,0.0,1.0,0.0,317,36.7615966796875,fresh_online_exploration,2,5
59712,60,1.0040624141693115,1.0040624141693115,1.0041418075561523,7.93878425611183e-05,1.0,1.0,0.0,1.0,0.0,315,36.66847229003906,fresh_online_exploration,2,5
59808,17,1.0039582252502441,1.0039582252502441,1.0045735836029053,0.0006152830319479108,1.0,1.0,0.0,0.0,0.0,313,36.76572036743164,fresh_online_exploration,2,5
59808,39,1.0051957368850708,1.0051957368850708,1.005358099937439,0.00016231529298238456,1.0,1.0,0.0,1.0,0.0,312,36.715614318847656,fresh_online_exploration,2,5
59808,52,1.0055105686187744,1.0055105686187744,1.0058482885360718,0.0003376796666998416,1.0,1.0,0.0,0.0,0.0,311,36.71635437011719,fresh_online_exploration,2,5
59808,63,1.0062429904937744,1.0062429904937744,1.006269931793213,2.6915902708424255e-05,1.0,1.0,0.0,1.0,0.0,314,36.82545471191406,fresh_online_exploration,2,5
60000,2,1.0052932500839233,1.0052932500839233,1.0055890083312988,0.00029566441662609577,1.0,1.0,0.0,0.0,0.0,317,36.8687858581543,fresh_online_exploration,2,5
60000,38,1.0046080350875854,1.0046080350875854,1.0146818161010742,0.01007376704365015,1.0,1.0,0.0,0.0,0.0,311,36.69715881347656,fresh_online_exploration,3,5
60000,51,1.0017006397247314,1.0017006397247314,1.0019357204437256,0.00023509084712713957,1.0,1.0,0.0,0.0,0.0,315,36.73741912841797,fresh_online_exploration,2,5
60096,21,1.0052520036697388,1.0052520036697388,1.0053565502166748,0.00010439232573844492,1.0,1.0,0.0,1.0,0.0,317,36.85494613647461,fresh_online_exploration,2,6
60096,29,1.003594160079956,1.003594160079956,1.0037479400634766,0.00015378437819890678,1.0,1.0,0.0,1.0,0.0,314,36.68641662597656,fresh_online_exploration,2,6
60096,41,1.0016809701919556,1.0016809701919556,1.009749174118042,0.008068141527473927,1.0,1.0,0.0,0.0,0.0,315,36.68230056762695,fresh_online_exploration,2,6
60192,7,1.004364252090454,1.004364252090454,1.004621148109436,0.0002568471827544272,1.0,1.0,0.0,1.0,0.0,317,36.753021240234375,fresh_online_exploration,2,6
60192,32,1.0050692558288574,1.0050692558288574,1.0054237842559814,0.0003544510109350085,1.0,1.0,0.0,0.0,0.0,306,36.57880401611328,fresh_online_exploration,3,6
60192,72,1.0030831098556519,1.0030831098556519,1.003225326538086,0.0001421854249201715,1.0,1.0,0.0,1.0,0.0,315,36.754329681396484,fresh_online_exploration,2,6
60288,36,1.004375696182251,1.004375696182251,1.0127311944961548,0.008355322293937206,1.0,1.0,0.0,0.0,0.0,315,36.839210510253906,fresh_online_exploration,2,6
60288,67,1.0005031824111938,1.0005031824111938,1.009150505065918,0.00864748377352953,1.0,1.0,0.0,0.0,0.0,313,36.62464904785156,fresh_online_exploration,3,6
60288,70,1.0003197193145752,1.0003197193145752,1.000683069229126,0.00036331318551674485,1.0,1.0,0.0,1.0,0.0,317,36.73793029785156,fresh_online_exploration,2,6
60384,25,1.0036970376968384,1.0036970376968384,1.0041444301605225,0.0004473697335924953,1.0,1.0,0.0,1.0,0.0,316,36.807838439941406,fresh_online_exploration,2,6
60384,55,1.0003589391708374,1.0003589391708374,1.0006955862045288,0.0003366221790201962,1.0,1.0,0.0,1.0,0.0,316,36.654518127441406,fresh_online_exploration,2,6
60480,15,1.0044538974761963,1.0044538974761963,1.0137276649475098,0.009273694828152657,1.0,1.0,0.0,0.0,0.0,311,36.68760681152344,fresh_online_exploration,3,6
60480,40,1.0033034086227417,1.0033034086227417,1.0033133029937744,9.931910426530521e-06,1.0,1.0,0.0,1.0,0.0,314,36.701385498046875,fresh_online_exploration,3,6
60480,46,1.0001273155212402,1.0001273155212402,1.000145435333252,1.8086522686644457e-05,1.0,1.0,0.0,1.0,0.0,313,36.69208526611328,fresh_online_exploration,3,6
60480,58,1.0011972188949585,1.0011972188949585,1.001345157623291,0.00014788986300118268,1.0,1.0,0.0,0.0,0.0,308,36.58076477050781,fresh_online_exploration,3,6
60480,84,1.001495122909546,1.001495122909546,1.0016971826553345,0.0002020492247538641,1.0,1.0,0.0,1.0,0.0,315,36.68869400024414,fresh_online_exploration,3,6
60576,1,1.0005440711975098,1.0005440711975098,1.0009195804595947,0.00037546982639469206,1.0,1.0,0.0,1.0,0.0,317,36.65449905395508,fresh_online_exploration,3,6
60576,20,1.001150369644165,1.001150369644165,1.0017328262329102,0.0005824288818985224,1.0,1.0,0.0,1.0,0.0,320,36.79888916015625,fresh_online_exploration,2,6
60576,66,1.0015416145324707,1.0015416145324707,1.0017038583755493,0.0001622613926883787,1.0,1.0,0.0,1.0,0.0,315,36.71409225463867,fresh_online_exploration,3,6
60576,73,1.0058084726333618,1.0058084726333618,1.0061558485031128,0.0003474366676528007,1.0,1.0,0.0,1.0,0.0,325,36.939762115478516,fresh_online_exploration,2,6
60672,5,1.0020149946212769,1.0020149946212769,1.0020864009857178,7.140927482396364e-05,1.0,1.0,0.0,1.0,0.0,321,36.85569763183594,fresh_online_exploration,2,6
60672,47,1.000786542892456,1.000786542892456,1.0012190341949463,0.00043248466681689024,1.0,1.0,0.0,0.0,0.0,306,36.44004821777344,fresh_online_exploration,3,6
60672,80,1.0021955966949463,1.0021955966949463,1.002242088317871,4.6455214032903314e-05,1.0,1.0,0.0,0.0,0.0,304,36.392669677734375,fresh_online_exploration,3,6
60672,88,1.0032902956008911,1.0032902956008911,1.0033345222473145,4.4160646211821586e-05,1.0,1.0,0.0,1.0,0.0,319,36.794776916503906,fresh_online_exploration,2,6
60768,4,1.0044852495193481,1.0044852495193481,1.0153131484985352,0.010827865451574326,1.0,1.0,0.0,0.0,0.0,318,36.850318908691406,fresh_online_exploration,3,6
60768,14,1.0056215524673462,1.0056215524673462,1.0057244300842285,0.00010298097913619131,1.0,1.0,0.0,1.0,0.0,318,36.83525848388672,fresh_online_exploration,3,6
60768,16,1.0042465925216675,1.0042465925216675,1.0114872455596924,0.007240534294396639,1.0,1.0,0.0,1.0,0.0,321,36.85814666748047,fresh_online_exploration,2,6
60768,34,1.0040557384490967,1.0040557384490967,1.0041662454605103,0.00011053994239773601,1.0,1.0,0.0,1.0,0.0,319,36.83781814575195,fresh_online_exploration,3,6
60768,95,1.000542163848877,1.000542163848877,1.0009722709655762,0.0004300818545743823,1.0,1.0,0.0,1.0,0.0,321,36.753570556640625,fresh_online_exploration,2,6
60864,8,1.0042674541473389,1.0042674541473389,1.004408836364746,0.00014137575635686517,1.0,1.0,0.0,1.0,0.0,320,36.84638977050781,fresh_online_exploration,3,6
60960,22,1.0022542476654053,1.0022542476654053,1.002558708190918,0.00030448695179075,1.0,1.0,0.0,1.0,0.0,328,37.00354766845703,fresh_online_exploration,2,6
60960,92,1.0003459453582764,1.0003459453582764,1.0007681846618652,0.0004222481220494956,1.0,1.0,0.0,0.0,0.0,312,36.62152099609375,fresh_online_exploration,3,6
61056,11,1.002571940422058,1.002571940422058,1.002650260925293,7.836905570002273e-05,1.0,1.0,0.0,1.0,0.0,324,36.93589782714844,fresh_online_exploration,2,6
61056,53,1.0010550022125244,1.0010550022125244,1.001065731048584,1.070171310857404e-05,1.0,1.0,0.0,1.0,0.0,311,36.618648529052734,fresh_online_exploration,3,6
61056,75,1.000391960144043,1.000391960144043,1.0006186962127686,0.0002268116077175364,1.0,1.0,0.0,1.0,0.0,319,36.770259857177734,fresh_online_exploration,3,6
61152,77,1.0032538175582886,1.0032538175582886,1.0034186840057373,0.0001648294273763895,1.0,1.0,0.0,1.0,0.0,315,36.670875549316406,fresh_online_exploration,3,6
61152,79,1.0022224187850952,1.0022224187850952,1.0022339820861816,1.157193946710322e-05,1.0,1.0,0.0,1.0,0.0,319,36.684837341308594,fresh_online_exploration,3,6
61248,35,1.004408359527588,1.004408359527588,1.0157694816589355,0.011361180804669857,1.0,1.0,0.0,0.0,0.0,318,36.88463592529297,fresh_online_exploration,3,6
61248,64,1.001074194908142,1.001074194908142,1.0011229515075684,4.880687265540473e-05,1.0,1.0,0.0,1.0,0.0,317,36.67238235473633,fresh_online_exploration,3,6
61248,65,1.0019046068191528,1.0019046068191528,1.0053937435150146,0.00348907639272511,1.0,1.0,0.0,0.0,0.0,318,36.73382568359375,fresh_online_exploration,3,6
61248,76,1.0042383670806885,1.0042383670806885,1.004270076751709,3.1777115509612486e-05,1.0,1.0,0.0,1.0,0.0,317,36.85135269165039,fresh_online_exploration,3,6
61344,6,1.0045175552368164,1.0045175552368164,1.0046255588531494,0.00010808095248648897,1.0,1.0,0.0,1.0,0.0,319,36.916221618652344,fresh_online_exploration,3,6
61344,10,1.0019031763076782,1.0019031763076782,1.0022237300872803,0.00032060255762189627,1.0,1.0,0.0,1.0,0.0,327,37.000999450683594,fresh_online_exploration,2,6
61344,13,1.004204511642456,1.004204511642456,1.004298210144043,9.371670603286475e-05,1.0,1.0,0.0,1.0,0.0,323,36.93891143798828,fresh_online_exploration,3,6
61344,45,1.0004334449768066,1.0004334449768066,1.0011426210403442,0.000709181244019419,1.0,1.0,0.0,1.0,0.0,329,36.778961181640625,fresh_online_exploration,2,6
61440,18,1.0027233362197876,1.0027233362197876,1.0108327865600586,0.008109476417303085,1.0,1.0,0.0,0.0,0.0,322,36.84452438354492,fresh_online_exploration,3,6
61440,48,1.0002886056900024,1.0002886056900024,1.000298023223877,9.470391887589358e-06,1.0,1.0,0.0,1.0,0.0,316,36.6859245300293,fresh_online_exploration,3,6
61440,71,1.0045106410980225,1.0045106410980225,1.0046086311340332,9.807627066038549e-05,1.0,1.0,0.0,1.0,0.0,316,36.892417907714844,fresh_online_exploration,3,6
61536,9,1.003643274307251,1.003643274307251,1.0038821697235107,0.0002388624125160277,1.0,1.0,0.0,1.0,0.0,322,36.96538543701172,fresh_online_exploration,3,6
61536,59,1.0033804178237915,1.0033804178237915,1.0034534931182861,7.304341852432117e-05,1.0,1.0,0.0,1.0,0.0,319,36.69200897216797,fresh_online_exploration,3,6
61632,56,1.0027599334716797,1.0027599334716797,1.0028172731399536,5.7343680964550003e-05,1.0,1.0,0.0,1.0,0.0,315,36.62080764770508,fresh_online_exploration,3,6
61632,74,1.001269817352295,1.001269817352295,1.0014148950576782,0.000145080586662516,1.0,1.0,0.0,1.0,0.0,327,37.046356201171875,fresh_online_exploration,3,6
61632,89,1.002566933631897,1.002566933631897,1.0027892589569092,0.0002223062765551731,1.0,1.0,0.0,1.0,0.0,322,36.9134407043457,fresh_online_exploration,3,6
61920,33,1.0000051259994507,1.0000051259994507,1.0003981590270996,0.0003930952225346118,1.0,1.0,0.0,1.0,0.0,324,36.89702606201172,fresh_online_exploration,3,6
62112,50,1.0017746686935425,1.0017746686935425,1.002005696296692,0.00023104139836505055,1.0,1.0,0.0,1.0,0.0,326,37.02547836303711,fresh_online_exploration,3,6
62592,61,1.0056897401809692,1.0056897401809692,1.0060292482376099,0.00033954399987123907,1.0,1.0,0.0,1.0,0.0,336,37.209075927734375,fresh_online_exploration,3,6
62784,83,1.0042898654937744,1.0042898654937744,1.005383849143982,0.001094006234779954,1.0,1.0,0.0,1.0,0.0,333,37.12798309326172,fresh_online_exploration,3,6
63168,57,1.0009666681289673,1.0009666681289673,1.0010019540786743,3.5295750421937555e-05,1.0,1.0,0.0,1.0,0.0,322,36.86982345581055,fresh_online_exploration,3,6
63360,94,1.0001740455627441,1.0001740455627441,1.000190019607544,1.591129694133997e-05,1.0,1.0,0.0,1.0,0.0,330,37.00058364868164,fresh_online_exploration,3,6
87264,91,1.0004640817642212,1.0004640817642212,1.0006296634674072,0.00016555620823055506,1.0,1.0,0.0,0.0,0.0,303,36.43480682373047,fresh_online_exploration,5,8
87840,23,1.0014729499816895,1.0014729499816895,1.001497745513916,2.4789900635369122e-05,1.0,1.0,0.0,0.0,0.0,302,36.41546630859375,fresh_online_exploration,5,8
87840,31,1.0031298398971558,1.0031298398971558,1.0033810138702393,0.0002512326755095273,1.0,1.0,0.0,0.0,0.0,305,36.445457458496094,fresh_online_exploration,5,8
87840,90,1.0017786026000977,1.0017786026000977,1.0025720596313477,0.0007933409069664776,1.0,1.0,0.0,0.0,0.0,301,36.441795349121094,fresh_online_exploration,5,8
88128,68,1.0002007484436035,1.0002007484436035,1.000435709953308,0.00023496561334468424,1.0,1.0,0.0,0.0,0.0,300,36.35445785522461,fresh_online_exploration,5,8
88224,26,1.0042290687561035,1.0042290687561035,1.0044629573822021,0.00023387480177916586,1.0,1.0,0.0,1.0,0.0,308,36.50239181518555,fresh_online_exploration,5,8
88224,62,1.0047954320907593,1.0047954320907593,1.004995346069336,0.0002000192180275917,1.0,1.0,0.0,0.0,0.0,304,36.5057373046875,fresh_online_exploration,5,8
88416,37,1.0011444091796875,1.0011444091796875,1.001216173171997,7.182543049566448e-05,1.0,1.0,0.0,0.0,0.0,305,36.37846755981445,fresh_online_exploration,5,8
88416,54,1.0020849704742432,1.0020849704742432,1.0021946430206299,0.0001096130145015195,1.0,1.0,0.0,0.0,0.0,308,36.540992736816406,fresh_online_exploration,5,8
88416,69,1.0001939535140991,1.0001939535140991,1.0003087520599365,0.00011479461682029068,1.0,1.0,0.0,0.0,0.0,300,36.309810638427734,fresh_online_exploration,5,8
88416,78,1.0022578239440918,1.0022578239440918,1.0067110061645508,0.004453214351087809,1.0,1.0,0.0,0.0,0.0,304,36.46522521972656,fresh_online_exploration,5,8
88512,30,1.0011078119277954,1.0011078119277954,1.0038301944732666,0.0027222996577620506,1.0,1.0,0.0,0.0,0.0,304,36.45164489746094,fresh_online_exploration,5,8
88608,24,1.0008825063705444,1.0008825063705444,1.0010344982147217,0.00015189280384220183,1.0,1.0,0.0,1.0,0.0,310,36.56425094604492,fresh_online_exploration,5,8
88704,28,1.0047252178192139,1.0047252178192139,1.0049136877059937,0.0001885163364931941,1.0,1.0,0.0,1.0,0.0,321,36.98039245605469,fresh_online_exploration,5,8
88800,85,1.0050033330917358,1.0050033330917358,1.0050158500671387,1.2469449757190887e-05,1.0,1.0,0.0,0.0,0.0,306,36.510589599609375,fresh_online_exploration,5,8
88896,81,1.0019081830978394,1.0019081830978394,1.0019659996032715,5.7783632655628026e-05,1.0,1.0,0.0,0.0,0.0,306,36.439048767089844,fresh_online_exploration,5,8
88992,0,1.003745198249817,1.003745198249817,1.0041143894195557,0.0003692446043714881,1.0,1.0,0.0,1.0,0.0,311,36.711952209472656,fresh_online_exploration,5,8
89088,49,1.001939058303833,1.001939058303833,1.010413646697998,0.008474511094391346,1.0,1.0,0.0,0.0,0.0,306,36.52634048461914,fresh_online_exploration,5,8
89184,3,1.0037678480148315,1.0037678480148315,1.003838062286377,7.022064528428018e-05,1.0,1.0,0.0,1.0,0.0,309,36.634788513183594,fresh_online_exploration,5,8
89184,32,1.005176067352295,1.005176067352295,1.0052525997161865,7.655046647414565e-05,1.0,1.0,0.0,0.0,0.0,302,36.578548431396484,fresh_online_exploration,6,8
89184,60,1.003739595413208,1.003739595413208,1.0041115283966064,0.0003718755906447768,1.0,1.0,0.0,0.0,0.0,307,36.579673767089844,fresh_online_exploration,5,8
89184,82,1.00519597530365,1.00519597530365,1.0173492431640625,0.012153268791735172,1.0,1.0,0.0,0.0,0.0,309,36.643680572509766,fresh_online_exploration,5,8
89184,87,1.0011310577392578,1.0011310577392578,1.0013275146484375,0.00019652445917017758,1.0,1.0,0.0,1.0,0.0,311,36.55867385864258,fresh_online_exploration,5,8
89280,38,1.0003362894058228,1.0003362894058228,1.0005509853363037,0.00021468964405357838,1.0,1.0,0.0,0.0,0.0,305,36.55537796020508,fresh_online_exploration,5,8
89280,39,1.0017266273498535,1.0017266273498535,1.0018775463104248,0.0001509362191427499,1.0,1.0,0.0,0.0,0.0,307,36.522457122802734,fresh_online_exploration,5,8
89376,17,1.0026359558105469,1.0026359558105469,1.002652883529663,1.6950085409916937e-05,1.0,1.0,0.0,0.0,0.0,308,36.5961799621582,fresh_online_exploration,5,8
89376,52,1.002672553062439,1.002672553062439,1.003058671951294,0.0003860400465782732,1.0,1.0,0.0,0.0,0.0,308,36.477882385253906,fresh_online_exploration,5,8
89472,27,1.0012863874435425,1.0012863874435425,1.0014371871948242,0.0001507656998001039,1.0,1.0,0.0,1.0,0.0,310,36.55284118652344,fresh_online_exploration,5,8
89472,63,1.0032044649124146,1.0032044649124146,1.0032687187194824,6.431584188248962e-05,1.0,1.0,0.0,1.0,0.0,309,36.64680480957031,fresh_online_exploration,5,8
89568,42,1.004255771636963,1.004255771636963,1.0065510272979736,0.002295242389664054,1.0,1.0,0.0,0.0,0.0,311,36.61665344238281,fresh_online_exploration,5,8
89664,36,1.003390908241272,1.003390908241272,1.0094590187072754,0.0060681505128741264,1.0,1.0,0.0,0.0,0.0,306,36.576297760009766,fresh_online_exploration,6,8
89664,43,1.0014865398406982,1.0014865398406982,1.0015785694122314,9.204410889651626e-05,1.0,1.0,0.0,1.0,0.0,314,36.74574279785156,fresh_online_exploration,5,8
89664,93,1.0044587850570679,1.0044587850570679,1.0051281452178955,0.0006693361792713404,1.0,1.0,0.0,1.0,0.0,314,36.72118377685547,fresh_online_exploration,5,8
89760,12,1.0052599906921387,1.0052599906921387,1.0058265924453735,0.0005666351062245667,1.0,1.0,0.0,0.0,0.0,315,36.72330093383789,fresh_online_exploration,5,8
89760,70,1.0043270587921143,1.0043270587921143,1.0163497924804688,0.012022689916193485,1.0,1.0,0.0,0.0,0.0,307,36.617958068847656,fresh_online_exploration,6,8
89760,76,1.0054056644439697,1.0054056644439697,1.0054173469543457,1.1615863513725344e-05,1.0,1.0,0.0,0.0,0.0,297,36.325035095214844,fresh_online_exploration,6,8
89856,5,1.0002942085266113,1.0002942085266113,1.000403642654419,0.00010933478915831074,1.0,1.0,0.0,0.0,0.0,304,36.410518646240234,fresh_online_exploration,6,8
89856,55,1.0033395290374756,1.0033395290374756,1.013113260269165,0.009773661382496357,1.0,1.0,0.0,0.0,0.0,307,36.5987663269043,fresh_online_exploration,6,8
89952,19,1.0048776865005493,1.0048776865005493,1.0054888725280762,0.0006112339324317873,1.0,1.0,0.0,0.0,0.0,319,36.860260009765625,fresh_online_exploration,5,8
89952,35,1.0023523569107056,1.0023523569107056,1.002573013305664,0.00022059271577745676,1.0,1.0,0.0,0.0,0.0,299,36.31550598144531,fresh_online_exploration,6,8
89952,58,1.0035831928253174,1.0035831928253174,1.0042449235916138,0.0006617337930947542,1.0,1.0,0.0,0.0,0.0,307,36.552490234375,fresh_online_exploration,6,8
90048,51,1.004509687423706,1.004509687423706,1.0049830675125122,0.00047337927389889956,1.0,1.0,0.0,0.0,0.0,313,36.690223693847656,fresh_online_exploration,5,8
90144,2,1.00225830078125,1.00225830078125,1.0022904872894287,3.213387026335113e-05,1.0,1.0,0.0,0.0,0.0,314,36.66404724121094,fresh_online_exploration,5,9
90144,41,1.0039931535720825,1.0039931535720825,1.0111947059631348,0.0072015514597296715,1.0,1.0,0.0,0.0,0.0,313,36.79518508911133,fresh_online_exploration,6,9
90144,47,1.0054466724395752,1.0054466724395752,1.0055561065673828,0.00010942357039311901,1.0,1.0,0.0,1.0,0.0,307,36.65764236450195,fresh_online_exploration,6,9
90144,72,1.004622459411621,1.004622459411621,1.0046939849853516,7.154158811317757e-05,1.0,1.0,0.0,1.0,0.0,312,36.78492736816406,fresh_online_exploration,6,9
90144,73,1.002103328704834,1.002103328704834,1.0024209022521973,0.0003174888261128217,1.0,1.0,0.0,0.0,0.0,308,36.62529373168945,fresh_online_exploration,6,9
90240,21,1.0039197206497192,1.0039197206497192,1.0044372081756592,0.0005173769313842058,1.0,1.0,0.0,0.0,0.0,314,36.74026870727539,fresh_online_exploration,6,9
90240,44,1.0026119947433472,1.0026119947433472,1.0045578479766846,0.001945940195582807,1.0,1.0,0.0,0.0,0.0,318,36.771018981933594,fresh_online_exploration,5,9
90336,1,1.0050677061080933,1.0050677061080933,1.005338191986084,0.0002704939106479287,1.0,1.0,0.0,0.0,0.0,310,36.611183166503906,fresh_online_exploration,6,9
90336,15,1.0026512145996094,1.0026512145996094,1.0076390504837036,0.004987813998013735,1.0,1.0,0.0,0.0,0.0,311,36.62630844116211,fresh_online_exploration,6,9
90336,25,1.0046111345291138,1.0046111345291138,1.0053282976150513,0.0007171703036874533,1.0,1.0,0.0,0.0,0.0,312,36.72022247314453,fresh_online_exploration,6,9
90336,46,1.000190019607544,1.000190019607544,1.0007784366607666,0.0005884437123313546,1.0,1.0,0.0,0.0,0.0,311,36.58369445800781,fresh_online_exploration,6,9
90336,86,1.0005500316619873,1.0005500316619873,1.0009937286376953,0.00044367185910232365,1.0,1.0,0.0,1.0,0.0,320,36.75144958496094,fresh_online_exploration,5,9
90336,88,1.0039432048797607,1.0039432048797607,1.004098892211914,0.0001556714705657214,1.0,1.0,0.0,1.0,0.0,309,36.69157409667969,fresh_online_exploration,6,9
90432,20,1.0047181844711304,1.0047181844711304,1.0052236318588257,0.0005054298671893775,1.0,1.0,0.0,0.0,0.0,311,36.64177703857422,fresh_online_exploration,6,9
90528,4,1.0052803754806519,1.0052803754806519,1.0168352127075195,0.011554872617125511,1.0,1.0,0.0,0.0,0.0,310,36.699851989746094,fresh_online_exploration,6,9
90528,14,1.0034255981445312,1.0034255981445312,1.0034546852111816,2.9076818464091048e-05,1.0,1.0,0.0,0.0,0.0,310,36.681785583496094,fresh_online_exploration,6,9
90528,29,1.003804326057434,1.003804326057434,1.0041351318359375,0.0003309063904453069,1.0,1.0,0.0,1.0,0.0,317,36.81207275390625,fresh_online_exploration,6,9
90720,45,1.000266194343567,1.000266194343567,1.0002771615982056,1.0994518561346922e-05,1.0,1.0,0.0,0.0,0.0,306,36.371177673339844,fresh_online_exploration,6,9
90720,77,1.0021857023239136,1.0021857023239136,1.002281904220581,9.617955947760493e-05,1.0,1.0,0.0,0.0,0.0,308,36.53217697143555,fresh_online_exploration,6,9
90720,84,1.0051692724227905,1.0051692724227905,1.0052249431610107,5.5762691772542894e-05,1.0,1.0,0.0,1.0,0.0,315,36.73661422729492,fresh_online_exploration,6,9
90720,92,1.0050525665283203,1.0050525665283203,1.0050815343856812,2.9011276637902483e-05,1.0,1.0,0.0,0.0,0.0,310,36.60252380371094,fresh_online_exploration,6,9
90816,40,1.0022369623184204,1.0022369623184204,1.0033299922943115,0.0010930720018222928,1.0,1.0,0.0,0.0,0.0,316,36.7227897644043,fresh_online_exploration,6,9
90816,50,1.0012017488479614,1.0012017488479614,1.0012496709823608,4.7966976126190275e-05,1.0,1.0,0.0,0.0,0.0,299,36.352115631103516,fresh_online_exploration,6,9
90816,66,1.0037884712219238,1.0037884712219238,1.0038049221038818,1.6416348444181494e-05,1.0,1.0,0.0,1.0,0.0,315,36.80377197265625,fresh_online_exploration,6,9
91008,8,1.005236268043518,1.005236268043518,1.005488634109497,0.00025239636306650937,1.0,1.0,0.0,0.0,0.0,314,36.72617721557617,fresh_online_exploration,6,9
91008,53,1.0001485347747803,1.0001485347747803,1.0002553462982178,0.00010685481538530439,1.0,1.0,0.0,1.0,0.0,312,36.55268096923828,fresh_online_exploration,6,9
91008,71,1.0020196437835693,1.0020196437835693,1.0021297931671143,0.00011013634502887726,1.0,1.0,0.0,0.0,0.0,308,36.559791564941406,fresh_online_exploration,6,9
91008,95,1.0035078525543213,1.0035078525543213,1.0039849281311035,0.0004769637598656118,1.0,1.0,0.0,0.0,0.0,315,36.66148376464844,fresh_online_exploration,6,9
91200,13,1.0035232305526733,1.0035232305526733,1.0036749839782715,0.00015166868979576975,1.0,1.0,0.0,0.0,0.0,311,36.702247619628906,fresh_online_exploration,6,9
91200,48,1.0000180006027222,1.0000180006027222,1.0001055002212524,8.751819405006245e-05,1.0,1.0,0.0,1.0,0.0,310,36.489742279052734,fresh_online_exploration,6,9
91200,67,1.0043323040008545,1.0043323040008545,1.010908603668213,0.00657618697732687,1.0,1.0,0.0,0.0,0.0,322,36.8686637878418,fresh_online_exploration,6,9
91296,11,1.000230073928833,1.000230073928833,1.0004796981811523,0.00024970126105472445,1.0,1.0,0.0,1.0,0.0,315,36.709434509277344,fresh_online_exploration,6,9
91296,16,1.0012645721435547,1.0012645721435547,1.0017597675323486,0.000495291780680418,1.0,1.0,0.0,1.0,0.0,318,36.76852798461914,fresh_online_exploration,6,9
91296,64,1.0012900829315186,1.0012900829315186,1.0016961097717285,0.00040612841257825494,1.0,1.0,0.0,0.0,0.0,313,36.68611526489258,fresh_online_exploration,6,9
91296,65,1.0019727945327759,1.0019727945327759,1.0021339654922485,0.00016116644837893546,1.0,1.0,0.0,1.0,0.0,313,36.685813903808594,fresh_online_exploration,6,9
91392,59,1.0025252103805542,1.0025252103805542,1.0027499198913574,0.0002246833755634725,1.0,1.0,0.0,0.0,0.0,311,36.59284973144531,fresh_online_exploration,6,9
91392,75,1.0020374059677124,1.0020374059677124,1.0027025938034058,0.0006651852745562792,1.0,1.0,0.0,1.0,0.0,316,36.730506896972656,fresh_online_exploration,6,9
91488,6,1.0040404796600342,1.0040404796600342,1.0040711164474487,3.059476875932887e-05,1.0,1.0,0.0,1.0,0.0,314,36.7328987121582,fresh_online_exploration,6,9
91488,7,1.006211757659912,1.006211757659912,1.0062217712402344,9.93699359241873e-06,1.0,1.0,0.0,1.0,0.0,326,37.07581329345703,fresh_online_exploration,6,9
91584,22,1.0007681846618652,1.0007681846618652,1.0008389949798584,7.086148980306461e-05,1.0,1.0,0.0,1.0,0.0,319,36.79104232788086,fresh_online_exploration,6,9
91584,34,1.0039037466049194,1.0039037466049194,1.0041494369506836,0.0002457513764966279,1.0,1.0,0.0,1.0,0.0,321,36.901206970214844,fresh_online_exploration,6,9
91680,18,1.0007760524749756,1.0007760524749756,1.0055515766143799,0.004775478038936853,1.0,1.0,0.0,0.0,0.0,315,36.72592544555664,fresh_online_exploration,6,9
91776,33,1.0043452978134155,1.0043452978134155,1.0043913125991821,4.5975953980814666e-05,1.0,1.0,0.0,1.0,0.0,311,36.66181945800781,fresh_online_exploration,6,9
91776,74,1.0029696226119995,1.0029696226119995,1.0029791593551636,9.545868124405388e-06,1.0,1.0,0.0,1.0,0.0,314,36.73100280761719,fresh_online_exploration,6,9
91776,80,1.0011416673660278,1.0011416673660278,1.0013900995254517,0.00024844586732797325,1.0,1.0,0.0,1.0,0.0,324,36.92245864868164,fresh_online_exploration,6,9
91872,79,1.0020604133605957,1.0020604133605957,1.002476692199707,0.00041620025876909494,1.0,1.0,0.0,1.0,0.0,320,36.6318359375,fresh_online_exploration,6,9
91968,10,1.005573034286499,1.005573034286499,1.005643367767334,7.029602420516312e-05,1.0,1.0,0.0,1.0,0.0,319,36.8411750793457,fresh_online_exploration,6,9
91968,56,1.0036977529525757,1.0036977529525757,1.0053482055664062,0.001650530961342156,1.0,1.0,0.0,0.0,0.0,316,36.83973693847656,fresh_online_exploration,6,9
91968,61,1.0026631355285645,1.0026631355285645,1.0028536319732666,0.0001904750824905932,1.0,1.0,0.0,0.0,0.0,306,36.568077087402344,fresh_online_exploration,6,9
92544,9,1.0040043592453003,1.0040043592453003,1.0045454502105713,0.0005410816520452499,1.0,1.0,0.0,1.0,0.0,323,36.92203140258789,fresh_online_exploration,6,9
93024,57,1.0046480894088745,1.0046480894088745,1.0046805143356323,3.2417126931250095e-05,1.0,1.0,0.0,1.0,0.0,311,36.61606979370117,fresh_online_exploration,6,9
93024,89,1.004515290260315,1.004515290260315,1.0051214694976807,0.0006061754538677633,1.0,1.0,0.0,1.0,0.0,327,36.96552658081055,fresh_online_exploration,6,9
93120,83,1.00106680393219,1.00106680393219,1.0015690326690674,0.0005022314144298434,1.0,1.0,0.0,0.0,0.0,316,36.811405181884766,fresh_online_exploration,6,9
93888,94,1.0009384155273438,1.0009384155273438,1.0010333061218262,9.490661614108831e-05,1.0,1.0,0.0,1.0,0.0,318,36.79938888549805,fresh_online_exploration,6,9
116928,23,1.00115168094635,1.00115168094635,1.0013456344604492,0.00019390712259337306,1.0,1.0,0.0,0.0,0.0,303,36.414764404296875,fresh_online_exploration,8,11
117024,26,1.000054121017456,1.000054121017456,1.000065565109253,1.1413239917601459e-05,1.0,1.0,0.0,0.0,0.0,300,36.22298049926758,fresh_online_exploration,8,11
117216,31,1.0060555934906006,1.0060555934906006,1.006171703338623,0.00011604624887695536,1.0,1.0,0.0,0.0,0.0,306,36.41108703613281,fresh_online_exploration,8,11
117216,62,1.0047318935394287,1.0047318935394287,1.0049259662628174,0.00019400125893298537,1.0,1.0,0.0,0.0,0.0,302,36.434513092041016,fresh_online_exploration,8,11
117216,91,1.0051640272140503,1.0051640272140503,1.0053672790527344,0.0002033569326158613,1.0,1.0,0.0,0.0,0.0,312,36.689212799072266,fresh_online_exploration,8,11
117408,68,1.001633644104004,1.001633644104004,1.0021889209747314,0.0005553546943701804,1.0,1.0,0.0,0.0,0.0,305,36.45491027832031,fresh_online_exploration,8,11
117408,90,1.0047389268875122,1.0047389268875122,1.0048551559448242,0.0001161976033472456,1.0,1.0,0.0,0.0,0.0,308,36.47850036621094,fresh_online_exploration,8,11
118080,24,1.0042707920074463,1.0042707920074463,1.0042881965637207,1.738146056595724e-05,1.0,1.0,0.0,0.0,0.0,307,36.50069046020508,fresh_online_exploration,8,11
118176,78,1.002679705619812,1.002679705619812,1.0099080801010132,0.007228343281894922,1.0,1.0,0.0,0.0,0.0,310,36.50699996948242,fresh_online_exploration,8,11
118272,85,1.001225233078003,1.001225233078003,1.0012571811676025,3.19259415846318e-05,1.0,1.0,0.0,0.0,0.0,307,36.34810256958008,fresh_online_exploration,8,11
118368,30,1.0050344467163086,1.0050344467163086,1.0077402591705322,0.002705664373934269,1.0,1.0,0.0,0.0,0.0,311,36.56977844238281,fresh_online_exploration,8,11
118368,37,1.00538170337677,1.00538170337677,1.0058836936950684,0.00050207698950544,1.0,1.0,0.0,0.0,0.0,312,36.637760162353516,fresh_online_exploration,8,11
118368,52,1.003792405128479,1.003792405128479,1.0082281827926636,0.004435681272298098,1.0,1.0,0.0,0.0,0.0,302,36.379093170166016,fresh_online_exploration,8,11
118560,39,1.0031490325927734,1.0031490325927734,1.0032322406768799,8.317399624502286e-05,1.0,1.0,0.0,0.0,0.0,305,36.40327835083008,fresh_online_exploration,8,11
118656,28,1.001988410949707,1.001988410949707,1.0020734071731567,8.504468132741749e-05,1.0,1.0,0.0,1.0,0.0,312,36.574832916259766,fresh_online_exploration,8,11
118656,32,1.0049301385879517,1.0049301385879517,1.00508451461792,0.0001543727848911658,1.0,1.0,0.0,0.0,0.0,307,36.54444122314453,fresh_online_exploration,8,11
118656,81,1.0055196285247803,1.0055196285247803,1.0121269226074219,0.0066072894260287285,1.0,1.0,0.0,0.0,0.0,310,36.61028289794922,fresh_online_exploration,8,11
118752,54,1.0050097703933716,1.0050097703933716,1.0054621696472168,0.0004523654351942241,1.0,1.0,0.0,0.0,0.0,316,36.672401428222656,fresh_online_exploration,8,11
118752,69,1.00285005569458,1.00285005569458,1.0029267072677612,7.667674799449742e-05,1.0,1.0,0.0,1.0,0.0,316,36.690040588378906,fresh_online_exploration,8,11
118752,82,1.003125548362732,1.003125548362732,1.0112652778625488,0.00813979934900999,1.0,1.0,0.0,0.0,0.0,308,36.600955963134766,fresh_online_exploration,8,11
118848,49,1.0049026012420654,1.0049026012420654,1.0069727897644043,0.002070182468742132,1.0,1.0,0.0,0.0,0.0,310,36.6502685546875,fresh_online_exploration,8,11
118944,0,1.0032908916473389,1.0032908916473389,1.0033941268920898,0.00010330397344660014,1.0,1.0,0.0,0.0,0.0,312,36.629356384277344,fresh_online_exploration,8,11
118944,5,1.0003074407577515,1.0003074407577515,1.0007469654083252,0.00043957686284556985,1.0,1.0,0.0,0.0,0.0,303,36.36698913574219,fresh_online_exploration,8,11
118944,38,1.000129222869873,1.000129222869873,1.0001641511917114,3.492517862468958e-05,1.0,1.0,0.0,1.0,0.0,309,36.42058181762695,fresh_online_exploration,8,11
119424,3,1.0032912492752075,1.0032912492752075,1.00369393825531,0.00040270882891491055,1.0,1.0,0.0,0.0,0.0,315,36.6131591796875,fresh_online_exploration,8,11
119424,42,1.0013022422790527,1.0013022422790527,1.001907229423523,0.0006050009978935122,1.0,1.0,0.0,0.0,0.0,311,36.55961608886719,fresh_online_exploration,8,11
119520,17,1.0010854005813599,1.0010854005813599,1.001100778579712,1.5287478163372725e-05,1.0,1.0,0.0,1.0,0.0,314,36.65178680419922,fresh_online_exploration,8,11
119520,76,1.0048271417617798,1.0048271417617798,1.0049959421157837,0.0001688094052951783,1.0,1.0,0.0,0.0,0.0,310,36.70037841796875,fresh_online_exploration,8,11
119520,87,1.0011967420578003,1.0011967420578003,1.0013368129730225,0.00014000051305629313,1.0,1.0,0.0,1.0,0.0,316,36.583168029785156,fresh_online_exploration,8,11
119616,60,1.0012972354888916,1.0012972354888916,1.0013718605041504,7.459949847543612e-05,1.0,1.0,0.0,1.0,0.0,317,36.67026138305664,fresh_online_exploration,8,11
119712,36,1.002572774887085,1.002572774887085,1.0026707649230957,9.804419096326455e-05,1.0,1.0,0.0,1.0,0.0,313,36.556800842285156,fresh_online_exploration,8,11
119808,70,1.0036203861236572,1.0036203861236572,1.0181326866149902,0.014512371271848679,1.0,1.0,0.0,0.0,0.0,313,36.614959716796875,fresh_online_exploration,8,11
119808,73,1.0020908117294312,1.0020908117294312,1.0027302503585815,0.0006394456140697002,1.0,1.0,0.0,0.0,0.0,309,36.487396240234375,fresh_online_exploration,9,11
119808,93,1.0047345161437988,1.0047345161437988,1.0170173645019531,0.012282860465347767,1.0,1.0,0.0,0.0,0.0,314,36.662322998046875,fresh_online_exploration,8,11
119904,12,1.0016247034072876,1.0016247034072876,1.0017058849334717,8.114959200611338e-05,1.0,1.0,0.0,1.0,0.0,314,36.618125915527344,fresh_online_exploration,8,11
120000,15,1.0042753219604492,1.0042753219604492,1.0044760704040527,0.00020085388678126037,1.0,1.0,0.0,0.0,0.0,309,36.59933853149414,fresh_online_exploration,9,11
120000,27,1.001600742340088,1.001600742340088,1.0017211437225342,0.00012049421638948843,1.0,1.0,0.0,1.0,0.0,318,36.702388763427734,fresh_online_exploration,8,11
120000,35,1.0039409399032593,1.0039409399032593,1.0043070316314697,0.0003660945512820035,1.0,1.0,0.0,0.0,0.0,313,36.6764030456543,fresh_online_exploration,8,11
120000,41,1.002540111541748,1.002540111541748,1.0129342079162598,0.010394076816737652,1.0,1.0,0.0,0.0,0.0,311,36.61591720581055,fresh_online_exploration,9,11
120096,2,1.0019015073776245,1.0019015073776245,1.0020551681518555,0.00015369316679425538,1.0,1.0,0.0,1.0,0.0,312,36.48484802246094,fresh_online_exploration,9,12
120096,55,1.0056672096252441,1.0056672096252441,1.00571870803833,5.148429045220837e-05,1.0,1.0,0.0,1.0,0.0,315,36.59535217285156,fresh_online_exploration,8,12
120192,25,1.0008351802825928,1.0008351802825928,1.0008831024169922,4.799083399120718e-05,1.0,1.0,0.0,1.0,0.0,311,36.40357208251953,fresh_online_exploration,9,12
120192,43,1.0043236017227173,1.0043236017227173,1.004338264465332,1.4615713553212117e-05,1.0,1.0,0.0,1.0,0.0,318,36.76392364501953,fresh_online_exploration,8,12
120192,47,1.0040509700775146,1.0040509700775146,1.004331111907959,0.0002801820810418576,1.0,1.0,0.0,1.0,0.0,313,36.63542175292969,fresh_online_exploration,9,12
120192,48,1.0051501989364624,1.0051501989364624,1.005183458328247,3.329769606352784e-05,1.0,1.0,0.0,0.0,0.0,302,36.249515533447266,fresh_online_exploration,9,12
120192,63,1.0021193027496338,1.0021193027496338,1.0025684833526611,0.0004491537401918322,1.0,1.0,0.0,1.0,0.0,320,36.80668258666992,fresh_online_exploration,8,12
120192,72,1.0015337467193604,1.0015337467193604,1.0015487670898438,1.494151456427062e-05,1.0,1.0,0.0,1.0,0.0,313,36.66698455810547,fresh_online_exploration,9,12
120288,50,1.0043953657150269,1.0043953657150269,1.0048221349716187,0.00042672938434407115,1.0,1.0,0.0,0.0,0.0,307,36.504425048828125,fresh_online_exploration,9,12
120288,77,1.0009647607803345,1.0009647607803345,1.0010719299316406,0.00010724746971391141,1.0,1.0,0.0,0.0,0.0,308,36.45733642578125,fresh_online_exploration,9,12
120384,86,1.0008260011672974,1.0008260011672974,1.001286268234253,0.0004602064145728946,1.0,1.0,0.0,0.0,0.0,313,36.51067352294922,fresh_online_exploration,9,12
120384,88,1.0009571313858032,1.0009571313858032,1.001117467880249,0.00016039928596001118,1.0,1.0,0.0,1.0,0.0,313,36.52220153808594,fresh_online_exploration,9,12
120480,44,1.0031616687774658,1.0031616687774658,1.0042312145233154,0.0010695660021156073,1.0,1.0,0.0,0.0,0.0,315,36.68452072143555,fresh_online_exploration,9,12
120480,46,1.0022443532943726,1.0022443532943726,1.0026544332504272,0.0004101005906704813,1.0,1.0,0.0,1.0,0.0,314,36.71007537841797,fresh_online_exploration,9,12
120480,58,1.0051686763763428,1.0051686763763428,1.0194464921951294,0.014277794398367405,1.0,1.0,0.0,0.0,0.0,318,36.71876525878906,fresh_online_exploration,8,12
120576,1,1.0033462047576904,1.0033462047576904,1.0033609867095947,1.4776408534089569e-05,1.0,1.0,0.0,1.0,0.0,315,36.67144012451172,fresh_online_exploration,9,12
120576,4,1.002640724182129,1.002640724182129,1.0134422779083252,0.010801552794873714,1.0,1.0,0.0,0.0,0.0,313,36.6573486328125,fresh_online_exploration,9,12
120576,45,1.002527117729187,1.002527117729187,1.0027543306350708,0.00022721650020685047,1.0,1.0,0.0,0.0,0.0,311,36.50709915161133,fresh_online_exploration,9,12
120576,53,1.0018502473831177,1.0018502473831177,1.0018725395202637,2.2332129447022453e-05,1.0,1.0,0.0,0.0,0.0,308,36.61090087890625,fresh_online_exploration,9,12
120672,19,1.0035244226455688,1.0035244226455688,1.004104495048523,0.0005800739745609462,1.0,1.0,0.0,1.0,0.0,320,36.87065505981445,fresh_online_exploration,8,12
120864,14,1.005391001701355,1.005391001701355,1.0059788227081299,0.000587818562053144,1.0,1.0,0.0,1.0,0.0,316,36.76518249511719,fresh_online_exploration,9,12
120864,66,1.0029950141906738,1.0029950141906738,1.0030803680419922,8.540177077520639e-05,1.0,1.0,0.0,1.0,0.0,313,36.63081359863281,fresh_online_exploration,9,12
120864,95,1.005843997001648,1.005843997001648,1.0058767795562744,3.271864989073947e-05,1.0,1.0,0.0,0.0,0.0,311,36.65135192871094,fresh_online_exploration,9,12
121056,21,1.0042041540145874,1.0042041540145874,1.0043342113494873,0.0001300287403864786,1.0,1.0,0.0,1.0,0.0,321,36.80070495605469,fresh_online_exploration,9,12
121152,51,1.003134846687317,1.003134846687317,1.0034277439117432,0.0002929368056356907,1.0,1.0,0.0,1.0,0.0,324,36.88728713989258,fresh_online_exploration,8,12
121152,67,1.0021584033966064,1.0021584033966064,1.0083494186401367,0.006191028747707605,1.0,1.0,0.0,0.0,0.0,312,36.6183967590332,fresh_online_exploration,9,12
121248,84,1.000582218170166,1.000582218170166,1.000598669052124,1.636777597013861e-05,1.0,1.0,0.0,1.0,0.0,318,36.71992492675781,fresh_online_exploration,9,12
121344,8,1.002495527267456,1.002495527267456,1.0025122165679932,1.6791334928711876e-05,1.0,1.0,0.0,1.0,0.0,316,36.66311264038086,fresh_online_exploration,9,12
121440,59,1.000217318534851,1.000217318534851,1.0011166334152222,0.0008993095834739506,1.0,1.0,0.0,0.0,0.0,313,36.56443786621094,fresh_online_exploration,9,12
121440,71,1.004207968711853,1.004207968711853,1.0046088695526123,0.0004008547402918339,1.0,1.0,0.0,0.0,0.0,317,36.70878219604492,fresh_online_exploration,9,12
121536,13,1.0002391338348389,1.0002391338348389,1.0005970001220703,0.0003579141048248857,1.0,1.0,0.0,1.0,0.0,316,36.61293029785156,fresh_online_exploration,9,12
121536,20,1.005219578742981,1.005219578742981,1.0056779384613037,0.00045841422979719937,1.0,1.0,0.0,1.0,0.0,324,37.0012321472168,fresh_online_exploration,9,12
121536,40,1.001360535621643,1.001360535621643,1.0016177892684937,0.00025725591694936156,1.0,1.0,0.0,1.0,0.0,320,36.75938034057617,fresh_online_exploration,9,12
121536,75,1.0050146579742432,1.0050146579742432,1.0052490234375,0.00023433695605490357,1.0,1.0,0.0,0.0,0.0,314,36.66621017456055,fresh_online_exploration,9,12
121632,65,1.0014314651489258,1.0014314651489258,1.003929853439331,0.002498383866623044,1.0,1.0,0.0,0.0,0.0,316,36.68905258178711,fresh_online_exploration,9,12
121632,92,1.002848505973816,1.002848505973816,1.0029323101043701,8.371418516617268e-05,1.0,1.0,0.0,1.0,0.0,322,36.78110122680664,fresh_online_exploration,9,12
121824,29,1.0034546852111816,1.0034546852111816,1.0037753582000732,0.00032061603269539773,1.0,1.0,0.0,1.0,0.0,326,36.931095123291016,fresh_online_exploration,9,12
121824,64,1.0033143758773804,1.0033143758773804,1.0034655332565308,0.00015113680274225771,1.0,1.0,0.0,1.0,0.0,318,36.70718002319336,fresh_online_exploration,9,12
121920,16,1.0016850233078003,1.0016850233078003,1.004530668258667,0.0028456279542297125,1.0,1.0,0.0,0.0,0.0,319,36.71662902832031,fresh_online_exploration,9,12
121920,34,1.0012221336364746,1.0012221336364746,1.00169038772583,0.0004681639256887138,1.0,1.0,0.0,0.0,0.0,316,36.579437255859375,fresh_online_exploration,9,12
122016,6,1.0021741390228271,1.0021741390228271,1.002418875694275,0.0002447099541313946,1.0,1.0,0.0,1.0,0.0,318,36.55793762207031,fresh_online_exploration,9,12
122016,22,1.0002987384796143,1.0002987384796143,1.0005638599395752,0.0002651619433891028,1.0,1.0,0.0,0.0,0.0,317,36.46514892578125,fresh_online_exploration,9,12
122016,80,1.0003907680511475,1.0003907680511475,1.0004215240478516,3.072175240959041e-05,1.0,1.0,0.0,1.0,0.0,315,36.67921447753906,fresh_online_exploration,9,12
122208,18,1.0009220838546753,1.0009220838546753,1.0010120868682861,9.005514584714547e-05,1.0,1.0,0.0,1.0,0.0,318,36.688720703125,fresh_online_exploration,9,12
122208,56,1.0029658079147339,1.0029658079147339,1.0038787126541138,0.0009129138779826462,1.0,1.0,0.0,0.0,0.0,315,36.65655517578125,fresh_online_exploration,9,12
122304,10,1.0045408010482788,1.0045408010482788,1.0047169923782349,0.00017622874293010682,1.0,1.0,0.0,1.0,0.0,316,36.75981140136719,fresh_online_exploration,9,12
122304,61,1.0046212673187256,1.0046212673187256,1.0048410892486572,0.00021978028235025704,1.0,1.0,0.0,1.0,0.0,316,36.6765251159668,fresh_online_exploration,9,12
122400,11,1.0056343078613281,1.0056343078613281,1.0058374404907227,0.00020324497018009424,1.0,1.0,0.0,0.0,0.0,324,36.95418930053711,fresh_online_exploration,9,12
122496,79,1.0014185905456543,1.0014185905456543,1.0014336109161377,1.4937893865862861e-05,1.0,1.0,0.0,1.0,0.0,319,36.666175842285156,fresh_online_exploration,9,12
122592,7,1.0001906156539917,1.0001906156539917,1.0003762245178223,0.00018556676513981074,1.0,1.0,0.0,1.0,0.0,324,36.727394104003906,fresh_online_exploration,9,12
122880,74,1.0002710819244385,1.0002710819244385,1.0004677772521973,0.00019662950944621116,1.0,1.0,0.0,1.0,0.0,324,36.784149169921875,fresh_online_exploration,9,12
123072,33,1.0014699697494507,1.0014699697494507,1.0024540424346924,0.0009840648854151368,1.0,1.0,0.0,1.0,0.0,326,36.83858108520508,fresh_online_exploration,9,12
123072,83,1.0002022981643677,1.0002022981643677,1.0005563497543335,0.0003540514735504985,1.0,1.0,0.0,0.0,0.0,312,36.59845733642578,fresh_online_exploration,9,12
123264,57,1.004275918006897,1.004275918006897,1.0043325424194336,5.66107701160945e-05,1.0,1.0,0.0,1.0,0.0,315,36.769134521484375,fresh_online_exploration,9,12
123744,9,1.0035717487335205,1.0035717487335205,1.003587007522583,1.528898428659886e-05,1.0,1.0,0.0,1.0,0.0,325,36.927886962890625,fresh_online_exploration,9,12
123744,89,1.0012341737747192,1.0012341737747192,1.0013222694396973,8.804364188108593e-05,1.0,1.0,0.0,1.0,0.0,320,36.81985092163086,fresh_online_exploration,9,12
124608,94,1.0040242671966553,1.0040242671966553,1.0047965049743652,0.0007723168819211423,1.0,1.0,0.0,0.0,0.0,320,36.7379035949707,fresh_online_exploration,9,12
142848,91,1.005786418914795,1.005786418914795,1.1468679904937744,0.14108160138130188,1.0,1.0,1.0,0.0,0.0,267,35.09572982788086,fresh_online_exploration,11,14
145536,31,1.0039328336715698,1.0039328336715698,1.0039424896240234,9.656662768975366e-06,1.0,1.0,0.0,0.0,0.0,295,36.28215789794922,fresh_online_exploration,11,14
145920,23,1.0014327764511108,1.0014327764511108,1.0014817714691162,4.9015379772754386e-05,1.0,1.0,0.0,0.0,0.0,302,36.390647888183594,fresh_online_exploration,11,14
146496,26,1.0014992952346802,1.0014992952346802,1.0015106201171875,1.1360928510839585e-05,1.0,1.0,0.0,0.0,0.0,307,36.617820739746094,fresh_online_exploration,11,14
146496,62,1.0030508041381836,1.0030508041381836,1.00333833694458,0.00028759922133758664,1.0,1.0,0.0,0.0,0.0,305,36.51356506347656,fresh_online_exploration,11,14
146496,90,1.0002362728118896,1.0002362728118896,1.0002936124801636,5.7311943237436935e-05,1.0,1.0,0.0,0.0,0.0,303,36.454132080078125,fresh_online_exploration,11,14
146592,39,1.0042362213134766,1.0042362213134766,1.0043061971664429,6.9986934249755e-05,1.0,1.0,0.0,0.0,0.0,292,36.423126220703125,fresh_online_exploration,11,14
146688,68,1.0007933378219604,1.0007933378219604,1.0014814138412476,0.0006880509899929166,1.0,1.0,0.0,0.0,0.0,305,36.56671905517578,fresh_online_exploration,11,14
147072,0,1.0004336833953857,1.0004336833953857,1.000515341758728,8.166213956428692e-05,1.0,1.0,0.0,0.0,0.0,293,36.28891372680664,fresh_online_exploration,11,14
147072,37,1.000752568244934,1.000752568244934,1.0007691383361816,1.6578767827013507e-05,1.0,1.0,0.0,0.0,0.0,299,36.29649353027344,fresh_online_exploration,11,14
147264,78,1.0016933679580688,1.0016933679580688,1.007982611656189,0.006289229262620211,1.0,1.0,0.0,0.0,0.0,303,36.445674896240234,fresh_online_exploration,11,14
147648,82,1.0030944347381592,1.0030944347381592,1.0089337825775146,0.005839284975081682,1.0,1.0,0.0,0.0,0.0,301,36.43011474609375,fresh_online_exploration,11,14
147744,52,1.0037577152252197,1.0037577152252197,1.0038442611694336,8.649654046166688e-05,1.0,1.0,0.0,0.0,0.0,306,36.565956115722656,fresh_online_exploration,11,14
147744,85,1.0039825439453125,1.0039825439453125,1.0045123100280762,0.0005297900061123073,1.0,1.0,0.0,0.0,0.0,307,36.49616241455078,fresh_online_exploration,11,14
147936,24,1.0031840801239014,1.0031840801239014,1.003200888633728,1.683998380030971e-05,1.0,1.0,0.0,0.0,0.0,311,36.65937805175781,fresh_online_exploration,11,14
147936,69,1.0006489753723145,1.0006489753723145,1.0009331703186035,0.00028412556275725365,1.0,1.0,0.0,0.0,0.0,304,36.46738815307617,fresh_online_exploration,11,14
148032,5,1.002882719039917,1.002882719039917,1.002938985824585,5.6237033277284354e-05,1.0,1.0,0.0,0.0,0.0,303,36.45363998413086,fresh_online_exploration,11,14
148032,30,1.0034619569778442,1.0034619569778442,1.003564476966858,0.00010248155740555376,1.0,1.0,0.0,0.0,0.0,309,36.632408142089844,fresh_online_exploration,11,14
148032,49,1.0054712295532227,1.0054712295532227,1.010008454322815,0.004537192173302174,1.0,1.0,0.0,0.0,0.0,304,36.58732986450195,fresh_online_exploration,11,14
148032,81,1.0003688335418701,1.0003688335418701,1.0079692602157593,0.007600501179695129,1.0,1.0,0.0,0.0,0.0,306,36.50025939941406,fresh_online_exploration,11,14
148128,54,1.0000858306884766,1.0000858306884766,1.000103235244751,1.7313061107415706e-05,1.0,1.0,0.0,0.0,0.0,306,36.4919548034668,fresh_online_exploration,11,14
148320,17,1.0017354488372803,1.0017354488372803,1.0017592906951904,2.3867421987233683e-05,1.0,1.0,0.0,0.0,0.0,300,36.35858917236328,fresh_online_exploration,11,14
148320,28,1.0039055347442627,1.0039055347442627,1.0039384365081787,3.2918851502472535e-05,1.0,1.0,0.0,0.0,0.0,309,36.637210845947266,fresh_online_exploration,11,14
148320,32,1.0023059844970703,1.0023059844970703,1.00241219997406,0.00010621775436447933,1.0,1.0,0.0,1.0,0.0,309,36.58308410644531,fresh_online_exploration,11,14
148512,42,1.0005263090133667,1.0005263090133667,1.0005669593811035,4.0655271732248366e-05,1.0,1.0,0.0,0.0,0.0,303,36.403533935546875,fresh_online_exploration,11,14
148512,87,1.0041605234146118,1.0041605234146118,1.0043954849243164,0.00023501433315686882,1.0,1.0,0.0,0.0,0.0,302,36.3599853515625,fresh_online_exploration,11,14
148896,76,1.0047547817230225,1.0047547817230225,1.0047657489776611,1.0911728168139234e-05,1.0,1.0,0.0,0.0,0.0,306,36.557315826416016,fresh_online_exploration,11,14
148992,60,1.0021051168441772,1.0021051168441772,1.0024139881134033,0.0003089148085564375,1.0,1.0,0.0,0.0,0.0,306,36.580116271972656,fresh_online_exploration,11,14
149184,3,1.005185842514038,1.005185842514038,1.005286455154419,0.00010072600707644597,1.0,1.0,0.0,1.0,0.0,310,36.64141082763672,fresh_online_exploration,11,14
149184,35,1.0024293661117554,1.0024293661117554,1.0156075954437256,0.013178307563066483,1.0,1.0,0.0,0.0,0.0,304,36.44489288330078,fresh_online_exploration,11,14
149184,36,1.0030874013900757,1.0030874013900757,1.0078871250152588,0.00479971244931221,1.0,1.0,0.0,0.0,0.0,307,36.60835647583008,fresh_online_exploration,11,14
149184,50,1.0052409172058105,1.0052409172058105,1.0052719116210938,3.099364766967483e-05,1.0,1.0,0.0,0.0,0.0,301,36.51932907104492,fresh_online_exploration,12,14
149376,38,1.0026402473449707,1.0026402473449707,1.004739761352539,0.0020994918886572123,1.0,1.0,0.0,0.0,0.0,317,36.723777770996094,fresh_online_exploration,11,14
149376,93,1.0024964809417725,1.0024964809417725,1.002784013748169,0.000287445611320436,1.0,1.0,0.0,0.0,0.0,308,36.64092254638672,fresh_online_exploration,11,14
149472,2,1.00444757938385,1.00444757938385,1.004732370376587,0.0002847262367140502,1.0,1.0,0.0,0.0,0.0,306,36.61338806152344,fresh_online_exploration,12,14
149472,15,1.0029127597808838,1.0029127597808838,1.011470079421997,0.008557259105145931,1.0,1.0,0.0,0.0,0.0,307,36.572288513183594,fresh_online_exploration,11,14
149568,44,1.0009437799453735,1.0009437799453735,1.0009541511535645,1.0333333193557337e-05,1.0,1.0,0.0,1.0,0.0,303,36.51332473754883,fresh_online_exploration,12,14
149568,58,1.0038584470748901,1.0038584470748901,1.0157670974731445,0.01190856657922268,1.0,1.0,0.0,0.0,0.0,303,36.4942626953125,fresh_online_exploration,12,14
149568,73,1.0051825046539307,1.0051825046539307,1.0052956342697144,0.00011313037248328328,1.0,1.0,0.0,1.0,0.0,310,36.68458557128906,fresh_online_exploration,11,14
149664,43,1.0043957233428955,1.0043957233428955,1.0051794052124023,0.0007836924050934613,1.0,1.0,0.0,0.0,0.0,307,36.62103271484375,fresh_online_exploration,12,14
149664,86,1.0008623600006104,1.0008623600006104,1.0010240077972412,0.00016162126848939806,1.0,1.0,0.0,0.0,0.0,305,36.52049255371094,fresh_online_exploration,12,14
149664,88,1.002634048461914,1.002634048461914,1.002685546875,5.147303454577923e-05,1.0,1.0,0.0,0.0,0.0,305,36.550392150878906,fresh_online_exploration,12,14
149760,4,1.0031660795211792,1.0031660795211792,1.0114665031433105,0.008300364017486572,1.0,1.0,0.0,0.0,0.0,304,36.469810485839844,fresh_online_exploration,12,14
149760,55,1.0014203786849976,1.0014203786849976,1.0098822116851807,0.008461831137537956,1.0,1.0,0.0,0.0,0.0,309,36.4428825378418,fresh_online_exploration,12,14
149952,48,1.001073956489563,1.001073956489563,1.0016510486602783,0.0005770581192336977,1.0,1.0,0.0,0.0,0.0,310,36.53333282470703,fresh_online_exploration,12,14
149952,77,1.0027704238891602,1.0027704238891602,1.0031888484954834,0.00041834654984995723,1.0,1.0,0.0,0.0,0.0,309,36.55607604980469,fresh_online_exploration,12,14
150144,12,1.0039159059524536,1.0039159059524536,1.003932237625122,1.6263760699075647e-05,1.0,1.0,0.0,1.0,0.0,315,36.73786163330078,fresh_online_exploration,11,15
150144,25,1.0040327310562134,1.0040327310562134,1.004049301147461,1.660277666815091e-05,1.0,1.0,0.0,1.0,0.0,312,36.76060104370117,fresh_online_exploration,12,15
150144,27,1.0034098625183105,1.0034098625183105,1.0036413669586182,0.00023151104687713087,1.0,1.0,0.0,1.0,0.0,314,36.748966217041016,fresh_online_exploration,11,15
150144,41,1.0043294429779053,1.0043294429779053,1.0102319717407227,0.0059025767259299755,1.0,1.0,0.0,0.0,0.0,314,36.717926025390625,fresh_online_exploration,11,15
150144,53,1.0033247470855713,1.0033247470855713,1.0034294128417969,0.00010463084618095309,1.0,1.0,0.0,1.0,0.0,308,36.60149002075195,fresh_online_exploration,12,15
150240,63,1.0051625967025757,1.0051625967025757,1.005358099937439,0.00019550153228919953,1.0,1.0,0.0,1.0,0.0,313,36.796478271484375,fresh_online_exploration,12,15
150240,70,1.0045745372772217,1.0045745372772217,1.0052452087402344,0.0006705934647470713,1.0,1.0,0.0,0.0,0.0,317,36.76637649536133,fresh_online_exploration,11,15
150432,67,1.0006754398345947,1.0006754398345947,1.0076956748962402,0.007020305842161179,1.0,1.0,0.0,0.0,0.0,305,36.467613220214844,fresh_online_exploration,12,15
150528,19,1.0050551891326904,1.0050551891326904,1.0050653219223022,1.0092912816617172e-05,1.0,1.0,0.0,1.0,0.0,311,36.75714874267578,fresh_online_exploration,12,15
150720,45,1.0038725137710571,1.0038725137710571,1.0041216611862183,0.0002491548366378993,1.0,1.0,0.0,0.0,0.0,314,36.73759841918945,fresh_online_exploration,12,15
150720,46,1.000174641609192,1.000174641609192,1.0002686977386475,9.399783448316157e-05,1.0,1.0,0.0,1.0,0.0,315,36.7173957824707,fresh_online_exploration,12,15
150720,75,1.0002864599227905,1.0002864599227905,1.0011286735534668,0.0008422178798355162,1.0,1.0,0.0,0.0,0.0,304,36.387428283691406,fresh_online_exploration,12,15
150816,71,1.0043485164642334,1.0043485164642334,1.0050705671310425,0.0007220681291073561,1.0,1.0,0.0,0.0,0.0,306,36.59327697753906,fresh_online_exploration,12,15
150912,14,1.0053234100341797,1.0053234100341797,1.0053397417068481,1.636405795579776e-05,1.0,1.0,0.0,1.0,0.0,313,36.760704040527344,fresh_online_exploration,12,15
150912,47,1.002132534980774,1.002132534980774,1.0021419525146484,9.460290129936766e-06,1.0,1.0,0.0,1.0,0.0,320,36.729923248291016,fresh_online_exploration,12,15
150912,66,1.000545620918274,1.000545620918274,1.0006332397460938,8.762701327214018e-05,1.0,1.0,0.0,1.0,0.0,313,36.65019226074219,fresh_online_exploration,12,15
150912,72,1.0014314651489258,1.0014314651489258,1.0017013549804688,0.00026981037808582187,1.0,1.0,0.0,1.0,0.0,320,36.8642578125,fresh_online_exploration,12,15
151008,59,1.0048832893371582,1.0048832893371582,1.0050029754638672,0.00011967435420956463,1.0,1.0,0.0,1.0,0.0,308,36.66161346435547,fresh_online_exploration,12,15
151104,40,1.0028762817382812,1.0028762817382812,1.003065824508667,0.00018958331202156842,1.0,1.0,0.0,1.0,0.0,308,36.61267852783203,fresh_online_exploration,12,15
151104,51,1.002213716506958,1.002213716506958,1.0022298097610474,1.610407343832776e-05,1.0,1.0,0.0,0.0,0.0,312,36.61463928222656,fresh_online_exploration,12,15
151200,95,1.0017262697219849,1.0017262697219849,1.0019025802612305,0.0001763499021762982,1.0,1.0,0.0,1.0,0.0,316,36.747947692871094,fresh_online_exploration,12,15
151296,8,1.0012508630752563,1.0012508630752563,1.0016570091247559,0.0004061065847054124,1.0,1.0,0.0,0.0,0.0,312,36.616554260253906,fresh_online_exploration,12,15
151296,21,1.0020403861999512,1.0020403861999512,1.002063274383545,2.284006041008979e-05,1.0,1.0,0.0,1.0,0.0,315,36.7586784362793,fresh_online_exploration,12,15
151296,34,1.0041570663452148,1.0041570663452148,1.0041663646697998,9.363621757074725e-06,1.0,1.0,0.0,0.0,0.0,306,36.573516845703125,fresh_online_exploration,12,15
151296,84,1.004270076751709,1.004270076751709,1.0046839714050293,0.00041384337237104774,1.0,1.0,0.0,0.0,0.0,313,36.720340728759766,fresh_online_exploration,12,15
151488,13,1.0051755905151367,1.0051755905151367,1.005612850189209,0.0004373304545879364,1.0,1.0,0.0,1.0,0.0,312,36.790279388427734,fresh_online_exploration,12,15
151584,1,1.0023971796035767,1.0023971796035767,1.0039204359054565,0.0015232869191095233,1.0,1.0,0.0,0.0,0.0,323,36.9879264831543,fresh_online_exploration,12,15
151680,16,1.00196373462677,1.00196373462677,1.0024993419647217,0.0005355501780286431,1.0,1.0,0.0,0.0,0.0,310,36.577980041503906,fresh_online_exploration,12,15
151872,65,1.0032498836517334,1.0032498836517334,1.0063247680664062,0.003074879292398691,1.0,1.0,0.0,0.0,0.0,315,36.79383850097656,fresh_online_exploration,12,15
151968,20,1.0021294355392456,1.0021294355392456,1.0023679733276367,0.0002384339750278741,1.0,1.0,0.0,1.0,0.0,317,36.78319549560547,fresh_online_exploration,12,15
151968,80,1.0037051439285278,1.0037051439285278,1.003804326057434,9.920999582391232e-05,1.0,1.0,0.0,1.0,0.0,312,36.675724029541016,fresh_online_exploration,12,15
152064,56,1.0031317472457886,1.0031317472457886,1.0042897462844849,0.001157980179414153,1.0,1.0,0.0,0.0,0.0,311,36.71269226074219,fresh_online_exploration,12,15
152160,11,1.0038633346557617,1.0038633346557617,1.0040807723999023,0.0002173999382648617,1.0,1.0,0.0,1.0,0.0,310,36.70088577270508,fresh_online_exploration,12,15
152256,18,1.0043748617172241,1.0043748617172241,1.0087779760360718,0.004403171595185995,1.0,1.0,0.0,0.0,0.0,313,36.66530990600586,fresh_online_exploration,12,15
152256,29,1.0038931369781494,1.0038931369781494,1.0040760040283203,0.000182828152901493,1.0,1.0,0.0,0.0,0.0,317,36.78424072265625,fresh_online_exploration,12,15
152352,61,1.0020612478256226,1.0020612478256226,1.0026466846466064,0.0005853893817402422,1.0,1.0,0.0,1.0,0.0,313,36.71464538574219,fresh_online_exploration,12,15
152448,22,1.000617504119873,1.000617504119873,1.0007941722869873,0.0001766454370226711,1.0,1.0,0.0,1.0,0.0,317,36.72200393676758,fresh_online_exploration,12,15
152448,64,1.004893183708191,1.004893183708191,1.0049279928207397,3.480377563391812e-05,1.0,1.0,0.0,1.0,0.0,319,36.77332305908203,fresh_online_exploration,12,15
152448,92,1.0037275552749634,1.0037275552749634,1.0038737058639526,0.0001462108048144728,1.0,1.0,0.0,1.0,0.0,321,36.85877227783203,fresh_online_exploration,12,15
152640,7,1.0019739866256714,1.0019739866256714,1.0021405220031738,0.0001665472809690982,1.0,1.0,0.0,0.0,0.0,313,36.7574577331543,fresh_online_exploration,12,15
152736,6,1.0045208930969238,1.0045208930969238,1.0047929286956787,0.000272105768090114,1.0,1.0,0.0,1.0,0.0,320,36.92151641845703,fresh_online_exploration,12,15
152736,10,1.0057812929153442,1.0057812929153442,1.0058945417404175,0.00011326048115734011,1.0,1.0,0.0,1.0,0.0,317,36.826873779296875,fresh_online_exploration,12,15
152928,79,1.0031471252441406,1.0031471252441406,1.0031712055206299,2.414201844658237e-05,1.0,1.0,0.0,1.0,0.0,317,36.693016052246094,fresh_online_exploration,12,15
152928,83,1.0048493146896362,1.0048493146896362,1.0048658847808838,1.657047869230155e-05,1.0,1.0,0.0,0.0,0.0,311,36.728729248046875,fresh_online_exploration,12,15
153216,33,1.0049712657928467,1.0049712657928467,1.005053162574768,8.188158244593069e-05,1.0,1.0,0.0,1.0,0.0,314,36.78456115722656,fresh_online_exploration,12,15
153504,57,1.001607894897461,1.001607894897461,1.0019042491912842,0.0002963729784823954,1.0,1.0,0.0,1.0,0.0,315,36.72123336791992,fresh_online_exploration,12,15
154176,74,1.0049160718917847,1.0049160718917847,1.0050768852233887,0.0001608471793588251,1.0,1.0,0.0,1.0,0.0,326,36.98421859741211,fresh_online_exploration,12,15
154464,89,1.0032744407653809,1.0032744407653809,1.0033180713653564,4.368160443846136e-05,1.0,1.0,0.0,1.0,0.0,320,36.87458801269531,fresh_online_exploration,12,15
154560,9,1.005533218383789,1.005533218383789,1.005577802658081,4.457480463315733e-05,1.0,1.0,0.0,1.0,0.0,321,36.91277313232422,fresh_online_exploration,12,15
156000,94,1.0015795230865479,1.0015795230865479,1.001808524131775,0.00022899280884303153,1.0,1.0,0.0,1.0,0.0,327,36.96314239501953,fresh_online_exploration,12,15
172512,91,1.0017402172088623,1.0017402172088623,1.0018928050994873,0.0001526030682725832,1.0,1.0,0.0,0.0,0.0,309,36.51895523071289,fresh_online_exploration,14,17
175296,26,1.0029277801513672,1.0029277801513672,1.0049480199813843,0.0020202803425490856,1.0,1.0,0.0,0.0,0.0,300,36.39714431762695,fresh_online_exploration,14,17
175584,31,1.001241683959961,1.001241683959961,1.001251220703125,9.55604173213942e-06,1.0,1.0,0.0,1.0,0.0,313,36.54430389404297,fresh_online_exploration,14,17
175680,62,1.0048037767410278,1.0048037767410278,1.0051579475402832,0.0003541605838108808,1.0,1.0,0.0,0.0,0.0,304,36.468936920166016,fresh_online_exploration,14,17
175872,23,1.0013962984085083,1.0013962984085083,1.0027378797531128,0.0013415587600320578,1.0,1.0,0.0,0.0,0.0,312,36.63414764404297,fresh_online_exploration,14,17
176160,68,1.0031017065048218,1.0031017065048218,1.0035321712493896,0.0004304657632019371,1.0,1.0,0.0,0.0,0.0,307,36.53081512451172,fresh_online_exploration,14,17
176352,39,1.003299355506897,1.003299355506897,1.0034980773925781,0.0001986474235309288,1.0,1.0,0.0,1.0,0.0,310,36.567649841308594,fresh_online_exploration,14,17
176544,90,1.0011370182037354,1.0011370182037354,1.001814365386963,0.000677409814670682,1.0,1.0,0.0,0.0,0.0,313,36.65255355834961,fresh_online_exploration,14,17
176640,37,1.0013316869735718,1.0013316869735718,1.0014089345932007,7.722615555394441e-05,1.0,1.0,0.0,1.0,0.0,308,36.542236328125,fresh_online_exploration,14,17
176736,81,1.0023099184036255,1.0023099184036255,1.010432243347168,0.008122332394123077,1.0,1.0,0.0,0.0,0.0,299,36.37387466430664,fresh_online_exploration,14,17
176928,0,1.0053201913833618,1.0053201913833618,1.0053410530090332,2.0786223103641532e-05,1.0,1.0,0.0,0.0,0.0,311,36.60468673706055,fresh_online_exploration,14,17
177216,17,1.000736951828003,1.000736951828003,1.0008656978607178,0.0001287286140723154,1.0,1.0,0.0,0.0,0.0,301,36.403480529785156,fresh_online_exploration,14,17
177216,82,1.0013906955718994,1.0013906955718994,1.0081796646118164,0.006788996513932943,1.0,1.0,0.0,0.0,0.0,308,36.48802947998047,fresh_online_exploration,14,17
177312,5,1.0035059452056885,1.0035059452056885,1.0035221576690674,1.6307292753481306e-05,1.0,1.0,0.0,0.0,0.0,305,36.48519515991211,fresh_online_exploration,14,17
177312,78,1.0034843683242798,1.0034843683242798,1.01087486743927,0.007390432059764862,1.0,1.0,0.0,0.0,0.0,313,36.6259651184082,fresh_online_exploration,14,17
177408,32,1.0036159753799438,1.0036159753799438,1.0038888454437256,0.00027288339333608747,1.0,1.0,0.0,0.0,0.0,303,36.49480438232422,fresh_online_exploration,14,17
177408,69,1.0015684366226196,1.0015684366226196,1.0016404390335083,7.199256651801988e-05,1.0,1.0,0.0,0.0,0.0,307,36.531471252441406,fresh_online_exploration,14,17
177408,85,1.0010120868682861,1.0010120868682861,1.001062273979187,5.0170539907412603e-05,1.0,1.0,0.0,0.0,0.0,309,36.42107009887695,fresh_online_exploration,14,17
177696,49,1.0028051137924194,1.0028051137924194,1.0063142776489258,0.003509177826344967,1.0,1.0,0.0,0.0,0.0,309,36.60682678222656,fresh_online_exploration,14,17
177792,24,1.0020846128463745,1.0020846128463745,1.0023860931396484,0.0003014040703419596,1.0,1.0,0.0,0.0,0.0,311,36.637088775634766,fresh_online_exploration,14,17
177792,52,1.0030817985534668,1.0030817985534668,1.0030933618545532,1.1513841855048668e-05,1.0,1.0,0.0,0.0,0.0,313,36.5860595703125,fresh_online_exploration,14,17
177888,76,1.0025241374969482,1.0025241374969482,1.0027819871902466,0.0002578539424575865,1.0,1.0,0.0,0.0,0.0,302,36.483665466308594,fresh_online_exploration,14,17
177984,42,1.0029475688934326,1.0029475688934326,1.0029605627059937,1.3045049854554236e-05,1.0,1.0,0.0,1.0,0.0,307,36.638519287109375,fresh_online_exploration,14,17
178080,15,1.005275845527649,1.005275845527649,1.0053365230560303,6.0731581470463425e-05,1.0,1.0,0.0,0.0,0.0,298,36.42533493041992,fresh_online_exploration,14,17
178176,30,1.0030498504638672,1.0030498504638672,1.0051466226577759,0.002096748910844326,1.0,1.0,0.0,0.0,0.0,314,36.668155670166016,fresh_online_exploration,14,17
178368,93,1.0005837678909302,1.0005837678909302,1.0024504661560059,0.0018666737014427781,1.0,1.0,0.0,0.0,0.0,302,36.37879943847656,fresh_online_exploration,14,17
178464,38,1.002016544342041,1.002016544342041,1.006913423538208,0.004896882455796003,1.0,1.0,0.0,0.0,0.0,303,36.41740036010742,fresh_online_exploration,14,17
178464,54,1.0028153657913208,1.0028153657913208,1.0033984184265137,0.0005830945447087288,1.0,1.0,0.0,1.0,0.0,316,36.65209197998047,fresh_online_exploration,14,17
178464,87,1.000606656074524,1.000606656074524,1.0006194114685059,1.2866637007391546e-05,1.0,1.0,0.0,1.0,0.0,312,36.497676849365234,fresh_online_exploration,14,17
178656,3,1.0046330690383911,1.0046330690383911,1.0046498775482178,1.6714431694708765e-05,1.0,1.0,0.0,0.0,0.0,307,36.58654022216797,fresh_online_exploration,14,17
178656,35,1.0024582147598267,1.0024582147598267,1.0025019645690918,4.3719293898902833e-05,1.0,1.0,0.0,0.0,0.0,307,36.51189422607422,fresh_online_exploration,14,17
178656,60,1.0031538009643555,1.0031538009643555,1.0036531686782837,0.0004993508337065578,1.0,1.0,0.0,0.0,0.0,309,36.57017135620117,fresh_online_exploration,14,17
178752,55,1.0041003227233887,1.0041003227233887,1.0145082473754883,0.010407919995486736,1.0,1.0,0.0,0.0,0.0,302,36.47289276123047,fresh_online_exploration,14,17
178848,28,1.0005090236663818,1.0005090236663818,1.0009171962738037,0.0004081450460944325,1.0,1.0,0.0,1.0,0.0,318,36.75722885131836,fresh_online_exploration,14,17
178944,43,1.0028009414672852,1.0028009414672852,1.002813458442688,1.2497785064624622e-05,1.0,1.0,0.0,0.0,0.0,305,36.54917907714844,fresh_online_exploration,14,17
179040,36,1.0019727945327759,1.0019727945327759,1.0021166801452637,0.00014386913971975446,1.0,1.0,0.0,0.0,0.0,311,36.610084533691406,fresh_online_exploration,14,17
179040,44,1.0016862154006958,1.0016862154006958,1.0025465488433838,0.000860318134073168,1.0,1.0,0.0,0.0,0.0,307,36.559288024902344,fresh_online_exploration,14,17
179040,73,1.0019912719726562,1.0019912719726562,1.0020092725753784,1.800450263544917e-05,1.0,1.0,0.0,0.0,0.0,307,36.53825378417969,fresh_online_exploration,14,17
179136,48,1.0003591775894165,1.0003591775894165,1.0004189014434814,5.9742546000052243e-05,1.0,1.0,0.0,0.0,0.0,304,36.326988220214844,fresh_online_exploration,14,17
179232,86,1.0027031898498535,1.0027031898498535,1.0028200149536133,0.00011681466276058927,1.0,1.0,0.0,1.0,0.0,308,36.60913848876953,fresh_online_exploration,14,17
179520,25,1.0040150880813599,1.0040150880813599,1.004087209701538,7.209266914287582e-05,1.0,1.0,0.0,0.0,0.0,306,36.57788848876953,fresh_online_exploration,15,17
179520,50,1.0004802942276,1.0004802942276,1.0009582042694092,0.00047785474453121424,1.0,1.0,0.0,0.0,0.0,316,36.69903564453125,fresh_online_exploration,14,17
179520,58,1.000859260559082,1.000859260559082,1.000986099243164,0.00012683754903264344,1.0,1.0,0.0,1.0,0.0,312,36.64067840576172,fresh_online_exploration,14,17
179616,4,1.0055484771728516,1.0055484771728516,1.0112866163253784,0.005738111212849617,1.0,1.0,0.0,0.0,0.0,311,36.71367645263672,fresh_online_exploration,14,17
179616,88,1.0006804466247559,1.0006804466247559,1.0008087158203125,0.00012824225996155292,1.0,1.0,0.0,1.0,0.0,312,36.608551025390625,fresh_online_exploration,14,17
179808,41,1.005784273147583,1.005784273147583,1.0172394514083862,0.011455047875642776,1.0,1.0,0.0,0.0,0.0,309,36.60824203491211,fresh_online_exploration,15,17
179808,63,1.0011333227157593,1.0011333227157593,1.0012006759643555,6.730670429533347e-05,1.0,1.0,0.0,0.0,0.0,308,36.36057662963867,fresh_online_exploration,15,17
179904,70,1.001055359840393,1.001055359840393,1.0017426013946533,0.0006873537786304951,1.0,1.0,0.0,0.0,0.0,309,36.47313690185547,fresh_online_exploration,15,17
179904,77,1.0057430267333984,1.0057430267333984,1.0060347318649292,0.0002916993689723313,1.0,1.0,0.0,0.0,0.0,312,36.620025634765625,fresh_online_exploration,14,17
180096,46,1.0018160343170166,1.0018160343170166,1.0019618272781372,0.00014576500689145178,1.0,1.0,0.0,0.0,0.0,306,36.49938201904297,fresh_online_exploration,15,18
180192,2,1.005452036857605,1.005452036857605,1.0057587623596191,0.0003066612407565117,1.0,1.0,0.0,1.0,0.0,320,36.80365753173828,fresh_online_exploration,14,18
180192,14,1.0006545782089233,1.0006545782089233,1.0009907484054565,0.00033611885737627745,1.0,1.0,0.0,0.0,0.0,305,36.385650634765625,fresh_online_exploration,15,18
180192,19,1.0045784711837769,1.0045784711837769,1.006070852279663,0.0014923919225111604,1.0,1.0,0.0,0.0,0.0,309,36.68254089355469,fresh_online_exploration,15,18
180288,27,1.0035783052444458,1.0035783052444458,1.0037312507629395,0.00015299276856239885,1.0,1.0,0.0,0.0,0.0,314,36.67267990112305,fresh_online_exploration,15,18
180288,59,1.0040128231048584,1.0040128231048584,1.0040311813354492,1.841935227275826e-05,1.0,1.0,0.0,0.0,0.0,305,36.42048645019531,fresh_online_exploration,15,18
180480,71,1.0037425756454468,1.0037425756454468,1.0038268566131592,8.42324661789462e-05,1.0,1.0,0.0,0.0,0.0,309,36.59856414794922,fresh_online_exploration,15,18
180768,40,1.0037360191345215,1.0037360191345215,1.014744520187378,0.011008420027792454,1.0,1.0,0.0,0.0,0.0,309,36.60408020019531,fresh_online_exploration,15,18
180768,53,1.0055465698242188,1.0055465698242188,1.005721926689148,0.00017532875062897801,1.0,1.0,0.0,1.0,0.0,319,36.83629608154297,fresh_online_exploration,15,18
180768,84,1.0050506591796875,1.0050506591796875,1.0052227973937988,0.00017209956422448158,1.0,1.0,0.0,0.0,0.0,307,36.6070556640625,fresh_online_exploration,15,18
180864,16,1.0051019191741943,1.0051019191741943,1.0156253576278687,0.010523464530706406,1.0,1.0,0.0,0.0,0.0,304,36.53425598144531,fresh_online_exploration,15,18
180864,75,1.0046257972717285,1.0046257972717285,1.0046793222427368,5.3530220611719415e-05,1.0,1.0,0.0,1.0,0.0,314,36.77485275268555,fresh_online_exploration,15,18
180960,12,1.0040366649627686,1.0040366649627686,1.0044803619384766,0.00044360538595356047,1.0,1.0,0.0,0.0,0.0,321,36.8797607421875,fresh_online_exploration,15,18
180960,66,1.0049259662628174,1.0049259662628174,1.0051077604293823,0.00018178769096266478,1.0,1.0,0.0,0.0,0.0,313,36.61697006225586,fresh_online_exploration,15,18
181152,21,1.002414345741272,1.002414345741272,1.0026805400848389,0.00026611986686475575,1.0,1.0,0.0,0.0,0.0,311,36.63475036621094,fresh_online_exploration,15,18
181152,65,1.0051532983779907,1.0051532983779907,1.0062451362609863,0.0010917350882664323,1.0,1.0,0.0,0.0,0.0,305,36.47059631347656,fresh_online_exploration,15,18
181248,11,1.0019875764846802,1.0019875764846802,1.002002239227295,1.4615565305575728e-05,1.0,1.0,0.0,0.0,0.0,303,36.44668960571289,fresh_online_exploration,15,18
181248,51,1.001122236251831,1.001122236251831,1.0011968612670898,7.467155228368938e-05,1.0,1.0,0.0,1.0,0.0,314,36.71087646484375,fresh_online_exploration,15,18
181440,67,1.0029784440994263,1.0029784440994263,1.003272533416748,0.0002939855621661991,1.0,1.0,0.0,1.0,0.0,323,36.84912109375,fresh_online_exploration,15,18
181440,72,1.004580020904541,1.004580020904541,1.0045949220657349,1.4934685168555006e-05,1.0,1.0,0.0,1.0,0.0,318,36.84873962402344,fresh_online_exploration,15,18
181536,13,1.0025277137756348,1.0025277137756348,1.0027263164520264,0.0001986510760616511,1.0,1.0,0.0,1.0,0.0,313,36.629798889160156,fresh_online_exploration,15,18
181728,8,1.0035537481307983,1.0035537481307983,1.0035953521728516,4.164133861195296e-05,1.0,1.0,0.0,1.0,0.0,317,36.752471923828125,fresh_online_exploration,15,18
181728,56,1.0016387701034546,1.0016387701034546,1.0016498565673828,1.1107439604529645e-05,1.0,1.0,0.0,1.0,0.0,309,36.483985900878906,fresh_online_exploration,15,18
181824,45,1.002543330192566,1.002543330192566,1.0027633905410767,0.0002200575836468488,1.0,1.0,0.0,1.0,0.0,324,36.79281234741211,fresh_online_exploration,15,18
181824,80,1.0026895999908447,1.0026895999908447,1.002919316291809,0.00022976333275437355,1.0,1.0,0.0,1.0,0.0,311,36.64967727661133,fresh_online_exploration,15,18
181920,47,1.00258207321167,1.00258207321167,1.0029661655426025,0.00038412190042436123,1.0,1.0,0.0,1.0,0.0,323,36.925865173339844,fresh_online_exploration,15,18
182016,61,1.0043119192123413,1.0043119192123413,1.0044137239456177,0.00010180445678997785,1.0,1.0,0.0,1.0,0.0,309,36.69252014160156,fresh_online_exploration,15,18
182304,34,1.00494384765625,1.00494384765625,1.005220651626587,0.00027672984288074076,1.0,1.0,0.0,1.0,0.0,323,36.956119537353516,fresh_online_exploration,15,18
182304,92,1.005471110343933,1.005471110343933,1.0056371688842773,0.00016600482922513038,1.0,1.0,0.0,1.0,0.0,311,36.709251403808594,fresh_online_exploration,15,18
182400,29,1.0006518363952637,1.0006518363952637,1.0009561777114868,0.00030434952350333333,1.0,1.0,0.0,1.0,0.0,314,36.671260833740234,fresh_online_exploration,15,18
182496,22,1.0009416341781616,1.0009416341781616,1.0009887218475342,4.7081812226679176e-05,1.0,1.0,0.0,1.0,0.0,313,36.640602111816406,fresh_online_exploration,15,18
182496,57,1.0032079219818115,1.0032079219818115,1.0032397508621216,3.186501271557063e-05,1.0,1.0,0.0,0.0,0.0,302,36.37619400024414,fresh_online_exploration,15,18
182592,79,1.0019254684448242,1.0019254684448242,1.001983880996704,5.844529368914664e-05,1.0,1.0,0.0,0.0,0.0,309,36.36150360107422,fresh_online_exploration,15,18
182688,20,1.0022385120391846,1.0022385120391846,1.0023483037948608,0.00010973740427289158,1.0,1.0,0.0,1.0,0.0,320,36.79896926879883,fresh_online_exploration,15,18
182688,95,1.0001322031021118,1.0001322031021118,1.0003701448440552,0.00023793829313945025,1.0,1.0,0.0,1.0,0.0,328,36.93482971191406,fresh_online_exploration,15,18
182880,1,1.0000418424606323,1.0000418424606323,1.0002244710922241,0.00018261045624967664,1.0,1.0,0.0,1.0,0.0,326,36.80574417114258,fresh_online_exploration,15,18
182880,7,1.0029596090316772,1.0029596090316772,1.003258228302002,0.00029863728559575975,1.0,1.0,0.0,0.0,0.0,315,36.697696685791016,fresh_online_exploration,15,18
182880,64,1.0042909383773804,1.0042909383773804,1.0043656826019287,7.467707473551854e-05,1.0,1.0,0.0,1.0,0.0,317,36.7076301574707,fresh_online_exploration,15,18
183456,6,1.0002257823944092,1.0002257823944092,1.0002384185791016,1.2576815606735181e-05,1.0,1.0,0.0,1.0,0.0,320,36.732696533203125,fresh_online_exploration,15,18
183456,10,1.0033576488494873,1.0033576488494873,1.003410816192627,5.317897739587352e-05,1.0,1.0,0.0,1.0,0.0,320,36.76769256591797,fresh_online_exploration,15,18
183840,33,1.0041232109069824,1.0041232109069824,1.0041980743408203,7.476101745851338e-05,1.0,1.0,0.0,1.0,0.0,319,36.86054992675781,fresh_online_exploration,15,18
183936,18,1.0050798654556274,1.0050798654556274,1.0123755931854248,0.00729572307318449,1.0,1.0,0.0,0.0,0.0,330,37.013729095458984,fresh_online_exploration,15,18
184224,83,1.0031920671463013,1.0031920671463013,1.0035516023635864,0.00035953341284766793,1.0,1.0,0.0,1.0,0.0,326,36.97394561767578,fresh_online_exploration,15,18
184416,74,1.0027720928192139,1.0027720928192139,1.0030627250671387,0.00029060308588668704,1.0,1.0,0.0,1.0,0.0,315,36.71399688720703,fresh_online_exploration,15,18
184896,89,1.0059345960617065,1.0059345960617065,1.0064970254898071,0.000562438101042062,1.0,1.0,0.0,1.0,0.0,317,36.714874267578125,fresh_online_exploration,15,18
185760,9,1.0033817291259766,1.0033817291259766,1.0034303665161133,4.871214332524687e-05,1.0,1.0,0.0,1.0,0.0,325,36.902915954589844,fresh_online_exploration,15,18
186720,94,1.0004364252090454,1.0004364252090454,1.00081205368042,0.000375675386749208,1.0,1.0,0.0,1.0,0.0,320,36.78102111816406,fresh_online_exploration,15,18
201504,91,1.0031901597976685,1.0031901597976685,1.0035325288772583,0.00034234335180372,1.0,1.0,0.0,0.0,0.0,302,36.49851608276367,fresh_online_exploration,17,20
204768,62,1.002892017364502,1.002892017364502,1.0029844045639038,9.234972094418481e-05,1.0,1.0,0.0,0.0,0.0,303,36.53483963012695,fresh_online_exploration,17,20
204864,31,1.0033693313598633,1.0033693313598633,1.0038106441497803,0.0004413653223309666,1.0,1.0,0.0,0.0,0.0,305,36.50373077392578,fresh_online_exploration,17,20
205248,26,1.0045009851455688,1.0045009851455688,1.0045247077941895,2.3835960746509954e-05,1.0,1.0,0.0,1.0,0.0,312,36.591224670410156,fresh_online_exploration,17,20
205536,68,1.0056447982788086,1.0056447982788086,1.005876898765564,0.00023217813577502966,1.0,1.0,0.0,0.0,0.0,306,36.58287811279297,fresh_online_exploration,17,20
205632,23,1.0040793418884277,1.0040793418884277,1.004278540611267,0.00019919866463169456,1.0,1.0,0.0,1.0,0.0,310,36.620540618896484,fresh_online_exploration,17,20
206016,90,1.0045031309127808,1.0045031309127808,1.004717469215393,0.00021431961795315146,1.0,1.0,0.0,0.0,0.0,307,36.61751174926758,fresh_online_exploration,17,20
206112,0,1.0006600618362427,1.0006600618362427,1.0007880926132202,0.00012799876276403666,1.0,1.0,0.0,0.0,0.0,304,36.407196044921875,fresh_online_exploration,17,20
206400,39,1.004252552986145,1.004252552986145,1.0044182538986206,0.00016566932026762515,1.0,1.0,0.0,1.0,0.0,313,36.72550964355469,fresh_online_exploration,17,20
206592,17,1.001290202140808,1.001290202140808,1.0013072490692139,1.6994261386571452e-05,1.0,1.0,0.0,0.0,0.0,306,36.53752899169922,fresh_online_exploration,17,20
206592,32,1.0045459270477295,1.0045459270477295,1.0047154426574707,0.00016946114192251116,1.0,1.0,0.0,0.0,0.0,304,36.54942321777344,fresh_online_exploration,17,20
206688,37,1.0032917261123657,1.0032917261123657,1.0033113956451416,1.9723149307537824e-05,1.0,1.0,0.0,1.0,0.0,313,36.69083786010742,fresh_online_exploration,17,20
206688,85,1.0010265111923218,1.0010265111923218,1.0010936260223389,6.715299969073385e-05,1.0,1.0,0.0,0.0,0.0,305,36.3303337097168,fresh_online_exploration,17,20
206784,81,1.0006864070892334,1.0006864070892334,1.0009257793426514,0.00023938396770972759,1.0,1.0,0.0,0.0,0.0,313,36.59215545654297,fresh_online_exploration,17,20
207168,35,1.00428307056427,1.00428307056427,1.0047450065612793,0.0004619607934728265,1.0,1.0,0.0,0.0,0.0,297,36.30656051635742,fresh_online_exploration,17,20
207168,82,1.0027108192443848,1.0027108192443848,1.0099009275436401,0.007190028205513954,1.0,1.0,0.0,0.0,0.0,312,36.675086975097656,fresh_online_exploration,17,20
207168,93,1.000226378440857,1.000226378440857,1.0127644538879395,0.012537967413663864,1.0,1.0,0.0,0.0,0.0,300,36.32505416870117,fresh_online_exploration,17,20
207264,49,1.0056321620941162,1.0056321620941162,1.0131964683532715,0.0075641172006726265,1.0,1.0,0.0,0.0,0.0,308,36.6008415222168,fresh_online_exploration,17,20
207456,69,1.0001672506332397,1.0001672506332397,1.00043785572052,0.00027062659501098096,1.0,1.0,0.0,1.0,0.0,313,36.58763885498047,fresh_online_exploration,17,20
207456,76,1.0022289752960205,1.0022289752960205,1.0023393630981445,0.00011036327487090603,1.0,1.0,0.0,0.0,0.0,308,36.45111846923828,fresh_online_exploration,17,20
207552,24,1.002449631690979,1.002449631690979,1.002502202987671,5.25828218087554e-05,1.0,1.0,0.0,0.0,0.0,310,36.6068229675293,fresh_online_exploration,17,20
207552,78,1.0002264976501465,1.0002264976501465,1.0082271099090576,0.008000647649168968,1.0,1.0,0.0,0.0,0.0,315,36.70226287841797,fresh_online_exploration,17,20
207648,52,1.001487135887146,1.001487135887146,1.0015918016433716,0.00010465402010595426,1.0,1.0,0.0,1.0,0.0,311,36.50279998779297,fresh_online_exploration,17,20
207648,54,1.0020511150360107,1.0020511150360107,1.002242922782898,0.00019185227574780583,1.0,1.0,0.0,0.0,0.0,304,36.38795471191406,fresh_online_exploration,17,20
207744,55,1.0035892724990845,1.0035892724990845,1.012615442276001,0.00902616884559393,1.0,1.0,0.0,0.0,0.0,302,36.38898849487305,fresh_online_exploration,17,20
207936,60,1.0051137208938599,1.0051137208938599,1.0052382946014404,0.00012450705980882049,1.0,1.0,0.0,0.0,0.0,305,36.482120513916016,fresh_online_exploration,17,20
208128,44,1.0025718212127686,1.0025718212127686,1.0026881694793701,0.0001163105116575025,1.0,1.0,0.0,0.0,0.0,303,36.4806022644043,fresh_online_exploration,17,20
208128,87,1.0026037693023682,1.0026037693023682,1.002615213394165,1.1393055501685012e-05,1.0,1.0,0.0,0.0,0.0,309,36.50524139404297,fresh_online_exploration,17,20
208224,5,1.0047856569290161,1.0047856569290161,1.0048267841339111,4.118263314012438e-05,1.0,1.0,0.0,1.0,0.0,322,36.81850814819336,fresh_online_exploration,17,20
208224,36,1.0041189193725586,1.0041189193725586,1.0074429512023926,0.003324011107906699,1.0,1.0,0.0,0.0,0.0,304,36.490379333496094,fresh_online_exploration,17,20
208320,38,1.0016626119613647,1.0016626119613647,1.002064824104309,0.00040219363290816545,1.0,1.0,0.0,0.0,0.0,311,36.51577377319336,fresh_online_exploration,17,20
208608,15,1.0042023658752441,1.0042023658752441,1.0047693252563477,0.0005668927333317697,1.0,1.0,0.0,1.0,0.0,318,36.803218841552734,fresh_online_exploration,17,20
208704,3,1.003551721572876,1.003551721572876,1.0035686492919922,1.6903059076867066e-05,1.0,1.0,0.0,1.0,0.0,313,36.61023712158203,fresh_online_exploration,17,20
208704,30,1.0015230178833008,1.0015230178833008,1.0041494369506836,0.0026263610925525427,1.0,1.0,0.0,0.0,0.0,318,36.81599807739258,fresh_online_exploration,17,20
208704,48,1.0057926177978516,1.0057926177978516,1.005964756011963,0.00017205077165272087,1.0,1.0,0.0,0.0,0.0,308,36.65240478515625,fresh_online_exploration,17,20
208800,58,1.0019879341125488,1.0019879341125488,1.0135776996612549,0.011589767411351204,1.0,1.0,0.0,0.0,0.0,305,36.435848236083984,fresh_online_exploration,17,20
208896,73,1.003300666809082,1.003300666809082,1.0036084651947021,0.0003078463487327099,1.0,1.0,0.0,0.0,0.0,311,36.617401123046875,fresh_online_exploration,17,20
208992,86,1.0056198835372925,1.0056198835372925,1.00563645362854,1.6581645468249917e-05,1.0,1.0,0.0,0.0,0.0,310,36.661643981933594,fresh_online_exploration,17,20
209280,43,1.003075122833252,1.003075122833252,1.0030851364135742,1.0107370144396555e-05,1.0,1.0,0.0,1.0,0.0,316,36.74944305419922,fresh_online_exploration,17,20
209376,42,1.0037869215011597,1.0037869215011597,1.0039902925491333,0.00020337455498520285,1.0,1.0,0.0,1.0,0.0,327,36.99432373046875,fresh_online_exploration,17,20
209568,25,1.0053457021713257,1.0053457021713257,1.0053623914718628,1.6689715266693383e-05,1.0,1.0,0.0,1.0,0.0,313,36.76225662231445,fresh_online_exploration,17,20
209760,41,1.0010218620300293,1.0010218620300293,1.012401819229126,0.011380008421838284,1.0,1.0,0.0,0.0,0.0,312,36.64141845703125,fresh_online_exploration,17,20
209760,63,1.0066840648651123,1.0066840648651123,1.0067012310028076,1.7187747289426625e-05,1.0,1.0,0.0,1.0,0.0,312,36.787418365478516,fresh_online_exploration,17,20
209760,77,1.0015478134155273,1.0015478134155273,1.0017248392105103,0.0001770323870005086,1.0,1.0,0.0,0.0,0.0,311,36.60641860961914,fresh_online_exploration,17,20
209856,4,1.001185655593872,1.001185655593872,1.009924292564392,0.008738584816455841,1.0,1.0,0.0,0.0,0.0,315,36.73972702026367,fresh_online_exploration,17,20
209856,88,1.0049824714660645,1.0049824714660645,1.0049962997436523,1.3829564522893634e-05,1.0,1.0,0.0,1.0,0.0,315,36.73193359375,fresh_online_exploration,17,20
209952,53,1.003670334815979,1.003670334815979,1.0039525032043457,0.0002821268863044679,1.0,1.0,0.0,0.0,0.0,304,36.54688262939453,fresh_online_exploration,18,20
209952,70,1.0030595064163208,1.0030595064163208,1.0034492015838623,0.0003896359703503549,1.0,1.0,0.0,1.0,0.0,313,36.72101593017578,fresh_online_exploration,17,20
210048,50,1.0027682781219482,1.0027682781219482,1.002924919128418,0.00015663713566027582,1.0,1.0,0.0,1.0,0.0,318,36.7210578918457,fresh_online_exploration,17,20
210144,27,1.0042542219161987,1.0042542219161987,1.0042705535888672,1.641861308598891e-05,1.0,1.0,0.0,1.0,0.0,311,36.63237380981445,fresh_online_exploration,18,21
210144,28,1.00593900680542,1.00593900680542,1.0060746669769287,0.00013555827899836004,1.0,1.0,0.0,1.0,0.0,326,36.98485565185547,fresh_online_exploration,17,21
210144,46,1.00319242477417,1.00319242477417,1.0032095909118652,1.7176824258058332e-05,1.0,1.0,0.0,0.0,0.0,313,36.68297576904297,fresh_online_exploration,18,21
210240,14,1.0044282674789429,1.0044282674789429,1.0045697689056396,0.0001415771257597953,1.0,1.0,0.0,1.0,0.0,313,36.72016906738281,fresh_online_exploration,18,21
210432,2,1.000405192375183,1.000405192375183,1.0006942749023438,0.00028903642669320107,1.0,1.0,0.0,0.0,0.0,315,36.70199203491211,fresh_online_exploration,18,21
210432,71,1.0006074905395508,1.0006074905395508,1.0009500980377197,0.00034259981475770473,1.0,1.0,0.0,0.0,0.0,312,36.618629455566406,fresh_online_exploration,18,21
210624,21,1.0019688606262207,1.0019688606262207,1.0020601749420166,9.140604379354045e-05,1.0,1.0,0.0,0.0,0.0,307,36.58568572998047,fresh_online_exploration,18,21
210720,40,1.0041831731796265,1.0041831731796265,1.0049686431884766,0.0007854392169974744,1.0,1.0,0.0,0.0,0.0,312,36.662620544433594,fresh_online_exploration,18,21
210720,84,1.0060102939605713,1.0060102939605713,1.0060265064239502,1.6226651496253908e-05,1.0,1.0,0.0,1.0,0.0,312,36.681678771972656,fresh_online_exploration,18,21
210912,19,1.0031579732894897,1.0031579732894897,1.0116095542907715,0.008451643399894238,1.0,1.0,0.0,0.0,0.0,320,36.754119873046875,fresh_online_exploration,18,21
211008,12,1.000006079673767,1.000006079673767,1.000159502029419,0.00015351960610132664,1.0,1.0,0.0,1.0,0.0,313,36.544795989990234,fresh_online_exploration,18,21
211008,61,1.0044599771499634,1.0044599771499634,1.004525899887085,6.590359407709911e-05,1.0,1.0,0.0,0.0,0.0,302,36.53384780883789,fresh_online_exploration,18,21
211104,16,1.0012708902359009,1.0012708902359009,1.0039775371551514,0.0027066764887422323,1.0,1.0,0.0,0.0,0.0,315,36.72227096557617,fresh_online_exploration,18,21
211200,67,1.004047155380249,1.004047155380249,1.0089125633239746,0.004865351133048534,1.0,1.0,0.0,0.0,0.0,310,36.59345245361328,fresh_online_exploration,18,21
211296,59,1.0014508962631226,1.0014508962631226,1.002577543258667,0.001126686343923211,1.0,1.0,0.0,0.0,0.0,323,36.82884216308594,fresh_online_exploration,18,21
211296,66,1.0025631189346313,1.0025631189346313,1.0030381679534912,0.0004750503576360643,1.0,1.0,0.0,0.0,0.0,316,36.78253936767578,fresh_online_exploration,18,21
211296,72,1.0051897764205933,1.0051897764205933,1.005234718322754,4.494297900237143e-05,1.0,1.0,0.0,0.0,0.0,311,36.66497039794922,fresh_online_exploration,18,21
211296,75,1.0018435716629028,1.0018435716629028,1.0022639036178589,0.00042035605292767286,1.0,1.0,0.0,1.0,0.0,317,36.67359924316406,fresh_online_exploration,18,21
211392,56,1.0008487701416016,1.0008487701416016,1.001305341720581,0.0004565850831568241,1.0,1.0,0.0,0.0,0.0,309,36.405826568603516,fresh_online_exploration,18,21
211488,45,1.0029244422912598,1.0029244422912598,1.002934217453003,9.77914623945253e-06,1.0,1.0,0.0,1.0,0.0,309,36.42889404296875,fresh_online_exploration,18,21
211584,11,1.0044119358062744,1.0044119358062744,1.0048558712005615,0.000443882163381204,1.0,1.0,0.0,1.0,0.0,316,36.83339309692383,fresh_online_exploration,18,21
211584,65,1.004618525505066,1.004618525505066,1.0071203708648682,0.002501878421753645,1.0,1.0,0.0,0.0,0.0,317,36.79840087890625,fresh_online_exploration,18,21
211680,51,1.0035204887390137,1.0035204887390137,1.0039952993392944,0.0004748330102302134,1.0,1.0,0.0,1.0,0.0,317,36.75229263305664,fresh_online_exploration,18,21
211776,80,1.0014526844024658,1.0014526844024658,1.0015487670898438,9.606028470443562e-05,1.0,1.0,0.0,1.0,0.0,312,36.580142974853516,fresh_online_exploration,18,21
212064,22,1.0047963857650757,1.0047963857650757,1.0048811435699463,8.481970871798694e-05,1.0,1.0,0.0,0.0,0.0,308,36.57008361816406,fresh_online_exploration,18,21
212160,7,1.0055558681488037,1.0055558681488037,1.00584876537323,0.0002928785397671163,1.0,1.0,0.0,0.0,0.0,305,36.463287353515625,fresh_online_exploration,18,21
212160,13,1.0009057521820068,1.0009057521820068,1.0012402534484863,0.00033443619031459093,1.0,1.0,0.0,1.0,0.0,319,36.7073974609375,fresh_online_exploration,18,21
212352,8,1.0045685768127441,1.0045685768127441,1.004659652709961,9.102887270273641e-05,1.0,1.0,0.0,1.0,0.0,319,36.84375,fresh_online_exploration,18,21
212352,20,1.0004554986953735,1.0004554986953735,1.0005052089691162,4.978929428034462e-05,1.0,1.0,0.0,0.0,0.0,309,36.591949462890625,fresh_online_exploration,18,21
212544,10,1.003317952156067,1.003317952156067,1.0033695697784424,5.159297143109143e-05,1.0,1.0,0.0,0.0,0.0,303,36.40165710449219,fresh_online_exploration,18,21
212544,34,1.0016127824783325,1.0016127824783325,1.0021328926086426,0.0005200512241572142,1.0,1.0,0.0,0.0,0.0,315,36.78364562988281,fresh_online_exploration,18,21
212544,47,1.003521203994751,1.003521203994751,1.0038979053497314,0.00037674428313039243,1.0,1.0,0.0,0.0,0.0,319,36.64365005493164,fresh_online_exploration,18,21
212544,79,1.0035521984100342,1.0035521984100342,1.0036778450012207,0.00012572029663715512,1.0,1.0,0.0,0.0,0.0,312,36.511112213134766,fresh_online_exploration,18,21
212736,57,1.0020337104797363,1.0020337104797363,1.0020432472229004,9.514451448922046e-06,1.0,1.0,0.0,1.0,0.0,315,36.58019256591797,fresh_online_exploration,18,21
212832,64,1.0035293102264404,1.0035293102264404,1.0040569305419922,0.0005277316668070853,1.0,1.0,0.0,0.0,0.0,312,36.73112106323242,fresh_online_exploration,18,21
213024,29,1.0048925876617432,1.0048925876617432,1.005058765411377,0.00016620923997834325,1.0,1.0,0.0,0.0,0.0,319,36.82328796386719,fresh_online_exploration,18,21
213024,92,1.0028390884399414,1.0028390884399414,1.003245234489441,0.000406140461564064,1.0,1.0,0.0,1.0,0.0,320,36.846900939941406,fresh_online_exploration,18,21
213216,95,1.0035252571105957,1.0035252571105957,1.003739356994629,0.0002141563018085435,1.0,1.0,0.0,1.0,0.0,318,36.74382781982422,fresh_online_exploration,18,21
213888,33,1.0043057203292847,1.0043057203292847,1.0043220520019531,1.639594484004192e-05,1.0,1.0,0.0,1.0,0.0,313,36.70097351074219,fresh_online_exploration,18,21
214560,18,1.0028784275054932,1.0028784275054932,1.0089001655578613,0.006021751556545496,1.0,1.0,0.0,0.0,0.0,319,36.83666229248047,fresh_online_exploration,18,21
214656,6,1.0023404359817505,1.0023404359817505,1.0025553703308105,0.00021487286721821874,1.0,1.0,0.0,1.0,0.0,325,36.86542892456055,fresh_online_exploration,18,21
214752,1,1.003929615020752,1.003929615020752,1.0042316913604736,0.00030208396492525935,1.0,1.0,0.0,1.0,0.0,332,37.077659606933594,fresh_online_exploration,18,21
215136,83,1.0031406879425049,1.0031406879425049,1.0036766529083252,0.0005359026836231351,1.0,1.0,0.0,1.0,0.0,322,36.70977783203125,fresh_online_exploration,18,21
215520,89,1.0031789541244507,1.0031789541244507,1.0031983852386475,1.9419192540226504e-05,1.0,1.0,0.0,1.0,0.0,319,36.761131286621094,fresh_online_exploration,18,21
215616,74,1.004380702972412,1.004380702972412,1.0046577453613281,0.00027701412909664214,1.0,1.0,0.0,0.0,0.0,325,36.905982971191406,fresh_online_exploration,18,21
216480,94,1.0062652826309204,1.0062652826309204,1.0062921047210693,2.685644903976936e-05,1.0,1.0,0.0,0.0,0.0,310,36.58810806274414,fresh_online_exploration,18,21
217248,9,1.0022417306900024,1.0022417306900024,1.002637267112732,0.0003955165157094598,1.0,1.0,0.0,1.0,0.0,328,36.95278549194336,fresh_online_exploration,18,21
230880,91,1.0049225091934204,1.0049225091934204,1.0050610303878784,0.00013847074296791106,1.0,1.0,0.0,0.0,0.0,306,36.634544372558594,fresh_online_exploration,20,23
234048,31,1.0010122060775757,1.0010122060775757,1.0010218620300293,9.57973679760471e-06,1.0,1.0,0.0,0.0,0.0,304,36.418216705322266,fresh_online_exploration,20,23
234336,62,1.0040009021759033,1.0040009021759033,1.0040159225463867,1.5006180547061376e-05,1.0,1.0,0.0,0.0,0.0,308,36.52742004394531,fresh_online_exploration,20,23
234528,68,1.0029276609420776,1.0029276609420776,1.003471851348877,0.000544198730494827,1.0,1.0,0.0,0.0,0.0,302,36.40129470825195,fresh_online_exploration,20,23
234720,26,1.0013160705566406,1.0013160705566406,1.0013841390609741,6.804448639741167e-05,1.0,1.0,0.0,0.0,0.0,307,36.43663787841797,fresh_online_exploration,20,23
234912,23,1.0013757944107056,1.0013757944107056,1.0013928413391113,1.7117210518335924e-05,1.0,1.0,0.0,0.0,0.0,305,36.47190856933594,fresh_online_exploration,20,23
235392,90,1.0035619735717773,1.0035619735717773,1.0037199258804321,0.00015795760555192828,1.0,1.0,0.0,0.0,0.0,306,36.52321243286133,fresh_online_exploration,20,23
235488,39,1.003611445426941,1.003611445426941,1.0037460327148438,0.00013453846622724086,1.0,1.0,0.0,0.0,0.0,303,36.496192932128906,fresh_online_exploration,20,23
235680,0,1.0023924112319946,1.0023924112319946,1.0024528503417969,6.03645239607431e-05,1.0,1.0,0.0,1.0,0.0,308,36.58602523803711,fresh_online_exploration,20,23
236160,32,1.003487229347229,1.003487229347229,1.0036137104034424,0.00012644199887290597,1.0,1.0,0.0,0.0,0.0,308,36.61002731323242,fresh_online_exploration,20,23
236352,17,1.0012407302856445,1.0012407302856445,1.0013529062271118,0.0001121627283282578,1.0,1.0,0.0,1.0,0.0,310,36.55366516113281,fresh_online_exploration,20,23
236352,81,1.0004335641860962,1.0004335641860962,1.0026495456695557,0.0022160164080560207,1.0,1.0,0.0,0.0,0.0,308,36.52318572998047,fresh_online_exploration,20,23
236352,93,1.001520037651062,1.001520037651062,1.0015954971313477,7.543711399193853e-05,1.0,1.0,0.0,0.0,0.0,304,36.47710418701172,fresh_online_exploration,20,23
236448,54,1.0023576021194458,1.0023576021194458,1.002414584159851,5.695662184734829e-05,1.0,1.0,0.0,0.0,0.0,300,36.463932037353516,fresh_online_exploration,20,23
236544,37,1.0055137872695923,1.0055137872695923,1.0059010982513428,0.00038729608058929443,1.0,1.0,0.0,0.0,0.0,311,36.750816345214844,fresh_online_exploration,20,23
236736,24,1.0011885166168213,1.0011885166168213,1.0012037754058838,1.5263756722561084e-05,1.0,1.0,0.0,0.0,0.0,304,36.49315643310547,fresh_online_exploration,20,23
236832,35,1.00163733959198,1.00163733959198,1.0137097835540771,0.012072469107806683,1.0,1.0,0.0,0.0,0.0,309,36.57156753540039,fresh_online_exploration,20,23
236832,76,1.0040783882141113,1.0040783882141113,1.0041241645812988,4.585043279803358e-05,1.0,1.0,0.0,0.0,0.0,306,36.515350341796875,fresh_online_exploration,20,23
236832,85,1.002173662185669,1.002173662185669,1.0022809505462646,0.00010731678048614413,1.0,1.0,0.0,1.0,0.0,314,36.66276550292969,fresh_online_exploration,20,23
237024,38,1.0020115375518799,1.0020115375518799,1.006585717201233,0.004574266262352467,1.0,1.0,0.0,0.0,0.0,299,36.3503532409668,fresh_online_exploration,20,23
237024,69,1.0039303302764893,1.0039303302764893,1.0040867328643799,0.00015634653391316533,1.0,1.0,0.0,0.0,0.0,308,36.5350341796875,fresh_online_exploration,20,23
237024,82,1.0005474090576172,1.0005474090576172,1.0107108354568481,0.010163402184844017,1.0,1.0,0.0,0.0,0.0,311,36.645660400390625,fresh_online_exploration,20,23
237120,44,1.003411889076233,1.003411889076233,1.0035266876220703,0.00011487698066048324,1.0,1.0,0.0,0.0,0.0,302,36.449493408203125,fresh_online_exploration,20,23
237504,60,1.001893162727356,1.001893162727356,1.0022873878479004,0.00039418810047209263,1.0,1.0,0.0,0.0,0.0,308,36.59075164794922,fresh_online_exploration,20,23
237504,73,1.0049067735671997,1.0049067735671997,1.0052218437194824,0.0003149551630485803,1.0,1.0,0.0,0.0,0.0,298,36.432106018066406,fresh_online_exploration,20,23
237600,49,1.0045337677001953,1.0045337677001953,1.0100841522216797,0.005550330970436335,1.0,1.0,0.0,0.0,0.0,316,36.79314422607422,fresh_online_exploration,20,23
237696,78,1.0024343729019165,1.0024343729019165,1.0117192268371582,0.00928491447120905,1.0,1.0,0.0,0.0,0.0,314,36.69981384277344,fresh_online_exploration,20,23
237984,3,1.0034514665603638,1.0034514665603638,1.0036457777023315,0.00019430520478636026,1.0,1.0,0.0,0.0,0.0,305,36.57149124145508,fresh_online_exploration,20,23
237984,58,1.003479242324829,1.003479242324829,1.0151911973953247,0.011711898259818554,1.0,1.0,0.0,0.0,0.0,304,36.477169036865234,fresh_online_exploration,20,23
237984,87,1.0030018091201782,1.0030018091201782,1.0031144618988037,0.00011272271513007581,1.0,1.0,0.0,1.0,0.0,311,36.558570861816406,fresh_online_exploration,20,23
238176,55,1.0034089088439941,1.0034089088439941,1.0035834312438965,0.000174563261680305,1.0,1.0,0.0,1.0,0.0,317,36.68107604980469,fresh_online_exploration,20,23
238368,30,1.0006746053695679,1.0006746053695679,1.0009610652923584,0.0002865408605430275,1.0,1.0,0.0,0.0,0.0,309,36.55112838745117,fresh_online_exploration,20,23
238368,36,1.0014716386795044,1.0014716386795044,1.0015625953674316,9.102046897169203e-05,1.0,1.0,0.0,1.0,0.0,314,36.70021438598633,fresh_online_exploration,20,23
238368,42,1.001503825187683,1.001503825187683,1.001577615737915,7.380349416052923e-05,1.0,1.0,0.0,0.0,0.0,302,36.43598175048828,fresh_online_exploration,20,23
238368,48,1.0024924278259277,1.0024924278259277,1.0025029182434082,1.0429665053379722e-05,1.0,1.0,0.0,1.0,0.0,309,36.527198791503906,fresh_online_exploration,20,23
238464,52,1.0055246353149414,1.0055246353149414,1.0056653022766113,0.00014065411232877523,1.0,1.0,0.0,1.0,0.0,321,36.85723114013672,fresh_online_exploration,20,23
238656,5,1.001266598701477,1.001266598701477,1.0015552043914795,0.00028862463659606874,1.0,1.0,0.0,1.0,0.0,317,36.70039749145508,fresh_online_exploration,20,23
238656,25,1.0031214952468872,1.0031214952468872,1.0032010078430176,7.944879325805232e-05,1.0,1.0,0.0,0.0,0.0,303,36.528099060058594,fresh_online_exploration,20,23
238752,86,1.0014568567276,1.0014568567276,1.0019515752792358,0.0004946952685713768,1.0,1.0,0.0,0.0,0.0,310,36.44070053100586,fresh_online_exploration,20,23
238944,14,1.0032312870025635,1.0032312870025635,1.00337815284729,0.000146870210301131,1.0,1.0,0.0,0.0,0.0,299,36.40633010864258,fresh_online_exploration,21,23
238944,15,1.0019241571426392,1.0019241571426392,1.0022248029708862,0.0003006292099598795,1.0,1.0,0.0,0.0,0.0,316,36.796329498291016,fresh_online_exploration,20,23
239328,50,1.0017117261886597,1.0017117261886597,1.0017273426055908,1.5551322576357052e-05,1.0,1.0,0.0,0.0,0.0,305,36.384376525878906,fresh_online_exploration,20,23
239424,41,1.0044584274291992,1.0044584274291992,1.0095356702804565,0.00507725216448307,1.0,1.0,0.0,0.0,0.0,309,36.550575256347656,fresh_online_exploration,20,23
239616,77,1.0000872611999512,1.0000872611999512,1.0000975131988525,1.028908900480019e-05,1.0,1.0,0.0,1.0,0.0,311,36.57357406616211,fresh_online_exploration,20,23
239712,70,1.0028246641159058,1.0028246641159058,1.0031170845031738,0.000292324461042881,1.0,1.0,0.0,0.0,0.0,310,36.6450309753418,fresh_online_exploration,20,23
239808,27,1.0008165836334229,1.0008165836334229,1.0011606216430664,0.00034405008773319423,1.0,1.0,0.0,0.0,0.0,309,36.5909538269043,fresh_online_exploration,21,23
239808,53,1.0024278163909912,1.0024278163909912,1.0024493932724,2.1588788513327017e-05,1.0,1.0,0.0,1.0,0.0,311,36.595455169677734,fresh_online_exploration,20,23
240000,28,1.0012928247451782,1.0012928247451782,1.0013079643249512,1.5051509762997739e-05,1.0,1.0,0.0,1.0,0.0,311,36.565940856933594,fresh_online_exploration,21,23
240000,88,1.0010164976119995,1.0010164976119995,1.0011374950408936,0.00012100294406991452,1.0,1.0,0.0,1.0,0.0,314,36.576595306396484,fresh_online_exploration,20,23
240192,4,1.003090262413025,1.003090262413025,1.0087981224060059,0.0057079684920609,1.0,1.0,0.0,0.0,0.0,316,36.754390716552734,fresh_online_exploration,20,24
240384,43,1.002922534942627,1.002922534942627,1.0030380487442017,0.00011552367504918948,1.0,1.0,0.0,1.0,0.0,324,36.84263610839844,fresh_online_exploration,20,24
240384,71,1.0024789571762085,1.0024789571762085,1.0027031898498535,0.0002241843321826309,1.0,1.0,0.0,0.0,0.0,312,36.66030502319336,fresh_online_exploration,21,24
240480,40,1.0042815208435059,1.0042815208435059,1.0042915344238281,9.959042472473811e-06,1.0,1.0,0.0,0.0,0.0,310,36.61347198486328,fresh_online_exploration,21,24
240480,59,1.0009174346923828,1.0009174346923828,1.0012171268463135,0.0002997538831550628,1.0,1.0,0.0,0.0,0.0,304,36.43425750732422,fresh_online_exploration,21,24
240480,67,1.004043459892273,1.004043459892273,1.0041580200195312,0.00011450257443357259,1.0,1.0,0.0,0.0,0.0,305,36.48445129394531,fresh_online_exploration,21,24
240672,12,1.000550389289856,1.000550389289856,1.0008552074432373,0.0003047819482162595,1.0,1.0,0.0,0.0,0.0,309,36.45738220214844,fresh_online_exploration,21,24
240672,46,1.0054397583007812,1.0054397583007812,1.0056993961334229,0.00025968445697799325,1.0,1.0,0.0,1.0,0.0,318,36.71625518798828,fresh_online_exploration,21,24
240672,84,1.0031439065933228,1.0031439065933228,1.0031592845916748,1.53252731251996e-05,1.0,1.0,0.0,1.0,0.0,312,36.63264846801758,fresh_online_exploration,21,24
240768,63,1.004050374031067,1.004050374031067,1.0041804313659668,0.00013011720147915184,1.0,1.0,0.0,1.0,0.0,323,36.93113327026367,fresh_online_exploration,20,24
240864,2,1.0027756690979004,1.0027756690979004,1.0035299062728882,0.0007542652310803533,1.0,1.0,0.0,1.0,0.0,317,36.82155990600586,fresh_online_exploration,21,24
241056,21,1.0034739971160889,1.0034739971160889,1.0037040710449219,0.00023011172015685588,1.0,1.0,0.0,1.0,0.0,317,36.74519348144531,fresh_online_exploration,21,24
241056,80,1.00310480594635,1.00310480594635,1.0031667947769165,6.200098141562194e-05,1.0,1.0,0.0,0.0,0.0,305,36.35636520385742,fresh_online_exploration,21,24
241248,16,1.0048178434371948,1.0048178434371948,1.0063574314117432,0.0015395276714116335,1.0,1.0,0.0,0.0,0.0,314,36.709449768066406,fresh_online_exploration,21,24
241440,66,1.0008103847503662,1.0008103847503662,1.0011247396469116,0.00031438571750186384,1.0,1.0,0.0,1.0,0.0,314,36.74250793457031,fresh_online_exploration,21,24
241536,19,1.0037039518356323,1.0037039518356323,1.0038120746612549,0.00010807922080857679,1.0,1.0,0.0,1.0,0.0,319,36.81895065307617,fresh_online_exploration,21,24
241536,56,1.003996729850769,1.003996729850769,1.0044114589691162,0.0004147116851527244,1.0,1.0,0.0,0.0,0.0,314,36.640037536621094,fresh_online_exploration,21,24
241632,11,1.0007567405700684,1.0007567405700684,1.0008269548416138,7.019860640866682e-05,1.0,1.0,0.0,1.0,0.0,313,36.667198181152344,fresh_online_exploration,21,24
241632,61,1.0041656494140625,1.0041656494140625,1.0043537616729736,0.00018815879593603313,1.0,1.0,0.0,1.0,0.0,319,36.73880386352539,fresh_online_exploration,21,24
241632,65,1.0005359649658203,1.0005359649658203,1.0039502382278442,0.0034142762888222933,1.0,1.0,0.0,0.0,0.0,313,36.65634536743164,fresh_online_exploration,21,24
241920,45,1.0042091608047485,1.0042091608047485,1.0043301582336426,0.00012102183245588094,1.0,1.0,0.0,1.0,0.0,317,36.80172348022461,fresh_online_exploration,21,24
241920,64,1.003514051437378,1.003514051437378,1.0035521984100342,3.8126650906633586e-05,1.0,1.0,0.0,0.0,0.0,303,36.46159744262695,fresh_online_exploration,21,24
241920,75,1.001379370689392,1.001379370689392,1.0013962984085083,1.689827513473574e-05,1.0,1.0,0.0,1.0,0.0,319,36.68260955810547,fresh_online_exploration,21,24
242016,7,1.001879096031189,1.001879096031189,1.002122402191162,0.00024322379613295197,1.0,1.0,0.0,1.0,0.0,311,36.63715362548828,fresh_online_exploration,21,24
242208,20,1.0006535053253174,1.0006535053253174,1.0007216930389404,6.815783126512542e-05,1.0,1.0,0.0,1.0,0.0,311,36.59332275390625,fresh_online_exploration,21,24
242208,57,1.0007691383361816,1.0007691383361816,1.0008364915847778,6.730211316607893e-05,1.0,1.0,0.0,0.0,0.0,307,36.477149963378906,fresh_online_exploration,21,24
242304,51,1.0053269863128662,1.0053269863128662,1.0053744316101074,4.746170452563092e-05,1.0,1.0,0.0,1.0,0.0,319,36.83848190307617,fresh_online_exploration,21,24
242304,72,1.003476619720459,1.003476619720459,1.0045695304870605,0.0010928558185696602,1.0,1.0,0.0,0.0,0.0,323,36.830421447753906,fresh_online_exploration,21,24
242400,34,1.0004209280014038,1.0004209280014038,1.0004303455352783,9.437052540306468e-06,1.0,1.0,0.0,1.0,0.0,311,36.59386444091797,fresh_online_exploration,21,24
242496,8,1.0037214756011963,1.0037214756011963,1.0039665699005127,0.0002451857435517013,1.0,1.0,0.0,0.0,0.0,314,36.60889434814453,fresh_online_exploration,21,24
242592,29,1.004594087600708,1.004594087600708,1.0048787593841553,0.00028470862889662385,1.0,1.0,0.0,0.0,0.0,308,36.61052322387695,fresh_online_exploration,21,24
242688,79,1.0032970905303955,1.0032970905303955,1.0038020610809326,0.0005049117025919259,1.0,1.0,0.0,0.0,0.0,314,36.61935043334961,fresh_online_exploration,21,24
242784,22,1.0006301403045654,1.0006301403045654,1.0007758140563965,0.0001457381440559402,1.0,1.0,0.0,1.0,0.0,320,36.653228759765625,fresh_online_exploration,21,24
242976,10,1.003740668296814,1.003740668296814,1.003896713256836,0.00015602880739606917,1.0,1.0,0.0,1.0,0.0,317,36.794410705566406,fresh_online_exploration,21,24
243072,13,1.0006171464920044,1.0006171464920044,1.001295804977417,0.000678663665894419,1.0,1.0,0.0,1.0,0.0,322,36.85348892211914,fresh_online_exploration,21,24
243456,95,1.0007778406143188,1.0007778406143188,1.0009489059448242,0.000171116174897179,1.0,1.0,0.0,1.0,0.0,315,36.672454833984375,fresh_online_exploration,21,24
243648,33,1.0026054382324219,1.0026054382324219,1.0026767253875732,7.133706822060049e-05,1.0,1.0,0.0,0.0,0.0,310,36.56108856201172,fresh_online_exploration,21,24
243648,47,1.0025832653045654,1.0025832653045654,1.0027918815612793,0.00020858489733655006,1.0,1.0,0.0,1.0,0.0,324,36.90475845336914,fresh_online_exploration,21,24
243648,92,1.0025672912597656,1.0025672912597656,1.0028526782989502,0.00028539058985188603,1.0,1.0,0.0,1.0,0.0,319,36.74543762207031,fresh_online_exploration,21,24
244320,18,1.0033372640609741,1.0033372640609741,1.003873586654663,0.0005363397649489343,1.0,1.0,0.0,0.0,0.0,310,36.572486877441406,fresh_online_exploration,21,24
245280,83,1.0052448511123657,1.0052448511123657,1.005471110343933,0.0002262849739054218,1.0,1.0,0.0,0.0,0.0,314,36.720680236816406,fresh_online_exploration,21,24
245760,1,1.0017180442810059,1.0017180442810059,1.0017814636230469,6.340164691209793e-05,1.0,1.0,0.0,1.0,0.0,323,36.871681213378906,fresh_online_exploration,21,24
246144,6,1.001114845275879,1.001114845275879,1.001127004623413,1.2227779734530486e-05,1.0,1.0,0.0,1.0,0.0,328,36.871341705322266,fresh_online_exploration,21,24
246240,89,1.0041580200195312,1.0041580200195312,1.0042178630828857,5.9815771237481385e-05,1.0,1.0,0.0,1.0,0.0,320,36.86030578613281,fresh_online_exploration,21,24
246432,74,1.0004239082336426,1.0004239082336426,1.000543236732483,0.00011932788038393483,1.0,1.0,0.0,1.0,0.0,321,36.82108688354492,fresh_online_exploration,21,24
247392,94,1.0016679763793945,1.0016679763793945,1.0018601417541504,0.00019213950145058334,1.0,1.0,0.0,1.0,0.0,322,36.85014724731445,fresh_online_exploration,21,24
248160,9,1.0022904872894287,1.0022904872894287,1.0024529695510864,0.00016244532889686525,1.0,1.0,0.0,1.0,0.0,322,36.925052642822266,fresh_online_exploration,21,24
259968,91,1.0027611255645752,1.0027611255645752,1.0028340816497803,7.29700259398669e-05,1.0,1.0,0.0,0.0,0.0,303,36.474605560302734,fresh_online_exploration,23,25
262848,31,1.0040324926376343,1.0040324926376343,1.0040831565856934,5.0639486289583147e-05,1.0,1.0,0.0,0.0,0.0,300,36.416648864746094,fresh_online_exploration,23,26
263136,62,1.0003901720046997,1.0003901720046997,1.0006756782531738,0.00028546713292598724,1.0,1.0,0.0,0.0,0.0,300,36.30809020996094,fresh_online_exploration,23,26
263424,26,1.0056252479553223,1.0056252479553223,1.0058393478393555,0.0002141976437997073,1.0,1.0,0.0,0.0,0.0,299,36.43998718261719,fresh_online_exploration,23,26
264000,90,1.004968523979187,1.004968523979187,1.0050089359283447,4.039022314827889e-05,1.0,1.0,0.0,0.0,0.0,298,36.40752410888672,fresh_online_exploration,23,26
264192,23,1.003793716430664,1.003793716430664,1.0039259195327759,0.00013216273509897292,1.0,1.0,0.0,0.0,0.0,305,36.56875228881836,fresh_online_exploration,23,26
264192,68,1.0048701763153076,1.0048701763153076,1.0054082870483398,0.0005380992079153657,1.0,1.0,0.0,0.0,0.0,309,36.550201416015625,fresh_online_exploration,23,26
264384,39,1.0012149810791016,1.0012149810791016,1.0015826225280762,0.00036767852725461125,1.0,1.0,0.0,0.0,0.0,301,36.46304702758789,fresh_online_exploration,23,26
264672,0,1.0034127235412598,1.0034127235412598,1.0035103559494019,9.761544788489118e-05,1.0,1.0,0.0,0.0,0.0,302,36.4202766418457,fresh_online_exploration,23,26
265056,17,1.0021755695343018,1.0021755695343018,1.0021908283233643,1.518390763521893e-05,1.0,1.0,0.0,0.0,0.0,299,36.33860397338867,fresh_online_exploration,23,26
265056,76,1.0022703409194946,1.0022703409194946,1.00247061252594,0.0002003266563406214,1.0,1.0,0.0,0.0,0.0,294,36.208465576171875,fresh_online_exploration,23,26
265248,54,1.0044810771942139,1.0044810771942139,1.0045850276947021,0.00010403982741991058,1.0,1.0,0.0,0.0,0.0,300,36.438270568847656,fresh_online_exploration,23,26
265344,93,1.0017268657684326,1.0017268657684326,1.0034635066986084,0.0017365779494866729,1.0,1.0,0.0,0.0,0.0,302,36.32632064819336,fresh_online_exploration,23,26
265536,32,1.0015813112258911,1.0015813112258911,1.0018553733825684,0.0002741036005318165,1.0,1.0,0.0,0.0,0.0,306,36.5272216796875,fresh_online_exploration,23,26
265728,81,1.003892183303833,1.003892183303833,1.0039091110229492,1.6957834304776043e-05,1.0,1.0,0.0,0.0,0.0,306,36.38758087158203,fresh_online_exploration,23,26
265920,37,1.0013744831085205,1.0013744831085205,1.0014421939849854,6.769983883714303e-05,1.0,1.0,0.0,0.0,0.0,306,36.46781921386719,fresh_online_exploration,23,26
265920,85,1.0009509325027466,1.0009509325027466,1.0010371208190918,8.623222674941644e-05,1.0,1.0,0.0,0.0,0.0,303,36.373165130615234,fresh_online_exploration,23,26
266208,35,1.0005689859390259,1.0005689859390259,1.0006017684936523,3.2840605854289606e-05,1.0,1.0,0.0,0.0,0.0,306,36.553749084472656,fresh_online_exploration,23,26
266208,44,1.0000205039978027,1.0000205039978027,1.0000388622283936,1.8281012671650387e-05,1.0,1.0,0.0,0.0,0.0,303,36.386085510253906,fresh_online_exploration,23,26
266208,69,1.0044070482254028,1.0044070482254028,1.0046226978302002,0.00021560449386015534,1.0,1.0,0.0,0.0,0.0,304,36.426055908203125,fresh_online_exploration,23,26
266496,38,1.0013407468795776,1.0013407468795776,1.0016944408416748,0.0003536746953614056,1.0,1.0,0.0,0.0,0.0,307,36.52910232543945,fresh_online_exploration,23,26
266496,73,1.0002176761627197,1.0002176761627197,1.000525951385498,0.0003082549083046615,1.0,1.0,0.0,0.0,0.0,302,36.466087341308594,fresh_online_exploration,23,26
266592,82,1.0008316040039062,1.0008316040039062,1.0112251043319702,0.010393504984676838,1.0,1.0,0.0,0.0,0.0,308,36.49921798706055,fresh_online_exploration,23,26
266688,5,1.0005581378936768,1.0005581378936768,1.0005745887756348,1.6549935025977902e-05,1.0,1.0,0.0,0.0,0.0,292,36.14573669433594,fresh_online_exploration,23,26
266688,49,1.0031318664550781,1.0031318664550781,1.0032069683074951,7.517071935581043e-05,1.0,1.0,0.0,0.0,0.0,303,36.46211242675781,fresh_online_exploration,23,26
266784,24,1.0004600286483765,1.0004600286483765,1.0008050203323364,0.0003449812065809965,1.0,1.0,0.0,1.0,0.0,313,36.604034423828125,fresh_online_exploration,23,26
266880,58,1.0024619102478027,1.0024619102478027,1.0024720430374146,1.0163974366150796e-05,1.0,1.0,0.0,0.0,0.0,301,36.35923767089844,fresh_online_exploration,23,26
266976,60,1.0039700269699097,1.0039700269699097,1.0040748119354248,0.0001048281992552802,1.0,1.0,0.0,1.0,0.0,307,36.6346549987793,fresh_online_exploration,23,26
267264,36,1.003283143043518,1.003283143043518,1.0034308433532715,0.0001477851765230298,1.0,1.0,0.0,0.0,0.0,301,36.377471923828125,fresh_online_exploration,23,26
267360,48,1.003906488418579,1.003906488418579,1.0040286779403687,0.0001221783459186554,1.0,1.0,0.0,0.0,0.0,302,36.3848762512207,fresh_online_exploration,23,26
267360,52,1.0028667449951172,1.0028667449951172,1.0032191276550293,0.0003523280320223421,1.0,1.0,0.0,0.0,0.0,301,36.39517593383789,fresh_online_exploration,23,26
267360,78,1.0000262260437012,1.0000262260437012,1.006080150604248,0.006053838413208723,1.0,1.0,0.0,0.0,0.0,309,36.581626892089844,fresh_online_exploration,23,26
267456,25,1.0042005777359009,1.0042005777359009,1.0043827295303345,0.00018214844749309123,1.0,1.0,0.0,0.0,0.0,300,36.46204376220703,fresh_online_exploration,23,26
267456,87,1.0040212869644165,1.0040212869644165,1.004201054573059,0.00017976910748984665,1.0,1.0,0.0,0.0,0.0,307,36.386653900146484,fresh_online_exploration,23,26
267552,3,1.005286455154419,1.005286455154419,1.005359411239624,7.297062256839126e-05,1.0,1.0,0.0,1.0,0.0,308,36.647056579589844,fresh_online_exploration,23,26
267552,42,1.0043166875839233,1.0043166875839233,1.0047869682312012,0.0004702179576270282,1.0,1.0,0.0,0.0,0.0,304,36.478660583496094,fresh_online_exploration,23,26
267552,70,1.0046851634979248,1.0046851634979248,1.0175962448120117,0.012911082245409489,1.0,1.0,0.0,0.0,0.0,290,36.2593994140625,fresh_online_exploration,23,26
267840,86,1.0017858743667603,1.0017858743667603,1.001832127571106,4.62274911114946e-05,1.0,1.0,0.0,0.0,0.0,303,36.437294006347656,fresh_online_exploration,23,26
267936,55,1.004972219467163,1.004972219467163,1.005321741104126,0.00034956439048983157,1.0,1.0,0.0,1.0,0.0,310,36.6894416809082,fresh_online_exploration,23,26
268128,30,1.0015119314193726,1.0015119314193726,1.0040247440338135,0.002512772334739566,1.0,1.0,0.0,0.0,0.0,310,36.63849639892578,fresh_online_exploration,23,26
268128,41,1.001664161682129,1.001664161682129,1.0103085041046143,0.00864427350461483,1.0,1.0,0.0,0.0,0.0,299,36.35821533203125,fresh_online_exploration,23,26
268224,50,1.0033494234085083,1.0033494234085083,1.0035269260406494,0.0001775711280060932,1.0,1.0,0.0,0.0,0.0,301,36.42815017700195,fresh_online_exploration,23,26
268320,77,1.0008209943771362,1.0008209943771362,1.0011066198349,0.0002856127102859318,1.0,1.0,0.0,0.0,0.0,299,36.37148666381836,fresh_online_exploration,23,26
268704,4,1.0001362562179565,1.0001362562179565,1.0084409713745117,0.008304734714329243,1.0,1.0,0.0,0.0,0.0,297,36.206363677978516,fresh_online_exploration,24,26
268800,88,1.0036330223083496,1.0036330223083496,1.0038163661956787,0.0001833950518630445,1.0,1.0,0.0,0.0,0.0,300,36.39446258544922,fresh_online_exploration,23,26
268896,15,1.0052175521850586,1.0052175521850586,1.005363941192627,0.00014630942314397544,1.0,1.0,0.0,0.0,0.0,312,36.695167541503906,fresh_online_exploration,23,26
268896,27,1.0033607482910156,1.0033607482910156,1.0035500526428223,0.00018939048459287733,1.0,1.0,0.0,0.0,0.0,303,36.576744079589844,fresh_online_exploration,23,26
268896,28,1.0018184185028076,1.0018184185028076,1.001833438873291,1.4983896107878536e-05,1.0,1.0,0.0,0.0,0.0,301,36.42975997924805,fresh_online_exploration,23,26
268992,14,1.0048238039016724,1.0048238039016724,1.0056283473968506,0.0008045732392929494,1.0,1.0,0.0,0.0,0.0,313,36.76243209838867,fresh_online_exploration,23,26
268992,46,1.0054579973220825,1.0054579973220825,1.0056946277618408,0.0002366326516494155,1.0,1.0,0.0,0.0,0.0,295,36.409454345703125,fresh_online_exploration,24,26
269088,84,1.0052706003189087,1.0052706003189087,1.0052871704101562,1.6485622836626135e-05,1.0,1.0,0.0,0.0,0.0,296,36.43608474731445,fresh_online_exploration,24,26
269184,53,1.0001686811447144,1.0001686811447144,1.000429391860962,0.00026072858599945903,1.0,1.0,0.0,0.0,0.0,306,36.44598388671875,fresh_online_exploration,23,26
269184,67,1.0025254487991333,1.0025254487991333,1.0027453899383545,0.0002200407034251839,1.0,1.0,0.0,0.0,0.0,299,36.320228576660156,fresh_online_exploration,24,26
269472,43,1.0048702955245972,1.0048702955245972,1.0053679943084717,0.0004976152558811009,1.0,1.0,0.0,0.0,0.0,303,36.582767486572266,fresh_online_exploration,24,26
269568,2,1.0024042129516602,1.0024042129516602,1.0025346279144287,0.00013045294326730072,1.0,1.0,0.0,0.0,0.0,299,36.40656280517578,fresh_online_exploration,24,26
269568,59,1.0016350746154785,1.0016350746154785,1.0016818046569824,4.6656168706249446e-05,1.0,1.0,0.0,0.0,0.0,303,36.369022369384766,fresh_online_exploration,24,26
269568,63,1.0002472400665283,1.0002472400665283,1.000425100326538,0.00017791925347410142,1.0,1.0,0.0,0.0,0.0,300,36.34914016723633,fresh_online_exploration,24,26
269664,12,1.003315806388855,1.003315806388855,1.0033272504806519,1.1464408089523204e-05,1.0,1.0,0.0,0.0,0.0,302,36.37419509887695,fresh_online_exploration,24,26
269664,40,1.0030219554901123,1.0030219554901123,1.0032826662063599,0.00026072253240272403,1.0,1.0,0.0,0.0,0.0,304,36.44256591796875,fresh_online_exploration,24,26
269760,71,1.0000238418579102,1.0000238418579102,1.0000691413879395,4.529346915660426e-05,1.0,1.0,0.0,0.0,0.0,306,36.517635345458984,fresh_online_exploration,24,26
269856,21,1.0026018619537354,1.0026018619537354,1.0027666091918945,0.00016474361473228782,1.0,1.0,0.0,0.0,0.0,300,36.37584686279297,fresh_online_exploration,24,26
270048,16,1.000225305557251,1.000225305557251,1.0005173683166504,0.0002920608676504344,1.0,1.0,0.0,0.0,0.0,300,36.31332778930664,fresh_online_exploration,24,26
270048,61,1.0009344816207886,1.0009344816207886,1.0009509325027466,1.6483852959936485e-05,1.0,1.0,0.0,0.0,0.0,296,36.404788970947266,fresh_online_exploration,24,26
270240,65,1.0047633647918701,1.0047633647918701,1.0077816247940063,0.0030182735063135624,1.0,1.0,0.0,0.0,0.0,298,36.390525817871094,fresh_online_exploration,24,27
270432,11,1.0019450187683105,1.0019450187683105,1.0023174285888672,0.0003723646514117718,1.0,1.0,0.0,0.0,0.0,300,36.36074447631836,fresh_online_exploration,24,27
270720,29,1.002765417098999,1.002765417098999,1.0029027462005615,0.0001373079139739275,1.0,1.0,0.0,0.0,0.0,293,36.25977325439453,fresh_online_exploration,24,27
270816,75,1.0011640787124634,1.0011640787124634,1.001305103302002,0.0001410660333931446,1.0,1.0,0.0,0.0,0.0,301,36.403770446777344,fresh_online_exploration,24,27
270912,56,1.0013972520828247,1.0013972520828247,1.0017452239990234,0.0003479083243291825,1.0,1.0,0.0,0.0,0.0,306,36.4901123046875,fresh_online_exploration,24,27
270912,57,1.0052070617675781,1.0052070617675781,1.0056138038635254,0.0004068703856319189,1.0,1.0,0.0,0.0,0.0,299,36.4827766418457,fresh_online_exploration,24,27
270912,64,1.0051382780075073,1.0051382780075073,1.005194902420044,5.6527242122683674e-05,1.0,1.0,0.0,0.0,0.0,302,36.43122100830078,fresh_online_exploration,24,27
270912,66,1.0027655363082886,1.0027655363082886,1.0028455257415771,7.994887710083276e-05,1.0,1.0,0.0,0.0,0.0,307,36.6714973449707,fresh_online_exploration,24,27
270912,80,1.004500389099121,1.004500389099121,1.0045467615127563,4.63819524156861e-05,1.0,1.0,0.0,1.0,0.0,311,36.67007064819336,fresh_online_exploration,24,27
271392,7,1.0046924352645874,1.0046924352645874,1.0047023296356201,9.799103281693533e-06,1.0,1.0,0.0,0.0,0.0,306,36.52820587158203,fresh_online_exploration,24,27
271392,20,1.0007442235946655,1.0007442235946655,1.0008816719055176,0.00013747262710239738,1.0,1.0,0.0,0.0,0.0,304,36.368656158447266,fresh_online_exploration,24,27
271392,51,1.0044703483581543,1.0044703483581543,1.0047550201416016,0.0002847295836545527,1.0,1.0,0.0,0.0,0.0,303,36.46369934082031,fresh_online_exploration,24,27
271392,72,1.0036078691482544,1.0036078691482544,1.0037386417388916,0.00013076540199108422,1.0,1.0,0.0,0.0,0.0,303,36.53385925292969,fresh_online_exploration,24,27
271488,19,1.0035686492919922,1.0035686492919922,1.0037479400634766,0.00017930792819242924,1.0,1.0,0.0,1.0,0.0,312,36.661983489990234,fresh_online_exploration,24,27
271584,34,1.002914547920227,1.002914547920227,1.0029277801513672,1.3292939911480062e-05,1.0,1.0,0.0,0.0,0.0,304,36.47939682006836,fresh_online_exploration,24,27
271776,8,1.0037230253219604,1.0037230253219604,1.003791332244873,6.835036765551195e-05,1.0,1.0,0.0,0.0,0.0,305,36.59656524658203,fresh_online_exploration,24,27
272064,13,1.0030732154846191,1.0030732154846191,1.0030982494354248,2.501685594324954e-05,1.0,1.0,0.0,0.0,0.0,302,36.439903259277344,fresh_online_exploration,24,27
272160,10,1.001171588897705,1.001171588897705,1.0019155740737915,0.0007439784239977598,1.0,1.0,0.0,0.0,0.0,304,36.483436584472656,fresh_online_exploration,24,27
272160,45,1.0050047636032104,1.0050047636032104,1.0053298473358154,0.00032508675940334797,1.0,1.0,0.0,0.0,0.0,315,36.734954833984375,fresh_online_exploration,24,27
272448,79,1.000069499015808,1.000069499015808,1.000081181526184,1.1701943549269345e-05,1.0,1.0,0.0,1.0,0.0,310,36.46113586425781,fresh_online_exploration,24,27
272544,33,1.001221776008606,1.001221776008606,1.0012892484664917,6.746489816578105e-05,1.0,1.0,0.0,0.0,0.0,301,36.434207916259766,fresh_online_exploration,24,27
272832,22,1.0030041933059692,1.0030041933059692,1.003119945526123,0.00011570652713999152,1.0,1.0,0.0,1.0,0.0,313,36.60952377319336,fresh_online_exploration,24,27
272832,47,1.0032681226730347,1.0032681226730347,1.0037293434143066,0.0004611876211129129,1.0,1.0,0.0,0.0,0.0,304,36.40518569946289,fresh_online_exploration,24,27
273024,95,1.0010648965835571,1.0010648965835571,1.001408338546753,0.0003433790698181838,1.0,1.0,0.0,0.0,0.0,308,36.58797836303711,fresh_online_exploration,24,27
273696,92,1.0053257942199707,1.0053257942199707,1.005599856376648,0.00027399384998716414,1.0,1.0,0.0,0.0,0.0,313,36.7274169921875,fresh_online_exploration,24,27
274368,18,1.004073143005371,1.004073143005371,1.0042295455932617,0.00015637147589586675,1.0,1.0,0.0,0.0,0.0,313,36.689449310302734,fresh_online_exploration,24,27
274944,83,1.0002214908599854,1.0002214908599854,1.000308632850647,8.718425669940189e-05,1.0,1.0,0.0,1.0,0.0,309,36.598960876464844,fresh_online_exploration,24,27
275712,89,1.0041143894195557,1.0041143894195557,1.0042152404785156,0.00010080212814500555,1.0,1.0,0.0,0.0,0.0,307,36.666908264160156,fresh_online_exploration,24,27
275808,1,1.001001238822937,1.001001238822937,1.00101637840271,1.5040823200251907e-05,1.0,1.0,0.0,1.0,0.0,313,36.560123443603516,fresh_online_exploration,24,27
276288,6,1.0034574270248413,1.0034574270248413,1.0038578510284424,0.0004003683279734105,1.0,1.0,0.0,1.0,0.0,314,36.736488342285156,fresh_online_exploration,24,27
277248,74,1.002668857574463,1.002668857574463,1.0027241706848145,5.53395802853629e-05,1.0,1.0,0.0,1.0,0.0,321,36.872196197509766,fresh_online_exploration,24,27
277344,94,1.0008735656738281,1.0008735656738281,1.0009922981262207,0.00011880815145559609,1.0,1.0,0.0,0.0,0.0,312,36.68040466308594,fresh_online_exploration,24,27
278880,9,1.0030287504196167,1.0030287504196167,1.003192663192749,0.00016401434550061822,1.0,1.0,0.0,1.0,0.0,320,36.81422805786133,fresh_online_exploration,24,27
288576,91,1.005372405052185,1.005372405052185,1.0055084228515625,0.0001360727910650894,1.0,1.0,0.0,0.0,0.0,298,36.394081115722656,fresh_online_exploration,25,28
291648,31,1.0041238069534302,1.0041238069534302,1.004511833190918,0.00038796960143372416,1.0,1.0,0.0,0.0,0.0,300,36.35369873046875,fresh_online_exploration,26,29
292224,26,1.0013700723648071,1.0013700723648071,1.0014047622680664,3.4765518648782745e-05,1.0,1.0,0.0,0.0,0.0,300,36.27968978881836,fresh_online_exploration,26,29
292704,62,1.0037959814071655,1.0037959814071655,1.003892421722412,9.635234891902655e-05,1.0,1.0,0.0,1.0,0.0,308,36.56572723388672,fresh_online_exploration,26,29
293184,68,1.004896879196167,1.004896879196167,1.0049140453338623,1.7082280464819632e-05,1.0,1.0,0.0,0.0,0.0,302,36.497047424316406,fresh_online_exploration,26,29
293280,90,1.0034700632095337,1.0034700632095337,1.00407075881958,0.0006006623734720051,1.0,1.0,0.0,0.0,0.0,305,36.55582809448242,fresh_online_exploration,26,29
293472,17,1.0023539066314697,1.0023539066314697,1.0024032592773438,4.923944652546197e-05,1.0,1.0,0.0,0.0,0.0,296,36.299259185791016,fresh_online_exploration,26,29
293472,39,1.0048202276229858,1.0048202276229858,1.0051164627075195,0.00029628511401824653,1.0,1.0,0.0,0.0,0.0,303,36.455162048339844,fresh_online_exploration,26,29
293568,23,1.001046895980835,1.001046895980835,1.001067876815796,2.100138590321876e-05,1.0,1.0,0.0,0.0,0.0,306,36.5146369934082,fresh_online_exploration,26,29
293952,0,1.002178430557251,1.002178430557251,1.002301573753357,0.00012310317833907902,1.0,1.0,0.0,0.0,0.0,305,36.5174560546875,fresh_online_exploration,26,29
294240,93,1.000962495803833,1.000962495803833,1.0011887550354004,0.0002262115740450099,1.0,1.0,0.0,0.0,0.0,301,36.37514877319336,fresh_online_exploration,26,29
294336,76,1.0057624578475952,1.0057624578475952,1.0057764053344727,1.3892748938815203e-05,1.0,1.0,0.0,0.0,0.0,305,36.5059814453125,fresh_online_exploration,26,29
294720,32,1.0036141872406006,1.0036141872406006,1.0040252208709717,0.0004111074667889625,1.0,1.0,0.0,0.0,0.0,304,36.513885498046875,fresh_online_exploration,26,29
294912,54,1.0001661777496338,1.0001661777496338,1.00081467628479,0.0006484416080638766,1.0,1.0,0.0,0.0,0.0,309,36.569091796875,fresh_online_exploration,26,29
295104,81,1.0006215572357178,1.0006215572357178,1.001244306564331,0.0006227756384760141,1.0,1.0,0.0,0.0,0.0,306,36.51123046875,fresh_online_exploration,26,29
295104,85,1.0052956342697144,1.0052956342697144,1.0053868293762207,9.123948984779418e-05,1.0,1.0,0.0,0.0,0.0,304,36.52153396606445,fresh_online_exploration,26,29
295200,35,1.0012497901916504,1.0012497901916504,1.0012598037719727,1.0092678166984115e-05,1.0,1.0,0.0,0.0,0.0,302,36.38188934326172,fresh_online_exploration,26,29
295200,44,1.0040409564971924,1.0040409564971924,1.0043325424194336,0.0002915355144068599,1.0,1.0,0.0,0.0,0.0,302,36.48273849487305,fresh_online_exploration,26,29
295296,37,1.0030022859573364,1.0030022859573364,1.0032496452331543,0.0002472678024787456,1.0,1.0,0.0,0.0,0.0,306,36.57106399536133,fresh_online_exploration,26,29
295488,49,1.0056413412094116,1.0056413412094116,1.013228178024292,0.007586980238556862,1.0,1.0,0.0,0.0,0.0,300,36.5426025390625,fresh_online_exploration,26,29
295488,69,1.0005546808242798,1.0005546808242798,1.001053810119629,0.0004990475135855377,1.0,1.0,0.0,0.0,0.0,305,36.39020538330078,fresh_online_exploration,26,29
295872,38,1.0004141330718994,1.0004141330718994,1.000638723373413,0.0002245830255560577,1.0,1.0,0.0,0.0,0.0,306,36.44645690917969,fresh_online_exploration,26,29
296064,82,1.0021247863769531,1.0021247863769531,1.009230375289917,0.007105530705302954,1.0,1.0,0.0,0.0,0.0,307,36.562625885009766,fresh_online_exploration,26,29
296448,24,1.0028494596481323,1.0028494596481323,1.0029098987579346,6.044931797077879e-05,1.0,1.0,0.0,0.0,0.0,309,36.49461364746094,fresh_online_exploration,26,29
296544,60,1.001030445098877,1.001030445098877,1.0012094974517822,0.000178958143806085,1.0,1.0,0.0,0.0,0.0,308,36.46364212036133,fresh_online_exploration,26,29
296640,73,1.0055735111236572,1.0055735111236572,1.0057227611541748,0.00014932002522982657,1.0,1.0,0.0,1.0,0.0,314,36.71368408203125,fresh_online_exploration,26,29
296736,5,1.0050134658813477,1.0050134658813477,1.0052645206451416,0.00025115834432654083,1.0,1.0,0.0,0.0,0.0,313,36.61004638671875,fresh_online_exploration,26,29
296928,42,1.0040863752365112,1.0040863752365112,1.0040977001190186,1.1314099538139999e-05,1.0,1.0,0.0,0.0,0.0,306,36.51152801513672,fresh_online_exploration,26,29
296928,58,1.0031659603118896,1.0031659603118896,1.00327467918396,0.00010874230065383017,1.0,1.0,0.0,1.0,0.0,313,36.72412872314453,fresh_online_exploration,26,29
297024,87,1.002873182296753,1.002873182296753,1.0028846263885498,1.147196780948434e-05,1.0,1.0,0.0,0.0,0.0,308,36.52248001098633,fresh_online_exploration,26,29
297120,48,1.0034351348876953,1.0034351348876953,1.0036801099777222,0.00024497765116393566,1.0,1.0,0.0,0.0,0.0,310,36.563228607177734,fresh_online_exploration,26,29
297120,70,1.0012072324752808,1.0012072324752808,1.0012171268463135,9.933173714671284e-06,1.0,1.0,0.0,1.0,0.0,308,36.62065887451172,fresh_online_exploration,26,29
297216,52,1.000725507736206,1.000725507736206,1.0007565021514893,3.092623228440061e-05,1.0,1.0,0.0,0.0,0.0,311,36.511470794677734,fresh_online_exploration,26,29
297312,77,1.0023143291473389,1.0023143291473389,1.0023255348205566,1.1110952982562594e-05,1.0,1.0,0.0,0.0,0.0,302,36.428443908691406,fresh_online_exploration,26,29
297408,86,1.003057599067688,1.003057599067688,1.003304362297058,0.0002467658487148583,1.0,1.0,0.0,0.0,0.0,308,36.514739990234375,fresh_online_exploration,26,29
297504,25,1.0036885738372803,1.0036885738372803,1.0039862394332886,0.0002976985997520387,1.0,1.0,0.0,1.0,0.0,313,36.695465087890625,fresh_online_exploration,26,29
297504,36,1.0041074752807617,1.0041074752807617,1.009089469909668,0.0049819801934063435,1.0,1.0,0.0,0.0,0.0,315,36.72529983520508,fresh_online_exploration,26,29
297504,50,1.000891089439392,1.000891089439392,1.0011515617370605,0.0002605461049824953,1.0,1.0,0.0,0.0,0.0,305,36.363433837890625,fresh_online_exploration,26,29
297600,3,1.0048177242279053,1.0048177242279053,1.0050936937332153,0.0002759801282081753,1.0,1.0,0.0,0.0,0.0,313,36.741455078125,fresh_online_exploration,26,29
297600,41,1.004319667816162,1.004319667816162,1.0109375715255737,0.006617894396185875,1.0,1.0,0.0,0.0,0.0,307,36.56230926513672,fresh_online_exploration,26,29
297888,30,1.001769781112671,1.001769781112671,1.0045192241668701,0.0027494735550135374,1.0,1.0,0.0,0.0,0.0,310,36.66592788696289,fresh_online_exploration,26,29
298080,84,1.0035427808761597,1.0035427808761597,1.0038013458251953,0.0002585948386695236,1.0,1.0,0.0,0.0,0.0,302,36.42902374267578,fresh_online_exploration,26,29
298176,78,1.0013041496276855,1.0013041496276855,1.0122551918029785,0.010951208882033825,1.0,1.0,0.0,0.0,0.0,321,36.77055358886719,fresh_online_exploration,26,29
298368,55,1.000941514968872,1.000941514968872,1.0010812282562256,0.0001397336891386658,1.0,1.0,0.0,1.0,0.0,317,36.70354461669922,fresh_online_exploration,26,29
298464,53,1.0061677694320679,1.0061677694320679,1.0061771869659424,9.424948075320572e-06,1.0,1.0,0.0,0.0,0.0,305,36.4338493347168,fresh_online_exploration,26,29
298752,15,1.003503680229187,1.003503680229187,1.0076487064361572,0.004145107232034206,1.0,1.0,0.0,0.0,0.0,311,36.664093017578125,fresh_online_exploration,26,29
298752,27,1.0045956373214722,1.0045956373214722,1.0051276683807373,0.000532028207089752,1.0,1.0,0.0,0.0,0.0,311,36.746673583984375,fresh_online_exploration,26,29
298848,28,1.00102698802948,1.00102698802948,1.0010443925857544,1.740958759910427e-05,1.0,1.0,0.0,1.0,0.0,312,36.55845260620117,fresh_online_exploration,26,29
298848,67,1.0020630359649658,1.0020630359649658,1.0063345432281494,0.00427147326990962,1.0,1.0,0.0,0.0,0.0,309,36.5089225769043,fresh_online_exploration,26,29
298944,14,1.0038098096847534,1.0038098096847534,1.0043424367904663,0.0005326581303961575,1.0,1.0,0.0,0.0,0.0,312,36.74241638183594,fresh_online_exploration,26,29
299040,4,1.0017802715301514,1.0017802715301514,1.0094877481460571,0.007707484532147646,1.0,1.0,0.0,0.0,0.0,316,36.74345779418945,fresh_online_exploration,26,29
299232,46,1.0029449462890625,1.0029449462890625,1.0033202171325684,0.00037532291025854647,1.0,1.0,0.0,0.0,0.0,315,36.652793884277344,fresh_online_exploration,26,29
299328,88,1.0031484365463257,1.0031484365463257,1.0035977363586426,0.0004493758315220475,1.0,1.0,0.0,0.0,0.0,318,36.70048522949219,fresh_online_exploration,26,29
299520,12,1.0001442432403564,1.0001442432403564,1.0002305507659912,8.632830576971173e-05,1.0,1.0,0.0,0.0,0.0,311,36.44804763793945,fresh_online_exploration,26,29
299616,40,1.0017207860946655,1.0017207860946655,1.0021883249282837,0.00046750271576456726,1.0,1.0,0.0,0.0,0.0,312,36.658477783203125,fresh_online_exploration,26,29
299712,59,1.0000035762786865,1.0000035762786865,1.0008710622787476,0.0008674754644744098,1.0,1.0,0.0,0.0,0.0,314,36.53868103027344,fresh_online_exploration,26,29
299808,16,1.0043985843658447,1.0043985843658447,1.0070157051086426,0.0026171510107815266,1.0,1.0,0.0,0.0,0.0,310,36.54169464111328,fresh_online_exploration,26,29
299808,63,1.002512812614441,1.002512812614441,1.0027066469192505,0.00019382697064429522,1.0,1.0,0.0,0.0,0.0,315,36.62955093383789,fresh_online_exploration,26,29
299808,71,1.0027961730957031,1.0027961730957031,1.0028672218322754,7.112757884897292e-05,1.0,1.0,0.0,0.0,0.0,313,36.60227584838867,fresh_online_exploration,26,29
299904,2,1.000141978263855,1.000141978263855,1.0005661249160767,0.0004241479036863893,1.0,1.0,0.0,0.0,0.0,316,36.6650505065918,fresh_online_exploration,26,29
300000,65,1.0051779747009277,1.0051779747009277,1.0080372095108032,0.0028592150192707777,1.0,1.0,0.0,0.0,0.0,310,36.62474822998047,fresh_online_exploration,27,29
