env_steps,env_index,max_angle,final_angle,cumulative_increase,regression_amount,progress,success,regression_event,stalled,lost_contact,episode_steps,return_value,source,first_policy_version,last_policy_version
28416,91,1.001285433769226,1.001285433769226,1.0013024806976318,1.7066891814465635e-05,1.0,1.0,0.0,0.0,0.0,296,36.27170944213867,fresh_online_exploration,0,2
28992,33,1.0001864433288574,1.0001864433288574,1.0003907680511475,0.00020426079572644085,1.0,1.0,0.0,0.0,0.0,302,36.33957290649414,fresh_online_exploration,0,2
29088,31,1.0001190900802612,1.0001190900802612,1.0001416206359863,2.2478223399957642e-05,1.0,1.0,0.0,0.0,0.0,303,36.307594299316406,fresh_online_exploration,0,2
29088,78,1.0016522407531738,1.0016522407531738,1.019028663635254,0.017376355826854706,1.0,1.0,0.0,0.0,0.0,303,36.41202163696289,fresh_online_exploration,0,2
29184,42,1.001802682876587,1.001802682876587,1.0093140602111816,0.00751137500628829,1.0,1.0,0.0,0.0,0.0,304,36.517059326171875,fresh_online_exploration,0,2
29184,81,1.0014997720718384,1.0014997720718384,1.0017019510269165,0.0002021530526690185,1.0,1.0,0.0,0.0,0.0,304,36.35962677001953,fresh_online_exploration,0,2
29184,93,1.0031723976135254,1.0031723976135254,1.0032062530517578,3.378970723133534e-05,1.0,1.0,0.0,1.0,0.0,304,36.54494857788086,fresh_online_exploration,0,2
29280,26,1.0032371282577515,1.0032371282577515,1.0053493976593018,0.0021122165489941835,1.0,1.0,0.0,0.0,0.0,305,36.527259826660156,fresh_online_exploration,0,2
29376,3,1.005925178527832,1.005925178527832,1.0059714317321777,4.6331198973348364e-05,1.0,1.0,0.0,0.0,0.0,306,36.59247970581055,fresh_online_exploration,0,2
29376,9,1.0029900074005127,1.0029900074005127,1.0030747652053833,8.475905633531511e-05,1.0,1.0,0.0,0.0,0.0,306,36.512855529785156,fresh_online_exploration,0,2
29376,25,1.0053880214691162,1.0053880214691162,1.0054640769958496,7.594070484628901e-05,1.0,1.0,0.0,1.0,0.0,306,36.642276763916016,fresh_online_exploration,0,2
29376,35,1.004067301750183,1.004067301750183,1.004380702972412,0.00031336353276856244,1.0,1.0,0.0,0.0,0.0,306,36.51350784301758,fresh_online_exploration,0,2
29376,86,1.000462532043457,1.000462532043457,1.0005483627319336,8.573197555961087e-05,1.0,1.0,0.0,0.0,0.0,306,36.48294448852539,fresh_online_exploration,0,2
29472,60,1.0019700527191162,1.0019700527191162,1.002171516418457,0.00020144227892160416,1.0,1.0,0.0,1.0,0.0,307,36.59012222290039,fresh_online_exploration,0,2
29568,1,1.001965880393982,1.001965880393982,1.002084493637085,0.00011867059220094234,1.0,1.0,0.0,1.0,0.0,308,36.62165069580078,fresh_online_exploration,0,2
29568,2,1.0049936771392822,1.0049936771392822,1.0053017139434814,0.0003080813039559871,1.0,1.0,0.0,0.0,0.0,308,36.61037826538086,fresh_online_exploration,0,2
29568,4,1.0017904043197632,1.0017904043197632,1.001798391342163,7.975784683367237e-06,1.0,1.0,0.0,1.0,0.0,308,36.52910232543945,fresh_online_exploration,0,2
29568,16,1.001235842704773,1.001235842704773,1.0106627941131592,0.00942688062787056,1.0,1.0,0.0,0.0,0.0,308,36.53767013549805,fresh_online_exploration,0,2
29568,27,1.001960277557373,1.001960277557373,1.002008318901062,4.8055815568659455e-05,1.0,1.0,0.0,1.0,0.0,308,36.56886291503906,fresh_online_exploration,0,2
29568,41,1.0007680654525757,1.0007680654525757,1.0110719203948975,0.010303923860192299,1.0,1.0,0.0,0.0,0.0,308,36.47895050048828,fresh_online_exploration,0,2
29568,50,1.0018049478530884,1.0018049478530884,1.001875877380371,7.100883522070944e-05,1.0,1.0,0.0,0.0,0.0,308,36.547821044921875,fresh_online_exploration,0,2
29568,55,1.0008432865142822,1.0008432865142822,1.0008506774902344,7.358784841926536e-06,1.0,1.0,0.0,0.0,0.0,308,36.48276901245117,fresh_online_exploration,0,2
29568,68,1.0005072355270386,1.0005072355270386,1.0005593299865723,5.205898924032226e-05,1.0,1.0,0.0,1.0,0.0,308,36.50185775756836,fresh_online_exploration,0,2
29568,83,1.0044037103652954,1.0044037103652954,1.0046244859695435,0.00022075213200878352,1.0,1.0,0.0,0.0,0.0,308,36.549346923828125,fresh_online_exploration,0,2
29568,85,1.0025578737258911,1.0025578737258911,1.002725601196289,0.00016781440353952348,1.0,1.0,0.0,0.0,0.0,308,36.606998443603516,fresh_online_exploration,0,2
29664,10,1.0053935050964355,1.0053935050964355,1.005800485610962,0.00040703066042624414,1.0,1.0,0.0,0.0,0.0,309,36.51520538330078,fresh_online_exploration,0,2
29664,12,1.0043021440505981,1.0043021440505981,1.0044294595718384,0.0001272880908800289,1.0,1.0,0.0,1.0,0.0,309,36.53076934814453,fresh_online_exploration,0,2
29664,23,1.0009664297103882,1.0009664297103882,1.0012447834014893,0.00027827845769934356,1.0,1.0,0.0,0.0,0.0,309,36.573204040527344,fresh_online_exploration,0,2
29664,24,1.0037086009979248,1.0037086009979248,1.0040518045425415,0.000343223538948223,1.0,1.0,0.0,0.0,0.0,309,36.62760543823242,fresh_online_exploration,0,2
29664,38,1.0042634010314941,1.0042634010314941,1.0043418407440186,7.851023110561073e-05,1.0,1.0,0.0,1.0,0.0,309,36.64588928222656,fresh_online_exploration,0,2
29664,49,1.001667857170105,1.001667857170105,1.0019540786743164,0.00028618716169148684,1.0,1.0,0.0,0.0,0.0,309,36.5324592590332,fresh_online_exploration,0,2
29664,52,1.0020265579223633,1.0020265579223633,1.0020637512207031,3.70902635040693e-05,1.0,1.0,0.0,1.0,0.0,309,36.633819580078125,fresh_online_exploration,0,2
29664,58,1.002045750617981,1.002045750617981,1.0023044347763062,0.0002586791815701872,1.0,1.0,0.0,0.0,0.0,309,36.55967712402344,fresh_online_exploration,0,2
29664,67,1.0042386054992676,1.0042386054992676,1.0044176578521729,0.00017908468726091087,1.0,1.0,0.0,0.0,0.0,309,36.63813400268555,fresh_online_exploration,0,2
29664,70,1.0045266151428223,1.0045266151428223,1.0050379037857056,0.0005112737417221069,1.0,1.0,0.0,0.0,0.0,309,36.6647834777832,fresh_online_exploration,0,2
29664,87,1.0035995244979858,1.0035995244979858,1.0037277936935425,0.0001283149467781186,1.0,1.0,0.0,1.0,0.0,309,36.50509262084961,fresh_online_exploration,0,2
29760,0,1.0029395818710327,1.0029395818710327,1.0029494762420654,9.859002602752298e-06,1.0,1.0,0.0,1.0,0.0,310,36.623008728027344,fresh_online_exploration,0,2
29760,28,1.0053889751434326,1.0053889751434326,1.0054585933685303,6.956198922125623e-05,1.0,1.0,0.0,1.0,0.0,310,36.628700256347656,fresh_online_exploration,0,2
29760,34,1.0004009008407593,1.0004009008407593,1.0004091262817383,8.208610779547598e-06,1.0,1.0,0.0,1.0,0.0,310,36.552406311035156,fresh_online_exploration,0,2
29760,44,1.0041792392730713,1.0041792392730713,1.017289400100708,0.013110065832734108,1.0,1.0,0.0,0.0,0.0,310,36.63691711425781,fresh_online_exploration,0,2
29760,45,1.0038458108901978,1.0038458108901978,1.0038566589355469,1.0811531865329016e-05,1.0,1.0,0.0,0.0,0.0,310,36.51918411254883,fresh_online_exploration,0,2
29760,51,1.0046336650848389,1.0046336650848389,1.0047208070755005,8.713621355127543e-05,1.0,1.0,0.0,0.0,0.0,310,36.65104293823242,fresh_online_exploration,0,2
29760,63,1.0044382810592651,1.0044382810592651,1.0044916868209839,5.339777999324724e-05,1.0,1.0,0.0,1.0,0.0,310,36.709381103515625,fresh_online_exploration,0,2
29760,73,1.0018572807312012,1.0018572807312012,1.0018725395202637,1.5220454770314973e-05,1.0,1.0,0.0,0.0,0.0,310,36.604888916015625,fresh_online_exploration,0,2
29856,13,1.0024144649505615,1.0024144649505615,1.0024948120117188,8.034546044655144e-05,1.0,1.0,0.0,0.0,0.0,311,36.55854797363281,fresh_online_exploration,0,2
29856,14,1.000706434249878,1.000706434249878,1.0008666515350342,0.00016022491035982966,1.0,1.0,0.0,1.0,0.0,311,36.5722541809082,fresh_online_exploration,0,2
29856,20,1.0042740106582642,1.0042740106582642,1.0043220520019531,4.812150655197911e-05,1.0,1.0,0.0,1.0,0.0,311,36.66007995605469,fresh_online_exploration,0,2
29856,39,1.0039299726486206,1.0039299726486206,1.0040416717529297,0.00011164916213601828,1.0,1.0,0.0,1.0,0.0,311,36.737037658691406,fresh_online_exploration,0,2
29856,46,1.0037086009979248,1.0037086009979248,1.003943681716919,0.00023502780823037028,1.0,1.0,0.0,0.0,0.0,311,36.67510986328125,fresh_online_exploration,0,2
29856,71,1.0048867464065552,1.0048867464065552,1.005046010017395,0.00015928545326460153,1.0,1.0,0.0,0.0,0.0,311,36.56842041015625,fresh_online_exploration,0,2
29856,84,1.00505530834198,1.00505530834198,1.0051192045211792,6.386828317772597e-05,1.0,1.0,0.0,1.0,0.0,311,36.66261291503906,fresh_online_exploration,0,2
29952,54,1.0003728866577148,1.0003728866577148,1.000715970993042,0.00034312967909500003,1.0,1.0,0.0,0.0,0.0,312,36.59235763549805,fresh_online_exploration,0,2
30048,6,1.0044174194335938,1.0044174194335938,1.0045206546783447,0.0001031623687595129,1.0,1.0,0.0,1.0,0.0,313,36.613582611083984,fresh_online_exploration,0,2
30048,17,1.0048540830612183,1.0048540830612183,1.0051863193511963,0.0003321648691780865,1.0,1.0,0.0,1.0,0.0,313,36.699729919433594,fresh_online_exploration,0,2
30048,19,1.005136251449585,1.005136251449585,1.00527822971344,0.00014192803064361215,1.0,1.0,0.0,1.0,0.0,313,36.662940979003906,fresh_online_exploration,0,2
30048,37,1.0022029876708984,1.0022029876708984,1.00233793258667,0.00013492591097019613,1.0,1.0,0.0,1.0,0.0,313,36.70197296142578,fresh_online_exploration,0,2
30048,40,1.0051556825637817,1.0051556825637817,1.0052604675292969,0.00010472345456946641,1.0,1.0,0.0,1.0,0.0,313,36.78339767456055,fresh_online_exploration,0,2
30048,77,1.0048261880874634,1.0048261880874634,1.0048346519470215,8.500994226778857e-06,1.0,1.0,0.0,1.0,0.0,313,36.65773010253906,fresh_online_exploration,0,2
30144,8,1.0039926767349243,1.0039926767349243,1.0043182373046875,0.00032562119304202497,1.0,1.0,0.0,0.0,0.0,314,36.785789489746094,fresh_online_exploration,0,3
30144,15,1.0038961172103882,1.0038961172103882,1.0039353370666504,3.921092866221443e-05,1.0,1.0,0.0,1.0,0.0,314,36.656829833984375,fresh_online_exploration,0,3
30144,21,1.0032185316085815,1.0032185316085815,1.0033326148986816,0.00011401720985304564,1.0,1.0,0.0,1.0,0.0,314,36.7204704284668,fresh_online_exploration,0,3
30144,59,1.0037833452224731,1.0037833452224731,1.0039291381835938,0.00014573708176612854,1.0,1.0,0.0,1.0,0.0,314,36.673744201660156,fresh_online_exploration,0,3
30144,90,1.0040844678878784,1.0040844678878784,1.0045162439346313,0.0004318075370974839,1.0,1.0,0.0,0.0,0.0,314,36.707679748535156,fresh_online_exploration,0,3
30144,92,1.0042937994003296,1.0042937994003296,1.004328966140747,3.5154575016349554e-05,1.0,1.0,0.0,1.0,0.0,314,36.64360046386719,fresh_online_exploration,0,3
30144,94,1.002086877822876,1.002086877822876,1.00218665599823,9.978923480957747e-05,1.0,1.0,0.0,1.0,0.0,314,36.6395263671875,fresh_online_exploration,0,3
30240,22,1.0048227310180664,1.0048227310180664,1.004836916923523,1.4222756362869404e-05,1.0,1.0,0.0,1.0,0.0,315,36.73848342895508,fresh_online_exploration,0,3
30240,29,1.002231478691101,1.002231478691101,1.0023021697998047,7.077222835505381e-05,1.0,1.0,0.0,1.0,0.0,315,36.74458694458008,fresh_online_exploration,0,3
30240,56,1.0037287473678589,1.0037287473678589,1.0037364959716797,7.650845873286016e-06,1.0,1.0,0.0,1.0,0.0,315,36.63745880126953,fresh_online_exploration,0,3
30240,61,1.0038982629776,1.0038982629776,1.004058837890625,0.0001606191653991118,1.0,1.0,0.0,1.0,0.0,315,36.78668212890625,fresh_online_exploration,0,3
30240,64,1.001426339149475,1.001426339149475,1.0017040967941284,0.00027773930924013257,1.0,1.0,0.0,1.0,0.0,315,36.652488708496094,fresh_online_exploration,0,3
30240,65,1.0024627447128296,1.0024627447128296,1.0027554035186768,0.00029277143767103553,1.0,1.0,0.0,1.0,0.0,315,36.616966247558594,fresh_online_exploration,0,3
30240,80,1.0019711256027222,1.0019711256027222,1.0022658109664917,0.00029466988053172827,1.0,1.0,0.0,0.0,0.0,315,36.703575134277344,fresh_online_exploration,0,3
30240,88,1.0027415752410889,1.0027415752410889,1.0028278827667236,8.625917689641938e-05,1.0,1.0,0.0,1.0,0.0,315,36.70287322998047,fresh_online_exploration,0,3
30336,32,1.001516342163086,1.001516342163086,1.0015233755111694,7.026252205832861e-06,1.0,1.0,0.0,1.0,0.0,316,36.6884651184082,fresh_online_exploration,0,3
30336,43,1.0009539127349854,1.0009539127349854,1.0014867782592773,0.0005328870611265302,1.0,1.0,0.0,1.0,0.0,316,36.7342529296875,fresh_online_exploration,0,3
30336,48,1.002005934715271,1.002005934715271,1.0025430917739868,0.000537186220753938,1.0,1.0,0.0,0.0,0.0,316,36.63165283203125,fresh_online_exploration,0,3
30336,53,1.0022335052490234,1.0022335052490234,1.0022413730621338,7.830743925296701e-06,1.0,1.0,0.0,1.0,0.0,316,36.66896438598633,fresh_online_exploration,0,3
30336,62,1.004449486732483,1.004449486732483,1.0044996738433838,5.023310222895816e-05,1.0,1.0,0.0,1.0,0.0,316,36.866188049316406,fresh_online_exploration,0,3
30336,72,1.0015296936035156,1.0015296936035156,1.0019445419311523,0.00041493261232972145,1.0,1.0,0.0,1.0,0.0,316,36.636558532714844,fresh_online_exploration,0,3
30432,69,1.0047385692596436,1.0047385692596436,1.0048394203186035,0.00010087182454299182,1.0,1.0,0.0,1.0,0.0,317,36.7038688659668,fresh_online_exploration,0,3
30528,7,1.0052534341812134,1.0052534341812134,1.0053790807724,0.00012562957999762148,1.0,1.0,0.0,0.0,0.0,318,36.84856414794922,fresh_online_exploration,0,3
30528,18,1.0047138929367065,1.0047138929367065,1.005450963973999,0.0007371534593403339,1.0,1.0,0.0,1.0,0.0,318,36.800594329833984,fresh_online_exploration,0,3
30528,30,1.00466787815094,1.00466787815094,1.0074357986450195,0.002767915138974786,1.0,1.0,0.0,0.0,0.0,318,36.81401443481445,fresh_online_exploration,0,3
30528,66,1.003480076789856,1.003480076789856,1.0035022497177124,2.2147161871544085e-05,1.0,1.0,0.0,1.0,0.0,318,36.7720832824707,fresh_online_exploration,0,3
30624,47,1.003962755203247,1.003962755203247,1.0046391487121582,0.0006763386772945523,1.0,1.0,0.0,1.0,0.0,319,36.82532501220703,fresh_online_exploration,0,3
30624,82,1.000372290611267,1.000372290611267,1.0158193111419678,0.015446972101926804,1.0,1.0,0.0,0.0,0.0,319,36.842010498046875,fresh_online_exploration,0,3
30624,95,1.0012332201004028,1.0012332201004028,1.00136137008667,0.0001282003941014409,1.0,1.0,0.0,1.0,0.0,319,36.70383071899414,fresh_online_exploration,0,3
30720,11,1.0014959573745728,1.0014959573745728,1.001787543296814,0.0002915732329711318,1.0,1.0,0.0,1.0,0.0,320,36.7274055480957,fresh_online_exploration,0,3
30720,74,1.0046683549880981,1.0046683549880981,1.0047684907913208,0.00010015815496444702,1.0,1.0,0.0,1.0,0.0,320,36.695411682128906,fresh_online_exploration,0,3
30720,79,1.0002073049545288,1.0002073049545288,1.0003960132598877,0.00018869739142246544,1.0,1.0,0.0,1.0,0.0,320,36.74474334716797,fresh_online_exploration,0,3
30816,5,1.00443696975708,1.00443696975708,1.0045627355575562,0.00012576441804412752,1.0,1.0,0.0,1.0,0.0,321,36.79252624511719,fresh_online_exploration,0,3
30912,36,1.0037575960159302,1.0037575960159302,1.0038644075393677,0.00010680527338990942,1.0,1.0,0.0,1.0,0.0,322,36.891563415527344,fresh_online_exploration,0,3
30912,75,1.003779411315918,1.003779411315918,1.0041847229003906,0.0004053735174238682,1.0,1.0,0.0,1.0,0.0,322,36.864315032958984,fresh_online_exploration,0,3
31008,76,1.0048341751098633,1.0048341751098633,1.005462408065796,0.0006282556569203734,1.0,1.0,0.0,0.0,0.0,323,36.74811935424805,fresh_online_exploration,0,3
31104,89,1.0000758171081543,1.0000758171081543,1.000115990638733,4.017880200990476e-05,1.0,1.0,0.0,1.0,0.0,324,36.830482482910156,fresh_online_exploration,0,3
31296,57,1.0055915117263794,1.0055915117263794,1.0057284832000732,0.00013694175868295133,1.0,1.0,0.0,1.0,0.0,326,36.8449821472168,fresh_online_exploration,0,3
57696,91,1.0019301176071167,1.0019301176071167,1.0022441148757935,0.00031395902624353766,1.0,1.0,0.0,1.0,0.0,305,36.439292907714844,fresh_online_exploration,2,5
58272,70,1.0047985315322876,1.0047985315322876,1.0049421787261963,0.00014366782852448523,1.0,1.0,0.0,0.0,0.0,298,36.41791915893555,fresh_online_exploration,2,5
58368,41,1.0041683912277222,1.0041683912277222,1.0142111778259277,0.010042681358754635,1.0,1.0,0.0,0.0,0.0,300,36.494781494140625,fresh_online_exploration,2,5
58368,93,1.0002405643463135,1.0002405643463135,1.0124657154083252,0.012225192971527576,1.0,1.0,0.0,0.0,0.0,304,36.41160583496094,fresh_online_exploration,2,5
58464,17,1.002367615699768,1.002367615699768,1.0025076866149902,0.00014010106679052114,1.0,1.0,0.0,0.0,0.0,296,36.26655960083008,fresh_online_exploration,2,5
58464,31,1.0043606758117676,1.0043606758117676,1.00437593460083,1.530698500573635e-05,1.0,1.0,0.0,0.0,0.0,306,36.548072814941406,fresh_online_exploration,2,5
58464,35,1.0002080202102661,1.0002080202102661,1.012516736984253,0.012308495119214058,1.0,1.0,0.0,0.0,0.0,303,36.4036865234375,fresh_online_exploration,2,5
58560,3,1.0038559436798096,1.0038559436798096,1.0039561986923218,0.00010024075163528323,1.0,1.0,0.0,0.0,0.0,304,36.49348449707031,fresh_online_exploration,2,5
58560,45,1.0014923810958862,1.0014923810958862,1.0019111633300781,0.0004188528982922435,1.0,1.0,0.0,0.0,0.0,300,36.34217834472656,fresh_online_exploration,2,5
58656,23,1.0020430088043213,1.0020430088043213,1.0022177696228027,0.00017478299560025334,1.0,1.0,0.0,0.0,0.0,302,36.4649543762207,fresh_online_exploration,2,5
58656,39,1.0009429454803467,1.0009429454803467,1.0012454986572266,0.00030249226256273687,1.0,1.0,0.0,0.0,0.0,300,36.44076156616211,fresh_online_exploration,2,5
58656,44,1.0052903890609741,1.0052903890609741,1.0053331851959229,4.275215178495273e-05,1.0,1.0,0.0,0.0,0.0,301,36.516143798828125,fresh_online_exploration,2,5
58656,81,1.002593755722046,1.002593755722046,1.0089590549468994,0.006365342531353235,1.0,1.0,0.0,0.0,0.0,307,36.51397705078125,fresh_online_exploration,2,5
58752,2,1.0011887550354004,1.0011887550354004,1.0013742446899414,0.00018555621500127017,1.0,1.0,0.0,0.0,0.0,304,36.40930938720703,fresh_online_exploration,2,5
58848,4,1.0005241632461548,1.0005241632461548,1.0103061199188232,0.009781869128346443,1.0,1.0,0.0,0.0,0.0,305,36.383018493652344,fresh_online_exploration,2,5
58848,13,1.005469799041748,1.005469799041748,1.0054845809936523,1.4705583453178406e-05,1.0,1.0,0.0,0.0,0.0,302,36.482872009277344,fresh_online_exploration,2,5
58944,51,1.0050815343856812,1.0050815343856812,1.00529146194458,0.00020992652571294457,1.0,1.0,0.0,0.0,0.0,304,36.46662139892578,fresh_online_exploration,2,5
58944,78,1.0053445100784302,1.0053445100784302,1.014527440071106,0.00918279867619276,1.0,1.0,0.0,0.0,0.0,311,36.68333435058594,fresh_online_exploration,2,5
58944,83,1.0004112720489502,1.0004112720489502,1.0012900829315186,0.0008788251434452832,1.0,1.0,0.0,0.0,0.0,306,36.476966857910156,fresh_online_exploration,2,5
58944,87,1.0014774799346924,1.0014774799346924,1.0017778873443604,0.00030040598358027637,1.0,1.0,0.0,0.0,0.0,305,36.419212341308594,fresh_online_exploration,2,5
59040,0,1.0010361671447754,1.0010361671447754,1.0015718936920166,0.0005357241607271135,1.0,1.0,0.0,0.0,0.0,305,36.43442153930664,fresh_online_exploration,2,5
59040,12,1.0041723251342773,1.0041723251342773,1.0043199062347412,0.00014767993707209826,1.0,1.0,0.0,0.0,0.0,306,36.578495025634766,fresh_online_exploration,2,5
59136,26,1.0015383958816528,1.0015383958816528,1.0015785694122314,4.02254554501269e-05,1.0,1.0,0.0,1.0,0.0,311,36.653106689453125,fresh_online_exploration,2,5
59136,38,1.0017578601837158,1.0017578601837158,1.0088061094284058,0.007048296742141247,1.0,1.0,0.0,0.0,0.0,307,36.5304069519043,fresh_online_exploration,2,5
59136,84,1.0046266317367554,1.0046266317367554,1.0046968460083008,7.024108344921842e-05,1.0,1.0,0.0,0.0,0.0,305,36.60130310058594,fresh_online_exploration,2,5
59232,25,1.000086784362793,1.000086784362793,1.0002868175506592,0.00019995131879113615,1.0,1.0,0.0,0.0,0.0,311,36.61895751953125,fresh_online_exploration,2,5
59232,68,1.002044916152954,1.002044916152954,1.0022177696228027,0.00017290585674345493,1.0,1.0,0.0,0.0,0.0,309,36.55265426635742,fresh_online_exploration,2,5
59232,73,1.0017786026000977,1.0017786026000977,1.0018789768218994,0.00010037730680778623,1.0,1.0,0.0,1.0,0.0,307,36.571624755859375,fresh_online_exploration,2,5
59232,80,1.0020358562469482,1.0020358562469482,1.002798080444336,0.000762211624532938,1.0,1.0,0.0,0.0,0.0,302,36.448089599609375,fresh_online_exploration,3,5
59328,8,1.0037535429000854,1.0037535429000854,1.0037972927093506,4.369694579509087e-05,1.0,1.0,0.0,0.0,0.0,304,36.442420959472656,fresh_online_exploration,3,5
59328,10,1.0052634477615356,1.0052634477615356,1.0053176879882812,5.427434007287957e-05,1.0,1.0,0.0,0.0,0.0,309,36.69562530517578,fresh_online_exploration,2,5
59328,42,1.002751111984253,1.002751111984253,1.0031986236572266,0.0004475957830436528,1.0,1.0,0.0,0.0,0.0,314,36.7299690246582,fresh_online_exploration,2,5
59328,48,1.0000646114349365,1.0000646114349365,1.0003437995910645,0.0002792466839309782,1.0,1.0,0.0,0.0,0.0,302,36.28347396850586,fresh_online_exploration,3,5
59424,33,1.0048871040344238,1.0048871040344238,1.0054652690887451,0.0005782224470749497,1.0,1.0,0.0,0.0,0.0,317,36.84928894042969,fresh_online_exploration,2,5
59424,49,1.001809000968933,1.001809000968933,1.007656216621399,0.005847267806529999,1.0,1.0,0.0,0.0,0.0,310,36.70100402832031,fresh_online_exploration,2,5
59424,55,1.002816915512085,1.002816915512085,1.0032439231872559,0.00042707944521680474,1.0,1.0,0.0,0.0,0.0,311,36.61688995361328,fresh_online_exploration,2,5
59424,67,1.0014561414718628,1.0014561414718628,1.0016263723373413,0.00017024112457875162,1.0,1.0,0.0,1.0,0.0,310,36.53963088989258,fresh_online_exploration,2,5
59424,77,1.0025959014892578,1.0025959014892578,1.0029528141021729,0.0003569251566659659,1.0,1.0,0.0,0.0,0.0,306,36.555946350097656,fresh_online_exploration,2,5
59520,27,1.0042816400527954,1.0042816400527954,1.0045124292373657,0.00023083118139766157,1.0,1.0,0.0,0.0,0.0,312,36.653564453125,fresh_online_exploration,2,5
59520,32,1.0011922121047974,1.0011922121047974,1.001244068145752,5.182906170375645e-05,1.0,1.0,0.0,0.0,0.0,304,36.472564697265625,fresh_online_exploration,3,5
59520,37,1.0053911209106445,1.0053911209106445,1.0055748224258423,0.00018379771790932864,1.0,1.0,0.0,0.0,0.0,307,36.73063659667969,fresh_online_exploration,2,5
59520,54,1.004414439201355,1.004414439201355,1.0045497417449951,0.00013526114344131202,1.0,1.0,0.0,1.0,0.0,308,36.61307907104492,fresh_online_exploration,2,5
59520,72,1.0004074573516846,1.0004074573516846,1.0005817413330078,0.00017430401931051165,1.0,1.0,0.0,0.0,0.0,304,36.51218032836914,fresh_online_exploration,3,5
59520,86,1.0013350248336792,1.0013350248336792,1.0029065608978271,0.0015715141780674458,1.0,1.0,0.0,0.0,0.0,314,36.57857894897461,fresh_online_exploration,2,5
59616,6,1.000407338142395,1.000407338142395,1.0004467964172363,3.9437582017853856e-05,1.0,1.0,0.0,1.0,0.0,308,36.47307205200195,fresh_online_exploration,2,5
59616,24,1.003893494606018,1.003893494606018,1.004042387008667,0.00014894548803567886,1.0,1.0,0.0,1.0,0.0,312,36.694679260253906,fresh_online_exploration,2,5
59616,50,1.0013114213943481,1.0013114213943481,1.0013848543167114,7.345593621721491e-05,1.0,1.0,0.0,1.0,0.0,313,36.64002990722656,fresh_online_exploration,2,5
59616,59,1.0035979747772217,1.0035979747772217,1.0036594867706299,6.144664803287014e-05,1.0,1.0,0.0,0.0,0.0,307,36.544639587402344,fresh_online_exploration,3,5
59616,60,1.003400444984436,1.003400444984436,1.0039130449295044,0.0005125663010403514,1.0,1.0,0.0,0.0,0.0,314,36.719505310058594,fresh_online_exploration,2,5
59712,11,1.003372311592102,1.003372311592102,1.0035264492034912,0.00015411435742862523,1.0,1.0,0.0,0.0,0.0,302,36.410919189453125,fresh_online_exploration,3,5
59712,29,1.0014020204544067,1.0014020204544067,1.0014312267303467,2.9218434065114707e-05,1.0,1.0,0.0,1.0,0.0,307,36.53974151611328,fresh_online_exploration,3,5
59712,43,1.0053948163986206,1.0053948163986206,1.005481481552124,8.665792120154947e-05,1.0,1.0,0.0,1.0,0.0,306,36.65025329589844,fresh_online_exploration,3,5
59712,58,1.0002285242080688,1.0002285242080688,1.000394582748413,0.00016603180847596377,1.0,1.0,0.0,1.0,0.0,313,36.631412506103516,fresh_online_exploration,2,5
59712,61,1.0023847818374634,1.0023847818374634,1.0024189949035645,3.4259704989381135e-05,1.0,1.0,0.0,1.0,0.0,307,36.603904724121094,fresh_online_exploration,3,5
59712,71,1.0021449327468872,1.0021449327468872,1.002266764640808,0.00012184903607703745,1.0,1.0,0.0,1.0,0.0,311,36.65760803222656,fresh_online_exploration,2,5
59808,85,1.0011398792266846,1.0011398792266846,1.001255989074707,0.00011614700633799657,1.0,1.0,0.0,1.0,0.0,315,36.71979904174805,fresh_online_exploration,2,5
59808,90,1.004309058189392,1.004309058189392,1.0044300556182861,0.00012099587911507115,1.0,1.0,0.0,1.0,0.0,309,36.698856353759766,fresh_online_exploration,3,5
59808,92,1.0013731718063354,1.0013731718063354,1.0015184879302979,0.0001452265278203413,1.0,1.0,0.0,0.0,0.0,309,36.55223846435547,fresh_online_exploration,3,5
59904,7,1.0020198822021484,1.0020198822021484,1.0021194219589233,9.956186113413423e-05,1.0,1.0,0.0,1.0,0.0,306,36.542877197265625,fresh_online_exploration,3,5
60000,1,1.0028290748596191,1.0028290748596191,1.0033401250839233,0.0005110489437356591,1.0,1.0,0.0,0.0,0.0,317,36.835697174072266,fresh_online_exploration,2,5
60000,16,1.002630352973938,1.002630352973938,1.0106737613677979,0.008043495938181877,1.0,1.0,0.0,0.0,0.0,317,36.69935607910156,fresh_online_exploration,2,5
60000,52,1.0024123191833496,1.0024123191833496,1.002423882484436,1.1524763067427557e-05,1.0,1.0,0.0,1.0,0.0,316,36.676307678222656,fresh_online_exploration,2,5
60096,20,1.0028901100158691,1.0028901100158691,1.0029070377349854,1.685224378888961e-05,1.0,1.0,0.0,1.0,0.0,315,36.743614196777344,fresh_online_exploration,2,6
60096,22,1.0050066709518433,1.0050066709518433,1.0052096843719482,0.00020311717526055872,1.0,1.0,0.0,0.0,0.0,311,36.651885986328125,fresh_online_exploration,3,6
60096,79,1.0003794431686401,1.0003794431686401,1.0005112886428833,0.00013182280235923827,1.0,1.0,0.0,0.0,0.0,306,36.40260314941406,fresh_online_exploration,3,6
60192,9,1.0028737783432007,1.0028737783432007,1.0034513473510742,0.000577650498598814,1.0,1.0,0.0,1.0,0.0,321,36.81885528564453,fresh_online_exploration,2,6
60192,82,1.0033669471740723,1.0033669471740723,1.0112035274505615,0.007836448960006237,1.0,1.0,0.0,0.0,0.0,308,36.55842971801758,fresh_online_exploration,3,6
60288,34,1.0026524066925049,1.0026524066925049,1.0027496814727783,9.724817937240005e-05,1.0,1.0,0.0,1.0,0.0,318,36.771263122558594,fresh_online_exploration,2,6
60288,36,1.0024213790893555,1.0024213790893555,1.0062706470489502,0.003849246772006154,1.0,1.0,0.0,0.0,0.0,306,36.443233489990234,fresh_online_exploration,3,6
60288,62,1.0023795366287231,1.0023795366287231,1.002701997756958,0.00032241526059806347,1.0,1.0,0.0,0.0,0.0,312,36.6553955078125,fresh_online_exploration,3,6
60288,63,1.0057741403579712,1.0057741403579712,1.0059221982955933,0.0001480131468269974,1.0,1.0,0.0,0.0,0.0,318,36.87834167480469,fresh_online_exploration,2,6
60288,94,1.0050286054611206,1.0050286054611206,1.005471110343933,0.0004424920189194381,1.0,1.0,0.0,0.0,0.0,314,36.72200012207031,fresh_online_exploration,3,6
60384,5,1.0035518407821655,1.0035518407821655,1.0037429332733154,0.00019106909167021513,1.0,1.0,0.0,0.0,0.0,308,36.552886962890625,fresh_online_exploration,3,6
60384,53,1.0021508932113647,1.0021508932113647,1.002318024635315,0.0001671329082455486,1.0,1.0,0.0,1.0,0.0,313,36.65053939819336,fresh_online_exploration,3,6
60480,46,1.0041555166244507,1.0041555166244507,1.004246711730957,9.11179740796797e-05,1.0,1.0,0.0,1.0,0.0,319,36.886863708496094,fresh_online_exploration,2,6
60480,69,1.000306487083435,1.000306487083435,1.000441551208496,0.00013497988402377814,1.0,1.0,0.0,1.0,0.0,313,36.68797302246094,fresh_online_exploration,3,6
60480,75,1.0021231174468994,1.0021231174468994,1.0021724700927734,4.9416168621974066e-05,1.0,1.0,0.0,0.0,0.0,308,36.564231872558594,fresh_online_exploration,3,6
60480,88,1.0005019903182983,1.0005019903182983,1.0005720853805542,7.009084220044315e-05,1.0,1.0,0.0,1.0,0.0,315,36.74462890625,fresh_online_exploration,3,6
60576,14,1.0045197010040283,1.0045197010040283,1.0046619176864624,0.00014223823382053524,1.0,1.0,0.0,1.0,0.0,320,36.82284927368164,fresh_online_exploration,2,6
60576,66,1.0022492408752441,1.0022492408752441,1.0024731159210205,0.00022386599448509514,1.0,1.0,0.0,0.0,0.0,313,36.67066192626953,fresh_online_exploration,3,6
60672,15,1.0029199123382568,1.0029199123382568,1.0095270872116089,0.006607234012335539,1.0,1.0,0.0,0.0,0.0,318,36.80024719238281,fresh_online_exploration,3,6
60672,30,1.001481533050537,1.001481533050537,1.0041778087615967,0.0026963376440107822,1.0,1.0,0.0,0.0,0.0,314,36.736549377441406,fresh_online_exploration,3,6
60768,19,1.0003567934036255,1.0003567934036255,1.0004687309265137,0.00011199094296898693,1.0,1.0,0.0,1.0,0.0,320,36.773773193359375,fresh_online_exploration,2,6
60768,21,1.0046871900558472,1.0046871900558472,1.0048809051513672,0.0001936693151947111,1.0,1.0,0.0,1.0,0.0,319,36.91576385498047,fresh_online_exploration,3,6
60768,40,1.003542423248291,1.003542423248291,1.0081918239593506,0.004649382550269365,1.0,1.0,0.0,0.0,0.0,320,36.77777862548828,fresh_online_exploration,2,6
60864,18,1.0015299320220947,1.0015299320220947,1.002575397491455,0.0010454771108925343,1.0,1.0,0.0,0.0,0.0,316,36.76329040527344,fresh_online_exploration,3,6
60864,47,1.003595232963562,1.003595232963562,1.003987431526184,0.00039221125189214945,1.0,1.0,0.0,0.0,0.0,315,36.621238708496094,fresh_online_exploration,3,6
60864,56,1.0045238733291626,1.0045238733291626,1.0048103332519531,0.0002865369897335768,1.0,1.0,0.0,1.0,0.0,319,36.81752014160156,fresh_online_exploration,3,6
60864,65,1.0002027750015259,1.0002027750015259,1.0034692287445068,0.0032663559541106224,1.0,1.0,0.0,0.0,0.0,319,36.794307708740234,fresh_online_exploration,3,6
60864,76,1.0042178630828857,1.0042178630828857,1.0042765140533447,5.86049682169687e-05,1.0,1.0,0.0,0.0,0.0,311,36.69335174560547,fresh_online_exploration,3,6
61056,57,1.0006791353225708,1.0006791353225708,1.0008177757263184,0.00013862969353795052,1.0,1.0,0.0,0.0,0.0,310,36.56128692626953,fresh_online_exploration,3,6
61056,74,1.0015157461166382,1.0015157461166382,1.0017226934432983,0.00020696008868981153,1.0,1.0,0.0,1.0,0.0,316,36.83634567260742,fresh_online_exploration,3,6
61248,64,1.0033576488494873,1.0033576488494873,1.0039594173431396,0.0006017191335558891,1.0,1.0,0.0,1.0,0.0,323,36.93524932861328,fresh_online_exploration,3,6
61536,89,1.0038975477218628,1.0038975477218628,1.0041592121124268,0.0002617486461531371,1.0,1.0,0.0,1.0,0.0,317,36.79112243652344,fresh_online_exploration,3,6
61536,95,1.0003750324249268,1.0003750324249268,1.00071120262146,0.00033626987715251744,1.0,1.0,0.0,1.0,0.0,322,36.86690139770508,fresh_online_exploration,3,6
61728,28,1.0013628005981445,1.0013628005981445,1.0015616416931152,0.0001988435979001224,1.0,1.0,0.0,1.0,0.0,333,37.143165588378906,fresh_online_exploration,2,6
86784,91,1.0035700798034668,1.0035700798034668,1.0036673545837402,9.72850903053768e-05,1.0,1.0,0.0,0.0,0.0,303,36.549102783203125,fresh_online_exploration,5,8
87552,3,1.0021777153015137,1.0021777153015137,1.0022172927856445,3.948144512833096e-05,1.0,1.0,0.0,0.0,0.0,302,36.45109558105469,fresh_online_exploration,5,8
87648,44,1.0042717456817627,1.0042717456817627,1.0043482780456543,7.64656942919828e-05,1.0,1.0,0.0,0.0,0.0,302,36.54521179199219,fresh_online_exploration,5,8
87648,93,1.0023196935653687,1.0023196935653687,1.0023365020751953,1.68634214787744e-05,1.0,1.0,0.0,0.0,0.0,305,36.52103805541992,fresh_online_exploration,5,8
87744,17,1.0021915435791016,1.0021915435791016,1.002449631690979,0.00025813354295678437,1.0,1.0,0.0,0.0,0.0,305,36.42811584472656,fresh_online_exploration,5,8
87744,31,1.0012071132659912,1.0012071132659912,1.0013372898101807,0.00013024333748035133,1.0,1.0,0.0,0.0,0.0,305,36.4399299621582,fresh_online_exploration,5,8
87840,73,1.0004535913467407,1.0004535913467407,1.000572919845581,0.00011930207983823493,1.0,1.0,0.0,0.0,0.0,298,36.25550079345703,fresh_online_exploration,5,8
87936,70,1.0045922994613647,1.0045922994613647,1.01643967628479,0.011847413145005703,1.0,1.0,0.0,0.0,0.0,309,36.64884948730469,fresh_online_exploration,5,8
87936,81,1.0052461624145508,1.0052461624145508,1.0097543001174927,0.0045080301351845264,1.0,1.0,0.0,0.0,0.0,305,36.513431549072266,fresh_online_exploration,5,8
88032,0,1.0035476684570312,1.0035476684570312,1.0037868022918701,0.00023913319455459714,1.0,1.0,0.0,0.0,0.0,302,36.41067886352539,fresh_online_exploration,5,8
88032,39,1.002943515777588,1.002943515777588,1.0031142234802246,0.0001707789779175073,1.0,1.0,0.0,0.0,0.0,306,36.509151458740234,fresh_online_exploration,5,8
88128,26,1.0003734827041626,1.0003734827041626,1.0004205703735352,4.71552848466672e-05,1.0,1.0,0.0,0.0,0.0,302,36.467506408691406,fresh_online_exploration,5,8
88128,35,1.0024726390838623,1.0024726390838623,1.0025479793548584,7.532723248004913e-05,1.0,1.0,0.0,1.0,0.0,309,36.61882781982422,fresh_online_exploration,5,8
88128,78,1.0051244497299194,1.0051244497299194,1.0147054195404053,0.009580989368259907,1.0,1.0,0.0,0.0,0.0,304,36.49808120727539,fresh_online_exploration,5,8
88224,41,1.0033481121063232,1.0033481121063232,1.010301113128662,0.0069529032334685326,1.0,1.0,0.0,0.0,0.0,311,36.650062561035156,fresh_online_exploration,5,8
88416,37,1.0035218000411987,1.0035218000411987,1.0035991668701172,7.736543193459511e-05,1.0,1.0,0.0,0.0,0.0,301,36.496219635009766,fresh_online_exploration,5,8
88416,51,1.000148057937622,1.000148057937622,1.000281810760498,0.00013366663188207895,1.0,1.0,0.0,1.0,0.0,307,36.49965286254883,fresh_online_exploration,5,8
88512,4,1.000537395477295,1.000537395477295,1.0093817710876465,0.008844408206641674,1.0,1.0,0.0,0.0,0.0,309,36.5272216796875,fresh_online_exploration,5,8
88512,87,1.0034104585647583,1.0034104585647583,1.0034253597259521,1.4918654414941557e-05,1.0,1.0,0.0,0.0,0.0,308,36.45210266113281,fresh_online_exploration,5,8
88608,23,1.0032302141189575,1.0032302141189575,1.0032473802566528,1.7213273167726584e-05,1.0,1.0,0.0,1.0,0.0,312,36.72841262817383,fresh_online_exploration,5,8
88800,42,1.0032776594161987,1.0032776594161987,1.0034399032592773,0.00016233990027103573,1.0,1.0,0.0,1.0,0.0,307,36.51158142089844,fresh_online_exploration,5,8
88800,49,1.000807762145996,1.000807762145996,1.0048575401306152,0.004049842711538076,1.0,1.0,0.0,0.0,0.0,306,36.55763626098633,fresh_online_exploration,5,8
88896,13,1.0022499561309814,1.0022499561309814,1.0029996633529663,0.0007497469778172672,1.0,1.0,0.0,0.0,0.0,313,36.59370803833008,fresh_online_exploration,5,8
88896,24,1.0015851259231567,1.0015851259231567,1.002082109451294,0.0004968919092789292,1.0,1.0,0.0,0.0,0.0,305,36.507991790771484,fresh_online_exploration,5,8
88896,60,1.0028655529022217,1.0028655529022217,1.002880334854126,1.4805643331783358e-05,1.0,1.0,0.0,0.0,0.0,305,36.508487701416016,fresh_online_exploration,5,8
89088,61,1.0025498867034912,1.0025498867034912,1.00258469581604,3.4767868783092126e-05,1.0,1.0,0.0,0.0,0.0,306,36.54571533203125,fresh_online_exploration,5,8
89088,83,1.002599835395813,1.002599835395813,1.0026299953460693,3.0111252272035927e-05,1.0,1.0,0.0,1.0,0.0,314,36.66244888305664,fresh_online_exploration,5,8
89184,2,1.0009865760803223,1.0009865760803223,1.001108169555664,0.00012165552470833063,1.0,1.0,0.0,1.0,0.0,317,36.61317443847656,fresh_online_exploration,5,8
89184,12,1.0039256811141968,1.0039256811141968,1.003937005996704,1.1273981726844795e-05,1.0,1.0,0.0,0.0,0.0,314,36.71513366699219,fresh_online_exploration,5,8
89184,25,1.0010849237442017,1.0010849237442017,1.0013251304626465,0.00024028628831729293,1.0,1.0,0.0,0.0,0.0,312,36.63888931274414,fresh_online_exploration,5,8
89184,48,1.0001598596572876,1.0001598596572876,1.0003397464752197,0.00017994505469687283,1.0,1.0,0.0,1.0,0.0,311,36.60445785522461,fresh_online_exploration,5,8
89184,62,1.0030864477157593,1.0030864477157593,1.0032413005828857,0.00015482235176023096,1.0,1.0,0.0,0.0,0.0,301,36.39844512939453,fresh_online_exploration,6,8
89184,85,1.0014500617980957,1.0014500617980957,1.0016050338745117,0.00015502027235925198,1.0,1.0,0.0,0.0,0.0,306,36.3620719909668,fresh_online_exploration,5,8
89280,68,1.0030381679534912,1.0030381679534912,1.003123164176941,8.499852265231311e-05,1.0,1.0,0.0,1.0,0.0,313,36.725528717041016,fresh_online_exploration,5,8
89280,77,1.0021793842315674,1.0021793842315674,1.0024075508117676,0.0002282347559230402,1.0,1.0,0.0,1.0,0.0,311,36.7184944152832,fresh_online_exploration,5,8
89280,82,1.0015393495559692,1.0015393495559692,1.008728265762329,0.007189024705439806,1.0,1.0,0.0,0.0,0.0,303,36.447296142578125,fresh_online_exploration,6,8
89280,84,1.0035313367843628,1.0035313367843628,1.0037600994110107,0.00022870150860399008,1.0,1.0,0.0,0.0,0.0,314,36.716041564941406,fresh_online_exploration,5,8
89376,11,1.0015147924423218,1.0015147924423218,1.0019891262054443,0.000474335829494521,1.0,1.0,0.0,0.0,0.0,309,36.660484313964844,fresh_online_exploration,5,8
89376,72,1.0000783205032349,1.0000783205032349,1.0000934600830078,1.5237477782648057e-05,1.0,1.0,0.0,0.0,0.0,311,36.58782958984375,fresh_online_exploration,5,8
89472,10,1.0039794445037842,1.0039794445037842,1.0039981603622437,1.8675102182896808e-05,1.0,1.0,0.0,1.0,0.0,314,36.69271469116211,fresh_online_exploration,5,8
89472,27,1.0036368370056152,1.0036368370056152,1.0037102699279785,7.348666986217722e-05,1.0,1.0,0.0,1.0,0.0,312,36.71821594238281,fresh_online_exploration,5,8
89472,33,1.0041356086730957,1.0041356086730957,1.0043294429779053,0.00019392019021324813,1.0,1.0,0.0,1.0,0.0,313,36.67893981933594,fresh_online_exploration,5,8
89472,75,1.0008023977279663,1.0008023977279663,1.000819206237793,1.6782170860096812e-05,1.0,1.0,0.0,0.0,0.0,302,36.38996505737305,fresh_online_exploration,6,8
89568,32,1.0002598762512207,1.0002598762512207,1.0011537075042725,0.0008938272949308157,1.0,1.0,0.0,0.0,0.0,313,36.68114471435547,fresh_online_exploration,5,8
89568,36,1.0022825002670288,1.0022825002670288,1.0109106302261353,0.00862808246165514,1.0,1.0,0.0,0.0,0.0,305,36.48606872558594,fresh_online_exploration,6,8
89568,46,1.0010206699371338,1.0010206699371338,1.0013045072555542,0.00028384773759171367,1.0,1.0,0.0,0.0,0.0,303,36.36261749267578,fresh_online_exploration,6,8
89568,67,1.0045520067214966,1.0045520067214966,1.00469970703125,0.00014777996693737805,1.0,1.0,0.0,1.0,0.0,314,36.72770309448242,fresh_online_exploration,5,8
89664,8,1.0038914680480957,1.0038914680480957,1.0043914318084717,0.0004999223747290671,1.0,1.0,0.0,1.0,0.0,316,36.70795440673828,fresh_online_exploration,5,8
89664,59,1.0028002262115479,1.0028002262115479,1.0036826133728027,0.0008823541575111449,1.0,1.0,0.0,0.0,0.0,313,36.692054748535156,fresh_online_exploration,5,8
89760,45,1.000917673110962,1.000917673110962,1.0018422603607178,0.0009245456894859672,1.0,1.0,0.0,1.0,0.0,325,36.902565002441406,fresh_online_exploration,5,8
89760,58,1.0016396045684814,1.0016396045684814,1.0016640424728394,2.442783625156153e-05,1.0,1.0,0.0,1.0,0.0,313,36.664207458496094,fresh_online_exploration,5,8
89760,86,1.002035140991211,1.002035140991211,1.0020503997802734,1.5247024748532567e-05,1.0,1.0,0.0,1.0,0.0,315,36.71931457519531,fresh_online_exploration,5,8
89760,90,1.0016099214553833,1.0016099214553833,1.0022610425949097,0.0006510809762403369,1.0,1.0,0.0,0.0,0.0,312,36.50865936279297,fresh_online_exploration,5,8
89856,43,1.0049015283584595,1.0049015283584595,1.0153859853744507,0.010484453290700912,1.0,1.0,0.0,0.0,0.0,314,36.62887954711914,fresh_online_exploration,5,8
89856,55,1.0036916732788086,1.0036916732788086,1.0039153099060059,0.00022366541088558733,1.0,1.0,0.0,1.0,0.0,317,36.75621032714844,fresh_online_exploration,5,8
89856,80,1.001919150352478,1.001919150352478,1.002138376235962,0.00021927747002337128,1.0,1.0,0.0,1.0,0.0,319,36.827152252197266,fresh_online_exploration,5,8
89856,92,1.0002901554107666,1.0002901554107666,1.0006811618804932,0.0003910292580258101,1.0,1.0,0.0,0.0,0.0,313,36.58253479003906,fresh_online_exploration,5,8
90048,29,1.001297950744629,1.001297950744629,1.001455545425415,0.00015749437443446368,1.0,1.0,0.0,1.0,0.0,316,36.65297317504883,fresh_online_exploration,5,8
90048,69,1.0001167058944702,1.0001167058944702,1.0001354217529297,1.8645861928234808e-05,1.0,1.0,0.0,0.0,0.0,308,36.41264343261719,fresh_online_exploration,6,8
90048,71,1.002772569656372,1.002772569656372,1.0033032894134521,0.0005307862302288413,1.0,1.0,0.0,1.0,0.0,316,36.82964324951172,fresh_online_exploration,5,8
90144,16,1.0034393072128296,1.0034393072128296,1.0096971988677979,0.006257842294871807,1.0,1.0,0.0,0.0,0.0,314,36.67681884765625,fresh_online_exploration,5,9
90144,38,1.0012288093566895,1.0012288093566895,1.0017991065979004,0.0005702541093342006,1.0,1.0,0.0,1.0,0.0,323,36.85213088989258,fresh_online_exploration,5,9
90144,50,1.0046210289001465,1.0046210289001465,1.004702091217041,8.110029739327729e-05,1.0,1.0,0.0,1.0,0.0,318,36.79153060913086,fresh_online_exploration,5,9
90144,54,1.0019848346710205,1.0019848346710205,1.0025532245635986,0.0005683560739271343,1.0,1.0,0.0,1.0,0.0,319,36.80681228637695,fresh_online_exploration,5,9
90240,14,1.0033577680587769,1.0033577680587769,1.0038927793502808,0.0005349987186491489,1.0,1.0,0.0,0.0,0.0,309,36.50230026245117,fresh_online_exploration,6,9
90240,15,1.0039918422698975,1.0039918422698975,1.0040886402130127,9.673133899923414e-05,1.0,1.0,0.0,0.0,0.0,308,36.49826431274414,fresh_online_exploration,6,9
90240,76,1.0005638599395752,1.0005638599395752,1.000844955444336,0.00028102510259486735,1.0,1.0,0.0,0.0,0.0,306,36.4949836730957,fresh_online_exploration,6,9
90336,7,1.003458857536316,1.003458857536316,1.0036325454711914,0.00017366406973451376,1.0,1.0,0.0,1.0,0.0,317,36.7586784362793,fresh_online_exploration,5,9
90432,1,1.003847360610962,1.003847360610962,1.0046730041503906,0.0008256456931121647,1.0,1.0,0.0,0.0,0.0,317,36.73982238769531,fresh_online_exploration,5,9
90432,6,1.0042803287506104,1.0042803287506104,1.0046765804290771,0.00039622047916054726,1.0,1.0,0.0,1.0,0.0,321,36.82738494873047,fresh_online_exploration,5,9
90624,20,1.0022568702697754,1.0022568702697754,1.002942681312561,0.0006858404958620667,1.0,1.0,0.0,1.0,0.0,318,36.76820373535156,fresh_online_exploration,6,9
90624,34,1.0025163888931274,1.0025163888931274,1.0025893449783325,7.294107490452006e-05,1.0,1.0,0.0,1.0,0.0,316,36.7187385559082,fresh_online_exploration,6,9
90720,52,1.0056976079940796,1.0056976079940796,1.0059916973114014,0.0002939885889645666,1.0,1.0,0.0,1.0,0.0,320,36.84428024291992,fresh_online_exploration,5,9
90720,56,1.0009725093841553,1.0009725093841553,1.0011053085327148,0.00013281824067234993,1.0,1.0,0.0,0.0,0.0,311,36.535194396972656,fresh_online_exploration,6,9
90816,22,1.0005619525909424,1.0005619525909424,1.0007007122039795,0.00013870236580260098,1.0,1.0,0.0,1.0,0.0,320,36.754940032958984,fresh_online_exploration,6,9
90816,30,1.0041675567626953,1.0041675567626953,1.0067541599273682,0.0025864816270768642,1.0,1.0,0.0,0.0,0.0,314,36.722572326660156,fresh_online_exploration,6,9
90816,66,1.0004814863204956,1.0004814863204956,1.0006113052368164,0.00012987470836378634,1.0,1.0,0.0,1.0,0.0,315,36.56565856933594,fresh_online_exploration,6,9
90816,79,1.0006970167160034,1.0006970167160034,1.0007210969924927,2.410173874523025e-05,1.0,1.0,0.0,1.0,0.0,320,36.655662536621094,fresh_online_exploration,6,9
90816,88,1.001448154449463,1.001448154449463,1.0015318393707275,8.362110384041443e-05,1.0,1.0,0.0,1.0,0.0,316,36.65509796142578,fresh_online_exploration,6,9
91008,5,1.004600167274475,1.004600167274475,1.0047352313995361,0.0001351192477159202,1.0,1.0,0.0,1.0,0.0,319,36.78761672973633,fresh_online_exploration,6,9
91008,18,1.002090334892273,1.002090334892273,1.0029008388519287,0.0008106136228889227,1.0,1.0,0.0,0.0,0.0,314,36.69410705566406,fresh_online_exploration,6,9
91008,40,1.0045479536056519,1.0045479536056519,1.0062097311019897,0.0016617518849670887,1.0,1.0,0.0,0.0,0.0,315,36.720916748046875,fresh_online_exploration,6,9
91200,47,1.005465030670166,1.005465030670166,1.0055205821990967,5.5596621677977964e-05,1.0,1.0,0.0,1.0,0.0,316,36.62126922607422,fresh_online_exploration,6,9
91392,9,1.0016332864761353,1.0016332864761353,1.0018168687820435,0.0001836258015828207,1.0,1.0,0.0,1.0,0.0,325,36.876426696777344,fresh_online_exploration,6,9
91392,63,1.002198338508606,1.002198338508606,1.0022157430648804,1.7409707652404904e-05,1.0,1.0,0.0,1.0,0.0,324,36.90492248535156,fresh_online_exploration,6,9
91392,89,1.0027318000793457,1.0027318000793457,1.0029137134552002,0.0001818369491957128,1.0,1.0,0.0,1.0,0.0,311,36.67210388183594,fresh_online_exploration,6,9
91584,19,1.0053989887237549,1.0053989887237549,1.0056232213974,0.0002242828777525574,1.0,1.0,0.0,1.0,0.0,321,36.93674850463867,fresh_online_exploration,6,9
91776,21,1.005841851234436,1.005841851234436,1.006476879119873,0.0006350515177473426,1.0,1.0,0.0,1.0,0.0,323,36.873294830322266,fresh_online_exploration,6,9
91776,28,1.0007435083389282,1.0007435083389282,1.0009098052978516,0.00016630071331746876,1.0,1.0,0.0,0.0,0.0,313,36.663902282714844,fresh_online_exploration,6,9
91776,53,1.0008467435836792,1.0008467435836792,1.00115168094635,0.00030494839302264154,1.0,1.0,0.0,1.0,0.0,327,36.92768096923828,fresh_online_exploration,6,9
91776,64,1.0042009353637695,1.0042009353637695,1.0043610334396362,0.00016006486839614809,1.0,1.0,0.0,0.0,0.0,318,36.83043670654297,fresh_online_exploration,6,9
92064,57,1.0006029605865479,1.0006029605865479,1.000876545906067,0.0002735838352236897,1.0,1.0,0.0,1.0,0.0,323,36.89642333984375,fresh_online_exploration,6,9
92064,65,1.0023635625839233,1.0023635625839233,1.0058043003082275,0.003440787782892585,1.0,1.0,0.0,1.0,0.0,325,36.996337890625,fresh_online_exploration,6,9
92160,94,1.001402735710144,1.001402735710144,1.001955270767212,0.0005526260356418788,1.0,1.0,0.0,1.0,0.0,332,37.032920837402344,fresh_online_exploration,6,9
92160,95,1.0024876594543457,1.0024876594543457,1.0029308795928955,0.0004432988935150206,1.0,1.0,0.0,1.0,0.0,319,36.7811279296875,fresh_online_exploration,6,9
92352,74,1.00424063205719,1.00424063205719,1.0046037435531616,0.0003631308500189334,1.0,1.0,0.0,1.0,0.0,326,36.98588562011719,fresh_online_exploration,6,9
115680,91,1.002182960510254,1.002182960510254,1.0022614002227783,7.838686724426225e-05,1.0,1.0,0.0,0.0,0.0,301,36.40910720825195,fresh_online_exploration,8,11
117120,17,1.0026689767837524,1.0026689767837524,1.002684235572815,1.5242225344991311e-05,1.0,1.0,0.0,0.0,0.0,306,36.520164489746094,fresh_online_exploration,8,11
117120,31,1.001277208328247,1.001277208328247,1.0014407634735107,0.0001634757500141859,1.0,1.0,0.0,0.0,0.0,306,36.32781219482422,fresh_online_exploration,8,11
117120,41,1.003788709640503,1.003788709640503,1.0108742713928223,0.007085425779223442,1.0,1.0,0.0,0.0,0.0,301,36.394691467285156,fresh_online_exploration,8,11
117120,70,1.0041261911392212,1.0041261911392212,1.0163562297821045,0.012229996733367443,1.0,1.0,0.0,0.0,0.0,304,36.407371520996094,fresh_online_exploration,8,11
117216,3,1.0038214921951294,1.0038214921951294,1.003920316696167,9.879441495286301e-05,1.0,1.0,0.0,0.0,0.0,309,36.54290771484375,fresh_online_exploration,8,11
117408,0,1.0041831731796265,1.0041831731796265,1.0044341087341309,0.00025094940792769194,1.0,1.0,0.0,0.0,0.0,306,36.59043884277344,fresh_online_exploration,8,11
117408,24,1.0002505779266357,1.0002505779266357,1.0003414154052734,9.077771392185241e-05,1.0,1.0,0.0,0.0,0.0,297,36.27959060668945,fresh_online_exploration,8,11
117408,39,1.0023590326309204,1.0023590326309204,1.002729892730713,0.0003708660660777241,1.0,1.0,0.0,0.0,0.0,306,36.4077033996582,fresh_online_exploration,8,11
117504,4,1.0020747184753418,1.0020747184753418,1.0122101306915283,0.010135590098798275,1.0,1.0,0.0,0.0,0.0,302,36.352638244628906,fresh_online_exploration,8,11
117504,78,1.003110408782959,1.003110408782959,1.0162127017974854,0.013102195225656033,1.0,1.0,0.0,0.0,0.0,306,36.44343566894531,fresh_online_exploration,8,11
117600,26,1.0019887685775757,1.0019887685775757,1.0020252466201782,3.6473436921369284e-05,1.0,1.0,0.0,1.0,0.0,307,36.38151931762695,fresh_online_exploration,8,11
117888,37,1.0020473003387451,1.0020473003387451,1.002062201499939,1.4869448932586238e-05,1.0,1.0,0.0,1.0,0.0,307,36.57086181640625,fresh_online_exploration,8,11
117888,73,1.0016229152679443,1.0016229152679443,1.0017024278640747,7.951429870445281e-05,1.0,1.0,0.0,1.0,0.0,313,36.589881896972656,fresh_online_exploration,8,11
117888,87,1.0021512508392334,1.0021512508392334,1.0021626949310303,1.145702935900772e-05,1.0,1.0,0.0,0.0,0.0,306,36.35255813598633,fresh_online_exploration,8,11
117984,35,1.0019351243972778,1.0019351243972778,1.0019452571868896,1.0044853297586087e-05,1.0,1.0,0.0,0.0,0.0,311,36.63314437866211,fresh_online_exploration,8,11
117984,44,1.0051500797271729,1.0051500797271729,1.0065075159072876,0.0013574021868407726,1.0,1.0,0.0,1.0,0.0,316,36.83458709716797,fresh_online_exploration,8,11
117984,93,1.00299870967865,1.00299870967865,1.0032848119735718,0.0002861283137463033,1.0,1.0,0.0,1.0,0.0,316,36.64780044555664,fresh_online_exploration,8,11
118176,25,1.0031362771987915,1.0031362771987915,1.0031722784042358,3.5981582186650485e-05,1.0,1.0,0.0,0.0,0.0,302,36.42744445800781,fresh_online_exploration,8,11
118464,42,1.0025078058242798,1.0025078058242798,1.0025867223739624,7.889283006079495e-05,1.0,1.0,0.0,0.0,0.0,309,36.57230758666992,fresh_online_exploration,8,11
118464,81,1.0048695802688599,1.0048695802688599,1.0050740242004395,0.00020445753762032837,1.0,1.0,0.0,0.0,0.0,318,36.74222183227539,fresh_online_exploration,8,11
118656,77,1.0058175325393677,1.0058175325393677,1.0059096813201904,9.220148058375344e-05,1.0,1.0,0.0,0.0,0.0,306,36.58326721191406,fresh_online_exploration,8,11
118752,36,1.000138759613037,1.000138759613037,1.0043327808380127,0.0041939993388950825,1.0,1.0,0.0,0.0,0.0,304,36.422943115234375,fresh_online_exploration,8,11
118848,46,1.00020170211792,1.00020170211792,1.0003186464309692,0.00011696961155394092,1.0,1.0,0.0,0.0,0.0,305,36.392433166503906,fresh_online_exploration,8,11
118848,61,1.0009325742721558,1.0009325742721558,1.0009682178497314,3.5664364986587316e-05,1.0,1.0,0.0,0.0,0.0,310,36.48662185668945,fresh_online_exploration,8,11
118944,2,1.000531792640686,1.000531792640686,1.0010271072387695,0.0004952874733135104,1.0,1.0,0.0,0.0,0.0,310,36.56263732910156,fresh_online_exploration,8,11
118944,49,1.0041590929031372,1.0041590929031372,1.0043001174926758,0.00014101229317020625,1.0,1.0,0.0,1.0,0.0,314,36.56403732299805,fresh_online_exploration,8,11
119040,23,1.0048712491989136,1.0048712491989136,1.0049220323562622,5.0830250984290615e-05,1.0,1.0,0.0,1.0,0.0,317,36.716949462890625,fresh_online_exploration,8,11
119040,51,1.0003548860549927,1.0003548860549927,1.000528335571289,0.00017351798305753618,1.0,1.0,0.0,1.0,0.0,319,36.69947814941406,fresh_online_exploration,8,11
119040,60,1.0049790143966675,1.0049790143966675,1.005006194114685,2.7205307560507208e-05,1.0,1.0,0.0,1.0,0.0,314,36.7162971496582,fresh_online_exploration,8,11
119040,62,1.0002548694610596,1.0002548694610596,1.0004611015319824,0.00020620932627934963,1.0,1.0,0.0,0.0,0.0,311,36.58409881591797,fresh_online_exploration,8,11
119136,12,1.0042237043380737,1.0042237043380737,1.0042483806610107,2.4728373318794183e-05,1.0,1.0,0.0,1.0,0.0,312,36.544395446777344,fresh_online_exploration,8,11
119136,72,1.0039231777191162,1.0039231777191162,1.0040838718414307,0.0001606591686140746,1.0,1.0,0.0,1.0,0.0,310,36.59044647216797,fresh_online_exploration,8,11
119232,48,1.0021135807037354,1.0021135807037354,1.002303123474121,0.00018943846225738525,1.0,1.0,0.0,0.0,0.0,313,36.49650955200195,fresh_online_exploration,8,11
119232,54,1.0019822120666504,1.0019822120666504,1.0019972324371338,1.4969138646847568e-05,1.0,1.0,0.0,0.0,0.0,303,36.34635543823242,fresh_online_exploration,9,11
119424,83,1.000178575515747,1.000178575515747,1.0005192756652832,0.0003406825999263674,1.0,1.0,0.0,0.0,0.0,316,36.656986236572266,fresh_online_exploration,8,11
119424,84,1.0046308040618896,1.0046308040618896,1.0046782493591309,4.739049472846091e-05,1.0,1.0,0.0,1.0,0.0,314,36.64306640625,fresh_online_exploration,8,11
119424,90,1.0038721561431885,1.0038721561431885,1.0038905143737793,1.8449472918291576e-05,1.0,1.0,0.0,0.0,0.0,309,36.53437042236328,fresh_online_exploration,8,11
119520,85,1.00439453125,1.00439453125,1.0044052600860596,1.077909200830618e-05,1.0,1.0,0.0,1.0,0.0,316,36.736732482910156,fresh_online_exploration,8,11
119520,86,1.0045089721679688,1.0045089721679688,1.0047980546951294,0.00028905642102472484,1.0,1.0,0.0,0.0,0.0,310,36.548728942871094,fresh_online_exploration,8,11
119616,10,1.0016868114471436,1.0016868114471436,1.0017035007476807,1.6764259271440096e-05,1.0,1.0,0.0,1.0,0.0,314,36.579193115234375,fresh_online_exploration,8,11
119616,33,1.00229012966156,1.00229012966156,1.0025396347045898,0.00024947544443421066,1.0,1.0,0.0,1.0,0.0,314,36.64817810058594,fresh_online_exploration,8,11
119616,68,1.0015910863876343,1.0015910863876343,1.0017187595367432,0.00012760025856550783,1.0,1.0,0.0,1.0,0.0,316,36.638427734375,fresh_online_exploration,8,11
119616,82,1.0049724578857422,1.0049724578857422,1.0122249126434326,0.007252320181578398,1.0,1.0,0.0,0.0,0.0,316,36.637325286865234,fresh_online_exploration,8,11
119712,27,1.0024129152297974,1.0024129152297974,1.0025355815887451,0.00012272036110516638,1.0,1.0,0.0,1.0,0.0,315,36.53987121582031,fresh_online_exploration,8,11
119712,32,1.0031464099884033,1.0031464099884033,1.0038915872573853,0.0007451826240867376,1.0,1.0,0.0,0.0,0.0,314,36.584930419921875,fresh_online_exploration,8,11
119808,8,1.0009461641311646,1.0009461641311646,1.0010747909545898,0.0001286659244215116,1.0,1.0,0.0,1.0,0.0,314,36.52704620361328,fresh_online_exploration,8,11
119808,13,1.0026265382766724,1.0026265382766724,1.0029706954956055,0.00034410800435580313,1.0,1.0,0.0,1.0,0.0,322,36.89192581176758,fresh_online_exploration,8,11
119904,11,1.0040314197540283,1.0040314197540283,1.0042030811309814,0.000171681895153597,1.0,1.0,0.0,1.0,0.0,318,36.79553985595703,fresh_online_exploration,8,11
119904,43,1.0015650987625122,1.0015650987625122,1.001828908920288,0.00026379941846244037,1.0,1.0,0.0,0.0,0.0,313,36.64802551269531,fresh_online_exploration,8,11
119904,59,1.0027598142623901,1.0027598142623901,1.0032947063446045,0.0005348832928575575,1.0,1.0,0.0,0.0,0.0,315,36.62716293334961,fresh_online_exploration,8,11
120000,45,1.0020012855529785,1.0020012855529785,1.0020387172698975,3.745989306480624e-05,1.0,1.0,0.0,0.0,0.0,315,36.5635871887207,fresh_online_exploration,8,11
120192,75,1.0023959875106812,1.0023959875106812,1.0024361610412598,4.0233004256151617e-05,1.0,1.0,0.0,1.0,0.0,320,36.7742805480957,fresh_online_exploration,8,12
120192,80,1.0006673336029053,1.0006673336029053,1.0008528232574463,0.0001855638693086803,1.0,1.0,0.0,1.0,0.0,316,36.58528137207031,fresh_online_exploration,8,12
120288,58,1.002670168876648,1.002670168876648,1.0030317306518555,0.0003616228059399873,1.0,1.0,0.0,1.0,0.0,318,36.72853469848633,fresh_online_exploration,8,12
120384,14,1.000121831893921,1.000121831893921,1.0002326965332031,0.00011076466762460768,1.0,1.0,0.0,1.0,0.0,314,36.545387268066406,fresh_online_exploration,9,12
120384,15,1.0021016597747803,1.0021016597747803,1.0089555978775024,0.006854035425931215,1.0,1.0,0.0,0.0,0.0,314,36.498470306396484,fresh_online_exploration,9,12
120384,38,1.0006942749023438,1.0006942749023438,1.001018762588501,0.00032441000803373754,1.0,1.0,0.0,1.0,0.0,315,36.54034423828125,fresh_online_exploration,9,12
120480,67,1.002561092376709,1.002561092376709,1.0105416774749756,0.007980679161846638,1.0,1.0,0.0,0.0,0.0,322,36.792503356933594,fresh_online_exploration,8,12
120576,55,1.0043792724609375,1.0043792724609375,1.0045485496520996,0.00016933545703068376,1.0,1.0,0.0,1.0,0.0,320,36.81354904174805,fresh_online_exploration,8,12
120576,69,1.0011036396026611,1.0011036396026611,1.0011200904846191,1.637234709050972e-05,1.0,1.0,0.0,1.0,0.0,318,36.74766159057617,fresh_online_exploration,8,12
120672,56,1.0038760900497437,1.0038760900497437,1.0039150714874268,3.903749893652275e-05,1.0,1.0,0.0,0.0,0.0,312,36.5652961730957,fresh_online_exploration,9,12
120768,7,1.0011883974075317,1.0011883974075317,1.0012476444244385,5.9267938922857866e-05,1.0,1.0,0.0,1.0,0.0,317,36.69313049316406,fresh_online_exploration,9,12
120768,29,1.0023881196975708,1.0023881196975708,1.0026061534881592,0.0002181247400585562,1.0,1.0,0.0,1.0,0.0,320,36.78663635253906,fresh_online_exploration,8,12
120768,66,1.002900242805481,1.002900242805481,1.0029147863388062,1.4571732208423782e-05,1.0,1.0,0.0,0.0,0.0,312,36.52507781982422,fresh_online_exploration,9,12
120864,40,1.0022709369659424,1.0022709369659424,1.002431869506836,0.00016102593508549035,1.0,1.0,0.0,0.0,0.0,311,36.485652923583984,fresh_online_exploration,9,12
120864,52,1.0021244287490845,1.0021244287490845,1.0089632272720337,0.006838759873062372,1.0,1.0,0.0,0.0,0.0,314,36.671871185302734,fresh_online_exploration,9,12
120864,76,1.001062035560608,1.001062035560608,1.0011506080627441,8.856315253069624e-05,1.0,1.0,0.0,1.0,0.0,319,36.591102600097656,fresh_online_exploration,9,12
120960,16,1.0012001991271973,1.0012001991271973,1.0084888935089111,0.00728866970166564,1.0,1.0,0.0,0.0,0.0,321,36.779693603515625,fresh_online_exploration,9,12
120960,50,1.002827763557434,1.002827763557434,1.0031330585479736,0.0003052631509490311,1.0,1.0,0.0,1.0,0.0,321,36.725040435791016,fresh_online_exploration,9,12
120960,71,1.003316879272461,1.003316879272461,1.0037516355514526,0.00043477126746438444,1.0,1.0,0.0,1.0,0.0,322,36.80717849731445,fresh_online_exploration,8,12
121248,18,1.0027472972869873,1.0027472972869873,1.00751531124115,0.00476797204464674,1.0,1.0,0.0,0.0,0.0,315,36.71390914916992,fresh_online_exploration,9,12
121248,30,1.0017344951629639,1.0017344951629639,1.0039985179901123,0.0022640167735517025,1.0,1.0,0.0,0.0,0.0,317,36.673702239990234,fresh_online_exploration,9,12
121248,92,1.004507303237915,1.004507303237915,1.0045294761657715,2.219593443442136e-05,1.0,1.0,0.0,1.0,0.0,327,36.99566650390625,fresh_online_exploration,8,12
121344,34,1.0035191774368286,1.0035191774368286,1.0036029815673828,8.386847184738144e-05,1.0,1.0,0.0,1.0,0.0,320,36.810089111328125,fresh_online_exploration,9,12
121632,5,1.0048023462295532,1.0048023462295532,1.0050859451293945,0.00028350812499411404,1.0,1.0,0.0,0.0,0.0,319,36.75828170776367,fresh_online_exploration,9,12
121632,79,1.003639578819275,1.003639578819275,1.003692626953125,5.314329609973356e-05,1.0,1.0,0.0,1.0,0.0,321,36.706748962402344,fresh_online_exploration,9,12
121728,20,1.0039952993392944,1.0039952993392944,1.0040738582611084,7.861929771024734e-05,1.0,1.0,0.0,1.0,0.0,324,36.79862976074219,fresh_online_exploration,9,12
121824,21,1.0050685405731201,1.0050685405731201,1.00508451461792,1.6012854757718742e-05,1.0,1.0,0.0,0.0,0.0,313,36.612220764160156,fresh_online_exploration,9,12
121824,28,1.0004006624221802,1.0004006624221802,1.000477910041809,7.728080527158454e-05,1.0,1.0,0.0,1.0,0.0,313,36.5926513671875,fresh_online_exploration,9,12
121824,88,1.000527024269104,1.000527024269104,1.0005443096160889,1.7376851246808656e-05,1.0,1.0,0.0,1.0,0.0,323,36.684452056884766,fresh_online_exploration,9,12
121920,6,1.0052552223205566,1.0052552223205566,1.005302906036377,4.769683437189087e-05,1.0,1.0,0.0,1.0,0.0,328,36.85634231567383,fresh_online_exploration,9,12
122112,53,1.0009725093841553,1.0009725093841553,1.0016789436340332,0.000706497288774699,1.0,1.0,0.0,0.0,0.0,316,36.64430618286133,fresh_online_exploration,9,12
122304,19,1.000968337059021,1.000968337059021,1.0010814666748047,0.00011311967682559043,1.0,1.0,0.0,1.0,0.0,320,36.74166488647461,fresh_online_exploration,9,12
122304,63,1.0051050186157227,1.0051050186157227,1.0061817169189453,0.0010767849162220955,1.0,1.0,0.0,0.0,0.0,322,36.846370697021484,fresh_online_exploration,9,12
122496,1,1.0046323537826538,1.0046323537826538,1.0046474933624268,1.5093394722498488e-05,1.0,1.0,0.0,1.0,0.0,334,37.089603424072266,fresh_online_exploration,9,12
122496,95,1.0030678510665894,1.0030678510665894,1.0031300783157349,6.222707452252507e-05,1.0,1.0,0.0,1.0,0.0,316,36.64103698730469,fresh_online_exploration,9,12
122592,22,1.002825379371643,1.002825379371643,1.0031147003173828,0.0002892657648772001,1.0,1.0,0.0,1.0,0.0,331,36.87665557861328,fresh_online_exploration,9,12
122592,47,1.0020102262496948,1.0020102262496948,1.0021212100982666,0.00011095969966845587,1.0,1.0,0.0,1.0,0.0,327,36.83965301513672,fresh_online_exploration,9,12
122592,64,1.0002028942108154,1.0002028942108154,1.0004709959030151,0.0002680887992028147,1.0,1.0,0.0,1.0,0.0,321,36.73838806152344,fresh_online_exploration,9,12
122688,57,1.00588858127594,1.00588858127594,1.0060328245162964,0.00014415466284845024,1.0,1.0,0.0,1.0,0.0,319,36.781005859375,fresh_online_exploration,9,12
122688,74,1.0000847578048706,1.0000847578048706,1.000126838684082,4.212466228636913e-05,1.0,1.0,0.0,1.0,0.0,316,36.61026382446289,fresh_online_exploration,9,12
122880,65,1.002380132675171,1.002380132675171,1.0048831701278687,0.002503005787730217,1.0,1.0,0.0,1.0,0.0,321,36.69746017456055,fresh_online_exploration,9,12
122880,89,1.0022426843643188,1.0022426843643188,1.0026195049285889,0.00037681328831240535,1.0,1.0,0.0,1.0,0.0,328,36.9193229675293,fresh_online_exploration,9,12
122976,9,1.0049974918365479,1.0049974918365479,1.0050790309906006,8.156325202435255e-05,1.0,1.0,0.0,1.0,0.0,329,36.916873931884766,fresh_online_exploration,9,12
123264,94,1.001025915145874,1.001025915145874,1.0013518333435059,0.0003259338845964521,1.0,1.0,0.0,1.0,0.0,324,36.97182846069336,fresh_online_exploration,9,12
145152,91,1.000148892402649,1.000148892402649,1.0003266334533691,0.00017768079123925418,1.0,1.0,0.0,0.0,0.0,307,36.523799896240234,fresh_online_exploration,11,14
145728,39,1.0010567903518677,1.0010567903518677,1.0013513565063477,0.0002945152809843421,1.0,1.0,0.0,0.0,0.0,295,36.354408264160156,fresh_online_exploration,11,14
146112,41,1.0006232261657715,1.0006232261657715,1.0095994472503662,0.00897623598575592,1.0,1.0,0.0,0.0,0.0,302,36.396575927734375,fresh_online_exploration,11,14
147072,25,1.000702142715454,1.000702142715454,1.0007193088531494,1.7146368918474764e-05,1.0,1.0,0.0,0.0,0.0,301,36.36184310913086,fresh_online_exploration,11,14
147072,31,1.0041592121124268,1.0041592121124268,1.0042877197265625,0.00012859540584031492,1.0,1.0,0.0,1.0,0.0,312,36.564388275146484,fresh_online_exploration,11,14
147072,83,1.001003384590149,1.001003384590149,1.001058578491211,5.5116222938522696e-05,1.0,1.0,0.0,0.0,0.0,288,36.085723876953125,fresh_online_exploration,11,14
147168,3,1.0038195848464966,1.0038195848464966,1.004240870475769,0.000421276519773528,1.0,1.0,0.0,0.0,0.0,312,36.6495361328125,fresh_online_exploration,11,14
147360,26,1.002640962600708,1.002640962600708,1.0031192302703857,0.00047830730909481645,1.0,1.0,0.0,1.0,0.0,310,36.472190856933594,fresh_online_exploration,11,14
147552,0,1.0030274391174316,1.0030274391174316,1.0030437707901,1.6365183910238557e-05,1.0,1.0,0.0,0.0,0.0,314,36.66268539428711,fresh_online_exploration,11,14
147744,37,1.000679850578308,1.000679850578308,1.0007872581481934,0.00010743283201009035,1.0,1.0,0.0,1.0,0.0,311,36.591468811035156,fresh_online_exploration,11,14
147744,44,1.0003639459609985,1.0003639459609985,1.0003775358200073,1.3599160411104094e-05,1.0,1.0,0.0,1.0,0.0,310,36.510231018066406,fresh_online_exploration,11,14
147840,24,1.0046101808547974,1.0046101808547974,1.0046346187591553,2.4376797227887437e-05,1.0,1.0,0.0,1.0,0.0,317,36.78810119628906,fresh_online_exploration,11,14
147840,87,1.002479076385498,1.002479076385498,1.0026075839996338,0.0001284262107219547,1.0,1.0,0.0,1.0,0.0,312,36.579811096191406,fresh_online_exploration,11,14
147936,17,1.0018088817596436,1.0018088817596436,1.001957893371582,0.00014898041263222694,1.0,1.0,0.0,1.0,0.0,321,36.79347229003906,fresh_online_exploration,11,14
147936,77,1.0055978298187256,1.0055978298187256,1.0059340000152588,0.0003361926937941462,1.0,1.0,0.0,0.0,0.0,305,36.481815338134766,fresh_online_exploration,11,14
148032,78,1.000015377998352,1.000015377998352,1.006610631942749,0.006595202721655369,1.0,1.0,0.0,0.0,0.0,318,36.77456283569336,fresh_online_exploration,11,14
148128,62,1.002142071723938,1.002142071723938,1.0022701025009155,0.00012804704601876438,1.0,1.0,0.0,0.0,0.0,303,36.38854217529297,fresh_online_exploration,11,14
148128,70,1.0038959980010986,1.0038959980010986,1.0041530132293701,0.0002570382785052061,1.0,1.0,0.0,1.0,0.0,323,37.012725830078125,fresh_online_exploration,11,14
148224,60,1.0005909204483032,1.0005909204483032,1.0007987022399902,0.00020781171042472124,1.0,1.0,0.0,0.0,0.0,304,36.45191955566406,fresh_online_exploration,11,14
148416,73,1.0011886358261108,1.0011886358261108,1.0013155937194824,0.00012692977907136083,1.0,1.0,0.0,1.0,0.0,318,36.703575134277344,fresh_online_exploration,11,14
148608,4,1.0032365322113037,1.0032365322113037,1.0110911130905151,0.007854608818888664,1.0,1.0,0.0,0.0,0.0,324,36.87505340576172,fresh_online_exploration,11,14
148704,61,1.0049176216125488,1.0049176216125488,1.005052089691162,0.00013445114018395543,1.0,1.0,0.0,1.0,0.0,311,36.688880920410156,fresh_online_exploration,11,14
148704,81,1.0024292469024658,1.0024292469024658,1.0091252326965332,0.006695867516100407,1.0,1.0,0.0,0.0,0.0,315,36.72262191772461,fresh_online_exploration,11,14
148704,93,1.003035306930542,1.003035306930542,1.0101938247680664,0.007158651016652584,1.0,1.0,0.0,0.0,0.0,320,36.86429977416992,fresh_online_exploration,11,14
148896,35,1.0053380727767944,1.0053380727767944,1.0056042671203613,0.00026624195743352175,1.0,1.0,0.0,1.0,0.0,322,36.9737663269043,fresh_online_exploration,11,14
148896,49,1.0035181045532227,1.0035181045532227,1.003722906112671,0.00020481021783780307,1.0,1.0,0.0,0.0,0.0,312,36.559566497802734,fresh_online_exploration,11,14
149088,32,1.0045886039733887,1.0045886039733887,1.0047073364257812,0.00011880419333465397,1.0,1.0,0.0,0.0,0.0,306,36.508426666259766,fresh_online_exploration,11,14
149184,33,1.0020582675933838,1.0020582675933838,1.0021319389343262,7.362736505456269e-05,1.0,1.0,0.0,1.0,0.0,308,36.53620147705078,fresh_online_exploration,11,14
149184,90,1.0033270120620728,1.0033270120620728,1.0036743879318237,0.00034739309921860695,1.0,1.0,0.0,0.0,0.0,310,36.4610595703125,fresh_online_exploration,11,14
149280,2,1.0018690824508667,1.0018690824508667,1.001914381980896,4.5289409172255546e-05,1.0,1.0,0.0,1.0,0.0,316,36.675743103027344,fresh_online_exploration,11,14
149280,42,1.003951907157898,1.003951907157898,1.0062956809997559,0.002343947533518076,1.0,1.0,0.0,1.0,0.0,321,36.8134765625,fresh_online_exploration,11,14
149280,86,1.0000553131103516,1.0000553131103516,1.0008350610733032,0.0007798096048645675,1.0,1.0,0.0,0.0,0.0,310,36.54353332519531,fresh_online_exploration,11,14
149472,36,1.0051480531692505,1.0051480531692505,1.005157709121704,9.74208796833409e-06,1.0,1.0,0.0,1.0,0.0,320,36.949607849121094,fresh_online_exploration,11,14
149568,23,1.0026673078536987,1.0026673078536987,1.0027045011520386,3.7178644561208785e-05,1.0,1.0,0.0,1.0,0.0,318,36.82902526855469,fresh_online_exploration,11,14
149568,46,1.0045874118804932,1.0045874118804932,1.005190372467041,0.0006030373042449355,1.0,1.0,0.0,1.0,0.0,320,36.846092224121094,fresh_online_exploration,11,14
149664,11,1.0018022060394287,1.0018022060394287,1.001819372177124,1.7154839952127077e-05,1.0,1.0,0.0,0.0,0.0,310,36.54200744628906,fresh_online_exploration,11,14
149664,48,1.0047006607055664,1.0047006607055664,1.0048723220825195,0.000171608233358711,1.0,1.0,0.0,0.0,0.0,317,36.79369354248047,fresh_online_exploration,11,14
149664,54,1.0033977031707764,1.0033977031707764,1.0034129619598389,1.5194484149105847e-05,1.0,1.0,0.0,1.0,0.0,317,36.72936248779297,fresh_online_exploration,11,14
149760,51,1.005345344543457,1.005345344543457,1.0056779384613037,0.0003326474688947201,1.0,1.0,0.0,1.0,0.0,320,36.87030792236328,fresh_online_exploration,11,14
149856,68,1.0011649131774902,1.0011649131774902,1.0012420415878296,7.71427876316011e-05,1.0,1.0,0.0,1.0,0.0,315,36.65098190307617,fresh_online_exploration,11,14
150048,82,1.0037966966629028,1.0037966966629028,1.013916015625,0.010119326412677765,1.0,1.0,0.0,0.0,0.0,317,36.79804229736328,fresh_online_exploration,11,14
150048,84,1.0055221319198608,1.0055221319198608,1.0055766105651855,5.45221300853882e-05,1.0,1.0,0.0,1.0,0.0,319,36.84092330932617,fresh_online_exploration,11,14
150144,85,1.0009386539459229,1.0009386539459229,1.0014678239822388,0.000529186800122261,1.0,1.0,0.0,0.0,0.0,319,36.765499114990234,fresh_online_exploration,11,15
150240,13,1.0031169652938843,1.0031169652938843,1.0033657550811768,0.0002488027384970337,1.0,1.0,0.0,1.0,0.0,317,36.69585037231445,fresh_online_exploration,11,15
150336,38,1.0015015602111816,1.0015015602111816,1.0058622360229492,0.004360815044492483,1.0,1.0,0.0,0.0,0.0,312,36.666587829589844,fresh_online_exploration,12,15
150336,58,1.0046632289886475,1.0046632289886475,1.0051350593566895,0.00047191479825414717,1.0,1.0,0.0,0.0,0.0,313,36.73972702026367,fresh_online_exploration,12,15
150336,72,1.005012035369873,1.005012035369873,1.0051398277282715,0.00012779142707586288,1.0,1.0,0.0,1.0,0.0,325,37.03642272949219,fresh_online_exploration,11,15
150528,10,1.0031049251556396,1.0031049251556396,1.0036005973815918,0.0004955746699124575,1.0,1.0,0.0,1.0,0.0,322,36.89791488647461,fresh_online_exploration,11,15
150528,12,1.0036609172821045,1.0036609172821045,1.0043832063674927,0.0007223050342872739,1.0,1.0,0.0,1.0,0.0,327,36.96235275268555,fresh_online_exploration,11,15
150528,59,1.0012714862823486,1.0012714862823486,1.0013008117675781,2.936678174592089e-05,1.0,1.0,0.0,1.0,0.0,319,36.73968505859375,fresh_online_exploration,11,15
150624,45,1.006028175354004,1.006028175354004,1.0060392618179321,1.103579779737629e-05,1.0,1.0,0.0,1.0,0.0,319,36.848060607910156,fresh_online_exploration,11,15
150624,75,1.004581332206726,1.004581332206726,1.0048341751098633,0.0002529102494008839,1.0,1.0,0.0,1.0,0.0,317,36.69956970214844,fresh_online_exploration,12,15
150720,27,1.0015122890472412,1.0015122890472412,1.0026538372039795,0.0011415004264563322,1.0,1.0,0.0,1.0,0.0,323,36.87641525268555,fresh_online_exploration,11,15
150720,43,1.0037286281585693,1.0037286281585693,1.0037386417388916,9.966600373445544e-06,1.0,1.0,0.0,1.0,0.0,321,36.92363357543945,fresh_online_exploration,11,15
150720,56,1.0051839351654053,1.0051839351654053,1.0053932666778564,0.0002093203947879374,1.0,1.0,0.0,0.0,0.0,313,36.72038269042969,fresh_online_exploration,12,15
150816,14,1.0034267902374268,1.0034267902374268,1.0035709142684937,0.00014405576803255826,1.0,1.0,0.0,1.0,0.0,317,36.83930969238281,fresh_online_exploration,12,15
150816,15,1.0010048151016235,1.0010048151016235,1.0011184215545654,0.00011369889398338273,1.0,1.0,0.0,1.0,0.0,317,36.74172592163086,fresh_online_exploration,12,15
150912,71,1.0049140453338623,1.0049140453338623,1.0050439834594727,0.00012998897000215948,1.0,1.0,0.0,1.0,0.0,312,36.72035217285156,fresh_online_exploration,12,15
151008,50,1.002486228942871,1.002486228942871,1.0025626420974731,7.643462595297024e-05,1.0,1.0,0.0,1.0,0.0,313,36.706207275390625,fresh_online_exploration,12,15
151008,52,1.0043877363204956,1.0043877363204956,1.0044327974319458,4.5034801587462425e-05,1.0,1.0,0.0,1.0,0.0,314,36.7464714050293,fresh_online_exploration,12,15
151104,20,1.001136302947998,1.001136302947998,1.0015552043914795,0.0004188896855339408,1.0,1.0,0.0,0.0,0.0,306,36.55104064941406,fresh_online_exploration,12,15
151200,8,1.0050115585327148,1.0050115585327148,1.0051870346069336,0.0001754546829033643,1.0,1.0,0.0,1.0,0.0,327,37.03585433959961,fresh_online_exploration,11,15
151200,76,1.0037028789520264,1.0037028789520264,1.004296064376831,0.0005931851919740438,1.0,1.0,0.0,1.0,0.0,316,36.70861053466797,fresh_online_exploration,12,15
151296,55,1.0005695819854736,1.0005695819854736,1.0011065006256104,0.0005368393613025546,1.0,1.0,0.0,1.0,0.0,320,36.73261260986328,fresh_online_exploration,12,15
151296,66,1.0046616792678833,1.0046616792678833,1.0047142505645752,5.253016570350155e-05,1.0,1.0,0.0,1.0,0.0,318,36.77969741821289,fresh_online_exploration,12,15
151392,69,1.0046312808990479,1.0046312808990479,1.0046920776367188,6.081217361497693e-05,1.0,1.0,0.0,1.0,0.0,321,36.88450622558594,fresh_online_exploration,12,15
151392,80,1.0001705884933472,1.0001705884933472,1.0002784729003906,0.00010795023263199255,1.0,1.0,0.0,1.0,0.0,325,36.94933319091797,fresh_online_exploration,12,15
151584,7,1.0000650882720947,1.0000650882720947,1.0004969835281372,0.00043191248551011086,1.0,1.0,0.0,1.0,0.0,321,36.90574264526367,fresh_online_exploration,12,15
151680,5,1.004321813583374,1.004321813583374,1.004539132118225,0.00021735928021371365,1.0,1.0,0.0,1.0,0.0,313,36.64921188354492,fresh_online_exploration,12,15
151680,92,1.00413978099823,1.00413978099823,1.0041491985321045,9.47537409956567e-06,1.0,1.0,0.0,1.0,0.0,317,36.8503303527832,fresh_online_exploration,12,15
151776,88,1.0045567750930786,1.0045567750930786,1.00494384765625,0.0003869891515932977,1.0,1.0,0.0,1.0,0.0,312,36.649688720703125,fresh_online_exploration,12,15
151872,79,1.0040438175201416,1.0040438175201416,1.0040552616119385,1.1463187547633424e-05,1.0,1.0,0.0,1.0,0.0,315,36.684326171875,fresh_online_exploration,12,15
151968,29,1.000657081604004,1.000657081604004,1.0009915828704834,0.00033447201712988317,1.0,1.0,0.0,1.0,0.0,325,36.8753662109375,fresh_online_exploration,12,15
151968,67,1.0036745071411133,1.0036745071411133,1.0047271251678467,0.001052504638209939,1.0,1.0,0.0,0.0,0.0,328,36.9753532409668,fresh_online_exploration,12,15
152064,16,1.0043244361877441,1.0043244361877441,1.016594409942627,0.012269818224012852,1.0,1.0,0.0,0.0,0.0,324,36.952392578125,fresh_online_exploration,12,15
152160,34,1.0005336999893188,1.0005336999893188,1.0006181001663208,8.443356637144461e-05,1.0,1.0,0.0,1.0,0.0,321,36.620872497558594,fresh_online_exploration,12,15
152160,64,1.0042918920516968,1.0042918920516968,1.0046745538711548,0.00038264799513854086,1.0,1.0,0.0,0.0,0.0,308,36.54344177246094,fresh_online_exploration,12,15
152256,40,1.0000518560409546,1.0000518560409546,1.0002572536468506,0.00020538238459266722,1.0,1.0,0.0,1.0,0.0,327,36.79131317138672,fresh_online_exploration,12,15
152352,53,1.0040665864944458,1.0040665864944458,1.004122018814087,5.5473832617281005e-05,1.0,1.0,0.0,1.0,0.0,315,36.740142822265625,fresh_online_exploration,12,15
152448,21,1.002098560333252,1.002098560333252,1.0025829076766968,0.00048434388008899987,1.0,1.0,0.0,1.0,0.0,319,36.82858657836914,fresh_online_exploration,12,15
152448,22,1.0047670602798462,1.0047670602798462,1.0048152208328247,4.816685395780951e-05,1.0,1.0,0.0,1.0,0.0,311,36.56840896606445,fresh_online_exploration,12,15
152544,63,1.0013295412063599,1.0013295412063599,1.0014333724975586,0.00010391023533884436,1.0,1.0,0.0,1.0,0.0,315,36.68323516845703,fresh_online_exploration,12,15
152640,65,1.0040537118911743,1.0040537118911743,1.0064046382904053,0.002350935712456703,1.0,1.0,0.0,0.0,0.0,310,36.70293426513672,fresh_online_exploration,12,15
152736,74,1.0049604177474976,1.0049604177474976,1.0052824020385742,0.0003219206409994513,1.0,1.0,0.0,0.0,0.0,313,36.6861572265625,fresh_online_exploration,12,15
152832,28,1.0038297176361084,1.0038297176361084,1.0039434432983398,0.00011379651550669223,1.0,1.0,0.0,1.0,0.0,323,36.870948791503906,fresh_online_exploration,12,15
152832,95,1.0034735202789307,1.0034735202789307,1.0035996437072754,0.00012614594015758485,1.0,1.0,0.0,0.0,0.0,316,36.777523040771484,fresh_online_exploration,12,15
152928,19,1.001107096672058,1.001107096672058,1.0013585090637207,0.00025141623336821795,1.0,1.0,0.0,1.0,0.0,319,36.785682678222656,fresh_online_exploration,12,15
152928,30,1.0046766996383667,1.0046766996383667,1.0049326419830322,0.0002558762498665601,1.0,1.0,0.0,1.0,0.0,330,37.262760162353516,fresh_online_exploration,12,15
153024,6,1.0026147365570068,1.0026147365570068,1.002899169921875,0.0002845377894118428,1.0,1.0,0.0,1.0,0.0,324,36.94994354248047,fresh_online_exploration,12,15
153120,18,1.00394868850708,1.00394868850708,1.0040948390960693,0.00014614465180784464,1.0,1.0,0.0,1.0,0.0,332,37.15687561035156,fresh_online_exploration,12,15
153120,47,1.0023276805877686,1.0023276805877686,1.0023937225341797,6.597954052267596e-05,1.0,1.0,0.0,1.0,0.0,318,36.828285217285156,fresh_online_exploration,12,15
153216,57,1.0053997039794922,1.0053997039794922,1.0056135654449463,0.00021388220193330199,1.0,1.0,0.0,0.0,0.0,318,36.7285041809082,fresh_online_exploration,12,15
153408,89,1.0047712326049805,1.0047712326049805,1.005637764930725,0.0008665858767926693,1.0,1.0,0.0,0.0,0.0,318,36.870849609375,fresh_online_exploration,12,15
153504,1,1.0016882419586182,1.0016882419586182,1.0017554759979248,6.729680899297819e-05,1.0,1.0,0.0,1.0,0.0,323,36.8098258972168,fresh_online_exploration,12,15
153792,9,1.0053623914718628,1.0053623914718628,1.005815863609314,0.0004534983600024134,1.0,1.0,0.0,1.0,0.0,321,36.99978256225586,fresh_online_exploration,12,15
153984,94,1.001283884048462,1.001283884048462,1.0014582872390747,0.00017436413327232003,1.0,1.0,0.0,1.0,0.0,320,36.75798416137695,fresh_online_exploration,12,15
174336,91,1.0032618045806885,1.0032618045806885,1.003624439239502,0.00036256646853871644,1.0,1.0,0.0,0.0,0.0,304,36.467498779296875,fresh_online_exploration,14,17
175104,39,1.0033950805664062,1.0033950805664062,1.0034117698669434,1.6713591321604326e-05,1.0,1.0,0.0,0.0,0.0,306,36.51796340942383,fresh_online_exploration,14,17
176160,31,1.0031917095184326,1.0031917095184326,1.0032014846801758,9.72037287283456e-06,1.0,1.0,0.0,0.0,0.0,303,36.39106750488281,fresh_online_exploration,14,17
176160,41,1.0015549659729004,1.0015549659729004,1.014081597328186,0.012526492588222027,1.0,1.0,0.0,0.0,0.0,313,36.68610382080078,fresh_online_exploration,14,17
176544,0,1.0010673999786377,1.0010673999786377,1.001253604888916,0.00018617496243678033,1.0,1.0,0.0,0.0,0.0,302,36.38935089111328,fresh_online_exploration,14,17
176544,25,1.001297116279602,1.001297116279602,1.0013136863708496,1.663783041294664e-05,1.0,1.0,0.0,0.0,0.0,307,36.49235916137695,fresh_online_exploration,14,17
176640,26,1.0020745992660522,1.0020745992660522,1.004248857498169,0.002174254972487688,1.0,1.0,0.0,0.0,0.0,305,36.480125427246094,fresh_online_exploration,14,17
176832,70,1.0018624067306519,1.0018624067306519,1.0018723011016846,9.913384928950109e-06,1.0,1.0,0.0,0.0,0.0,299,36.31342697143555,fresh_online_exploration,14,17
177120,17,1.003826379776001,1.003826379776001,1.0041208267211914,0.0002944876323454082,1.0,1.0,0.0,0.0,0.0,304,36.5474967956543,fresh_online_exploration,14,17
177216,37,1.0043374300003052,1.0043374300003052,1.0044195652008057,8.220203017117456e-05,1.0,1.0,0.0,0.0,0.0,307,36.55046081542969,fresh_online_exploration,14,17
177408,3,1.0049643516540527,1.0049643516540527,1.0049974918365479,3.3213324059033766e-05,1.0,1.0,0.0,1.0,0.0,315,36.74871063232422,fresh_online_exploration,14,17
177600,24,1.0022461414337158,1.0022461414337158,1.0022844076156616,3.825684325420298e-05,1.0,1.0,0.0,1.0,0.0,310,36.63296127319336,fresh_online_exploration,14,17
177600,73,1.0012013912200928,1.0012013912200928,1.0012762546539307,7.483988156309351e-05,1.0,1.0,0.0,0.0,0.0,304,36.474266052246094,fresh_online_exploration,14,17
177696,87,1.0037473440170288,1.0037473440170288,1.0038244724273682,7.706362521275878e-05,1.0,1.0,0.0,0.0,0.0,311,36.50568771362305,fresh_online_exploration,14,17
177792,44,1.001402735710144,1.001402735710144,1.002094030380249,0.0006913463585078716,1.0,1.0,0.0,0.0,0.0,313,36.65283966064453,fresh_online_exploration,14,17
177792,61,1.0016027688980103,1.0016027688980103,1.001741886138916,0.00013902485079597682,1.0,1.0,0.0,0.0,0.0,303,36.423282623291016,fresh_online_exploration,14,17
177984,62,1.0038189888000488,1.0038189888000488,1.0040887594223022,0.00026975711807608604,1.0,1.0,0.0,0.0,0.0,311,36.6805305480957,fresh_online_exploration,14,17
177984,78,1.0054504871368408,1.0054504871368408,1.010329008102417,0.00487848836928606,1.0,1.0,0.0,0.0,0.0,312,36.6722412109375,fresh_online_exploration,14,17
177984,83,1.001042127609253,1.001042127609253,1.0012863874435425,0.0002442347467876971,1.0,1.0,0.0,1.0,0.0,322,36.86052322387695,fresh_online_exploration,14,17
178080,49,1.002598762512207,1.002598762512207,1.005748987197876,0.0031501410994678736,1.0,1.0,0.0,0.0,0.0,304,36.57554244995117,fresh_online_exploration,14,17
178080,60,1.0023221969604492,1.0023221969604492,1.0024958848953247,0.00017366302199661732,1.0,1.0,0.0,1.0,0.0,311,36.50737762451172,fresh_online_exploration,14,17
178368,36,1.0009269714355469,1.0009269714355469,1.0063667297363281,0.005439822096377611,1.0,1.0,0.0,0.0,0.0,301,36.39934158325195,fresh_online_exploration,14,17
178464,32,1.0019527673721313,1.0019527673721313,1.002557396888733,0.0006045980262570083,1.0,1.0,0.0,0.0,0.0,306,36.469417572021484,fresh_online_exploration,14,17
178560,93,1.0051920413970947,1.0051920413970947,1.0058050155639648,0.000612945354077965,1.0,1.0,0.0,0.0,0.0,311,36.68994903564453,fresh_online_exploration,14,17
178656,23,1.0033386945724487,1.0033386945724487,1.0034657716751099,0.00012708779831882566,1.0,1.0,0.0,0.0,0.0,303,36.409820556640625,fresh_online_exploration,14,17
178656,68,1.0050369501113892,1.0050369501113892,1.0051188468933105,8.198807336157188e-05,1.0,1.0,0.0,0.0,0.0,300,36.40203857421875,fresh_online_exploration,14,17
178656,77,1.0051368474960327,1.0051368474960327,1.0054453611373901,0.0003084879426751286,1.0,1.0,0.0,1.0,0.0,320,36.70579147338867,fresh_online_exploration,14,17
178848,11,1.0051461458206177,1.0051461458206177,1.005506992340088,0.0003607859252952039,1.0,1.0,0.0,0.0,0.0,304,36.390655517578125,fresh_online_exploration,14,17
178848,48,1.0034689903259277,1.0034689903259277,1.003525972366333,5.691666228813119e-05,1.0,1.0,0.0,0.0,0.0,304,36.38505554199219,fresh_online_exploration,14,17
178944,42,1.0033546686172485,1.0033546686172485,1.0033659934997559,1.1288811037957203e-05,1.0,1.0,0.0,0.0,0.0,309,36.61099624633789,fresh_online_exploration,14,17
178944,81,1.0020772218704224,1.0020772218704224,1.0026483535766602,0.0005711525445804,1.0,1.0,0.0,0.0,0.0,315,36.62029266357422,fresh_online_exploration,14,17
179040,54,1.0047314167022705,1.0047314167022705,1.0048441886901855,0.00011284032370895147,1.0,1.0,0.0,1.0,0.0,306,36.56829071044922,fresh_online_exploration,14,17
179136,33,1.0034894943237305,1.0034894943237305,1.0035409927368164,5.156730185262859e-05,1.0,1.0,0.0,1.0,0.0,312,36.764251708984375,fresh_online_exploration,14,17
179136,35,1.0001757144927979,1.0001757144927979,1.0104949474334717,0.010319124907255173,1.0,1.0,0.0,0.0,0.0,315,36.61296081542969,fresh_online_exploration,14,17
179328,2,1.0032234191894531,1.0032234191894531,1.0032328367233276,9.379305083712097e-06,1.0,1.0,0.0,0.0,0.0,313,36.545162200927734,fresh_online_exploration,14,17
179424,82,1.003815770149231,1.003815770149231,1.0094971656799316,0.0056814043782651424,1.0,1.0,0.0,0.0,0.0,306,36.51304626464844,fresh_online_exploration,14,17
179616,51,1.0012915134429932,1.0012915134429932,1.001554250717163,0.00026277717552147806,1.0,1.0,0.0,0.0,0.0,311,36.56049346923828,fresh_online_exploration,14,17
179616,72,1.0025155544281006,1.0025155544281006,1.0025922060012817,7.667549652978778e-05,1.0,1.0,0.0,0.0,0.0,305,36.50099182128906,fresh_online_exploration,15,17
179616,84,1.0016547441482544,1.0016547441482544,1.0018210411071777,0.00016626428987365216,1.0,1.0,0.0,0.0,0.0,308,36.5073356628418,fresh_online_exploration,14,17
179616,90,1.0042266845703125,1.0042266845703125,1.0044021606445312,0.00017551083874423057,1.0,1.0,0.0,1.0,0.0,317,36.84126281738281,fresh_online_exploration,14,17
179712,13,1.0014152526855469,1.0014152526855469,1.0014326572418213,1.7466856661485508e-05,1.0,1.0,0.0,0.0,0.0,307,36.44084930419922,fresh_online_exploration,15,17
179712,86,1.0040923357009888,1.0040923357009888,1.0051565170288086,0.0010642316192388535,1.0,1.0,0.0,0.0,0.0,317,36.78437805175781,fresh_online_exploration,14,17
179904,4,1.0053375959396362,1.0053375959396362,1.0132418870925903,0.007904361002147198,1.0,1.0,0.0,0.0,0.0,326,37.009952545166016,fresh_online_exploration,14,17
179904,38,1.0016636848449707,1.0016636848449707,1.013232707977295,0.011569025926291943,1.0,1.0,0.0,0.0,0.0,308,36.531822204589844,fresh_online_exploration,15,17
179904,46,1.0026870965957642,1.0026870965957642,1.0029155015945435,0.00022835389245301485,1.0,1.0,0.0,1.0,0.0,316,36.68479919433594,fresh_online_exploration,14,17
180000,12,1.0046824216842651,1.0046824216842651,1.004889726638794,0.00020725722424685955,1.0,1.0,0.0,0.0,0.0,307,36.46310043334961,fresh_online_exploration,15,17
180000,43,1.000393033027649,1.000393033027649,1.000462532043457,6.949452654225752e-05,1.0,1.0,0.0,1.0,0.0,305,36.46516036987305,fresh_online_exploration,15,17
180000,71,1.0003663301467896,1.0003663301467896,1.0004119873046875,4.5623211917700246e-05,1.0,1.0,0.0,0.0,0.0,303,36.40711212158203,fresh_online_exploration,15,17
180096,59,1.002942442893982,1.002942442893982,1.0030080080032349,6.557114102179185e-05,1.0,1.0,0.0,0.0,0.0,308,36.54110336303711,fresh_online_exploration,15,18
180288,52,1.0027427673339844,1.0027427673339844,1.003394365310669,0.0006515613058581948,1.0,1.0,0.0,0.0,0.0,305,36.502479553222656,fresh_online_exploration,15,18
180288,58,1.0002208948135376,1.0002208948135376,1.0133299827575684,0.013109314255416393,1.0,1.0,0.0,0.0,0.0,312,36.59774398803711,fresh_online_exploration,15,18
180384,14,1.0030142068862915,1.0030142068862915,1.003533124923706,0.0005188530194573104,1.0,1.0,0.0,0.0,0.0,308,36.574806213378906,fresh_online_exploration,15,18
180384,56,1.0000087022781372,1.0000087022781372,1.0003809928894043,0.0003722161636687815,1.0,1.0,0.0,0.0,0.0,309,36.485137939453125,fresh_online_exploration,15,18
180480,75,1.0019301176071167,1.0019301176071167,1.0020110607147217,8.099694241536781e-05,1.0,1.0,0.0,1.0,0.0,311,36.60807800292969,fresh_online_exploration,15,18
180480,76,1.004019021987915,1.004019021987915,1.0042133331298828,0.00019438065646681935,1.0,1.0,0.0,0.0,0.0,305,36.54249954223633,fresh_online_exploration,15,18
180576,45,1.0049936771392822,1.0049936771392822,1.0051751136779785,0.00018150189134757966,1.0,1.0,0.0,0.0,0.0,312,36.633121490478516,fresh_online_exploration,15,18
180576,55,1.001151442527771,1.001151442527771,1.0012314319610596,7.99860863480717e-05,1.0,1.0,0.0,0.0,0.0,305,36.50245666503906,fresh_online_exploration,15,18
180672,10,1.0031832456588745,1.0031832456588745,1.0032002925872803,1.703119596641045e-05,1.0,1.0,0.0,1.0,0.0,314,36.707977294921875,fresh_online_exploration,15,18
180672,50,1.0007234811782837,1.0007234811782837,1.0009024143218994,0.00017885486886370927,1.0,1.0,0.0,0.0,0.0,309,36.42876052856445,fresh_online_exploration,15,18
180768,27,1.0016028881072998,1.0016028881072998,1.0017950534820557,0.00019211479229852557,1.0,1.0,0.0,1.0,0.0,313,36.63361358642578,fresh_online_exploration,15,18
180864,85,1.0044416189193726,1.0044416189193726,1.0047056674957275,0.00026400265051051974,1.0,1.0,0.0,0.0,0.0,320,36.77389907836914,fresh_online_exploration,15,18
180960,69,1.0051177740097046,1.0051177740097046,1.0054457187652588,0.00032790302066132426,1.0,1.0,0.0,0.0,0.0,308,36.58955764770508,fresh_online_exploration,15,18
181056,5,1.004854440689087,1.004854440689087,1.004875898361206,2.1514992113225162e-05,1.0,1.0,0.0,0.0,0.0,306,36.51523971557617,fresh_online_exploration,15,18
181056,20,1.00432550907135,1.00432550907135,1.0045139789581299,0.0001884094817796722,1.0,1.0,0.0,1.0,0.0,312,36.59758758544922,fresh_online_exploration,15,18
181152,15,1.000014066696167,1.000014066696167,1.0064764022827148,0.006462378427386284,1.0,1.0,0.0,0.0,0.0,316,36.694427490234375,fresh_online_exploration,15,18
181152,67,1.0004383325576782,1.0004383325576782,1.010293960571289,0.009855609387159348,1.0,1.0,0.0,0.0,0.0,304,36.347232818603516,fresh_online_exploration,15,18
181344,80,1.0019662380218506,1.0019662380218506,1.0020051002502441,3.893712710123509e-05,1.0,1.0,0.0,1.0,0.0,312,36.610355377197266,fresh_online_exploration,15,18
181440,79,1.0053613185882568,1.0053613185882568,1.0057172775268555,0.0003560420882422477,1.0,1.0,0.0,0.0,0.0,308,36.4146842956543,fresh_online_exploration,15,18
181536,7,1.0009654760360718,1.0009654760360718,1.0014293193817139,0.0004637643287423998,1.0,1.0,0.0,0.0,0.0,312,36.592525482177734,fresh_online_exploration,15,18
181536,21,1.001233458518982,1.001233458518982,1.0013267993927002,9.337058872915804e-05,1.0,1.0,0.0,0.0,0.0,303,36.370140075683594,fresh_online_exploration,15,18
181632,66,1.0014822483062744,1.0014822483062744,1.001561164855957,7.890318374847993e-05,1.0,1.0,0.0,1.0,0.0,316,36.71839904785156,fresh_online_exploration,15,18
181728,8,1.0014727115631104,1.0014727115631104,1.0016438961029053,0.0001711920485831797,1.0,1.0,0.0,1.0,0.0,318,36.7345085144043,fresh_online_exploration,15,18
181728,88,1.0009437799453735,1.0009437799453735,1.0016971826553345,0.0007534236647188663,1.0,1.0,0.0,0.0,0.0,312,36.608177185058594,fresh_online_exploration,15,18
181824,64,1.0042266845703125,1.0042266845703125,1.0049149990081787,0.0006882768357172608,1.0,1.0,0.0,0.0,0.0,309,36.67453384399414,fresh_online_exploration,15,18
181920,16,1.0022225379943848,1.0022225379943848,1.012392282485962,0.010169628076255322,1.0,1.0,0.0,0.0,0.0,311,36.58787155151367,fresh_online_exploration,15,18
182112,65,1.001787781715393,1.001787781715393,1.0017985105514526,1.0743522580014542e-05,1.0,1.0,0.0,0.0,0.0,307,36.43864440917969,fresh_online_exploration,15,18
182208,29,1.001798152923584,1.001798152923584,1.0018787384033203,8.055898069869727e-05,1.0,1.0,0.0,1.0,0.0,315,36.73896026611328,fresh_online_exploration,15,18
182208,40,1.0013421773910522,1.0013421773910522,1.0014746189117432,0.00013250496704131365,1.0,1.0,0.0,0.0,0.0,312,36.57077407836914,fresh_online_exploration,15,18
182400,22,1.001598596572876,1.001598596572876,1.0016670227050781,6.846844917163253e-05,1.0,1.0,0.0,0.0,0.0,312,36.611873626708984,fresh_online_exploration,15,18
182496,30,1.0043323040008545,1.0043323040008545,1.0079656839370728,0.003633348038420081,1.0,1.0,0.0,0.0,0.0,308,36.64141845703125,fresh_online_exploration,15,18
182592,53,1.004632592201233,1.004632592201233,1.0046995878219604,6.698698416585103e-05,1.0,1.0,0.0,1.0,0.0,315,36.71406555175781,fresh_online_exploration,15,18
182688,63,1.000871181488037,1.000871181488037,1.000901460647583,3.0267596230260096e-05,1.0,1.0,0.0,1.0,0.0,314,36.58076095581055,fresh_online_exploration,15,18
182688,92,1.0013022422790527,1.0013022422790527,1.0013813972473145,7.911418651929125e-05,1.0,1.0,0.0,1.0,0.0,323,36.84187316894531,fresh_online_exploration,15,18
182880,19,1.0037122964859009,1.0037122964859009,1.013792872428894,0.010080520994961262,1.0,1.0,0.0,0.0,0.0,312,36.608402252197266,fresh_online_exploration,15,18
182880,34,1.0037257671356201,1.0037257671356201,1.003920316696167,0.0001945908588822931,1.0,1.0,0.0,1.0,0.0,320,36.813140869140625,fresh_online_exploration,15,18
182880,95,1.0018806457519531,1.0018806457519531,1.0023770332336426,0.0004963927203789353,1.0,1.0,0.0,0.0,0.0,313,36.537841796875,fresh_online_exploration,15,18
183168,28,1.0040568113327026,1.0040568113327026,1.0043485164642334,0.000291663920506835,1.0,1.0,0.0,1.0,0.0,316,36.80817413330078,fresh_online_exploration,15,18
183168,57,1.003322720527649,1.003322720527649,1.0035591125488281,0.00023644916655030102,1.0,1.0,0.0,0.0,0.0,312,36.705352783203125,fresh_online_exploration,15,18
183264,18,1.0024064779281616,1.0024064779281616,1.0067402124404907,0.004333746153861284,1.0,1.0,0.0,0.0,0.0,314,36.65754699707031,fresh_online_exploration,15,18
183456,74,1.004952073097229,1.004952073097229,1.0053061246871948,0.0003540463512763381,1.0,1.0,0.0,1.0,0.0,320,36.7910270690918,fresh_online_exploration,15,18
183648,47,1.0028566122055054,1.0028566122055054,1.003199577331543,0.00034302729181945324,1.0,1.0,0.0,1.0,0.0,318,36.72484588623047,fresh_online_exploration,15,18
183936,1,1.0017379522323608,1.0017379522323608,1.001858115196228,0.00012015961692668498,1.0,1.0,0.0,1.0,0.0,317,36.681209564208984,fresh_online_exploration,15,18
183936,6,1.0026382207870483,1.0026382207870483,1.002856731414795,0.00021852827921975404,1.0,1.0,0.0,1.0,0.0,322,36.799652099609375,fresh_online_exploration,15,18
183936,89,1.001721978187561,1.001721978187561,1.0019347667694092,0.00021282747911754996,1.0,1.0,0.0,1.0,0.0,318,36.809146881103516,fresh_online_exploration,15,18
184320,94,1.003522515296936,1.003522515296936,1.0039983987808228,0.00047592114424332976,1.0,1.0,0.0,0.0,0.0,316,36.68732833862305,fresh_online_exploration,15,18
184704,9,1.0023434162139893,1.0023434162139893,1.0025103092193604,0.00016700520063750446,1.0,1.0,0.0,1.0,0.0,322,36.88185119628906,fresh_online_exploration,15,18
203520,91,1.0012420415878296,1.0012420415878296,1.0015413761138916,0.0002992266963701695,1.0,1.0,0.0,0.0,0.0,304,36.43302917480469,fresh_online_exploration,17,20
204480,39,1.0054997205734253,1.0054997205734253,1.0055170059204102,1.7265107089770027e-05,1.0,1.0,0.0,0.0,0.0,306,36.55868148803711,fresh_online_exploration,17,20
205536,25,1.0022677183151245,1.0022677183151245,1.0023620128631592,9.430930367670953e-05,1.0,1.0,0.0,0.0,0.0,302,36.40962219238281,fresh_online_exploration,17,20
205920,0,1.0050855875015259,1.0050855875015259,1.00510835647583,2.277642306580674e-05,1.0,1.0,0.0,0.0,0.0,306,36.52604293823242,fresh_online_exploration,17,20
206016,31,1.0027498006820679,1.0027498006820679,1.002800703048706,5.091983621241525e-05,1.0,1.0,0.0,1.0,0.0,311,36.5598030090332,fresh_online_exploration,17,20
206304,26,1.0000579357147217,1.0000579357147217,1.0002474784851074,0.00018956538406200707,1.0,1.0,0.0,0.0,0.0,309,36.43717956542969,fresh_online_exploration,17,20
206400,17,1.0022128820419312,1.0022128820419312,1.0022739171981812,6.101723192841746e-05,1.0,1.0,0.0,0.0,0.0,305,36.50463104248047,fresh_online_exploration,17,20
206496,70,1.0046191215515137,1.0046191215515137,1.004629135131836,1.0037059837486595e-05,1.0,1.0,0.0,1.0,0.0,309,36.61648941040039,fresh_online_exploration,17,20
206688,41,1.004230260848999,1.004230260848999,1.0126125812530518,0.00838225893676281,1.0,1.0,0.0,0.0,0.0,318,36.72460174560547,fresh_online_exploration,17,20
206976,37,1.0044313669204712,1.0044313669204712,1.004647135734558,0.00021577387815341353,1.0,1.0,0.0,0.0,0.0,310,36.69816589355469,fresh_online_exploration,17,20
207072,44,1.0041048526763916,1.0041048526763916,1.019902229309082,0.01579732820391655,1.0,1.0,0.0,0.0,0.0,305,36.47195053100586,fresh_online_exploration,17,20
207264,3,1.0016369819641113,1.0016369819641113,1.001845121383667,0.00020807313558179885,1.0,1.0,0.0,0.0,0.0,311,36.62089920043945,fresh_online_exploration,17,20
207264,24,1.0047969818115234,1.0047969818115234,1.0049370527267456,0.00014004847616888583,1.0,1.0,0.0,1.0,0.0,309,36.60897445678711,fresh_online_exploration,17,20
207456,73,1.0033398866653442,1.0033398866653442,1.0035967826843262,0.0002568428171798587,1.0,1.0,0.0,1.0,0.0,311,36.6732177734375,fresh_online_exploration,17,20
207648,62,1.0012282133102417,1.0012282133102417,1.0016429424285889,0.00041465277899987996,1.0,1.0,0.0,1.0,0.0,309,36.50615692138672,fresh_online_exploration,17,20
207744,11,1.0037280321121216,1.0037280321121216,1.004030466079712,0.00030248024268075824,1.0,1.0,0.0,0.0,0.0,301,36.549415588378906,fresh_online_exploration,17,20
207840,60,1.0010815858840942,1.0010815858840942,1.0015230178833008,0.00044149672612547874,1.0,1.0,0.0,0.0,0.0,310,36.60065841674805,fresh_online_exploration,17,20
208032,36,1.0034958124160767,1.0034958124160767,1.0035054683685303,9.701629096525721e-06,1.0,1.0,0.0,0.0,0.0,309,36.578102111816406,fresh_online_exploration,17,20
208032,61,1.001343011856079,1.001343011856079,1.0013911724090576,4.8214893467957154e-05,1.0,1.0,0.0,1.0,0.0,315,36.782081604003906,fresh_online_exploration,17,20
208128,68,1.0040481090545654,1.0040481090545654,1.0042831897735596,0.00023503454576712102,1.0,1.0,0.0,0.0,0.0,307,36.6518669128418,fresh_online_exploration,17,20
208128,87,1.0001814365386963,1.0001814365386963,1.0002520084381104,7.04895646777004e-05,1.0,1.0,0.0,1.0,0.0,317,36.6370964050293,fresh_online_exploration,17,20
208224,93,1.003017544746399,1.003017544746399,1.0111668109893799,0.008149174973368645,1.0,1.0,0.0,0.0,0.0,309,36.603538513183594,fresh_online_exploration,17,20
208320,49,1.0030561685562134,1.0030561685562134,1.0091207027435303,0.006064389832317829,1.0,1.0,0.0,0.0,0.0,315,36.77937316894531,fresh_online_exploration,17,20
208416,23,1.0038549900054932,1.0038549900054932,1.004051923751831,0.00019693872309289873,1.0,1.0,0.0,1.0,0.0,310,36.587364196777344,fresh_online_exploration,17,20
208416,81,1.0029932260513306,1.0029932260513306,1.011557698249817,0.008564420975744724,1.0,1.0,0.0,0.0,0.0,307,36.59046936035156,fresh_online_exploration,17,20
208512,32,1.0015720129013062,1.0015720129013062,1.001819372177124,0.0002472774649504572,1.0,1.0,0.0,1.0,0.0,313,36.712677001953125,fresh_online_exploration,17,20
208512,42,1.0051305294036865,1.0051305294036865,1.0051450729370117,1.4618462955695577e-05,1.0,1.0,0.0,0.0,0.0,308,36.60832977294922,fresh_online_exploration,17,20
208512,77,1.004125714302063,1.004125714302063,1.0044829845428467,0.0003572542918846011,1.0,1.0,0.0,0.0,0.0,311,36.652198791503906,fresh_online_exploration,17,20
208608,72,1.0006215572357178,1.0006215572357178,1.0009100437164307,0.0002885108988266438,1.0,1.0,0.0,0.0,0.0,302,36.41865921020508,fresh_online_exploration,17,20
208608,78,1.0051254034042358,1.0051254034042358,1.011268138885498,0.0061426106840372086,1.0,1.0,0.0,0.0,0.0,319,36.864444732666016,fresh_online_exploration,17,20
208608,83,1.0026534795761108,1.0026534795761108,1.0029327869415283,0.0002793994499370456,1.0,1.0,0.0,1.0,0.0,319,36.798248291015625,fresh_online_exploration,17,20
208800,2,1.0017443895339966,1.0017443895339966,1.0019314289093018,0.00018699986685533077,1.0,1.0,0.0,0.0,0.0,307,36.57685089111328,fresh_online_exploration,17,20
208800,35,1.0027295351028442,1.0027295351028442,1.0153493881225586,0.012619729153811932,1.0,1.0,0.0,0.0,0.0,309,36.60676956176758,fresh_online_exploration,17,20
208800,90,1.0036523342132568,1.0036523342132568,1.0037524700164795,0.00010020485206041485,1.0,1.0,0.0,0.0,0.0,304,36.43499755859375,fresh_online_exploration,17,20
208992,84,1.0019867420196533,1.0019867420196533,1.0020344257354736,4.7759778681211174e-05,1.0,1.0,0.0,0.0,0.0,306,36.53230285644531,fresh_online_exploration,17,20
209088,54,1.0025728940963745,1.0025728940963745,1.0026218891143799,4.9075486458605155e-05,1.0,1.0,0.0,1.0,0.0,313,36.65599822998047,fresh_online_exploration,17,20
209184,33,1.003705382347107,1.003705382347107,1.0040652751922607,0.0003598788462113589,1.0,1.0,0.0,0.0,0.0,313,36.69044494628906,fresh_online_exploration,17,20
209472,46,1.0026482343673706,1.0026482343673706,1.003225326538086,0.0005770938005298376,1.0,1.0,0.0,0.0,0.0,308,36.546051025390625,fresh_online_exploration,17,20
209568,48,1.0012773275375366,1.0012773275375366,1.0015368461608887,0.0002595158584881574,1.0,1.0,0.0,1.0,0.0,320,36.776206970214844,fresh_online_exploration,17,20
209664,51,1.0029057264328003,1.0029057264328003,1.0050114393234253,0.0021057305857539177,1.0,1.0,0.0,0.0,0.0,313,36.7372932434082,fresh_online_exploration,17,20
209760,56,1.0034043788909912,1.0034043788909912,1.0034140348434448,9.648039849707857e-06,1.0,1.0,0.0,0.0,0.0,306,36.53256607055664,fresh_online_exploration,18,20
209760,59,1.0018351078033447,1.0018351078033447,1.0018928050994873,5.762010550824925e-05,1.0,1.0,0.0,0.0,0.0,309,36.5441780090332,fresh_online_exploration,18,20
209856,50,1.0024830102920532,1.0024830102920532,1.0024993419647217,1.6312713341903873e-05,1.0,1.0,0.0,0.0,0.0,304,36.41564178466797,fresh_online_exploration,18,20
209856,58,1.0010766983032227,1.0010766983032227,1.0010912418365479,1.448249167879112e-05,1.0,1.0,0.0,1.0,0.0,308,36.524784088134766,fresh_online_exploration,18,20
209952,71,1.0014182329177856,1.0014182329177856,1.0014772415161133,5.896844231756404e-05,1.0,1.0,0.0,0.0,0.0,312,36.610816955566406,fresh_online_exploration,17,20
209952,82,1.0037717819213867,1.0037717819213867,1.0124127864837646,0.008640995249152184,1.0,1.0,0.0,0.0,0.0,318,36.85407638549805,fresh_online_exploration,17,20
210048,4,1.0027754306793213,1.0027754306793213,1.009702444076538,0.006926942151039839,1.0,1.0,0.0,0.0,0.0,314,36.78695297241211,fresh_online_exploration,17,20
210048,13,1.0016045570373535,1.0016045570373535,1.0016518831253052,4.730454384116456e-05,1.0,1.0,0.0,1.0,0.0,316,36.83460235595703,fresh_online_exploration,17,20
210048,86,1.0046393871307373,1.0046393871307373,1.0048584938049316,0.0002190308878198266,1.0,1.0,0.0,1.0,0.0,316,36.76558303833008,fresh_online_exploration,17,20
210144,12,1.0010310411453247,1.0010310411453247,1.0010409355163574,9.938806215359364e-06,1.0,1.0,0.0,1.0,0.0,314,36.66757583618164,fresh_online_exploration,17,21
210240,14,1.0036357641220093,1.0036357641220093,1.0044164657592773,0.0007806477951817214,1.0,1.0,0.0,0.0,0.0,311,36.65530014038086,fresh_online_exploration,18,21
210336,69,1.002736210823059,1.002736210823059,1.0031211376190186,0.0003848970227409154,1.0,1.0,0.0,0.0,0.0,306,36.5803108215332,fresh_online_exploration,18,21
210336,85,1.0047699213027954,1.0047699213027954,1.0047926902770996,2.2830274247098714e-05,1.0,1.0,0.0,0.0,0.0,307,36.52791976928711,fresh_online_exploration,18,21
210432,43,1.0024470090866089,1.0024470090866089,1.0025819540023804,0.00013496186875272542,1.0,1.0,0.0,1.0,0.0,317,36.729835510253906,fresh_online_exploration,17,21
210528,15,1.0016580820083618,1.0016580820083618,1.001830816268921,0.0001727757480693981,1.0,1.0,0.0,0.0,0.0,306,36.54246520996094,fresh_online_exploration,18,21
210528,38,1.0025348663330078,1.0025348663330078,1.0086981058120728,0.006163323298096657,1.0,1.0,0.0,0.0,0.0,319,36.832603454589844,fresh_online_exploration,17,21
210528,52,1.0022213459014893,1.0022213459014893,1.0022327899932861,1.1439010449976195e-05,1.0,1.0,0.0,1.0,0.0,315,36.624019622802734,fresh_online_exploration,18,21
210528,76,1.002627968788147,1.002627968788147,1.0026389360427856,1.0951132935588248e-05,1.0,1.0,0.0,1.0,0.0,313,36.703487396240234,fresh_online_exploration,18,21
210720,45,1.0012038946151733,1.0012038946151733,1.00132155418396,0.00011763500515371561,1.0,1.0,0.0,1.0,0.0,314,36.59504699707031,fresh_online_exploration,18,21
210912,5,1.0037753582000732,1.0037753582000732,1.0037965774536133,2.119416240020655e-05,1.0,1.0,0.0,1.0,0.0,311,36.722412109375,fresh_online_exploration,18,21
210912,79,1.001813530921936,1.001813530921936,1.001838207244873,2.4662465875735506e-05,1.0,1.0,0.0,0.0,0.0,307,36.50229263305664,fresh_online_exploration,18,21
211008,7,1.0012685060501099,1.0012685060501099,1.008528470993042,0.007260094862431288,1.0,1.0,0.0,0.0,0.0,307,36.56324768066406,fresh_online_exploration,18,21
211008,80,1.0039691925048828,1.0039691925048828,1.0040206909179688,5.1535884267650545e-05,1.0,1.0,0.0,1.0,0.0,309,36.60670852661133,fresh_online_exploration,18,21
211104,10,1.0006486177444458,1.0006486177444458,1.000779151916504,0.0001305620971834287,1.0,1.0,0.0,1.0,0.0,317,36.64488220214844,fresh_online_exploration,18,21
211200,21,1.0014140605926514,1.0014140605926514,1.001602053642273,0.0001880121708381921,1.0,1.0,0.0,0.0,0.0,309,36.57019805908203,fresh_online_exploration,18,21
211296,16,1.0021424293518066,1.0021424293518066,1.0039730072021484,0.0018306657439097762,1.0,1.0,0.0,0.0,0.0,306,36.5877799987793,fresh_online_exploration,18,21
211296,75,1.005476713180542,1.005476713180542,1.0054917335510254,1.4991739590186626e-05,1.0,1.0,0.0,1.0,0.0,321,36.85783386230469,fresh_online_exploration,18,21
211392,20,1.001742959022522,1.001742959022522,1.0020432472229004,0.00030033645452931523,1.0,1.0,0.0,0.0,0.0,316,36.728515625,fresh_online_exploration,18,21
211392,67,1.0010806322097778,1.0010806322097778,1.0014524459838867,0.0003717422077897936,1.0,1.0,0.0,1.0,0.0,315,36.7586669921875,fresh_online_exploration,18,21
211584,8,1.001784324645996,1.001784324645996,1.0019160509109497,0.0001317332498729229,1.0,1.0,0.0,1.0,0.0,311,36.663516998291016,fresh_online_exploration,18,21
211680,55,1.0043424367904663,1.0043424367904663,1.0044913291931152,0.00014891239698044956,1.0,1.0,0.0,1.0,0.0,324,36.90681457519531,fresh_online_exploration,18,21
211776,27,1.0012476444244385,1.0012476444244385,1.0014569759368896,0.00020928934100084007,1.0,1.0,0.0,1.0,0.0,323,36.860069274902344,fresh_online_exploration,18,21
211776,88,1.0012556314468384,1.0012556314468384,1.001314640045166,5.8921777963405475e-05,1.0,1.0,0.0,1.0,0.0,313,36.72622299194336,fresh_online_exploration,18,21
211872,22,1.003994107246399,1.003994107246399,1.0042616128921509,0.0002674807037692517,1.0,1.0,0.0,0.0,0.0,307,36.540645599365234,fresh_online_exploration,18,21
211968,66,1.0033208131790161,1.0033208131790161,1.003576636314392,0.0002558267442509532,1.0,1.0,0.0,0.0,0.0,316,36.75767135620117,fresh_online_exploration,18,21
212256,30,1.0030723810195923,1.0030723810195923,1.0035529136657715,0.00048046468873508275,1.0,1.0,0.0,0.0,0.0,310,36.63915252685547,fresh_online_exploration,18,21
212352,64,1.0032973289489746,1.0032973289489746,1.0036389827728271,0.0003416250110603869,1.0,1.0,0.0,1.0,0.0,318,36.76945495605469,fresh_online_exploration,18,21
212544,28,1.0005948543548584,1.0005948543548584,1.0007293224334717,0.00013444822980090976,1.0,1.0,0.0,1.0,0.0,306,36.47700881958008,fresh_online_exploration,18,21
212544,65,1.003290057182312,1.003290057182312,1.0064444541931152,0.0031543602235615253,1.0,1.0,0.0,0.0,0.0,317,36.86017608642578,fresh_online_exploration,18,21
212832,53,1.0023386478424072,1.0023386478424072,1.0023481845855713,9.437572771275882e-06,1.0,1.0,0.0,1.0,0.0,315,36.634830474853516,fresh_online_exploration,18,21
212928,29,1.0046459436416626,1.0046459436416626,1.004711627960205,6.557726010214537e-05,1.0,1.0,0.0,1.0,0.0,320,36.908599853515625,fresh_online_exploration,18,21
212928,63,1.0036998987197876,1.0036998987197876,1.0039012432098389,0.0002012792247114703,1.0,1.0,0.0,0.0,0.0,315,36.7271728515625,fresh_online_exploration,18,21
213312,40,1.004668116569519,1.004668116569519,1.0049766302108765,0.0003085175121668726,1.0,1.0,0.0,1.0,0.0,324,36.97224807739258,fresh_online_exploration,18,21
213504,19,1.0044180154800415,1.0044180154800415,1.0051469802856445,0.0007290316862054169,1.0,1.0,0.0,0.0,0.0,319,36.8245735168457,fresh_online_exploration,18,21
213504,34,1.0018986463546753,1.0018986463546753,1.002158522605896,0.0002598247374407947,1.0,1.0,0.0,1.0,0.0,319,36.80224609375,fresh_online_exploration,18,21
213600,18,1.0041475296020508,1.0041475296020508,1.0055932998657227,0.0014458181103691459,1.0,1.0,0.0,0.0,0.0,316,36.69331359863281,fresh_online_exploration,18,21
213792,95,1.0014934539794922,1.0014934539794922,1.0016406774520874,0.0001472101139370352,1.0,1.0,0.0,1.0,0.0,322,36.80895233154297,fresh_online_exploration,18,21
213888,74,1.004740834236145,1.004740834236145,1.0048375129699707,9.666434925748035e-05,1.0,1.0,0.0,1.0,0.0,317,36.84756851196289,fresh_online_exploration,18,21
213984,92,1.0052285194396973,1.0052285194396973,1.0053558349609375,0.0001273124507861212,1.0,1.0,0.0,1.0,0.0,326,36.838775634765625,fresh_online_exploration,18,21
214080,57,1.0039376020431519,1.0039376020431519,1.004011631011963,7.410843682009727e-05,1.0,1.0,0.0,1.0,0.0,322,36.85275650024414,fresh_online_exploration,18,21
214080,94,1.005168080329895,1.005168080329895,1.0053884983062744,0.0002204968623118475,1.0,1.0,0.0,0.0,0.0,310,36.66399383544922,fresh_online_exploration,18,21
214656,1,1.0007915496826172,1.0007915496826172,1.000821828842163,3.030221523658838e-05,1.0,1.0,0.0,1.0,0.0,320,36.82625198364258,fresh_online_exploration,18,21
214656,47,1.0012160539627075,1.0012160539627075,1.0013270378112793,0.0001109438162529841,1.0,1.0,0.0,1.0,0.0,323,36.81230926513672,fresh_online_exploration,18,21
215040,89,1.0054669380187988,1.0054669380187988,1.0057404041290283,0.0002735031011980027,1.0,1.0,0.0,1.0,0.0,324,37.014793395996094,fresh_online_exploration,18,21
215232,6,1.0011365413665771,1.0011365413665771,1.0013585090637207,0.00022196171630639583,1.0,1.0,0.0,1.0,0.0,326,36.85491943359375,fresh_online_exploration,18,21
215232,9,1.0028325319290161,1.0028325319290161,1.00285804271698,2.5461200493737124e-05,1.0,1.0,0.0,0.0,0.0,318,36.8109245300293,fresh_online_exploration,18,21
232512,91,1.003380298614502,1.003380298614502,1.0035629272460938,0.00018264529353473336,1.0,1.0,0.0,0.0,0.0,302,36.465599060058594,fresh_online_exploration,20,23
233184,39,1.0037087202072144,1.0037087202072144,1.003936767578125,0.0002281285123899579,1.0,1.0,0.0,0.0,0.0,299,36.43478012084961,fresh_online_exploration,20,23
234336,25,1.0016493797302246,1.0016493797302246,1.0016846656799316,3.530726098688319e-05,1.0,1.0,0.0,0.0,0.0,300,36.410186767578125,fresh_online_exploration,20,23
234336,31,1.0003397464752197,1.0003397464752197,1.0003726482391357,3.289607775514014e-05,1.0,1.0,0.0,0.0,0.0,295,36.28353500366211,fresh_online_exploration,20,23
234720,26,1.0004737377166748,1.0004737377166748,1.0009236335754395,0.00044991480535827577,1.0,1.0,0.0,0.0,0.0,296,36.20405578613281,fresh_online_exploration,20,23
234912,0,1.0020742416381836,1.0020742416381836,1.0022791624069214,0.00020493229385465384,1.0,1.0,0.0,0.0,0.0,302,36.479305267333984,fresh_online_exploration,20,23
235488,17,1.005130648612976,1.005130648612976,1.0056631565093994,0.0005324434605427086,1.0,1.0,0.0,0.0,0.0,303,36.52864456176758,fresh_online_exploration,20,23
235488,70,1.0045592784881592,1.0045592784881592,1.0170793533325195,0.012520101852715015,1.0,1.0,0.0,0.0,0.0,302,36.468570709228516,fresh_online_exploration,20,23
235584,3,1.0013850927352905,1.0013850927352905,1.0014091730117798,2.409937951597385e-05,1.0,1.0,0.0,0.0,0.0,295,36.307804107666016,fresh_online_exploration,20,23
236064,62,1.0029704570770264,1.0029704570770264,1.0031406879425049,0.00017034249322023243,1.0,1.0,0.0,0.0,0.0,296,36.344688415527344,fresh_online_exploration,20,23
236160,37,1.0044927597045898,1.0044927597045898,1.0045075416564941,1.4804907550569624e-05,1.0,1.0,0.0,0.0,0.0,304,36.59288787841797,fresh_online_exploration,20,23
236160,41,1.0025054216384888,1.0025054216384888,1.0117007493972778,0.00919532123953104,1.0,1.0,0.0,0.0,0.0,307,36.56488800048828,fresh_online_exploration,20,23
236352,24,1.0028177499771118,1.0028177499771118,1.0031691789627075,0.0003514067502692342,1.0,1.0,0.0,0.0,0.0,303,36.52208709716797,fresh_online_exploration,20,23
236352,44,1.0023424625396729,1.0023424625396729,1.003353238105774,0.0010107657872140408,1.0,1.0,0.0,0.0,0.0,305,36.553077697753906,fresh_online_exploration,20,23
236544,68,1.0041944980621338,1.0041944980621338,1.0042610168457031,6.656976620433852e-05,1.0,1.0,0.0,0.0,0.0,296,36.303192138671875,fresh_online_exploration,20,23
236640,23,1.0037742853164673,1.0037742853164673,1.003788709640503,1.4496141375275329e-05,1.0,1.0,0.0,0.0,0.0,294,36.298492431640625,fresh_online_exploration,20,23
236736,36,1.001999855041504,1.001999855041504,1.002044439315796,4.46074664068874e-05,1.0,1.0,0.0,0.0,0.0,299,36.285858154296875,fresh_online_exploration,20,23
236736,60,1.0022779703140259,1.0022779703140259,1.0024876594543457,0.00020961348491255194,1.0,1.0,0.0,0.0,0.0,301,36.4414176940918,fresh_online_exploration,20,23
236832,73,1.0024809837341309,1.0024809837341309,1.00278639793396,0.00030531128868460655,1.0,1.0,0.0,0.0,0.0,306,36.58226776123047,fresh_online_exploration,20,23
236928,78,1.001518726348877,1.001518726348877,1.010282039642334,0.008763318881392479,1.0,1.0,0.0,0.0,0.0,295,36.17674255371094,fresh_online_exploration,20,23
237024,32,1.0021719932556152,1.0021719932556152,1.0022635459899902,9.159181354334578e-05,1.0,1.0,0.0,0.0,0.0,297,36.29643249511719,fresh_online_exploration,20,23
237024,49,1.0013259649276733,1.0013259649276733,1.0013643503189087,3.837723488686606e-05,1.0,1.0,0.0,0.0,0.0,299,36.33366394042969,fresh_online_exploration,20,23
237024,87,1.004019021987915,1.004019021987915,1.004030466079712,1.1402585187170189e-05,1.0,1.0,0.0,0.0,0.0,301,36.34941101074219,fresh_online_exploration,20,23
237024,93,1.0036433935165405,1.0036433935165405,1.00737726688385,0.0037338247057050467,1.0,1.0,0.0,0.0,0.0,300,36.371185302734375,fresh_online_exploration,20,23
237120,42,1.0047848224639893,1.0047848224639893,1.004796028137207,1.1249672752455808e-05,1.0,1.0,0.0,0.0,0.0,298,36.384517669677734,fresh_online_exploration,20,23
237120,61,1.004815697669983,1.004815697669983,1.0048699378967285,5.427961514214985e-05,1.0,1.0,0.0,0.0,0.0,303,36.50841522216797,fresh_online_exploration,20,23
237312,11,1.0046013593673706,1.0046013593673706,1.0046186447143555,1.728090319375042e-05,1.0,1.0,0.0,0.0,0.0,308,36.58345031738281,fresh_online_exploration,20,23
237312,77,1.0019582509994507,1.0019582509994507,1.0020105838775635,5.240191239863634e-05,1.0,1.0,0.0,0.0,0.0,300,36.269287109375,fresh_online_exploration,20,23
237408,81,1.0001214742660522,1.0001214742660522,1.0082037448883057,0.00808242429047823,1.0,1.0,0.0,0.0,0.0,302,36.392539978027344,fresh_online_exploration,20,23
237408,84,1.0058014392852783,1.0058014392852783,1.0061696767807007,0.0003682517271954566,1.0,1.0,0.0,0.0,0.0,296,36.36856460571289,fresh_online_exploration,20,23
237600,35,1.0008541345596313,1.0008541345596313,1.001197338104248,0.00034325788146816194,1.0,1.0,0.0,0.0,0.0,300,36.39255905151367,fresh_online_exploration,20,23
237600,90,1.0045620203018188,1.0045620203018188,1.0047404766082764,0.00017843631212599576,1.0,1.0,0.0,0.0,0.0,300,36.370384216308594,fresh_online_exploration,20,23
237792,2,1.0001481771469116,1.0001481771469116,1.0003612041473389,0.00021308637224137783,1.0,1.0,0.0,0.0,0.0,302,36.35228729248047,fresh_online_exploration,20,23
237792,54,1.0050266981124878,1.0050266981124878,1.0051487684249878,0.00012211421562824398,1.0,1.0,0.0,0.0,0.0,299,36.405609130859375,fresh_online_exploration,20,23
237984,46,1.00491464138031,1.00491464138031,1.0050573348999023,0.00014265553909353912,1.0,1.0,0.0,0.0,0.0,297,36.408626556396484,fresh_online_exploration,20,23
238080,56,1.0014336109161377,1.0014336109161377,1.0014443397521973,1.06560873973649e-05,1.0,1.0,0.0,0.0,0.0,295,36.265846252441406,fresh_online_exploration,20,23
238176,33,1.0023629665374756,1.0023629665374756,1.002547264099121,0.0001843255595304072,1.0,1.0,0.0,0.0,0.0,302,36.450111389160156,fresh_online_exploration,20,23
238272,4,1.004690170288086,1.004690170288086,1.014253854751587,0.00956375990062952,1.0,1.0,0.0,0.0,0.0,294,36.27410125732422,fresh_online_exploration,20,23
238368,72,1.0050015449523926,1.0050015449523926,1.0051199197769165,0.00011834030010504648,1.0,1.0,0.0,0.0,0.0,310,36.62122344970703,fresh_online_exploration,20,23
238464,48,1.0004220008850098,1.0004220008850098,1.0004804134368896,5.8432699006516486e-05,1.0,1.0,0.0,0.0,0.0,301,36.192535400390625,fresh_online_exploration,20,23
238464,58,1.0002679824829102,1.0002679824829102,1.001882553100586,0.0016145760891959071,1.0,1.0,0.0,0.0,0.0,298,36.34897232055664,fresh_online_exploration,20,23
238464,71,1.0056077241897583,1.0056077241897583,1.0058122873306274,0.0002045448200078681,1.0,1.0,0.0,0.0,0.0,297,36.38926315307617,fresh_online_exploration,20,23
238560,59,1.0034219026565552,1.0034219026565552,1.0035415887832642,0.00011964431178057566,1.0,1.0,0.0,0.0,0.0,300,36.350948333740234,fresh_online_exploration,20,23
238560,82,1.0011868476867676,1.0011868476867676,1.0086910724639893,0.007504192180931568,1.0,1.0,0.0,0.0,0.0,298,36.40176010131836,fresh_online_exploration,20,23
238560,85,1.0019242763519287,1.0019242763519287,1.0019785165786743,5.4201678722165525e-05,1.0,1.0,0.0,0.0,0.0,294,36.24159240722656,fresh_online_exploration,21,23
238848,50,1.0012702941894531,1.0012702941894531,1.0014349222183228,0.00016465016233269125,1.0,1.0,0.0,0.0,0.0,302,36.37620162963867,fresh_online_exploration,20,23
238848,86,1.0042204856872559,1.0042204856872559,1.0045583248138428,0.0003379401459824294,1.0,1.0,0.0,0.0,0.0,300,36.38486862182617,fresh_online_exploration,20,23
238944,14,1.003990650177002,1.003990650177002,1.0041407346725464,0.00015009795606601983,1.0,1.0,0.0,0.0,0.0,299,36.43519592285156,fresh_online_exploration,21,23
238944,51,1.0035758018493652,1.0035758018493652,1.0038213729858398,0.0002456126094330102,1.0,1.0,0.0,0.0,0.0,305,36.405235290527344,fresh_online_exploration,20,23
239040,12,1.001907467842102,1.001907467842102,1.0019445419311523,3.6981353332521394e-05,1.0,1.0,0.0,0.0,0.0,301,36.3156852722168,fresh_online_exploration,21,23
239040,13,1.0040255784988403,1.0040255784988403,1.004093885421753,6.835199019405991e-05,1.0,1.0,0.0,0.0,0.0,302,36.45302963256836,fresh_online_exploration,20,23
239040,38,1.0006394386291504,1.0006394386291504,1.0025815963745117,0.0019422033801674843,1.0,1.0,0.0,0.0,0.0,297,36.19513702392578,fresh_online_exploration,21,23
239136,52,1.0046093463897705,1.0046093463897705,1.004849910736084,0.00024051497166510671,1.0,1.0,0.0,0.0,0.0,298,36.303768157958984,fresh_online_exploration,21,23
239232,43,1.0005487203598022,1.0005487203598022,1.000795602798462,0.00024695496540516615,1.0,1.0,0.0,0.0,0.0,300,36.355079650878906,fresh_online_exploration,21,23
239232,69,1.003106951713562,1.003106951713562,1.0031287670135498,2.190489976783283e-05,1.0,1.0,0.0,0.0,0.0,301,36.34440612792969,fresh_online_exploration,21,23
239424,15,1.0044877529144287,1.0044877529144287,1.0045546293258667,6.68817592668347e-05,1.0,1.0,0.0,0.0,0.0,301,36.4296875,fresh_online_exploration,21,23
239424,21,1.0026360750198364,1.0026360750198364,1.002842903137207,0.0002068310568574816,1.0,1.0,0.0,0.0,0.0,294,36.24100875854492,fresh_online_exploration,21,23
239424,76,1.0015596151351929,1.0015596151351929,1.0016928911209106,0.00013329424837138504,1.0,1.0,0.0,0.0,0.0,301,36.3100471496582,fresh_online_exploration,21,23
239424,83,1.0049947500228882,1.0049947500228882,1.0052025318145752,0.00020776173914782703,1.0,1.0,0.0,1.0,0.0,321,36.84373092651367,fresh_online_exploration,20,23
239616,80,1.003300428390503,1.003300428390503,1.0033175945281982,1.718648854875937e-05,1.0,1.0,0.0,0.0,0.0,298,36.37810134887695,fresh_online_exploration,21,23
239712,16,1.0063507556915283,1.0063507556915283,1.0151913166046143,0.008840595372021198,1.0,1.0,0.0,0.0,0.0,296,36.28713607788086,fresh_online_exploration,21,23
239712,45,1.0063550472259521,1.0063550472259521,1.0063660144805908,1.095145216822857e-05,1.0,1.0,0.0,0.0,0.0,302,36.41947555541992,fresh_online_exploration,21,23
239904,20,1.0043779611587524,1.0043779611587524,1.00439453125,1.664030241954606e-05,1.0,1.0,0.0,0.0,0.0,297,36.359580993652344,fresh_online_exploration,21,23
240000,5,1.0023480653762817,1.0023480653762817,1.0026371479034424,0.000289137358777225,1.0,1.0,0.0,0.0,0.0,303,36.428489685058594,fresh_online_exploration,21,23
240000,79,1.0001685619354248,1.0001685619354248,1.0002522468566895,8.372946467716247e-05,1.0,1.0,0.0,0.0,0.0,303,36.26715850830078,fresh_online_exploration,21,23
240096,7,1.003678798675537,1.003678798675537,1.0141526460647583,0.010473842732608318,1.0,1.0,0.0,0.0,0.0,303,36.43017578125,fresh_online_exploration,21,24
240096,10,1.0051257610321045,1.0051257610321045,1.005342721939087,0.00021700856450479478,1.0,1.0,0.0,0.0,0.0,302,36.47764205932617,fresh_online_exploration,21,24
240096,55,1.0016711950302124,1.0016711950302124,1.0022414922714233,0.0005702986381947994,1.0,1.0,0.0,0.0,0.0,296,36.234344482421875,fresh_online_exploration,21,24
240480,8,1.0040396451950073,1.0040396451950073,1.0040595531463623,1.9859286112478003e-05,1.0,1.0,0.0,0.0,0.0,301,36.425987243652344,fresh_online_exploration,21,24
240576,22,1.0014077425003052,1.0014077425003052,1.0015547275543213,0.00014705029025208205,1.0,1.0,0.0,0.0,0.0,299,36.27916717529297,fresh_online_exploration,21,24
240576,27,1.0032970905303955,1.0032970905303955,1.0034929513931274,0.00019586458802223206,1.0,1.0,0.0,0.0,0.0,300,36.498748779296875,fresh_online_exploration,21,24
240672,88,1.0017420053482056,1.0017420053482056,1.0017584562301636,1.6448404494440183e-05,1.0,1.0,0.0,0.0,0.0,301,36.39573669433594,fresh_online_exploration,21,24
240960,28,1.0046534538269043,1.0046534538269043,1.0050537586212158,0.0004002883506473154,1.0,1.0,0.0,0.0,0.0,296,36.40370178222656,fresh_online_exploration,21,24
241056,30,1.001070499420166,1.001070499420166,1.0014480352401733,0.00037750814226455986,1.0,1.0,0.0,0.0,0.0,300,36.38768768310547,fresh_online_exploration,21,24
241152,67,1.003506064414978,1.003506064414978,1.003706932067871,0.000200898532057181,1.0,1.0,0.0,0.0,0.0,310,36.562828063964844,fresh_online_exploration,21,24
241248,75,1.0051852464675903,1.0051852464675903,1.0054199695587158,0.00023472151951864362,1.0,1.0,0.0,0.0,0.0,312,36.647544860839844,fresh_online_exploration,21,24
241344,29,1.0012129545211792,1.0012129545211792,1.0012474060058594,3.446610935498029e-05,1.0,1.0,0.0,0.0,0.0,296,36.307037353515625,fresh_online_exploration,21,24
241440,64,1.0007455348968506,1.0007455348968506,1.0009593963623047,0.00021384745195973665,1.0,1.0,0.0,0.0,0.0,303,36.39540100097656,fresh_online_exploration,21,24
241536,65,1.0025169849395752,1.0025169849395752,1.0026335716247559,0.00011647208884824067,1.0,1.0,0.0,0.0,0.0,302,36.48221206665039,fresh_online_exploration,21,24
241632,66,1.0024657249450684,1.0024657249450684,1.0025818347930908,0.00011608039494603872,1.0,1.0,0.0,0.0,0.0,309,36.52546691894531,fresh_online_exploration,21,24
241728,53,1.0019872188568115,1.0019872188568115,1.0020556449890137,6.834226223872975e-05,1.0,1.0,0.0,0.0,0.0,301,36.38011932373047,fresh_online_exploration,21,24
241824,63,1.0048209428787231,1.0048209428787231,1.004837989807129,1.6967296687653288e-05,1.0,1.0,0.0,0.0,0.0,301,36.423885345458984,fresh_online_exploration,21,24
242688,34,1.0056248903274536,1.0056248903274536,1.0056343078613281,9.38793527893722e-06,1.0,1.0,0.0,0.0,0.0,304,36.38672637939453,fresh_online_exploration,21,24
242880,95,1.0049867630004883,1.0049867630004883,1.0051374435424805,0.00015078829892445356,1.0,1.0,0.0,0.0,0.0,303,36.426361083984375,fresh_online_exploration,21,24
242976,92,1.002289056777954,1.002289056777954,1.0024768114089966,0.00018777130753733218,1.0,1.0,0.0,0.0,0.0,302,36.37575912475586,fresh_online_exploration,21,24
243072,1,1.003559947013855,1.003559947013855,1.0035752058029175,1.5286886991816573e-05,1.0,1.0,0.0,0.0,0.0,296,36.359371185302734,fresh_online_exploration,21,24
243264,40,1.0014245510101318,1.0014245510101318,1.0015923976898193,0.00016776971460785717,1.0,1.0,0.0,1.0,0.0,312,36.605613708496094,fresh_online_exploration,21,24
243264,74,1.0010488033294678,1.0010488033294678,1.0012791156768799,0.00023034075275063515,1.0,1.0,0.0,0.0,0.0,306,36.50141143798828,fresh_online_exploration,21,24
243360,18,1.0002028942108154,1.0002028942108154,1.0002962350845337,9.330965258413926e-05,1.0,1.0,0.0,1.0,0.0,310,36.543033599853516,fresh_online_exploration,21,24
243648,19,1.0051292181015015,1.0051292181015015,1.0053448677062988,0.0002156118571292609,1.0,1.0,0.0,0.0,0.0,314,36.586395263671875,fresh_online_exploration,21,24
243840,94,1.0038729906082153,1.0038729906082153,1.0039653778076172,9.240383224096149e-05,1.0,1.0,0.0,1.0,0.0,310,36.56256103515625,fresh_online_exploration,21,24
243936,57,1.0021995306015015,1.0021995306015015,1.0023841857910156,0.0001845841179601848,1.0,1.0,0.0,0.0,0.0,311,36.51210021972656,fresh_online_exploration,21,24
244032,89,1.003413200378418,1.003413200378418,1.003429651260376,1.648236320761498e-05,1.0,1.0,0.0,0.0,0.0,302,36.460304260253906,fresh_online_exploration,21,24
244704,47,1.00337553024292,1.00337553024292,1.003572940826416,0.00019742212316486984,1.0,1.0,0.0,1.0,0.0,313,36.62120056152344,fresh_online_exploration,21,24
244800,6,1.0037062168121338,1.0037062168121338,1.003840446472168,0.0001342414616374299,1.0,1.0,0.0,1.0,0.0,308,36.64575958251953,fresh_online_exploration,21,24
244992,9,1.0024839639663696,1.0024839639663696,1.002634048461914,0.00015016407996881753,1.0,1.0,0.0,0.0,0.0,310,36.519187927246094,fresh_online_exploration,21,24
261696,39,1.0000368356704712,1.0000368356704712,1.0000741481781006,3.728172305272892e-05,1.0,1.0,0.0,0.0,0.0,297,36.32169723510742,fresh_online_exploration,23,26
261984,91,1.0053662061691284,1.0053662061691284,1.0059764385223389,0.0006102710030972958,1.0,1.0,0.0,0.0,0.0,307,36.572425842285156,fresh_online_exploration,23,26
263616,26,1.001253366470337,1.001253366470337,1.00126314163208,9.85348924587015e-06,1.0,1.0,0.0,0.0,0.0,301,36.48310089111328,fresh_online_exploration,23,26
264096,31,1.0045965909957886,1.0045965909957886,1.0046263933181763,2.9791621273034252e-05,1.0,1.0,0.0,1.0,0.0,310,36.61503601074219,fresh_online_exploration,23,26
264480,0,1.0002477169036865,1.0002477169036865,1.0003823041915894,0.00013457887689583004,1.0,1.0,0.0,1.0,0.0,308,36.623619079589844,fresh_online_exploration,23,26
264480,25,1.0021820068359375,1.0021820068359375,1.0022705793380737,8.857600187184289e-05,1.0,1.0,0.0,1.0,0.0,314,36.64469909667969,fresh_online_exploration,23,26
264960,70,1.0015205144882202,1.0015205144882202,1.001749038696289,0.0002285979426233098,1.0,1.0,0.0,0.0,0.0,307,36.57798385620117,fresh_online_exploration,23,26
265056,17,1.0000872611999512,1.0000872611999512,1.0002155303955078,0.00012817131937481463,1.0,1.0,0.0,1.0,0.0,308,36.507572174072266,fresh_online_exploration,23,26
265344,62,1.0024689435958862,1.0024689435958862,1.002516269683838,4.73966465506237e-05,1.0,1.0,0.0,0.0,0.0,305,36.51880645751953,fresh_online_exploration,23,26
265440,44,1.0022696256637573,1.0022696256637573,1.0023343563079834,6.461628072429448e-05,1.0,1.0,0.0,0.0,0.0,303,36.49967956542969,fresh_online_exploration,23,26
265536,60,1.0012227296829224,1.0012227296829224,1.0012675523757935,4.4843240175396204e-05,1.0,1.0,0.0,0.0,0.0,300,36.36990737915039,fresh_online_exploration,23,26
265728,3,1.0030659437179565,1.0030659437179565,1.00308096408844,1.50121950355242e-05,1.0,1.0,0.0,1.0,0.0,314,36.801177978515625,fresh_online_exploration,23,26
265728,37,1.0018600225448608,1.0018600225448608,1.0020880699157715,0.0002280592016177252,1.0,1.0,0.0,0.0,0.0,308,36.626155853271484,fresh_online_exploration,23,26
265920,49,1.0000554323196411,1.0000554323196411,1.0055749416351318,0.005519579630345106,1.0,1.0,0.0,0.0,0.0,301,36.349178314208984,fresh_online_exploration,23,26
266112,23,1.0001449584960938,1.0001449584960938,1.0001715421676636,2.658645826159045e-05,1.0,1.0,0.0,0.0,0.0,307,36.51420211791992,fresh_online_exploration,23,26
266208,11,1.0047599077224731,1.0047599077224731,1.0048489570617676,8.901613909984007e-05,1.0,1.0,0.0,0.0,0.0,301,36.55711364746094,fresh_online_exploration,23,26
266208,32,1.0006632804870605,1.0006632804870605,1.0008955001831055,0.0002322538784937933,1.0,1.0,0.0,0.0,0.0,304,36.4999885559082,fresh_online_exploration,23,26
266304,35,1.0005874633789062,1.0005874633789062,1.0006046295166016,1.7097456293413416e-05,1.0,1.0,0.0,0.0,0.0,299,36.34136962890625,fresh_online_exploration,23,26
266304,41,1.0030145645141602,1.0030145645141602,1.0100932121276855,0.0070785051211714745,1.0,1.0,0.0,0.0,0.0,314,36.65695571899414,fresh_online_exploration,23,26
266400,24,1.0007376670837402,1.0007376670837402,1.0009909868240356,0.0002533207880333066,1.0,1.0,0.0,1.0,0.0,313,36.74251937866211,fresh_online_exploration,23,26
266496,68,1.003345251083374,1.003345251083374,1.0035982131958008,0.0002529003832023591,1.0,1.0,0.0,1.0,0.0,312,36.73861312866211,fresh_online_exploration,23,26
266688,61,1.000817060470581,1.000817060470581,1.0008506774902344,3.354403088451363e-05,1.0,1.0,0.0,1.0,0.0,308,36.595848083496094,fresh_online_exploration,23,26
266688,81,1.0030733346939087,1.0030733346939087,1.0093531608581543,0.006279930472373962,1.0,1.0,0.0,0.0,0.0,305,36.590187072753906,fresh_online_exploration,23,26
266880,87,1.001865029335022,1.001865029335022,1.0020041465759277,0.0001391044061165303,1.0,1.0,0.0,1.0,0.0,311,36.64691925048828,fresh_online_exploration,23,26
266976,36,1.0025100708007812,1.0025100708007812,1.0066211223602295,0.00411096541211009,1.0,1.0,0.0,0.0,0.0,315,36.83378601074219,fresh_online_exploration,23,26
266976,77,1.0006452798843384,1.0006452798843384,1.0007911920547485,0.00014589904458262026,1.0,1.0,0.0,1.0,0.0,309,36.52113342285156,fresh_online_exploration,23,26
267072,42,1.0018458366394043,1.0018458366394043,1.0023967027664185,0.0005508610047399998,1.0,1.0,0.0,0.0,0.0,312,36.64888381958008,fresh_online_exploration,23,26
267072,73,1.0013668537139893,1.0013668537139893,1.0015324354171753,0.0001655625383136794,1.0,1.0,0.0,1.0,0.0,315,36.71418380737305,fresh_online_exploration,23,26
267168,54,1.0015029907226562,1.0015029907226562,1.0019522905349731,0.000449247716460377,1.0,1.0,0.0,0.0,0.0,306,36.60681915283203,fresh_online_exploration,23,26
267168,84,1.0041617155075073,1.0041617155075073,1.0041780471801758,1.6328433048329316e-05,1.0,1.0,0.0,0.0,0.0,310,36.675941467285156,fresh_online_exploration,23,26
267360,90,1.004530906677246,1.004530906677246,1.004822015762329,0.00029102410189807415,1.0,1.0,0.0,1.0,0.0,310,36.698360443115234,fresh_online_exploration,23,26
267456,78,1.0039360523223877,1.0039360523223877,1.0162839889526367,0.012348138727247715,1.0,1.0,0.0,0.0,0.0,318,36.7808952331543,fresh_online_exploration,23,26
267456,93,1.0022755861282349,1.0022755861282349,1.0027472972869873,0.0004717219853773713,1.0,1.0,0.0,1.0,0.0,317,36.78847885131836,fresh_online_exploration,23,26
267744,46,1.0053595304489136,1.0053595304489136,1.0055158138275146,0.00015631238056812435,1.0,1.0,0.0,0.0,0.0,310,36.664100646972656,fresh_online_exploration,23,26
267840,2,1.0057729482650757,1.0057729482650757,1.006120204925537,0.0003471583768259734,1.0,1.0,0.0,0.0,0.0,313,36.69368362426758,fresh_online_exploration,23,26
268128,4,1.0004942417144775,1.0004942417144775,1.0077004432678223,0.007206127047538757,1.0,1.0,0.0,0.0,0.0,311,36.580223083496094,fresh_online_exploration,23,26
268128,33,1.0008641481399536,1.0008641481399536,1.0016356706619263,0.000771533465012908,1.0,1.0,0.0,0.0,0.0,312,36.61954879760742,fresh_online_exploration,23,26
268128,56,1.0042455196380615,1.0042455196380615,1.0067551136016846,0.0025095457676798105,1.0,1.0,0.0,0.0,0.0,313,36.811134338378906,fresh_online_exploration,23,26
268320,71,1.0005873441696167,1.0005873441696167,1.0006928443908691,0.00010557151108514518,1.0,1.0,0.0,0.0,0.0,311,36.630741119384766,fresh_online_exploration,23,26
268320,82,1.0028533935546875,1.0028533935546875,1.0108286142349243,0.007975179702043533,1.0,1.0,0.0,0.0,0.0,310,36.62681579589844,fresh_online_exploration,23,26
268512,59,1.0015937089920044,1.0015937089920044,1.0016626119613647,6.890661461511627e-05,1.0,1.0,0.0,1.0,0.0,312,36.59696960449219,fresh_online_exploration,23,26
268704,12,1.0031259059906006,1.0031259059906006,1.0031375885009766,1.173383861896582e-05,1.0,1.0,0.0,0.0,0.0,309,36.58259582519531,fresh_online_exploration,23,26
268704,48,1.0010937452316284,1.0010937452316284,1.0018185377120972,0.0007247818866744637,1.0,1.0,0.0,0.0,0.0,315,36.562503814697266,fresh_online_exploration,23,26
268704,50,1.0020545721054077,1.0020545721054077,1.0022997856140137,0.0002452394983265549,1.0,1.0,0.0,0.0,0.0,311,36.59123229980469,fresh_online_exploration,23,26
268896,15,1.005913496017456,1.005913496017456,1.0063681602478027,0.0004546228446997702,1.0,1.0,0.0,0.0,0.0,307,36.511226654052734,fresh_online_exploration,23,26
268896,51,1.000544786453247,1.000544786453247,1.000609278678894,6.451788067352027e-05,1.0,1.0,0.0,1.0,0.0,312,36.7078742980957,fresh_online_exploration,23,26
268896,85,1.003311276435852,1.003311276435852,1.0042343139648438,0.0009230324649251997,1.0,1.0,0.0,0.0,0.0,316,36.75159454345703,fresh_online_exploration,23,26
268992,14,1.0048285722732544,1.0048285722732544,1.0050485134124756,0.0002198674774263054,1.0,1.0,0.0,1.0,0.0,313,36.80976867675781,fresh_online_exploration,23,26
268992,72,1.0021995306015015,1.0021995306015015,1.0022177696228027,1.8172226191381924e-05,1.0,1.0,0.0,1.0,0.0,319,36.81640625,fresh_online_exploration,23,26
269088,5,1.0012074708938599,1.0012074708938599,1.0012279748916626,2.0464101908146404e-05,1.0,1.0,0.0,0.0,0.0,303,36.39314651489258,fresh_online_exploration,23,26
269088,13,1.0048677921295166,1.0048677921295166,1.005028486251831,0.00016073795268312097,1.0,1.0,0.0,1.0,0.0,313,36.762020111083984,fresh_online_exploration,23,26
269088,38,1.0005826950073242,1.0005826950073242,1.0006732940673828,9.061789751285687e-05,1.0,1.0,0.0,1.0,0.0,313,36.64895248413086,fresh_online_exploration,23,26
269088,76,1.0007716417312622,1.0007716417312622,1.0012569427490234,0.0004852048587054014,1.0,1.0,0.0,0.0,0.0,309,36.50454330444336,fresh_online_exploration,23,26
269088,86,1.004111886024475,1.004111886024475,1.0047013759613037,0.0005895464564673603,1.0,1.0,0.0,0.0,0.0,315,36.82301712036133,fresh_online_exploration,23,26
269376,45,1.0007319450378418,1.0007319450378418,1.0014448165893555,0.000712815672159195,1.0,1.0,0.0,0.0,0.0,309,36.46910858154297,fresh_online_exploration,23,26
269376,58,1.0019235610961914,1.0019235610961914,1.0145846605300903,0.012661146000027657,1.0,1.0,0.0,0.0,0.0,322,36.88294219970703,fresh_online_exploration,23,26
269472,52,1.0013515949249268,1.0013515949249268,1.0016682147979736,0.00031670561293140054,1.0,1.0,0.0,1.0,0.0,316,36.7158317565918,fresh_online_exploration,23,26
269664,69,1.0026021003723145,1.0026021003723145,1.0027475357055664,0.00014554035442415625,1.0,1.0,0.0,1.0,0.0,317,36.864994049072266,fresh_online_exploration,23,26
270048,16,1.0008283853530884,1.0008283853530884,1.0016579627990723,0.0008296533487737179,1.0,1.0,0.0,0.0,0.0,316,36.7371940612793,fresh_online_exploration,23,26
270048,80,1.001137614250183,1.001137614250183,1.0011937618255615,5.613877146970481e-05,1.0,1.0,0.0,1.0,0.0,317,36.68010711669922,fresh_online_exploration,23,26
270144,83,1.0031216144561768,1.0031216144561768,1.0042998790740967,0.0011782655492424965,1.0,1.0,0.0,0.0,0.0,320,36.820987701416016,fresh_online_exploration,23,27
270336,10,1.003300666809082,1.003300666809082,1.003564476966858,0.000263834313955158,1.0,1.0,0.0,1.0,0.0,315,36.83673858642578,fresh_online_exploration,24,27
270336,21,1.0038076639175415,1.0038076639175415,1.0038361549377441,2.845826202246826e-05,1.0,1.0,0.0,1.0,0.0,322,36.91285705566406,fresh_online_exploration,23,27
270528,43,1.001015543937683,1.001015543937683,1.0016582012176514,0.000642599945422262,1.0,1.0,0.0,0.0,0.0,326,36.946895599365234,fresh_online_exploration,23,27
270528,55,1.000148892402649,1.000148892402649,1.000257968902588,0.00010902659414568916,1.0,1.0,0.0,1.0,0.0,317,36.770450592041016,fresh_online_exploration,24,27
270528,79,1.0055787563323975,1.0055787563323975,1.0057053565979004,0.00012666535621974617,1.0,1.0,0.0,1.0,0.0,318,36.82778549194336,fresh_online_exploration,23,27
270624,8,1.0008788108825684,1.0008788108825684,1.0010223388671875,0.00014352420112118125,1.0,1.0,0.0,0.0,0.0,314,36.69852828979492,fresh_online_exploration,24,27
270624,88,1.0036925077438354,1.0036925077438354,1.0037133693695068,2.0801604478037916e-05,1.0,1.0,0.0,1.0,0.0,312,36.64148712158203,fresh_online_exploration,24,27
270720,7,1.0016210079193115,1.0016210079193115,1.0020782947540283,0.0004572241159621626,1.0,1.0,0.0,1.0,0.0,319,36.8020133972168,fresh_online_exploration,24,27
270720,20,1.0015777349472046,1.0015777349472046,1.0016363859176636,5.862729813088663e-05,1.0,1.0,0.0,1.0,0.0,321,36.87211608886719,fresh_online_exploration,23,27
270816,22,1.0021302700042725,1.0021302700042725,1.0026171207427979,0.0004868184041697532,1.0,1.0,0.0,1.0,0.0,315,36.683170318603516,fresh_online_exploration,24,27
270816,30,1.0000327825546265,1.0000327825546265,1.0035079717636108,0.0034751351922750473,1.0,1.0,0.0,0.0,0.0,310,36.574241638183594,fresh_online_exploration,24,27
271008,29,1.0045619010925293,1.0045619010925293,1.0049371719360352,0.00037525087827816606,1.0,1.0,0.0,0.0,0.0,309,36.64525604248047,fresh_online_exploration,24,27
271104,67,1.0028619766235352,1.0028619766235352,1.0097405910491943,0.006878585088998079,1.0,1.0,0.0,0.0,0.0,312,36.688758850097656,fresh_online_exploration,24,27
271200,63,1.005126953125,1.005126953125,1.005290150642395,0.00016319405403919518,1.0,1.0,0.0,0.0,0.0,306,36.60356903076172,fresh_online_exploration,24,27
271296,65,1.0014029741287231,1.0014029741287231,1.0053222179412842,0.0039192852564156055,1.0,1.0,0.0,0.0,0.0,310,36.672969818115234,fresh_online_exploration,24,27
271680,75,1.0041028261184692,1.0041028261184692,1.0049042701721191,0.0008013609913177788,1.0,1.0,0.0,0.0,0.0,317,36.787715911865234,fresh_online_exploration,24,27
271776,66,1.003048062324524,1.003048062324524,1.0031182765960693,7.022317731752992e-05,1.0,1.0,0.0,1.0,0.0,314,36.71051788330078,fresh_online_exploration,24,27
271968,28,1.0020296573638916,1.0020296573638916,1.002589225769043,0.000559483130928129,1.0,1.0,0.0,1.0,0.0,323,36.93363952636719,fresh_online_exploration,24,27
271968,53,1.002820372581482,1.002820372581482,1.0030996799468994,0.00027926723123528063,1.0,1.0,0.0,0.0,0.0,315,36.73256301879883,fresh_online_exploration,24,27
272256,27,1.0028929710388184,1.0028929710388184,1.0030606985092163,0.0001677406398812309,1.0,1.0,0.0,1.0,0.0,330,37.02837371826172,fresh_online_exploration,24,27
272544,64,1.0053740739822388,1.0053740739822388,1.006166934967041,0.000792843580711633,1.0,1.0,0.0,0.0,0.0,324,37.04158020019531,fresh_online_exploration,24,27
272736,34,1.004899263381958,1.004899263381958,1.0051424503326416,0.00024316541384905577,1.0,1.0,0.0,0.0,0.0,313,36.635597229003906,fresh_online_exploration,24,27
273120,92,1.0050100088119507,1.0050100088119507,1.005136251449585,0.00012620259076356888,1.0,1.0,0.0,1.0,0.0,314,36.70620346069336,fresh_online_exploration,24,27
273120,95,1.0045228004455566,1.0045228004455566,1.0046701431274414,0.00014737917808815837,1.0,1.0,0.0,0.0,0.0,315,36.880435943603516,fresh_online_exploration,24,27
273216,1,1.000657081604004,1.000657081604004,1.0007482767105103,9.117135778069496e-05,1.0,1.0,0.0,1.0,0.0,314,36.755943298339844,fresh_online_exploration,24,27
273312,18,1.0024991035461426,1.0024991035461426,1.0103715658187866,0.007872519083321095,1.0,1.0,0.0,0.0,0.0,312,36.60775375366211,fresh_online_exploration,24,27
274176,40,1.0047880411148071,1.0047880411148071,1.0048223733901978,3.4303371649002656e-05,1.0,1.0,0.0,1.0,0.0,322,36.96025848388672,fresh_online_exploration,24,27
274272,19,1.0039160251617432,1.0039160251617432,1.0074187517166138,0.003502706764265895,1.0,1.0,0.0,0.0,0.0,319,36.86758804321289,fresh_online_exploration,24,27
274368,74,1.000287413597107,1.000287413597107,1.00081467628479,0.0005272229318507016,1.0,1.0,0.0,0.0,0.0,324,36.89537048339844,fresh_online_exploration,24,27
274944,57,1.0003246068954468,1.0003246068954468,1.0003352165222168,1.0632666089804843e-05,1.0,1.0,0.0,1.0,0.0,323,36.740478515625,fresh_online_exploration,24,27
275136,89,1.000104546546936,1.000104546546936,1.0004689693450928,0.0003644037351477891,1.0,1.0,0.0,1.0,0.0,324,36.92372131347656,fresh_online_exploration,24,27
275232,94,1.0032308101654053,1.0032308101654053,1.0040744543075562,0.000843631278257817,1.0,1.0,0.0,1.0,0.0,327,37.01395797729492,fresh_online_exploration,24,27
275328,47,1.004498839378357,1.004498839378357,1.0045920610427856,9.319427044829354e-05,1.0,1.0,0.0,1.0,0.0,319,36.80077362060547,fresh_online_exploration,24,27
275424,6,1.003395676612854,1.003395676612854,1.0041029453277588,0.0007073202286846936,1.0,1.0,0.0,1.0,0.0,319,36.70816421508789,fresh_online_exploration,24,27
275424,9,1.0052835941314697,1.0052835941314697,1.005298376083374,1.4840314179309644e-05,1.0,1.0,0.0,1.0,0.0,317,36.817142486572266,fresh_online_exploration,24,27
290496,39,1.0002753734588623,1.0002753734588623,1.000820279121399,0.0005449213786050677,1.0,1.0,0.0,0.0,0.0,300,36.33290100097656,fresh_online_exploration,26,29
291264,91,1.0005420446395874,1.0005420446395874,1.0006803274154663,0.00013823849440086633,1.0,1.0,0.0,0.0,0.0,305,36.418148040771484,fresh_online_exploration,26,29
292320,26,1.002841830253601,1.002841830253601,1.0028516054153442,9.794006473384798e-06,1.0,1.0,0.0,0.0,0.0,299,36.33280944824219,fresh_online_exploration,26,29
293376,0,1.0005602836608887,1.0005602836608887,1.0008091926574707,0.0002489917678758502,1.0,1.0,0.0,0.0,0.0,301,36.373966217041016,fresh_online_exploration,26,29
293472,31,1.001203179359436,1.001203179359436,1.0013489723205566,0.0001458629558328539,1.0,1.0,0.0,0.0,0.0,306,36.408241271972656,fresh_online_exploration,26,29
294144,25,1.0049927234649658,1.0049927234649658,1.0051078796386719,0.00011518390238052234,1.0,1.0,0.0,1.0,0.0,309,36.60232162475586,fresh_online_exploration,26,29
294336,70,1.002240777015686,1.002240777015686,1.0151488780975342,0.012907998636364937,1.0,1.0,0.0,0.0,0.0,306,36.488685607910156,fresh_online_exploration,26,29
294432,44,1.0006383657455444,1.0006383657455444,1.0010769367218018,0.0004385684442240745,1.0,1.0,0.0,0.0,0.0,302,36.48331832885742,fresh_online_exploration,26,29
294528,60,1.0050276517868042,1.0050276517868042,1.0052673816680908,0.00023979356046766043,1.0,1.0,0.0,0.0,0.0,302,36.482112884521484,fresh_online_exploration,26,29
294528,62,1.0050712823867798,1.0050712823867798,1.0053033828735352,0.0002320075873285532,1.0,1.0,0.0,0.0,0.0,304,36.50890350341797,fresh_online_exploration,26,29
294624,17,1.002164602279663,1.002164602279663,1.0025017261505127,0.0003372111823409796,1.0,1.0,0.0,0.0,0.0,308,36.5321044921875,fresh_online_exploration,26,29
294816,37,1.0017756223678589,1.0017756223678589,1.0018928050994873,0.00011715230357367545,1.0,1.0,0.0,0.0,0.0,303,36.40282440185547,fresh_online_exploration,26,29
294912,23,1.0051014423370361,1.0051014423370361,1.005326747894287,0.00022523630468640476,1.0,1.0,0.0,0.0,0.0,300,36.44154357910156,fresh_online_exploration,26,29
294912,24,1.002476453781128,1.002476453781128,1.002493143081665,1.6777390555944294e-05,1.0,1.0,0.0,0.0,0.0,297,36.29331970214844,fresh_online_exploration,26,29
294912,49,1.000640630722046,1.000640630722046,1.0093032121658325,0.008662576787173748,1.0,1.0,0.0,0.0,0.0,302,36.3571662902832,fresh_online_exploration,26,29
295008,3,1.0046961307525635,1.0046961307525635,1.0048120021820068,0.00011588131019379944,1.0,1.0,0.0,0.0,0.0,305,36.48353958129883,fresh_online_exploration,26,29
295008,11,1.0049163103103638,1.0049163103103638,1.0050450563430786,0.00012875953689217567,1.0,1.0,0.0,0.0,0.0,300,36.45325469970703,fresh_online_exploration,26,29
295392,32,1.0040491819381714,1.0040491819381714,1.004240870475769,0.00019172650354448706,1.0,1.0,0.0,0.0,0.0,304,36.52079772949219,fresh_online_exploration,26,29
295584,77,1.0018230676651,1.0018230676651,1.001924753189087,0.00010162925173062831,1.0,1.0,0.0,0.0,0.0,298,36.305660247802734,fresh_online_exploration,26,29
295680,41,1.002709150314331,1.002709150314331,1.0094330310821533,0.006724001374095678,1.0,1.0,0.0,0.0,0.0,306,36.47370910644531,fresh_online_exploration,26,29
295680,73,1.0032670497894287,1.0032670497894287,1.0035220384597778,0.0002549755445215851,1.0,1.0,0.0,0.0,0.0,298,36.41823196411133,fresh_online_exploration,26,29
295872,68,1.0021414756774902,1.0021414756774902,1.0021860599517822,4.468987390282564e-05,1.0,1.0,0.0,1.0,0.0,306,36.49449920654297,fresh_online_exploration,26,29
295968,84,1.0058928728103638,1.0058928728103638,1.005991816520691,9.892388334264979e-05,1.0,1.0,0.0,0.0,0.0,300,36.36158752441406,fresh_online_exploration,26,29
296064,54,1.0035196542739868,1.0035196542739868,1.0036296844482422,0.0001100399240385741,1.0,1.0,0.0,0.0,0.0,301,36.340091705322266,fresh_online_exploration,26,29
296160,35,1.0008443593978882,1.0008443593978882,1.0014159679412842,0.0005716354353353381,1.0,1.0,0.0,0.0,0.0,311,36.53736877441406,fresh_online_exploration,26,29
296160,61,1.001297950744629,1.001297950744629,1.0017329454421997,0.0004350301460362971,1.0,1.0,0.0,0.0,0.0,307,36.4862060546875,fresh_online_exploration,26,29
296256,81,1.0044718980789185,1.0044718980789185,1.011855125427246,0.007383156567811966,1.0,1.0,0.0,0.0,0.0,308,36.59839630126953,fresh_online_exploration,26,29
296448,42,1.0038907527923584,1.0038907527923584,1.0039383172988892,4.7562949475832283e-05,1.0,1.0,0.0,0.0,0.0,306,36.44626998901367,fresh_online_exploration,26,29
296448,90,1.0040340423583984,1.0040340423583984,1.0043025016784668,0.0002683798666112125,1.0,1.0,0.0,0.0,0.0,303,36.477149963378906,fresh_online_exploration,26,29
296544,36,1.0016640424728394,1.0016640424728394,1.0086766481399536,0.007012622430920601,1.0,1.0,0.0,0.0,0.0,308,36.46641159057617,fresh_online_exploration,26,29
296832,78,1.004863977432251,1.004863977432251,1.0105669498443604,0.005703092087060213,1.0,1.0,0.0,0.0,0.0,306,36.519161224365234,fresh_online_exploration,26,29
296928,46,1.0046664476394653,1.0046664476394653,1.0047333240509033,6.692160241072997e-05,1.0,1.0,0.0,0.0,0.0,304,36.50465774536133,fresh_online_exploration,26,29
297120,93,1.0017324686050415,1.0017324686050415,1.0022799968719482,0.0005474337958730757,1.0,1.0,0.0,1.0,0.0,309,36.47725296020508,fresh_online_exploration,26,29
297312,87,1.0038232803344727,1.0038232803344727,1.003852128982544,2.883028719224967e-05,1.0,1.0,0.0,1.0,0.0,317,36.72025680541992,fresh_online_exploration,26,29
297408,4,1.002541184425354,1.002541184425354,1.0122079849243164,0.009666914120316505,1.0,1.0,0.0,0.0,0.0,305,36.42878723144531,fresh_online_exploration,26,29
297696,48,1.0063174962997437,1.0063174962997437,1.0064717531204224,0.00015426782192662358,1.0,1.0,0.0,0.0,0.0,302,36.39255142211914,fresh_online_exploration,26,29
297696,56,1.0040000677108765,1.0040000677108765,1.0041332244873047,0.00013318617129698396,1.0,1.0,0.0,1.0,0.0,308,36.56962585449219,fresh_online_exploration,26,29
297696,71,1.0052779912948608,1.0052779912948608,1.0058118104934692,0.0005338475457392633,1.0,1.0,0.0,0.0,0.0,306,36.470008850097656,fresh_online_exploration,26,29
297792,38,1.0008057355880737,1.0008057355880737,1.0076571702957153,0.006851447280496359,1.0,1.0,0.0,0.0,0.0,299,36.24897384643555,fresh_online_exploration,26,29
297792,50,1.0021682977676392,1.0021682977676392,1.0022437572479248,7.539372018072754e-05,1.0,1.0,0.0,0.0,0.0,303,36.45762634277344,fresh_online_exploration,26,29
297792,59,1.0034652948379517,1.0034652948379517,1.003685712814331,0.0002204115444328636,1.0,1.0,0.0,0.0,0.0,305,36.38390350341797,fresh_online_exploration,26,29
297888,2,1.0045580863952637,1.0045580863952637,1.0047330856323242,0.00017492109327577055,1.0,1.0,0.0,1.0,0.0,313,36.687095642089844,fresh_online_exploration,26,29
297888,85,1.0010567903518677,1.0010567903518677,1.001068115234375,1.1311189155094326e-05,1.0,1.0,0.0,0.0,0.0,302,36.29296875,fresh_online_exploration,26,29
297984,33,1.0050032138824463,1.0050032138824463,1.0050532817840576,5.0140330131398514e-05,1.0,1.0,0.0,1.0,0.0,311,36.56983184814453,fresh_online_exploration,26,29
297984,86,1.0026861429214478,1.0026861429214478,1.0027191638946533,3.3018186513800174e-05,1.0,1.0,0.0,0.0,0.0,301,36.35557174682617,fresh_online_exploration,26,29
298080,82,1.003237009048462,1.003237009048462,1.0094990730285645,0.006262042559683323,1.0,1.0,0.0,0.0,0.0,310,36.61543273925781,fresh_online_exploration,26,29
298272,14,1.00248122215271,1.00248122215271,1.0025224685668945,4.116304262424819e-05,1.0,1.0,0.0,0.0,0.0,305,36.546485900878906,fresh_online_exploration,26,29
298368,12,1.0031132698059082,1.0031132698059082,1.0042351484298706,0.0011219093576073647,1.0,1.0,0.0,0.0,0.0,309,36.52358627319336,fresh_online_exploration,26,29
298464,5,1.0049909353256226,1.0049909353256226,1.0052320957183838,0.0002411953901173547,1.0,1.0,0.0,0.0,0.0,306,36.58258819580078,fresh_online_exploration,26,29
298464,58,1.0055077075958252,1.0055077075958252,1.0061118602752686,0.0006042593740858138,1.0,1.0,0.0,0.0,0.0,303,36.511104583740234,fresh_online_exploration,26,29
298464,72,1.0044400691986084,1.0044400691986084,1.0044550895690918,1.4940780602046289e-05,1.0,1.0,0.0,1.0,0.0,307,36.581966400146484,fresh_online_exploration,26,29
298464,76,1.0052884817123413,1.0052884817123413,1.0054019689559937,0.00011354969319654629,1.0,1.0,0.0,0.0,0.0,306,36.622337341308594,fresh_online_exploration,26,29
298752,13,1.0004606246948242,1.0004606246948242,1.0006815195083618,0.00022091230493970215,1.0,1.0,0.0,0.0,0.0,309,36.546852111816406,fresh_online_exploration,26,29
298752,51,1.0055372714996338,1.0055372714996338,1.0058910846710205,0.0003538558667059988,1.0,1.0,0.0,0.0,0.0,311,36.65150833129883,fresh_online_exploration,26,29
298944,52,1.0000923871994019,1.0000923871994019,1.0005502700805664,0.00045784842222929,1.0,1.0,0.0,0.0,0.0,307,36.510414123535156,fresh_online_exploration,26,29
299136,69,1.000245213508606,1.000245213508606,1.0002620220184326,1.677309046499431e-05,1.0,1.0,0.0,0.0,0.0,307,36.51083755493164,fresh_online_exploration,26,29
299232,45,1.0011836290359497,1.0011836290359497,1.0012449026107788,6.124299397924915e-05,1.0,1.0,0.0,0.0,0.0,311,36.45735549926758,fresh_online_exploration,26,29
299328,15,1.0011253356933594,1.0011253356933594,1.0013353824615479,0.00021010178897995502,1.0,1.0,0.0,1.0,0.0,317,36.6953010559082,fresh_online_exploration,26,29
299424,21,1.0020911693572998,1.0020911693572998,1.0022022724151611,0.00011109356273664162,1.0,1.0,0.0,0.0,0.0,303,36.408958435058594,fresh_online_exploration,27,29
299424,43,1.0018250942230225,1.0018250942230225,1.0040448904037476,0.0022197901271283627,1.0,1.0,0.0,0.0,0.0,301,36.35767364501953,fresh_online_exploration,27,29
299712,10,1.0057188272476196,1.0057188272476196,1.0058047771453857,8.58709099702537e-05,1.0,1.0,0.0,0.0,0.0,306,36.55992126464844,fresh_online_exploration,27,29
300000,7,1.000227689743042,1.000227689743042,1.0003653764724731,0.00013767463678959757,1.0,1.0,0.0,0.0,0.0,305,36.44297790527344,fresh_online_exploration,27,29
