env_steps,env_index,max_angle,final_angle,cumulative_increase,regression_amount,progress,success,regression_event,stalled,lost_contact,episode_steps,return_value,source,first_policy_version,last_policy_version
28704,31,1.0043683052062988,1.0043683052062988,1.0043822526931763,1.3932686670159455e-05,1.0,1.0,0.0,0.0,0.0,299,36.400978088378906,fresh_online_exploration,0,2
28992,21,1.0016616582870483,1.0016616582870483,1.001688003540039,2.636175304360222e-05,1.0,1.0,0.0,0.0,0.0,302,36.42934036254883,fresh_online_exploration,0,2
28992,39,1.0043855905532837,1.0043855905532837,1.0044052600860596,1.9588866052799858e-05,1.0,1.0,0.0,0.0,0.0,302,36.41041564941406,fresh_online_exploration,0,2
29088,87,1.0026301145553589,1.0026301145553589,1.0027120113372803,8.193636313080788e-05,1.0,1.0,0.0,0.0,0.0,303,36.324676513671875,fresh_online_exploration,0,2
29184,85,1.000786542892456,1.000786542892456,1.0009675025939941,0.00018089113291352987,1.0,1.0,0.0,0.0,0.0,304,36.38186264038086,fresh_online_exploration,0,2
29280,91,1.0034403800964355,1.0034403800964355,1.003920555114746,0.00048019184032455087,1.0,1.0,0.0,0.0,0.0,305,36.54931640625,fresh_online_exploration,0,2
29376,25,1.0056917667388916,1.0056917667388916,1.005828619003296,0.00013674693764187396,1.0,1.0,0.0,0.0,0.0,306,36.47998046875,fresh_online_exploration,0,2
29376,26,1.0038847923278809,1.0038847923278809,1.0060182809829712,0.00213346048258245,1.0,1.0,0.0,0.0,0.0,306,36.62957000732422,fresh_online_exploration,0,2
29376,49,1.0019415616989136,1.0019415616989136,1.0021135807037354,0.00017197839042637497,1.0,1.0,0.0,0.0,0.0,306,36.42191696166992,fresh_online_exploration,0,2
29376,86,1.003519892692566,1.003519892692566,1.0036932229995728,0.00017333617142867297,1.0,1.0,0.0,0.0,0.0,306,36.51243209838867,fresh_online_exploration,0,2
29472,14,1.00039803981781,1.00039803981781,1.000605821609497,0.00020775709708686918,1.0,1.0,0.0,0.0,0.0,307,36.50012969970703,fresh_online_exploration,0,2
29472,37,1.0001447200775146,1.0001447200775146,1.0002093315124512,6.466372724389657e-05,1.0,1.0,0.0,1.0,0.0,307,36.5482177734375,fresh_online_exploration,0,2
29568,0,1.0046368837356567,1.0046368837356567,1.0046439170837402,7.038560852379305e-06,1.0,1.0,0.0,0.0,0.0,308,36.54653549194336,fresh_online_exploration,0,2
29568,78,1.0046627521514893,1.0046627521514893,1.0228369235992432,0.018174145370721817,1.0,1.0,0.0,0.0,0.0,308,36.59492492675781,fresh_online_exploration,0,2
29664,2,1.0027374029159546,1.0027374029159546,1.0030152797698975,0.00027792519540525973,1.0,1.0,0.0,0.0,0.0,309,36.59866714477539,fresh_online_exploration,0,2
29664,22,1.0055835247039795,1.0055835247039795,1.0058503150939941,0.00026677752612158656,1.0,1.0,0.0,0.0,0.0,309,36.613285064697266,fresh_online_exploration,0,2
29664,24,1.0023478269577026,1.0023478269577026,1.0026092529296875,0.0002613522519823164,1.0,1.0,0.0,1.0,0.0,309,36.60447692871094,fresh_online_exploration,0,2
29664,43,1.0024293661117554,1.0024293661117554,1.0027751922607422,0.00034591995063237846,1.0,1.0,0.0,1.0,0.0,309,36.696075439453125,fresh_online_exploration,0,2
29664,70,1.00160813331604,1.00160813331604,1.0017857551574707,0.0001776577701093629,1.0,1.0,0.0,1.0,0.0,309,36.53662872314453,fresh_online_exploration,0,2
29664,81,1.0027260780334473,1.0027260780334473,1.003131628036499,0.00040562861249782145,1.0,1.0,0.0,0.0,0.0,309,36.56867980957031,fresh_online_exploration,0,2
29664,93,1.0050244331359863,1.0050244331359863,1.0051053762435913,8.093679934972897e-05,1.0,1.0,0.0,1.0,0.0,309,36.608665466308594,fresh_online_exploration,0,2
29760,3,1.0044257640838623,1.0044257640838623,1.0045385360717773,0.000112724352220539,1.0,1.0,0.0,1.0,0.0,310,36.619075775146484,fresh_online_exploration,0,2
29760,23,1.004889726638794,1.004889726638794,1.004958152770996,6.843007577117532e-05,1.0,1.0,0.0,1.0,0.0,310,36.6728515625,fresh_online_exploration,0,2
29760,68,1.0009595155715942,1.0009595155715942,1.0011746883392334,0.00021519784058909863,1.0,1.0,0.0,0.0,0.0,310,36.58107376098633,fresh_online_exploration,0,2
29952,10,1.0015760660171509,1.0015760660171509,1.0016000270843506,2.3977527234819718e-05,1.0,1.0,0.0,1.0,0.0,312,36.53483963012695,fresh_online_exploration,0,2
29952,19,1.003423810005188,1.003423810005188,1.0034375190734863,1.3707979633181822e-05,1.0,1.0,0.0,1.0,0.0,312,36.677406311035156,fresh_online_exploration,0,2
29952,44,1.0019205808639526,1.0019205808639526,1.0168485641479492,0.014927996322512627,1.0,1.0,0.0,0.0,0.0,312,36.638404846191406,fresh_online_exploration,0,2
29952,66,1.0054892301559448,1.0054892301559448,1.0055372714996338,4.8103436711244285e-05,1.0,1.0,0.0,1.0,0.0,312,36.688697814941406,fresh_online_exploration,0,2
29952,84,1.0048140287399292,1.0048140287399292,1.004948616027832,0.00013455282896757126,1.0,1.0,0.0,1.0,0.0,312,36.70022964477539,fresh_online_exploration,0,2
30048,11,1.0024797916412354,1.0024797916412354,1.0026013851165771,0.00012150664406362921,1.0,1.0,0.0,1.0,0.0,313,36.720211029052734,fresh_online_exploration,0,2
30048,20,1.003250241279602,1.003250241279602,1.003394603729248,0.0001442778157070279,1.0,1.0,0.0,1.0,0.0,313,36.69316482543945,fresh_online_exploration,0,2
30048,64,1.0010180473327637,1.0010180473327637,1.0010336637496948,1.561144381412305e-05,1.0,1.0,0.0,1.0,0.0,313,36.73086166381836,fresh_online_exploration,0,2
30048,65,1.0009580850601196,1.0009580850601196,1.0009994506835938,4.139447264606133e-05,1.0,1.0,0.0,1.0,0.0,313,36.643150329589844,fresh_online_exploration,0,2
30048,75,1.002985954284668,1.002985954284668,1.0033286809921265,0.0003427244664635509,1.0,1.0,0.0,0.0,0.0,313,36.67771911621094,fresh_online_exploration,0,2
30144,6,1.0013647079467773,1.0013647079467773,1.0014086961746216,4.40006515418645e-05,1.0,1.0,0.0,1.0,0.0,314,36.64301300048828,fresh_online_exploration,0,3
30144,35,1.0019961595535278,1.0019961595535278,1.002182126045227,0.00018596253357827663,1.0,1.0,0.0,1.0,0.0,314,36.697906494140625,fresh_online_exploration,0,3
30144,36,1.0040900707244873,1.0040900707244873,1.0047112703323364,0.0006212175358086824,1.0,1.0,0.0,0.0,0.0,314,36.699989318847656,fresh_online_exploration,0,3
30144,45,1.0003644227981567,1.0003644227981567,1.0005698204040527,0.0002054301294265315,1.0,1.0,0.0,0.0,0.0,314,36.434844970703125,fresh_online_exploration,0,3
30144,60,1.0051689147949219,1.0051689147949219,1.0054672956466675,0.0002983754384331405,1.0,1.0,0.0,0.0,0.0,314,36.83396911621094,fresh_online_exploration,0,3
30240,9,1.0002174377441406,1.0002174377441406,1.0009620189666748,0.0007446856470778584,1.0,1.0,0.0,0.0,0.0,315,36.623748779296875,fresh_online_exploration,0,3
30240,32,1.0007531642913818,1.0007531642913818,1.0010104179382324,0.000257167179370299,1.0,1.0,0.0,1.0,0.0,315,36.68064880371094,fresh_online_exploration,0,3
30240,42,1.0040165185928345,1.0040165185928345,1.0213189125061035,0.01730254665017128,1.0,1.0,0.0,0.0,0.0,315,36.72123336791992,fresh_online_exploration,0,3
30240,54,1.0035901069641113,1.0035901069641113,1.0037353038787842,0.00014526161248795688,1.0,1.0,0.0,1.0,0.0,315,36.683815002441406,fresh_online_exploration,0,3
30336,16,1.0051724910736084,1.0051724910736084,1.0134327411651611,0.008260293863713741,1.0,1.0,0.0,0.0,0.0,316,36.73310852050781,fresh_online_exploration,0,3
30336,27,1.0009210109710693,1.0009210109710693,1.0010454654693604,0.00012439161946531385,1.0,1.0,0.0,1.0,0.0,316,36.71441650390625,fresh_online_exploration,0,3
30336,29,1.0050135850906372,1.0050135850906372,1.0050315856933594,1.803337363526225e-05,1.0,1.0,0.0,1.0,0.0,316,36.766746520996094,fresh_online_exploration,0,3
30336,52,1.0001721382141113,1.0001721382141113,1.0033164024353027,0.0031442195177078247,1.0,1.0,0.0,0.0,0.0,316,36.74916076660156,fresh_online_exploration,0,3
30336,73,1.0031027793884277,1.0031027793884277,1.0031712055206299,6.844556628493592e-05,1.0,1.0,0.0,1.0,0.0,316,36.679500579833984,fresh_online_exploration,0,3
30336,79,1.0018242597579956,1.0018242597579956,1.0023932456970215,0.0005689066601917148,1.0,1.0,0.0,1.0,0.0,316,36.608829498291016,fresh_online_exploration,0,3
30336,82,1.001624345779419,1.001624345779419,1.0160315036773682,0.01440709549933672,1.0,1.0,0.0,0.0,0.0,316,36.65601348876953,fresh_online_exploration,0,3
30432,50,1.000840663909912,1.000840663909912,1.000896692276001,5.5955340940272436e-05,1.0,1.0,0.0,1.0,0.0,317,36.84123611450195,fresh_online_exploration,0,3
30432,62,1.0023514032363892,1.0023514032363892,1.0024642944335938,0.00011295604053884745,1.0,1.0,0.0,0.0,0.0,317,36.65950012207031,fresh_online_exploration,0,3
30528,4,1.0001047849655151,1.0001047849655151,1.000998854637146,0.0008940743282437325,1.0,1.0,0.0,1.0,0.0,318,36.72981262207031,fresh_online_exploration,0,3
30528,8,1.0016804933547974,1.0016804933547974,1.0018641948699951,0.00018376314255874604,1.0,1.0,0.0,0.0,0.0,318,36.74400329589844,fresh_online_exploration,0,3
30528,13,1.0023329257965088,1.0023329257965088,1.00265634059906,0.00032343517523258924,1.0,1.0,0.0,1.0,0.0,318,36.823612213134766,fresh_online_exploration,0,3
30528,15,1.001536250114441,1.001536250114441,1.0018227100372314,0.0002865380374714732,1.0,1.0,0.0,0.0,0.0,318,36.67387390136719,fresh_online_exploration,0,3
30528,28,1.0030614137649536,1.0030614137649536,1.0033332109451294,0.00027178332675248384,1.0,1.0,0.0,1.0,0.0,318,36.78614044189453,fresh_online_exploration,0,3
30528,67,1.0049636363983154,1.0049636363983154,1.0057883262634277,0.0008245758945122361,1.0,1.0,0.0,0.0,0.0,318,36.827667236328125,fresh_online_exploration,0,3
30528,71,1.005510926246643,1.005510926246643,1.0056986808776855,0.00018775503849610686,1.0,1.0,0.0,1.0,0.0,318,36.80442810058594,fresh_online_exploration,0,3
30528,77,1.0004757642745972,1.0004757642745972,1.0005090236663818,3.324606586829759e-05,1.0,1.0,0.0,1.0,0.0,318,36.65721130371094,fresh_online_exploration,0,3
30528,83,1.0028252601623535,1.0028252601623535,1.0038315057754517,0.0010062407236546278,1.0,1.0,0.0,0.0,0.0,318,36.78810119628906,fresh_online_exploration,0,3
30528,92,1.000594973564148,1.000594973564148,1.000833511352539,0.00023850641446188092,1.0,1.0,0.0,1.0,0.0,318,36.745079040527344,fresh_online_exploration,0,3
30624,1,1.0045284032821655,1.0045284032821655,1.0048778057098389,0.00034935056464746594,1.0,1.0,0.0,0.0,0.0,319,36.843502044677734,fresh_online_exploration,0,3
30624,7,1.0007210969924927,1.0007210969924927,1.0008327960968018,0.00011171736696269363,1.0,1.0,0.0,1.0,0.0,319,36.822330474853516,fresh_online_exploration,0,3
30624,34,1.0052655935287476,1.0052655935287476,1.0052729845046997,7.395304237434175e-06,1.0,1.0,0.0,1.0,0.0,319,36.733245849609375,fresh_online_exploration,0,3
30720,17,1.0053400993347168,1.0053400993347168,1.005467176437378,0.0001271573855774477,1.0,1.0,0.0,1.0,0.0,320,36.86234664916992,fresh_online_exploration,0,3
30720,40,1.0002983808517456,1.0002983808517456,1.0005261898040771,0.00022781793086323887,1.0,1.0,0.0,1.0,0.0,320,36.790958404541016,fresh_online_exploration,0,3
30720,56,1.0011532306671143,1.0011532306671143,1.0014047622680664,0.0002516066888347268,1.0,1.0,0.0,1.0,0.0,320,36.78361511230469,fresh_online_exploration,0,3
30720,63,1.0007576942443848,1.0007576942443848,1.0009046792984009,0.0001470036804676056,1.0,1.0,0.0,1.0,0.0,320,36.71181869506836,fresh_online_exploration,0,3
30720,72,1.0020477771759033,1.0020477771759033,1.0021440982818604,9.633563604438677e-05,1.0,1.0,0.0,1.0,0.0,320,36.83926773071289,fresh_online_exploration,0,3
30720,80,1.0040597915649414,1.0040597915649414,1.0041446685791016,8.48430790938437e-05,1.0,1.0,0.0,1.0,0.0,320,36.843143463134766,fresh_online_exploration,0,3
30816,5,1.0026774406433105,1.0026774406433105,1.002690076828003,1.2641024113690946e-05,1.0,1.0,0.0,1.0,0.0,321,36.802433013916016,fresh_online_exploration,0,3
30816,12,1.0024157762527466,1.0024157762527466,1.002993106842041,0.0005774610326625407,1.0,1.0,0.0,1.0,0.0,321,36.79115676879883,fresh_online_exploration,0,3
30816,38,1.0039564371109009,1.0039564371109009,1.0157148838043213,0.011758396402001381,1.0,1.0,0.0,0.0,0.0,321,36.84183883666992,fresh_online_exploration,0,3
30816,48,1.0042130947113037,1.0042130947113037,1.0042204856872559,7.3701280598470476e-06,1.0,1.0,0.0,1.0,0.0,321,36.70867919921875,fresh_online_exploration,0,3
30816,61,1.0036762952804565,1.0036762952804565,1.0042295455932617,0.0005533123621717095,1.0,1.0,0.0,1.0,0.0,321,36.88825225830078,fresh_online_exploration,0,3
30816,90,1.0008560419082642,1.0008560419082642,1.0009913444519043,0.00013529375428333879,1.0,1.0,0.0,1.0,0.0,321,36.81229782104492,fresh_online_exploration,0,3
30912,46,1.004164457321167,1.004164457321167,1.004522442817688,0.00035802164347842336,1.0,1.0,0.0,0.0,0.0,322,36.91216278076172,fresh_online_exploration,0,3
30912,58,1.003711223602295,1.003711223602295,1.0148587226867676,0.011147642508149147,1.0,1.0,0.0,0.0,0.0,322,36.91782760620117,fresh_online_exploration,0,3
31008,53,1.0047720670700073,1.0047720670700073,1.0047800540924072,7.949783139338251e-06,1.0,1.0,0.0,1.0,0.0,323,36.794761657714844,fresh_online_exploration,0,3
31008,55,1.0015873908996582,1.0015873908996582,1.0017776489257812,0.00019023667846340686,1.0,1.0,0.0,1.0,0.0,323,36.82862854003906,fresh_online_exploration,0,3
31008,95,1.0046970844268799,1.0046970844268799,1.0048893690109253,0.00019224037532694638,1.0,1.0,0.0,1.0,0.0,323,36.962120056152344,fresh_online_exploration,0,3
31104,18,1.0040165185928345,1.0040165185928345,1.0041112899780273,9.486663475399837e-05,1.0,1.0,0.0,1.0,0.0,324,36.927337646484375,fresh_online_exploration,0,3
31104,41,1.0030591487884521,1.0030591487884521,1.0035569667816162,0.0004978794604539871,1.0,1.0,0.0,1.0,0.0,324,36.89189910888672,fresh_online_exploration,0,3
31104,74,1.0004485845565796,1.0004485845565796,1.0010569095611572,0.0006083781481720507,1.0,1.0,0.0,1.0,0.0,324,36.767433166503906,fresh_online_exploration,0,3
31200,57,1.00163733959198,1.00163733959198,1.0018668174743652,0.00022949700360186398,1.0,1.0,0.0,1.0,0.0,325,36.8552131652832,fresh_online_exploration,0,3
31200,76,1.0024954080581665,1.0024954080581665,1.0026319026947021,0.0001365195057587698,1.0,1.0,0.0,1.0,0.0,325,36.81621551513672,fresh_online_exploration,0,3
31200,89,1.0012240409851074,1.0012240409851074,1.0015041828155518,0.0002801976224873215,1.0,1.0,0.0,1.0,0.0,325,36.97504425048828,fresh_online_exploration,0,3
31296,30,1.0041509866714478,1.0041509866714478,1.0049347877502441,0.0007838006131350994,1.0,1.0,0.0,1.0,0.0,326,36.877906799316406,fresh_online_exploration,0,3
31296,33,1.002571702003479,1.002571702003479,1.0028631687164307,0.0002914266078732908,1.0,1.0,0.0,1.0,0.0,326,37.04344177246094,fresh_online_exploration,0,3
31392,69,1.0034098625183105,1.0034098625183105,1.0037169456481934,0.00030711665749549866,1.0,1.0,0.0,1.0,0.0,327,36.955360412597656,fresh_online_exploration,0,3
31392,94,1.0029031038284302,1.0029031038284302,1.0029504299163818,4.7318659198936075e-05,1.0,1.0,0.0,1.0,0.0,327,36.967350006103516,fresh_online_exploration,0,3
31680,88,1.004452109336853,1.004452109336853,1.0046391487121582,0.0001870573905762285,1.0,1.0,0.0,1.0,0.0,330,37.03340148925781,fresh_online_exploration,0,3
31776,47,1.0022467374801636,1.0022467374801636,1.0024670362472534,0.000220311208977364,1.0,1.0,0.0,1.0,0.0,331,36.90589141845703,fresh_online_exploration,0,3
31968,59,1.0033372640609741,1.0033372640609741,1.0040795803070068,0.0007423174101859331,1.0,1.0,0.0,1.0,0.0,333,37.081146240234375,fresh_online_exploration,0,3
32256,51,1.0033657550811768,1.0033657550811768,1.0041700601577759,0.0008042784174904227,1.0,1.0,0.0,1.0,0.0,336,37.198036193847656,fresh_online_exploration,0,3
58752,44,1.001844882965088,1.001844882965088,1.0019352436065674,9.033642709255219e-05,1.0,1.0,0.0,0.0,0.0,300,36.537113189697266,fresh_online_exploration,2,5
59136,21,1.0050806999206543,1.0050806999206543,1.005147933959961,6.7296095949132e-05,1.0,1.0,0.0,1.0,0.0,314,36.7841682434082,fresh_online_exploration,2,5
59136,87,1.0001155138015747,1.0001155138015747,1.0001980066299438,8.250615792348981e-05,1.0,1.0,0.0,1.0,0.0,313,36.55044174194336,fresh_online_exploration,2,5
59136,91,1.0018041133880615,1.0018041133880615,1.0019482374191284,0.00014412561722565442,1.0,1.0,0.0,1.0,0.0,311,36.579078674316406,fresh_online_exploration,2,5
59328,73,1.001726746559143,1.001726746559143,1.0018025636672974,7.57979869376868e-05,1.0,1.0,0.0,0.0,0.0,302,36.39375305175781,fresh_online_exploration,3,5
59424,26,1.0038528442382812,1.0038528442382812,1.003974437713623,0.00012167117529315874,1.0,1.0,0.0,1.0,0.0,313,36.73122787475586,fresh_online_exploration,2,5
59520,31,1.0014123916625977,1.0014123916625977,1.0014220476150513,9.647048500482924e-06,1.0,1.0,0.0,1.0,0.0,321,36.74515914916992,fresh_online_exploration,2,5
59616,81,1.0042577981948853,1.0042577981948853,1.0123920440673828,0.008134279400110245,1.0,1.0,0.0,0.0,0.0,312,36.663536071777344,fresh_online_exploration,2,5
59712,0,1.0024999380111694,1.0024999380111694,1.0025486946105957,4.869542317464948e-05,1.0,1.0,0.0,1.0,0.0,314,36.79374694824219,fresh_online_exploration,2,5
59712,25,1.0000741481781006,1.0000741481781006,1.0002472400665283,0.00017302963533438742,1.0,1.0,0.0,1.0,0.0,316,36.7705078125,fresh_online_exploration,2,5
59808,85,1.003085732460022,1.003085732460022,1.003188133239746,0.00010247047612210736,1.0,1.0,0.0,1.0,0.0,319,36.84673309326172,fresh_online_exploration,2,5
59808,86,1.0053989887237549,1.0053989887237549,1.0055208206176758,0.00012176062591606751,1.0,1.0,0.0,1.0,0.0,317,36.862220764160156,fresh_online_exploration,2,5
60000,22,1.0004301071166992,1.0004301071166992,1.000474452972412,4.435078153619543e-05,1.0,1.0,0.0,1.0,0.0,316,36.64763641357422,fresh_online_exploration,2,5
60096,3,1.0051743984222412,1.0051743984222412,1.0052542686462402,7.993997860467061e-05,1.0,1.0,0.0,1.0,0.0,316,36.759193420410156,fresh_online_exploration,2,6
60096,37,1.0010712146759033,1.0010712146759033,1.0012128353118896,0.00014163830201141536,1.0,1.0,0.0,1.0,0.0,319,36.80958557128906,fresh_online_exploration,2,6
60096,39,1.0029786825180054,1.0029786825180054,1.00299870967865,2.0042225514771417e-05,1.0,1.0,0.0,1.0,0.0,324,36.99272537231445,fresh_online_exploration,2,6
60096,49,1.0007495880126953,1.0007495880126953,1.0033631324768066,0.0026136147789657116,1.0,1.0,0.0,0.0,0.0,320,36.77444839477539,fresh_online_exploration,2,6
60096,68,1.004000186920166,1.004000186920166,1.0040173530578613,1.718102976155933e-05,1.0,1.0,0.0,1.0,0.0,316,36.788516998291016,fresh_online_exploration,2,6
60192,2,1.0042850971221924,1.0042850971221924,1.004467248916626,0.00018214124429505318,1.0,1.0,0.0,1.0,0.0,318,36.91644287109375,fresh_online_exploration,2,6
60192,24,1.0034373998641968,1.0034373998641968,1.003549575805664,0.00011213970719836652,1.0,1.0,0.0,1.0,0.0,318,36.9555549621582,fresh_online_exploration,2,6
60192,62,1.0051950216293335,1.0051950216293335,1.005219578742981,2.451492218824569e-05,1.0,1.0,0.0,0.0,0.0,310,36.642486572265625,fresh_online_exploration,3,6
60384,14,1.0006232261657715,1.0006232261657715,1.0007051229476929,8.191025699488819e-05,1.0,1.0,0.0,1.0,0.0,322,36.809547424316406,fresh_online_exploration,2,6
60480,10,1.0045896768569946,1.0045896768569946,1.0046765804290771,8.687153604114428e-05,1.0,1.0,0.0,1.0,0.0,318,36.823978424072266,fresh_online_exploration,2,6
60480,36,1.0050252676010132,1.0050252676010132,1.0097382068634033,0.004713020753115416,1.0,1.0,0.0,0.0,0.0,316,36.69504928588867,fresh_online_exploration,3,6
60480,38,1.0051168203353882,1.0051168203353882,1.0155659914016724,0.010449145920574665,1.0,1.0,0.0,0.0,0.0,309,36.596702575683594,fresh_online_exploration,3,6
60480,79,1.0026986598968506,1.0026986598968506,1.002841591835022,0.00014296242443379015,1.0,1.0,0.0,1.0,0.0,314,36.650733947753906,fresh_online_exploration,3,6
60576,9,1.0011154413223267,1.0011154413223267,1.0019999742507935,0.0008845261763781309,1.0,1.0,0.0,0.0,0.0,316,36.82191467285156,fresh_online_exploration,3,6
60576,93,1.0017220973968506,1.0017220973968506,1.0076606273651123,0.005938570946455002,1.0,1.0,0.0,0.0,0.0,322,36.86276626586914,fresh_online_exploration,2,6
60672,15,1.0029716491699219,1.0029716491699219,1.0056307315826416,0.0026591226924210787,1.0,1.0,0.0,0.0,0.0,314,36.72209548950195,fresh_online_exploration,3,6
60672,23,1.0015082359313965,1.0015082359313965,1.0016965866088867,0.00018832020577974617,1.0,1.0,0.0,1.0,0.0,322,36.833091735839844,fresh_online_exploration,2,6
60672,54,1.0011711120605469,1.0011711120605469,1.0014042854309082,0.00023316337319556624,1.0,1.0,0.0,0.0,0.0,317,36.810890197753906,fresh_online_exploration,3,6
60768,32,1.0037091970443726,1.0037091970443726,1.0041685104370117,0.0004593119665514678,1.0,1.0,0.0,1.0,0.0,318,36.853416442871094,fresh_online_exploration,3,6
60768,35,1.0045181512832642,1.0045181512832642,1.0169763565063477,0.012458178214728832,1.0,1.0,0.0,0.0,0.0,319,36.909584045410156,fresh_online_exploration,3,6
60768,82,1.0026781558990479,1.0026781558990479,1.0097131729125977,0.0070349895395338535,1.0,1.0,0.0,0.0,0.0,317,36.82320022583008,fresh_online_exploration,3,6
60960,5,1.0056651830673218,1.0056651830673218,1.0058040618896484,0.00013890091213397682,1.0,1.0,0.0,1.0,0.0,314,36.76020431518555,fresh_online_exploration,3,6
60960,17,1.0022183656692505,1.0022183656692505,1.00265634059906,0.00043802682193927467,1.0,1.0,0.0,1.0,0.0,315,36.77330780029297,fresh_online_exploration,3,6
60960,52,1.0029278993606567,1.0029278993606567,1.0035250186920166,0.0005970660131424665,1.0,1.0,0.0,1.0,0.0,319,36.82887649536133,fresh_online_exploration,3,6
60960,63,1.0015308856964111,1.0015308856964111,1.0015795230865479,4.86317221657373e-05,1.0,1.0,0.0,1.0,0.0,315,36.74746322631836,fresh_online_exploration,3,6
60960,78,1.0012599229812622,1.0012599229812622,1.0106350183486938,0.009375015273690224,1.0,1.0,0.0,1.0,0.0,327,36.910675048828125,fresh_online_exploration,2,6
61152,19,1.0046144723892212,1.0046144723892212,1.0048631429672241,0.0002486761659383774,1.0,1.0,0.0,1.0,0.0,325,36.95318603515625,fresh_online_exploration,2,6
61152,20,1.0061804056167603,1.0061804056167603,1.0062037706375122,2.335994940949604e-05,1.0,1.0,0.0,1.0,0.0,324,37.02204513549805,fresh_online_exploration,2,6
61248,58,1.0035439729690552,1.0035439729690552,1.0167176723480225,0.013173695653676987,1.0,1.0,0.0,0.0,0.0,316,36.81560516357422,fresh_online_exploration,3,6
61248,70,1.0013808012008667,1.0013808012008667,1.0013984441757202,1.7649823348619975e-05,1.0,1.0,0.0,1.0,0.0,329,37.014888763427734,fresh_online_exploration,2,6
61248,75,1.0030030012130737,1.0030030012130737,1.0031704902648926,0.00016757695993874222,1.0,1.0,0.0,1.0,0.0,325,36.8838005065918,fresh_online_exploration,2,6
61248,84,1.005279541015625,1.005279541015625,1.0057330131530762,0.00045351884909905493,1.0,1.0,0.0,1.0,0.0,326,37.01464080810547,fresh_online_exploration,2,6
61344,83,1.0051627159118652,1.0051627159118652,1.0051791667938232,1.6456731827929616e-05,1.0,1.0,0.0,1.0,0.0,321,36.87769317626953,fresh_online_exploration,3,6
61440,11,1.0013768672943115,1.0013768672943115,1.0014984607696533,0.00012157742457929999,1.0,1.0,0.0,1.0,0.0,327,36.929039001464844,fresh_online_exploration,2,6
61536,16,1.0024112462997437,1.0024112462997437,1.0035035610198975,0.0010922427754849195,1.0,1.0,0.0,1.0,0.0,325,36.962379455566406,fresh_online_exploration,3,6
61536,34,1.0032168626785278,1.0032168626785278,1.0037357807159424,0.000518930028192699,1.0,1.0,0.0,1.0,0.0,322,36.935302734375,fresh_online_exploration,3,6
61536,42,1.0009407997131348,1.0009407997131348,1.0020111799240112,0.001070373342372477,1.0,1.0,0.0,1.0,0.0,326,36.90235137939453,fresh_online_exploration,3,6
61536,50,1.0009573698043823,1.0009573698043823,1.0010079145431519,5.058755414211191e-05,1.0,1.0,0.0,1.0,0.0,324,36.91797637939453,fresh_online_exploration,3,6
61536,65,1.001816749572754,1.001816749572754,1.0020482540130615,0.00023153254005592316,1.0,1.0,0.0,1.0,0.0,328,36.959991455078125,fresh_online_exploration,2,6
61632,45,1.0025521516799927,1.0025521516799927,1.00278902053833,0.00023694298579357564,1.0,1.0,0.0,1.0,0.0,328,36.951637268066406,fresh_online_exploration,3,6
61632,46,1.0009572505950928,1.0009572505950928,1.0009739398956299,1.6660613255226053e-05,1.0,1.0,0.0,1.0,0.0,320,36.78482437133789,fresh_online_exploration,3,6
61632,48,1.000557541847229,1.000557541847229,1.0007567405700684,0.0001991139870369807,1.0,1.0,0.0,1.0,0.0,321,36.65327072143555,fresh_online_exploration,3,6
61632,80,1.0026980638504028,1.0026980638504028,1.0029808282852173,0.0002827691496349871,1.0,1.0,0.0,1.0,0.0,322,36.899478912353516,fresh_online_exploration,3,6
61728,4,1.0014324188232422,1.0014324188232422,1.01133131980896,0.00989891029894352,1.0,1.0,0.0,0.0,0.0,325,36.81098175048828,fresh_online_exploration,3,6
61728,43,1.0021657943725586,1.0021657943725586,1.0022859573364258,0.00012024568422930315,1.0,1.0,0.0,1.0,0.0,334,37.054569244384766,fresh_online_exploration,2,6
61728,71,1.0019938945770264,1.0019938945770264,1.0023505687713623,0.00035659392597153783,1.0,1.0,0.0,1.0,0.0,325,36.91664505004883,fresh_online_exploration,3,6
61824,28,1.005143165588379,1.005143165588379,1.0052746534347534,0.0001315258996328339,1.0,1.0,0.0,1.0,0.0,326,37.074344635009766,fresh_online_exploration,3,6
61824,60,1.0051021575927734,1.0051021575927734,1.0054653882980347,0.00036327113048173487,1.0,1.0,0.0,1.0,0.0,330,37.07109069824219,fresh_online_exploration,3,6
61824,77,1.005439281463623,1.005439281463623,1.005486011505127,4.672068462241441e-05,1.0,1.0,0.0,1.0,0.0,326,36.938323974609375,fresh_online_exploration,3,6
61824,90,1.0010548830032349,1.0010548830032349,1.0012578964233398,0.00020294637943152338,1.0,1.0,0.0,1.0,0.0,323,36.97029113769531,fresh_online_exploration,3,6
61920,1,1.0001405477523804,1.0001405477523804,1.000401496887207,0.0002610146766528487,1.0,1.0,0.0,1.0,0.0,326,36.958030700683594,fresh_online_exploration,3,6
61920,56,1.0020173788070679,1.0020173788070679,1.0021100044250488,9.258003410650417e-05,1.0,1.0,0.0,1.0,0.0,325,36.96662139892578,fresh_online_exploration,3,6
62016,27,1.000322699546814,1.000322699546814,1.000772476196289,0.00044969917507842183,1.0,1.0,0.0,1.0,0.0,330,37.103336334228516,fresh_online_exploration,3,6
62016,40,1.0045527219772339,1.0045527219772339,1.0046870708465576,0.00013431742263492197,1.0,1.0,0.0,1.0,0.0,326,37.06912612915039,fresh_online_exploration,3,6
62016,76,1.0015169382095337,1.0015169382095337,1.0017329454421997,0.00021598994499072433,1.0,1.0,0.0,1.0,0.0,321,36.798301696777344,fresh_online_exploration,3,6
62112,7,1.0015162229537964,1.0015162229537964,1.0018547773361206,0.00033860141411423683,1.0,1.0,0.0,1.0,0.0,328,36.915863037109375,fresh_online_exploration,3,6
62112,53,1.0023552179336548,1.0023552179336548,1.0023646354675293,9.504027730145026e-06,1.0,1.0,0.0,1.0,0.0,324,36.857749938964844,fresh_online_exploration,3,6
62208,18,1.003153681755066,1.003153681755066,1.003163456916809,9.782623237697408e-06,1.0,1.0,0.0,1.0,0.0,324,37.01462173461914,fresh_online_exploration,3,6
62304,12,1.0002869367599487,1.0002869367599487,1.0024752616882324,0.0021882785949856043,1.0,1.0,0.0,0.0,0.0,328,36.93516540527344,fresh_online_exploration,3,6
62304,41,1.0038551092147827,1.0038551092147827,1.0103943347930908,0.006539206486195326,1.0,1.0,0.0,0.0,0.0,325,36.90093231201172,fresh_online_exploration,3,6
62400,61,1.001940369606018,1.001940369606018,1.0020384788513184,9.814660006668419e-05,1.0,1.0,0.0,1.0,0.0,329,36.996002197265625,fresh_online_exploration,3,6
62400,66,1.0035834312438965,1.0035834312438965,1.0042929649353027,0.0007095309556461871,1.0,1.0,0.0,1.0,0.0,338,37.22467041015625,fresh_online_exploration,2,6
62400,72,1.0001689195632935,1.0001689195632935,1.0005104541778564,0.00034150632563978434,1.0,1.0,0.0,1.0,0.0,330,37.01529312133789,fresh_online_exploration,3,6
62496,69,1.0034945011138916,1.0034945011138916,1.0039849281311035,0.0004903545486740768,1.0,1.0,0.0,1.0,0.0,324,36.98402404785156,fresh_online_exploration,3,6
62592,55,1.000756025314331,1.000756025314331,1.0011099576950073,0.00035391663550399244,1.0,1.0,0.0,1.0,0.0,329,37.018150329589844,fresh_online_exploration,3,6
62688,67,1.005025863647461,1.005025863647461,1.013145923614502,0.008119983598589897,1.0,1.0,0.0,1.0,0.0,335,37.18173599243164,fresh_online_exploration,3,6
62688,88,1.0008140802383423,1.0008140802383423,1.0012513399124146,0.0004372566472738981,1.0,1.0,0.0,1.0,0.0,323,36.92423629760742,fresh_online_exploration,3,6
62784,29,1.0028749704360962,1.0028749704360962,1.0031590461730957,0.00028414084226824343,1.0,1.0,0.0,1.0,0.0,338,37.2802734375,fresh_online_exploration,3,6
62784,64,1.0045342445373535,1.0045342445373535,1.0049006938934326,0.0003665594558697194,1.0,1.0,0.0,1.0,0.0,341,37.284034729003906,fresh_online_exploration,2,6
62784,95,1.0048973560333252,1.0048973560333252,1.0051651000976562,0.0002677823358681053,1.0,1.0,0.0,1.0,0.0,331,37.14942169189453,fresh_online_exploration,3,6
62976,74,1.0003266334533691,1.0003266334533691,1.0010336637496948,0.000707048166077584,1.0,1.0,0.0,1.0,0.0,332,36.90403747558594,fresh_online_exploration,3,6
62976,94,1.0027672052383423,1.0027672052383423,1.0030150413513184,0.000247906893491745,1.0,1.0,0.0,1.0,0.0,329,37.00965118408203,fresh_online_exploration,3,6
63072,13,1.0044482946395874,1.0044482946395874,1.0048489570617676,0.0004007105599157512,1.0,1.0,0.0,1.0,0.0,339,37.21870803833008,fresh_online_exploration,3,6
63072,33,1.000008225440979,1.000008225440979,1.0000461339950562,3.788542016991414e-05,1.0,1.0,0.0,1.0,0.0,331,37.00096893310547,fresh_online_exploration,3,6
63072,92,1.0044912099838257,1.0044912099838257,1.0046107769012451,0.00011951332999160513,1.0,1.0,0.0,1.0,0.0,339,37.25611114501953,fresh_online_exploration,3,6
63168,51,1.0021467208862305,1.0021467208862305,1.002396583557129,0.00024987506913021207,1.0,1.0,0.0,1.0,0.0,322,36.86123275756836,fresh_online_exploration,3,6
63264,57,1.0049396753311157,1.0049396753311157,1.0051960945129395,0.0002563927846495062,1.0,1.0,0.0,1.0,0.0,334,37.230506896972656,fresh_online_exploration,3,6
63264,89,1.0006725788116455,1.0006725788116455,1.0010186433792114,0.00034606194822117686,1.0,1.0,0.0,1.0,0.0,334,37.188072204589844,fresh_online_exploration,3,6
63456,6,1.002003788948059,1.002003788948059,1.0029219388961792,0.0009181699133478105,1.0,1.0,0.0,1.0,0.0,347,37.415733337402344,fresh_online_exploration,3,6
63456,47,1.0049136877059937,1.0049136877059937,1.0053038597106934,0.0003901046875398606,1.0,1.0,0.0,1.0,0.0,330,37.11307907104492,fresh_online_exploration,3,6
63456,59,1.0028198957443237,1.0028198957443237,1.003208875656128,0.0003889202489517629,1.0,1.0,0.0,0.0,0.0,328,37.01432800292969,fresh_online_exploration,3,6
63552,30,1.005408525466919,1.005408525466919,1.007961392402649,0.0025528150144964457,1.0,1.0,0.0,1.0,0.0,336,37.10702133178711,fresh_online_exploration,3,6
63648,8,1.003502368927002,1.003502368927002,1.0044865608215332,0.0009841478895395994,1.0,1.0,0.0,1.0,0.0,345,37.40049743652344,fresh_online_exploration,3,6
89376,44,1.0029999017715454,1.0029999017715454,1.0184335708618164,0.015433612279593945,1.0,1.0,0.0,0.0,0.0,319,36.77729797363281,fresh_online_exploration,5,8
89376,91,1.0019270181655884,1.0019270181655884,1.0022711753845215,0.00034421190503053367,1.0,1.0,0.0,1.0,0.0,315,36.720218658447266,fresh_online_exploration,5,8
89472,68,1.0020761489868164,1.0020761489868164,1.0021624565124512,8.639990846859291e-05,1.0,1.0,0.0,0.0,0.0,306,36.49770736694336,fresh_online_exploration,6,8
89664,26,1.0036214590072632,1.0036214590072632,1.0036537647247314,3.235463736928068e-05,1.0,1.0,0.0,1.0,0.0,315,36.68156051635742,fresh_online_exploration,5,8
89856,0,1.000596284866333,1.000596284866333,1.0010290145874023,0.0004327995702624321,1.0,1.0,0.0,1.0,0.0,314,36.60234451293945,fresh_online_exploration,5,8
89856,87,1.0008656978607178,1.0008656978607178,1.0008784532546997,1.2796659575542435e-05,1.0,1.0,0.0,1.0,0.0,320,36.63040542602539,fresh_online_exploration,5,8
90048,31,1.0014442205429077,1.0014442205429077,1.001631498336792,0.00018736260244622827,1.0,1.0,0.0,1.0,0.0,318,36.68218231201172,fresh_online_exploration,5,8
90048,73,1.0030523538589478,1.0030523538589478,1.003413200378418,0.00036083313170820475,1.0,1.0,0.0,1.0,0.0,320,36.718772888183594,fresh_online_exploration,5,8
90336,21,1.005467176437378,1.005467176437378,1.005483865737915,1.66086720128078e-05,1.0,1.0,0.0,1.0,0.0,325,36.905609130859375,fresh_online_exploration,5,9
90432,36,1.0059871673583984,1.0059871673583984,1.013933539390564,0.007946446537971497,1.0,1.0,0.0,0.0,0.0,312,36.642723083496094,fresh_online_exploration,6,9
90528,49,1.0014457702636719,1.0014457702636719,1.0088180303573608,0.0073723034001886845,1.0,1.0,0.0,0.0,0.0,317,36.725807189941406,fresh_online_exploration,6,9
90624,25,1.00047767162323,1.00047767162323,1.0008459091186523,0.0003681797534227371,1.0,1.0,0.0,1.0,0.0,322,36.82124328613281,fresh_online_exploration,5,9
90624,86,1.0050747394561768,1.0050747394561768,1.0050926208496094,1.7864746041595936e-05,1.0,1.0,0.0,1.0,0.0,321,36.769287109375,fresh_online_exploration,5,9
90720,32,1.0000159740447998,1.0000159740447998,1.0001556873321533,0.0001397931482642889,1.0,1.0,0.0,1.0,0.0,312,36.609432220458984,fresh_online_exploration,6,9
90720,38,1.0033625364303589,1.0033625364303589,1.0151314735412598,0.011768949218094349,1.0,1.0,0.0,0.0,0.0,315,36.62437438964844,fresh_online_exploration,6,9
90816,37,1.0029484033584595,1.0029484033584595,1.0030770301818848,0.0001285735925193876,1.0,1.0,0.0,1.0,0.0,320,36.77320861816406,fresh_online_exploration,6,9
90816,39,1.0033867359161377,1.0033867359161377,1.0035102367401123,0.00012347305892035365,1.0,1.0,0.0,1.0,0.0,320,36.739566802978516,fresh_online_exploration,6,9
90816,62,1.003998041152954,1.003998041152954,1.00430428981781,0.00030627899104729295,1.0,1.0,0.0,1.0,0.0,319,36.72288513183594,fresh_online_exploration,6,9
90912,17,1.0055395364761353,1.0055395364761353,1.0056320428848267,9.25062267924659e-05,1.0,1.0,0.0,1.0,0.0,312,36.64872741699219,fresh_online_exploration,6,9
91008,3,1.0041842460632324,1.0041842460632324,1.0043747425079346,0.0001904131204355508,1.0,1.0,0.0,1.0,0.0,322,36.85588073730469,fresh_online_exploration,6,9
91008,81,1.0048226118087769,1.0048226118087769,1.013521671295166,0.008698994293808937,1.0,1.0,0.0,1.0,0.0,327,36.86720657348633,fresh_online_exploration,5,9
91104,24,1.001799464225769,1.001799464225769,1.0018454790115356,4.606904258253053e-05,1.0,1.0,0.0,1.0,0.0,322,36.79592514038086,fresh_online_exploration,6,9
91200,85,1.0026822090148926,1.0026822090148926,1.002751111984253,6.893452518852428e-05,1.0,1.0,0.0,1.0,0.0,327,36.87218475341797,fresh_online_exploration,5,9
91200,93,1.0049062967300415,1.0049062967300415,1.0057744979858398,0.0008681793115101755,1.0,1.0,0.0,0.0,0.0,319,36.797584533691406,fresh_online_exploration,6,9
91296,14,1.005263090133667,1.005263090133667,1.005516767501831,0.0002537120599299669,1.0,1.0,0.0,1.0,0.0,322,36.86786651611328,fresh_online_exploration,6,9
91296,15,1.0044277906417847,1.0044277906417847,1.0119178295135498,0.007490140851587057,1.0,1.0,0.0,0.0,0.0,319,36.74541091918945,fresh_online_exploration,6,9
91392,2,1.001410961151123,1.001410961151123,1.0016112327575684,0.00020030600717291236,1.0,1.0,0.0,1.0,0.0,325,36.85762023925781,fresh_online_exploration,6,9
91488,48,1.005025029182434,1.005025029182434,1.0051631927490234,0.00013824805500917137,1.0,1.0,0.0,1.0,0.0,311,36.56808853149414,fresh_online_exploration,6,9
91584,5,1.0020896196365356,1.0020896196365356,1.0021060705184937,1.6496558600920253e-05,1.0,1.0,0.0,1.0,0.0,319,36.80946731567383,fresh_online_exploration,6,9
91584,11,1.004075288772583,1.004075288772583,1.00459623336792,0.0005208838265389204,1.0,1.0,0.0,1.0,0.0,314,36.69764709472656,fresh_online_exploration,6,9
91584,52,1.002036452293396,1.002036452293396,1.0021116733551025,7.515108154620975e-05,1.0,1.0,0.0,1.0,0.0,319,36.806251525878906,fresh_online_exploration,6,9
91584,82,1.0057950019836426,1.0057950019836426,1.0155190229415894,0.009723987430334091,1.0,1.0,0.0,0.0,0.0,321,36.89112091064453,fresh_online_exploration,6,9
91680,79,1.003217339515686,1.003217339515686,1.0033503770828247,0.00013303298328537494,1.0,1.0,0.0,1.0,0.0,325,36.91276550292969,fresh_online_exploration,6,9
91776,42,1.0002083778381348,1.0002083778381348,1.00065016746521,0.00044180237455293536,1.0,1.0,0.0,0.0,0.0,315,36.57819366455078,fresh_online_exploration,6,9
91776,75,1.0043071508407593,1.0043071508407593,1.004384160041809,7.703560549998656e-05,1.0,1.0,0.0,1.0,0.0,318,36.83876037597656,fresh_online_exploration,6,9
91872,35,1.0022797584533691,1.0022797584533691,1.002689242362976,0.00040952046401798725,1.0,1.0,0.0,1.0,0.0,324,36.86714553833008,fresh_online_exploration,6,9
91968,65,1.0006051063537598,1.0006051063537598,1.0006144046783447,9.399151167599484e-06,1.0,1.0,0.0,1.0,0.0,317,36.62760925292969,fresh_online_exploration,6,9
92160,41,1.0051584243774414,1.0051584243774414,1.013636827468872,0.008478427305817604,1.0,1.0,0.0,0.0,0.0,311,36.68757629394531,fresh_online_exploration,6,9
92256,10,1.004477858543396,1.004477858543396,1.0045208930969238,4.2971179937012494e-05,1.0,1.0,0.0,1.0,0.0,331,37.05461120605469,fresh_online_exploration,6,9
92256,23,1.0021297931671143,1.0021297931671143,1.0023565292358398,0.00022671115584671497,1.0,1.0,0.0,1.0,0.0,329,37.0972900390625,fresh_online_exploration,6,9
92256,34,1.0030522346496582,1.0030522346496582,1.0031580924987793,0.00010577167267911136,1.0,1.0,0.0,1.0,0.0,320,36.80760955810547,fresh_online_exploration,6,9
92256,40,1.0000219345092773,1.0000219345092773,1.0000319480895996,1.0009031939262059e-05,1.0,1.0,0.0,1.0,0.0,315,36.671504974365234,fresh_online_exploration,6,9
92256,50,1.0029393434524536,1.0029393434524536,1.0031635761260986,0.00022415367129724473,1.0,1.0,0.0,1.0,0.0,320,36.81534957885742,fresh_online_exploration,6,9
92352,18,1.0000040531158447,1.0000040531158447,1.0051219463348389,0.005117913242429495,1.0,1.0,0.0,0.0,0.0,314,36.619850158691406,fresh_online_exploration,6,9
92352,63,1.0014015436172485,1.0014015436172485,1.001448631286621,4.705816536443308e-05,1.0,1.0,0.0,1.0,0.0,327,36.900936126708984,fresh_online_exploration,6,9
92448,20,1.0008666515350342,1.0008666515350342,1.0010836124420166,0.00021701696095988154,1.0,1.0,0.0,1.0,0.0,326,36.914588928222656,fresh_online_exploration,6,9
92448,54,1.0011661052703857,1.0011661052703857,1.0013599395751953,0.00019380790763534606,1.0,1.0,0.0,1.0,0.0,331,37.00758743286133,fresh_online_exploration,6,9
92448,70,1.0049707889556885,1.0049707889556885,1.0049935579299927,2.2779679056839086e-05,1.0,1.0,0.0,1.0,0.0,325,37.013214111328125,fresh_online_exploration,6,9
92544,71,1.0012469291687012,1.0012469291687012,1.0013606548309326,0.00011377191549399868,1.0,1.0,0.0,1.0,0.0,321,36.75697326660156,fresh_online_exploration,6,9
92640,1,1.0057799816131592,1.0057799816131592,1.0058187246322632,3.874129106407054e-05,1.0,1.0,0.0,1.0,0.0,320,36.81489562988281,fresh_online_exploration,6,9
92640,46,1.0047504901885986,1.0047504901885986,1.0048458576202393,9.540224709780887e-05,1.0,1.0,0.0,1.0,0.0,323,36.81771469116211,fresh_online_exploration,6,9
92640,84,1.0021425485610962,1.0021425485610962,1.0022205114364624,7.796513818902895e-05,1.0,1.0,0.0,1.0,0.0,327,36.89023208618164,fresh_online_exploration,6,9
92736,9,1.0032731294631958,1.0032731294631958,1.0033302307128906,5.7099667174043134e-05,1.0,1.0,0.0,1.0,0.0,335,37.12417221069336,fresh_online_exploration,6,9
92736,22,1.0013210773468018,1.0013210773468018,1.0021322965621948,0.00081121816765517,1.0,1.0,0.0,1.0,0.0,341,37.36570739746094,fresh_online_exploration,5,9
92736,78,1.0012097358703613,1.0012097358703613,1.0071388483047485,0.0059291603974998,1.0,1.0,0.0,1.0,0.0,331,37.037818908691406,fresh_online_exploration,6,9
92832,58,1.0015695095062256,1.0015695095062256,1.0019136667251587,0.0003441481676418334,1.0,1.0,0.0,1.0,0.0,329,36.882102966308594,fresh_online_exploration,6,9
92928,43,1.003101110458374,1.003101110458374,1.007610559463501,0.004509519319981337,1.0,1.0,0.0,1.0,0.0,325,36.953330993652344,fresh_online_exploration,6,9
93024,16,1.0052567720413208,1.0052567720413208,1.0150679349899292,0.009811094962060452,1.0,1.0,0.0,0.0,0.0,328,37.001136779785156,fresh_online_exploration,6,9
93024,27,1.0028667449951172,1.0028667449951172,1.004011869430542,0.001145064365118742,1.0,1.0,0.0,1.0,0.0,323,36.86170959472656,fresh_online_exploration,6,9
93024,28,1.0037206411361694,1.0037206411361694,1.0037403106689453,1.968827382370364e-05,1.0,1.0,0.0,1.0,0.0,325,37.01081466674805,fresh_online_exploration,6,9
93024,72,1.0035320520401,1.0035320520401,1.004014015197754,0.00048190911184065044,1.0,1.0,0.0,1.0,0.0,319,36.749267578125,fresh_online_exploration,6,9
93216,53,1.000645637512207,1.000645637512207,1.0009344816207886,0.00028882711194455624,1.0,1.0,0.0,1.0,0.0,324,36.85965347290039,fresh_online_exploration,6,9
93216,90,1.0013502836227417,1.0013502836227417,1.0017554759979248,0.0004051848372910172,1.0,1.0,0.0,1.0,0.0,327,36.872379302978516,fresh_online_exploration,6,9
93312,55,1.0041439533233643,1.0041439533233643,1.0136455297470093,0.009501590393483639,1.0,1.0,0.0,0.0,0.0,320,36.879825592041016,fresh_online_exploration,6,9
93312,60,1.001207947731018,1.001207947731018,1.001391887664795,0.00018399259715806693,1.0,1.0,0.0,1.0,0.0,328,36.889408111572266,fresh_online_exploration,6,9
93408,7,1.0023910999298096,1.0023910999298096,1.0025488138198853,0.00015769772289786488,1.0,1.0,0.0,1.0,0.0,326,36.917137145996094,fresh_online_exploration,6,9
93408,19,1.001307725906372,1.001307725906372,1.001474380493164,0.00016661146946717054,1.0,1.0,0.0,1.0,0.0,336,37.1653938293457,fresh_online_exploration,6,9
93408,80,1.0048978328704834,1.0048978328704834,1.0050193071365356,0.00012147265078965575,1.0,1.0,0.0,1.0,0.0,331,37.015167236328125,fresh_online_exploration,6,9
93408,83,1.0024652481079102,1.0024652481079102,1.0032331943511963,0.0007679002592340112,1.0,1.0,0.0,0.0,0.0,334,37.07630157470703,fresh_online_exploration,6,9
93600,4,1.0032795667648315,1.0032795667648315,1.0121655464172363,0.008885893039405346,1.0,1.0,0.0,1.0,0.0,332,37.07333755493164,fresh_online_exploration,6,9
93600,67,1.0035912990570068,1.0035912990570068,1.0125248432159424,0.008933654986321926,1.0,1.0,0.0,1.0,0.0,322,36.856971740722656,fresh_online_exploration,6,9
93696,57,1.0023995637893677,1.0023995637893677,1.0024089813232422,9.516773388895672e-06,1.0,1.0,0.0,1.0,0.0,317,36.63161849975586,fresh_online_exploration,6,9
93696,77,1.0023280382156372,1.0023280382156372,1.002699851989746,0.0003718880470842123,1.0,1.0,0.0,1.0,0.0,332,37.06458282470703,fresh_online_exploration,6,9
93696,92,1.0027300119400024,1.0027300119400024,1.0028433799743652,0.00011334368900861591,1.0,1.0,0.0,1.0,0.0,319,36.7242431640625,fresh_online_exploration,6,9
93792,88,1.0006024837493896,1.0006024837493896,1.0007011890411377,9.868018969427794e-05,1.0,1.0,0.0,1.0,0.0,324,36.8212890625,fresh_online_exploration,6,9
93888,12,1.0013068914413452,1.0013068914413452,1.0027170181274414,0.0014101776760071516,1.0,1.0,0.0,1.0,0.0,329,36.93033981323242,fresh_online_exploration,6,9
93888,61,1.0032291412353516,1.0032291412353516,1.003509283065796,0.0002800885704346001,1.0,1.0,0.0,1.0,0.0,328,36.99763870239258,fresh_online_exploration,6,9
93888,66,1.0054537057876587,1.0054537057876587,1.0056657791137695,0.00021210940030869097,1.0,1.0,0.0,1.0,0.0,328,37.064552307128906,fresh_online_exploration,6,9
93888,69,1.004185438156128,1.004185438156128,1.0044748783111572,0.0002894189383368939,1.0,1.0,0.0,1.0,0.0,327,36.906639099121094,fresh_online_exploration,6,9
94080,29,1.005459189414978,1.005459189414978,1.0055747032165527,0.00011545896268216893,1.0,1.0,0.0,1.0,0.0,326,36.87936019897461,fresh_online_exploration,6,9
94080,76,1.0059125423431396,1.0059125423431396,1.0079007148742676,0.0019881417974829674,1.0,1.0,0.0,1.0,0.0,334,37.18421173095703,fresh_online_exploration,6,9
94176,45,1.0005050897598267,1.0005050897598267,1.0006649494171143,0.00015993312990758568,1.0,1.0,0.0,1.0,0.0,339,37.15345001220703,fresh_online_exploration,6,9
94272,56,1.0015690326690674,1.0015690326690674,1.0019760131835938,0.0004068849375471473,1.0,1.0,0.0,1.0,0.0,337,37.102027893066406,fresh_online_exploration,6,9
94368,59,1.0044243335723877,1.0044243335723877,1.0044353008270264,1.090700152417412e-05,1.0,1.0,0.0,1.0,0.0,322,36.78867721557617,fresh_online_exploration,6,9
94464,13,1.0052964687347412,1.0052964687347412,1.0057260990142822,0.0004296485858503729,1.0,1.0,0.0,1.0,0.0,327,36.993438720703125,fresh_online_exploration,6,9
94656,47,1.0000596046447754,1.0000596046447754,1.0002872943878174,0.0002276884188177064,1.0,1.0,0.0,1.0,0.0,325,36.754547119140625,fresh_online_exploration,6,9
94848,89,1.0015438795089722,1.0015438795089722,1.0020331144332886,0.0004892358556389809,1.0,1.0,0.0,1.0,0.0,329,37.048973083496094,fresh_online_exploration,6,9
94848,95,1.0003892183303833,1.0003892183303833,1.0004253387451172,3.6061202990822494e-05,1.0,1.0,0.0,1.0,0.0,334,36.94126510620117,fresh_online_exploration,6,9
95040,33,1.0025373697280884,1.0025373697280884,1.0028789043426514,0.00034159529604949057,1.0,1.0,0.0,1.0,0.0,333,37.10707092285156,fresh_online_exploration,6,9
95136,51,1.0032027959823608,1.0032027959823608,1.0035169124603271,0.00031409799703396857,1.0,1.0,0.0,1.0,0.0,333,37.06100082397461,fresh_online_exploration,6,9
95136,64,1.0015820264816284,1.0015820264816284,1.0017491579055786,0.00016714996309019625,1.0,1.0,0.0,1.0,0.0,337,37.13130569458008,fresh_online_exploration,6,9
95232,94,1.004554033279419,1.004554033279419,1.004716157913208,0.00016204822168219835,1.0,1.0,0.0,1.0,0.0,336,37.20817565917969,fresh_online_exploration,6,9
95328,30,1.0041637420654297,1.0041637420654297,1.0069761276245117,0.0028123934753239155,1.0,1.0,0.0,1.0,0.0,331,36.98576354980469,fresh_online_exploration,6,9
95808,8,1.0042699575424194,1.0042699575424194,1.004789113998413,0.0005192182143218815,1.0,1.0,0.0,1.0,0.0,335,37.134483337402344,fresh_online_exploration,6,9
95904,74,1.004969596862793,1.004969596862793,1.0054640769958496,0.0004945261753164232,1.0,1.0,0.0,1.0,0.0,343,37.45685958862305,fresh_online_exploration,6,9
97632,6,1.00182044506073,1.00182044506073,1.0020208358764648,0.00020034966291859746,1.0,1.0,0.0,1.0,0.0,356,37.49116516113281,fresh_online_exploration,6,9
119232,91,1.0045689344406128,1.0045689344406128,1.004716157913208,0.00014722978812642395,1.0,1.0,0.0,1.0,0.0,311,36.68730545043945,fresh_online_exploration,8,11
119328,73,1.0045894384384155,1.0045894384384155,1.0048997402191162,0.0003103533817920834,1.0,1.0,0.0,0.0,0.0,305,36.58794403076172,fresh_online_exploration,8,11
119424,31,1.004576563835144,1.004576563835144,1.0047615766525269,0.00018498543067835271,1.0,1.0,0.0,0.0,0.0,306,36.51373291015625,fresh_online_exploration,8,11
119424,68,1.001578688621521,1.001578688621521,1.0016645193099976,8.583260205341503e-05,1.0,1.0,0.0,1.0,0.0,312,36.646053314208984,fresh_online_exploration,8,11
119616,0,1.001779317855835,1.001779317855835,1.0022432804107666,0.0004639919498004019,1.0,1.0,0.0,0.0,0.0,310,36.52813720703125,fresh_online_exploration,8,11
119808,26,1.0040456056594849,1.0040456056594849,1.004178524017334,0.00013294033124111593,1.0,1.0,0.0,1.0,0.0,314,36.600486755371094,fresh_online_exploration,8,11
119808,87,1.0009115934371948,1.0009115934371948,1.001164436340332,0.00025287590688094497,1.0,1.0,0.0,0.0,0.0,312,36.58583068847656,fresh_online_exploration,8,11
119904,25,1.0027320384979248,1.0027320384979248,1.0027470588684082,1.4985327652539127e-05,1.0,1.0,0.0,0.0,0.0,305,36.5368537902832,fresh_online_exploration,9,11
119904,36,1.0036975145339966,1.0036975145339966,1.0094904899597168,0.005793056916445494,1.0,1.0,0.0,0.0,0.0,307,36.648250579833984,fresh_online_exploration,9,11
119904,37,1.0040794610977173,1.0040794610977173,1.004096508026123,1.707901174086146e-05,1.0,1.0,0.0,0.0,0.0,303,36.529747009277344,fresh_online_exploration,9,11
120096,39,1.0010685920715332,1.0010685920715332,1.0011403560638428,7.171584002207965e-05,1.0,1.0,0.0,0.0,0.0,305,36.58000183105469,fresh_online_exploration,9,12
120288,49,1.0049153566360474,1.0049153566360474,1.0088855028152466,0.003970075398683548,1.0,1.0,0.0,0.0,0.0,310,36.760047912597656,fresh_online_exploration,9,12
120384,44,1.0040172338485718,1.0040172338485718,1.0060360431671143,0.0020187741611152887,1.0,1.0,0.0,1.0,0.0,323,36.996376037597656,fresh_online_exploration,8,12
120480,21,1.0006831884384155,1.0006831884384155,1.0007603168487549,7.709443889325485e-05,1.0,1.0,0.0,1.0,0.0,314,36.73566436767578,fresh_online_exploration,9,12
120480,62,1.0006201267242432,1.0006201267242432,1.000800609588623,0.00018052021914627403,1.0,1.0,0.0,1.0,0.0,309,36.62882614135742,fresh_online_exploration,9,12
120576,17,1.0035783052444458,1.0035783052444458,1.0036704540252686,9.213158045895398e-05,1.0,1.0,0.0,0.0,0.0,309,36.5885009765625,fresh_online_exploration,9,12
120576,52,1.0027844905853271,1.0027844905853271,1.002842903137207,5.8465837355470285e-05,1.0,1.0,0.0,0.0,0.0,302,36.465152740478516,fresh_online_exploration,9,12
120672,5,1.0054329633712769,1.0054329633712769,1.005467176437378,3.417826155782677e-05,1.0,1.0,0.0,0.0,0.0,303,36.489990234375,fresh_online_exploration,9,12
120672,14,1.004051923751831,1.004051923751831,1.0043978691101074,0.00034586983383633196,1.0,1.0,0.0,0.0,0.0,306,36.57267379760742,fresh_online_exploration,9,12
120672,32,1.005113959312439,1.005113959312439,1.0051313638687134,1.737428283377085e-05,1.0,1.0,0.0,1.0,0.0,312,36.74274444580078,fresh_online_exploration,9,12
120672,86,1.0054492950439453,1.0054492950439453,1.0056910514831543,0.00024178577587008476,1.0,1.0,0.0,1.0,0.0,313,36.666046142578125,fresh_online_exploration,9,12
120768,81,1.0042533874511719,1.0042533874511719,1.0114187002182007,0.00716537656262517,1.0,1.0,0.0,0.0,0.0,310,36.49883270263672,fresh_online_exploration,9,12
120864,42,1.0030301809310913,1.0030301809310913,1.003041386604309,1.1240675121371169e-05,1.0,1.0,0.0,0.0,0.0,303,36.326629638671875,fresh_online_exploration,9,12
120864,85,1.0053308010101318,1.0053308010101318,1.0056003332138062,0.00026946348953060806,1.0,1.0,0.0,0.0,0.0,309,36.577476501464844,fresh_online_exploration,9,12
121056,2,1.0006513595581055,1.0006513595581055,1.0011729001998901,0.0005215114797465503,1.0,1.0,0.0,0.0,0.0,309,36.58326721191406,fresh_online_exploration,9,12
121056,48,1.0044589042663574,1.0044589042663574,1.004823088645935,0.00036416540388017893,1.0,1.0,0.0,0.0,0.0,308,36.46233367919922,fresh_online_exploration,9,12
121152,3,1.003135085105896,1.003135085105896,1.003553032875061,0.0004179001261945814,1.0,1.0,0.0,1.0,0.0,314,36.701637268066406,fresh_online_exploration,9,12
121248,11,1.0009193420410156,1.0009193420410156,1.001129150390625,0.0002098331751767546,1.0,1.0,0.0,1.0,0.0,309,36.60913848876953,fresh_online_exploration,9,12
121248,38,1.004956603050232,1.004956603050232,1.0119256973266602,0.006969045381993055,1.0,1.0,0.0,0.0,0.0,318,36.869590759277344,fresh_online_exploration,9,12
121632,82,1.0036450624465942,1.0036450624465942,1.0096834897994995,0.006038297433406115,1.0,1.0,0.0,0.0,0.0,313,36.77157211303711,fresh_online_exploration,9,12
121728,20,1.0025995969772339,1.0025995969772339,1.0026781558990479,7.865078805480152e-05,1.0,1.0,0.0,0.0,0.0,305,36.5491828918457,fresh_online_exploration,9,12
121728,40,1.0002336502075195,1.0002336502075195,1.0008049011230469,0.0005713007412850857,1.0,1.0,0.0,0.0,0.0,307,36.56549072265625,fresh_online_exploration,9,12
121728,75,1.0001996755599976,1.0001996755599976,1.0003553628921509,0.0001557295472593978,1.0,1.0,0.0,1.0,0.0,312,36.64542007446289,fresh_online_exploration,9,12
121920,79,1.0037730932235718,1.0037730932235718,1.003784418106079,1.1414516848162748e-05,1.0,1.0,0.0,1.0,0.0,315,36.748741149902344,fresh_online_exploration,9,12
122016,15,1.0048550367355347,1.0048550367355347,1.0049774646759033,0.00012249192513991147,1.0,1.0,0.0,1.0,0.0,320,36.76191711425781,fresh_online_exploration,9,12
122016,24,1.001058578491211,1.001058578491211,1.001310110092163,0.00025158101925626397,1.0,1.0,0.0,1.0,0.0,322,36.828636169433594,fresh_online_exploration,9,12
122016,41,1.0008896589279175,1.0008896589279175,1.011818289756775,0.010928602889180183,1.0,1.0,0.0,0.0,0.0,311,36.61980438232422,fresh_online_exploration,9,12
122016,93,1.0053430795669556,1.0053430795669556,1.005519151687622,0.00017598620615899563,1.0,1.0,0.0,1.0,0.0,321,37.00161361694336,fresh_online_exploration,9,12
122208,50,1.0006885528564453,1.0006885528564453,1.0007230043411255,3.4496075386414304e-05,1.0,1.0,0.0,1.0,0.0,312,36.57930374145508,fresh_online_exploration,9,12
122208,78,1.0036948919296265,1.0036948919296265,1.013425350189209,0.009730315767228603,1.0,1.0,0.0,0.0,0.0,307,36.56365203857422,fresh_online_exploration,9,12
122304,90,1.0032775402069092,1.0032775402069092,1.0038199424743652,0.0005424678092822433,1.0,1.0,0.0,0.0,0.0,303,36.52131652832031,fresh_online_exploration,9,12
122400,65,1.004409670829773,1.004409670829773,1.0068066120147705,0.0023968652822077274,1.0,1.0,0.0,0.0,0.0,317,36.7176628112793,fresh_online_exploration,9,12
122496,23,1.0055363178253174,1.0055363178253174,1.005568504333496,3.209177521057427e-05,1.0,1.0,0.0,1.0,0.0,315,36.732627868652344,fresh_online_exploration,9,12
122592,35,1.0001375675201416,1.0001375675201416,1.0009440183639526,0.0008064095745794475,1.0,1.0,0.0,1.0,0.0,320,36.81464767456055,fresh_online_exploration,9,12
122592,63,1.0024187564849854,1.0024187564849854,1.0024359226226807,1.7122218196163885e-05,1.0,1.0,0.0,1.0,0.0,315,36.74147033691406,fresh_online_exploration,9,12
122880,12,1.0027796030044556,1.0027796030044556,1.0028116703033447,3.211437433492392e-05,1.0,1.0,0.0,0.0,0.0,302,36.393489837646484,fresh_online_exploration,9,12
122880,43,1.0015778541564941,1.0015778541564941,1.0017091035842896,0.00013125254190526903,1.0,1.0,0.0,0.0,0.0,312,36.64005661010742,fresh_online_exploration,9,12
122880,46,1.0011177062988281,1.0011177062988281,1.002112865447998,0.0009952046675607562,1.0,1.0,0.0,1.0,0.0,315,36.703460693359375,fresh_online_exploration,9,12
122880,71,1.0033408403396606,1.0033408403396606,1.0034425258636475,0.00010157537326449528,1.0,1.0,0.0,1.0,0.0,316,36.80070114135742,fresh_online_exploration,9,12
122880,84,1.002124547958374,1.002124547958374,1.0022470951080322,0.00012251062435097992,1.0,1.0,0.0,1.0,0.0,315,36.717796325683594,fresh_online_exploration,9,12
122976,16,1.0045713186264038,1.0045713186264038,1.0193839073181152,0.014812515117228031,1.0,1.0,0.0,0.0,0.0,312,36.68146896362305,fresh_online_exploration,9,12
122976,18,1.002261996269226,1.002261996269226,1.0024781227111816,0.00021615056903101504,1.0,1.0,0.0,1.0,0.0,319,36.794044494628906,fresh_online_exploration,9,12
122976,58,1.0040690898895264,1.0040690898895264,1.0161728858947754,0.012103757821023464,1.0,1.0,0.0,0.0,0.0,314,36.72153854370117,fresh_online_exploration,9,12
122976,70,1.0006483793258667,1.0006483793258667,1.0008034706115723,0.0001550618326291442,1.0,1.0,0.0,0.0,0.0,318,36.78289794921875,fresh_online_exploration,9,12
123072,28,1.0043829679489136,1.0043829679489136,1.0043996572494507,1.6687499737599865e-05,1.0,1.0,0.0,1.0,0.0,313,36.731143951416016,fresh_online_exploration,9,12
123168,4,1.0028995275497437,1.0028995275497437,1.012202262878418,0.009302840568125248,1.0,1.0,0.0,0.0,0.0,308,36.531219482421875,fresh_online_exploration,9,12
123168,7,1.0006272792816162,1.0006272792816162,1.004342794418335,0.0037154508754611015,1.0,1.0,0.0,0.0,0.0,310,36.5529899597168,fresh_online_exploration,9,12
123168,10,1.0027765035629272,1.0027765035629272,1.0028406381607056,6.413373193936422e-05,1.0,1.0,0.0,1.0,0.0,322,36.86347961425781,fresh_online_exploration,9,12
123168,54,1.000665307044983,1.000665307044983,1.000878930091858,0.00021365299471653998,1.0,1.0,0.0,1.0,0.0,320,36.80089569091797,fresh_online_exploration,9,12
123168,60,1.0048115253448486,1.0048115253448486,1.0049467086791992,0.00013518991181626916,1.0,1.0,0.0,0.0,0.0,311,36.63520431518555,fresh_online_exploration,9,12
123264,27,1.0046643018722534,1.0046643018722534,1.0048459768295288,0.00018166146764997393,1.0,1.0,0.0,1.0,0.0,315,36.77325439453125,fresh_online_exploration,9,12
123264,72,1.0009104013442993,1.0009104013442993,1.0009273290634155,1.6927780961850658e-05,1.0,1.0,0.0,1.0,0.0,315,36.794837951660156,fresh_online_exploration,9,12
123552,55,1.001796841621399,1.001796841621399,1.0018079280853271,1.109462755266577e-05,1.0,1.0,0.0,1.0,0.0,315,36.6944580078125,fresh_online_exploration,9,12
123552,69,1.0056054592132568,1.0056054592132568,1.0064444541931152,0.0008390522561967373,1.0,1.0,0.0,0.0,0.0,309,36.56648635864258,fresh_online_exploration,9,12
123744,1,1.001775860786438,1.001775860786438,1.001927375793457,0.0001515244075562805,1.0,1.0,0.0,1.0,0.0,324,36.86187744140625,fresh_online_exploration,9,12
123744,22,1.0006216764450073,1.0006216764450073,1.000848412513733,0.00022672786144539714,1.0,1.0,0.0,1.0,0.0,323,36.837913513183594,fresh_online_exploration,9,12
123744,34,1.0002427101135254,1.0002427101135254,1.0005860328674316,0.00034326902823522687,1.0,1.0,0.0,1.0,0.0,328,36.913204193115234,fresh_online_exploration,9,12
123744,53,1.0034734010696411,1.0034734010696411,1.0035327672958374,5.937671448918991e-05,1.0,1.0,0.0,1.0,0.0,318,36.73356628417969,fresh_online_exploration,9,12
123744,59,1.0024213790893555,1.0024213790893555,1.0026264190673828,0.00020504678832367063,1.0,1.0,0.0,0.0,0.0,306,36.42768478393555,fresh_online_exploration,9,12
123936,9,1.0047171115875244,1.0047171115875244,1.0048295259475708,0.00011241033644182608,1.0,1.0,0.0,1.0,0.0,325,36.955482482910156,fresh_online_exploration,9,12
123936,77,1.0053293704986572,1.0053293704986572,1.0059888362884521,0.000659466371871531,1.0,1.0,0.0,1.0,0.0,315,36.78974914550781,fresh_online_exploration,9,12
124032,19,1.0003869533538818,1.0003869533538818,1.000691294670105,0.0003043474571313709,1.0,1.0,0.0,1.0,0.0,319,36.724884033203125,fresh_online_exploration,9,12
124032,80,1.0015394687652588,1.0015394687652588,1.0018010139465332,0.00026152064674533904,1.0,1.0,0.0,1.0,0.0,319,36.76048278808594,fresh_online_exploration,9,12
124128,66,1.0026798248291016,1.0026798248291016,1.0027506351470947,7.073884626151994e-05,1.0,1.0,0.0,1.0,0.0,315,36.784889221191406,fresh_online_exploration,9,12
124128,67,1.0014081001281738,1.0014081001281738,1.0016372203826904,0.0002290642005391419,1.0,1.0,0.0,1.0,0.0,318,36.69112777709961,fresh_online_exploration,9,12
124128,88,1.0045666694641113,1.0045666694641113,1.0045866966247559,2.000234235310927e-05,1.0,1.0,0.0,1.0,0.0,316,36.80475616455078,fresh_online_exploration,9,12
124320,45,1.0006301403045654,1.0006301403045654,1.000901699066162,0.00027156545547768474,1.0,1.0,0.0,1.0,0.0,314,36.65330505371094,fresh_online_exploration,9,12
124320,76,1.0011537075042725,1.0011537075042725,1.0012602806091309,0.00010665163426892832,1.0,1.0,0.0,1.0,0.0,315,36.52980041503906,fresh_online_exploration,9,12
124512,61,1.0044955015182495,1.0044955015182495,1.0045104026794434,1.4912277947587427e-05,1.0,1.0,0.0,1.0,0.0,319,36.84190368652344,fresh_online_exploration,9,12
124608,13,1.0011221170425415,1.0011221170425415,1.0011614561080933,3.9379865484079346e-05,1.0,1.0,0.0,1.0,0.0,314,36.59183120727539,fresh_online_exploration,9,12
124608,92,1.0012149810791016,1.0012149810791016,1.0018473863601685,0.0006324407877400517,1.0,1.0,0.0,1.0,0.0,322,36.78322982788086,fresh_online_exploration,9,12
124704,56,1.0028272867202759,1.0028272867202759,1.0028715133666992,4.428421379998326e-05,1.0,1.0,0.0,1.0,0.0,317,36.75890350341797,fresh_online_exploration,9,12
124704,64,1.0031359195709229,1.0031359195709229,1.003342628479004,0.0002067671885015443,1.0,1.0,0.0,0.0,0.0,308,36.504722595214844,fresh_online_exploration,9,12
124704,83,1.0036399364471436,1.0036399364471436,1.0041674375534058,0.0005274530849419534,1.0,1.0,0.0,1.0,0.0,326,36.97657012939453,fresh_online_exploration,9,12
124896,57,1.0044149160385132,1.0044149160385132,1.0044255256652832,1.0660814041330013e-05,1.0,1.0,0.0,1.0,0.0,325,36.97583770751953,fresh_online_exploration,9,12
125088,47,1.0006273984909058,1.0006273984909058,1.0007319450378418,0.00010464114893693477,1.0,1.0,0.0,1.0,0.0,317,36.530311584472656,fresh_online_exploration,9,12
125472,29,1.0046097040176392,1.0046097040176392,1.0047388076782227,0.00012900710862595588,1.0,1.0,0.0,1.0,0.0,327,37.057613372802734,fresh_online_exploration,9,12
125472,95,1.0026170015335083,1.0026170015335083,1.002639651298523,2.2656611690763384e-05,1.0,1.0,0.0,1.0,0.0,319,36.790435791015625,fresh_online_exploration,9,12
125760,89,1.0013240575790405,1.0013240575790405,1.0016032457351685,0.0002791622537188232,1.0,1.0,0.0,1.0,0.0,322,36.86516571044922,fresh_online_exploration,9,12
125856,33,1.0012011528015137,1.0012011528015137,1.0013821125030518,0.00018104215268976986,1.0,1.0,0.0,1.0,0.0,321,36.803733825683594,fresh_online_exploration,9,12
126048,30,1.0029988288879395,1.0029988288879395,1.005205750465393,0.002206901554018259,1.0,1.0,0.0,1.0,0.0,320,36.78827667236328,fresh_online_exploration,9,12
126144,8,1.0055687427520752,1.0055687427520752,1.0057251453399658,0.00015634315786883235,1.0,1.0,0.0,1.0,0.0,316,36.84032440185547,fresh_online_exploration,9,12
126144,94,1.0035871267318726,1.0035871267318726,1.0039652585983276,0.00037813145900145173,1.0,1.0,0.0,1.0,0.0,322,36.9073486328125,fresh_online_exploration,9,12
126432,51,1.0059559345245361,1.0059559345245361,1.005971908569336,1.5931689631543122e-05,1.0,1.0,0.0,1.0,0.0,326,37.01231384277344,fresh_online_exploration,9,12
126624,74,1.000070333480835,1.000070333480835,1.0023508071899414,0.0022804969921708107,1.0,1.0,0.0,0.0,0.0,320,36.864715576171875,fresh_online_exploration,9,12
129408,6,1.0051393508911133,1.0051393508911133,1.0056509971618652,0.000511540740262717,1.0,1.0,0.0,1.0,0.0,331,37.19564437866211,fresh_online_exploration,9,12
148320,68,1.003193736076355,1.003193736076355,1.0032726526260376,7.890975393820554e-05,1.0,1.0,0.0,0.0,0.0,301,36.43452453613281,fresh_online_exploration,11,14
148320,91,1.0024659633636475,1.0024659633636475,1.0025789737701416,0.0001130769815063104,1.0,1.0,0.0,0.0,0.0,303,36.498268127441406,fresh_online_exploration,11,14
148512,0,1.0046377182006836,1.0046377182006836,1.0046546459197998,1.6935196981648915e-05,1.0,1.0,0.0,0.0,0.0,301,36.52833557128906,fresh_online_exploration,11,14
148512,31,1.0020921230316162,1.0020921230316162,1.0021017789840698,9.650163519836497e-06,1.0,1.0,0.0,0.0,0.0,303,36.46012878417969,fresh_online_exploration,11,14
148704,36,1.0006732940673828,1.0006732940673828,1.0076333284378052,0.0069600981660187244,1.0,1.0,0.0,0.0,0.0,300,36.373661041259766,fresh_online_exploration,11,14
148896,39,1.0016584396362305,1.0016584396362305,1.0016751289367676,1.669949051574804e-05,1.0,1.0,0.0,0.0,0.0,300,36.42650604248047,fresh_online_exploration,12,14
148992,37,1.0022584199905396,1.0022584199905396,1.0023781061172485,0.00011968959006480873,1.0,1.0,0.0,0.0,0.0,303,36.52894973754883,fresh_online_exploration,11,14
148992,73,1.0048832893371582,1.0048832893371582,1.0049188137054443,3.557420859578997e-05,1.0,1.0,0.0,1.0,0.0,309,36.65876007080078,fresh_online_exploration,11,14
149664,26,1.0026012659072876,1.0026012659072876,1.002772331237793,0.00017109369218815118,1.0,1.0,0.0,0.0,0.0,311,36.6772575378418,fresh_online_exploration,11,14
149856,17,1.003892421722412,1.003892421722412,1.0039610862731934,6.873832899145782e-05,1.0,1.0,0.0,0.0,0.0,305,36.51938247680664,fresh_online_exploration,12,14
149856,62,1.00456964969635,1.00456964969635,1.0048909187316895,0.00032134706270880997,1.0,1.0,0.0,0.0,0.0,306,36.61351776123047,fresh_online_exploration,12,14
149952,49,1.0009487867355347,1.0009487867355347,1.0061062574386597,0.0051575214602053165,1.0,1.0,0.0,0.0,0.0,309,36.65291213989258,fresh_online_exploration,12,14
150144,14,1.004394769668579,1.004394769668579,1.0045247077941895,0.00013001238403376192,1.0,1.0,0.0,0.0,0.0,307,36.54825973510742,fresh_online_exploration,12,15
150144,87,1.0026123523712158,1.0026123523712158,1.0035858154296875,0.0009735430940054357,1.0,1.0,0.0,0.0,0.0,316,36.74593734741211,fresh_online_exploration,11,15
150432,42,1.0016183853149414,1.0016183853149414,1.0016295909881592,1.1219767657166813e-05,1.0,1.0,0.0,0.0,0.0,308,36.473876953125,fresh_online_exploration,12,15
150528,21,1.003514289855957,1.003514289855957,1.003871202468872,0.00035683729220181704,1.0,1.0,0.0,1.0,0.0,313,36.70005798339844,fresh_online_exploration,12,15
150624,52,1.0007342100143433,1.0007342100143433,1.0009492635726929,0.00021508442296180874,1.0,1.0,0.0,1.0,0.0,313,36.610313415527344,fresh_online_exploration,12,15
150720,25,1.0005213022232056,1.0005213022232056,1.001051902770996,0.0005305957165546715,1.0,1.0,0.0,0.0,0.0,321,36.78013610839844,fresh_online_exploration,11,15
150720,38,1.0011531114578247,1.0011531114578247,1.0143272876739502,0.013174183666706085,1.0,1.0,0.0,0.0,0.0,307,36.52630615234375,fresh_online_exploration,12,15
150720,44,1.0031843185424805,1.0031843185424805,1.004324197769165,0.001139885513111949,1.0,1.0,0.0,0.0,0.0,316,36.78152084350586,fresh_online_exploration,12,15
150816,5,1.002112627029419,1.002112627029419,1.002360224723816,0.0002476052613928914,1.0,1.0,0.0,0.0,0.0,314,36.76239776611328,fresh_online_exploration,12,15
150816,81,1.0018372535705566,1.0018372535705566,1.0066263675689697,0.004789199214428663,1.0,1.0,0.0,0.0,0.0,313,36.72846221923828,fresh_online_exploration,12,15
150912,48,1.0012545585632324,1.0012545585632324,1.001279592514038,2.4924402168835513e-05,1.0,1.0,0.0,1.0,0.0,311,36.56848907470703,fresh_online_exploration,12,15
150912,85,1.0042598247528076,1.0042598247528076,1.0045547485351562,0.00029497299692593515,1.0,1.0,0.0,0.0,0.0,313,36.70591735839844,fresh_online_exploration,12,15
150912,86,1.0047378540039062,1.0047378540039062,1.0050736665725708,0.0003358124813530594,1.0,1.0,0.0,1.0,0.0,315,36.821964263916016,fresh_online_exploration,12,15
151008,32,1.0054939985275269,1.0054939985275269,1.005509376525879,1.5395158698083833e-05,1.0,1.0,0.0,1.0,0.0,316,36.820213317871094,fresh_online_exploration,12,15
151392,2,1.0013196468353271,1.0013196468353271,1.0086488723754883,0.007329186424612999,1.0,1.0,0.0,0.0,0.0,316,36.69981384277344,fresh_online_exploration,12,15
151392,3,1.0025854110717773,1.0025854110717773,1.0029135942459106,0.0003282171383034438,1.0,1.0,0.0,1.0,0.0,315,36.726806640625,fresh_online_exploration,12,15
151488,90,1.0033173561096191,1.0033173561096191,1.003466248512268,0.000148894774611108,1.0,1.0,0.0,0.0,0.0,304,36.476898193359375,fresh_online_exploration,12,15
151584,24,1.0044807195663452,1.0044807195663452,1.0044965744018555,1.5809184333193116e-05,1.0,1.0,0.0,0.0,0.0,308,36.65019226074219,fresh_online_exploration,12,15
151680,82,1.0026496648788452,1.0026496648788452,1.0108182430267334,0.008168497122824192,1.0,1.0,0.0,0.0,0.0,313,36.7852897644043,fresh_online_exploration,12,15
151776,15,1.0050474405288696,1.0050474405288696,1.0051813125610352,0.00013388686056714505,1.0,1.0,0.0,1.0,0.0,310,36.74150085449219,fresh_online_exploration,12,15
151872,11,1.00007963180542,1.00007963180542,1.00016188621521,8.224253542721272e-05,1.0,1.0,0.0,1.0,0.0,319,36.85145568847656,fresh_online_exploration,12,15
151872,23,1.005289077758789,1.005289077758789,1.0054090023040771,0.00011982842988800257,1.0,1.0,0.0,1.0,0.0,306,36.652015686035156,fresh_online_exploration,12,15
151872,79,1.0008682012557983,1.0008682012557983,1.0010687112808228,0.0002005198912229389,1.0,1.0,0.0,0.0,0.0,312,36.48127365112305,fresh_online_exploration,12,15
151872,93,1.0024293661117554,1.0024293661117554,1.0024678707122803,3.847075277008116e-05,1.0,1.0,0.0,0.0,0.0,311,36.655601501464844,fresh_online_exploration,12,15
151968,16,1.000722885131836,1.000722885131836,1.011756420135498,0.011033455841243267,1.0,1.0,0.0,0.0,0.0,302,36.445579528808594,fresh_online_exploration,12,15
152256,20,1.0012842416763306,1.0012842416763306,1.0019581317901611,0.0006739370292052627,1.0,1.0,0.0,0.0,0.0,318,36.7967529296875,fresh_online_exploration,12,15
152256,50,1.0043044090270996,1.0043044090270996,1.0043246746063232,2.0239767763996497e-05,1.0,1.0,0.0,1.0,0.0,313,36.67500686645508,fresh_online_exploration,12,15
152352,75,1.0050430297851562,1.0050430297851562,1.005059838294983,1.6788662833278067e-05,1.0,1.0,0.0,1.0,0.0,319,36.84480285644531,fresh_online_exploration,12,15
152448,41,1.0052253007888794,1.0052253007888794,1.0156762599945068,0.010450951755046844,1.0,1.0,0.0,0.0,0.0,317,36.79820251464844,fresh_online_exploration,12,15
152448,70,1.0026919841766357,1.0026919841766357,1.015110969543457,0.012419111095368862,1.0,1.0,0.0,0.0,0.0,307,36.5347785949707,fresh_online_exploration,12,15
152640,35,1.003237009048462,1.003237009048462,1.003537893295288,0.00030087141203694046,1.0,1.0,0.0,0.0,0.0,313,36.79417419433594,fresh_online_exploration,12,15
152736,40,1.0034265518188477,1.0034265518188477,1.0034369230270386,1.0364822628616821e-05,1.0,1.0,0.0,1.0,0.0,323,36.95098114013672,fresh_online_exploration,12,15
152736,54,1.003147840499878,1.003147840499878,1.0033512115478516,0.0002033432392636314,1.0,1.0,0.0,0.0,0.0,308,36.65385818481445,fresh_online_exploration,12,15
152736,65,1.0001106262207031,1.0001106262207031,1.0028080940246582,0.002697494113817811,1.0,1.0,0.0,0.0,0.0,316,36.743473052978516,fresh_online_exploration,12,15
152736,78,1.0032730102539062,1.0032730102539062,1.01322340965271,0.009950178675353527,1.0,1.0,0.0,0.0,0.0,318,36.79914093017578,fresh_online_exploration,12,15
152832,72,1.0004745721817017,1.0004745721817017,1.0006986856460571,0.00022410920064430684,1.0,1.0,0.0,0.0,0.0,308,36.610801696777344,fresh_online_exploration,12,15
152832,84,1.001822829246521,1.001822829246521,1.0033057928085327,0.0014829760184511542,1.0,1.0,0.0,0.0,0.0,312,36.71942138671875,fresh_online_exploration,12,15
153024,60,1.0047376155853271,1.0047376155853271,1.004753828048706,1.6273079381790012e-05,1.0,1.0,0.0,0.0,0.0,311,36.7421760559082,fresh_online_exploration,12,15
153120,10,1.002722144126892,1.002722144126892,1.00295889377594,0.00023673102259635925,1.0,1.0,0.0,0.0,0.0,312,36.67276382446289,fresh_online_exploration,12,15
153216,12,1.0022307634353638,1.0022307634353638,1.002562165260315,0.00033137461286969483,1.0,1.0,0.0,0.0,0.0,316,36.78753662109375,fresh_online_exploration,12,15
153216,27,1.0048450231552124,1.0048450231552124,1.0048978328704834,5.2755825890926644e-05,1.0,1.0,0.0,1.0,0.0,312,36.660911560058594,fresh_online_exploration,12,15
153312,46,1.0041254758834839,1.0041254758834839,1.0041990280151367,7.355219713645056e-05,1.0,1.0,0.0,1.0,0.0,317,36.86189270019531,fresh_online_exploration,12,15
153312,63,1.0055170059204102,1.0055170059204102,1.005744457244873,0.000227571654249914,1.0,1.0,0.0,1.0,0.0,320,36.92662048339844,fresh_online_exploration,12,15
153312,71,1.0034908056259155,1.0034908056259155,1.003649353981018,0.0001585400168551132,1.0,1.0,0.0,1.0,0.0,317,36.786949157714844,fresh_online_exploration,12,15
153504,7,1.0012315511703491,1.0012315511703491,1.0012564659118652,2.491848135832697e-05,1.0,1.0,0.0,1.0,0.0,316,36.74573516845703,fresh_online_exploration,12,15
153504,69,1.0049535036087036,1.0049535036087036,1.0050151348114014,6.159149052109569e-05,1.0,1.0,0.0,1.0,0.0,312,36.62977600097656,fresh_online_exploration,12,15
153600,28,1.004899024963379,1.004899024963379,1.0049785375595093,7.95088053564541e-05,1.0,1.0,0.0,1.0,0.0,318,36.86146926879883,fresh_online_exploration,12,15
153696,58,1.0003347396850586,1.0003347396850586,1.0121421813964844,0.011807377450168133,1.0,1.0,0.0,0.0,0.0,320,36.76414108276367,fresh_online_exploration,12,15
153792,18,1.0057450532913208,1.0057450532913208,1.0098552703857422,0.004110208712518215,1.0,1.0,0.0,0.0,0.0,321,36.9383544921875,fresh_online_exploration,12,15
153888,59,1.002372145652771,1.002372145652771,1.0031296014785767,0.0007574392366223037,1.0,1.0,0.0,0.0,0.0,314,36.694400787353516,fresh_online_exploration,12,15
153984,80,1.0044643878936768,1.0044643878936768,1.0047647953033447,0.00030038823024369776,1.0,1.0,0.0,0.0,0.0,312,36.741580963134766,fresh_online_exploration,12,15
154080,77,1.0012508630752563,1.0012508630752563,1.0013976097106934,0.00014669078518636525,1.0,1.0,0.0,1.0,0.0,314,36.71405792236328,fresh_online_exploration,12,15
154368,22,1.0024776458740234,1.0024776458740234,1.0024871826171875,9.460764886171091e-06,1.0,1.0,0.0,1.0,0.0,319,36.748992919921875,fresh_online_exploration,12,15
154368,45,1.003196120262146,1.003196120262146,1.0032072067260742,1.1098288268840406e-05,1.0,1.0,0.0,1.0,0.0,313,36.62630844116211,fresh_online_exploration,12,15
154464,19,1.0051231384277344,1.0051231384277344,1.0051336288452148,1.0440684491186403e-05,1.0,1.0,0.0,1.0,0.0,317,36.78816604614258,fresh_online_exploration,12,15
154464,67,1.0030698776245117,1.0030698776245117,1.0031154155731201,4.5494722144212574e-05,1.0,1.0,0.0,1.0,0.0,316,36.791053771972656,fresh_online_exploration,12,15
154560,34,1.004263162612915,1.004263162612915,1.0043494701385498,8.636459097033367e-05,1.0,1.0,0.0,1.0,0.0,321,36.94694137573242,fresh_online_exploration,12,15
154560,88,1.0020642280578613,1.0020642280578613,1.0023744106292725,0.0003102308255620301,1.0,1.0,0.0,1.0,0.0,317,36.781646728515625,fresh_online_exploration,12,15
154656,4,1.0053316354751587,1.0053316354751587,1.0123072862625122,0.006975672207772732,1.0,1.0,0.0,1.0,0.0,328,37.04879379272461,fresh_online_exploration,12,15
154656,61,1.0035834312438965,1.0035834312438965,1.003706455230713,0.00012303737457841635,1.0,1.0,0.0,1.0,0.0,314,36.7748908996582,fresh_online_exploration,12,15
154752,53,1.0013649463653564,1.0013649463653564,1.001461148262024,9.621455683372915e-05,1.0,1.0,0.0,1.0,0.0,323,36.86827850341797,fresh_online_exploration,12,15
154752,76,1.004461407661438,1.004461407661438,1.0046758651733398,0.00021440609998535365,1.0,1.0,0.0,1.0,0.0,317,36.754554748535156,fresh_online_exploration,12,15
154848,55,1.0058751106262207,1.0058751106262207,1.0059807300567627,0.00010560649388935417,1.0,1.0,0.0,1.0,0.0,326,37.064109802246094,fresh_online_exploration,12,15
155040,43,1.0002152919769287,1.0002152919769287,1.009692907333374,0.00947762094438076,1.0,1.0,0.0,1.0,0.0,335,37.167762756347656,fresh_online_exploration,12,15
155040,92,1.0042493343353271,1.0042493343353271,1.0044190883636475,0.00016969541320577264,1.0,1.0,0.0,1.0,0.0,317,36.7393798828125,fresh_online_exploration,12,15
155136,66,1.0025097131729126,1.0025097131729126,1.002526044845581,1.6377716747228988e-05,1.0,1.0,0.0,1.0,0.0,323,36.875831604003906,fresh_online_exploration,12,15
155232,57,1.0023021697998047,1.0023021697998047,1.002617597579956,0.0003153538564220071,1.0,1.0,0.0,1.0,0.0,316,36.61466979980469,fresh_online_exploration,12,15
155232,83,1.0024058818817139,1.0024058818817139,1.0025564432144165,0.00015053508104756474,1.0,1.0,0.0,1.0,0.0,318,36.84457015991211,fresh_online_exploration,12,15
155328,1,1.005083680152893,1.005083680152893,1.0052917003631592,0.00020804758241865784,1.0,1.0,0.0,1.0,0.0,329,37.15035629272461,fresh_online_exploration,12,15
155328,13,1.0018506050109863,1.0018506050109863,1.0027987957000732,0.0009481579181738198,1.0,1.0,0.0,0.0,0.0,320,36.787506103515625,fresh_online_exploration,12,15
155424,29,1.0005534887313843,1.0005534887313843,1.0006366968154907,8.323943620780483e-05,1.0,1.0,0.0,1.0,0.0,312,36.68333435058594,fresh_online_exploration,12,15
155520,56,1.0048468112945557,1.0048468112945557,1.005073070526123,0.00022619229275733232,1.0,1.0,0.0,1.0,0.0,321,36.94672775268555,fresh_online_exploration,12,15
155904,64,1.0033314228057861,1.0033314228057861,1.0036381483078003,0.00030676453025080264,1.0,1.0,0.0,1.0,0.0,325,36.95524597167969,fresh_online_exploration,12,15
156000,47,1.003745675086975,1.003745675086975,1.003883957862854,0.00013829617819283158,1.0,1.0,0.0,1.0,0.0,322,36.98060607910156,fresh_online_exploration,12,15
156192,8,1.0048389434814453,1.0048389434814453,1.0048558712005615,1.685539973550476e-05,1.0,1.0,0.0,0.0,0.0,313,36.54343032836914,fresh_online_exploration,12,15
156288,30,1.0001829862594604,1.0001829862594604,1.0030196905136108,0.0028367803897708654,1.0,1.0,0.0,0.0,0.0,315,36.74335479736328,fresh_online_exploration,12,15
156384,89,1.004272222518921,1.004272222518921,1.0044655799865723,0.0001933132589329034,1.0,1.0,0.0,1.0,0.0,319,36.901206970214844,fresh_online_exploration,12,15
156480,33,1.0052306652069092,1.0052306652069092,1.0054701566696167,0.00023946270812302828,1.0,1.0,0.0,1.0,0.0,319,36.87507629394531,fresh_online_exploration,12,15
156480,94,1.0001457929611206,1.0001457929611206,1.0005476474761963,0.0004018997715320438,1.0,1.0,0.0,0.0,0.0,316,36.663352966308594,fresh_online_exploration,12,15
156576,9,1.0006338357925415,1.0006338357925415,1.0007481575012207,0.00011421545059420168,1.0,1.0,0.0,1.0,0.0,340,37.14753723144531,fresh_online_exploration,12,15
156768,51,1.0033683776855469,1.0033683776855469,1.0034584999084473,9.019032586365938e-05,1.0,1.0,0.0,1.0,0.0,316,36.7159423828125,fresh_online_exploration,12,15
156960,95,1.0041954517364502,1.0041954517364502,1.0043189525604248,0.00012344340211711824,1.0,1.0,0.0,1.0,0.0,328,37.000755310058594,fresh_online_exploration,12,15
157536,74,1.0018470287322998,1.0018470287322998,1.0019687414169312,0.00012169402180006728,1.0,1.0,0.0,1.0,0.0,322,36.79502868652344,fresh_online_exploration,12,15
160800,6,1.0015236139297485,1.0015236139297485,1.0016109943389893,8.738785254536197e-05,1.0,1.0,0.0,1.0,0.0,327,36.840518951416016,fresh_online_exploration,12,16
177216,68,1.0038444995880127,1.0038444995880127,1.003878116607666,3.369733894942328e-05,1.0,1.0,0.0,0.0,0.0,301,36.461891174316406,fresh_online_exploration,14,17
177600,36,1.0022979974746704,1.0022979974746704,1.0081584453582764,0.005860440898686647,1.0,1.0,0.0,0.0,0.0,301,36.41340637207031,fresh_online_exploration,14,17
177696,0,1.0055524110794067,1.0055524110794067,1.0056527853012085,0.00010041183122666553,1.0,1.0,0.0,0.0,0.0,304,36.59197998046875,fresh_online_exploration,14,17
177696,91,1.0011820793151855,1.0011820793151855,1.0011990070343018,1.687260919425171e-05,1.0,1.0,0.0,0.0,0.0,306,36.47254943847656,fresh_online_exploration,14,17
177984,31,1.0045939683914185,1.0045939683914185,1.0136910676956177,0.009097124449908733,1.0,1.0,0.0,0.0,0.0,307,36.628692626953125,fresh_online_exploration,14,17
178080,39,1.0009748935699463,1.0009748935699463,1.0011650323867798,0.00019012292614206672,1.0,1.0,0.0,0.0,0.0,304,36.54756164550781,fresh_online_exploration,14,17
178080,73,1.0038723945617676,1.0038723945617676,1.0039458274841309,7.332675158977509e-05,1.0,1.0,0.0,0.0,0.0,303,36.55506896972656,fresh_online_exploration,14,17
178464,37,1.0000073909759521,1.0000073909759521,1.0000239610671997,1.6605908967903815e-05,1.0,1.0,0.0,0.0,0.0,307,36.54800033569336,fresh_online_exploration,14,17
178944,17,1.0048285722732544,1.0048285722732544,1.0048580169677734,2.9468848879332654e-05,1.0,1.0,0.0,0.0,0.0,303,36.54106140136719,fresh_online_exploration,14,17
179424,26,1.001729130744934,1.001729130744934,1.0019514560699463,0.00022230249305721372,1.0,1.0,0.0,1.0,0.0,310,36.627052307128906,fresh_online_exploration,14,17
179520,62,1.0055806636810303,1.0055806636810303,1.0060112476348877,0.0004305418988224119,1.0,1.0,0.0,0.0,0.0,309,36.59444046020508,fresh_online_exploration,14,17
179616,49,1.002817153930664,1.002817153930664,1.0105996131896973,0.007782378699630499,1.0,1.0,0.0,0.0,0.0,309,36.61207580566406,fresh_online_exploration,14,17
179808,42,1.0035889148712158,1.0035889148712158,1.0036003589630127,1.1522606655489653e-05,1.0,1.0,0.0,0.0,0.0,306,36.523197174072266,fresh_online_exploration,15,17
179904,32,1.0050066709518433,1.0050066709518433,1.0051395893096924,0.00013285833119880408,1.0,1.0,0.0,0.0,0.0,301,36.592384338378906,fresh_online_exploration,15,17
179904,48,1.0054014921188354,1.0054014921188354,1.0055683851242065,0.0001669073972152546,1.0,1.0,0.0,0.0,0.0,302,36.42674255371094,fresh_online_exploration,15,17
179904,52,1.0000009536743164,1.0000009536743164,1.000652551651001,0.000651644601020962,1.0,1.0,0.0,0.0,0.0,305,36.43639373779297,fresh_online_exploration,15,17
179904,87,1.0026700496673584,1.0026700496673584,1.0029124021530151,0.00024237346951849759,1.0,1.0,0.0,0.0,0.0,310,36.464881896972656,fresh_online_exploration,15,17
180000,14,1.0016162395477295,1.0016162395477295,1.0017675161361694,0.00015129873645491898,1.0,1.0,0.0,1.0,0.0,311,36.55441665649414,fresh_online_exploration,15,17
180096,5,1.0022152662277222,1.0022152662277222,1.0028185844421387,0.0006032756064087152,1.0,1.0,0.0,0.0,0.0,305,36.55164337158203,fresh_online_exploration,15,18
180096,25,1.0023123025894165,1.0023123025894165,1.0026183128356934,0.00030606085783801973,1.0,1.0,0.0,0.0,0.0,306,36.40980911254883,fresh_online_exploration,15,18
180096,44,1.0042612552642822,1.0042612552642822,1.0046334266662598,0.0003720858949236572,1.0,1.0,0.0,0.0,0.0,306,36.62744903564453,fresh_online_exploration,15,18
180384,81,1.0039669275283813,1.0039669275283813,1.0039820671081543,1.521869853604585e-05,1.0,1.0,0.0,0.0,0.0,308,36.617919921875,fresh_online_exploration,15,18
180768,2,1.0025545358657837,1.0025545358657837,1.0025684833526611,1.4004229342390317e-05,1.0,1.0,0.0,0.0,0.0,306,36.45191192626953,fresh_online_exploration,15,18
180768,90,1.0052944421768188,1.0052944421768188,1.0054556131362915,0.0001611383049748838,1.0,1.0,0.0,0.0,0.0,305,36.668357849121094,fresh_online_exploration,15,18
180864,11,1.0012834072113037,1.0012834072113037,1.0014302730560303,0.00014681622269563377,1.0,1.0,0.0,0.0,0.0,302,36.509735107421875,fresh_online_exploration,15,18
180864,85,1.0035477876663208,1.0035477876663208,1.0036232471466064,7.549209840362892e-05,1.0,1.0,0.0,1.0,0.0,312,36.60019302368164,fresh_online_exploration,15,18
181056,24,1.002218246459961,1.002218246459961,1.002274513244629,5.6220484111690894e-05,1.0,1.0,0.0,0.0,0.0,307,36.584564208984375,fresh_online_exploration,15,18
181152,3,1.004945158958435,1.004945158958435,1.0049784183502197,3.321055919514038e-05,1.0,1.0,0.0,0.0,0.0,310,36.594017028808594,fresh_online_exploration,15,18
181152,21,1.0005065202713013,1.0005065202713013,1.0005933046340942,8.674756827531382e-05,1.0,1.0,0.0,1.0,0.0,319,36.84396743774414,fresh_online_exploration,15,18
181344,38,1.0016758441925049,1.0016758441925049,1.0018914937973022,0.00021564394410233945,1.0,1.0,0.0,0.0,0.0,319,36.750858306884766,fresh_online_exploration,15,18
181344,93,1.0041958093643188,1.0041958093643188,1.0042059421539307,1.021116622723639e-05,1.0,1.0,0.0,1.0,0.0,307,36.5716667175293,fresh_online_exploration,15,18
181440,16,1.0034077167510986,1.0034077167510986,1.013044834136963,0.009637058712542057,1.0,1.0,0.0,0.0,0.0,307,36.596038818359375,fresh_online_exploration,15,18
181440,86,1.0008916854858398,1.0008916854858398,1.0016224384307861,0.0007307734922505915,1.0,1.0,0.0,1.0,0.0,318,36.805545806884766,fresh_online_exploration,15,18
181536,70,1.0043977499008179,1.0043977499008179,1.0044076442718506,9.941197276930325e-06,1.0,1.0,0.0,0.0,0.0,303,36.47444534301758,fresh_online_exploration,15,18
181632,50,1.0010137557983398,1.0010137557983398,1.001044750213623,3.10128198179882e-05,1.0,1.0,0.0,0.0,0.0,306,36.44679641723633,fresh_online_exploration,15,18
181728,54,1.0021947622299194,1.0021947622299194,1.0025063753128052,0.0003116089210379869,1.0,1.0,0.0,0.0,0.0,302,36.53748321533203,fresh_online_exploration,15,18
181920,15,1.0040977001190186,1.0040977001190186,1.004899024963379,0.0008013719343580306,1.0,1.0,0.0,0.0,0.0,314,36.6806755065918,fresh_online_exploration,15,18
182016,79,1.0038301944732666,1.0038301944732666,1.0042040348052979,0.00037385744508355856,1.0,1.0,0.0,1.0,0.0,314,36.703651428222656,fresh_online_exploration,15,18
182112,78,1.0019841194152832,1.0019841194152832,1.015754222869873,0.013770134188234806,1.0,1.0,0.0,0.0,0.0,306,36.57638931274414,fresh_online_exploration,15,18
182208,20,1.0055304765701294,1.0055304765701294,1.0055961608886719,6.575965380761772e-05,1.0,1.0,0.0,1.0,0.0,312,36.77826690673828,fresh_online_exploration,15,18
182208,23,1.0009615421295166,1.0009615421295166,1.000978708267212,1.7109659893321805e-05,1.0,1.0,0.0,1.0,0.0,316,36.75876235961914,fresh_online_exploration,15,18
182208,41,1.0046714544296265,1.0046714544296265,1.0145777463912964,0.009906223975121975,1.0,1.0,0.0,0.0,0.0,310,36.68743133544922,fresh_online_exploration,15,18
182304,72,1.0051637887954712,1.0051637887954712,1.0052523612976074,8.865570271154866e-05,1.0,1.0,0.0,1.0,0.0,307,36.669254302978516,fresh_online_exploration,15,18
182496,35,1.0013997554779053,1.0013997554779053,1.0015125274658203,0.00011269048263784498,1.0,1.0,0.0,1.0,0.0,311,36.58165740966797,fresh_online_exploration,15,18
182496,40,1.000931739807129,1.000931739807129,1.0009417533874512,1.0035216291726101e-05,1.0,1.0,0.0,1.0,0.0,310,36.618804931640625,fresh_online_exploration,15,18
182496,60,1.002568244934082,1.002568244934082,1.0027921199798584,0.00022390054073184729,1.0,1.0,0.0,1.0,0.0,307,36.60409927368164,fresh_online_exploration,15,18
182496,82,1.003195881843567,1.003195881843567,1.0102410316467285,0.00704518798738718,1.0,1.0,0.0,0.0,0.0,321,36.906036376953125,fresh_online_exploration,15,18
182592,27,1.0006804466247559,1.0006804466247559,1.0007352828979492,5.4857875511515886e-05,1.0,1.0,0.0,0.0,0.0,306,36.518272399902344,fresh_online_exploration,15,18
182592,75,1.002593994140625,1.002593994140625,1.0026330947875977,3.915581328328699e-05,1.0,1.0,0.0,1.0,0.0,315,36.74826431274414,fresh_online_exploration,15,18
182688,18,1.0030230283737183,1.0030230283737183,1.0103609561920166,0.007337890565395355,1.0,1.0,0.0,0.0,0.0,301,36.447486877441406,fresh_online_exploration,15,18
182784,65,1.000533103942871,1.000533103942871,1.0032705068588257,0.0027374231722205877,1.0,1.0,0.0,0.0,0.0,313,36.6554069519043,fresh_online_exploration,15,18
182880,84,1.0036513805389404,1.0036513805389404,1.0036669969558716,1.5636660464224406e-05,1.0,1.0,0.0,1.0,0.0,313,36.695369720458984,fresh_online_exploration,15,18
183168,58,1.0042753219604492,1.0042753219604492,1.0173375606536865,0.013062200509011745,1.0,1.0,0.0,0.0,0.0,307,36.59020233154297,fresh_online_exploration,15,18
183264,71,1.0043259859085083,1.0043259859085083,1.0043425559997559,1.6633379345876165e-05,1.0,1.0,0.0,1.0,0.0,312,36.72261047363281,fresh_online_exploration,15,18
183360,7,1.0009411573410034,1.0009411573410034,1.0009911060333252,4.999859447707422e-05,1.0,1.0,0.0,1.0,0.0,311,36.614471435546875,fresh_online_exploration,15,18
183360,59,1.0042866468429565,1.0042866468429565,1.004594326019287,0.0003076667198911309,1.0,1.0,0.0,0.0,0.0,307,36.55588150024414,fresh_online_exploration,15,18
183552,28,1.0026836395263672,1.0026836395263672,1.0027170181274414,3.340943294460885e-05,1.0,1.0,0.0,1.0,0.0,312,36.670162200927734,fresh_online_exploration,15,18
183648,69,1.000059962272644,1.000059962272644,1.0005145072937012,0.00045456847874447703,1.0,1.0,0.0,0.0,0.0,314,36.61514663696289,fresh_online_exploration,15,18
183744,12,1.0044366121292114,1.0044366121292114,1.0047335624694824,0.00029690502560697496,1.0,1.0,0.0,0.0,0.0,318,36.82748031616211,fresh_online_exploration,15,18
183840,10,1.0006989240646362,1.0006989240646362,1.0009582042694092,0.000259243359323591,1.0,1.0,0.0,1.0,0.0,320,36.80288314819336,fresh_online_exploration,15,18
183840,46,1.0043574571609497,1.0043574571609497,1.0048328638076782,0.00047541933599859476,1.0,1.0,0.0,1.0,0.0,318,36.78858947753906,fresh_online_exploration,15,18
183936,4,1.0016392469406128,1.0016392469406128,1.010188341140747,0.008549125865101814,1.0,1.0,0.0,0.0,0.0,305,36.35221862792969,fresh_online_exploration,15,18
183936,63,1.0008794069290161,1.0008794069290161,1.001052737236023,0.0001733161770971492,1.0,1.0,0.0,1.0,0.0,319,36.82622528076172,fresh_online_exploration,15,18
183936,77,1.004910945892334,1.004910945892334,1.005174994468689,0.00026403716765344143,1.0,1.0,0.0,0.0,0.0,311,36.7056884765625,fresh_online_exploration,15,18
184128,80,1.002530813217163,1.002530813217163,1.002645492553711,0.0001146490903920494,1.0,1.0,0.0,1.0,0.0,314,36.71771240234375,fresh_online_exploration,15,18
184320,19,1.0054163932800293,1.0054163932800293,1.008205533027649,0.002789093181490898,1.0,1.0,0.0,0.0,0.0,311,36.694091796875,fresh_online_exploration,15,18
184320,53,1.0055941343307495,1.0055941343307495,1.0057519674301147,0.00015784225251991302,1.0,1.0,0.0,0.0,0.0,308,36.53566360473633,fresh_online_exploration,15,18
184320,55,1.0026158094406128,1.0026158094406128,1.0030696392059326,0.00045378413051366806,1.0,1.0,0.0,0.0,0.0,307,36.49591827392578,fresh_online_exploration,15,18
184320,67,1.0048130750656128,1.0048130750656128,1.0049362182617188,0.00012316658103372902,1.0,1.0,0.0,1.0,0.0,311,36.653831481933594,fresh_online_exploration,15,18
184416,61,1.0024021863937378,1.0024021863937378,1.0024170875549316,1.4897283108439296e-05,1.0,1.0,0.0,1.0,0.0,310,36.641658782958984,fresh_online_exploration,15,18
184608,43,1.0002763271331787,1.0002763271331787,1.000401496887207,0.00012513351975940168,1.0,1.0,0.0,0.0,0.0,308,36.47736740112305,fresh_online_exploration,15,18
184608,45,1.0039256811141968,1.0039256811141968,1.0040961503982544,0.00017046797438524663,1.0,1.0,0.0,0.0,0.0,315,36.73227310180664,fresh_online_exploration,15,18
184800,57,1.0018473863601685,1.0018473863601685,1.0020349025726318,0.00018748798174783587,1.0,1.0,0.0,0.0,0.0,308,36.52864456176758,fresh_online_exploration,15,18
184800,76,1.000632643699646,1.000632643699646,1.0006513595581055,1.8658427507034503e-05,1.0,1.0,0.0,1.0,0.0,313,36.65437316894531,fresh_online_exploration,15,18
184896,34,1.0017917156219482,1.0017917156219482,1.0021586418151855,0.00036690145498141646,1.0,1.0,0.0,1.0,0.0,316,36.692359924316406,fresh_online_exploration,15,18
184896,88,1.0001972913742065,1.0001972913742065,1.0002832412719727,8.604477625340223e-05,1.0,1.0,0.0,1.0,0.0,316,36.6807975769043,fresh_online_exploration,15,18
185184,13,1.0015907287597656,1.0015907287597656,1.0017882585525513,0.00019752768275793642,1.0,1.0,0.0,0.0,0.0,311,36.59672546386719,fresh_online_exploration,15,18
185280,64,1.005363941192627,1.005363941192627,1.0054762363433838,0.00011226536298636347,1.0,1.0,0.0,0.0,0.0,306,36.61968231201172,fresh_online_exploration,15,18
185280,66,1.0056756734848022,1.0056756734848022,1.0058238506317139,0.00014823279343545437,1.0,1.0,0.0,1.0,0.0,314,36.74493408203125,fresh_online_exploration,15,18
185280,92,1.0032708644866943,1.0032708644866943,1.003280520439148,9.637555194785818e-06,1.0,1.0,0.0,1.0,0.0,315,36.66910934448242,fresh_online_exploration,15,18
185376,22,1.000191330909729,1.000191330909729,1.0006752014160156,0.0004839084576815367,1.0,1.0,0.0,1.0,0.0,323,36.71709442138672,fresh_online_exploration,15,18
185376,56,1.005551815032959,1.005551815032959,1.006011724472046,0.0004598692466970533,1.0,1.0,0.0,0.0,0.0,311,36.71155548095703,fresh_online_exploration,15,18
185472,47,1.004242181777954,1.004242181777954,1.0044059753417969,0.00016383796173613518,1.0,1.0,0.0,0.0,0.0,307,36.61663818359375,fresh_online_exploration,15,18
185472,83,1.0046827793121338,1.0046827793121338,1.0050501823425293,0.0003673572209663689,1.0,1.0,0.0,1.0,0.0,315,36.811241149902344,fresh_online_exploration,15,18
185664,8,1.0041592121124268,1.0041592121124268,1.0042104721069336,5.122440052218735e-05,1.0,1.0,0.0,1.0,0.0,307,36.52967071533203,fresh_online_exploration,15,18
185856,1,1.004880666732788,1.004880666732788,1.0049071311950684,2.6402456569485366e-05,1.0,1.0,0.0,1.0,0.0,318,36.722530364990234,fresh_online_exploration,15,18
186240,29,1.0028882026672363,1.0028882026672363,1.0032798051834106,0.0003916061541531235,1.0,1.0,0.0,1.0,0.0,321,36.8200569152832,fresh_online_exploration,15,18
186432,30,1.0050872564315796,1.0050872564315796,1.0086109638214111,0.0035236480180174112,1.0,1.0,0.0,0.0,0.0,314,36.819190979003906,fresh_online_exploration,15,18
186528,33,1.0053273439407349,1.0053273439407349,1.0055203437805176,0.00019293672812636942,1.0,1.0,0.0,0.0,0.0,313,36.66888427734375,fresh_online_exploration,15,18
186528,51,1.0011656284332275,1.0011656284332275,1.0012004375457764,3.4900876926258206e-05,1.0,1.0,0.0,1.0,0.0,310,36.57079315185547,fresh_online_exploration,15,18
186720,89,1.0008777379989624,1.0008777379989624,1.000968098640442,9.035557741299272e-05,1.0,1.0,0.0,1.0,0.0,316,36.73261642456055,fresh_online_exploration,15,18
187008,94,1.0017751455307007,1.0017751455307007,1.0022848844528198,0.0005096876993775368,1.0,1.0,0.0,1.0,0.0,318,36.800048828125,fresh_online_exploration,15,18
187104,95,1.0002892017364502,1.0002892017364502,1.0004091262817383,0.00011986021854681894,1.0,1.0,0.0,1.0,0.0,314,36.773468017578125,fresh_online_exploration,15,18
187200,9,1.0023614168167114,1.0023614168167114,1.0029819011688232,0.0006204841192811728,1.0,1.0,0.0,1.0,0.0,319,36.71391296386719,fresh_online_exploration,15,18
187872,74,1.0026417970657349,1.0026417970657349,1.0026860237121582,4.4180625991430134e-05,1.0,1.0,0.0,1.0,0.0,316,36.826194763183594,fresh_online_exploration,15,18
190560,6,1.0016121864318848,1.0016121864318848,1.0016217231750488,9.458547538088169e-06,1.0,1.0,0.0,0.0,0.0,310,36.4946403503418,fresh_online_exploration,16,19
205056,68,1.0022945404052734,1.0022945404052734,1.0024092197418213,0.00011469639139249921,1.0,1.0,0.0,0.0,0.0,290,36.29930877685547,fresh_online_exploration,17,20
206304,91,1.0045355558395386,1.0045355558395386,1.0045876502990723,5.2145198424113914e-05,1.0,1.0,0.0,0.0,0.0,298,36.410255432128906,fresh_online_exploration,17,20
206496,0,1.0006108283996582,1.0006108283996582,1.0006332397460938,2.2378606445272453e-05,1.0,1.0,0.0,0.0,0.0,300,36.275115966796875,fresh_online_exploration,17,20
206592,39,1.0034867525100708,1.0034867525100708,1.0035194158554077,3.264806218794547e-05,1.0,1.0,0.0,0.0,0.0,297,36.36094665527344,fresh_online_exploration,17,20
206688,31,1.0033913850784302,1.0033913850784302,1.0036137104034424,0.00022237322991713881,1.0,1.0,0.0,0.0,0.0,299,36.34406280517578,fresh_online_exploration,17,20
206880,36,1.0000239610671997,1.0000239610671997,1.0041399002075195,0.004115907475352287,1.0,1.0,0.0,0.0,0.0,305,36.42797088623047,fresh_online_exploration,17,20
207648,73,1.0051289796829224,1.0051289796829224,1.0052133798599243,8.441357931587845e-05,1.0,1.0,0.0,0.0,0.0,308,36.65250015258789,fresh_online_exploration,17,20
207840,37,1.0041087865829468,1.0041087865829468,1.004136085510254,2.7294578103465028e-05,1.0,1.0,0.0,0.0,0.0,306,36.410457611083984,fresh_online_exploration,17,20
208320,17,1.0040756464004517,1.0040756464004517,1.004098892211914,2.3188043996924534e-05,1.0,1.0,0.0,0.0,0.0,306,36.54082489013672,fresh_online_exploration,17,20
208320,62,1.0028992891311646,1.0028992891311646,1.0029146671295166,1.5348128727055155e-05,1.0,1.0,0.0,0.0,0.0,300,36.430320739746094,fresh_online_exploration,17,20
208416,26,1.0022845268249512,1.0022845268249512,1.004144310951233,0.001859781565144658,1.0,1.0,0.0,0.0,0.0,302,36.45016098022461,fresh_online_exploration,17,20
208512,49,1.0027023553848267,1.0027023553848267,1.0073041915893555,0.0046018087305128574,1.0,1.0,0.0,0.0,0.0,301,36.43334197998047,fresh_online_exploration,17,20
208800,32,1.0046188831329346,1.0046188831329346,1.0047293901443481,0.00011049851309508085,1.0,1.0,0.0,0.0,0.0,301,36.421974182128906,fresh_online_exploration,17,20
208896,25,1.0039911270141602,1.0039911270141602,1.0042507648468018,0.00025964740780182183,1.0,1.0,0.0,0.0,0.0,300,36.43519592285156,fresh_online_exploration,18,20
208896,52,1.0041240453720093,1.0041240453720093,1.0041813850402832,5.739837797591463e-05,1.0,1.0,0.0,0.0,0.0,302,36.43205642700195,fresh_online_exploration,17,20
208992,5,1.0002437829971313,1.0002437829971313,1.000462293624878,0.00021854211809113622,1.0,1.0,0.0,0.0,0.0,301,36.343841552734375,fresh_online_exploration,18,20
208992,44,1.0010600090026855,1.0010600090026855,1.0018044710159302,0.000744473421946168,1.0,1.0,0.0,0.0,0.0,301,36.34888458251953,fresh_online_exploration,18,20
208992,90,1.0040810108184814,1.0040810108184814,1.0042576789855957,0.00017669014050625265,1.0,1.0,0.0,0.0,0.0,294,36.33002853393555,fresh_online_exploration,18,20
209088,48,1.004661202430725,1.004661202430725,1.0046708583831787,9.660865543992259e-06,1.0,1.0,0.0,0.0,0.0,304,36.41714096069336,fresh_online_exploration,17,20
209088,81,1.0044680833816528,1.0044680833816528,1.0045878887176514,0.00011986347089987248,1.0,1.0,0.0,0.0,0.0,299,36.503631591796875,fresh_online_exploration,18,20
209376,42,1.0058460235595703,1.0058460235595703,1.0062663555145264,0.00042025200673379004,1.0,1.0,0.0,0.0,0.0,308,36.59870147705078,fresh_online_exploration,17,20
209376,87,1.0016074180603027,1.0016074180603027,1.002011775970459,0.00040433049434795976,1.0,1.0,0.0,0.0,0.0,307,36.53327560424805,fresh_online_exploration,17,20
209568,14,1.000182032585144,1.000182032585144,1.0001978874206543,1.5920681107672863e-05,1.0,1.0,0.0,0.0,0.0,308,36.46480178833008,fresh_online_exploration,17,20
209568,85,1.0009158849716187,1.0009158849716187,1.001105546951294,0.00018972891848534346,1.0,1.0,0.0,0.0,0.0,299,36.28205871582031,fresh_online_exploration,18,20
209856,93,1.0051043033599854,1.0051043033599854,1.0147507190704346,0.009646426886320114,1.0,1.0,0.0,0.0,0.0,297,36.3939208984375,fresh_online_exploration,18,20
210144,24,1.0030550956726074,1.0030550956726074,1.0032455921173096,0.00019047487876378,1.0,1.0,0.0,0.0,0.0,303,36.448219299316406,fresh_online_exploration,18,21
210336,3,1.0031304359436035,1.0031304359436035,1.0033090114593506,0.00017850047152023762,1.0,1.0,0.0,0.0,0.0,304,36.48515319824219,fresh_online_exploration,18,21
210624,21,1.004099726676941,1.004099726676941,1.0041332244873047,3.352152634761296e-05,1.0,1.0,0.0,0.0,0.0,307,36.513526916503906,fresh_online_exploration,18,21
210816,54,1.0045166015625,1.0045166015625,1.0045576095581055,4.105207699467428e-05,1.0,1.0,0.0,0.0,0.0,303,36.50307846069336,fresh_online_exploration,18,21
210912,38,1.00384521484375,1.00384521484375,1.0038551092147827,9.900898476189468e-06,1.0,1.0,0.0,0.0,0.0,308,36.5177116394043,fresh_online_exploration,18,21
211008,86,1.0023053884506226,1.0023053884506226,1.0026980638504028,0.0003926608187612146,1.0,1.0,0.0,0.0,0.0,308,36.55150604248047,fresh_online_exploration,18,21
211104,50,1.0009434223175049,1.0009434223175049,1.0010493993759155,0.00010594753257464617,1.0,1.0,0.0,0.0,0.0,307,36.46940994262695,fresh_online_exploration,18,21
211200,2,1.0029023885726929,1.0029023885726929,1.0056723356246948,0.002770048100501299,1.0,1.0,0.0,0.0,0.0,317,36.87482833862305,fresh_online_exploration,18,21
211200,70,1.0055854320526123,1.0055854320526123,1.0058586597442627,0.0002732234715949744,1.0,1.0,0.0,0.0,0.0,309,36.653282165527344,fresh_online_exploration,18,21
211296,11,1.0026986598968506,1.0026986598968506,1.002830147743225,0.00013149990991223603,1.0,1.0,0.0,1.0,0.0,317,36.75888442993164,fresh_online_exploration,18,21
211296,41,1.003617286682129,1.003617286682129,1.0117706060409546,0.008153239265084267,1.0,1.0,0.0,0.0,0.0,303,36.55013656616211,fresh_online_exploration,18,21
211296,78,1.0024285316467285,1.0024285316467285,1.0120069980621338,0.009578567929565907,1.0,1.0,0.0,0.0,0.0,304,36.511871337890625,fresh_online_exploration,18,21
211584,16,1.0007716417312622,1.0007716417312622,1.0088622570037842,0.008090527728199959,1.0,1.0,0.0,0.0,0.0,314,36.582244873046875,fresh_online_exploration,18,21
211680,20,1.0051708221435547,1.0051708221435547,1.006054162979126,0.0008833006722852588,1.0,1.0,0.0,0.0,0.0,307,36.57964324951172,fresh_online_exploration,18,21
211680,35,1.0036804676055908,1.0036804676055908,1.014154076576233,0.010473552159965038,1.0,1.0,0.0,0.0,0.0,304,36.51050567626953,fresh_online_exploration,18,21
211680,79,1.0038105249404907,1.0038105249404907,1.0039774179458618,0.0001669003104325384,1.0,1.0,0.0,0.0,0.0,309,36.46916580200195,fresh_online_exploration,18,21
211776,23,1.0006837844848633,1.0006837844848633,1.0007634162902832,7.97203101683408e-05,1.0,1.0,0.0,0.0,0.0,308,36.60028839111328,fresh_online_exploration,18,21
211872,15,1.002958059310913,1.002958059310913,1.002974033355713,1.600730320205912e-05,1.0,1.0,0.0,1.0,0.0,312,36.663002014160156,fresh_online_exploration,18,21
212064,82,1.0044384002685547,1.0044384002685547,1.0149950981140137,0.010556754656136036,1.0,1.0,0.0,0.0,0.0,308,36.646263122558594,fresh_online_exploration,18,21
212160,84,1.0030773878097534,1.0030773878097534,1.003535270690918,0.0004579178348649293,1.0,1.0,0.0,0.0,0.0,305,36.47695541381836,fresh_online_exploration,18,21
212256,58,1.0043296813964844,1.0043296813964844,1.0152549743652344,0.010925419628620148,1.0,1.0,0.0,0.0,0.0,303,36.45130157470703,fresh_online_exploration,18,21
212448,7,1.0021686553955078,1.0021686553955078,1.0023126602172852,0.00014404549438040704,1.0,1.0,0.0,0.0,0.0,303,36.37117004394531,fresh_online_exploration,18,21
212448,59,1.0030992031097412,1.0030992031097412,1.003713607788086,0.0006144391372799873,1.0,1.0,0.0,0.0,0.0,303,36.46332931518555,fresh_online_exploration,18,21
212640,28,1.0013259649276733,1.0013259649276733,1.0017304420471191,0.000404567428631708,1.0,1.0,0.0,0.0,0.0,303,36.4202766418457,fresh_online_exploration,18,21
212640,60,1.0003222227096558,1.0003222227096558,1.0005441904067993,0.0002219734014943242,1.0,1.0,0.0,1.0,0.0,314,36.69645690917969,fresh_online_exploration,18,21
212640,72,1.0027084350585938,1.0027084350585938,1.0027235746383667,1.5106198588910047e-05,1.0,1.0,0.0,1.0,0.0,316,36.774742126464844,fresh_online_exploration,18,21
212736,27,1.0019346475601196,1.0019346475601196,1.0019888877868652,5.42429115739651e-05,1.0,1.0,0.0,1.0,0.0,314,36.70185852050781,fresh_online_exploration,18,21
212832,65,1.0022406578063965,1.0022406578063965,1.0057017803192139,0.0034611993469297886,1.0,1.0,0.0,0.0,0.0,313,36.74421310424805,fresh_online_exploration,18,21
212928,46,1.000791311264038,1.000791311264038,1.0009335279464722,0.00014218947035260499,1.0,1.0,0.0,0.0,0.0,303,36.3869514465332,fresh_online_exploration,18,21
213024,10,1.0012407302856445,1.0012407302856445,1.0012574195861816,1.6687812603777274e-05,1.0,1.0,0.0,0.0,0.0,304,36.40876388549805,fresh_online_exploration,18,21
213120,4,1.0017051696777344,1.0017051696777344,1.0110383033752441,0.009333156980574131,1.0,1.0,0.0,0.0,0.0,304,36.3261604309082,fresh_online_exploration,18,21
213216,12,1.0034791231155396,1.0034791231155396,1.0037304162979126,0.0002513171930331737,1.0,1.0,0.0,0.0,0.0,307,36.52035140991211,fresh_online_exploration,18,21
213216,71,1.0022878646850586,1.0022878646850586,1.0025627613067627,0.0002748651895672083,1.0,1.0,0.0,1.0,0.0,312,36.625267028808594,fresh_online_exploration,18,21
213216,75,1.0044598579406738,1.0044598579406738,1.004525899887085,6.607760587939993e-05,1.0,1.0,0.0,1.0,0.0,319,36.83967590332031,fresh_online_exploration,18,21
213216,77,1.0000003576278687,1.0000003576278687,1.0000898838043213,8.960702689364552e-05,1.0,1.0,0.0,0.0,0.0,305,36.40702438354492,fresh_online_exploration,18,21
213504,18,1.001025915145874,1.001025915145874,1.0011117458343506,8.592144877184182e-05,1.0,1.0,0.0,1.0,0.0,321,36.78754806518555,fresh_online_exploration,18,21
213696,55,1.002089500427246,1.002089500427246,1.0119292736053467,0.009839856997132301,1.0,1.0,0.0,0.0,0.0,306,36.574920654296875,fresh_online_exploration,18,21
213696,63,1.0052927732467651,1.0052927732467651,1.0053186416625977,2.5869945602607913e-05,1.0,1.0,0.0,1.0,0.0,310,36.715389251708984,fresh_online_exploration,18,21
213792,40,1.0048942565917969,1.0048942565917969,1.0069751739501953,0.0020809248089790344,1.0,1.0,0.0,0.0,0.0,326,36.92897415161133,fresh_online_exploration,18,21
213792,45,1.0035440921783447,1.0035440921783447,1.0039864778518677,0.00044238907867111266,1.0,1.0,0.0,0.0,0.0,304,36.451087951660156,fresh_online_exploration,18,21
213792,69,1.0034209489822388,1.0034209489822388,1.0037117004394531,0.0002906873996835202,1.0,1.0,0.0,1.0,0.0,314,36.65312957763672,fresh_online_exploration,18,21
213984,80,1.0061769485473633,1.0061769485473633,1.0062836408615112,0.0001067110279109329,1.0,1.0,0.0,0.0,0.0,311,36.70484161376953,fresh_online_exploration,18,21
214080,67,1.003649115562439,1.003649115562439,1.0108838081359863,0.007234783377498388,1.0,1.0,0.0,0.0,0.0,310,36.65470886230469,fresh_online_exploration,18,21
214080,76,1.0011415481567383,1.0011415481567383,1.001244068145752,0.00010255520464852452,1.0,1.0,0.0,0.0,0.0,305,36.438232421875,fresh_online_exploration,18,21
214176,13,1.0016120672225952,1.0016120672225952,1.0018997192382812,0.00028761712019331753,1.0,1.0,0.0,0.0,0.0,302,36.46343994140625,fresh_online_exploration,18,21
214272,61,1.0009715557098389,1.0009715557098389,1.0010911226272583,0.0001195725635625422,1.0,1.0,0.0,1.0,0.0,311,36.51911544799805,fresh_online_exploration,18,21
214272,83,1.001133918762207,1.001133918762207,1.001150369644165,1.6529556887689978e-05,1.0,1.0,0.0,0.0,0.0,300,36.411888122558594,fresh_online_exploration,18,21
214368,56,1.0006593465805054,1.0006593465805054,1.0006723403930664,1.2922102541779168e-05,1.0,1.0,0.0,0.0,0.0,302,36.336238861083984,fresh_online_exploration,18,21
214464,19,1.0007332563400269,1.0007332563400269,1.0009629726409912,0.00022979106870479882,1.0,1.0,0.0,1.0,0.0,314,36.691871643066406,fresh_online_exploration,18,21
214656,34,1.0000633001327515,1.0000633001327515,1.0003434419631958,0.00028013373957946897,1.0,1.0,0.0,0.0,0.0,310,36.56903076171875,fresh_online_exploration,18,21
214752,47,1.003922700881958,1.003922700881958,1.0039324760437012,9.84400867309887e-06,1.0,1.0,0.0,0.0,0.0,305,36.514678955078125,fresh_online_exploration,18,21
214944,43,1.002571702003479,1.002571702003479,1.002638339996338,6.663992826361209e-05,1.0,1.0,0.0,1.0,0.0,316,36.680484771728516,fresh_online_exploration,18,21
214944,66,1.0043684244155884,1.0043684244155884,1.0045130252838135,0.00014469237066805363,1.0,1.0,0.0,0.0,0.0,309,36.645355224609375,fresh_online_exploration,18,21
215040,57,1.0005457401275635,1.0005457401275635,1.0008600950241089,0.0003143603971693665,1.0,1.0,0.0,1.0,0.0,315,36.68073654174805,fresh_online_exploration,18,21
215040,64,1.0028064250946045,1.0028064250946045,1.0030412673950195,0.00023480606614612043,1.0,1.0,0.0,0.0,0.0,310,36.65957260131836,fresh_online_exploration,18,21
215136,92,1.0039031505584717,1.0039031505584717,1.0062575340270996,0.0023543788120150566,1.0,1.0,0.0,0.0,0.0,311,36.67570495605469,fresh_online_exploration,18,21
215424,8,1.0046054124832153,1.0046054124832153,1.0046589374542236,5.3585423302138224e-05,1.0,1.0,0.0,1.0,0.0,310,36.56224822998047,fresh_online_exploration,18,21
215424,53,1.0015090703964233,1.0015090703964233,1.001634955406189,0.00012589371181093156,1.0,1.0,0.0,1.0,0.0,324,36.860313415527344,fresh_online_exploration,18,21
215424,88,1.0005215406417847,1.0005215406417847,1.0007402896881104,0.00021883004228584468,1.0,1.0,0.0,1.0,0.0,318,36.87688064575195,fresh_online_exploration,18,21
215520,51,1.0037392377853394,1.0037392377853394,1.0037543773651123,1.5066829291754402e-05,1.0,1.0,0.0,0.0,0.0,302,36.35981750488281,fresh_online_exploration,18,21
215808,22,1.0025728940963745,1.0025728940963745,1.0029168128967285,0.00034391647204756737,1.0,1.0,0.0,1.0,0.0,317,36.78334426879883,fresh_online_exploration,18,21
215904,30,1.002251386642456,1.002251386642456,1.0052664279937744,0.0030150229576975107,1.0,1.0,0.0,0.0,0.0,307,36.592857360839844,fresh_online_exploration,18,21
216096,33,1.00453782081604,1.00453782081604,1.0045790672302246,4.1231625800719485e-05,1.0,1.0,0.0,0.0,0.0,308,36.57921600341797,fresh_online_exploration,18,21
216384,1,1.0050508975982666,1.0050508975982666,1.0051493644714355,9.83864301815629e-05,1.0,1.0,0.0,1.0,0.0,318,36.8464469909668,fresh_online_exploration,18,21
216384,29,1.000601053237915,1.000601053237915,1.000756025314331,0.00015496397099923342,1.0,1.0,0.0,1.0,0.0,314,36.64005661010742,fresh_online_exploration,18,21
216960,95,1.000053882598877,1.000053882598877,1.0001832246780396,0.00012932723620906472,1.0,1.0,0.0,1.0,0.0,311,36.660362243652344,fresh_online_exploration,18,21
217440,94,1.005926251411438,1.005926251411438,1.0062282085418701,0.0003019518044311553,1.0,1.0,0.0,1.0,0.0,317,36.799522399902344,fresh_online_exploration,18,21
218208,9,1.0029456615447998,1.0029456615447998,1.0031659603118896,0.00022032573178876191,1.0,1.0,0.0,1.0,0.0,323,36.756046295166016,fresh_online_exploration,18,21
218208,74,1.0000829696655273,1.0000829696655273,1.0003249645233154,0.00024194264551624656,1.0,1.0,0.0,1.0,0.0,316,36.72056198120117,fresh_online_exploration,18,21
218400,89,1.0018563270568848,1.0018563270568848,1.002072811126709,0.00021648698020726442,1.0,1.0,0.0,1.0,0.0,330,37.04544448852539,fresh_online_exploration,18,21
220416,6,1.0027164220809937,1.0027164220809937,1.0030795335769653,0.00036310541327111423,1.0,1.0,0.0,0.0,0.0,311,36.78336715698242,fresh_online_exploration,19,22
235296,68,1.0030806064605713,1.0030806064605713,1.0038504600524902,0.0007698763511143625,1.0,1.0,0.0,0.0,0.0,315,36.68795394897461,fresh_online_exploration,20,23
235584,91,1.002295732498169,1.002295732498169,1.0023126602172852,1.6966747352853417e-05,1.0,1.0,0.0,0.0,0.0,305,36.524532318115234,fresh_online_exploration,20,23
235680,0,1.0044022798538208,1.0044022798538208,1.0044186115264893,1.634830368857365e-05,1.0,1.0,0.0,0.0,0.0,304,36.574546813964844,fresh_online_exploration,20,23
235680,39,1.0028663873672485,1.0028663873672485,1.0028949975967407,2.8629325242945924e-05,1.0,1.0,0.0,0.0,0.0,303,36.473575592041016,fresh_online_exploration,20,23
235872,31,1.0001280307769775,1.0001280307769775,1.0003113746643066,0.00018328899750486016,1.0,1.0,0.0,0.0,0.0,304,36.41688919067383,fresh_online_exploration,20,23
236448,36,1.0052567720413208,1.0052567720413208,1.010624647140503,0.005367858335375786,1.0,1.0,0.0,0.0,0.0,308,36.65410614013672,fresh_online_exploration,20,23
237024,73,1.0011132955551147,1.0011132955551147,1.0011489391326904,3.558105163392611e-05,1.0,1.0,0.0,0.0,0.0,306,36.57535171508789,fresh_online_exploration,20,23
237312,37,1.0031201839447021,1.0031201839447021,1.0031898021697998,6.960010068723932e-05,1.0,1.0,0.0,0.0,0.0,307,36.51905059814453,fresh_online_exploration,20,23
237312,62,1.0054545402526855,1.0054545402526855,1.0054707527160645,1.624828473723028e-05,1.0,1.0,0.0,0.0,0.0,302,36.52081298828125,fresh_online_exploration,20,23
237792,17,1.004568099975586,1.004568099975586,1.0047024488449097,0.00013432817650027573,1.0,1.0,0.0,0.0,0.0,307,36.6671257019043,fresh_online_exploration,20,23
237888,26,1.0043617486953735,1.0043617486953735,1.0065362453460693,0.002174475695937872,1.0,1.0,0.0,0.0,0.0,307,36.59856033325195,fresh_online_exploration,20,23
238080,49,1.0050026178359985,1.0050026178359985,1.0123754739761353,0.007372777443379164,1.0,1.0,0.0,0.0,0.0,308,36.59939193725586,fresh_online_exploration,20,23
238272,90,1.0004527568817139,1.0004527568817139,1.0005544424057007,0.00010168467997573316,1.0,1.0,0.0,0.0,0.0,305,36.485111236572266,fresh_online_exploration,20,23
238464,25,1.000951886177063,1.000951886177063,1.0010432004928589,9.128596866503358e-05,1.0,1.0,0.0,1.0,0.0,308,36.48407745361328,fresh_online_exploration,20,23
238464,44,1.003615379333496,1.003615379333496,1.0041451454162598,0.0005297103198245168,1.0,1.0,0.0,0.0,0.0,307,36.50829315185547,fresh_online_exploration,20,23
238464,81,1.000657320022583,1.000657320022583,1.0070899724960327,0.006432633846998215,1.0,1.0,0.0,0.0,0.0,306,36.49053192138672,fresh_online_exploration,20,23
238560,5,1.0042521953582764,1.0042521953582764,1.0042706727981567,1.846250052039977e-05,1.0,1.0,0.0,0.0,0.0,308,36.61646270751953,fresh_online_exploration,20,23
238560,52,1.0051071643829346,1.0051071643829346,1.0052642822265625,0.00015717846690677106,1.0,1.0,0.0,1.0,0.0,309,36.6085090637207,fresh_online_exploration,20,23
238752,32,1.003881812095642,1.003881812095642,1.003943920135498,6.202970689628273e-05,1.0,1.0,0.0,1.0,0.0,312,36.746707916259766,fresh_online_exploration,20,23
239040,87,1.0034527778625488,1.0034527778625488,1.0035098791122437,5.7074987125815824e-05,1.0,1.0,0.0,0.0,0.0,309,36.4504508972168,fresh_online_exploration,20,23
239328,48,1.0050890445709229,1.0050890445709229,1.0051063299179077,1.7279886378673837e-05,1.0,1.0,0.0,1.0,0.0,315,36.71357727050781,fresh_online_exploration,20,23
239424,85,1.0053220987319946,1.0053220987319946,1.0056195259094238,0.0002974563685711473,1.0,1.0,0.0,0.0,0.0,311,36.63618087768555,fresh_online_exploration,20,23
239808,14,1.0035666227340698,1.0035666227340698,1.0035912990570068,2.4642740754643455e-05,1.0,1.0,0.0,1.0,0.0,315,36.72450256347656,fresh_online_exploration,20,23
239904,93,1.0004501342773438,1.0004501342773438,1.0080440044403076,0.0075940522365272045,1.0,1.0,0.0,0.0,0.0,313,36.65871810913086,fresh_online_exploration,20,23
240096,21,1.003278136253357,1.003278136253357,1.0033156871795654,3.764129360206425e-05,1.0,1.0,0.0,0.0,0.0,307,36.52324295043945,fresh_online_exploration,21,24
240192,3,1.0052902698516846,1.0052902698516846,1.0054161548614502,0.00012583780335262418,1.0,1.0,0.0,0.0,0.0,311,36.72956085205078,fresh_online_exploration,21,24
240192,42,1.0030115842819214,1.0030115842819214,1.0030227899551392,1.1196921150258277e-05,1.0,1.0,0.0,1.0,0.0,321,36.84612274169922,fresh_online_exploration,20,24
240480,24,1.0047004222869873,1.0047004222869873,1.0047850608825684,8.468024316243827e-05,1.0,1.0,0.0,1.0,0.0,316,36.80023193359375,fresh_online_exploration,21,24
240768,35,1.001889944076538,1.001889944076538,1.0126519203186035,0.010762052610516548,1.0,1.0,0.0,0.0,0.0,303,36.46080780029297,fresh_online_exploration,21,24
240768,54,1.001152515411377,1.001152515411377,1.0013126134872437,0.00016005401266738772,1.0,1.0,0.0,1.0,0.0,312,36.578712463378906,fresh_online_exploration,21,24
240960,41,1.002526044845581,1.002526044845581,1.0106263160705566,0.008100170642137527,1.0,1.0,0.0,0.0,0.0,309,36.509681701660156,fresh_online_exploration,21,24
241344,38,1.0017883777618408,1.0017883777618408,1.0018420219421387,5.3716215916210786e-05,1.0,1.0,0.0,1.0,0.0,317,36.78562927246094,fresh_online_exploration,21,24
241536,50,1.0003899335861206,1.0003899335861206,1.0004189014434814,2.898800630646292e-05,1.0,1.0,0.0,1.0,0.0,317,36.72700500488281,fresh_online_exploration,21,24
241536,86,1.0025346279144287,1.0025346279144287,1.0029730796813965,0.00043848183122463524,1.0,1.0,0.0,1.0,0.0,318,36.78238296508789,fresh_online_exploration,21,24
241728,11,1.002891182899475,1.002891182899475,1.0030455589294434,0.00015434800297953188,1.0,1.0,0.0,1.0,0.0,317,36.76319122314453,fresh_online_exploration,21,24
241728,58,1.0010924339294434,1.0010924339294434,1.001477599143982,0.00038516067434102297,1.0,1.0,0.0,0.0,0.0,307,36.482295989990234,fresh_online_exploration,21,24
241824,2,1.0017743110656738,1.0017743110656738,1.0017964839935303,2.210898674093187e-05,1.0,1.0,0.0,1.0,0.0,319,36.79540252685547,fresh_online_exploration,21,24
241824,20,1.0026991367340088,1.0026991367340088,1.002715826034546,1.6725503883208148e-05,1.0,1.0,0.0,1.0,0.0,314,36.68083190917969,fresh_online_exploration,21,24
241824,70,1.0055581331253052,1.0055581331253052,1.0055681467056274,1.0004453542933334e-05,1.0,1.0,0.0,1.0,0.0,319,36.94594955444336,fresh_online_exploration,21,24
241920,15,1.0037447214126587,1.0037447214126587,1.0037543773651123,9.638275514589623e-06,1.0,1.0,0.0,1.0,0.0,313,36.760406494140625,fresh_online_exploration,21,24
241920,82,1.0047657489776611,1.0047657489776611,1.0118920803070068,0.007126267999410629,1.0,1.0,0.0,0.0,0.0,311,36.6885871887207,fresh_online_exploration,21,24
241920,84,1.00433349609375,1.00433349609375,1.0045092105865479,0.00017577035760041326,1.0,1.0,0.0,1.0,0.0,310,36.5837516784668,fresh_online_exploration,21,24
242016,23,1.0009961128234863,1.0009961128234863,1.0014044046401978,0.0004082937666680664,1.0,1.0,0.0,1.0,0.0,315,36.698612213134766,fresh_online_exploration,21,24
242112,16,1.0036672353744507,1.0036672353744507,1.0091683864593506,0.00550101138651371,1.0,1.0,0.0,0.0,0.0,318,36.82667922973633,fresh_online_exploration,21,24
242208,28,1.001747965812683,1.001747965812683,1.0017656087875366,1.764861553965602e-05,1.0,1.0,0.0,0.0,0.0,308,36.46318817138672,fresh_online_exploration,21,24
242304,60,1.0001052618026733,1.0001052618026733,1.0001366138458252,3.127931267954409e-05,1.0,1.0,0.0,1.0,0.0,309,36.545738220214844,fresh_online_exploration,21,24
242304,78,1.0002726316452026,1.0002726316452026,1.008860468864441,0.008587786927819252,1.0,1.0,0.0,1.0,0.0,323,36.87064743041992,fresh_online_exploration,21,24
242400,79,1.0038807392120361,1.0038807392120361,1.0045104026794434,0.0006296072970144451,1.0,1.0,0.0,1.0,0.0,320,36.60504913330078,fresh_online_exploration,21,24
242496,46,1.0024532079696655,1.0024532079696655,1.0027750730514526,0.00032190416823141277,1.0,1.0,0.0,0.0,0.0,308,36.63227081298828,fresh_online_exploration,21,24
242592,72,1.00298273563385,1.00298273563385,1.0029997825622559,1.7031639799824916e-05,1.0,1.0,0.0,1.0,0.0,312,36.63746643066406,fresh_online_exploration,21,24
242688,71,1.0026559829711914,1.0026559829711914,1.0028972625732422,0.0002412789617665112,1.0,1.0,0.0,0.0,0.0,307,36.60148239135742,fresh_online_exploration,21,24
243072,55,1.0002048015594482,1.0002048015594482,1.000258207321167,5.3398613090394065e-05,1.0,1.0,0.0,0.0,0.0,306,36.36724090576172,fresh_online_exploration,21,24
243168,12,1.001949429512024,1.001949429512024,1.0019772052764893,2.7720605430658907e-05,1.0,1.0,0.0,0.0,0.0,312,36.52265548706055,fresh_online_exploration,21,24
243168,59,1.004347324371338,1.004347324371338,1.004387378692627,4.010453267255798e-05,1.0,1.0,0.0,1.0,0.0,320,36.691810607910156,fresh_online_exploration,21,24
243264,65,1.0054569244384766,1.0054569244384766,1.005662441253662,0.00020548203610815108,1.0,1.0,0.0,1.0,0.0,317,36.803462982177734,fresh_online_exploration,21,24
243360,7,1.0028165578842163,1.0028165578842163,1.0030452013015747,0.0002286720264237374,1.0,1.0,0.0,0.0,0.0,322,36.91289520263672,fresh_online_exploration,21,24
243456,45,1.0031359195709229,1.0031359195709229,1.0032726526260376,0.0001367235236102715,1.0,1.0,0.0,1.0,0.0,309,36.59077453613281,fresh_online_exploration,21,24
243456,76,1.0010368824005127,1.0010368824005127,1.0012274980545044,0.00019062963838223368,1.0,1.0,0.0,0.0,0.0,306,36.41685104370117,fresh_online_exploration,21,24
243648,27,1.0008243322372437,1.0008243322372437,1.000946283340454,0.0001219093901454471,1.0,1.0,0.0,1.0,0.0,322,36.726402282714844,fresh_online_exploration,21,24
243648,77,1.0027397871017456,1.0027397871017456,1.0029981136322021,0.00025821843883022666,1.0,1.0,0.0,1.0,0.0,317,36.816505432128906,fresh_online_exploration,21,24
243744,4,1.0000510215759277,1.0000510215759277,1.0076595544815063,0.007608543615788221,1.0,1.0,0.0,0.0,0.0,319,36.75852966308594,fresh_online_exploration,21,24
243744,10,1.0057765245437622,1.0057765245437622,1.0057933330535889,1.689771124802064e-05,1.0,1.0,0.0,1.0,0.0,320,36.875404357910156,fresh_online_exploration,21,24
243744,69,1.0008962154388428,1.0008962154388428,1.001371145248413,0.0004748328065034002,1.0,1.0,0.0,0.0,0.0,312,36.61255645751953,fresh_online_exploration,21,24
243744,75,1.00070321559906,1.00070321559906,1.0013355016708374,0.0006322747212834656,1.0,1.0,0.0,1.0,0.0,318,36.70323181152344,fresh_online_exploration,21,24
244032,18,1.0003600120544434,1.0003600120544434,1.0003963708877563,3.6373403418110684e-05,1.0,1.0,0.0,1.0,0.0,318,36.663082122802734,fresh_online_exploration,21,24
244224,80,1.005392074584961,1.005392074584961,1.0058616399765015,0.0004695469106081873,1.0,1.0,0.0,0.0,0.0,315,36.77120590209961,fresh_online_exploration,21,24
244224,83,1.0032283067703247,1.0032283067703247,1.0033891201019287,0.00016079458873718977,1.0,1.0,0.0,1.0,0.0,312,36.61735153198242,fresh_online_exploration,21,24
244320,61,1.0015331506729126,1.0015331506729126,1.0017914772033691,0.00025825834018178284,1.0,1.0,0.0,0.0,0.0,313,36.61854553222656,fresh_online_exploration,21,24
244416,13,1.0030606985092163,1.0030606985092163,1.0031739473342896,0.00011323746002744883,1.0,1.0,0.0,1.0,0.0,315,36.68144989013672,fresh_online_exploration,21,24
244512,19,1.0011008977890015,1.0011008977890015,1.0015015602111816,0.00040070764953270555,1.0,1.0,0.0,0.0,0.0,313,36.528194427490234,fresh_online_exploration,21,24
244608,56,1.0036872625350952,1.0036872625350952,1.0040923357009888,0.0004051064024679363,1.0,1.0,0.0,0.0,0.0,315,36.63046646118164,fresh_online_exploration,21,24
244608,66,1.001968502998352,1.001968502998352,1.0020971298217773,0.00012859090929850936,1.0,1.0,0.0,0.0,0.0,309,36.58964538574219,fresh_online_exploration,21,24
244704,63,1.0034195184707642,1.0034195184707642,1.003436803817749,1.7265865608351305e-05,1.0,1.0,0.0,1.0,0.0,323,36.95846939086914,fresh_online_exploration,21,24
244800,34,1.0023713111877441,1.0023713111877441,1.0027052164077759,0.0003339088580105454,1.0,1.0,0.0,1.0,0.0,314,36.650352478027344,fresh_online_exploration,21,24
244800,67,1.0044196844100952,1.0044196844100952,1.0094492435455322,0.0050296359695494175,1.0,1.0,0.0,0.0,0.0,320,36.825843811035156,fresh_online_exploration,21,24
245184,43,1.0016915798187256,1.0016915798187256,1.0018980503082275,0.00020639698777813464,1.0,1.0,0.0,1.0,0.0,315,36.62945556640625,fresh_online_exploration,21,24
245376,8,1.000279188156128,1.000279188156128,1.0002961158752441,1.6841529941302724e-05,1.0,1.0,0.0,0.0,0.0,312,36.540042877197266,fresh_online_exploration,21,24
245376,51,1.0040775537490845,1.0040775537490845,1.004206895828247,0.0001292499655392021,1.0,1.0,0.0,1.0,0.0,311,36.60221481323242,fresh_online_exploration,21,24
245376,53,1.0003057718276978,1.0003057718276978,1.000367283821106,6.15231620031409e-05,1.0,1.0,0.0,1.0,0.0,312,36.55741882324219,fresh_online_exploration,21,24
245376,57,1.000109076499939,1.000109076499939,1.0001351833343506,2.610396950331051e-05,1.0,1.0,0.0,1.0,0.0,316,36.61431884765625,fresh_online_exploration,21,24
245376,92,1.0006433725357056,1.0006433725357056,1.0008153915405273,0.00017206814663950354,1.0,1.0,0.0,1.0,0.0,315,36.58663558959961,fresh_online_exploration,21,24
245568,40,1.0058857202529907,1.0058857202529907,1.0060316324234009,0.0001458850601920858,1.0,1.0,0.0,1.0,0.0,331,37.11506652832031,fresh_online_exploration,21,24
245664,30,1.0033178329467773,1.0033178329467773,1.0054290294647217,0.0021111012902110815,1.0,1.0,0.0,0.0,0.0,310,36.70368957519531,fresh_online_exploration,21,24
245760,64,1.0013238191604614,1.0013238191604614,1.0013880729675293,6.4161627960857e-05,1.0,1.0,0.0,1.0,0.0,320,36.79326248168945,fresh_online_exploration,21,24
245760,88,1.0048078298568726,1.0048078298568726,1.0050047636032104,0.0001969249569810927,1.0,1.0,0.0,1.0,0.0,316,36.804630279541016,fresh_online_exploration,21,24
245952,47,1.002301812171936,1.002301812171936,1.0025570392608643,0.0002552119258325547,1.0,1.0,0.0,0.0,0.0,325,36.88190460205078,fresh_online_exploration,21,24
246048,22,1.0042203664779663,1.0042203664779663,1.0043009519577026,8.056058140937239e-05,1.0,1.0,0.0,1.0,0.0,315,36.7157096862793,fresh_online_exploration,21,24
246624,1,1.0044130086898804,1.0044130086898804,1.00445556640625,4.248915865900926e-05,1.0,1.0,0.0,1.0,0.0,315,36.799678802490234,fresh_online_exploration,21,24
246720,33,1.000257968902588,1.000257968902588,1.000354290008545,9.636071627028286e-05,1.0,1.0,0.0,1.0,0.0,319,36.705955505371094,fresh_online_exploration,21,24
247104,29,1.0029224157333374,1.0029224157333374,1.0030431747436523,0.00012076248822268099,1.0,1.0,0.0,1.0,0.0,320,36.78694152832031,fresh_online_exploration,21,24
247872,95,1.0016894340515137,1.0016894340515137,1.001833200454712,0.00014380713400896639,1.0,1.0,0.0,1.0,0.0,322,36.79600143432617,fresh_online_exploration,21,24
248160,89,1.0019893646240234,1.0019893646240234,1.0020806789398193,9.125731594394892e-05,1.0,1.0,0.0,1.0,0.0,310,36.67158126831055,fresh_online_exploration,21,24
248352,9,1.0043184757232666,1.0043184757232666,1.0044591426849365,0.0001405998191330582,1.0,1.0,0.0,1.0,0.0,314,36.62419891357422,fresh_online_exploration,21,24
248544,94,1.004539132118225,1.004539132118225,1.0046592950820923,0.0001201679406221956,1.0,1.0,0.0,1.0,0.0,324,36.95732879638672,fresh_online_exploration,21,24
248736,74,1.0024794340133667,1.0024794340133667,1.0027854442596436,0.0003059697919525206,1.0,1.0,0.0,1.0,0.0,318,36.815208435058594,fresh_online_exploration,21,24
251232,6,1.0001293420791626,1.0001293420791626,1.0011389255523682,0.0010095154866576195,1.0,1.0,0.0,0.0,0.0,321,36.91295623779297,fresh_online_exploration,22,25
263904,68,1.0047998428344727,1.0047998428344727,1.0098345279693604,0.005034657195210457,1.0,1.0,0.0,0.0,0.0,298,36.52059555053711,fresh_online_exploration,23,26
264288,39,1.003170371055603,1.003170371055603,1.003185510635376,1.51261810970027e-05,1.0,1.0,0.0,0.0,0.0,298,36.453521728515625,fresh_online_exploration,23,26
264384,91,1.0030810832977295,1.0030810832977295,1.0032923221588135,0.0002111794165102765,1.0,1.0,0.0,0.0,0.0,300,36.4998664855957,fresh_online_exploration,23,26
264576,31,1.0001944303512573,1.0001944303512573,1.000330924987793,0.00013642411795444787,1.0,1.0,0.0,0.0,0.0,299,36.19043731689453,fresh_online_exploration,23,26
265824,36,1.0017116069793701,1.0017116069793701,1.002129316329956,0.0004176214279141277,1.0,1.0,0.0,0.0,0.0,306,36.498207092285156,fresh_online_exploration,23,26
265920,0,1.001548171043396,1.001548171043396,1.0015686750411987,2.0489351300057024e-05,1.0,1.0,0.0,1.0,0.0,315,36.712772369384766,fresh_online_exploration,23,26
266400,73,1.0055060386657715,1.0055060386657715,1.0059702396392822,0.0004642169806174934,1.0,1.0,0.0,0.0,0.0,306,36.657142639160156,fresh_online_exploration,23,26
266688,62,1.0036087036132812,1.0036087036132812,1.0038191080093384,0.00021037492842879146,1.0,1.0,0.0,0.0,0.0,306,36.559635162353516,fresh_online_exploration,23,26
266784,17,1.001340627670288,1.001340627670288,1.0015056133270264,0.00016492286522407085,1.0,1.0,0.0,0.0,0.0,302,36.444976806640625,fresh_online_exploration,23,26
266880,26,1.0016158819198608,1.0016158819198608,1.0016450881958008,2.9118975362507626e-05,1.0,1.0,0.0,0.0,0.0,302,36.376426696777344,fresh_online_exploration,23,26
266976,49,1.0004826784133911,1.0004826784133911,1.005368947982788,0.004886299837380648,1.0,1.0,0.0,0.0,0.0,301,36.40556716918945,fresh_online_exploration,23,26
267264,37,1.0030280351638794,1.0030280351638794,1.0031976699829102,0.00016966091061476618,1.0,1.0,0.0,0.0,0.0,312,36.597259521484375,fresh_online_exploration,23,26
267264,44,1.0010144710540771,1.0010144710540771,1.0010247230529785,1.0327826203138102e-05,1.0,1.0,0.0,0.0,0.0,300,36.40785598754883,fresh_online_exploration,23,26
267456,90,1.0024778842926025,1.0024778842926025,1.002614974975586,0.00013714622764382511,1.0,1.0,0.0,0.0,0.0,304,36.444847106933594,fresh_online_exploration,23,26
267552,25,1.000685214996338,1.000685214996338,1.000718355178833,3.3120959415100515e-05,1.0,1.0,0.0,0.0,0.0,303,36.44356155395508,fresh_online_exploration,23,26
267648,5,1.0036449432373047,1.0036449432373047,1.0037181377410889,7.327779894694686e-05,1.0,1.0,0.0,0.0,0.0,303,36.547210693359375,fresh_online_exploration,23,26
267744,32,1.0011019706726074,1.0011019706726074,1.0011506080627441,4.863041249336675e-05,1.0,1.0,0.0,0.0,0.0,302,36.432273864746094,fresh_online_exploration,23,26
268032,52,1.0032713413238525,1.0032713413238525,1.0038659572601318,0.000594621931668371,1.0,1.0,0.0,0.0,0.0,307,36.57664489746094,fresh_online_exploration,23,26
268320,87,1.0042355060577393,1.0042355060577393,1.004265546798706,2.9966509828227572e-05,1.0,1.0,0.0,0.0,0.0,305,36.47199249267578,fresh_online_exploration,23,26
268512,81,1.0025155544281006,1.0025155544281006,1.002845287322998,0.0003297192743048072,1.0,1.0,0.0,0.0,0.0,313,36.69095230102539,fresh_online_exploration,23,26
269088,14,1.0043110847473145,1.0043110847473145,1.004436731338501,0.00012557764421217144,1.0,1.0,0.0,0.0,0.0,305,36.42900085449219,fresh_online_exploration,23,26
269184,48,1.000855565071106,1.000855565071106,1.0008723735809326,1.6784979379735887e-05,1.0,1.0,0.0,1.0,0.0,311,36.56571578979492,fresh_online_exploration,23,26
269280,85,1.0010271072387695,1.0010271072387695,1.0022199153900146,0.0011928091989830136,1.0,1.0,0.0,0.0,0.0,311,36.660499572753906,fresh_online_exploration,23,26
269472,54,1.0046019554138184,1.0046019554138184,1.0050806999206543,0.0004787994548678398,1.0,1.0,0.0,0.0,0.0,299,36.459800720214844,fresh_online_exploration,24,26
269664,24,1.0012078285217285,1.0012078285217285,1.001329779624939,0.00012195124145364389,1.0,1.0,0.0,0.0,0.0,304,36.42698669433594,fresh_online_exploration,24,26
269664,42,1.003972053527832,1.003972053527832,1.0041019916534424,0.00012988096568733454,1.0,1.0,0.0,0.0,0.0,307,36.49193572998047,fresh_online_exploration,24,26
269760,93,1.001224398612976,1.001224398612976,1.001234531402588,1.0023147297033574e-05,1.0,1.0,0.0,1.0,0.0,311,36.55290222167969,fresh_online_exploration,23,26
270048,35,1.0046581029891968,1.0046581029891968,1.0051839351654053,0.0005258069140836596,1.0,1.0,0.0,0.0,0.0,305,36.625877380371094,fresh_online_exploration,24,26
270336,3,1.0045064687728882,1.0045064687728882,1.0047237873077393,0.00021721112716477364,1.0,1.0,0.0,1.0,0.0,314,36.86600875854492,fresh_online_exploration,24,27
270336,21,1.0052448511123657,1.0052448511123657,1.0053235292434692,7.862944767111912e-05,1.0,1.0,0.0,1.0,0.0,315,36.735286712646484,fresh_online_exploration,24,27
270432,38,1.003622055053711,1.003622055053711,1.0064351558685303,0.002813173457980156,1.0,1.0,0.0,0.0,0.0,303,36.574100494384766,fresh_online_exploration,24,27
270432,70,1.0038353204727173,1.0038353204727173,1.0038453340530396,9.973926353268325e-06,1.0,1.0,0.0,0.0,0.0,298,36.404388427734375,fresh_online_exploration,24,27
270720,58,1.0049400329589844,1.0049400329589844,1.019402265548706,0.014462212100625038,1.0,1.0,0.0,0.0,0.0,302,36.467323303222656,fresh_online_exploration,24,27
270720,86,1.00212824344635,1.00212824344635,1.0024380683898926,0.0003098679007962346,1.0,1.0,0.0,0.0,0.0,304,36.53154754638672,fresh_online_exploration,24,27
270912,2,1.0032130479812622,1.0032130479812622,1.0032427310943604,2.9637298212037422e-05,1.0,1.0,0.0,0.0,0.0,303,36.4854850769043,fresh_online_exploration,24,27
270912,41,1.0030947923660278,1.0030947923660278,1.0105206966400146,0.007425840478390455,1.0,1.0,0.0,0.0,0.0,312,36.70769500732422,fresh_online_exploration,24,27
271008,23,1.0045874118804932,1.0045874118804932,1.004604458808899,1.705244903860148e-05,1.0,1.0,0.0,0.0,0.0,302,36.50320816040039,fresh_online_exploration,24,27
271104,50,1.0013564825057983,1.0013564825057983,1.0015478134155273,0.00019139054347760975,1.0,1.0,0.0,0.0,0.0,308,36.457908630371094,fresh_online_exploration,24,27
271200,15,1.0028102397918701,1.0028102397918701,1.0029425621032715,0.0001324139884673059,1.0,1.0,0.0,0.0,0.0,305,36.61260223388672,fresh_online_exploration,24,27
271488,28,1.0011566877365112,1.0011566877365112,1.0012552738189697,9.864018647931516e-05,1.0,1.0,0.0,0.0,0.0,305,36.470611572265625,fresh_online_exploration,24,27
271584,79,1.0017306804656982,1.0017306804656982,1.0017939805984497,6.328812014544383e-05,1.0,1.0,0.0,1.0,0.0,304,36.39030838012695,fresh_online_exploration,24,27
271680,60,1.0040290355682373,1.0040290355682373,1.0043466091156006,0.0003175621968694031,1.0,1.0,0.0,0.0,0.0,306,36.517303466796875,fresh_online_exploration,24,27
271872,16,1.0012845993041992,1.0012845993041992,1.002150535583496,0.0008659198647364974,1.0,1.0,0.0,0.0,0.0,310,36.63935470581055,fresh_online_exploration,24,27
271872,20,1.0039492845535278,1.0039492845535278,1.0041695833206177,0.00022034489666111767,1.0,1.0,0.0,1.0,0.0,313,36.694801330566406,fresh_online_exploration,24,27
271872,82,1.003541111946106,1.003541111946106,1.0129956007003784,0.009454531595110893,1.0,1.0,0.0,0.0,0.0,312,36.71160125732422,fresh_online_exploration,24,27
271968,59,1.0051202774047852,1.0051202774047852,1.0051298141479492,9.448653145227581e-06,1.0,1.0,0.0,0.0,0.0,300,36.38554763793945,fresh_online_exploration,24,27
272256,11,1.0040545463562012,1.0040545463562012,1.0046385526657104,0.0005839750519953668,1.0,1.0,0.0,1.0,0.0,318,36.787681579589844,fresh_online_exploration,24,27
272256,72,1.0036252737045288,1.0036252737045288,1.0037951469421387,0.00016990337462630123,1.0,1.0,0.0,0.0,0.0,309,36.62180709838867,fresh_online_exploration,24,27
272256,84,1.002326250076294,1.002326250076294,1.0024194717407227,9.331903129350394e-05,1.0,1.0,0.0,1.0,0.0,316,36.70096969604492,fresh_online_exploration,24,27
272352,12,1.0015721321105957,1.0015721321105957,1.0017170906066895,0.00014488838496617973,1.0,1.0,0.0,0.0,0.0,304,36.37089538574219,fresh_online_exploration,24,27
272352,71,1.0017375946044922,1.0017375946044922,1.0019736289978027,0.00023609635536558926,1.0,1.0,0.0,0.0,0.0,309,36.51789474487305,fresh_online_exploration,24,27
272448,76,1.0013090372085571,1.0013090372085571,1.0014359951019287,0.00012689194409176707,1.0,1.0,0.0,0.0,0.0,302,36.46711349487305,fresh_online_exploration,24,27
272544,46,1.0049370527267456,1.0049370527267456,1.0050504207611084,0.00011343984078848734,1.0,1.0,0.0,1.0,0.0,313,36.644168853759766,fresh_online_exploration,24,27
272544,78,1.0032540559768677,1.0032540559768677,1.010641098022461,0.00738700432702899,1.0,1.0,0.0,0.0,0.0,315,36.77410888671875,fresh_online_exploration,24,27
272736,77,1.0010619163513184,1.0010619163513184,1.0011131763458252,5.122087168274447e-05,1.0,1.0,0.0,0.0,0.0,303,36.45711898803711,fresh_online_exploration,24,27
272832,7,1.004713535308838,1.004713535308838,1.0093307495117188,0.004617069847881794,1.0,1.0,0.0,0.0,0.0,307,36.58612060546875,fresh_online_exploration,24,27
273024,18,1.004787802696228,1.004787802696228,1.0058424472808838,0.001054675318300724,1.0,1.0,0.0,0.0,0.0,302,36.559776306152344,fresh_online_exploration,24,27
273024,19,1.0018867254257202,1.0018867254257202,1.0018967390060425,1.0044720511359628e-05,1.0,1.0,0.0,0.0,0.0,297,36.38557434082031,fresh_online_exploration,24,27
273120,4,1.0021965503692627,1.0021965503692627,1.0088465213775635,0.006650072056800127,1.0,1.0,0.0,0.0,0.0,306,36.53913116455078,fresh_online_exploration,24,27
273216,27,1.0017223358154297,1.0017223358154297,1.0019762516021729,0.0002538114204071462,1.0,1.0,0.0,0.0,0.0,308,36.59824752807617,fresh_online_exploration,24,27
273216,65,1.0053163766860962,1.0053163766860962,1.007631540298462,0.0023152066860347986,1.0,1.0,0.0,0.0,0.0,312,36.79192352294922,fresh_online_exploration,24,27
273312,45,1.0052769184112549,1.0052769184112549,1.0052878856658936,1.0950808245979715e-05,1.0,1.0,0.0,0.0,0.0,311,36.562522888183594,fresh_online_exploration,24,27
273312,55,1.0040555000305176,1.0040555000305176,1.0136442184448242,0.0095886355265975,1.0,1.0,0.0,0.0,0.0,315,36.77242660522461,fresh_online_exploration,24,27
273408,69,1.0043069124221802,1.0043069124221802,1.0045366287231445,0.0002297575119882822,1.0,1.0,0.0,0.0,0.0,309,36.58226776123047,fresh_online_exploration,24,27
273504,10,1.0039833784103394,1.0039833784103394,1.0039981603622437,1.4822780030954164e-05,1.0,1.0,0.0,0.0,0.0,310,36.69708251953125,fresh_online_exploration,24,27
273792,80,1.0044889450073242,1.0044889450073242,1.0046067237854004,0.00011769704724429175,1.0,1.0,0.0,0.0,0.0,308,36.643653869628906,fresh_online_exploration,24,27
274368,56,1.0033981800079346,1.0033981800079346,1.0034457445144653,4.7607143642380834e-05,1.0,1.0,0.0,1.0,0.0,310,36.47201919555664,fresh_online_exploration,24,27
274368,75,1.0027728080749512,1.0027728080749512,1.0029714107513428,0.00019864345085807145,1.0,1.0,0.0,0.0,0.0,319,36.757476806640625,fresh_online_exploration,24,27
274464,66,1.0019125938415527,1.0019125938415527,1.0021018981933594,0.00018931443628389388,1.0,1.0,0.0,0.0,0.0,311,36.61981201171875,fresh_online_exploration,24,27
274656,13,1.0043046474456787,1.0043046474456787,1.0043423175811768,3.7603687815135345e-05,1.0,1.0,0.0,1.0,0.0,315,36.71687316894531,fresh_online_exploration,24,27
274656,53,1.0022631883621216,1.0022631883621216,1.002343773841858,8.06193784228526e-05,1.0,1.0,0.0,0.0,0.0,305,36.297645568847656,fresh_online_exploration,24,27
274656,61,1.0016701221466064,1.0016701221466064,1.0019245147705078,0.00025441194884479046,1.0,1.0,0.0,0.0,0.0,316,36.65998077392578,fresh_online_exploration,24,27
274752,43,1.0027499198913574,1.0027499198913574,1.0027594566345215,9.635125024942681e-06,1.0,1.0,0.0,0.0,0.0,308,36.53867721557617,fresh_online_exploration,24,27
274752,63,1.002777338027954,1.002777338027954,1.002794623374939,1.7277545339311473e-05,1.0,1.0,0.0,1.0,0.0,313,36.74339294433594,fresh_online_exploration,24,27
274752,67,1.0047545433044434,1.0047545433044434,1.0109658241271973,0.00621129060164094,1.0,1.0,0.0,0.0,0.0,312,36.666831970214844,fresh_online_exploration,24,27
274848,34,1.0016769170761108,1.0016769170761108,1.0019786357879639,0.0003017190610989928,1.0,1.0,0.0,1.0,0.0,313,36.554256439208984,fresh_online_exploration,24,27
274944,51,1.0019558668136597,1.0019558668136597,1.0020440816879272,8.820697985356674e-05,1.0,1.0,0.0,1.0,0.0,308,36.57268524169922,fresh_online_exploration,24,27
274944,57,1.0013630390167236,1.0013630390167236,1.0015414953231812,0.00017846195260062814,1.0,1.0,0.0,1.0,0.0,308,36.591773986816406,fresh_online_exploration,24,27
275040,40,1.00131356716156,1.00131356716156,1.0013234615325928,1.0002239832829218e-05,1.0,1.0,0.0,0.0,0.0,307,36.47391128540039,fresh_online_exploration,24,27
275040,47,1.0024949312210083,1.0024949312210083,1.0026099681854248,0.0001151406395365484,1.0,1.0,0.0,1.0,0.0,303,36.632728576660156,fresh_online_exploration,24,27
275136,8,1.0030124187469482,1.0030124187469482,1.0033972263336182,0.0003848795313388109,1.0,1.0,0.0,0.0,0.0,310,36.5534553527832,fresh_online_exploration,24,27
275328,30,1.0023324489593506,1.0023324489593506,1.0048463344573975,0.002513917861506343,1.0,1.0,0.0,0.0,0.0,309,36.694068908691406,fresh_online_exploration,24,27
275424,83,1.0041159391403198,1.0041159391403198,1.0042693614959717,0.0001534665934741497,1.0,1.0,0.0,1.0,0.0,325,36.920372009277344,fresh_online_exploration,24,27
275424,88,1.0006747245788574,1.0006747245788574,1.0010569095611572,0.0003820784331765026,1.0,1.0,0.0,0.0,0.0,309,36.57424545288086,fresh_online_exploration,24,27
275520,22,1.0021930932998657,1.0021930932998657,1.0022025108337402,9.462604793952778e-06,1.0,1.0,0.0,0.0,0.0,307,36.55431365966797,fresh_online_exploration,24,27
275712,92,1.0051920413970947,1.0051920413970947,1.0052056312561035,1.3565881090471521e-05,1.0,1.0,0.0,1.0,0.0,316,36.733848571777344,fresh_online_exploration,24,27
276000,64,1.0023974180221558,1.0023974180221558,1.0024282932281494,3.081098111579195e-05,1.0,1.0,0.0,1.0,0.0,315,36.72840118408203,fresh_online_exploration,24,27
276672,33,1.0020514726638794,1.0020514726638794,1.0021381378173828,8.662106120027602e-05,1.0,1.0,0.0,1.0,0.0,312,36.628475189208984,fresh_online_exploration,24,27
277152,1,1.0023959875106812,1.0023959875106812,1.00257408618927,0.00017812399892136455,1.0,1.0,0.0,0.0,0.0,318,36.73473358154297,fresh_online_exploration,24,27
277152,29,1.0016902685165405,1.0016902685165405,1.0018017292022705,0.00011138134868815541,1.0,1.0,0.0,1.0,0.0,313,36.66144943237305,fresh_online_exploration,24,27
278112,89,1.0020250082015991,1.0020250082015991,1.0023319721221924,0.00030687396065331995,1.0,1.0,0.0,0.0,0.0,312,36.66172790527344,fresh_online_exploration,24,27
278208,95,1.0023196935653687,1.0023196935653687,1.0024194717407227,9.978844173019752e-05,1.0,1.0,0.0,1.0,0.0,316,36.742774963378906,fresh_online_exploration,24,27
278592,9,1.0048954486846924,1.0048954486846924,1.0049586296081543,6.317356746876612e-05,1.0,1.0,0.0,1.0,0.0,315,36.68890380859375,fresh_online_exploration,24,27
278880,94,1.000882625579834,1.000882625579834,1.0009870529174805,0.00010442492930451408,1.0,1.0,0.0,1.0,0.0,316,36.70612716674805,fresh_online_exploration,24,27
279360,74,1.003506064414978,1.003506064414978,1.0036587715148926,0.00015265861293300986,1.0,1.0,0.0,1.0,0.0,319,36.79764938354492,fresh_online_exploration,24,27
282720,6,1.000914454460144,1.000914454460144,1.0043892860412598,0.003474912140518427,1.0,1.0,0.0,0.0,0.0,328,37.06779861450195,fresh_online_exploration,25,28
292800,68,1.0031955242156982,1.0031955242156982,1.0032202005386353,2.468879392836243e-05,1.0,1.0,0.0,0.0,0.0,301,36.481754302978516,fresh_online_exploration,26,29
293568,39,1.003820776939392,1.003820776939392,1.0039949417114258,0.0001740980223985389,1.0,1.0,0.0,0.0,0.0,305,36.50572967529297,fresh_online_exploration,26,29
293760,31,1.0024219751358032,1.0024219751358032,1.0024433135986328,2.1353176634875126e-05,1.0,1.0,0.0,0.0,0.0,304,36.47608947753906,fresh_online_exploration,26,29
294432,91,1.003365159034729,1.003365159034729,1.0042634010314941,0.0008982396684587002,1.0,1.0,0.0,0.0,0.0,313,36.691253662109375,fresh_online_exploration,26,29
294720,36,1.0037364959716797,1.0037364959716797,1.0106066465377808,0.006870042998343706,1.0,1.0,0.0,0.0,0.0,301,36.44078063964844,fresh_online_exploration,26,29
295200,0,1.0034379959106445,1.0034379959106445,1.003669023513794,0.00023106069420464337,1.0,1.0,0.0,0.0,0.0,305,36.55125045776367,fresh_online_exploration,26,29
295776,17,1.0030910968780518,1.0030910968780518,1.003108024597168,1.6929103367147036e-05,1.0,1.0,0.0,0.0,0.0,302,36.5220832824707,fresh_online_exploration,26,29
295872,62,1.0019022226333618,1.0019022226333618,1.002587080001831,0.0006847829790785909,1.0,1.0,0.0,0.0,0.0,304,36.507747650146484,fresh_online_exploration,26,29
296064,26,1.0032851696014404,1.0032851696014404,1.0033528804779053,6.775435758754611e-05,1.0,1.0,0.0,0.0,0.0,304,36.472999572753906,fresh_online_exploration,26,29
296064,44,1.003247857093811,1.003247857093811,1.0170423984527588,0.013794534839689732,1.0,1.0,0.0,0.0,0.0,300,36.44336700439453,fresh_online_exploration,26,29
296064,90,1.0002204179763794,1.0002204179763794,1.0005366802215576,0.00031633273465558887,1.0,1.0,0.0,0.0,0.0,298,36.36255645751953,fresh_online_exploration,26,29
296256,25,1.0021605491638184,1.0021605491638184,1.0021765232086182,1.598253584234044e-05,1.0,1.0,0.0,0.0,0.0,299,36.38861846923828,fresh_online_exploration,26,29
296448,5,1.0048803091049194,1.0048803091049194,1.005279779434204,0.0003994039725512266,1.0,1.0,0.0,0.0,0.0,300,36.43801498413086,fresh_online_exploration,26,29
296640,73,1.0006706714630127,1.0006706714630127,1.000936508178711,0.0002658487646840513,1.0,1.0,0.0,1.0,0.0,315,36.59221267700195,fresh_online_exploration,26,29
296928,37,1.0023648738861084,1.0023648738861084,1.002419352531433,5.442377005238086e-05,1.0,1.0,0.0,0.0,0.0,309,36.64836502075195,fresh_online_exploration,26,29
297024,49,1.0003069639205933,1.0003069639205933,1.000348448753357,4.148288644501008e-05,1.0,1.0,0.0,1.0,0.0,313,36.7087516784668,fresh_online_exploration,26,29
297216,32,1.0029006004333496,1.0029006004333496,1.0030081272125244,0.00010751731315394863,1.0,1.0,0.0,0.0,0.0,307,36.58451461791992,fresh_online_exploration,26,29
297408,87,1.0049176216125488,1.0049176216125488,1.0061490535736084,0.0012313404586166143,1.0,1.0,0.0,0.0,0.0,303,36.451595306396484,fresh_online_exploration,26,29
297984,85,1.0001578330993652,1.0001578330993652,1.0001726150512695,1.4793767149967607e-05,1.0,1.0,0.0,0.0,0.0,299,36.327064514160156,fresh_online_exploration,26,29
298176,48,1.0009773969650269,1.0009773969650269,1.001180648803711,0.00020315816800575703,1.0,1.0,0.0,0.0,0.0,302,36.42581558227539,fresh_online_exploration,26,29
298368,52,1.0028197765350342,1.0028197765350342,1.0038366317749023,0.001016843132674694,1.0,1.0,0.0,0.0,0.0,316,36.75829315185547,fresh_online_exploration,26,29
298944,14,1.0031023025512695,1.0031023025512695,1.0032315254211426,0.00012921080633532256,1.0,1.0,0.0,1.0,0.0,311,36.674720764160156,fresh_online_exploration,26,29
298944,42,1.0044089555740356,1.0044089555740356,1.0046133995056152,0.0002044651919277385,1.0,1.0,0.0,0.0,0.0,305,36.534080505371094,fresh_online_exploration,26,29
299328,24,1.0000211000442505,1.0000211000442505,1.0000379085540771,1.685499410086777e-05,1.0,1.0,0.0,0.0,0.0,309,36.522254943847656,fresh_online_exploration,26,29
299424,54,1.0044951438903809,1.0044951438903809,1.0048428773880005,0.00034777578548528254,1.0,1.0,0.0,0.0,0.0,312,36.672752380371094,fresh_online_exploration,26,29
299424,81,1.0007187128067017,1.0007187128067017,1.0011883974075317,0.0004696559044532478,1.0,1.0,0.0,0.0,0.0,322,36.790706634521484,fresh_online_exploration,26,29
299520,93,1.0037840604782104,1.0037840604782104,1.010939359664917,0.007155383005738258,1.0,1.0,0.0,0.0,0.0,310,36.698570251464844,fresh_online_exploration,26,29
299712,3,1.001247763633728,1.001247763633728,1.0012644529342651,1.6707075701560825e-05,1.0,1.0,0.0,0.0,0.0,306,36.47977066040039,fresh_online_exploration,27,29
299712,41,1.0047903060913086,1.0047903060913086,1.014639139175415,0.00984877347946167,1.0,1.0,0.0,0.0,0.0,300,36.51523971557617,fresh_online_exploration,27,29
299808,70,1.0042611360549927,1.0042611360549927,1.0158777236938477,0.011616415344178677,1.0,1.0,0.0,0.0,0.0,306,36.59327697753906,fresh_online_exploration,27,29
300000,38,1.0008796453475952,1.0008796453475952,1.0009746551513672,9.497957216808572e-05,1.0,1.0,0.0,1.0,0.0,308,36.61713790893555,fresh_online_exploration,27,29
