env_steps,env_index,max_angle,final_angle,cumulative_increase,regression_amount,progress,success,regression_event,stalled,lost_contact,episode_steps,return_value,source,first_policy_version,last_policy_version,quality_score,contact_stability,estimated_value,initial_q,discounted_return
25920,83,1.0034126043319702,1.0034126043319702,1.0249778032302856,0.021565377712249756,1.0,1.0,0.0,0.0,0.0,270,35.736671447753906,fresh_online_exploration,0,2,0.9994382023811341,0.9943820238113403,9.534819602966309,2.0993165969848633,6.374606609344482
26016,31,1.0028539896011353,1.0028539896011353,1.0200443267822266,0.01719023287296295,1.0,1.0,0.0,0.0,0.0,271,35.813873291015625,fresh_online_exploration,0,2,1.0,1.0,9.549367904663086,2.079603433609009,6.332466125488281
26112,56,1.001696228981018,1.001696228981018,1.0043562650680542,0.002660045400261879,1.0,1.0,0.0,0.0,0.0,272,35.75006866455078,fresh_online_exploration,0,2,1.0,1.0,9.54566764831543,2.0836920738220215,6.28862190246582
26112,73,1.001896619796753,1.001896619796753,1.0276663303375244,0.02577001415193081,1.0,1.0,0.0,0.0,0.0,272,35.802581787109375,fresh_online_exploration,0,2,1.0,1.0,9.521199226379395,2.082181692123413,6.308597564697266
26208,65,1.0019919872283936,1.0019919872283936,1.002120018005371,0.00012795710063073784,1.0,1.0,0.0,0.0,0.0,273,35.841548919677734,fresh_online_exploration,0,2,1.0,1.0,9.473729133605957,2.092433452606201,6.244271278381348
26208,75,1.0037782192230225,1.0037782192230225,1.0079392194747925,0.004161026794463396,1.0,1.0,0.0,0.0,0.0,273,35.8590202331543,fresh_online_exploration,0,2,1.0,1.0,9.517549514770508,2.0947535037994385,6.222666263580322
26304,22,1.0057131052017212,1.0057131052017212,1.0064175128936768,0.0007043062942102551,1.0,1.0,0.0,0.0,0.0,274,35.90993881225586,fresh_online_exploration,0,2,1.0,1.0,9.511061668395996,2.0881259441375732,6.228750228881836
26304,25,1.001907467842102,1.001907467842102,1.001960277557373,5.277702439343557e-05,1.0,1.0,0.0,0.0,0.0,274,35.8314323425293,fresh_online_exploration,0,2,1.0,1.0,9.514995574951172,2.103969097137451,6.2516913414001465
26304,43,1.0037548542022705,1.0037548542022705,1.0185258388519287,0.014771037735044956,1.0,1.0,0.0,0.0,0.0,274,35.91267395019531,fresh_online_exploration,0,2,1.0,1.0,9.466436386108398,2.120877265930176,6.2390971183776855
26304,94,1.0052430629730225,1.0052430629730225,1.0107388496398926,0.00549581553786993,1.0,1.0,0.0,0.0,0.0,274,35.934906005859375,fresh_online_exploration,0,2,1.0,1.0,9.49705982208252,2.0965285301208496,6.217703819274902
26400,10,1.0004208087921143,1.0004208087921143,1.0004429817199707,2.2163807443575934e-05,1.0,1.0,0.0,0.0,0.0,275,35.85164260864258,fresh_online_exploration,0,2,1.0,1.0,9.482621192932129,2.0825977325439453,6.139490604400635
26400,29,1.0012425184249878,1.0012425184249878,1.0043282508850098,0.0030857028905302286,1.0,1.0,0.0,0.0,0.0,275,35.86659240722656,fresh_online_exploration,0,2,1.0,1.0,9.387869834899902,2.0900986194610596,6.168380260467529
26400,30,1.0013841390609741,1.0013841390609741,1.0071840286254883,0.005799813661724329,1.0,1.0,0.0,0.0,0.0,275,35.8853759765625,fresh_online_exploration,0,2,1.0,1.0,9.519281387329102,2.0800414085388184,6.169014930725098
26400,90,1.000420093536377,1.000420093536377,1.0043036937713623,0.003883675206452608,1.0,1.0,0.0,0.0,0.0,275,35.85148239135742,fresh_online_exploration,0,2,1.0,1.0,9.517973899841309,2.1251416206359863,6.1689453125
26400,93,1.002988338470459,1.002988338470459,1.0183329582214355,0.015344593673944473,1.0,1.0,0.0,0.0,0.0,275,35.89515686035156,fresh_online_exploration,0,2,1.0,1.0,9.461867332458496,2.1065216064453125,6.177178859710693
26496,5,1.0015149116516113,1.0015149116516113,1.0044890642166138,0.002974151400849223,1.0,1.0,0.0,0.0,0.0,276,35.928001403808594,fresh_online_exploration,0,2,1.0,1.0,9.439784049987793,2.07873797416687,6.1011528968811035
26496,8,1.0031911134719849,1.0031911134719849,1.011648416519165,0.008457382209599018,1.0,1.0,0.0,0.0,0.0,276,35.91421890258789,fresh_online_exploration,0,2,1.0,1.0,9.439571380615234,2.0838825702667236,6.14950704574585
26496,12,1.002571702003479,1.002571702003479,1.0086071491241455,0.006035367026925087,1.0,1.0,0.0,0.0,0.0,276,35.914764404296875,fresh_online_exploration,0,2,1.0,1.0,9.452363967895508,2.0870893001556396,6.131867408752441
26496,13,1.0040775537490845,1.0040775537490845,1.0080760717391968,0.003998585510998964,1.0,1.0,0.0,0.0,0.0,276,35.97618103027344,fresh_online_exploration,0,2,1.0,1.0,9.452972412109375,2.0789132118225098,6.1658549308776855
26496,26,1.000591516494751,1.000591516494751,1.0042922496795654,0.0037007397040724754,1.0,1.0,0.0,0.0,0.0,276,35.54963302612305,fresh_online_exploration,0,2,1.0,1.0,9.454751968383789,2.090226411819458,5.720728874206543
26496,27,1.0024607181549072,1.0024607181549072,1.0027927160263062,0.0003320032556075603,1.0,1.0,0.0,0.0,0.0,276,35.94590377807617,fresh_online_exploration,0,2,1.0,1.0,9.511195182800293,2.089181423187256,6.1219329833984375
26496,79,1.003777265548706,1.003777265548706,1.0118204355239868,0.008043141104280949,1.0,1.0,0.0,0.0,0.0,276,35.990142822265625,fresh_online_exploration,0,2,1.0,1.0,9.509866714477539,2.0927741527557373,6.148420333862305
26496,87,1.0006638765335083,1.0006638765335083,1.0010465383529663,0.00038268257048912346,1.0,1.0,0.0,0.0,0.0,276,35.59160614013672,fresh_online_exploration,0,2,1.0,1.0,9.667055130004883,2.112820625305176,5.683370590209961
26496,89,1.0009914636611938,1.0009914636611938,1.0010099411010742,1.8512460883357562e-05,1.0,1.0,0.0,0.0,0.0,276,35.907562255859375,fresh_online_exploration,0,2,1.0,1.0,9.444157600402832,2.0843727588653564,6.113160133361816
26496,95,1.003037452697754,1.003037452697754,1.0031187534332275,8.128817717079073e-05,1.0,1.0,0.0,0.0,0.0,276,35.940826416015625,fresh_online_exploration,0,2,1.0,1.0,9.432106971740723,2.0713531970977783,6.153103828430176
26592,9,1.0024057626724243,1.0024057626724243,1.0025050640106201,9.918430441757664e-05,1.0,1.0,0.0,0.0,0.0,277,35.91149139404297,fresh_online_exploration,0,2,1.0,1.0,9.417546272277832,2.0789172649383545,6.088243007659912
26592,34,1.000579833984375,1.000579833984375,1.0005886554718018,8.842966963129584e-06,1.0,1.0,0.0,0.0,0.0,277,35.9099006652832,fresh_online_exploration,0,2,1.0,1.0,9.39726448059082,2.1045947074890137,6.105859279632568
26592,36,1.0041199922561646,1.0041199922561646,1.0041372776031494,1.729194264044054e-05,1.0,1.0,0.0,0.0,0.0,277,35.987892150878906,fresh_online_exploration,0,2,1.0,1.0,9.431572914123535,2.086643695831299,6.1123456954956055
26592,37,1.0000848770141602,1.0000848770141602,1.0003232955932617,0.00023844234237913042,1.0,1.0,0.0,0.0,0.0,277,35.85900115966797,fresh_online_exploration,0,2,1.0,1.0,9.486961364746094,2.089708089828491,6.051541328430176
26592,39,1.003122091293335,1.003122091293335,1.013790249824524,0.010668295435607433,1.0,1.0,0.0,0.0,0.0,277,35.931915283203125,fresh_online_exploration,0,2,1.0,1.0,9.426854133605957,2.095501661300659,6.104152202606201
26592,47,1.0007081031799316,1.0007081031799316,1.000715970993042,7.894103873695713e-06,1.0,1.0,0.0,0.0,0.0,277,35.93480682373047,fresh_online_exploration,0,2,1.0,1.0,9.47529125213623,2.080420970916748,6.092225074768066
26592,51,1.0016874074935913,1.0016874074935913,1.019972324371338,0.0182848758995533,1.0,1.0,0.0,0.0,0.0,277,35.937171936035156,fresh_online_exploration,0,2,1.0,1.0,9.429402351379395,2.0537612438201904,6.105676651000977
26592,54,1.000387191772461,1.000387191772461,1.0004758834838867,8.864868868840858e-05,1.0,1.0,0.0,0.0,0.0,277,35.55902099609375,fresh_online_exploration,0,2,1.0,1.0,9.436089515686035,2.100527286529541,5.653411865234375
26592,58,1.0018951892852783,1.0018951892852783,1.005509614944458,0.0036144147161394358,1.0,1.0,0.0,0.0,0.0,277,35.94235610961914,fresh_online_exploration,0,2,1.0,1.0,9.490053176879883,2.084942579269409,6.055418968200684
26592,62,1.0030471086502075,1.0030471086502075,1.0030553340911865,8.321477253048215e-06,1.0,1.0,0.0,0.0,0.0,277,35.94427490234375,fresh_online_exploration,0,2,1.0,1.0,9.416720390319824,2.0898492336273193,6.1185622215271
26592,63,1.0011531114578247,1.0011531114578247,1.0013806819915771,0.00022761612490285188,1.0,1.0,0.0,0.0,0.0,277,35.912357330322266,fresh_online_exploration,0,2,1.0,1.0,9.442404747009277,2.1032495498657227,6.111600399017334
26592,69,1.0010886192321777,1.0010886192321777,1.0054214000701904,0.004332749173045158,1.0,1.0,0.0,0.0,0.0,277,35.911190032958984,fresh_online_exploration,0,2,1.0,1.0,9.363731384277344,2.0779387950897217,6.084477424621582
26592,88,1.0045655965805054,1.0045655965805054,1.0045840740203857,1.844678081397433e-05,1.0,1.0,0.0,0.0,0.0,277,35.98860168457031,fresh_online_exploration,0,2,1.0,1.0,9.44942855834961,2.085428476333618,6.11754846572876
26592,91,1.0049796104431152,1.0049796104431152,1.008490800857544,0.0035110677126795053,1.0,1.0,0.0,0.0,0.0,277,35.99314498901367,fresh_online_exploration,0,2,1.0,1.0,9.524627685546875,2.0748367309570312,6.132900238037109
26688,11,1.0048967599868774,1.0048967599868774,1.007359266281128,0.0024624993093311787,1.0,1.0,0.0,0.0,0.0,278,35.638309478759766,fresh_online_exploration,0,2,1.0,1.0,9.561158180236816,2.098092794418335,5.623895645141602
26688,17,1.0063396692276,1.0063396692276,1.0068106651306152,0.00047104532131925225,1.0,1.0,0.0,0.0,0.0,278,35.61560821533203,fresh_online_exploration,0,2,1.0,1.0,9.480234146118164,2.096804618835449,5.588803768157959
26688,21,1.0051862001419067,1.0051862001419067,1.0054986476898193,0.00031248744926415384,1.0,1.0,0.0,0.0,0.0,278,36.0503044128418,fresh_online_exploration,0,2,1.0,1.0,9.495340347290039,2.0944736003875732,6.07436466217041
26688,24,1.0007840394973755,1.0007840394973755,1.0009758472442627,0.00019186982535757124,1.0,1.0,0.0,0.0,0.0,278,35.59320068359375,fresh_online_exploration,0,2,1.0,1.0,9.579089164733887,2.0827808380126953,5.581151008605957
26688,45,1.0052224397659302,1.0052224397659302,1.0090594291687012,0.003837086260318756,1.0,1.0,0.0,0.0,0.0,278,36.056819915771484,fresh_online_exploration,0,2,1.0,1.0,9.459458351135254,2.075949192047119,6.158473968505859
26688,68,1.0050022602081299,1.0050022602081299,1.0230048894882202,0.018002649769186974,1.0,1.0,0.0,0.0,0.0,278,35.99951934814453,fresh_online_exploration,0,2,1.0,1.0,9.461602210998535,2.1202080249786377,6.075870037078857
26688,70,1.0006422996520996,1.0006422996520996,1.00068199634552,3.969246245105751e-05,1.0,1.0,0.0,0.0,0.0,278,35.87343215942383,fresh_online_exploration,0,2,1.0,1.0,9.42389965057373,2.089371681213379,6.086461067199707
26688,76,1.0012972354888916,1.0012972354888916,1.0051207542419434,0.003823449369519949,1.0,1.0,0.0,0.0,0.0,278,35.95037078857422,fresh_online_exploration,0,2,1.0,1.0,9.37009048461914,2.092529296875,6.073564052581787
26784,4,1.0053480863571167,1.0053480863571167,1.0053578615188599,9.824411790759768e-06,1.0,1.0,0.0,0.0,0.0,279,35.63005065917969,fresh_online_exploration,0,2,1.0,1.0,9.490338325500488,2.0804615020751953,5.537257671356201
26784,18,1.0026121139526367,1.0026121139526367,1.002622127532959,9.967643563868478e-06,1.0,1.0,0.0,0.0,0.0,279,35.55502700805664,fresh_online_exploration,0,2,1.0,1.0,9.516698837280273,2.0824296474456787,5.50149393081665
26784,50,1.006221055984497,1.006221055984497,1.0064672231674194,0.0002462076663505286,1.0,1.0,0.0,0.0,0.0,279,35.71343231201172,fresh_online_exploration,0,2,1.0,1.0,9.418505668640137,2.0900537967681885,5.598162651062012
26784,71,1.0007483959197998,1.0007483959197998,1.0007562637329102,7.87559383752523e-06,1.0,1.0,0.0,0.0,0.0,279,35.5964241027832,fresh_online_exploration,0,2,1.0,1.0,9.509133338928223,2.099123001098633,5.525595188140869
26784,80,1.0035336017608643,1.0035336017608643,1.0035483837127686,1.4711676158185583e-05,1.0,1.0,0.0,0.0,0.0,279,35.689918518066406,fresh_online_exploration,0,2,1.0,1.0,9.6030855178833,2.093874454498291,5.615143299102783
26784,81,1.00263512134552,1.00263512134552,1.0026427507400513,7.651489795534872e-06,1.0,1.0,0.0,0.0,0.0,279,35.96310806274414,fresh_online_exploration,0,2,1.0,1.0,9.296021461486816,2.074446201324463,6.020350456237793
26784,84,1.0014101266860962,1.0014101266860962,1.0014232397079468,1.3117734852130525e-05,1.0,1.0,0.0,0.0,0.0,279,35.660743713378906,fresh_online_exploration,0,2,1.0,1.0,9.511865615844727,2.1316487789154053,5.550300121307373
26784,85,1.0054571628570557,1.0054571628570557,1.0055956840515137,0.0001385863870382309,1.0,1.0,0.0,0.0,0.0,279,35.76567077636719,fresh_online_exploration,0,2,1.0,1.0,9.574979782104492,2.0951361656188965,5.623709678649902
26880,14,1.0062578916549683,1.0062578916549683,1.0066099166870117,0.00035206566099077463,1.0,1.0,0.0,0.0,0.0,280,36.134498596191406,fresh_online_exploration,0,2,1.0,1.0,9.404322624206543,2.0828046798706055,5.99708890914917
26880,32,1.0040035247802734,1.0040035247802734,1.0041004419326782,9.691933519206941e-05,1.0,1.0,0.0,0.0,0.0,280,36.1443977355957,fresh_online_exploration,0,2,1.0,1.0,9.413991928100586,2.082387924194336,6.052249431610107
26880,66,1.0054160356521606,1.0054160356521606,1.0057789087295532,0.0003628786653280258,1.0,1.0,0.0,0.0,0.0,280,36.110015869140625,fresh_online_exploration,0,2,1.0,1.0,9.473186492919922,2.0845208168029785,6.0161848068237305
26880,77,1.0006769895553589,1.0006769895553589,1.0007526874542236,7.572479080408812e-05,1.0,1.0,0.0,0.0,0.0,280,36.014896392822266,fresh_online_exploration,0,2,1.0,1.0,9.444704055786133,2.081205368041992,5.976676940917969
26880,92,1.0039896965026855,1.0039896965026855,1.004167079925537,0.00017739585018716753,1.0,1.0,0.0,0.0,0.0,280,35.66381072998047,fresh_online_exploration,0,2,1.0,1.0,9.567800521850586,2.0743095874786377,5.516446590423584
26976,0,1.0010924339294434,1.0010924339294434,1.0011072158813477,1.4879414266033564e-05,1.0,1.0,0.0,0.0,0.0,281,36.0599250793457,fresh_online_exploration,0,2,1.0,1.0,9.310302734375,2.073183059692383,5.964955806732178
26976,2,1.0023225545883179,1.0023225545883179,1.0039085149765015,0.0015859921695664525,1.0,1.0,0.0,0.0,0.0,281,35.66242218017578,fresh_online_exploration,0,2,1.0,1.0,9.467719078063965,2.101520538330078,5.4749531745910645
26976,16,1.0025187730789185,1.0025187730789185,1.002578854560852,6.007762931403704e-05,1.0,1.0,0.0,0.0,0.0,281,35.702423095703125,fresh_online_exploration,0,2,1.0,1.0,9.4370756149292,2.0768258571624756,5.499302387237549
26976,35,1.0032227039337158,1.0032227039337158,1.0033788681030273,0.00015625516243744642,1.0,1.0,0.0,0.0,0.0,281,36.04771423339844,fresh_online_exploration,0,2,1.0,1.0,9.374320030212402,2.112121820449829,5.9440412521362305
26976,40,1.005203127861023,1.005203127861023,1.0052112340927124,8.06952994025778e-06,1.0,1.0,0.0,0.0,0.0,281,35.76880645751953,fresh_online_exploration,0,2,1.0,1.0,9.506388664245605,2.114011287689209,5.5203728675842285
26976,86,1.004167079925537,1.004167079925537,1.0066752433776855,0.0025081199128180742,1.0,1.0,0.0,0.0,0.0,281,35.754981994628906,fresh_online_exploration,0,2,1.0,1.0,9.611109733581543,2.0922656059265137,5.560992240905762
27072,6,1.0022000074386597,1.0022000074386597,1.006908655166626,0.004708669614046812,1.0,1.0,0.0,0.0,0.0,282,36.140682220458984,fresh_online_exploration,0,2,1.0,1.0,9.325823783874512,2.0861523151397705,5.944471836090088
27072,23,1.0037845373153687,1.0037845373153687,1.0045509338378906,0.000766450772061944,1.0,1.0,0.0,0.0,0.0,282,36.08389663696289,fresh_online_exploration,0,2,1.0,1.0,9.378807067871094,2.1215686798095703,5.943442344665527
27072,33,1.001591444015503,1.001591444015503,1.001664400100708,7.288469350896776e-05,1.0,1.0,0.0,0.0,0.0,282,36.031166076660156,fresh_online_exploration,0,2,1.0,1.0,9.30890941619873,2.0816032886505127,5.909755706787109
27072,42,1.000644564628601,1.000644564628601,1.0010347366333008,0.0003902353055309504,1.0,1.0,0.0,0.0,0.0,282,35.589576721191406,fresh_online_exploration,0,2,1.0,1.0,9.484696388244629,2.083880662918091,5.403050899505615
27072,55,1.0003056526184082,1.0003056526184082,1.000314474105835,8.741621968511026e-06,1.0,1.0,0.0,0.0,0.0,282,35.6113395690918,fresh_online_exploration,0,2,1.0,1.0,9.459484100341797,2.119292974472046,5.443353176116943
27072,67,1.0013571977615356,1.0013571977615356,1.0020251274108887,0.0006679258076474071,1.0,1.0,0.0,0.0,0.0,282,35.67023468017578,fresh_online_exploration,0,2,1.0,1.0,9.417837142944336,2.081026315689087,5.465987682342529
27072,82,1.0040605068206787,1.0040605068206787,1.0041255950927734,6.505133205791935e-05,1.0,1.0,0.0,0.0,0.0,282,36.050899505615234,fresh_online_exploration,0,2,1.0,1.0,9.29198932647705,2.0781140327453613,5.923953533172607
27168,15,1.0045733451843262,1.0045733451843262,1.0047245025634766,0.0001511579321231693,1.0,1.0,0.0,0.0,0.0,283,35.753570556640625,fresh_online_exploration,0,2,1.0,1.0,9.426492691040039,2.0822744369506836,5.415196895599365
27168,19,1.005139946937561,1.005139946937561,1.005162239074707,2.222251168859657e-05,1.0,1.0,0.0,0.0,0.0,283,35.797691345214844,fresh_online_exploration,0,2,1.0,1.0,9.483898162841797,2.09993839263916,5.445219993591309
27168,49,1.004191279411316,1.004191279411316,1.0088670253753662,0.0046757920645177364,1.0,1.0,0.0,0.0,0.0,283,36.13555145263672,fresh_online_exploration,0,2,1.0,1.0,9.317435264587402,2.0689239501953125,5.9250807762146
27168,53,1.0062041282653809,1.0062041282653809,1.0062134265899658,9.24301548366202e-06,1.0,1.0,0.0,0.0,0.0,283,35.792869567871094,fresh_online_exploration,0,2,1.0,1.0,9.337564468383789,2.094499349594116,5.440028190612793
27168,57,1.0040258169174194,1.0040258169174194,1.0148634910583496,0.010837718844413757,1.0,1.0,0.0,0.0,0.0,283,35.831172943115234,fresh_online_exploration,0,2,1.0,1.0,9.451972961425781,2.1043334007263184,5.457537651062012
27168,74,1.001623511314392,1.001623511314392,1.0016655921936035,4.2031049815705046e-05,1.0,1.0,0.0,0.0,0.0,283,35.61530303955078,fresh_online_exploration,0,2,1.0,1.0,9.53681468963623,2.0848162174224854,5.451812744140625
27264,1,1.0029889345169067,1.0029889345169067,1.0030051469802856,1.6222114936681464e-05,1.0,1.0,0.0,0.0,0.0,284,35.74943923950195,fresh_online_exploration,0,2,1.0,1.0,9.393165588378906,2.098581314086914,5.378348350524902
27264,20,1.001814842224121,1.001814842224121,1.0018336772918701,1.8913522580987774e-05,1.0,1.0,0.0,0.0,0.0,284,35.670928955078125,fresh_online_exploration,0,2,1.0,1.0,9.492956161499023,2.1145241260528564,5.327116966247559
27264,41,1.000954031944275,1.000954031944275,1.0009983777999878,4.431965862750076e-05,1.0,1.0,0.0,0.0,0.0,284,35.73106384277344,fresh_online_exploration,0,2,1.0,1.0,9.582985877990723,2.0966646671295166,5.428491592407227
27264,46,1.004446268081665,1.004446268081665,1.005661129951477,0.001214870484545827,1.0,1.0,0.0,0.0,0.0,284,35.875518798828125,fresh_online_exploration,0,2,1.0,1.0,9.452414512634277,2.0993218421936035,5.463046550750732
27264,59,1.0011790990829468,1.0011790990829468,1.0011935234069824,1.4527580788126215e-05,1.0,1.0,0.0,0.0,0.0,284,35.69075393676758,fresh_online_exploration,0,2,1.0,1.0,9.405714988708496,2.087092876434326,5.362353801727295
27264,61,1.005410075187683,1.005410075187683,1.0054244995117188,1.4410678886633832e-05,1.0,1.0,0.0,0.0,0.0,284,35.771488189697266,fresh_online_exploration,0,2,1.0,1.0,9.392718315124512,2.0967516899108887,5.421611309051514
27264,64,1.0011811256408691,1.0011811256408691,1.0011967420578003,1.5634030205546878e-05,1.0,1.0,0.0,0.0,0.0,284,35.73109436035156,fresh_online_exploration,0,2,1.0,1.0,9.387146949768066,2.0741353034973145,5.372101783752441
27264,72,1.0053406953811646,1.0053406953811646,1.005349040031433,8.326726856466848e-06,1.0,1.0,0.0,0.0,0.0,284,36.15781021118164,fresh_online_exploration,0,2,1.0,1.0,9.27796459197998,2.0894775390625,5.863626956939697
27264,78,1.0037692785263062,1.0037692785263062,1.00435471534729,0.0005855042836628854,1.0,1.0,0.0,0.0,0.0,284,36.10417938232422,fresh_online_exploration,0,2,1.0,1.0,9.414005279541016,2.097777843475342,5.86898946762085
27360,38,1.0025571584701538,1.0025571584701538,1.0026392936706543,8.22274450911209e-05,1.0,1.0,0.0,0.0,0.0,285,35.761497497558594,fresh_online_exploration,0,2,1.0,1.0,9.517351150512695,2.089721202850342,5.383505821228027
27360,44,1.0061808824539185,1.0061808824539185,1.0062739849090576,9.316201612818986e-05,1.0,1.0,0.0,0.0,0.0,285,35.75950241088867,fresh_online_exploration,0,2,1.0,1.0,9.416250228881836,2.1168317794799805,5.342048645019531
27360,48,1.0063766241073608,1.0063766241073608,1.0064297914505005,5.307817627908662e-05,1.0,1.0,0.0,0.0,0.0,285,35.85017776489258,fresh_online_exploration,0,2,1.0,1.0,9.394569396972656,2.092487096786499,5.363321781158447
27456,3,1.0016897916793823,1.0016897916793823,1.001705288887024,1.548220097902231e-05,1.0,1.0,0.0,0.0,0.0,286,35.725013732910156,fresh_online_exploration,0,2,1.0,1.0,9.432358741760254,2.0839943885803223,5.279903411865234
27456,7,1.0046744346618652,1.0046744346618652,1.0046846866607666,1.018775856209686e-05,1.0,1.0,0.0,0.0,0.0,286,35.794830322265625,fresh_online_exploration,0,2,1.0,1.0,9.330266952514648,2.0809061527252197,5.33868408203125
27456,52,1.0049594640731812,1.0049594640731812,1.0050501823425293,9.08003348740749e-05,1.0,1.0,0.0,0.0,0.0,286,36.15193176269531,fresh_online_exploration,0,2,1.0,1.0,9.315286636352539,2.076855421066284,5.7807817459106445
27552,60,1.0021916627883911,1.0021916627883911,1.0022059679031372,1.4324520634545479e-05,1.0,1.0,0.0,0.0,0.0,287,35.83349609375,fresh_online_exploration,0,2,1.0,1.0,9.452220916748047,2.0995700359344482,5.322544097900391
27936,28,1.0043243169784546,1.0043243169784546,1.0043582916259766,3.404617018532008e-05,1.0,1.0,0.0,0.0,0.0,291,35.942970275878906,fresh_online_exploration,0,2,1.0,1.0,9.326922416687012,2.075985908508301,5.193022727966309
52224,13,1.0001085996627808,1.0001085996627808,1.0124733448028564,0.012364767491817474,1.0,1.0,0.0,0.0,0.0,268,35.2918815612793,fresh_online_exploration,2,5,1.0,1.0,9.875483512878418,2.676280975341797,5.8886566162109375
52320,89,1.0060175657272339,1.0060175657272339,1.0298997163772583,0.023882076144218445,1.0,1.0,0.0,0.0,0.0,269,35.50015640258789,fresh_online_exploration,2,5,1.0,1.0,9.794156074523926,2.6777358055114746,6.049072265625
52416,83,1.0047225952148438,1.0047225952148438,1.0048420429229736,0.00011951665510423481,1.0,1.0,0.0,0.0,0.0,276,35.99348449707031,fresh_online_exploration,2,5,1.0,1.0,9.624076843261719,2.6682119369506836,6.171567916870117
52608,75,1.0044664144515991,1.0044664144515991,1.0085747241973877,0.00410831905901432,1.0,1.0,0.0,0.0,0.0,275,35.924095153808594,fresh_online_exploration,2,5,1.0,1.0,9.681279182434082,2.6878175735473633,6.194971084594727
52608,86,1.0048946142196655,1.0048946142196655,1.0055053234100342,0.0006106680375523865,1.0,1.0,0.0,0.0,0.0,267,35.38027572631836,fresh_online_exploration,2,5,1.0,1.0,9.519181251525879,2.6742892265319824,6.074948310852051
52608,95,1.000806450843811,1.000806450843811,1.0061302185058594,0.005323801189661026,1.0,1.0,0.0,0.0,0.0,272,35.775482177734375,fresh_online_exploration,2,5,1.0,1.0,9.726129531860352,2.6743712425231934,6.312993049621582
52704,73,1.0010305643081665,1.0010305643081665,1.0010545253753662,2.388291795796249e-05,1.0,1.0,0.0,0.0,0.0,277,35.58620834350586,fresh_online_exploration,2,5,1.0,1.0,9.870327949523926,2.692591905593872,5.652941703796387
52896,76,1.0034738779067993,1.0034738779067993,1.003515362739563,4.1468796553090215e-05,1.0,1.0,0.0,0.0,0.0,273,35.87238693237305,fresh_online_exploration,2,5,1.0,1.0,9.719025611877441,2.6696996688842773,6.261305332183838
52896,77,1.0049419403076172,1.0049419403076172,1.021259069442749,0.016317026689648628,1.0,1.0,0.0,0.0,0.0,271,35.82441329956055,fresh_online_exploration,2,5,1.0,1.0,9.735895156860352,2.664891481399536,6.299396991729736
52992,29,1.0038902759552002,1.0038902759552002,1.0039831399917603,9.281202801503241e-05,1.0,1.0,0.0,0.0,0.0,277,35.97999954223633,fresh_online_exploration,2,5,1.0,1.0,9.62368392944336,2.6861155033111572,6.101058483123779
52992,31,1.0005158185958862,1.0005158185958862,1.000554084777832,3.827329055638984e-05,1.0,1.0,0.0,0.0,0.0,281,35.998252868652344,fresh_online_exploration,2,5,1.0,1.0,9.686935424804688,2.6560659408569336,5.946144104003906
52992,56,1.0007747411727905,1.0007747411727905,1.0023455619812012,0.0015708296559751034,1.0,1.0,0.0,0.0,0.0,280,35.97671127319336,fresh_online_exploration,2,5,1.0,1.0,9.643963813781738,2.68642258644104,5.951237201690674
53088,24,1.0027599334716797,1.0027599334716797,1.0057164430618286,0.0029564127326011658,1.0,1.0,0.0,0.0,0.0,275,35.90532684326172,fresh_online_exploration,2,5,1.0,1.0,9.707335472106934,2.689605474472046,6.150628566741943
53088,40,1.0036989450454712,1.0036989450454712,1.0176982879638672,0.013999156653881073,1.0,1.0,0.0,0.0,0.0,272,35.85746765136719,fresh_online_exploration,2,5,1.0,1.0,9.697240829467773,2.669295310974121,6.337733745574951
53088,43,1.0012050867080688,1.0012050867080688,1.0013065338134766,0.00010152360482607037,1.0,1.0,0.0,0.0,0.0,279,35.954280853271484,fresh_online_exploration,2,5,1.0,1.0,9.619394302368164,2.6542091369628906,5.979945659637451
53088,68,1.0005055665969849,1.0005055665969849,1.0005141496658325,8.570160389353987e-06,1.0,1.0,0.0,0.0,0.0,275,35.83926010131836,fresh_online_exploration,2,5,1.0,1.0,9.712397575378418,2.682462215423584,6.182043552398682
53088,81,1.0047738552093506,1.0047738552093506,1.0190116167068481,0.014237717725336552,1.0,1.0,0.0,0.0,0.0,274,35.90576171875,fresh_online_exploration,2,5,1.0,1.0,9.719035148620605,2.6494526863098145,6.194700717926025
53088,91,1.00248122215271,1.00248122215271,1.0056639909744263,0.0031827357597649097,1.0,1.0,0.0,0.0,0.0,276,35.937904357910156,fresh_online_exploration,2,5,1.0,1.0,9.669060707092285,2.664583444595337,6.1872735023498535
53184,4,1.000519037246704,1.000519037246704,1.0005269050598145,7.792127689754125e-06,1.0,1.0,0.0,0.0,0.0,275,35.899227142333984,fresh_online_exploration,2,5,1.0,1.0,9.622950553894043,2.6645560264587402,6.140466213226318
53184,26,1.0002537965774536,1.0002537965774536,1.0002641677856445,1.0369016308686696e-05,1.0,1.0,0.0,0.0,0.0,278,35.90119934082031,fresh_online_exploration,2,5,1.0,1.0,9.603316307067871,2.663195848464966,6.0643110275268555
53184,27,1.0058553218841553,1.0058553218841553,1.0058698654174805,1.4549220395565499e-05,1.0,1.0,0.0,0.0,0.0,278,35.74445343017578,fresh_online_exploration,2,5,1.0,1.0,9.686531066894531,2.67716383934021,5.640982151031494
53184,30,1.004482626914978,1.004482626914978,1.0083118677139282,0.00382930226624012,1.0,1.0,0.0,0.0,0.0,279,36.03498077392578,fresh_online_exploration,2,5,1.0,1.0,9.605913162231445,2.6705660820007324,6.088966369628906
53184,32,1.0007230043411255,1.0007230043411255,1.000734567642212,1.1664399607980158e-05,1.0,1.0,0.0,0.0,0.0,274,35.869441986083984,fresh_online_exploration,2,5,1.0,1.0,9.67465877532959,2.6687915325164795,6.235260009765625
53184,69,1.0023802518844604,1.0023802518844604,1.0229871273040771,0.020606759935617447,1.0,1.0,0.0,0.0,0.0,277,35.619895935058594,fresh_online_exploration,2,5,1.0,1.0,9.7305908203125,2.6614878177642822,5.670793056488037
53184,79,1.000563383102417,1.000563383102417,1.0005896091461182,2.6292877009836957e-05,1.0,1.0,0.0,0.0,0.0,278,35.95026397705078,fresh_online_exploration,2,5,1.0,1.0,9.66960334777832,2.6728413105010986,6.069016456604004
53280,2,1.0028448104858398,1.0028448104858398,1.024160385131836,0.021315423771739006,1.0,1.0,0.0,0.0,0.0,274,35.85609436035156,fresh_online_exploration,2,5,1.0,1.0,9.69677734375,2.6658172607421875,6.224306583404541
53280,22,1.0043340921401978,1.0043340921401978,1.0043973922729492,6.325689901132137e-05,1.0,1.0,0.0,0.0,0.0,281,35.74507141113281,fresh_online_exploration,2,5,1.0,1.0,9.758835792541504,2.66886568069458,5.519297122955322
53280,37,1.0020709037780762,1.0020709037780762,1.0223032236099243,0.0202324241399765,1.0,1.0,0.0,0.0,0.0,278,35.94572830200195,fresh_online_exploration,2,5,1.0,1.0,9.612174034118652,2.680894136428833,6.058928966522217
53376,9,1.0039513111114502,1.0039513111114502,1.00838303565979,0.004431840032339096,1.0,1.0,0.0,0.0,0.0,279,35.978084564208984,fresh_online_exploration,2,5,1.0,1.0,9.596529006958008,2.71114182472229,6.031514644622803
53376,63,1.00379478931427,1.00379478931427,1.019803762435913,0.01600896753370762,1.0,1.0,0.0,0.0,0.0,279,35.65557098388672,fresh_online_exploration,2,5,1.0,1.0,9.717706680297852,2.6838808059692383,5.547680854797363
53376,66,1.0022962093353271,1.0022962093353271,1.0057077407836914,0.003411647630855441,1.0,1.0,0.0,0.0,0.0,276,35.88492202758789,fresh_online_exploration,2,5,1.0,1.0,9.709698677062988,2.686657190322876,6.170372009277344
53376,71,1.0005730390548706,1.0005730390548706,1.0005900859832764,1.7008014765451662e-05,1.0,1.0,0.0,0.0,0.0,277,35.903385162353516,fresh_online_exploration,2,5,1.0,1.0,9.608939170837402,2.6437811851501465,6.098665237426758
53376,82,1.002642273902893,1.002642273902893,1.0187592506408691,0.01611695997416973,1.0,1.0,0.0,0.0,0.0,274,35.88808059692383,fresh_online_exploration,2,5,1.0,1.0,9.663459777832031,2.6580474376678467,6.215453624725342
53376,84,1.0038734674453735,1.0038734674453735,1.0067644119262695,0.0028909260872751474,1.0,1.0,0.0,0.0,0.0,277,35.92281723022461,fresh_online_exploration,2,5,1.0,1.0,9.6405029296875,2.6239171028137207,6.149964809417725
53376,88,1.0013021230697632,1.0013021230697632,1.0016729831695557,0.0003708244767040014,1.0,1.0,0.0,0.0,0.0,279,35.61659622192383,fresh_online_exploration,2,5,1.0,1.0,9.581782341003418,2.6833736896514893,5.5640549659729
53376,90,1.0049805641174316,1.0049805641174316,1.0051603317260742,0.00017974001821130514,1.0,1.0,0.0,0.0,0.0,281,36.143272399902344,fresh_online_exploration,2,5,1.0,1.0,9.667402267456055,2.666888475418091,5.962188720703125
53472,8,1.00090754032135,1.00090754032135,1.0010182857513428,0.00011078879470005631,1.0,1.0,0.0,0.0,0.0,281,35.99474334716797,fresh_online_exploration,2,5,1.0,1.0,9.551015853881836,2.681344747543335,5.938773155212402
53472,12,1.004150152206421,1.004150152206421,1.004159688949585,9.47870830714237e-06,1.0,1.0,0.0,0.0,0.0,281,35.724918365478516,fresh_online_exploration,2,5,1.0,1.0,9.641966819763184,2.6859309673309326,5.512321472167969
53472,14,1.0043683052062988,1.0043683052062988,1.004384160041809,1.5866962712607346e-05,1.0,1.0,0.0,0.0,0.0,277,35.52374267578125,fresh_online_exploration,2,5,1.0,1.0,9.876873970031738,2.679089307785034,5.579598426818848
53472,17,1.0042057037353516,1.0042057037353516,1.0043175220489502,0.00011182545131305233,1.0,1.0,0.0,0.0,0.0,279,35.59834671020508,fresh_online_exploration,2,5,1.0,1.0,9.668866157531738,2.6760523319244385,5.554688453674316
53472,21,1.0013048648834229,1.0013048648834229,1.0014188289642334,0.00011400116636650637,1.0,1.0,0.0,0.0,0.0,279,35.9852294921875,fresh_online_exploration,2,5,1.0,1.0,9.619308471679688,2.671468496322632,6.038139343261719
53472,39,1.0025001764297485,1.0025001764297485,1.0025150775909424,1.4825754078628961e-05,1.0,1.0,0.0,0.0,0.0,280,35.982059478759766,fresh_online_exploration,2,5,1.0,1.0,9.643763542175293,2.6578738689422607,5.989891052246094
53472,50,1.0021471977233887,1.0021471977233887,1.0023212432861328,0.00017412353190593421,1.0,1.0,0.0,0.0,0.0,278,35.4996452331543,fresh_online_exploration,2,5,1.0,1.0,9.691733360290527,2.6547558307647705,5.572055816650391
53472,93,1.002960443496704,1.002960443496704,1.006999135017395,0.004038664512336254,1.0,1.0,0.0,0.0,0.0,282,36.0349006652832,fresh_online_exploration,2,5,1.0,1.0,9.593208312988281,2.6990928649902344,5.923272132873535
53568,5,1.00424325466156,1.00424325466156,1.004433035850525,0.0001897964539239183,1.0,1.0,0.0,0.0,0.0,282,35.73545455932617,fresh_online_exploration,2,5,1.0,1.0,9.655644416809082,2.682774305343628,5.444819450378418
53568,23,1.003847360610962,1.003847360610962,1.006937861442566,0.003090434242039919,1.0,1.0,0.0,0.0,0.0,276,35.88988494873047,fresh_online_exploration,2,5,1.0,1.0,9.67722225189209,2.652254104614258,6.162587642669678
53568,42,1.0022549629211426,1.0022549629211426,1.0055575370788574,0.003302484517917037,1.0,1.0,0.0,0.0,0.0,276,35.90294647216797,fresh_online_exploration,2,5,1.0,1.0,9.672282218933105,2.700645923614502,6.093024730682373
53568,58,1.0007092952728271,1.0007092952728271,1.0048046112060547,0.004095359705388546,1.0,1.0,0.0,0.0,0.0,281,35.99829864501953,fresh_online_exploration,2,5,1.0,1.0,9.6224946975708,2.6740055084228516,5.945530891418457
53568,70,1.0007983446121216,1.0007983446121216,1.00090491771698,0.00010660570114850998,1.0,1.0,0.0,0.0,0.0,280,35.933650970458984,fresh_online_exploration,2,5,1.0,1.0,9.621228218078613,2.676811933517456,6.000884056091309
53568,92,1.0001871585845947,1.0001871585845947,1.0049817562103271,0.004794551990926266,1.0,1.0,0.0,0.0,0.0,278,35.906044006347656,fresh_online_exploration,2,5,1.0,1.0,9.610300064086914,2.686765670776367,6.0538716316223145
53664,45,1.004533052444458,1.004533052444458,1.004547119140625,1.4118923900241498e-05,1.0,1.0,0.0,0.0,0.0,281,35.763702392578125,fresh_online_exploration,2,5,1.0,1.0,9.719720840454102,2.653013229370117,5.576557159423828
53664,51,1.0024828910827637,1.0024828910827637,1.0031192302703857,0.0006362776039168239,1.0,1.0,0.0,0.0,0.0,282,36.068180084228516,fresh_online_exploration,2,5,1.0,1.0,9.617652893066406,2.672144651412964,5.954868793487549
53664,67,1.0052286386489868,1.0052286386489868,1.009538173675537,0.004309626761823893,1.0,1.0,0.0,0.0,0.0,277,36.02381896972656,fresh_online_exploration,2,5,1.0,1.0,9.660223960876465,2.684997081756592,6.10471773147583
53664,87,1.0053369998931885,1.0053369998931885,1.0053539276123047,1.6950387362157926e-05,1.0,1.0,0.0,0.0,0.0,283,35.75202560424805,fresh_online_exploration,2,5,1.0,1.0,9.65414047241211,2.6980297565460205,5.442806243896484
53760,11,1.005202293395996,1.005202293395996,1.0052180290222168,1.578931914991699e-05,1.0,1.0,0.0,0.0,0.0,282,35.78839874267578,fresh_online_exploration,2,5,1.0,1.0,9.692485809326172,2.699265241622925,5.499124050140381
53760,18,1.0032799243927002,1.0032799243927002,1.0034499168395996,0.0001699993445072323,1.0,1.0,0.0,0.0,0.0,281,35.63667297363281,fresh_online_exploration,2,5,1.0,1.0,9.698601722717285,2.668203115463257,5.456549644470215
53760,33,1.005571722984314,1.005571722984314,1.0149143934249878,0.009342800825834274,1.0,1.0,0.0,0.0,0.0,278,35.705482482910156,fresh_online_exploration,2,5,1.0,1.0,9.670914649963379,2.6847457885742188,5.638978481292725
53760,48,1.0053260326385498,1.0053260326385498,1.0055503845214844,0.00022433306730818003,1.0,1.0,0.0,0.0,0.0,275,35.9488525390625,fresh_online_exploration,2,5,1.0,1.0,9.716392517089844,2.6667230129241943,6.176393508911133
53760,49,1.0001742839813232,1.0001742839813232,1.0041584968566895,0.003984217997640371,1.0,1.0,0.0,0.0,0.0,277,35.93126678466797,fresh_online_exploration,2,5,1.0,1.0,9.666412353515625,2.689445734024048,6.170128345489502
53760,54,1.000487208366394,1.000487208366394,1.0005288124084473,4.166228245594539e-05,1.0,1.0,0.0,0.0,0.0,283,35.642799377441406,fresh_online_exploration,2,5,1.0,1.0,9.63174819946289,2.6686370372772217,5.382730484008789
53760,72,1.0003865957260132,1.0003865957260132,1.0114712715148926,0.011084791272878647,1.0,1.0,0.0,0.0,0.0,276,35.82953643798828,fresh_online_exploration,2,5,1.0,1.0,9.700531005859375,2.678166627883911,6.116560935974121
53856,10,1.0047762393951416,1.0047762393951416,1.0050222873687744,0.0002461066178511828,1.0,1.0,0.0,0.0,0.0,286,35.87018966674805,fresh_online_exploration,2,5,1.0,1.0,9.684849739074707,2.6874430179595947,5.379395008087158
53856,25,1.0048325061798096,1.0048325061798096,1.0051724910736084,0.00033992400858551264,1.0,1.0,0.0,0.0,0.0,287,35.872920989990234,fresh_online_exploration,2,5,1.0,1.0,9.627456665039062,2.665163993835449,5.360358715057373
53856,36,1.0000240802764893,1.0000240802764893,1.0000407695770264,1.6682412024238147e-05,1.0,1.0,0.0,0.0,0.0,284,35.66603088378906,fresh_online_exploration,2,5,1.0,1.0,9.647330284118652,2.681330442428589,5.365813255310059
53856,64,1.003188967704773,1.003188967704773,1.0071805715560913,0.003991562407463789,1.0,1.0,0.0,0.0,0.0,277,35.963218688964844,fresh_online_exploration,2,5,1.0,1.0,9.630009651184082,2.6821088790893555,6.13550329208374
53856,65,1.0031853914260864,1.0031853914260864,1.0031943321228027,8.955707016866654e-06,1.0,1.0,0.0,0.0,0.0,288,35.820655822753906,fresh_online_exploration,2,5,1.0,1.0,9.56460189819336,2.6743767261505127,5.21866512298584
53952,16,1.0002003908157349,1.0002003908157349,1.0002111196517944,1.069660356733948e-05,1.0,1.0,0.0,0.0,0.0,281,35.975990295410156,fresh_online_exploration,2,5,1.0,1.0,9.546469688415527,2.6706011295318604,5.9365692138671875
53952,19,1.0040388107299805,1.0040388107299805,1.005054235458374,0.0010154452174901962,1.0,1.0,0.0,0.0,0.0,279,35.63336944580078,fresh_online_exploration,2,5,1.0,1.0,9.677261352539062,2.698413848876953,5.539724349975586
53952,38,1.0055207014083862,1.0055207014083862,1.0210990905761719,0.015578418038785458,1.0,1.0,0.0,0.0,0.0,277,35.965087890625,fresh_online_exploration,2,5,1.0,1.0,9.622932434082031,2.6544551849365234,6.109979629516602
53952,61,1.0029233694076538,1.0029233694076538,1.0029385089874268,1.50571322592441e-05,1.0,1.0,0.0,0.0,0.0,278,36.006126403808594,fresh_online_exploration,2,5,1.0,1.0,9.617046356201172,2.70089054107666,6.076077461242676
54048,6,1.0014846324920654,1.0014846324920654,1.0027024745941162,0.001217842218466103,1.0,1.0,0.0,0.0,0.0,281,36.04497146606445,fresh_online_exploration,2,5,1.0,1.0,9.591078758239746,2.665895462036133,5.950443744659424
54048,20,1.000756859779358,1.000756859779358,1.0007939338684082,3.711112367454916e-05,1.0,1.0,0.0,0.0,0.0,279,35.52546691894531,fresh_online_exploration,2,5,1.0,1.0,9.765215873718262,2.683858633041382,5.504982948303223
54048,47,1.0039769411087036,1.0039769411087036,1.003984808921814,7.880125849624164e-06,1.0,1.0,0.0,0.0,0.0,286,35.797019958496094,fresh_online_exploration,2,5,1.0,1.0,9.591385841369629,2.6880269050598145,5.3178181648254395
54048,52,1.005204200744629,1.005204200744629,1.0092612504959106,0.004057055804878473,1.0,1.0,0.0,0.0,0.0,277,35.91657257080078,fresh_online_exploration,2,5,1.0,1.0,9.667115211486816,2.7274057865142822,6.122348785400391
54048,57,1.0020334720611572,1.0020334720611572,1.0138764381408691,0.011842973530292511,1.0,1.0,0.0,0.0,0.0,280,35.97609329223633,fresh_online_exploration,2,5,1.0,1.0,9.597640991210938,2.6952478885650635,5.961599826812744
54144,0,1.0036741495132446,1.0036741495132446,1.0037987232208252,0.00012460594007279724,1.0,1.0,0.0,0.0,0.0,283,36.1684455871582,fresh_online_exploration,2,5,1.0,1.0,9.587303161621094,2.681173086166382,5.906977653503418
54144,34,1.001075267791748,1.001075267791748,1.0011653900146484,9.012976079247892e-05,1.0,1.0,0.0,0.0,0.0,287,36.14075469970703,fresh_online_exploration,2,5,1.0,1.0,9.55367660522461,2.662205696105957,5.725240707397461
54144,74,1.0056452751159668,1.0056452751159668,1.0095441341400146,0.003898927243426442,1.0,1.0,0.0,0.0,0.0,281,35.68622589111328,fresh_online_exploration,2,5,1.0,1.0,9.731675148010254,2.687471628189087,5.4777960777282715
54144,78,1.0008316040039062,1.0008316040039062,1.0015274286270142,0.0006958481390029192,1.0,1.0,0.0,0.0,0.0,280,35.98869705200195,fresh_online_exploration,2,5,1.0,1.0,9.548601150512695,2.664949893951416,6.011207103729248
54144,94,1.004286527633667,1.004286527633667,1.0043002367019653,1.3700713680009358e-05,1.0,1.0,0.0,0.0,0.0,290,35.94136047363281,fresh_online_exploration,2,5,1.0,1.0,9.629088401794434,2.6758031845092773,5.279111385345459
54240,3,1.0007672309875488,1.0007672309875488,1.0008494853973389,8.226799400290474e-05,1.0,1.0,0.0,0.0,0.0,279,35.95315170288086,fresh_online_exploration,2,5,1.0,1.0,9.7135648727417,2.6932830810546875,5.969546318054199
54240,15,1.002638816833496,1.002638816833496,1.0065991878509521,0.003960384521633387,1.0,1.0,0.0,0.0,0.0,282,36.092071533203125,fresh_online_exploration,2,5,1.0,1.0,9.666056632995605,2.692178249359131,5.928060054779053
54240,62,1.0026392936706543,1.0026392936706543,1.0026590824127197,1.9741642972803675e-05,1.0,1.0,0.0,0.0,0.0,288,35.806861877441406,fresh_online_exploration,2,5,1.0,1.0,9.607333183288574,2.691383123397827,5.259401321411133
54336,80,1.0031037330627441,1.0031037330627441,1.0033257007598877,0.00022191244352143258,1.0,1.0,0.0,0.0,0.0,287,35.82026672363281,fresh_online_exploration,2,5,1.0,1.0,9.557948112487793,2.665499448776245,5.291783809661865
54432,53,1.0046840906143188,1.0046840906143188,1.0150470733642578,0.01036298368126154,1.0,1.0,0.0,0.0,0.0,284,36.07430648803711,fresh_online_exploration,2,5,1.0,1.0,9.493239402770996,2.6865787506103516,5.776763916015625
54432,55,1.0036579370498657,1.0036579370498657,1.003674030303955,1.6044145013438538e-05,1.0,1.0,0.0,0.0,0.0,285,35.813194274902344,fresh_online_exploration,2,5,1.0,1.0,9.625053405761719,2.6733920574188232,5.352781295776367
54432,60,1.003309726715088,1.003309726715088,1.0033247470855713,1.5046675798657816e-05,1.0,1.0,0.0,0.0,0.0,280,35.696624755859375,fresh_online_exploration,2,5,1.0,1.0,9.751998901367188,2.709307909011841,5.512688159942627
54432,85,1.0047800540924072,1.0047800540924072,1.0050153732299805,0.00023522139235865325,1.0,1.0,0.0,0.0,0.0,288,35.907039642333984,fresh_online_exploration,2,5,1.0,1.0,9.708667755126953,2.6637744903564453,5.323619365692139
54528,1,1.0009208917617798,1.0009208917617798,1.0009384155273438,1.757655991241336e-05,1.0,1.0,0.0,0.0,0.0,284,35.6176643371582,fresh_online_exploration,2,5,1.0,1.0,9.687755584716797,2.684145927429199,5.370426177978516
54528,35,1.0060149431228638,1.0060149431228638,1.006030797958374,1.5939082004479133e-05,1.0,1.0,0.0,0.0,0.0,287,35.83290481567383,fresh_online_exploration,2,5,1.0,1.0,9.569040298461914,2.639493703842163,5.2755255699157715
54528,59,1.005774736404419,1.005774736404419,1.005843162536621,6.843359733466059e-05,1.0,1.0,0.0,0.0,0.0,284,35.827362060546875,fresh_online_exploration,2,5,1.0,1.0,9.723885536193848,2.675870418548584,5.460585117340088
54720,46,1.0042707920074463,1.0042707920074463,1.007857322692871,0.0035864985547959805,1.0,1.0,0.0,0.0,0.0,286,36.252471923828125,fresh_online_exploration,2,5,1.0,1.0,9.629301071166992,2.679157257080078,5.795263767242432
54816,7,1.0019443035125732,1.0019443035125732,1.001955509185791,1.1237892067583743e-05,1.0,1.0,0.0,0.0,0.0,285,35.741844177246094,fresh_online_exploration,2,5,1.0,1.0,9.555489540100098,2.7088730335235596,5.328096389770508
54816,41,1.0029988288879395,1.0029988288879395,1.003104329109192,0.00010548428690526634,1.0,1.0,0.0,0.0,0.0,287,35.81449890136719,fresh_online_exploration,2,5,1.0,1.0,9.600332260131836,2.682497501373291,5.265640735626221
55104,44,1.0057554244995117,1.0057554244995117,1.0058386325836182,8.318220352521166e-05,1.0,1.0,0.0,0.0,0.0,289,35.89690399169922,fresh_online_exploration,2,5,1.0,1.0,9.54001235961914,2.6894357204437256,5.222652912139893
55584,28,1.0043894052505493,1.0043894052505493,1.0043976306915283,8.124981832224876e-06,1.0,1.0,0.0,0.0,0.0,288,35.8684196472168,fresh_online_exploration,2,5,1.0,1.0,9.55502986907959,2.6740455627441406,5.267714023590088
78240,86,1.0011258125305176,1.0011258125305176,1.0148004293441772,0.013674739748239517,1.0,1.0,0.0,0.0,0.0,267,35.6329460144043,fresh_online_exploration,5,7,1.0,1.0,9.917780876159668,3.129751205444336,6.436129570007324
78528,76,1.0040802955627441,1.0040802955627441,1.0122227668762207,0.008142356760799885,1.0,1.0,0.0,0.0,0.0,267,35.69130325317383,fresh_online_exploration,5,7,1.0,1.0,9.956443786621094,3.1411325931549072,6.433377265930176
78624,89,1.0034853219985962,1.0034853219985962,1.005821943283081,0.0023366303648799658,1.0,1.0,0.0,0.0,0.0,274,35.50621795654297,fresh_online_exploration,5,7,1.0,1.0,9.896621704101562,3.1552555561065674,5.735114097595215
78720,84,1.0054770708084106,1.0054770708084106,1.005509614944458,3.247665517847054e-05,1.0,1.0,0.0,0.0,0.0,264,35.38671875,fresh_online_exploration,5,7,1.0,1.0,9.72907543182373,3.166558265686035,6.277022361755371
79008,69,1.0009088516235352,1.0009088516235352,1.0224261283874512,0.021517187356948853,1.0,1.0,0.0,0.0,0.0,269,35.71764373779297,fresh_online_exploration,5,7,1.0,1.0,9.933650016784668,3.1570119857788086,6.405971527099609
79008,73,1.0007613897323608,1.0007613897323608,1.0007851123809814,2.374191171838902e-05,1.0,1.0,0.0,0.0,0.0,274,35.45671463012695,fresh_online_exploration,5,7,1.0,1.0,10.057605743408203,3.1481876373291016,5.7433013916015625
79104,13,1.0024062395095825,1.0024062395095825,1.0064833164215088,0.004077163524925709,1.0,1.0,0.0,0.0,0.0,280,35.96181106567383,fresh_online_exploration,5,7,1.0,1.0,9.747745513916016,3.14982533454895,5.96767520904541
79104,56,1.0019526481628418,1.0019526481628418,1.0023009777069092,0.0003483180480543524,1.0,1.0,0.0,0.0,0.0,272,35.75688171386719,fresh_online_exploration,5,7,1.0,1.0,9.925299644470215,3.1837503910064697,6.253422260284424
79104,81,1.0012097358703613,1.0012097358703613,1.0154094696044922,0.014199760742485523,1.0,1.0,0.0,0.0,0.0,271,35.7499885559082,fresh_online_exploration,5,7,1.0,1.0,9.888510704040527,3.1431891918182373,6.325148582458496
79200,9,1.0045108795166016,1.0045108795166016,1.0123722553253174,0.00786143634468317,1.0,1.0,0.0,0.0,0.0,269,35.75202178955078,fresh_online_exploration,5,7,1.0,1.0,9.885955810546875,3.15433669090271,6.403000831604004
79200,95,1.0026758909225464,1.0026758909225464,1.0026907920837402,1.4903622286510654e-05,1.0,1.0,0.0,0.0,0.0,277,35.918827056884766,fresh_online_exploration,5,7,1.0,1.0,9.797455787658691,3.1440248489379883,6.113036632537842
79296,75,1.0002021789550781,1.0002021789550781,1.0005266666412354,0.00032455165637657046,1.0,1.0,0.0,0.0,0.0,278,35.954063415527344,fresh_online_exploration,5,7,1.0,1.0,9.813910484313965,3.1614177227020264,6.0382609367370605
79296,77,1.003109335899353,1.003109335899353,1.0041768550872803,0.001067550154402852,1.0,1.0,0.0,0.0,0.0,275,35.47943115234375,fresh_online_exploration,5,7,1.0,1.0,9.937666893005371,3.1360034942626953,5.617740154266357
79392,24,1.0040311813354492,1.0040311813354492,1.0160586833953857,0.012027409859001637,1.0,1.0,0.0,0.0,0.0,274,35.868003845214844,fresh_online_exploration,5,7,1.0,1.0,9.95060920715332,3.157132148742676,6.201615810394287
79392,29,1.0022053718566895,1.0022053718566895,1.0022149085998535,9.54147799347993e-06,1.0,1.0,0.0,0.0,0.0,275,35.86404800415039,fresh_online_exploration,5,7,1.0,1.0,9.8878173828125,3.202299118041992,6.179468631744385
79392,50,1.0030386447906494,1.0030386447906494,1.0275367498397827,0.024498196318745613,1.0,1.0,0.0,0.0,0.0,270,35.48789978027344,fresh_online_exploration,5,7,1.0,1.0,9.897174835205078,3.1459200382232666,5.972559452056885
79392,91,1.0046511888504028,1.0046511888504028,1.0050361156463623,0.00038494684849865735,1.0,1.0,0.0,0.0,0.0,274,35.99473190307617,fresh_online_exploration,5,7,1.0,1.0,10.000429153442383,3.150526762008667,6.258001327514648
79488,25,1.0012794733047485,1.0012794733047485,1.0090968608856201,0.007817414589226246,1.0,1.0,0.0,0.0,0.0,267,35.621734619140625,fresh_online_exploration,5,7,1.0,1.0,9.984566688537598,3.1678199768066406,6.4504547119140625
79488,39,1.0004318952560425,1.0004318952560425,1.037290096282959,0.03685811534523964,1.0,1.0,0.0,0.0,0.0,271,35.73495101928711,fresh_online_exploration,5,7,1.0,1.0,9.855128288269043,3.1784913539886475,6.367634296417236
79488,90,1.0034723281860352,1.0034723281860352,1.040137767791748,0.03666521608829498,1.0,1.0,0.0,0.0,0.0,272,35.795379638671875,fresh_online_exploration,5,7,0.9983425438404083,0.9834254384040833,9.864377975463867,3.163729190826416,6.317168712615967
79584,2,1.000646948814392,1.000646948814392,1.0006548166275024,7.866232408559881e-06,1.0,1.0,0.0,0.0,0.0,274,35.81891632080078,fresh_online_exploration,5,7,1.0,1.0,9.899572372436523,3.153494358062744,6.195349216461182
79584,14,1.0019439458847046,1.0019439458847046,1.0156137943267822,0.013669810257852077,1.0,1.0,0.0,0.0,0.0,272,35.771339416503906,fresh_online_exploration,5,7,1.0,1.0,9.895609855651855,3.1425914764404297,6.248528003692627
79680,17,1.0034314393997192,1.0034314393997192,1.00763738155365,0.004205874167382717,1.0,1.0,0.0,0.0,0.0,273,35.822364807128906,fresh_online_exploration,5,7,1.0,1.0,9.907429695129395,3.1410367488861084,6.232539653778076
79680,43,1.0001134872436523,1.0001134872436523,1.0001704692840576,5.7013614423340186e-05,1.0,1.0,0.0,0.0,0.0,277,35.50505065917969,fresh_online_exploration,5,7,1.0,1.0,9.943509101867676,3.146907329559326,5.5973005294799805
79680,72,1.0014655590057373,1.0014655590057373,1.0261623859405518,0.024696776643395424,1.0,1.0,0.0,0.0,0.0,270,35.733375549316406,fresh_online_exploration,5,7,1.0,1.0,9.950224876403809,3.1766421794891357,6.369664669036865
79680,82,1.0000804662704468,1.0000804662704468,1.000130534172058,5.0070553697878495e-05,1.0,1.0,0.0,0.0,0.0,274,35.8747673034668,fresh_online_exploration,5,7,1.0,1.0,9.94847583770752,3.1634554862976074,6.221419811248779
79776,48,1.0012543201446533,1.0012543201446533,1.0160059928894043,0.014751652255654335,1.0,1.0,0.0,0.0,0.0,271,35.455421447753906,fresh_online_exploration,5,7,1.0,1.0,9.986085891723633,3.1705875396728516,5.805230140686035
79776,58,1.0014946460723877,1.0014946460723877,1.002272129058838,0.0007774358382448554,1.0,1.0,0.0,0.0,0.0,273,35.507320404052734,fresh_online_exploration,5,7,1.0,1.0,9.841157913208008,3.2081546783447266,5.7949934005737305
79776,63,1.004442572593689,1.004442572593689,1.0181130170822144,0.013670362532138824,1.0,1.0,0.0,0.0,0.0,275,35.94850540161133,fresh_online_exploration,5,7,1.0,1.0,9.8930082321167,3.187432289123535,6.185669898986816
79776,71,1.0042413473129272,1.0042413473129272,1.0060125589370728,0.0017712850822135806,1.0,1.0,0.0,0.0,0.0,275,35.930015563964844,fresh_online_exploration,5,7,1.0,1.0,9.885665893554688,3.1808056831359863,6.1774468421936035
79776,88,1.0034757852554321,1.0034757852554321,1.0034840106964111,8.242513104050886e-06,1.0,1.0,0.0,0.0,0.0,275,35.62274169921875,fresh_online_exploration,5,7,1.0,1.0,9.896036148071289,3.1715898513793945,5.780482292175293
79872,38,1.0052833557128906,1.0052833557128906,1.0131072998046875,0.007824013009667397,1.0,1.0,0.0,0.0,0.0,270,35.81105041503906,fresh_online_exploration,5,7,1.0,1.0,9.921122550964355,3.160522222518921,6.370478630065918
79872,83,1.0033210515975952,1.0033210515975952,1.003429651260376,0.00010870639380300418,1.0,1.0,0.0,0.0,0.0,286,35.862815856933594,fresh_online_exploration,5,7,1.0,1.0,9.81982135772705,3.1057093143463135,5.332335472106934
79968,4,1.0023261308670044,1.0023261308670044,1.0023367404937744,1.0519418538024183e-05,1.0,1.0,0.0,0.0,0.0,279,35.56576156616211,fresh_online_exploration,5,7,1.0,1.0,9.973471641540527,3.1632027626037598,5.534797668457031
79968,5,1.0030248165130615,1.0030248165130615,1.0060644149780273,0.003039514645934105,1.0,1.0,0.0,0.0,0.0,275,35.86756896972656,fresh_online_exploration,5,7,1.0,1.0,9.811678886413574,3.210052251815796,6.166654109954834
79968,27,1.00263512134552,1.00263512134552,1.0066039562225342,0.0039689550176262856,1.0,1.0,0.0,0.0,0.0,279,36.013301849365234,fresh_online_exploration,5,7,1.0,1.0,9.784794807434082,3.149235486984253,6.054236888885498
79968,32,1.0003728866577148,1.0003728866577148,1.0004817247390747,0.00010883257345994934,1.0,1.0,0.0,0.0,0.0,279,36.009483337402344,fresh_online_exploration,5,7,1.0,1.0,9.843243598937988,3.1602792739868164,6.022183895111084
79968,67,1.0012224912643433,1.0012224912643433,1.0013178586959839,9.539871825836599e-05,1.0,1.0,0.0,0.0,0.0,274,35.89347457885742,fresh_online_exploration,5,7,1.0,1.0,9.837210655212402,3.147310733795166,6.229613304138184
79968,68,1.0054994821548462,1.0054994821548462,1.0055079460144043,8.479599273414351e-06,1.0,1.0,0.0,0.0,0.0,280,36.03776168823242,fresh_online_exploration,5,7,1.0,1.0,9.749262809753418,3.14447021484375,6.0254621505737305
79968,79,1.002139687538147,1.002139687538147,1.0057668685913086,0.003627112368121743,1.0,1.0,0.0,0.0,0.0,279,36.01308059692383,fresh_online_exploration,5,7,1.0,1.0,9.839896202087402,3.1499645709991455,6.073038101196289
79968,93,1.0047508478164673,1.0047508478164673,1.008554458618164,0.0038036166224628687,1.0,1.0,0.0,0.0,0.0,276,35.958984375,fresh_online_exploration,5,7,1.0,1.0,9.812372207641602,3.1392979621887207,6.18076229095459
80064,12,1.0052369832992554,1.0052369832992554,1.0052452087402344,8.137919394357596e-06,1.0,1.0,0.0,0.0,0.0,277,35.97370529174805,fresh_online_exploration,5,7,1.0,1.0,9.820748329162598,3.1530959606170654,6.137373447418213
80064,22,1.0048099756240845,1.0048099756240845,1.005013346672058,0.00020340140326879919,1.0,1.0,0.0,0.0,0.0,279,36.02816390991211,fresh_online_exploration,5,7,1.0,1.0,9.852693557739258,3.1567842960357666,6.022586822509766
80064,49,1.003909945487976,1.003909945487976,1.0045199394226074,0.0006100893369875848,1.0,1.0,0.0,0.0,0.0,274,35.922828674316406,fresh_online_exploration,5,7,1.0,1.0,9.981277465820312,3.163239002227783,6.255026817321777
80064,70,1.003327488899231,1.003327488899231,1.0067229270935059,0.0033953958190977573,1.0,1.0,0.0,0.0,0.0,276,35.8943977355957,fresh_online_exploration,5,7,1.0,1.0,9.905919075012207,3.187155246734619,6.169083118438721
80064,74,1.001112699508667,1.001112699508667,1.011297583580017,0.010184917598962784,1.0,1.0,0.0,0.0,0.0,270,35.76774597167969,fresh_online_exploration,5,7,1.0,1.0,9.973031044006348,3.22621488571167,6.342521667480469
80064,92,1.0047835111618042,1.0047835111618042,1.004903793334961,0.00012022940791212022,1.0,1.0,0.0,0.0,0.0,276,35.92611312866211,fresh_online_exploration,5,7,1.0,1.0,9.885608673095703,3.18344783782959,6.124101638793945
80160,31,1.002805471420288,1.002805471420288,1.0036342144012451,0.0008287504315376282,1.0,1.0,0.0,0.0,0.0,283,35.725128173828125,fresh_online_exploration,5,8,1.0,1.0,9.75174617767334,3.17639422416687,5.424540996551514
80160,42,1.0054267644882202,1.0054267644882202,1.0054409503936768,1.4150275092106313e-05,1.0,1.0,0.0,0.0,0.0,277,36.04473876953125,fresh_online_exploration,5,8,1.0,1.0,9.886824607849121,3.1974194049835205,6.13925313949585
80256,26,1.0036243200302124,1.0036243200302124,1.0039005279541016,0.0002761524519883096,1.0,1.0,0.0,0.0,0.0,282,36.008060455322266,fresh_online_exploration,5,8,1.0,1.0,9.777634620666504,3.1659553050994873,5.934812068939209
80256,36,1.0003844499588013,1.0003844499588013,1.0004527568817139,6.82496975059621e-05,1.0,1.0,0.0,0.0,0.0,275,35.92548370361328,fresh_online_exploration,5,8,1.0,1.0,9.869060516357422,3.1787784099578857,6.196969509124756
80256,40,1.0039360523223877,1.0039360523223877,1.0039458274841309,9.80669392447453e-06,1.0,1.0,0.0,0.0,0.0,283,35.700538635253906,fresh_online_exploration,5,8,1.0,1.0,9.868278503417969,3.1292099952697754,5.413182735443115
80352,8,1.0013506412506104,1.0013506412506104,1.0015761852264404,0.00022543888189829886,1.0,1.0,0.0,0.0,0.0,280,35.61372756958008,fresh_online_exploration,5,8,1.0,1.0,9.829333305358887,3.130249261856079,5.520660400390625
80352,23,1.0003626346588135,1.0003626346588135,1.0004138946533203,5.129858254804276e-05,1.0,1.0,0.0,0.0,0.0,279,35.912784576416016,fresh_online_exploration,5,8,1.0,1.0,9.825286865234375,3.191411018371582,6.013155460357666
80352,37,1.003772258758545,1.003772258758545,1.003806471824646,3.421152723603882e-05,1.0,1.0,0.0,0.0,0.0,282,35.731788635253906,fresh_online_exploration,5,8,1.0,1.0,9.847098350524902,3.1440651416778564,5.451788902282715
80352,57,1.0051531791687012,1.0051531791687012,1.0051871538162231,3.399076740606688e-05,1.0,1.0,0.0,0.0,0.0,274,35.93228530883789,fresh_online_exploration,5,8,1.0,1.0,9.940326690673828,3.175079345703125,6.264641761779785
80352,87,1.0030168294906616,1.0030168294906616,1.0078802108764648,0.004863389302045107,1.0,1.0,0.0,0.0,0.0,278,36.01095199584961,fresh_online_exploration,5,8,1.0,1.0,9.869319915771484,3.1515262126922607,6.1234283447265625
80448,16,1.000261902809143,1.000261902809143,1.000281572341919,1.966855052160099e-05,1.0,1.0,0.0,0.0,0.0,276,35.5477294921875,fresh_online_exploration,5,8,1.0,1.0,9.989263534545898,3.189951181411743,5.664445400238037
80448,30,1.0024346113204956,1.0024346113204956,1.0024769306182861,4.2368268623249605e-05,1.0,1.0,0.0,0.0,0.0,284,35.747718811035156,fresh_online_exploration,5,8,1.0,1.0,9.799304962158203,3.1478724479675293,5.387254238128662
80448,51,1.0037239789962769,1.0037239789962769,1.0042892694473267,0.0005652530817314982,1.0,1.0,0.0,0.0,0.0,279,36.076698303222656,fresh_online_exploration,5,8,1.0,1.0,9.883736610412598,3.1662330627441406,6.065678119659424
80448,66,1.0035145282745361,1.0035145282745361,1.0035343170166016,1.980094748432748e-05,1.0,1.0,0.0,0.0,0.0,282,35.714107513427734,fresh_online_exploration,5,8,1.0,1.0,9.854426383972168,3.1752474308013916,5.468072414398193
80544,65,1.0006585121154785,1.0006585121154785,1.0046591758728027,0.004000586923211813,1.0,1.0,0.0,0.0,0.0,278,35.920326232910156,fresh_online_exploration,5,8,1.0,1.0,9.769048690795898,3.201931953430176,6.0595550537109375
80544,94,1.0029630661010742,1.0029630661010742,1.0029723644256592,9.36960623221239e-06,1.0,1.0,0.0,0.0,0.0,275,35.94658279418945,fresh_online_exploration,5,8,1.0,1.0,9.880916595458984,3.2241921424865723,6.199756622314453
80640,3,1.001617431640625,1.001617431640625,1.0191280841827393,0.017510684207081795,1.0,1.0,0.0,0.0,0.0,275,35.50538635253906,fresh_online_exploration,5,8,1.0,1.0,10.027266502380371,3.1585607528686523,5.6747660636901855
80640,11,1.0058265924453735,1.0058265924453735,1.0058422088623047,1.5592926501994953e-05,1.0,1.0,0.0,0.0,0.0,280,35.714439392089844,fresh_online_exploration,5,8,1.0,1.0,9.891571998596191,3.1745691299438477,5.535312175750732
80640,19,1.0006967782974243,1.0006967782974243,1.0008716583251953,0.00017490575555711985,1.0,1.0,0.0,0.0,0.0,278,35.92636489868164,fresh_online_exploration,5,8,1.0,1.0,9.767719268798828,3.1747043132781982,6.064549922943115
80640,64,1.0024758577346802,1.0024758577346802,1.0024895668029785,1.379839341097977e-05,1.0,1.0,0.0,0.0,0.0,279,36.00497817993164,fresh_online_exploration,5,8,1.0,1.0,9.860615730285645,3.1607446670532227,6.045910835266113
80736,10,1.0054415464401245,1.0054415464401245,1.0091627836227417,0.0037211868911981583,1.0,1.0,0.0,0.0,0.0,280,36.07811737060547,fresh_online_exploration,5,8,1.0,1.0,9.802989959716797,3.179792881011963,5.994627952575684
80736,53,1.0052913427352905,1.0052913427352905,1.0180577039718628,0.012766403146088123,1.0,1.0,0.0,0.0,0.0,274,35.898807525634766,fresh_online_exploration,5,8,1.0,1.0,9.837024688720703,3.236278772354126,6.231663703918457
80736,54,1.0025415420532227,1.0025415420532227,1.0025509595870972,9.39034634939162e-06,1.0,1.0,0.0,0.0,0.0,281,35.64075469970703,fresh_online_exploration,5,8,1.0,1.0,9.903816223144531,3.178912878036499,5.493598937988281
80832,35,1.0043857097625732,1.0043857097625732,1.004399299621582,1.3625788596982602e-05,1.0,1.0,0.0,0.0,0.0,274,35.95323944091797,fresh_online_exploration,5,8,1.0,1.0,9.859639167785645,3.1456639766693115,6.226420879364014
80832,45,1.0030279159545898,1.0030279159545898,1.003042221069336,1.4341952009999659e-05,1.0,1.0,0.0,0.0,0.0,283,35.75071716308594,fresh_online_exploration,5,8,1.0,1.0,9.950763702392578,3.164994478225708,5.451473712921143
80832,47,1.004040002822876,1.004040002822876,1.0045928955078125,0.0005529539776034653,1.0,1.0,0.0,0.0,0.0,279,36.08543395996094,fresh_online_exploration,5,8,1.0,1.0,9.881576538085938,3.1395273208618164,6.023133754730225
80832,52,1.0045922994613647,1.0045922994613647,1.0073776245117188,0.0027853131759911776,1.0,1.0,0.0,0.0,0.0,279,35.9464225769043,fresh_online_exploration,5,8,1.0,1.0,9.808609962463379,3.1529974937438965,6.036597728729248
80832,55,1.0042312145233154,1.0042312145233154,1.0087096691131592,0.004478344693779945,1.0,1.0,0.0,0.0,0.0,275,35.91807174682617,fresh_online_exploration,5,8,1.0,1.0,9.882845878601074,3.2395153045654297,6.174756050109863
80832,61,1.0048205852508545,1.0048205852508545,1.0048439502716064,2.3405726096825674e-05,1.0,1.0,0.0,0.0,0.0,280,36.04147720336914,fresh_online_exploration,5,8,1.0,1.0,9.818643569946289,3.163238048553467,6.012418270111084
80928,6,1.001861810684204,1.001861810684204,1.0028760433197021,0.0010142034152522683,1.0,1.0,0.0,0.0,0.0,280,36.06242752075195,fresh_online_exploration,5,8,1.0,1.0,9.867134094238281,3.1385245323181152,6.011023044586182
80928,46,1.0035630464553833,1.0035630464553833,1.006263256072998,0.0027002845890820026,1.0,1.0,0.0,0.0,0.0,273,35.88447189331055,fresh_online_exploration,5,8,1.0,1.0,9.968595504760742,3.2097949981689453,6.253824710845947
80928,78,1.0052143335342407,1.0052143335342407,1.005818247795105,0.0006039298605173826,1.0,1.0,0.0,0.0,0.0,279,36.04736328125,fresh_online_exploration,5,8,1.0,1.0,9.888925552368164,3.2191033363342285,6.009400844573975
81024,21,1.0031657218933105,1.0031657218933105,1.0031839609146118,1.826263905968517e-05,1.0,1.0,0.0,0.0,0.0,287,35.84418487548828,fresh_online_exploration,5,8,1.0,1.0,9.861725807189941,3.139720916748047,5.319555759429932
81024,34,1.000024676322937,1.000024676322937,1.0000605583190918,3.590266715036705e-05,1.0,1.0,0.0,0.0,0.0,280,35.939964294433594,fresh_online_exploration,5,8,1.0,1.0,9.713972091674805,3.2243919372558594,5.982945442199707
81024,80,1.0036704540252686,1.0036704540252686,1.003744125366211,7.362676842603832e-05,1.0,1.0,0.0,0.0,0.0,278,35.9959716796875,fresh_online_exploration,5,8,1.0,1.0,9.965715408325195,3.1600561141967773,6.054654121398926
81120,20,1.0002893209457397,1.0002893209457397,1.000353217124939,6.387556641129777e-05,1.0,1.0,0.0,0.0,0.0,282,35.61468505859375,fresh_online_exploration,5,8,1.0,1.0,9.894780158996582,3.154397487640381,5.430103302001953
81120,33,1.0056500434875488,1.0056500434875488,1.0057451725006104,9.514456905890256e-05,1.0,1.0,0.0,0.0,0.0,285,35.826438903808594,fresh_online_exploration,5,8,1.0,1.0,9.819162368774414,3.1781487464904785,5.393355846405029
81120,41,1.0010967254638672,1.0010967254638672,1.0011053085327148,8.497713679389562e-06,1.0,1.0,0.0,0.0,0.0,274,35.85946273803711,fresh_online_exploration,5,8,1.0,1.0,9.86518383026123,3.167806625366211,6.228867530822754
81216,15,1.0037273168563843,1.0037273168563843,1.0038154125213623,8.8058142864611e-05,1.0,1.0,0.0,0.0,0.0,281,35.64544677734375,fresh_online_exploration,5,8,1.0,1.0,9.906732559204102,3.1817877292633057,5.471569538116455
81408,0,1.0021244287490845,1.0021244287490845,1.0021406412124634,1.6228195818257518e-05,1.0,1.0,0.0,0.0,0.0,284,35.705787658691406,fresh_online_exploration,5,8,1.0,1.0,9.814852714538574,3.221057891845703,5.396596431732178
81408,18,1.00395667552948,1.00395667552948,1.0040532350540161,9.656949259806424e-05,1.0,1.0,0.0,0.0,0.0,288,35.8623161315918,fresh_online_exploration,5,8,1.0,1.0,9.765252113342285,3.1820874214172363,5.241705894470215
81408,85,1.002691626548767,1.002691626548767,1.0032134056091309,0.0005217956495471299,1.0,1.0,0.0,0.0,0.0,281,35.671844482421875,fresh_online_exploration,5,8,1.0,1.0,9.858930587768555,3.2452714443206787,5.4760212898254395
81600,59,1.0015629529953003,1.0015629529953003,1.0015782117843628,1.5275203622877598e-05,1.0,1.0,0.0,0.0,0.0,282,35.71144104003906,fresh_online_exploration,5,8,1.0,1.0,9.859410285949707,3.1557109355926514,5.4691667556762695
81600,60,1.0024019479751587,1.0024019479751587,1.002439260482788,3.73090042558033e-05,1.0,1.0,0.0,0.0,0.0,283,35.71248245239258,fresh_online_exploration,5,8,1.0,1.0,9.821764945983887,3.2199931144714355,5.429093360900879
81792,62,1.0046048164367676,1.0046048164367676,1.0047860145568848,0.0001811744732549414,1.0,1.0,0.0,0.0,0.0,287,35.80668258666992,fresh_online_exploration,5,8,1.0,1.0,9.84163761138916,3.1701676845550537,5.283834934234619
82080,7,1.00471031665802,1.00471031665802,1.0047211647033691,1.0827162441273686e-05,1.0,1.0,0.0,0.0,0.0,284,35.72492599487305,fresh_online_exploration,5,8,1.0,1.0,9.744735717773438,3.1589834690093994,5.377979278564453
82176,28,1.0010697841644287,1.0010697841644287,1.00107741355896,7.544798791059293e-06,1.0,1.0,0.0,0.0,0.0,277,35.55517578125,fresh_online_exploration,5,8,1.0,1.0,9.950568199157715,3.2186827659606934,5.6011810302734375
82176,44,1.0032973289489746,1.0032973289489746,1.0033236742019653,2.631604547786992e-05,1.0,1.0,0.0,0.0,0.0,282,36.027679443359375,fresh_online_exploration,5,8,1.0,1.0,9.752128601074219,3.218783378601074,5.8996806144714355
82272,1,1.0021437406539917,1.0021437406539917,1.0022773742675781,0.00013370742090046406,1.0,1.0,0.0,0.0,0.0,289,36.19355773925781,fresh_online_exploration,5,8,1.0,1.0,9.74225902557373,3.1621482372283936,5.663191795349121
103968,86,1.0037180185317993,1.0037180185317993,1.0037477016448975,2.969387969642412e-05,1.0,1.0,0.0,0.0,0.0,268,35.40671920776367,fresh_online_exploration,7,10,1.0,1.0,9.87337589263916,3.493225574493408,6.021940231323242
104064,72,1.000373363494873,1.000373363494873,1.0183802843093872,0.018006812781095505,1.0,1.0,0.0,0.0,0.0,254,35.08494186401367,fresh_online_exploration,7,10,1.0,1.0,9.911157608032227,3.5379538536071777,6.701711177825928
105024,76,1.002821922302246,1.002821922302246,1.007040023803711,0.004218101501464844,1.0,1.0,0.0,0.0,0.0,276,35.9755859375,fresh_online_exploration,7,10,1.0,1.0,10.037091255187988,3.5410664081573486,6.161250114440918
105408,81,1.0050479173660278,1.0050479173660278,1.0182874202728271,0.013239407911896706,1.0,1.0,0.0,0.0,0.0,274,35.91230010986328,fresh_online_exploration,7,10,1.0,1.0,10.01651668548584,3.543415069580078,6.208184242248535
105504,56,1.0024093389511108,1.0024093389511108,1.0024173259735107,7.971503691805992e-06,1.0,1.0,0.0,0.0,0.0,275,35.827754974365234,fresh_online_exploration,7,10,1.0,1.0,10.016695976257324,3.550964117050171,6.161887168884277
105504,89,1.0018517971038818,1.0018517971038818,1.001860499382019,8.681640792929102e-06,1.0,1.0,0.0,0.0,0.0,280,35.68757247924805,fresh_online_exploration,7,10,1.0,1.0,10.001850128173828,3.4967191219329834,5.545404434204102
105600,84,1.0010507106781006,1.0010507106781006,1.001179814338684,0.0001291022781515494,1.0,1.0,0.0,0.0,0.0,280,35.6550407409668,fresh_online_exploration,7,10,1.0,1.0,9.86151123046875,3.5297343730926514,5.562254905700684
105696,73,1.0059747695922852,1.0059747695922852,1.006088137626648,0.000113356662041042,1.0,1.0,0.0,0.0,0.0,278,35.62862014770508,fresh_online_exploration,7,10,1.0,1.0,10.097220420837402,3.5425617694854736,5.577477931976318
105792,29,1.0029047727584839,1.0029047727584839,1.0057909488677979,0.002886188216507435,1.0,1.0,0.0,0.0,0.0,275,35.891029357910156,fresh_online_exploration,7,10,1.0,1.0,9.93310546875,3.5342862606048584,6.178154468536377
105888,77,1.0036486387252808,1.0036486387252808,1.0036654472351074,1.6763238818384707e-05,1.0,1.0,0.0,0.0,0.0,277,35.572757720947266,fresh_online_exploration,7,10,1.0,1.0,10.000666618347168,3.540863275527954,5.604752540588379
105888,88,1.0008889436721802,1.0008889436721802,1.0070579051971436,0.006169038359075785,1.0,1.0,0.0,0.0,0.0,272,35.39375305175781,fresh_online_exploration,7,10,1.0,1.0,10.002510070800781,3.5401530265808105,5.779752254486084
105984,25,1.0004405975341797,1.0004405975341797,1.0063138008117676,0.005873197689652443,1.0,1.0,0.0,0.0,0.0,276,35.51749801635742,fresh_online_exploration,7,10,1.0,1.0,10.103575706481934,3.5784518718719482,5.67386531829834
105984,82,1.000601053237915,1.000601053237915,1.0106110572814941,0.010009918361902237,1.0,1.0,0.0,0.0,0.0,274,35.86988830566406,fresh_online_exploration,7,10,1.0,1.0,10.034214973449707,3.5316872596740723,6.167682647705078
106080,13,1.0031464099884033,1.0031464099884033,1.0031543970108032,7.98056225903565e-06,1.0,1.0,0.0,0.0,0.0,281,35.68971252441406,fresh_online_exploration,7,10,1.0,1.0,9.977052688598633,3.571018695831299,5.477148532867432
106080,67,1.0008621215820312,1.0008621215820312,1.0028520822525024,0.001989929238334298,1.0,1.0,0.0,0.0,0.0,272,35.385780334472656,fresh_online_exploration,7,10,1.0,1.0,9.945516586303711,3.5367815494537354,5.784246444702148
106176,69,1.0024385452270508,1.0024385452270508,1.0030231475830078,0.0005845462437719107,1.0,1.0,0.0,0.0,0.0,283,35.7231330871582,fresh_online_exploration,7,10,1.0,1.0,10.019092559814453,3.511141777038574,5.420841693878174
106176,75,1.0045437812805176,1.0045437812805176,1.0048444271087646,0.000300564308417961,1.0,1.0,0.0,0.0,0.0,280,36.08354949951172,fresh_online_exploration,7,10,1.0,1.0,9.934408187866211,3.5406434535980225,5.966790199279785
106272,17,1.0048035383224487,1.0048035383224487,1.0049793720245361,0.00017582047439645976,1.0,1.0,0.0,0.0,0.0,277,35.998783111572266,fresh_online_exploration,7,10,1.0,1.0,9.996994018554688,3.52150297164917,6.081315994262695
106272,39,1.000381588935852,1.000381588935852,1.000398874282837,1.7329475667793304e-05,1.0,1.0,0.0,0.0,0.0,279,35.607200622558594,fresh_online_exploration,7,10,1.0,1.0,9.971470832824707,3.5611863136291504,5.582225799560547
106272,83,1.0007350444793701,1.0007350444793701,1.0210940837860107,0.020359061658382416,1.0,1.0,0.0,0.0,0.0,275,35.84453582763672,fresh_online_exploration,7,10,1.0,1.0,9.963973045349121,3.5814809799194336,6.144276142120361
106368,14,1.0027868747711182,1.0027868747711182,1.006843090057373,0.004056094214320183,1.0,1.0,0.0,0.0,0.0,279,35.93593215942383,fresh_online_exploration,7,10,1.0,1.0,9.899209022521973,3.4676759243011475,6.006808757781982
106368,24,1.0054181814193726,1.0054181814193726,1.0054256916046143,7.43435066397069e-06,1.0,1.0,0.0,0.0,0.0,281,36.1259651184082,fresh_online_exploration,7,10,1.0,1.0,9.903131484985352,3.5387325286865234,5.944298267364502
106464,9,1.0015805959701538,1.0015805959701538,1.0016450881958008,6.455023685703054e-05,1.0,1.0,0.0,0.0,0.0,284,35.753231048583984,fresh_online_exploration,7,10,1.0,1.0,9.951135635375977,3.5546011924743652,5.414698600769043
106464,32,1.0012511014938354,1.0012511014938354,1.016157865524292,0.014906743541359901,1.0,1.0,0.0,0.0,0.0,276,35.887489318847656,fresh_online_exploration,7,10,1.0,1.0,10.001104354858398,3.5414621829986572,6.143252372741699
106464,70,1.0051521062850952,1.0051521062850952,1.008984088897705,0.0038320161402225494,1.0,1.0,0.0,0.0,0.0,275,35.91511535644531,fresh_online_exploration,7,10,1.0,1.0,10.031076431274414,3.5529394149780273,6.174623489379883
106464,91,1.0001481771469116,1.0001481771469116,1.0010499954223633,0.0009019020944833755,1.0,1.0,0.0,0.0,0.0,282,36.063720703125,fresh_online_exploration,7,10,1.0,1.0,10.010115623474121,3.5352447032928467,5.9315266609191895
106464,95,1.004565715789795,1.004565715789795,1.004618763923645,5.3099796787137166e-05,1.0,1.0,0.0,0.0,0.0,284,35.81120681762695,fresh_online_exploration,7,10,1.0,1.0,9.903152465820312,3.5571937561035156,5.4471611976623535
106560,2,1.0028140544891357,1.0028140544891357,1.0028467178344727,3.26228910125792e-05,1.0,1.0,0.0,0.0,0.0,281,35.69472885131836,fresh_online_exploration,7,10,1.0,1.0,10.052310943603516,3.4608166217803955,5.523380756378174
106560,27,1.0001507997512817,1.0001507997512817,1.0043985843658447,0.004247806966304779,1.0,1.0,0.0,0.0,0.0,277,35.89945602416992,fresh_online_exploration,7,10,1.0,1.0,9.968405723571777,3.5300559997558594,6.0602922439575195
106560,38,1.003018856048584,1.003018856048584,1.0229289531707764,0.019910069182515144,1.0,1.0,0.0,0.0,0.0,278,35.7186393737793,fresh_online_exploration,7,10,1.0,1.0,10.067111015319824,3.5470528602600098,5.631766319274902
106560,43,1.0046840906143188,1.0046840906143188,1.0048714876174927,0.00018737695063464344,1.0,1.0,0.0,0.0,0.0,280,36.068511962890625,fresh_online_exploration,7,10,1.0,1.0,9.951467514038086,3.529806137084961,5.995877265930176
106560,49,1.0040619373321533,1.0040619373321533,1.004496693611145,0.0004347853537183255,1.0,1.0,0.0,0.0,0.0,276,36.00863265991211,fresh_online_exploration,7,10,1.0,1.0,10.054825782775879,3.5554165840148926,6.191865921020508
106656,54,1.0010958909988403,1.0010958909988403,1.0126399993896484,0.01154420431703329,1.0,1.0,0.0,0.0,0.0,270,35.28822326660156,fresh_online_exploration,8,10,1.0,1.0,10.086469650268555,3.5157806873321533,5.863038539886475
106656,63,1.0013726949691772,1.0013726949691772,1.002690315246582,0.001317583373747766,1.0,1.0,0.0,0.0,0.0,280,35.963863372802734,fresh_online_exploration,7,10,1.0,1.0,9.885746002197266,3.534201145172119,5.982229709625244
106656,79,1.000125765800476,1.000125765800476,1.0004229545593262,0.00029715884011238813,1.0,1.0,0.0,0.0,0.0,278,35.95855712890625,fresh_online_exploration,7,10,1.0,1.0,10.00579833984375,3.51247239112854,6.054927825927734
106752,40,1.0030591487884521,1.0030591487884521,1.0162556171417236,0.013196402229368687,1.0,1.0,0.0,0.0,0.0,276,35.68665313720703,fresh_online_exploration,8,10,1.0,1.0,10.092421531677246,3.545440435409546,5.711981296539307
106752,58,1.0045830011367798,1.0045830011367798,1.0046629905700684,8.000052184797823e-05,1.0,1.0,0.0,0.0,0.0,281,35.72477722167969,fresh_online_exploration,7,10,1.0,1.0,10.045882225036621,3.5435614585876465,5.516690731048584
106752,93,1.0054627656936646,1.0054627656936646,1.009779930114746,0.004317154176533222,1.0,1.0,0.0,0.0,0.0,279,36.05840301513672,fresh_online_exploration,7,10,1.0,1.0,9.951591491699219,3.53257417678833,6.067809581756592
106848,5,1.0015769004821777,1.0015769004821777,1.0053184032440186,0.003741469467058778,1.0,1.0,0.0,0.0,0.0,280,35.968204498291016,fresh_online_exploration,7,10,1.0,1.0,9.91409969329834,3.551100730895996,5.98586368560791
106848,22,1.002453327178955,1.002453327178955,1.0054080486297607,0.0029546746518462896,1.0,1.0,0.0,0.0,0.0,279,36.003173828125,fresh_online_exploration,7,10,1.0,1.0,9.947750091552734,3.565793991088867,6.022068023681641
106848,50,1.0007437467575073,1.0007437467575073,1.0047636032104492,0.004019762389361858,1.0,1.0,0.0,0.0,0.0,286,36.058135986328125,fresh_online_exploration,7,10,1.0,1.0,9.920184135437012,3.525723457336426,5.748721122741699
106944,8,1.0015965700149536,1.0015965700149536,1.0030956268310547,0.001498989760875702,1.0,1.0,0.0,0.0,0.0,277,35.876258850097656,fresh_online_exploration,8,10,1.0,1.0,10.047239303588867,3.558701992034912,6.083335876464844
106944,23,1.004780650138855,1.004780650138855,1.0048719644546509,9.132006380241364e-05,1.0,1.0,0.0,0.0,0.0,277,35.90578079223633,fresh_online_exploration,8,10,1.0,1.0,9.990549087524414,3.559509754180908,6.102235794067383
106944,30,1.0002063512802124,1.0002063512802124,1.0133092403411865,0.013102978467941284,1.0,1.0,0.0,0.0,0.0,276,35.81208038330078,fresh_online_exploration,8,10,1.0,1.0,10.009825706481934,3.5761334896087646,6.158904075622559
106944,90,1.000361680984497,1.000361680984497,1.0010318756103516,0.0006702091195620596,1.0,1.0,0.0,0.0,0.0,286,36.12398147583008,fresh_online_exploration,7,10,1.0,1.0,9.87230396270752,3.553433895111084,5.772431373596191
107040,16,1.000390887260437,1.000390887260437,1.0048682689666748,0.004477498587220907,1.0,1.0,0.0,0.0,0.0,277,35.91931915283203,fresh_online_exploration,8,10,1.0,1.0,9.95778751373291,3.566582441329956,6.127959251403809
107040,42,1.0011305809020996,1.0011305809020996,1.0054200887680054,0.004289492033421993,1.0,1.0,0.0,0.0,0.0,280,36.017452239990234,fresh_online_exploration,8,10,1.0,1.0,9.98197078704834,3.565969228744507,5.988491058349609
107040,68,1.0051275491714478,1.0051275491714478,1.005135178565979,7.655956324015278e-06,1.0,1.0,0.0,0.0,0.0,282,36.10090255737305,fresh_online_exploration,7,10,1.0,1.0,9.856614112854004,3.5372769832611084,5.947249889373779
107040,92,1.0039945840835571,1.0039945840835571,1.0079379081726074,0.003943488933146,1.0,1.0,0.0,0.0,0.0,281,36.0649528503418,fresh_online_exploration,7,10,1.0,1.0,9.99669361114502,3.5479211807250977,5.948579788208008
107136,74,1.0049138069152832,1.0049138069152832,1.005086898803711,0.00017307612870354205,1.0,1.0,0.0,0.0,0.0,282,35.77644348144531,fresh_online_exploration,7,10,1.0,1.0,10.070549964904785,3.5864663124084473,5.4873833656311035
107232,15,1.0033831596374512,1.0033831596374512,1.0201208591461182,0.01673775166273117,1.0,1.0,0.0,0.0,0.0,271,35.80681610107422,fresh_online_exploration,8,10,1.0,1.0,10.021291732788086,3.5679380893707275,6.318800449371338
107232,31,1.004093885421753,1.004093885421753,1.0079386234283447,0.0038446837570518255,1.0,1.0,0.0,0.0,0.0,282,36.095909118652344,fresh_online_exploration,8,10,1.0,1.0,9.953729629516602,3.537322521209717,5.942122936248779
107232,37,1.001874566078186,1.001874566078186,1.0054669380187988,0.0035922639071941376,1.0,1.0,0.0,0.0,0.0,280,35.97686767578125,fresh_online_exploration,8,10,1.0,1.0,9.969942092895508,3.5681686401367188,5.976266384124756
107232,48,1.0036261081695557,1.0036261081695557,1.0037297010421753,0.00010360222950112075,1.0,1.0,0.0,0.0,0.0,286,36.228424072265625,fresh_online_exploration,7,10,1.0,1.0,9.884222984313965,3.5442209243774414,5.799039840698242
107232,51,1.0042457580566406,1.0042457580566406,1.004878282546997,0.0006324667483568192,1.0,1.0,0.0,0.0,0.0,279,36.056758880615234,fresh_online_exploration,8,10,1.0,1.0,10.022082328796387,3.5452828407287598,6.0746049880981445
107232,52,1.002212643623352,1.002212643623352,1.0022236108779907,1.0998568541253917e-05,1.0,1.0,0.0,0.0,0.0,275,35.78965377807617,fresh_online_exploration,8,10,1.0,1.0,10.010397911071777,3.602762222290039,6.170369625091553
107232,65,1.0043648481369019,1.0043648481369019,1.0043729543685913,8.12856978882337e-06,1.0,1.0,0.0,0.0,0.0,278,36.001258850097656,fresh_online_exploration,8,10,1.0,1.0,9.927726745605469,3.5687971115112305,6.076924800872803
107328,3,1.0022656917572021,1.0022656917572021,1.002832055091858,0.0005663174670189619,1.0,1.0,0.0,0.0,0.0,278,35.97096252441406,fresh_online_exploration,8,10,1.0,1.0,10.038958549499512,3.577784299850464,6.033127307891846
107328,26,1.0005351305007935,1.0005351305007935,1.0005444288253784,9.29176985664526e-06,1.0,1.0,0.0,0.0,0.0,282,35.94495391845703,fresh_online_exploration,8,10,1.0,1.0,9.915066719055176,3.571747303009033,5.899635314941406
107328,55,1.0029176473617554,1.0029176473617554,1.0137152671813965,0.010797752998769283,1.0,1.0,0.0,0.0,0.0,276,35.91265869140625,fresh_online_exploration,8,10,1.0,1.0,10.024178504943848,3.5931830406188965,6.126682281494141
107328,66,1.002721905708313,1.002721905708313,1.0104072093963623,0.007685196120291948,1.0,1.0,0.0,0.0,0.0,280,35.69175338745117,fresh_online_exploration,8,10,1.0,1.0,10.030596733093262,3.5449819564819336,5.560240745544434
107424,12,1.0059736967086792,1.0059736967086792,1.005982756614685,9.064950063475408e-06,1.0,1.0,0.0,0.0,0.0,285,35.82358932495117,fresh_online_exploration,7,10,1.0,1.0,9.887029647827148,3.5740599632263184,5.3577561378479
107520,11,1.0029888153076172,1.0029888153076172,1.012435793876648,0.009447046555578709,1.0,1.0,0.0,0.0,0.0,280,36.0469970703125,fresh_online_exploration,8,10,1.0,1.0,10.008193969726562,3.561633348464966,5.991938591003418
107520,47,1.0024276971817017,1.0024276971817017,1.0041849613189697,0.0017572998767718673,1.0,1.0,0.0,0.0,0.0,278,35.962852478027344,fresh_online_exploration,8,10,1.0,1.0,10.040157318115234,3.591606616973877,6.064616680145264
107616,4,1.002098560333252,1.002098560333252,1.002135992050171,3.7408535717986524e-05,1.0,1.0,0.0,0.0,0.0,288,35.84611129760742,fresh_online_exploration,7,10,1.0,1.0,9.899356842041016,3.538130044937134,5.264644145965576
107616,21,1.002535104751587,1.002535104751587,1.0084284543991089,0.005893406458199024,1.0,1.0,0.0,0.0,0.0,277,35.93000411987305,fresh_online_exploration,8,10,1.0,1.0,10.02933406829834,3.5800116062164307,6.106408596038818
107616,36,1.0018218755722046,1.0018218755722046,1.0019035339355469,8.168265776475891e-05,1.0,1.0,0.0,0.0,0.0,285,35.74243927001953,fresh_online_exploration,8,10,1.0,1.0,9.948479652404785,3.553576707839966,5.333743572235107
107616,71,1.001810908317566,1.001810908317566,1.00199556350708,0.00018470751820132136,1.0,1.0,0.0,0.0,0.0,290,35.79774475097656,fresh_online_exploration,7,10,1.0,1.0,9.842706680297852,3.5530483722686768,5.1207380294799805
107616,78,1.005719542503357,1.005719542503357,1.0057343244552612,1.4796562936680857e-05,1.0,1.0,0.0,0.0,0.0,278,35.704978942871094,fresh_online_exploration,8,10,1.0,1.0,9.915821075439453,3.5840742588043213,5.691450119018555
107616,87,1.002215027809143,1.002215027809143,1.0058996677398682,0.003684656461700797,1.0,1.0,0.0,0.0,0.0,284,36.06320571899414,fresh_online_exploration,8,10,1.0,1.0,9.91919994354248,3.555196762084961,5.86508321762085
107616,94,1.0008851289749146,1.0008851289749146,1.0009851455688477,0.00010009414108935744,1.0,1.0,0.0,0.0,0.0,282,36.02454376220703,fresh_online_exploration,8,10,1.0,1.0,9.881184577941895,3.5537052154541016,5.906460285186768
107712,64,1.0010842084884644,1.0010842084884644,1.0052189826965332,0.004134694114327431,1.0,1.0,0.0,0.0,0.0,282,35.967018127441406,fresh_online_exploration,8,10,1.0,1.0,9.94846248626709,3.566770076751709,5.90405797958374
107808,0,1.0011523962020874,1.0011523962020874,1.0042145252227783,0.003062231233343482,1.0,1.0,0.0,0.0,0.0,275,35.896156311035156,fresh_online_exploration,8,10,1.0,1.0,10.05699634552002,3.5973153114318848,6.170273303985596
107808,46,1.0016058683395386,1.0016058683395386,1.0058016777038574,0.0041959090158343315,1.0,1.0,0.0,0.0,0.0,280,36.01090621948242,fresh_online_exploration,8,10,1.0,1.0,9.970309257507324,3.540719985961914,5.957683563232422
107808,53,1.0043694972991943,1.0043694972991943,1.0043786764144897,9.193736332235858e-06,1.0,1.0,0.0,0.0,0.0,282,35.788185119628906,fresh_online_exploration,8,10,1.0,1.0,9.967302322387695,3.5519492626190186,5.509549617767334
107808,57,1.0037270784378052,1.0037270784378052,1.0037596225738525,3.2531897886656225e-05,1.0,1.0,0.0,0.0,0.0,286,36.19869613647461,fresh_online_exploration,8,10,1.0,1.0,9.916634559631348,3.5489206314086914,5.800923824310303
107904,33,1.0052965879440308,1.0052965879440308,1.0053791999816895,8.261985203716904e-05,1.0,1.0,0.0,0.0,0.0,279,36.013755798339844,fresh_online_exploration,8,10,1.0,1.0,9.948771476745605,3.568330764770508,6.0320143699646
108000,19,1.0065525770187378,1.0065525770187378,1.0065617561340332,9.174822480417788e-06,1.0,1.0,0.0,0.0,0.0,285,35.80397033691406,fresh_online_exploration,8,10,1.0,1.0,9.943921089172363,3.5611371994018555,5.362728118896484
108000,35,1.0060755014419556,1.0060755014419556,1.0061159133911133,4.041333886561915e-05,1.0,1.0,0.0,0.0,0.0,283,35.7709846496582,fresh_online_exploration,8,10,1.0,1.0,10.024417877197266,3.5926589965820312,5.421820640563965
108096,10,1.0053765773773193,1.0053765773773193,1.0054137706756592,3.7144469388294965e-05,1.0,1.0,0.0,0.0,0.0,285,35.79594421386719,fresh_online_exploration,8,10,1.0,1.0,9.940741539001465,3.5379679203033447,5.361557483673096
108192,6,1.0050331354141235,1.0050331354141235,1.0085351467132568,0.003502056235447526,1.0,1.0,0.0,0.0,0.0,284,36.1724853515625,fresh_online_exploration,8,10,1.0,1.0,9.911397933959961,3.558590888977051,5.909332752227783
108288,18,1.0046460628509521,1.0046460628509521,1.0073601007461548,0.002714085392653942,1.0,1.0,0.0,0.0,0.0,280,36.03571319580078,fresh_online_exploration,8,10,1.0,1.0,9.926203727722168,3.6029558181762695,6.01840353012085
108288,45,1.001261830329895,1.001261830329895,1.0034334659576416,0.0021715436596423388,1.0,1.0,0.0,0.0,0.0,286,35.66696548461914,fresh_online_exploration,8,10,1.0,1.0,9.949241638183594,3.6009020805358887,5.266424655914307
108288,61,1.003098964691162,1.003098964691162,1.0031322240829468,3.326579462736845e-05,1.0,1.0,0.0,0.0,0.0,286,35.76897430419922,fresh_online_exploration,8,10,1.0,1.0,9.922731399536133,3.6186232566833496,5.3281378746032715
108384,34,1.001276969909668,1.001276969909668,1.0040948390960693,0.0028179625514894724,1.0,1.0,0.0,0.0,0.0,285,36.10642623901367,fresh_online_exploration,8,10,1.0,1.0,9.880287170410156,3.5654945373535156,5.781613826751709
108384,41,1.0037027597427368,1.0037027597427368,1.0078704357147217,0.004167807754129171,1.0,1.0,0.0,0.0,0.0,284,36.130462646484375,fresh_online_exploration,8,10,1.0,1.0,9.950779914855957,3.5737714767456055,5.821526050567627
108384,85,1.0003126859664917,1.0003126859664917,1.0045087337493896,0.004196078050881624,1.0,1.0,0.0,0.0,0.0,281,36.01464080810547,fresh_online_exploration,8,10,1.0,1.0,9.946063041687012,3.6043968200683594,5.968816757202148
108576,60,1.000570297241211,1.000570297241211,1.0040380954742432,0.00346776214428246,1.0,1.0,0.0,0.0,0.0,281,36.009735107421875,fresh_online_exploration,8,10,1.0,1.0,9.902196884155273,3.566192626953125,5.8953070640563965
108672,44,1.0045703649520874,1.0045703649520874,1.028780460357666,0.0242100041359663,1.0,1.0,0.0,0.0,0.0,276,35.89188766479492,fresh_online_exploration,8,10,1.0,1.0,9.972901344299316,3.60367751121521,6.143341541290283
108768,7,1.0017143487930298,1.0017143487930298,1.0054558515548706,0.0037415302358567715,1.0,1.0,0.0,0.0,0.0,278,35.96752166748047,fresh_online_exploration,8,10,1.0,1.0,10.028286933898926,3.5831425189971924,6.041297435760498
108864,28,1.0015844106674194,1.0015844106674194,1.0015921592712402,7.738725798844825e-06,1.0,1.0,0.0,0.0,0.0,278,35.90974426269531,fresh_online_exploration,8,10,1.0,1.0,9.999990463256836,3.593498945236206,6.033496856689453
108864,62,1.0010148286819458,1.0010148286819458,1.0010721683502197,5.730798875447363e-05,1.0,1.0,0.0,0.0,0.0,282,36.05573272705078,fresh_online_exploration,8,10,1.0,1.0,9.927393913269043,3.541409492492676,5.920332908630371
108960,80,1.005190134048462,1.005190134048462,1.0053845643997192,0.00019445856742095202,1.0,1.0,0.0,0.0,0.0,291,36.3443717956543,fresh_online_exploration,8,10,1.0,1.0,9.790108680725098,3.5808026790618896,5.6507158279418945
109056,20,1.0021610260009766,1.0021610260009766,1.0022039413452148,4.298519343137741e-05,1.0,1.0,0.0,0.0,0.0,291,35.855072021484375,fresh_online_exploration,8,10,1.0,1.0,9.846083641052246,3.5688891410827637,5.122006416320801
109056,59,1.003226637840271,1.003226637840271,1.003342628479004,0.00011602047743508592,1.0,1.0,0.0,0.0,0.0,286,36.148372650146484,fresh_online_exploration,8,10,1.0,1.0,9.829505920410156,3.566315174102783,5.7280988693237305
109920,1,1.0053378343582153,1.0053378343582153,1.005354881286621,1.7014357581501827e-05,1.0,1.0,0.0,0.0,0.0,288,35.85015106201172,fresh_online_exploration,8,10,1.0,1.0,9.887824058532715,3.586198568344116,5.253772258758545
130944,9,1.0001431703567505,1.0001431703567505,1.036996603012085,0.03685355931520462,1.0,1.0,0.0,0.0,0.0,255,34.94219970703125,fresh_online_exploration,10,13,1.0,1.0,10.05935287475586,3.8974015712738037,6.507791519165039
131136,86,1.004870891571045,1.004870891571045,1.0087065696716309,0.0038357446901500225,1.0,1.0,0.0,0.0,0.0,283,36.1331787109375,fresh_online_exploration,10,13,1.0,1.0,10.049345970153809,3.893012523651123,5.917989730834961
131232,72,1.0030369758605957,1.0030369758605957,1.0070838928222656,0.004047011956572533,1.0,1.0,0.0,0.0,0.0,283,36.08685302734375,fresh_online_exploration,10,13,1.0,1.0,10.020106315612793,3.873626470565796,5.8464155197143555
131808,56,1.0014582872390747,1.0014582872390747,1.0014667510986328,8.475946742692031e-06,1.0,1.0,0.0,0.0,0.0,274,35.82688903808594,fresh_online_exploration,10,13,1.0,1.0,10.15378475189209,3.866476058959961,6.222315311431885
132096,76,1.0041756629943848,1.0041756629943848,1.0079960823059082,0.0038204349111765623,1.0,1.0,0.0,0.0,0.0,282,36.084163665771484,fresh_online_exploration,10,13,1.0,1.0,10.031304359436035,3.8824174404144287,5.945648670196533
132096,89,1.0022042989730835,1.0022042989730835,1.005957841873169,0.0037536402232944965,1.0,1.0,0.0,0.0,0.0,277,35.93522262573242,fresh_online_exploration,10,13,1.0,1.0,10.122934341430664,3.863924980163574,6.0756306648254395
132192,81,1.001821756362915,1.001821756362915,1.001833200454712,1.1458540029707365e-05,1.0,1.0,0.0,0.0,0.0,279,35.98094940185547,fresh_online_exploration,10,13,1.0,1.0,10.043444633483887,3.8835885524749756,6.0318145751953125
132288,69,1.0001329183578491,1.0001329183578491,1.000162959098816,3.003558776981663e-05,1.0,1.0,0.0,0.0,0.0,272,35.796783447265625,fresh_online_exploration,10,13,1.0,1.0,10.111265182495117,3.9035327434539795,6.273458480834961
132384,82,1.0034573078155518,1.0034573078155518,1.003631353378296,0.00017401081277057528,1.0,1.0,0.0,0.0,0.0,275,35.88957214355469,fresh_online_exploration,10,13,1.0,1.0,10.128376960754395,3.9258294105529785,6.186279296875
132480,13,1.0030238628387451,1.0030238628387451,1.0030341148376465,1.030763905873755e-05,1.0,1.0,0.0,0.0,0.0,275,35.538230895996094,fresh_online_exploration,10,13,1.0,1.0,10.22652530670166,3.882629632949829,5.717957973480225
132672,29,1.0001307725906372,1.0001307725906372,1.0001404285430908,9.576762749929912e-06,1.0,1.0,0.0,0.0,0.0,280,35.928829193115234,fresh_online_exploration,10,13,1.0,1.0,10.069353103637695,3.9296278953552246,5.948986530303955
132672,39,1.0049959421157837,1.0049959421157837,1.04570734500885,0.0407114140689373,1.0,1.0,0.0,0.0,0.0,275,35.95988082885742,fresh_online_exploration,10,13,1.0,1.0,10.087198257446289,3.895746946334839,6.2438483238220215
132768,77,1.0062949657440186,1.0062949657440186,1.00650954246521,0.0002145715698134154,1.0,1.0,0.0,0.0,0.0,280,35.76835632324219,fresh_online_exploration,10,13,1.0,1.0,10.146402359008789,3.8646345138549805,5.583935737609863
132768,93,1.0022211074829102,1.0022211074829102,1.0282227993011475,0.02600177377462387,1.0,1.0,0.0,0.0,0.0,271,35.79765319824219,fresh_online_exploration,10,13,1.0,1.0,10.094127655029297,3.9157276153564453,6.3155951499938965
132864,67,1.0034064054489136,1.0034064054489136,1.0068202018737793,0.003413844620808959,1.0,1.0,0.0,0.0,0.0,279,35.972442626953125,fresh_online_exploration,10,13,1.0,1.0,10.04533576965332,3.876142978668213,6.0277838706970215
132864,84,1.005180835723877,1.005180835723877,1.005189299583435,8.47013961902121e-06,1.0,1.0,0.0,0.0,0.0,284,35.80242919921875,fresh_online_exploration,10,13,1.0,1.0,10.118415832519531,3.9209272861480713,5.453274726867676
132960,83,1.0040327310562134,1.0040327310562134,1.010134220123291,0.006101506762206554,1.0,1.0,0.0,0.0,0.0,278,36.021968841552734,fresh_online_exploration,10,13,1.0,1.0,10.141595840454102,3.9078369140625,6.077048301696777
133056,40,1.0037131309509277,1.0037131309509277,1.004732608795166,0.0010195274371653795,1.0,1.0,0.0,0.0,0.0,274,35.87152099609375,fresh_online_exploration,10,13,1.0,1.0,10.122925758361816,3.9341397285461426,6.197578430175781
133056,49,1.006290316581726,1.006290316581726,1.006798267364502,0.0005079423426650465,1.0,1.0,0.0,0.0,0.0,276,36.016624450683594,fresh_online_exploration,10,13,1.0,1.0,10.201187133789062,3.897958517074585,6.237924098968506
133056,54,1.0053398609161377,1.0053398609161377,1.005347728729248,7.921940778032877e-06,1.0,1.0,0.0,0.0,0.0,275,35.92057800292969,fresh_online_exploration,10,13,1.0,1.0,10.176385879516602,3.930859088897705,6.199007987976074
133056,79,1.0015202760696411,1.0015202760696411,1.0201306343078613,0.018610289320349693,1.0,1.0,0.0,0.0,0.0,275,35.865013122558594,fresh_online_exploration,10,13,1.0,1.0,10.131749153137207,3.9024789333343506,6.1884565353393555
133152,25,1.0008326768875122,1.0008326768875122,1.0008494853973389,1.6827330910018645e-05,1.0,1.0,0.0,0.0,0.0,283,36.078739166259766,fresh_online_exploration,10,13,1.0,1.0,10.060376167297363,3.9170351028442383,5.866878986358643
133152,27,1.0040596723556519,1.0040596723556519,1.0080962181091309,0.0040364377200603485,1.0,1.0,0.0,0.0,0.0,277,35.97563171386719,fresh_online_exploration,10,13,1.0,1.0,10.128902435302734,3.9152848720550537,6.109559059143066
133152,70,1.0034743547439575,1.0034743547439575,1.003493070602417,1.8735545381787233e-05,1.0,1.0,0.0,0.0,0.0,278,35.92741394042969,fresh_online_exploration,10,13,1.0,1.0,10.070341110229492,3.879739284515381,6.109534740447998
133248,5,1.0032882690429688,1.0032882690429688,1.0089327096939087,0.005644361488521099,1.0,1.0,0.0,0.0,0.0,275,35.89748764038086,fresh_online_exploration,10,13,1.0,1.0,10.088761329650879,3.867396831512451,6.11998176574707
133248,17,1.0041699409484863,1.0041699409484863,1.004272699356079,0.00010273139196215197,1.0,1.0,0.0,0.0,0.0,281,35.65351486206055,fresh_online_exploration,10,13,1.0,1.0,10.010937690734863,3.904456615447998,5.473506450653076
133248,42,1.0054693222045898,1.0054693222045898,1.0144460201263428,0.008976701647043228,1.0,1.0,0.0,0.0,0.0,273,35.503173828125,fresh_online_exploration,10,13,1.0,1.0,10.266745567321777,3.903871536254883,5.7501935958862305
133248,73,1.0064630508422852,1.0064630508422852,1.006472110748291,8.984307896753307e-06,1.0,1.0,0.0,0.0,0.0,287,35.845088958740234,fresh_online_exploration,10,13,1.0,1.0,10.066225051879883,3.890512704849243,5.29447603225708
133248,88,1.0038230419158936,1.0038230419158936,1.0088491439819336,0.005026137921959162,1.0,1.0,0.0,0.0,0.0,285,35.7943229675293,fresh_online_exploration,10,13,1.0,1.0,9.97818374633789,3.8369946479797363,5.3821258544921875
133248,91,1.0010108947753906,1.0010108947753906,1.0045255422592163,0.00351468613371253,1.0,1.0,0.0,0.0,0.0,279,36.007774353027344,fresh_online_exploration,10,13,1.0,1.0,10.062007904052734,3.8849306106567383,6.037720203399658
133248,95,1.0035693645477295,1.0035693645477295,1.0035887956619263,1.9423121557338163e-05,1.0,1.0,0.0,0.0,0.0,279,36.026824951171875,fresh_online_exploration,10,13,1.0,1.0,10.084263801574707,3.8883073329925537,6.03928279876709
133440,63,1.002978801727295,1.002978801727295,1.0029926300048828,1.3886646229366306e-05,1.0,1.0,0.0,0.0,0.0,279,36.00654220581055,fresh_online_exploration,10,13,1.0,1.0,10.040985107421875,3.9001657962799072,6.06230354309082
133440,68,1.000464677810669,1.000464677810669,1.0043089389801025,0.003844313323497772,1.0,1.0,0.0,0.0,0.0,275,35.485958099365234,fresh_online_exploration,10,13,1.0,1.0,9.86012077331543,3.8902158737182617,5.784822463989258
133536,12,1.0029432773590088,1.0029432773590088,1.0158400535583496,0.012896773405373096,1.0,1.0,0.0,0.0,0.0,272,35.81266403198242,fresh_online_exploration,10,13,1.0,1.0,10.092976570129395,3.907902717590332,6.276809215545654
133536,23,1.0019984245300293,1.0019984245300293,1.0026326179504395,0.0006342760170809925,1.0,1.0,0.0,0.0,0.0,277,35.90467071533203,fresh_online_exploration,10,13,1.0,1.0,10.112496376037598,3.9227101802825928,6.11766242980957
133536,24,1.0015062093734741,1.0015062093734741,1.0015220642089844,1.585080099175684e-05,1.0,1.0,0.0,0.0,0.0,283,35.64657974243164,fresh_online_exploration,10,13,1.0,1.0,10.081555366516113,3.8773844242095947,5.376303195953369
133536,65,1.003704309463501,1.003704309463501,1.0130583047866821,0.009354081936180592,1.0,1.0,0.0,0.0,0.0,274,35.884193420410156,fresh_online_exploration,10,13,1.0,1.0,10.15604305267334,3.890998363494873,6.218697547912598
133536,74,1.0013641119003296,1.0013641119003296,1.0232408046722412,0.021876689046621323,1.0,1.0,0.0,0.0,0.0,275,35.904212951660156,fresh_online_exploration,10,13,1.0,1.0,10.156643867492676,3.9371449947357178,6.183608055114746
133536,75,1.0013225078582764,1.0013225078582764,1.0013939142227173,7.139573426684365e-05,1.0,1.0,0.0,0.0,0.0,285,36.13434600830078,fresh_online_exploration,10,13,1.0,1.0,10.004703521728516,3.867995023727417,5.7786784172058105
133632,2,1.0041208267211914,1.0041208267211914,1.0042307376861572,0.00010986628331011161,1.0,1.0,0.0,0.0,0.0,282,36.07838439941406,fresh_online_exploration,10,13,1.0,1.0,10.128911018371582,3.9054627418518066,5.915701866149902
133632,14,1.0025805234909058,1.0025805234909058,1.003224492073059,0.0006439482094720006,1.0,1.0,0.0,0.0,0.0,284,35.72184753417969,fresh_online_exploration,10,13,1.0,1.0,10.089423179626465,3.8939545154571533,5.39933967590332
133632,22,1.0019904375076294,1.0019904375076294,1.0019986629486084,8.2430842667236e-06,1.0,1.0,0.0,0.0,0.0,279,35.970726013183594,fresh_online_exploration,10,13,1.0,1.0,10.05707836151123,3.8708431720733643,5.9847517013549805
133632,38,1.000454306602478,1.000454306602478,1.0004620552062988,7.799335435265675e-06,1.0,1.0,0.0,0.0,0.0,282,35.67108154296875,fresh_online_exploration,10,13,1.0,1.0,10.058403015136719,3.9071285724639893,5.429229736328125
133632,50,1.0014569759368896,1.0014569759368896,1.0032367706298828,0.0017797809559851885,1.0,1.0,0.0,0.0,0.0,279,35.96271514892578,fresh_online_exploration,10,13,1.0,1.0,10.03738021850586,3.886624336242676,5.985494136810303
133728,8,1.0053215026855469,1.0053215026855469,1.0053645372390747,4.302740126149729e-05,1.0,1.0,0.0,0.0,0.0,279,36.062461853027344,fresh_online_exploration,10,13,1.0,1.0,10.111246109008789,3.900808572769165,6.038989067077637
133728,32,1.0050671100616455,1.0050671100616455,1.008758783340454,0.003691724268719554,1.0,1.0,0.0,0.0,0.0,284,36.18994903564453,fresh_online_exploration,10,13,1.0,1.0,10.04500961303711,3.8875937461853027,5.929320335388184
133728,92,1.003029465675354,1.003029465675354,1.008582592010498,0.005553080700337887,1.0,1.0,0.0,0.0,0.0,278,35.939693450927734,fresh_online_exploration,10,13,1.0,1.0,10.09714412689209,3.89127516746521,6.047394275665283
133824,43,1.0010203123092651,1.0010203123092651,1.0010312795639038,1.0949033821816556e-05,1.0,1.0,0.0,0.0,0.0,284,35.621150970458984,fresh_online_exploration,10,13,1.0,1.0,10.099969863891602,3.906869649887085,5.329226493835449
133824,48,1.0010640621185303,1.0010640621185303,1.0011072158813477,4.309787618694827e-05,1.0,1.0,0.0,0.0,0.0,277,35.85301971435547,fresh_online_exploration,10,13,1.0,1.0,10.070779800415039,3.9019370079040527,6.079013347625732
133920,15,1.0025737285614014,1.0025737285614014,1.0031983852386475,0.0006247537676244974,1.0,1.0,0.0,0.0,0.0,278,35.58856201171875,fresh_online_exploration,10,13,1.0,1.0,10.180456161499023,3.894629716873169,5.556809902191162
133920,53,1.0013881921768188,1.0013881921768188,1.0013954639434814,7.359196388279088e-06,1.0,1.0,0.0,0.0,0.0,272,35.85127639770508,fresh_online_exploration,10,13,1.0,1.0,10.123786926269531,3.915367364883423,6.307040214538574
134016,30,1.0009492635726929,1.0009492635726929,1.0050439834594727,0.004094788804650307,1.0,1.0,0.0,0.0,0.0,282,36.00028991699219,fresh_online_exploration,10,13,1.0,1.0,10.076153755187988,3.898193597793579,5.87593412399292
134016,31,1.0028295516967773,1.0028295516967773,1.0028648376464844,3.536150325089693e-05,1.0,1.0,0.0,0.0,0.0,279,35.99732971191406,fresh_online_exploration,10,13,1.0,1.0,10.074810028076172,3.9118151664733887,6.042820930480957
134016,52,1.0027225017547607,1.0027225017547607,1.0080349445343018,0.005312579683959484,1.0,1.0,0.0,0.0,0.0,279,35.89876937866211,fresh_online_exploration,10,13,1.0,1.0,10.09603500366211,3.917504072189331,5.999246120452881
134016,58,1.0033831596374512,1.0033831596374512,1.0061988830566406,0.0028156463522464037,1.0,1.0,0.0,0.0,0.0,284,36.12449264526367,fresh_online_exploration,10,13,1.0,1.0,10.023011207580566,3.938969850540161,5.852079391479492
134112,64,1.0057505369186401,1.0057505369186401,1.0107545852661133,0.005004124715924263,1.0,1.0,0.0,0.0,0.0,275,35.682960510253906,fresh_online_exploration,10,13,1.0,1.0,10.141863822937012,3.8975746631622314,5.779349327087402
134112,90,1.0006937980651855,1.0006937980651855,1.001279592514038,0.0005858374061062932,1.0,1.0,0.0,0.0,0.0,283,35.704833984375,fresh_online_exploration,10,13,1.0,1.0,10.047220230102539,3.8964970111846924,5.444520950317383
134208,37,1.0056289434432983,1.0056289434432983,1.0057708024978638,0.00014183727034833282,1.0,1.0,0.0,0.0,0.0,281,36.078128814697266,fresh_online_exploration,10,13,1.0,1.0,10.083883285522461,3.887251377105713,5.921539306640625
134304,4,1.0010297298431396,1.0010297298431396,1.0069401264190674,0.005910367239266634,1.0,1.0,0.0,0.0,0.0,278,35.51064682006836,fresh_online_exploration,10,13,1.0,1.0,10.144280433654785,3.950357675552368,5.548287391662598
134400,11,1.003712773323059,1.003712773323059,1.003727674484253,1.4836850823485292e-05,1.0,1.0,0.0,0.0,0.0,280,36.0584602355957,fresh_online_exploration,10,13,1.0,1.0,10.116617202758789,3.9407949447631836,5.997277736663818
134496,21,1.0018744468688965,1.0018744468688965,1.0058757066726685,0.004001184366643429,1.0,1.0,0.0,0.0,0.0,280,36.00821304321289,fresh_online_exploration,10,13,1.0,1.0,10.057456016540527,3.9363205432891846,5.921626567840576
134496,33,1.005663275718689,1.005663275718689,1.007146954536438,0.0014836638001725078,1.0,1.0,0.0,0.0,0.0,277,35.63905715942383,fresh_online_exploration,10,13,1.0,1.0,10.105445861816406,3.940152645111084,5.626389026641846
134496,66,1.0038373470306396,1.0038373470306396,1.0038938522338867,5.65325899515301e-05,1.0,1.0,0.0,0.0,0.0,283,35.772953033447266,fresh_online_exploration,10,13,1.0,1.0,10.054970741271973,3.924351692199707,5.451790809631348
134496,71,1.0034676790237427,1.0034676790237427,1.0075595378875732,0.004091780632734299,1.0,1.0,0.0,0.0,0.0,280,36.014434814453125,fresh_online_exploration,10,13,1.0,1.0,10.058021545410156,3.947075128555298,5.949207305908203
134592,47,1.0046275854110718,1.0046275854110718,1.0046361684799194,8.581449037592392e-06,1.0,1.0,0.0,0.0,0.0,282,36.111087799072266,fresh_online_exploration,10,13,1.0,1.0,10.10247802734375,3.9666903018951416,5.9364542961120605
134592,57,1.0045850276947021,1.0045850276947021,1.010546088218689,0.00596106331795454,1.0,1.0,0.0,0.0,0.0,279,35.634429931640625,fresh_online_exploration,10,13,1.0,1.0,10.19921588897705,3.887626886367798,5.540979385375977
134592,94,1.0005824565887451,1.0005824565887451,1.0005959272384644,1.3466368727677036e-05,1.0,1.0,0.0,0.0,0.0,281,36.0091667175293,fresh_online_exploration,10,13,1.0,1.0,10.044965744018555,3.9505996704101562,5.9270429611206055
134688,16,1.0022526979446411,1.0022526979446411,1.002261996269226,9.335202776128426e-06,1.0,1.0,0.0,0.0,0.0,288,35.84259796142578,fresh_online_exploration,10,13,1.0,1.0,10.047845840454102,3.8840651512145996,5.3284382820129395
134688,41,1.0036289691925049,1.0036289691925049,1.0200632810592651,0.016434166580438614,1.0,1.0,0.0,0.0,0.0,274,35.86235046386719,fresh_online_exploration,10,13,1.0,1.0,10.086945533752441,3.890404462814331,6.167983531951904
134688,55,1.0025075674057007,1.0025075674057007,1.0025157928466797,8.189133950509131e-06,1.0,1.0,0.0,0.0,0.0,285,35.807640075683594,fresh_online_exploration,10,13,1.0,1.0,10.019607543945312,3.9096508026123047,5.404792308807373
134784,26,1.0043015480041504,1.0043015480041504,1.0043420791625977,4.047338734380901e-05,1.0,1.0,0.0,0.0,0.0,286,36.12303924560547,fresh_online_exploration,10,13,1.0,1.0,10.003680229187012,3.896810293197632,5.807800769805908
134784,46,1.0012270212173462,1.0012270212173462,1.0020010471343994,0.0007739663706161082,1.0,1.0,0.0,0.0,0.0,281,35.96353530883789,fresh_online_exploration,10,13,1.0,1.0,10.090917587280273,3.902832508087158,5.940578937530518
134880,3,1.001969575881958,1.001969575881958,1.0020233392715454,5.375971522880718e-05,1.0,1.0,0.0,0.0,0.0,287,35.68967056274414,fresh_online_exploration,10,13,1.0,1.0,10.09321403503418,3.9413068294525146,5.236702919006348
134880,34,1.0012600421905518,1.0012600421905518,1.011165976524353,0.009905925951898098,1.0,1.0,0.0,0.0,0.0,276,35.853694915771484,fresh_online_exploration,10,13,1.0,1.0,10.10352611541748,3.892005681991577,6.085329055786133
134880,36,1.0033259391784668,1.0033259391784668,1.0034699440002441,0.00014402912347577512,1.0,1.0,0.0,0.0,0.0,284,36.143699645996094,fresh_online_exploration,10,13,1.0,1.0,10.078063011169434,3.9450628757476807,5.845120906829834
134880,44,1.0010981559753418,1.0010981559753418,1.0192654132843018,0.018167302012443542,1.0,1.0,0.0,0.0,0.0,273,35.77173614501953,fresh_online_exploration,10,13,1.0,1.0,10.090192794799805,3.9197347164154053,6.2194318771362305
134880,78,1.000781536102295,1.000781536102295,1.0044870376586914,0.003705401439219713,1.0,1.0,0.0,0.0,0.0,284,36.064353942871094,fresh_online_exploration,10,13,1.0,1.0,10.051020622253418,3.942716360092163,5.877890110015869
134976,18,1.0034983158111572,1.0034983158111572,1.0036470890045166,0.00014875258784741163,1.0,1.0,0.0,0.0,0.0,278,35.89007568359375,fresh_online_exploration,10,13,1.0,1.0,10.097232818603516,3.9270331859588623,6.047613143920898
134976,51,1.0010007619857788,1.0010007619857788,1.0015861988067627,0.0005853557377122343,1.0,1.0,0.0,0.0,0.0,289,35.89036560058594,fresh_online_exploration,10,13,1.0,1.0,10.099164009094238,3.899568557739258,5.279445171356201
134976,87,1.0040477514266968,1.0040477514266968,1.0040879249572754,4.016658931504935e-05,1.0,1.0,0.0,0.0,0.0,285,36.144554138183594,fresh_online_exploration,10,13,1.0,1.0,10.039188385009766,3.913027286529541,5.824648380279541
135072,7,1.000093936920166,1.000093936920166,1.0002129077911377,0.00011892047041328624,1.0,1.0,0.0,0.0,0.0,274,35.80485534667969,fresh_online_exploration,10,13,1.0,1.0,10.159822463989258,3.922801971435547,6.225560665130615
135072,10,1.0041539669036865,1.0041539669036865,1.0288407802581787,0.024686915799975395,1.0,1.0,0.0,0.0,0.0,281,36.037742614746094,fresh_online_exploration,10,13,0.9994413435459137,0.994413435459137,10.03069019317627,3.893230676651001,5.9222331047058105
135264,6,1.0013245344161987,1.0013245344161987,1.005932092666626,0.004607500974088907,1.0,1.0,0.0,0.0,0.0,282,36.10478973388672,fresh_online_exploration,10,13,1.0,1.0,10.063435554504395,3.943262815475464,5.954893589019775
135264,19,1.0054653882980347,1.0054653882980347,1.0054736137390137,8.25491952127777e-06,1.0,1.0,0.0,0.0,0.0,284,35.828956604003906,fresh_online_exploration,10,13,1.0,1.0,10.065671920776367,3.902308464050293,5.424454689025879
135264,60,1.0037493705749512,1.0037493705749512,1.0056560039520264,0.00190664769615978,1.0,1.0,0.0,0.0,0.0,278,35.577354431152344,fresh_online_exploration,10,13,1.0,1.0,10.156621932983398,3.9143154621124268,5.561044692993164
135360,0,1.0052638053894043,1.0052638053894043,1.0053093433380127,4.5470478653442115e-05,1.0,1.0,0.0,0.0,0.0,287,35.85626220703125,fresh_online_exploration,10,13,1.0,1.0,10.022087097167969,3.896055221557617,5.298961162567139
135456,35,1.0020896196365356,1.0020896196365356,1.0021051168441772,1.5479034118470736e-05,1.0,1.0,0.0,0.0,0.0,286,35.77245330810547,fresh_online_exploration,10,13,1.0,1.0,10.077030181884766,3.929560899734497,5.32527494430542
135552,59,1.001076340675354,1.001076340675354,1.003661870956421,0.0025855612475425005,1.0,1.0,0.0,0.0,0.0,276,35.86175537109375,fresh_online_exploration,10,13,1.0,1.0,10.079480171203613,3.9058637619018555,6.069880485534668
135552,61,1.0040388107299805,1.0040388107299805,1.004058837890625,1.998043808271177e-05,1.0,1.0,0.0,0.0,0.0,284,36.12947082519531,fresh_online_exploration,10,13,1.0,1.0,10.024053573608398,3.9112679958343506,5.868500709533691
135648,45,1.0049705505371094,1.0049705505371094,1.0049858093261719,1.5228626580210403e-05,1.0,1.0,0.0,0.0,0.0,285,35.7700080871582,fresh_online_exploration,10,13,1.0,1.0,10.132630348205566,3.908019542694092,5.360114097595215
135744,62,1.0031933784484863,1.0031933784484863,1.0037333965301514,0.0005401347298175097,1.0,1.0,0.0,0.0,0.0,280,35.680274963378906,fresh_online_exploration,10,13,1.0,1.0,10.153473854064941,3.9167418479919434,5.512211322784424
135744,85,1.0030587911605835,1.0030587911605835,1.0030730962753296,1.4267221558839083e-05,1.0,1.0,0.0,0.0,0.0,285,36.109840393066406,fresh_online_exploration,10,13,1.0,1.0,9.987104415893555,3.907179117202759,5.825344562530518
136320,20,1.0061935186386108,1.0061935186386108,1.0070741176605225,0.0008805496618151665,1.0,1.0,0.0,0.0,0.0,284,36.16828155517578,fresh_online_exploration,10,13,1.0,1.0,10.029184341430664,3.9463205337524414,5.869417190551758
136320,28,1.0000814199447632,1.0000814199447632,1.000089168548584,7.821000508556608e-06,1.0,1.0,0.0,0.0,0.0,286,35.74750900268555,fresh_online_exploration,10,13,1.0,1.0,10.056872367858887,3.919102668762207,5.32223653793335
136416,80,1.0061309337615967,1.0061309337615967,1.0062237977981567,9.276054333895445e-05,1.0,1.0,0.0,0.0,0.0,286,35.86436080932617,fresh_online_exploration,10,13,1.0,1.0,10.056766510009766,3.9436519145965576,5.324161529541016
136896,1,1.0003516674041748,1.0003516674041748,1.0069286823272705,0.006577023770660162,1.0,1.0,0.0,0.0,0.0,281,35.969669342041016,fresh_online_exploration,10,13,1.0,1.0,9.939868927001953,3.8910648822784424,5.937839508056641
158016,86,1.0013750791549683,1.0013750791549683,1.0014134645462036,3.840815043076873e-05,1.0,1.0,0.0,0.0,0.0,280,35.996707916259766,fresh_online_exploration,13,15,1.0,1.0,10.148731231689453,4.138877868652344,5.981326103210449
158208,9,1.0020408630371094,1.0020408630371094,1.0021202564239502,7.936246402096003e-05,1.0,1.0,0.0,0.0,0.0,284,35.677528381347656,fresh_online_exploration,13,15,1.0,1.0,10.096328735351562,4.183131694793701,5.377373695373535
158496,72,1.0042673349380493,1.0042673349380493,1.0059189796447754,0.0016516753239557147,1.0,1.0,0.0,0.0,0.0,284,36.13010787963867,fresh_online_exploration,13,15,1.0,1.0,10.13345718383789,4.144198417663574,5.842805862426758
158688,56,1.0033886432647705,1.0033886432647705,1.0033962726593018,7.619571988470852e-06,1.0,1.0,0.0,0.0,0.0,280,35.974029541015625,fresh_online_exploration,13,15,1.0,1.0,10.192017555236816,4.1456685066223145,6.018129348754883
158976,81,1.0042450428009033,1.0042450428009033,1.0085928440093994,0.0043479204177856445,1.0,1.0,0.0,0.0,0.0,279,35.98713302612305,fresh_online_exploration,13,15,1.0,1.0,10.15388298034668,4.154886722564697,6.035751819610596
159072,76,1.001776099205017,1.001776099205017,1.0019042491912842,0.0001281173899769783,1.0,1.0,0.0,0.0,0.0,281,35.684059143066406,fresh_online_exploration,13,15,1.0,1.0,10.267243385314941,4.1588568687438965,5.494014263153076
159072,89,1.0040059089660645,1.0040059089660645,1.0041797161102295,0.00017378703341819346,1.0,1.0,0.0,0.0,0.0,281,35.707279205322266,fresh_online_exploration,13,15,1.0,1.0,10.106372833251953,4.189289093017578,5.543101787567139
159168,13,1.004010558128357,1.004010558128357,1.0048171281814575,0.0008066569571383297,1.0,1.0,0.0,0.0,0.0,278,36.010528564453125,fresh_online_exploration,13,15,1.0,1.0,10.191873550415039,4.207122325897217,6.063671588897705
159264,39,1.0044673681259155,1.0044673681259155,1.008432388305664,0.003965072799474001,1.0,1.0,0.0,0.0,0.0,277,35.99960708618164,fresh_online_exploration,13,15,1.0,1.0,10.2332124710083,4.202269077301025,6.155186653137207
159264,84,1.0033001899719238,1.0033001899719238,1.0066455602645874,0.003345377743244171,1.0,1.0,0.0,0.0,0.0,275,35.91297912597656,fresh_online_exploration,13,15,1.0,1.0,10.170402526855469,4.18143892288208,6.1949872970581055
159360,77,1.0032498836517334,1.0032498836517334,1.007875680923462,0.004625639878213406,1.0,1.0,0.0,0.0,0.0,277,35.58209991455078,fresh_online_exploration,13,15,1.0,1.0,10.25395679473877,4.1982102394104,5.625189304351807
159456,49,1.005672812461853,1.005672812461853,1.0063554048538208,0.0006825672462582588,1.0,1.0,0.0,0.0,0.0,275,35.99267578125,fresh_online_exploration,13,15,1.0,1.0,10.29922866821289,4.194701671600342,6.208926677703857
159552,82,1.0036425590515137,1.0036425590515137,1.0036587715148926,1.613407766853925e-05,1.0,1.0,0.0,0.0,0.0,283,35.72654342651367,fresh_online_exploration,13,15,1.0,1.0,10.199942588806152,4.1760735511779785,5.386406898498535
159648,22,1.005533218383789,1.005533218383789,1.007593035697937,0.002059791935607791,1.0,1.0,0.0,0.0,0.0,271,35.467105865478516,fresh_online_exploration,13,15,1.0,1.0,10.198695182800293,4.171193599700928,5.8899993896484375
159648,29,1.0047134160995483,1.0047134160995483,1.0047528743743896,3.952082624891773e-05,1.0,1.0,0.0,0.0,0.0,281,36.101409912109375,fresh_online_exploration,13,15,1.0,1.0,10.180253982543945,4.23214054107666,5.9407429695129395
159840,69,1.0012006759643555,1.0012006759643555,1.0012149810791016,1.4220894627214875e-05,1.0,1.0,0.0,0.0,0.0,287,35.791690826416016,fresh_online_exploration,13,15,1.0,1.0,10.13322925567627,4.189063549041748,5.296501636505127
159840,70,1.002604365348816,1.002604365348816,1.0041050910949707,0.0015006407629698515,1.0,1.0,0.0,0.0,0.0,278,35.58466720581055,fresh_online_exploration,13,15,1.0,1.0,10.28581428527832,4.240894794464111,5.5885910987854
159840,79,1.0016788244247437,1.0016788244247437,1.0060334205627441,0.004354558885097504,1.0,1.0,0.0,0.0,0.0,279,35.94831848144531,fresh_online_exploration,13,15,1.0,1.0,10.140650749206543,4.18276309967041,6.067601203918457
159936,40,1.0018951892852783,1.0018951892852783,1.0019030570983887,7.784093213558663e-06,1.0,1.0,0.0,0.0,0.0,280,36.02583312988281,fresh_online_exploration,13,15,1.0,1.0,10.212624549865723,4.1861066818237305,5.989088535308838
159936,50,1.0025441646575928,1.0025441646575928,1.0176634788513184,0.01511920802295208,1.0,1.0,0.0,0.0,0.0,274,35.82752990722656,fresh_online_exploration,13,15,1.0,1.0,10.230999946594238,4.187276840209961,6.210464954376221
159936,91,1.005024790763855,1.005024790763855,1.0055203437805176,0.0004956185584887862,1.0,1.0,0.0,0.0,0.0,278,36.05808639526367,fresh_online_exploration,13,15,1.0,1.0,10.256235122680664,4.185513496398926,6.082550525665283
160032,33,1.0016428232192993,1.0016428232192993,1.0257525444030762,0.02410978265106678,1.0,1.0,0.0,0.0,0.0,266,35.34415817260742,fresh_online_exploration,13,15,1.0,1.0,10.209550857543945,4.1960768699646,6.082125663757324
160032,75,1.0052094459533691,1.0052094459533691,1.0205317735671997,0.015322227030992508,1.0,1.0,0.0,0.0,0.0,276,35.574668884277344,fresh_online_exploration,13,15,1.0,1.0,10.281627655029297,4.220452308654785,5.6704020500183105
160032,93,1.0017575025558472,1.0017575025558472,1.005407452583313,0.003649934660643339,1.0,1.0,0.0,0.0,0.0,284,36.073883056640625,fresh_online_exploration,13,15,1.0,1.0,10.106268882751465,4.199620246887207,5.8270955085754395
160128,5,1.0006496906280518,1.0006496906280518,1.0032422542572021,0.002592528937384486,1.0,1.0,0.0,0.0,0.0,280,35.570068359375,fresh_online_exploration,13,16,1.0,1.0,10.20071029663086,4.194934368133545,5.466442584991455
160128,14,1.0004866123199463,1.0004866123199463,1.0157749652862549,0.015288258902728558,1.0,1.0,0.0,0.0,0.0,276,35.540550231933594,fresh_online_exploration,13,16,1.0,1.0,10.268647193908691,4.172184944152832,5.65867805480957
160128,17,1.0005888938903809,1.0005888938903809,1.0005993843078613,1.0563002433627844e-05,1.0,1.0,0.0,0.0,0.0,280,35.60938262939453,fresh_online_exploration,13,16,1.0,1.0,10.129267692565918,4.189638614654541,5.543851375579834
160128,54,1.00520920753479,1.00520920753479,1.0052404403686523,3.121047848253511e-05,1.0,1.0,0.0,0.0,0.0,282,35.75708770751953,fresh_online_exploration,13,16,1.0,1.0,10.191011428833008,4.179481029510498,5.516777992248535
160128,95,1.0024884939193726,1.0024884939193726,1.0042840242385864,0.0017955527873709798,1.0,1.0,0.0,0.0,0.0,280,35.98772430419922,fresh_online_exploration,13,16,1.0,1.0,10.161953926086426,4.162503719329834,6.016253471374512
160224,65,1.0001567602157593,1.0001567602157593,1.0054699182510376,0.0053131417371332645,1.0,1.0,0.0,0.0,0.0,278,35.948814392089844,fresh_online_exploration,13,16,1.0,1.0,10.172141075134277,4.219936370849609,6.046447277069092
160224,83,1.002485990524292,1.002485990524292,1.008057713508606,0.00557165639474988,1.0,1.0,0.0,0.0,0.0,284,36.06401062011719,fresh_online_exploration,13,16,1.0,1.0,10.104907989501953,4.1666412353515625,5.8681230545043945
160224,88,1.0029628276824951,1.0029628276824951,1.0072287321090698,0.004265937488526106,1.0,1.0,0.0,0.0,0.0,281,35.998477935791016,fresh_online_exploration,13,16,1.0,1.0,10.15390682220459,4.185734748840332,5.986771583557129
160320,24,1.000669002532959,1.000669002532959,1.0016374588012695,0.0009685201803222299,1.0,1.0,0.0,0.0,0.0,279,35.60832977294922,fresh_online_exploration,13,16,1.0,1.0,10.257173538208008,4.224373817443848,5.521761894226074
160320,25,1.0042762756347656,1.0042762756347656,1.0043251514434814,4.894701123703271e-05,1.0,1.0,0.0,0.0,0.0,283,35.811012268066406,fresh_online_exploration,13,16,1.0,1.0,10.165007591247559,4.221805572509766,5.456338882446289
160320,42,1.0045491456985474,1.0045491456985474,1.0045632123947144,1.4067653864913154e-05,1.0,1.0,0.0,0.0,0.0,282,35.77402877807617,fresh_online_exploration,13,16,1.0,1.0,10.220748901367188,4.196539402008057,5.489542007446289
160320,67,1.0050255060195923,1.0050255060195923,1.005394458770752,0.0003689701552502811,1.0,1.0,0.0,0.0,0.0,286,35.80265808105469,fresh_online_exploration,13,16,1.0,1.0,10.105920791625977,4.1708807945251465,5.316128253936768
160320,73,1.003305196762085,1.003305196762085,1.0034009218215942,9.576740558259189e-05,1.0,1.0,0.0,0.0,0.0,282,35.727516174316406,fresh_online_exploration,13,16,1.0,1.0,10.178874969482422,4.1937031745910645,5.438693523406982
160416,38,1.004615306854248,1.004615306854248,1.0046234130859375,8.134794370562304e-06,1.0,1.0,0.0,0.0,0.0,279,36.03278350830078,fresh_online_exploration,13,16,1.0,1.0,10.171209335327148,4.17341947555542,6.074460983276367
160416,63,1.0034730434417725,1.0034730434417725,1.0276265144348145,0.024153441190719604,1.0,1.0,0.0,0.0,0.0,281,36.03631591796875,fresh_online_exploration,13,16,1.0,1.0,10.080421447753906,4.182765007019043,5.952264785766602
160512,58,1.005968451499939,1.005968451499939,1.0103340148925781,0.004365566652268171,1.0,1.0,0.0,0.0,0.0,276,35.56116485595703,fresh_online_exploration,13,16,1.0,1.0,10.317139625549316,4.197327613830566,5.625711441040039
160608,8,1.0054935216903687,1.0054935216903687,1.0074368715286255,0.0019432964036241174,1.0,1.0,0.0,0.0,0.0,280,35.69050598144531,fresh_online_exploration,13,16,1.0,1.0,10.17751693725586,4.204489707946777,5.543776512145996
160608,12,1.0023469924926758,1.0023469924926758,1.0024220943450928,7.519032078562304e-05,1.0,1.0,0.0,0.0,0.0,282,35.6522102355957,fresh_online_exploration,13,16,1.0,1.0,10.170377731323242,4.2423014640808105,5.419140815734863
160704,2,1.005988359451294,1.005988359451294,1.0061910152435303,0.00020269413653295487,1.0,1.0,0.0,0.0,0.0,282,35.73361587524414,fresh_online_exploration,13,16,1.0,1.0,10.155582427978516,4.177722454071045,5.446808338165283
160704,15,1.0028092861175537,1.0028092861175537,1.0028895139694214,8.023500413401052e-05,1.0,1.0,0.0,0.0,0.0,279,36.02475357055664,fresh_online_exploration,13,16,1.0,1.0,10.241619110107422,4.231929302215576,6.020174980163574
160704,37,1.0022560358047485,1.0022560358047485,1.0058907270431519,0.003634791821241379,1.0,1.0,0.0,0.0,0.0,276,35.90128707885742,fresh_online_exploration,13,16,1.0,1.0,10.151091575622559,4.170028209686279,6.145327568054199
160704,74,1.000946044921875,1.000946044921875,1.0041391849517822,0.0031930776312947273,1.0,1.0,0.0,0.0,0.0,283,36.06610107421875,fresh_online_exploration,13,16,1.0,1.0,10.148679733276367,4.210809230804443,5.899173736572266
160800,52,1.0004686117172241,1.0004686117172241,1.000544548034668,7.594904309371486e-05,1.0,1.0,0.0,0.0,0.0,279,35.849609375,fresh_online_exploration,13,16,1.0,1.0,10.187870979309082,4.173000812530518,6.028918743133545
160800,71,1.0033718347549438,1.0033718347549438,1.0163908004760742,0.013018910773098469,1.0,1.0,0.0,0.0,0.0,274,35.90656661987305,fresh_online_exploration,13,16,1.0,1.0,10.157539367675781,4.187814712524414,6.209991931915283
160800,92,1.0028423070907593,1.0028423070907593,1.0030831098556519,0.00024081656010821462,1.0,1.0,0.0,0.0,0.0,282,35.66954040527344,fresh_online_exploration,13,16,1.0,1.0,10.207555770874023,4.179225921630859,5.408956527709961
160896,30,1.0016233921051025,1.0016233921051025,1.001798391342163,0.00017503292474430054,1.0,1.0,0.0,0.0,0.0,280,35.983062744140625,fresh_online_exploration,13,16,1.0,1.0,10.209010124206543,4.160207748413086,5.987349033355713
160896,48,1.001380443572998,1.001380443572998,1.0016098022460938,0.00022935796005185694,1.0,1.0,0.0,0.0,0.0,282,36.03458023071289,fresh_online_exploration,13,16,1.0,1.0,10.1326265335083,4.176257610321045,5.910941123962402
160992,64,1.001410961151123,1.001410961151123,1.0014560222625732,4.4978634832659736e-05,1.0,1.0,0.0,0.0,0.0,280,36.01661682128906,fresh_online_exploration,13,16,1.0,1.0,10.197408676147461,4.221911430358887,5.98106575012207
160992,68,1.0021758079528809,1.0021758079528809,1.0049314498901367,0.002755595138296485,1.0,1.0,0.0,0.0,0.0,287,35.81571960449219,fresh_online_exploration,13,16,1.0,1.0,9.99577522277832,4.184532165527344,5.318757057189941
161088,26,1.0031769275665283,1.0031769275665283,1.0069507360458374,0.0037738224491477013,1.0,1.0,0.0,0.0,0.0,274,35.85144805908203,fresh_online_exploration,13,16,1.0,1.0,10.21640396118164,4.192242622375488,6.185826778411865
161088,27,1.0002893209457397,1.0002893209457397,1.000873327255249,0.000584012595936656,1.0,1.0,0.0,0.0,0.0,291,35.825340270996094,fresh_online_exploration,13,16,1.0,1.0,9.989148139953613,4.200657367706299,5.145471572875977
161088,46,1.0025346279144287,1.0025346279144287,1.0196399688720703,0.017105406150221825,1.0,1.0,0.0,0.0,0.0,274,35.90945816040039,fresh_online_exploration,13,16,1.0,1.0,10.26810359954834,4.193638324737549,6.218594074249268
161184,4,1.0048471689224243,1.0048471689224243,1.0104494094848633,0.0056022414937615395,1.0,1.0,0.0,0.0,0.0,280,35.97750473022461,fresh_online_exploration,13,16,1.0,1.0,10.124876022338867,4.189138889312744,6.024857521057129
161184,31,1.002905249595642,1.002905249595642,1.004831075668335,0.0019259033724665642,1.0,1.0,0.0,0.0,0.0,283,35.75238037109375,fresh_online_exploration,13,16,1.0,1.0,10.103653907775879,4.175435543060303,5.449532508850098
161184,43,1.000952124595642,1.000952124595642,1.001121997833252,0.00016983566456474364,1.0,1.0,0.0,0.0,0.0,285,35.640892028808594,fresh_online_exploration,13,16,1.0,1.0,10.18673038482666,4.194885730743408,5.294681072235107
161184,53,1.0026499032974243,1.0026499032974243,1.0128023624420166,0.010152469389140606,1.0,1.0,0.0,0.0,0.0,284,36.12274169921875,fresh_online_exploration,13,16,1.0,1.0,10.088679313659668,4.215362548828125,5.849476337432861
161280,32,1.005106806755066,1.005106806755066,1.0088199377059937,0.003713182406499982,1.0,1.0,0.0,0.0,0.0,287,36.262351989746094,fresh_online_exploration,13,16,1.0,1.0,10.10621166229248,4.196836471557617,5.797421455383301
161280,51,1.0039236545562744,1.0039236545562744,1.008251428604126,0.004327684175223112,1.0,1.0,0.0,0.0,0.0,274,35.90552520751953,fresh_online_exploration,13,16,1.0,1.0,10.237815856933594,4.209691047668457,6.248693466186523
161280,90,1.0028783082962036,1.0028783082962036,1.0076851844787598,0.004806919489055872,1.0,1.0,0.0,0.0,0.0,283,36.09187316894531,fresh_online_exploration,13,16,1.0,1.0,10.146092414855957,4.220799922943115,5.895862579345703
161376,3,1.004057765007019,1.004057765007019,1.0119476318359375,0.007889953441917896,1.0,1.0,0.0,0.0,0.0,276,35.65976333618164,fresh_online_exploration,13,16,1.0,1.0,10.240398406982422,4.236246109008789,5.7157182693481445
161376,11,1.0026766061782837,1.0026766061782837,1.0028022527694702,0.0001256057876162231,1.0,1.0,0.0,0.0,0.0,281,36.08053207397461,fresh_online_exploration,13,16,1.0,1.0,10.122027397155762,4.218878269195557,5.994354248046875
161376,23,1.0012376308441162,1.0012376308441162,1.0012528896331787,1.5307812645914964e-05,1.0,1.0,0.0,0.0,0.0,290,36.23200607299805,fresh_online_exploration,13,16,1.0,1.0,10.042954444885254,4.218185901641846,5.618843078613281
161376,36,1.0020787715911865,1.0020787715911865,1.0120306015014648,0.009951947256922722,1.0,1.0,0.0,0.0,0.0,276,35.912166595458984,fresh_online_exploration,13,16,1.0,1.0,10.189644813537598,4.201383113861084,6.141705513000488
161376,47,1.0031168460845947,1.0031168460845947,1.0105565786361694,0.007439818233251572,1.0,1.0,0.0,0.0,0.0,279,35.60824966430664,fresh_online_exploration,13,16,1.0,1.0,10.238512992858887,4.198275566101074,5.57596492767334
161376,57,1.0047653913497925,1.0047653913497925,1.0093324184417725,0.004566952120512724,1.0,1.0,0.0,0.0,0.0,279,36.0262565612793,fresh_online_exploration,13,16,1.0,1.0,10.182787895202637,4.241313934326172,6.050697326660156
161472,41,1.0032342672348022,1.0032342672348022,1.0085837841033936,0.005349569953978062,1.0,1.0,0.0,0.0,0.0,279,35.97601318359375,fresh_online_exploration,13,16,1.0,1.0,10.12479305267334,4.2229108810424805,5.973853588104248
161664,78,1.0039480924606323,1.0039480924606323,1.0146970748901367,0.010749055072665215,1.0,1.0,0.0,0.0,0.0,279,35.95875549316406,fresh_online_exploration,13,16,1.0,1.0,10.154745101928711,4.211356163024902,6.061071395874023
161760,44,1.0032775402069092,1.0032775402069092,1.007498025894165,0.004220400471240282,1.0,1.0,0.0,0.0,0.0,280,36.01667785644531,fresh_online_exploration,13,16,1.0,1.0,10.140478134155273,4.205459117889404,5.950565814971924
161856,6,1.002354383468628,1.002354383468628,1.0193471908569336,0.01699291355907917,1.0,1.0,0.0,0.0,0.0,277,35.977699279785156,fresh_online_exploration,13,16,1.0,1.0,10.177780151367188,4.221155643463135,6.112784385681152
161856,94,1.0061060190200806,1.0061060190200806,1.006116509437561,1.0485675375093706e-05,1.0,1.0,0.0,0.0,0.0,284,35.78124237060547,fresh_online_exploration,13,16,1.0,1.0,10.171059608459473,4.228043079376221,5.374993324279785
161952,0,1.0017341375350952,1.0017341375350952,1.0017482042312622,1.4095467122388072e-05,1.0,1.0,0.0,0.0,0.0,277,35.92206573486328,fresh_online_exploration,13,16,1.0,1.0,10.167922019958496,4.220224380493164,6.06651496887207
161952,34,1.0035052299499512,1.0035052299499512,1.0035279989242554,2.278417559864465e-05,1.0,1.0,0.0,0.0,0.0,282,36.10224533081055,fresh_online_exploration,13,16,1.0,1.0,10.05379867553711,4.182743072509766,5.915989875793457
162048,21,1.0013755559921265,1.0013755559921265,1.0013842582702637,8.738675205677282e-06,1.0,1.0,0.0,0.0,0.0,287,35.812225341796875,fresh_online_exploration,13,16,1.0,1.0,10.148375511169434,4.158298969268799,5.3402814865112305
162048,35,1.0029261112213135,1.0029261112213135,1.015797734260559,0.012871737591922283,1.0,1.0,0.0,0.0,0.0,277,35.57616424560547,fresh_online_exploration,13,16,1.0,1.0,10.249258995056152,4.211035251617432,5.626930236816406
162048,87,1.000815987586975,1.000815987586975,1.001962661743164,0.001146691502071917,1.0,1.0,0.0,0.0,0.0,282,35.71592330932617,fresh_online_exploration,13,16,1.0,1.0,10.196548461914062,4.206220626831055,5.474231243133545
162144,7,1.0048081874847412,1.0048081874847412,1.0048640966415405,5.58798601559829e-05,1.0,1.0,0.0,0.0,0.0,282,36.08635711669922,fresh_online_exploration,13,16,1.0,1.0,10.139021873474121,4.217019557952881,5.937104225158691
162144,19,1.0022852420806885,1.0022852420806885,1.0023372173309326,5.200023952056654e-05,1.0,1.0,0.0,0.0,0.0,280,36.03025817871094,fresh_online_exploration,13,16,1.0,1.0,10.160832405090332,4.230802536010742,5.996897220611572
162144,62,1.002683401107788,1.002683401107788,1.0081905126571655,0.005507161375135183,1.0,1.0,0.0,0.0,0.0,275,35.84005355834961,fresh_online_exploration,13,16,1.0,1.0,10.180078506469727,4.22574520111084,6.173710346221924
162240,60,1.0004465579986572,1.0004465579986572,1.0027422904968262,0.0022957902401685715,1.0,1.0,0.0,0.0,0.0,281,35.981300354003906,fresh_online_exploration,13,16,1.0,1.0,10.10279655456543,4.2128143310546875,5.8832807540893555
162240,66,1.0008820295333862,1.0008820295333862,1.0009980201721191,0.00011596773401834071,1.0,1.0,0.0,0.0,0.0,289,35.81141662597656,fresh_online_exploration,13,16,1.0,1.0,10.05942153930664,4.15326452255249,5.225051403045654
162432,16,1.003513216972351,1.003513216972351,1.003521203994751,7.983423529367428e-06,1.0,1.0,0.0,0.0,0.0,289,35.876976013183594,fresh_online_exploration,13,16,1.0,1.0,10.135129928588867,4.251526832580566,5.238551616668701
162432,18,1.005689024925232,1.005689024925232,1.0058033466339111,0.00011427514255046844,1.0,1.0,0.0,0.0,0.0,286,35.8239631652832,fresh_online_exploration,13,16,1.0,1.0,10.155972480773926,4.203627109527588,5.327030181884766
162432,55,1.001304268836975,1.001304268836975,1.00131356716156,9.296118150814436e-06,1.0,1.0,0.0,0.0,0.0,289,35.804325103759766,fresh_online_exploration,13,16,1.0,1.0,10.096476554870605,4.216746807098389,5.215777397155762
162528,10,1.0033774375915527,1.0033774375915527,1.003388524055481,1.105373667087406e-05,1.0,1.0,0.0,0.0,0.0,286,35.72273254394531,fresh_online_exploration,13,16,1.0,1.0,10.180933952331543,4.23153829574585,5.326694011688232
162528,28,1.0012506246566772,1.0012506246566772,1.0172624588012695,0.01601191982626915,1.0,1.0,0.0,0.0,0.0,273,35.42536544799805,fresh_online_exploration,13,16,1.0,1.0,10.312957763671875,4.229054927825928,5.730985164642334
162528,85,1.0015567541122437,1.0015567541122437,1.0175243616104126,0.015967782586812973,1.0,1.0,0.0,0.0,0.0,279,35.9963493347168,fresh_online_exploration,13,16,1.0,1.0,10.12663745880127,4.196146011352539,6.035865783691406
162720,59,1.0040463209152222,1.0040463209152222,1.0041849613189697,0.00013862052583135664,1.0,1.0,0.0,0.0,0.0,283,35.77261734008789,fresh_online_exploration,13,16,1.0,1.0,10.1828031539917,4.225983142852783,5.432138442993164
162720,61,1.0047099590301514,1.0047099590301514,1.0093220472335815,0.0046121287159621716,1.0,1.0,0.0,0.0,0.0,283,36.14421081542969,fresh_online_exploration,13,16,1.0,1.0,10.091931343078613,4.211328029632568,5.915282726287842
162912,45,1.0049917697906494,1.0049917697906494,1.005008578300476,1.6805401173769496e-05,1.0,1.0,0.0,0.0,0.0,284,35.75853729248047,fresh_online_exploration,13,16,1.0,1.0,10.173884391784668,4.212224960327148,5.395138263702393
163680,20,1.0029096603393555,1.0029096603393555,1.00291907787323,9.421121831110213e-06,1.0,1.0,0.0,0.0,0.0,285,35.75571060180664,fresh_online_exploration,13,16,1.0,1.0,10.188126564025879,4.2129716873168945,5.32843017578125
163776,80,1.002695918083191,1.002695918083191,1.0027055740356445,9.725295967655256e-06,1.0,1.0,0.0,0.0,0.0,285,35.709808349609375,fresh_online_exploration,13,16,1.0,1.0,10.22269058227539,4.206221103668213,5.3553080558776855
164352,1,1.0001096725463867,1.0001096725463867,1.000124454498291,1.483902451582253e-05,1.0,1.0,0.0,0.0,0.0,286,35.70014953613281,fresh_online_exploration,13,16,1.0,1.0,10.131192207336426,4.203184127807617,5.301013946533203
183168,86,1.0021783113479614,1.0021783113479614,1.0022149085998535,3.6556721170200035e-05,1.0,1.0,0.0,0.0,0.0,262,35.24823760986328,fresh_online_exploration,15,18,1.0,1.0,10.251689910888672,4.442938327789307,6.305108070373535
183936,72,1.005299687385559,1.005299687385559,1.0126028060913086,0.007303072139620781,1.0,1.0,0.0,0.0,0.0,265,35.36966323852539,fresh_online_exploration,15,18,1.0,1.0,10.260760307312012,4.463963508605957,6.16347074508667
185280,9,1.0001734495162964,1.0001734495162964,1.0001826286315918,9.19423018785892e-06,1.0,1.0,0.0,0.0,0.0,282,35.66963195800781,fresh_online_exploration,15,18,1.0,1.0,10.293497085571289,4.445640563964844,5.467196941375732
185280,56,1.0022083520889282,1.0022083520889282,1.0022163391113281,7.989336154423654e-06,1.0,1.0,0.0,0.0,0.0,277,35.8820915222168,fresh_online_exploration,15,18,1.0,1.0,10.269478797912598,4.4710516929626465,6.140731334686279
185376,77,1.0019968748092651,1.0019968748092651,1.009612798690796,0.0076158978044986725,1.0,1.0,0.0,0.0,0.0,271,35.779850006103516,fresh_online_exploration,15,18,1.0,1.0,10.297505378723145,4.4293928146362305,6.307095050811768
185760,81,1.0056909322738647,1.0056909322738647,1.0175929069519043,0.011901876889169216,1.0,1.0,0.0,0.0,0.0,279,36.083744049072266,fresh_online_exploration,15,18,1.0,1.0,10.195853233337402,4.470073223114014,6.025588035583496
186048,84,1.0050570964813232,1.0050570964813232,1.005065679550171,8.608668395027053e-06,1.0,1.0,0.0,0.0,0.0,279,36.04413986206055,fresh_online_exploration,15,18,1.0,1.0,10.191468238830566,4.457479476928711,6.039406776428223
186144,13,1.0034711360931396,1.0034711360931396,1.0034793615341187,8.232129403040744e-06,1.0,1.0,0.0,0.0,0.0,281,35.734466552734375,fresh_online_exploration,15,18,1.0,1.0,10.275944709777832,4.463273525238037,5.486364364624023
186240,39,1.0062309503555298,1.0062309503555298,1.0063436031341553,0.00011271421681158245,1.0,1.0,0.0,0.0,0.0,281,35.76165008544922,fresh_online_exploration,15,18,1.0,1.0,10.231714248657227,4.482406139373779,5.557279586791992
186240,89,1.0027445554733276,1.0027445554733276,1.0029842853546143,0.00023961591068655252,1.0,1.0,0.0,0.0,0.0,283,35.72119140625,fresh_online_exploration,15,18,1.0,1.0,10.230103492736816,4.483467102050781,5.411319255828857
186336,49,1.0059560537338257,1.0059560537338257,1.0187740325927734,0.01281807478517294,1.0,1.0,0.0,0.0,0.0,280,35.806861877441406,fresh_online_exploration,15,18,1.0,1.0,10.307954788208008,4.473819255828857,5.624114036560059
186336,76,1.0048115253448486,1.0048115253448486,1.0051538944244385,0.00034236707142554224,1.0,1.0,0.0,0.0,0.0,284,35.80026626586914,fresh_online_exploration,15,18,1.0,1.0,10.282605171203613,4.473421573638916,5.4136061668396
186432,75,1.0036016702651978,1.0036016702651978,1.0058382749557495,0.0022366417106240988,1.0,1.0,0.0,0.0,0.0,275,35.50141143798828,fresh_online_exploration,15,18,1.0,1.0,10.375969886779785,4.4785637855529785,5.653565406799316
186528,29,1.0000262260437012,1.0000262260437012,1.002302646636963,0.0022763172164559364,1.0,1.0,0.0,0.0,0.0,280,35.833465576171875,fresh_online_exploration,15,18,1.0,1.0,10.124119758605957,4.471885681152344,5.96174955368042
186528,79,1.0020865201950073,1.0020865201950073,1.0020973682403564,1.0905625458690338e-05,1.0,1.0,0.0,0.0,0.0,278,36.00165557861328,fresh_online_exploration,15,18,1.0,1.0,10.268199920654297,4.472187519073486,6.069872856140137
186624,12,1.0019298791885376,1.0019298791885376,1.0099225044250488,0.007992553524672985,1.0,1.0,0.0,0.0,0.0,271,35.32575607299805,fresh_online_exploration,16,18,1.0,1.0,10.397004127502441,4.4557108879089355,5.747602939605713
186624,40,1.003001093864441,1.003001093864441,1.003230333328247,0.00022927352983970195,1.0,1.0,0.0,0.0,0.0,278,35.966949462890625,fresh_online_exploration,15,18,1.0,1.0,10.28409194946289,4.459776401519775,6.046957969665527
186624,73,1.002244472503662,1.002244472503662,1.0142748355865479,0.01203045155853033,1.0,1.0,0.0,0.0,0.0,274,35.82876205444336,fresh_online_exploration,16,18,1.0,1.0,10.2724609375,4.461611270904541,6.214202404022217
186624,93,1.0007323026657104,1.0007323026657104,1.0042705535888672,0.003538214834406972,1.0,1.0,0.0,0.0,0.0,277,35.88764572143555,fresh_online_exploration,15,18,1.0,1.0,10.215041160583496,4.493607044219971,6.09333610534668
186816,2,1.002589464187622,1.002589464187622,1.0262868404388428,0.023697257041931152,1.0,1.0,0.0,0.0,0.0,272,35.4885368347168,fresh_online_exploration,16,18,1.0,1.0,10.394847869873047,4.47740364074707,5.839311122894287
186816,22,1.0006303787231445,1.0006303787231445,1.0006378889083862,7.505492703785421e-06,1.0,1.0,0.0,0.0,0.0,283,36.05963897705078,fresh_online_exploration,15,18,1.0,1.0,10.188515663146973,4.483447551727295,5.896033763885498
186816,50,1.0012149810791016,1.0012149810791016,1.0012457370758057,3.077831570408307e-05,1.0,1.0,0.0,0.0,0.0,280,35.903526306152344,fresh_online_exploration,15,18,1.0,1.0,10.25097942352295,4.45654821395874,5.957042217254639
186912,17,1.0014991760253906,1.0014991760253906,1.0016005039215088,0.00010129124711966142,1.0,1.0,0.0,0.0,0.0,279,35.562957763671875,fresh_online_exploration,16,18,1.0,1.0,10.185530662536621,4.4293131828308105,5.552375793457031
186912,95,1.0000487565994263,1.0000487565994263,1.0102200508117676,0.010171204805374146,1.0,1.0,0.0,0.0,0.0,279,35.60653305053711,fresh_online_exploration,16,18,1.0,1.0,10.26486587524414,4.424168109893799,5.563398838043213
187008,70,1.0026946067810059,1.0026946067810059,1.0027680397033691,7.352366810664535e-05,1.0,1.0,0.0,0.0,0.0,283,36.00849914550781,fresh_online_exploration,15,18,1.0,1.0,10.253106117248535,4.484724521636963,5.877115726470947
187104,24,1.0052045583724976,1.0052045583724976,1.029472827911377,0.02426830679178238,1.0,1.0,0.0,0.0,0.0,279,36.020668029785156,fresh_online_exploration,16,18,0.9983333349227905,0.9833333492279053,10.269735336303711,4.490668773651123,6.052891254425049
187104,69,1.0005342960357666,1.0005342960357666,1.0005483627319336,1.406466071784962e-05,1.0,1.0,0.0,0.0,0.0,284,35.69921112060547,fresh_online_exploration,15,18,1.0,1.0,10.217936515808105,4.4901227951049805,5.416879653930664
187104,71,1.000066876411438,1.000066876411438,1.0182452201843262,0.018178410828113556,1.0,1.0,0.0,0.0,0.0,274,35.42741775512695,fresh_online_exploration,16,18,1.0,1.0,10.394558906555176,4.499352931976318,5.686282634735107
187104,88,1.001908540725708,1.001908540725708,1.011086344718933,0.009177813306450844,1.0,1.0,0.0,0.0,0.0,280,35.952213287353516,fresh_online_exploration,16,18,1.0,1.0,10.193703651428223,4.465705394744873,6.00295877456665
187200,91,1.0050508975982666,1.0050508975982666,1.0072065591812134,0.0021556683350354433,1.0,1.0,0.0,0.0,0.0,284,36.17212677001953,fresh_online_exploration,15,18,1.0,1.0,10.20685863494873,4.461082935333252,5.878301620483398
187296,25,1.0046137571334839,1.0046137571334839,1.0046677589416504,5.3992178436601534e-05,1.0,1.0,0.0,0.0,0.0,281,35.67668151855469,fresh_online_exploration,16,18,1.0,1.0,10.294208526611328,4.4802093505859375,5.501814842224121
187296,37,1.0045090913772583,1.0045090913772583,1.008562445640564,0.004053346812725067,1.0,1.0,0.0,0.0,0.0,277,35.985660552978516,fresh_online_exploration,16,18,1.0,1.0,10.261702537536621,4.4902024269104,6.123041152954102
187296,82,1.0047781467437744,1.0047781467437744,1.0048043727874756,2.6205943868262693e-05,1.0,1.0,0.0,0.0,0.0,289,35.94889450073242,fresh_online_exploration,15,18,1.0,1.0,10.212875366210938,4.441054821014404,5.302330493927002
187392,5,1.000684142112732,1.000684142112732,1.0006918907165527,7.749137694190722e-06,1.0,1.0,0.0,0.0,0.0,284,36.08624267578125,fresh_online_exploration,16,18,1.0,1.0,10.118200302124023,4.458096027374268,5.837012767791748
187392,8,1.0043500661849976,1.0043500661849976,1.0043940544128418,4.404914579936303e-05,1.0,1.0,0.0,0.0,0.0,279,35.657691955566406,fresh_online_exploration,16,18,1.0,1.0,10.323009490966797,4.453551769256592,5.601047039031982
187392,33,1.0000510215759277,1.0000510215759277,1.0000752210617065,2.41808156715706e-05,1.0,1.0,0.0,0.0,0.0,285,35.716121673583984,fresh_online_exploration,15,18,1.0,1.0,10.128966331481934,4.4781646728515625,5.376802444458008
187392,63,1.0004950761795044,1.0004950761795044,1.006054401397705,0.00555929122492671,1.0,1.0,0.0,0.0,0.0,281,35.58988571166992,fresh_online_exploration,16,18,1.0,1.0,10.181483268737793,4.493724822998047,5.500108242034912
187488,14,1.004740834236145,1.004740834236145,1.0047496557235718,8.83790198713541e-06,1.0,1.0,0.0,0.0,0.0,285,35.80564498901367,fresh_online_exploration,16,18,1.0,1.0,10.173053741455078,4.45408296585083,5.377028942108154
187488,42,1.0005590915679932,1.0005590915679932,1.0016906261444092,0.0011316259624436498,1.0,1.0,0.0,0.0,0.0,283,36.05598831176758,fresh_online_exploration,16,18,1.0,1.0,10.17418384552002,4.479348659515381,5.849315643310547
187488,58,1.0022296905517578,1.0022296905517578,1.0023112297058105,8.14754021121189e-05,1.0,1.0,0.0,0.0,0.0,281,36.05437088012695,fresh_online_exploration,16,18,1.0,1.0,10.245702743530273,4.517575263977051,5.964776039123535
187584,27,1.00214684009552,1.00214684009552,1.0022530555725098,0.00010624653805280104,1.0,1.0,0.0,0.0,0.0,276,35.548126220703125,fresh_online_exploration,16,18,1.0,1.0,10.299505233764648,4.43801736831665,5.65730619430542
187584,67,1.0041570663452148,1.0041570663452148,1.0064448118209839,0.0022878237068653107,1.0,1.0,0.0,0.0,0.0,284,36.055030822753906,fresh_online_exploration,16,18,1.0,1.0,10.142388343811035,4.4547505378723145,5.877869606018066
187680,23,1.0044373273849487,1.0044373273849487,1.0077853202819824,0.003348000580444932,1.0,1.0,0.0,0.0,0.0,274,35.9048957824707,fresh_online_exploration,16,18,1.0,1.0,10.31564712524414,4.492072582244873,6.216707229614258
187680,38,1.0021612644195557,1.0021612644195557,1.0053670406341553,0.0032057203352451324,1.0,1.0,0.0,0.0,0.0,284,36.102874755859375,fresh_online_exploration,16,18,1.0,1.0,10.12848949432373,4.503124237060547,5.865962982177734
187680,51,1.0026960372924805,1.0026960372924805,1.0033057928085327,0.0006097197765484452,1.0,1.0,0.0,0.0,0.0,275,35.93172836303711,fresh_online_exploration,16,18,1.0,1.0,10.335174560546875,4.46457052230835,6.185009479522705
187776,15,1.0053119659423828,1.0053119659423828,1.0053902864456177,7.834567804820836e-05,1.0,1.0,0.0,0.0,0.0,282,36.06730651855469,fresh_online_exploration,16,18,1.0,1.0,10.222286224365234,4.476755619049072,5.876387596130371
187776,47,1.0028331279754639,1.0028331279754639,1.0083088874816895,0.005475739017128944,1.0,1.0,0.0,0.0,0.0,275,35.91175842285156,fresh_online_exploration,16,18,1.0,1.0,10.268986701965332,4.538223743438721,6.149896621704102
187776,54,1.0024150609970093,1.0024150609970093,1.0033752918243408,0.0009601849014870822,1.0,1.0,0.0,0.0,0.0,288,36.15222930908203,fresh_online_exploration,16,18,1.0,1.0,10.199767112731934,4.42637825012207,5.713301658630371
187776,83,1.0062083005905151,1.0062083005905151,1.0062181949615479,9.887035957945045e-06,1.0,1.0,0.0,0.0,0.0,287,35.802879333496094,fresh_online_exploration,16,18,1.0,1.0,10.188017845153809,4.481454372406006,5.2518815994262695
187872,36,1.0031671524047852,1.0031671524047852,1.012990951538086,0.00982379075139761,1.0,1.0,0.0,0.0,0.0,276,35.636474609375,fresh_online_exploration,16,18,1.0,1.0,10.361902236938477,4.503899097442627,5.688253879547119
187872,65,1.0019645690917969,1.0019645690917969,1.0020263195037842,6.169497646624222e-05,1.0,1.0,0.0,0.0,0.0,288,35.78139114379883,fresh_online_exploration,16,18,1.0,1.0,10.226709365844727,4.498108863830566,5.216133117675781
187872,90,1.0040290355682373,1.0040290355682373,1.0206786394119263,0.016649646684527397,1.0,1.0,0.0,0.0,0.0,277,35.99969482421875,fresh_online_exploration,16,18,1.0,1.0,10.261542320251465,4.482495307922363,6.158558368682861
187872,92,1.0059373378753662,1.0059373378753662,1.0062544345855713,0.00031703044078312814,1.0,1.0,0.0,0.0,0.0,282,35.72543716430664,fresh_online_exploration,16,18,1.0,1.0,10.295012474060059,4.495121002197266,5.43569278717041
187968,68,1.002949833869934,1.002949833869934,1.0039305686950684,0.0009807490278035402,1.0,1.0,0.0,0.0,0.0,281,35.674800872802734,fresh_online_exploration,16,18,1.0,1.0,10.025689125061035,4.480207920074463,5.609344482421875
188064,32,1.0002161264419556,1.0002161264419556,1.0002243518829346,8.209862244257238e-06,1.0,1.0,0.0,0.0,0.0,279,36.020538330078125,fresh_online_exploration,16,18,1.0,1.0,10.282036781311035,4.474329471588135,6.0066142082214355
188064,74,1.0017712116241455,1.0017712116241455,1.0059723854064941,0.004201191011816263,1.0,1.0,0.0,0.0,0.0,285,36.05635070800781,fresh_online_exploration,16,18,1.0,1.0,10.194599151611328,4.485574722290039,5.830353736877441
188160,60,1.0015846490859985,1.0015846490859985,1.0279817581176758,0.026397118344902992,1.0,1.0,0.0,0.0,0.0,270,35.70732498168945,fresh_online_exploration,16,18,1.0,1.0,10.21247673034668,4.452347278594971,6.342069625854492
188160,64,1.0016347169876099,1.0016347169876099,1.0048176050186157,0.0031828724313527346,1.0,1.0,0.0,0.0,0.0,283,35.684654235839844,fresh_online_exploration,16,18,1.0,1.0,10.214494705200195,4.483590126037598,5.4008259773254395
188256,48,1.003256916999817,1.003256916999817,1.0038728713989258,0.0006159236654639244,1.0,1.0,0.0,0.0,0.0,285,35.76448059082031,fresh_online_exploration,16,18,1.0,1.0,10.242191314697266,4.496027946472168,5.340231895446777
188256,57,1.0035810470581055,1.0035810470581055,1.0076141357421875,0.004033064469695091,1.0,1.0,0.0,0.0,0.0,280,36.031070709228516,fresh_online_exploration,16,18,1.0,1.0,10.294316291809082,4.516266345977783,5.993783473968506
188352,3,1.0052499771118164,1.0052499771118164,1.0052578449249268,7.843210369173903e-06,1.0,1.0,0.0,0.0,0.0,281,35.70829772949219,fresh_online_exploration,16,18,1.0,1.0,10.30132007598877,4.496029376983643,5.470423698425293
188352,26,1.0057170391082764,1.0057170391082764,1.0057275295257568,1.0471191671967972e-05,1.0,1.0,0.0,0.0,0.0,284,36.149776458740234,fresh_online_exploration,16,18,1.0,1.0,10.201712608337402,4.451254844665527,5.889388561248779
188352,30,1.001384973526001,1.001384973526001,1.0014476776123047,6.277368811424822e-05,1.0,1.0,0.0,0.0,0.0,286,35.779170989990234,fresh_online_exploration,16,18,1.0,1.0,10.20146656036377,4.471903324127197,5.335783958435059
188352,52,1.0032061338424683,1.0032061338424683,1.0033825635910034,0.00017648232460487634,1.0,1.0,0.0,0.0,0.0,287,36.1352653503418,fresh_online_exploration,16,18,1.0,1.0,10.167948722839355,4.508084774017334,5.7608256340026855
188352,62,1.0007460117340088,1.0007460117340088,1.0213903188705444,0.020644336938858032,1.0,1.0,0.0,0.0,0.0,273,35.7716178894043,fresh_online_exploration,16,18,1.0,1.0,10.27827262878418,4.495810508728027,6.214634895324707
188448,0,1.0031287670135498,1.0031287670135498,1.0124485492706299,0.009319808334112167,1.0,1.0,0.0,0.0,0.0,276,35.91773986816406,fresh_online_exploration,16,18,1.0,1.0,10.26667594909668,4.491189479827881,6.130280017852783
188448,4,1.0062572956085205,1.0062572956085205,1.0062930583953857,3.574017318896949e-05,1.0,1.0,0.0,0.0,0.0,284,35.779579162597656,fresh_online_exploration,16,18,1.0,1.0,10.225119590759277,4.503861904144287,5.357985019683838
188448,31,1.001671552658081,1.001671552658081,1.0019896030426025,0.0003180323401466012,1.0,1.0,0.0,0.0,0.0,284,36.08661651611328,fresh_online_exploration,16,18,1.0,1.0,10.24174690246582,4.497054576873779,5.836730003356934
188544,43,1.0043498277664185,1.0043498277664185,1.0044608116149902,0.00011101375275757164,1.0,1.0,0.0,0.0,0.0,285,36.157318115234375,fresh_online_exploration,16,18,1.0,1.0,10.199424743652344,4.506505966186523,5.813551425933838
188736,21,1.003696084022522,1.003696084022522,1.0037078857421875,1.1763117072405294e-05,1.0,1.0,0.0,0.0,0.0,278,35.99797439575195,fresh_online_exploration,16,18,1.0,1.0,10.24180793762207,4.489971160888672,6.0756306648254395
188736,46,1.0007147789001465,1.0007147789001465,1.0136537551879883,0.012938963249325752,1.0,1.0,0.0,0.0,0.0,288,35.8149299621582,fresh_online_exploration,16,18,1.0,1.0,10.216376304626465,4.458683013916016,5.2629194259643555
188736,94,1.0050321817398071,1.0050321817398071,1.0050463676452637,1.4209654182195663e-05,1.0,1.0,0.0,0.0,0.0,280,36.04431915283203,fresh_online_exploration,16,18,1.0,1.0,10.268816947937012,4.498246669769287,6.009142875671387
188832,44,1.005768895149231,1.005768895149231,1.0058026313781738,3.3825490390881896e-05,1.0,1.0,0.0,0.0,0.0,282,35.71784210205078,fresh_online_exploration,16,18,1.0,1.0,10.319644927978516,4.490420818328857,5.438082695007324
188832,78,1.0004616975784302,1.0004616975784302,1.0053399801254272,0.004878262057900429,1.0,1.0,0.0,0.0,0.0,283,36.05552673339844,fresh_online_exploration,16,18,1.0,1.0,10.19743537902832,4.511290550231934,5.882055759429932
189024,11,1.003728985786438,1.003728985786438,1.0037442445755005,1.5269091818481684e-05,1.0,1.0,0.0,0.0,0.0,288,35.8648681640625,fresh_online_exploration,16,18,1.0,1.0,10.135069847106934,4.511497974395752,5.283901214599609
189024,16,1.0021307468414307,1.0021307468414307,1.0021400451660156,9.212012628267985e-06,1.0,1.0,0.0,0.0,0.0,277,35.923580169677734,fresh_online_exploration,16,18,1.0,1.0,10.217610359191895,4.469776153564453,6.1044416427612305
189024,34,1.0009931325912476,1.0009931325912476,1.0010027885437012,9.651470463722944e-06,1.0,1.0,0.0,0.0,0.0,282,35.70705795288086,fresh_online_exploration,16,18,1.0,1.0,10.148963928222656,4.477811813354492,5.501871585845947
189120,53,1.0025514364242554,1.0025514364242554,1.0027947425842285,0.0002433404588373378,1.0,1.0,0.0,0.0,0.0,291,35.91136169433594,fresh_online_exploration,16,18,1.0,1.0,10.138258934020996,4.493093013763428,5.201136589050293
189216,6,1.0003963708877563,1.0003963708877563,1.0051443576812744,0.004747932311147451,1.0,1.0,0.0,0.0,0.0,285,36.13751983642578,fresh_online_exploration,16,18,1.0,1.0,10.271381378173828,4.508829593658447,5.801633834838867
189216,41,1.0029805898666382,1.0029805898666382,1.002988338470459,7.799667400831822e-06,1.0,1.0,0.0,0.0,0.0,289,35.810386657714844,fresh_online_exploration,16,18,1.0,1.0,10.199759483337402,4.49183988571167,5.186856269836426
189216,87,1.0021617412567139,1.0021617412567139,1.002223014831543,6.128250970505178e-05,1.0,1.0,0.0,0.0,0.0,283,35.708740234375,fresh_online_exploration,16,18,1.0,1.0,10.225960731506348,4.519591808319092,5.4140167236328125
189312,85,1.0004016160964966,1.0004016160964966,1.000581979751587,0.00018035739776678383,1.0,1.0,0.0,0.0,0.0,279,35.980037689208984,fresh_online_exploration,16,18,1.0,1.0,10.27665901184082,4.495189666748047,6.011536598205566
189408,19,1.003828525543213,1.003828525543213,1.0038646459579468,3.6088833439862356e-05,1.0,1.0,0.0,0.0,0.0,284,35.7308349609375,fresh_online_exploration,16,18,1.0,1.0,10.246962547302246,4.514782428741455,5.382225036621094
189408,35,1.003460168838501,1.003460168838501,1.0034754276275635,1.5254840036504902e-05,1.0,1.0,0.0,0.0,0.0,285,35.73462677001953,fresh_online_exploration,16,18,1.0,1.0,10.28815746307373,4.510909080505371,5.376461505889893
189408,66,1.0041930675506592,1.0041930675506592,1.021824598312378,0.01763158291578293,1.0,1.0,0.0,0.0,0.0,283,35.768333435058594,fresh_online_exploration,16,18,1.0,1.0,10.220084190368652,4.441969871520996,5.454029083251953
189504,59,1.003310203552246,1.003310203552246,1.0033419132232666,3.174125959048979e-05,1.0,1.0,0.0,0.0,0.0,279,35.970924377441406,fresh_online_exploration,16,18,1.0,1.0,10.223003387451172,4.507617473602295,5.942864894866943
189600,18,1.0046623945236206,1.0046623945236206,1.0047439336776733,8.155551040545106e-05,1.0,1.0,0.0,0.0,0.0,283,36.11777877807617,fresh_online_exploration,16,18,1.0,1.0,10.222200393676758,4.477572917938232,5.914872646331787
189696,7,1.004333257675171,1.004333257675171,1.004373550415039,4.0342958527617157e-05,1.0,1.0,0.0,0.0,0.0,287,36.21527099609375,fresh_online_exploration,16,18,1.0,1.0,10.127435684204102,4.486130714416504,5.739867687225342
189696,10,1.0043730735778809,1.0043730735778809,1.0252366065979004,0.02086348459124565,1.0,1.0,0.0,0.0,0.0,283,36.128089904785156,fresh_online_exploration,16,18,1.0,1.0,10.165613174438477,4.487874507904053,5.902389049530029
189792,28,1.0006587505340576,1.0006587505340576,1.0010449886322021,0.00038626519381068647,1.0,1.0,0.0,0.0,0.0,284,36.06037521362305,fresh_online_exploration,16,18,1.0,1.0,10.177979469299316,4.489738941192627,5.788168430328369
189888,55,1.003940463066101,1.003940463066101,1.0039503574371338,9.792014679987915e-06,1.0,1.0,0.0,0.0,0.0,286,35.757225036621094,fresh_online_exploration,16,18,1.0,1.0,10.276079177856445,4.460318088531494,5.324870586395264
190080,61,1.0044575929641724,1.0044575929641724,1.0045750141143799,0.00011738124885596335,1.0,1.0,0.0,0.0,0.0,285,35.77888870239258,fresh_online_exploration,16,18,1.0,1.0,10.254173278808594,4.5045037269592285,5.330723285675049
190272,45,1.004907488822937,1.004907488822937,1.0049238204956055,1.6307076293742284e-05,1.0,1.0,0.0,0.0,0.0,285,35.75160217285156,fresh_online_exploration,16,19,1.0,1.0,10.339733123779297,4.51687479019165,5.354127883911133
190560,80,1.0015530586242676,1.0015530586242676,1.0026637315750122,0.0011106422170996666,1.0,1.0,0.0,0.0,0.0,279,35.973487854003906,fresh_online_exploration,16,19,1.0,1.0,10.247318267822266,4.481391906738281,6.032632350921631
191424,1,1.002026915550232,1.002026915550232,1.0023746490478516,0.0003477269783616066,1.0,1.0,0.0,0.0,0.0,282,35.59363555908203,fresh_online_exploration,16,19,1.0,1.0,10.33332347869873,4.515834331512451,5.415009498596191
191520,20,1.0021295547485352,1.0021295547485352,1.0021387338638306,9.1755464382004e-06,1.0,1.0,0.0,0.0,0.0,290,35.85960006713867,fresh_online_exploration,16,19,1.0,1.0,10.14899730682373,4.5095744132995605,5.1749372482299805
210048,86,1.0000635385513306,1.0000635385513306,1.0238620042800903,0.023798540234565735,1.0,1.0,0.0,0.0,0.0,280,35.978824615478516,fresh_online_exploration,18,20,1.0,1.0,10.25926685333252,4.675058841705322,5.994131088256836
211488,72,1.0037691593170166,1.0037691593170166,1.0038111209869385,4.1898543713614345e-05,1.0,1.0,0.0,0.0,0.0,287,36.20491409301758,fresh_online_exploration,18,21,1.0,1.0,10.219866752624512,4.660608768463135,5.7097978591918945
212160,77,1.0044602155685425,1.0044602155685425,1.0045788288116455,0.00011854073090944439,1.0,1.0,0.0,0.0,0.0,279,36.02842330932617,fresh_online_exploration,18,21,1.0,1.0,10.342126846313477,4.694254398345947,6.0121073722839355
212160,93,1.0003472566604614,1.0003472566604614,1.0040502548217773,0.0037030414678156376,1.0,1.0,0.0,0.0,0.0,266,35.291473388671875,fresh_online_exploration,18,21,1.0,1.0,10.198851585388184,4.701095104217529,6.117023468017578
212448,9,1.0029969215393066,1.0029969215393066,1.0032999515533447,0.0003029395593330264,1.0,1.0,0.0,0.0,0.0,283,36.115665435791016,fresh_online_exploration,18,21,1.0,1.0,10.293774604797363,4.691557884216309,5.884743690490723
212640,39,1.0048357248306274,1.0048357248306274,1.0183830261230469,0.013547283597290516,1.0,1.0,0.0,0.0,0.0,275,35.88003921508789,fresh_online_exploration,18,21,1.0,1.0,10.300638198852539,4.6967902183532715,6.1820220947265625
212736,13,1.000875473022461,1.000875473022461,1.0043179988861084,0.003442498855292797,1.0,1.0,0.0,0.0,0.0,277,35.89231491088867,fresh_online_exploration,18,21,1.0,1.0,10.250123023986816,4.732551574707031,6.104479789733887
212832,84,1.0038466453552246,1.0038466453552246,1.0038551092147827,8.460337994620204e-06,1.0,1.0,0.0,0.0,0.0,279,36.04957962036133,fresh_online_exploration,18,21,1.0,1.0,10.29967975616455,4.71357536315918,6.038017749786377
212928,56,1.0017321109771729,1.0017321109771729,1.0017459392547607,1.3831192518409807e-05,1.0,1.0,0.0,0.0,0.0,288,36.187923431396484,fresh_online_exploration,18,21,1.0,1.0,10.157798767089844,4.6953444480896,5.693682670593262
212928,81,1.0044891834259033,1.0044891834259033,1.0047900676727295,0.0003008422499988228,1.0,1.0,0.0,0.0,0.0,283,35.77533721923828,fresh_online_exploration,18,21,1.0,1.0,10.388845443725586,4.709027290344238,5.394388675689697
213120,17,1.0041289329528809,1.0041289329528809,1.0081548690795898,0.004026035312563181,1.0,1.0,0.0,0.0,0.0,273,35.87419509887695,fresh_online_exploration,18,21,1.0,1.0,10.3707914352417,4.712453842163086,6.272550582885742
213408,50,1.004748821258545,1.004748821258545,1.0048112869262695,6.255594053072855e-05,1.0,1.0,0.0,0.0,0.0,277,35.95770263671875,fresh_online_exploration,18,21,1.0,1.0,10.298245429992676,4.712146759033203,6.110167980194092
213408,89,1.0022332668304443,1.0022332668304443,1.002284049987793,5.079164475318976e-05,1.0,1.0,0.0,0.0,0.0,283,36.10303497314453,fresh_online_exploration,18,21,1.0,1.0,10.23434066772461,4.705525875091553,5.89415168762207
213504,22,1.005040168762207,1.005040168762207,1.0262247323989868,0.021184446290135384,1.0,1.0,0.0,0.0,0.0,278,36.027408599853516,fresh_online_exploration,18,21,1.0,1.0,10.24272346496582,4.7242584228515625,6.073704242706299
213504,63,1.0012234449386597,1.0012234449386597,1.0071706771850586,0.005947327706962824,1.0,1.0,0.0,0.0,0.0,272,35.45914077758789,fresh_online_exploration,18,21,1.0,1.0,10.343588829040527,4.723721504211426,5.795389652252197
213504,73,1.0025393962860107,1.0025393962860107,1.0026228427886963,8.350286952918395e-05,1.0,1.0,0.0,0.0,0.0,280,36.034889221191406,fresh_online_exploration,18,21,1.0,1.0,10.336959838867188,4.714115142822266,5.986863136291504
213504,76,1.0038981437683105,1.0038981437683105,1.0076642036437988,0.0037660507950931787,1.0,1.0,0.0,0.0,0.0,283,36.13821792602539,fresh_online_exploration,18,21,1.0,1.0,10.244796752929688,4.699492454528809,5.901078224182129
213504,79,1.0002080202102661,1.0002080202102661,1.0002163648605347,8.378075108339544e-06,1.0,1.0,0.0,0.0,0.0,281,36.058197021484375,fresh_online_exploration,18,21,1.0,1.0,10.265378952026367,4.681350231170654,5.974893093109131
213696,24,1.0004180669784546,1.0004180669784546,1.0004920959472656,7.398278103210032e-05,1.0,1.0,0.0,0.0,0.0,277,35.88496780395508,fresh_online_exploration,18,21,1.0,1.0,10.300247192382812,4.708248138427734,6.085267066955566
213696,29,1.0042918920516968,1.0042918920516968,1.0080697536468506,0.003777838544920087,1.0,1.0,0.0,0.0,0.0,283,36.10115051269531,fresh_online_exploration,18,21,1.0,1.0,10.26305866241455,4.687264919281006,5.883105754852295
213888,2,1.0033199787139893,1.0033199787139893,1.006820559501648,0.003500604536384344,1.0,1.0,0.0,0.0,0.0,282,36.09484100341797,fresh_online_exploration,18,21,1.0,1.0,10.235841751098633,4.723664283752441,5.89435338973999
213888,49,1.003984808921814,1.003984808921814,1.0079514980316162,0.0039666797965765,1.0,1.0,0.0,0.0,0.0,287,36.223960876464844,fresh_online_exploration,18,21,1.0,1.0,10.225118637084961,4.710724353790283,5.79083251953125
213888,71,1.0047202110290527,1.0047202110290527,1.008249044418335,0.0035288536455482244,1.0,1.0,0.0,0.0,0.0,279,36.090126037597656,fresh_online_exploration,18,21,1.0,1.0,10.311868667602539,4.710099697113037,6.028319835662842
213888,75,1.0036704540252686,1.0036704540252686,1.0044798851013184,0.0008093927172012627,1.0,1.0,0.0,0.0,0.0,286,35.833457946777344,fresh_online_exploration,18,21,1.0,1.0,10.204113960266113,4.702793121337891,5.357068061828613
213984,8,1.000702977180481,1.000702977180481,1.0041638612747192,0.0034608992282301188,1.0,1.0,0.0,0.0,0.0,277,35.93880844116211,fresh_online_exploration,18,21,1.0,1.0,10.321542739868164,4.70986795425415,6.094954013824463
213984,83,1.002585530281067,1.002585530281067,1.0026922225952148,0.00010665728768799454,1.0,1.0,0.0,0.0,0.0,273,35.85333251953125,fresh_online_exploration,18,21,1.0,1.0,10.33255386352539,4.731386184692383,6.23253059387207
214080,70,1.0029337406158447,1.0029337406158447,1.0072460174560547,0.004312353208661079,1.0,1.0,0.0,0.0,0.0,282,36.01259994506836,fresh_online_exploration,18,21,1.0,1.0,10.263497352600098,4.697151184082031,5.962365627288818
214080,82,1.0003063678741455,1.0003063678741455,1.005799651145935,0.005493338219821453,1.0,1.0,0.0,0.0,0.0,279,35.96327209472656,fresh_online_exploration,18,21,1.0,1.0,10.349188804626465,4.726677894592285,6.000555992126465
214080,92,1.0002717971801758,1.0002717971801758,1.0245121717453003,0.02424035593867302,1.0,1.0,0.0,0.0,0.0,273,35.74071502685547,fresh_online_exploration,18,21,0.9994413435459137,0.994413435459137,10.329731941223145,4.752508163452148,6.229528427124023
214080,95,1.0012304782867432,1.0012304782867432,1.0018854141235352,0.0006550023099407554,1.0,1.0,0.0,0.0,0.0,283,36.05880355834961,fresh_online_exploration,18,21,1.0,1.0,10.239703178405762,4.7064995765686035,5.878880023956299
214272,5,1.003856897354126,1.003856897354126,1.0038723945617676,1.5574325516354293e-05,1.0,1.0,0.0,0.0,0.0,280,35.70487594604492,fresh_online_exploration,18,21,1.0,1.0,10.337042808532715,4.709644794464111,5.519499778747559
214272,25,1.0037407875061035,1.0037407875061035,1.003767728805542,2.6910434826277196e-05,1.0,1.0,0.0,0.0,0.0,281,36.04145050048828,fresh_online_exploration,18,21,1.0,1.0,10.296496391296387,4.734178066253662,5.960699081420898
214272,33,1.005637526512146,1.005637526512146,1.0101191997528076,0.0044817025773227215,1.0,1.0,0.0,0.0,0.0,280,36.088375091552734,fresh_online_exploration,18,21,1.0,1.0,10.293376922607422,4.730499744415283,6.009890556335449
214368,12,1.004550814628601,1.004550814628601,1.0045602321624756,9.493009201833047e-06,1.0,1.0,0.0,0.0,0.0,289,35.89687728881836,fresh_online_exploration,18,21,1.0,1.0,10.18946361541748,4.714187145233154,5.241230010986328
214368,36,1.0004757642745972,1.0004757642745972,1.001348614692688,0.0008728544344194233,1.0,1.0,0.0,0.0,0.0,276,35.930294036865234,fresh_online_exploration,18,21,1.0,1.0,10.355512619018555,4.716168403625488,6.106596946716309
214368,88,1.0001003742218018,1.0001003742218018,1.0001089572906494,8.653013537696097e-06,1.0,1.0,0.0,0.0,0.0,284,35.731170654296875,fresh_online_exploration,18,21,1.0,1.0,10.193822860717773,4.7060227394104,5.426081657409668
214464,38,1.0044052600860596,1.0044052600860596,1.0055112838745117,0.0011060914257541299,1.0,1.0,0.0,0.0,0.0,279,36.08164596557617,fresh_online_exploration,18,21,1.0,1.0,10.313115119934082,4.714141845703125,6.041892051696777
214464,42,1.0031453371047974,1.0031453371047974,1.003282070159912,0.0001366913056699559,1.0,1.0,0.0,0.0,0.0,281,36.043373107910156,fresh_online_exploration,18,21,1.0,1.0,10.300138473510742,4.706221103668213,5.916241645812988
214560,30,1.000980257987976,1.000980257987976,1.0052493810653687,0.004269163124263287,1.0,1.0,0.0,0.0,0.0,273,35.447486877441406,fresh_online_exploration,18,21,1.0,1.0,10.42730712890625,4.759871959686279,5.7978973388671875
214560,37,1.0021971464157104,1.0021971464157104,1.0022052526474,8.071342563198414e-06,1.0,1.0,0.0,0.0,0.0,284,36.107933044433594,fresh_online_exploration,18,21,1.0,1.0,10.230622291564941,4.709551811218262,5.816526889801025
214560,54,1.00004243850708,1.00004243850708,1.0026988983154297,0.002656396012753248,1.0,1.0,0.0,0.0,0.0,279,35.90916061401367,fresh_online_exploration,18,21,1.0,1.0,10.31798267364502,4.711346626281738,5.977665424346924
214560,58,1.0051981210708618,1.0051981210708618,1.0094414949417114,0.004243393894284964,1.0,1.0,0.0,0.0,0.0,282,36.14452362060547,fresh_online_exploration,18,21,1.0,1.0,10.260652542114258,4.682501316070557,5.930748462677002
214560,67,1.0052573680877686,1.0052573680877686,1.0053852796554565,0.0001278894196730107,1.0,1.0,0.0,0.0,0.0,281,35.68709945678711,fresh_online_exploration,18,21,1.0,1.0,10.341232299804688,4.719180583953857,5.431028366088867
214560,91,1.0050500631332397,1.0050500631332397,1.0059535503387451,0.000903450942132622,1.0,1.0,0.0,0.0,0.0,285,36.19906234741211,fresh_online_exploration,18,21,1.0,1.0,10.252090454101562,4.7256760597229,5.868220329284668
214656,32,1.0007051229476929,1.0007051229476929,1.0013694763183594,0.0006642612861469388,1.0,1.0,0.0,0.0,0.0,277,35.97852325439453,fresh_online_exploration,18,21,1.0,1.0,10.381120681762695,4.713802814483643,6.139978885650635
214656,68,1.0043526887893677,1.0043526887893677,1.0110574960708618,0.006704868748784065,1.0,1.0,0.0,0.0,0.0,278,35.683712005615234,fresh_online_exploration,18,21,1.0,1.0,10.340413093566895,4.720101356506348,5.611607551574707
214656,69,1.0027241706848145,1.0027241706848145,1.002770185470581,4.599793828674592e-05,1.0,1.0,0.0,0.0,0.0,287,35.8133430480957,fresh_online_exploration,18,21,1.0,1.0,10.223251342773438,4.683355808258057,5.266223430633545
214752,23,1.0047709941864014,1.0047709941864014,1.0050153732299805,0.00024438806576654315,1.0,1.0,0.0,0.0,0.0,282,36.014102935791016,fresh_online_exploration,18,21,1.0,1.0,10.256856918334961,4.708168029785156,5.92207145690918
214752,27,1.0035617351531982,1.0035617351531982,1.0035945177078247,3.277087307651527e-05,1.0,1.0,0.0,0.0,0.0,283,35.707496643066406,fresh_online_exploration,18,21,1.0,1.0,10.308517456054688,4.708986759185791,5.422616481781006
214848,3,1.0002553462982178,1.0002553462982178,1.0085740089416504,0.008318722248077393,1.0,1.0,0.0,0.0,0.0,276,35.44453048706055,fresh_online_exploration,18,21,1.0,1.0,10.452935218811035,4.738180637359619,5.601864814758301
214848,40,1.0047718286514282,1.0047718286514282,1.0051143169403076,0.00034256058279424906,1.0,1.0,0.0,0.0,0.0,294,36.086402893066406,fresh_online_exploration,18,21,1.0,1.0,10.18624496459961,4.706914901733398,5.116757392883301
214848,90,1.0040152072906494,1.0040152072906494,1.0045692920684814,0.000554064754396677,1.0,1.0,0.0,0.0,0.0,281,36.14529800415039,fresh_online_exploration,18,21,1.0,1.0,10.272079467773438,4.73409366607666,5.980434417724609
214944,15,1.0050039291381836,1.0050039291381836,1.0054054260253906,0.000401556259021163,1.0,1.0,0.0,0.0,0.0,283,35.762718200683594,fresh_online_exploration,18,21,1.0,1.0,10.318109512329102,4.717203140258789,5.42172908782959
214944,47,1.0039464235305786,1.0039464235305786,1.0039557218551636,9.293689799960703e-06,1.0,1.0,0.0,0.0,0.0,283,35.7586669921875,fresh_online_exploration,18,21,1.0,1.0,10.353860855102539,4.730137825012207,5.429764747619629
214944,60,1.0003727674484253,1.0003727674484253,1.0102827548980713,0.009910081513226032,1.0,1.0,0.0,0.0,0.0,279,35.95940017700195,fresh_online_exploration,18,21,1.0,1.0,10.24384880065918,4.7417755126953125,5.999974727630615
214944,62,1.0011096000671387,1.0011096000671387,1.0095386505126953,0.008429165929555893,1.0,1.0,0.0,0.0,0.0,277,35.91484069824219,fresh_online_exploration,18,21,1.0,1.0,10.249494552612305,4.725113391876221,6.072647571563721
215040,14,1.0028640031814575,1.0028640031814575,1.002878189086914,1.4202510101313237e-05,1.0,1.0,0.0,0.0,0.0,287,36.205238342285156,fresh_online_exploration,18,21,1.0,1.0,10.174261093139648,4.6839728355407715,5.71737003326416
215040,48,1.0020195245742798,1.0020195245742798,1.0049806833267212,0.002961153630167246,1.0,1.0,0.0,0.0,0.0,279,35.97401809692383,fresh_online_exploration,18,21,1.0,1.0,10.283065795898438,4.718321323394775,6.013927936553955
215040,51,1.0046440362930298,1.0046440362930298,1.0046800374984741,3.6037865356775e-05,1.0,1.0,0.0,0.0,0.0,285,36.23405075073242,fresh_online_exploration,18,21,1.0,1.0,10.251718521118164,4.731333255767822,5.855908393859863
215040,65,1.0004884004592896,1.0004884004592896,1.0005155801773071,2.7146379579789937e-05,1.0,1.0,0.0,0.0,0.0,283,35.69679260253906,fresh_online_exploration,18,21,1.0,1.0,10.347167015075684,4.71921968460083,5.401139736175537
215232,74,1.0022014379501343,1.0022014379501343,1.0059746503829956,0.0037732073105871677,1.0,1.0,0.0,0.0,0.0,283,35.64632034301758,fresh_online_exploration,18,21,1.0,1.0,10.278005599975586,4.713747501373291,5.364274024963379
215232,78,1.0004910230636597,1.0004910230636597,1.0094830989837646,0.008991926908493042,1.0,1.0,0.0,0.0,0.0,275,35.86891174316406,fresh_online_exploration,18,21,1.0,1.0,10.315581321716309,4.759985446929932,6.158287048339844
215424,52,1.0013493299484253,1.0013493299484253,1.0013830661773682,3.375375672476366e-05,1.0,1.0,0.0,0.0,0.0,282,35.991512298583984,fresh_online_exploration,18,21,1.0,1.0,10.304086685180664,4.730132579803467,5.891184329986572
215520,31,1.0046485662460327,1.0046485662460327,1.0047330856323242,8.451211033388972e-05,1.0,1.0,0.0,0.0,0.0,282,35.72074508666992,fresh_online_exploration,18,21,1.0,1.0,10.185477256774902,4.697879314422607,5.542112350463867
215520,64,1.0020760297775269,1.0020760297775269,1.0021227598190308,4.671727947425097e-05,1.0,1.0,0.0,0.0,0.0,285,35.72508239746094,fresh_online_exploration,18,21,1.0,1.0,10.253660202026367,4.7556257247924805,5.34537935256958
215520,94,1.0006694793701172,1.0006694793701172,1.0017625093460083,0.0010930157732218504,1.0,1.0,0.0,0.0,0.0,279,35.53101348876953,fresh_online_exploration,18,21,1.0,1.0,10.4316987991333,4.670655727386475,5.490481376647949
215616,34,1.0037596225738525,1.0037596225738525,1.0137134790420532,0.00995374470949173,1.0,1.0,0.0,0.0,0.0,277,35.97898483276367,fresh_online_exploration,18,21,1.0,1.0,10.257829666137695,4.72288703918457,6.130245685577393
215712,46,1.004739761352539,1.004739761352539,1.0048534870147705,0.00011370222637197003,1.0,1.0,0.0,0.0,0.0,281,35.7692985534668,fresh_online_exploration,18,21,1.0,1.0,10.350113868713379,4.680206298828125,5.51299524307251
215712,53,1.0044593811035156,1.0044593811035156,1.0235474109649658,0.019088182598352432,1.0,1.0,0.0,0.0,0.0,277,35.62199020385742,fresh_online_exploration,18,21,1.0,1.0,10.371284484863281,4.756093978881836,5.627337455749512
215808,16,1.00288987159729,1.00288987159729,1.0029797554016113,8.980935672298074e-05,1.0,1.0,0.0,0.0,0.0,279,36.03359603881836,fresh_online_exploration,18,21,1.0,1.0,10.330133438110352,4.714618682861328,6.024209499359131
215904,26,1.0058552026748657,1.0058552026748657,1.0059254169464111,7.020620250841603e-05,1.0,1.0,0.0,0.0,0.0,287,35.93841552734375,fresh_online_exploration,18,21,1.0,1.0,10.272940635681152,4.73043966293335,5.367015361785889
215904,44,1.0029085874557495,1.0029085874557495,1.002918004989624,9.48886099649826e-06,1.0,1.0,0.0,0.0,0.0,282,36.050899505615234,fresh_online_exploration,18,21,1.0,1.0,10.255131721496582,4.746770858764648,5.915371417999268
216000,4,1.0051361322402954,1.0051361322402954,1.0051441192626953,8.06059324531816e-06,1.0,1.0,0.0,0.0,0.0,287,35.83256530761719,fresh_online_exploration,18,21,1.0,1.0,10.261932373046875,4.679894924163818,5.292864799499512
216000,21,1.0023952722549438,1.0023952722549438,1.0139886140823364,0.011593365110456944,1.0,1.0,0.0,0.0,0.0,284,35.84809494018555,fresh_online_exploration,18,21,1.0,1.0,10.281603813171387,4.6854472160339355,5.475554466247559
216000,43,1.004988431930542,1.004988431930542,1.0052725076675415,0.00028407596983015537,1.0,1.0,0.0,0.0,0.0,286,35.81753158569336,fresh_online_exploration,18,21,1.0,1.0,10.302508354187012,4.735352039337158,5.298670768737793
216000,57,1.002981424331665,1.002981424331665,1.0029969215393066,1.539830191177316e-05,1.0,1.0,0.0,0.0,0.0,289,35.85658645629883,fresh_online_exploration,18,21,1.0,1.0,10.279728889465332,4.742973804473877,5.222914218902588
216096,0,1.0029767751693726,1.0029767751693726,1.012438178062439,0.00946126226335764,1.0,1.0,0.0,0.0,0.0,288,35.84638977050781,fresh_online_exploration,18,21,1.0,1.0,10.231685638427734,4.699451923370361,5.2724504470825195
216192,18,1.0035990476608276,1.0035990476608276,1.008260726928711,0.004661842714995146,1.0,1.0,0.0,0.0,0.0,277,35.95233154296875,fresh_online_exploration,18,21,1.0,1.0,10.325952529907227,4.717901706695557,6.098213195800781
216192,85,1.0045602321624756,1.0045602321624756,1.0084202289581299,0.003859899938106537,1.0,1.0,0.0,0.0,0.0,280,36.09278106689453,fresh_online_exploration,18,21,1.0,1.0,10.304085731506348,4.747063636779785,6.008594989776611
216192,87,1.0059549808502197,1.0059549808502197,1.0077275037765503,0.0017725559882819653,1.0,1.0,0.0,0.0,0.0,281,36.080902099609375,fresh_online_exploration,18,21,1.0,1.0,10.288078308105469,4.713001728057861,5.983165740966797
216288,6,1.0006358623504639,1.0006358623504639,1.0006569623947144,2.114872586389538e-05,1.0,1.0,0.0,0.0,0.0,282,36.109535217285156,fresh_online_exploration,18,21,1.0,1.0,10.267661094665527,4.695140838623047,5.9539031982421875
216288,11,1.0054528713226318,1.0054528713226318,1.0054686069488525,1.578180308570154e-05,1.0,1.0,0.0,0.0,0.0,284,35.84046936035156,fresh_online_exploration,18,21,1.0,1.0,10.250462532043457,4.7136125564575195,5.446148872375488
216480,10,1.0051178932189941,1.0051178932189941,1.0051255226135254,7.640717740287073e-06,1.0,1.0,0.0,0.0,0.0,279,36.112388610839844,fresh_online_exploration,18,21,1.0,1.0,10.343765258789062,4.728695869445801,6.046268463134766
216576,28,1.0004544258117676,1.0004544258117676,1.0004615783691406,7.265699423442129e-06,1.0,1.0,0.0,0.0,0.0,279,35.99498748779297,fresh_online_exploration,18,21,1.0,1.0,10.23393726348877,4.783106803894043,5.991587162017822
216576,59,1.0019032955169678,1.0019032955169678,1.0019428730010986,3.949674282921478e-05,1.0,1.0,0.0,0.0,0.0,282,35.70256423950195,fresh_online_exploration,18,21,1.0,1.0,10.368666648864746,4.71916389465332,5.453598976135254
216768,19,1.0060107707977295,1.0060107707977295,1.0069903135299683,0.0009795625228434801,1.0,1.0,0.0,0.0,0.0,285,36.22943115234375,fresh_online_exploration,18,21,1.0,1.0,10.260096549987793,4.762966632843018,5.81137228012085
216768,35,1.0053094625473022,1.0053094625473022,1.0068159103393555,0.001506479806266725,1.0,1.0,0.0,0.0,0.0,285,35.751792907714844,fresh_online_exploration,18,21,1.0,1.0,10.342181205749512,4.731971740722656,5.346065044403076
216864,66,1.0038007497787476,1.0038007497787476,1.0039259195327759,0.00012515627895481884,1.0,1.0,0.0,0.0,0.0,286,35.760807037353516,fresh_online_exploration,18,21,1.0,1.0,10.35075569152832,4.768223762512207,5.342126846313477
216960,7,1.0038191080093384,1.0038191080093384,1.0038316249847412,1.2485653314797673e-05,1.0,1.0,0.0,0.0,0.0,284,35.746883392333984,fresh_online_exploration,18,21,1.0,1.0,10.213054656982422,4.760913372039795,5.401493072509766
216960,45,1.002323031425476,1.002323031425476,1.0041576623916626,0.0018346309661865234,1.0,1.0,0.0,0.0,0.0,278,35.60087966918945,fresh_online_exploration,19,21,1.0,1.0,10.333033561706543,4.746119499206543,5.5974249839782715
216960,61,1.0021593570709229,1.0021593570709229,1.0021737813949585,1.4398794519365765e-05,1.0,1.0,0.0,0.0,0.0,280,35.997459411621094,fresh_online_exploration,18,21,1.0,1.0,10.287297248840332,4.703339099884033,6.010911464691162
217056,41,1.004199504852295,1.004199504852295,1.0042085647583008,9.142800081463065e-06,1.0,1.0,0.0,0.0,0.0,290,35.984371185302734,fresh_online_exploration,18,21,1.0,1.0,10.225473403930664,4.696121692657471,5.226744651794434
217152,55,1.0055829286575317,1.0055829286575317,1.007550597190857,0.0019676743540912867,1.0,1.0,0.0,0.0,0.0,284,35.85718536376953,fresh_online_exploration,18,21,1.0,1.0,10.282634735107422,4.743399620056152,5.463980674743652
217440,80,1.000429630279541,1.000429630279541,1.004937767982483,0.004508163779973984,1.0,1.0,0.0,0.0,0.0,280,35.57590866088867,fresh_online_exploration,19,21,1.0,1.0,10.322944641113281,4.710934638977051,5.475793838500977
218688,1,1.0038796663284302,1.0038796663284302,1.004751205444336,0.0008715316071175039,1.0,1.0,0.0,0.0,0.0,284,36.11756134033203,fresh_online_exploration,19,21,1.0,1.0,10.258461952209473,4.7669878005981445,5.837821960449219
218976,20,1.0013624429702759,1.0013624429702759,1.0014361143112183,7.368694059550762e-05,1.0,1.0,0.0,0.0,0.0,286,35.792877197265625,fresh_online_exploration,19,21,1.0,1.0,10.368331909179688,4.774662971496582,5.367377758026123
236064,86,1.0012191534042358,1.0012191534042358,1.0166741609573364,0.015454931184649467,1.0,1.0,0.0,0.0,0.0,271,35.40004348754883,fresh_online_exploration,20,23,1.0,1.0,10.354162216186523,4.924163341522217,5.880308628082275
237792,72,1.004560947418213,1.004560947418213,1.0080032348632812,0.003442324697971344,1.0,1.0,0.0,0.0,0.0,274,35.932254791259766,fresh_online_exploration,21,23,1.0,1.0,10.40545654296875,4.917975425720215,6.214454174041748
238368,13,1.0011450052261353,1.0011450052261353,1.0180896520614624,0.01694474369287491,1.0,1.0,0.0,0.0,0.0,267,35.68015670776367,fresh_online_exploration,21,23,1.0,1.0,10.443155288696289,4.916655540466309,6.442083835601807
238368,77,1.0034122467041016,1.0034122467041016,1.0034260749816895,1.387774227623595e-05,1.0,1.0,0.0,0.0,0.0,273,35.84773254394531,fresh_online_exploration,21,23,1.0,1.0,10.394608497619629,4.891627311706543,6.21897029876709
238656,39,1.0007816553115845,1.0007816553115845,1.0356929302215576,0.03491147235035896,1.0,1.0,0.0,0.0,0.0,271,35.77084732055664,fresh_online_exploration,21,23,1.0,1.0,10.400848388671875,4.923588752746582,6.2876667976379395
238752,9,1.0006986856460571,1.0006986856460571,1.0007070302963257,8.396586054004729e-06,1.0,1.0,0.0,0.0,0.0,274,35.79353332519531,fresh_online_exploration,21,23,1.0,1.0,10.386290550231934,4.925583362579346,6.19827938079834
238848,56,1.0022711753845215,1.0022711753845215,1.003981590270996,0.0017104987055063248,1.0,1.0,0.0,0.0,0.0,270,35.400428771972656,fresh_online_exploration,21,23,1.0,1.0,10.474292755126953,4.920423984527588,5.887124538421631
238944,81,1.000182867050171,1.000182867050171,1.0083143711090088,0.008131531067192554,1.0,1.0,0.0,0.0,0.0,271,35.71405792236328,fresh_online_exploration,21,23,1.0,1.0,10.372961044311523,4.923349380493164,6.248469829559326
238944,93,1.0026417970657349,1.0026417970657349,1.0026543140411377,1.2463560778996907e-05,1.0,1.0,0.0,0.0,0.0,279,35.95286560058594,fresh_online_exploration,21,23,1.0,1.0,10.33328914642334,4.877861499786377,6.019225597381592
239040,84,1.0046602487564087,1.0046602487564087,1.008292317390442,0.003632104257121682,1.0,1.0,0.0,0.0,0.0,273,35.5084114074707,fresh_online_exploration,21,23,1.0,1.0,10.353239059448242,4.898946762084961,5.781678199768066
239712,17,1.0040040016174316,1.0040040016174316,1.0078258514404297,0.0038218835834413767,1.0,1.0,0.0,0.0,0.0,277,35.95432662963867,fresh_online_exploration,21,23,1.0,1.0,10.350713729858398,4.9161906242370605,6.086123466491699
239712,63,1.0028504133224487,1.0028504133224487,1.0028613805770874,1.0951029253192246e-05,1.0,1.0,0.0,0.0,0.0,273,35.89807891845703,fresh_online_exploration,21,23,1.0,1.0,10.360369682312012,4.926017761230469,6.263508319854736
239712,76,1.0019274950027466,1.0019274950027466,1.0019402503967285,1.2672577213379554e-05,1.0,1.0,0.0,0.0,0.0,273,35.844398498535156,fresh_online_exploration,21,23,1.0,1.0,10.384122848510742,4.945967674255371,6.224417686462402
239712,89,1.0010206699371338,1.0010206699371338,1.0024681091308594,0.0014474382624030113,1.0,1.0,0.0,0.0,0.0,274,35.87007141113281,fresh_online_exploration,21,23,1.0,1.0,10.432570457458496,4.929559707641602,6.169857025146484
239904,50,1.0054795742034912,1.0054795742034912,1.005544662475586,6.505708006443456e-05,1.0,1.0,0.0,0.0,0.0,276,35.62984848022461,fresh_online_exploration,21,23,1.0,1.0,10.321386337280273,4.916331768035889,5.679234504699707
240000,29,1.0035666227340698,1.0035666227340698,1.0037890672683716,0.0002224330819444731,1.0,1.0,0.0,0.0,0.0,274,35.84486770629883,fresh_online_exploration,21,23,1.0,1.0,10.366559028625488,4.913078784942627,6.229856967926025
240192,70,1.0000007152557373,1.0000007152557373,1.0000454187393188,4.467269536689855e-05,1.0,1.0,0.0,0.0,0.0,272,35.649147033691406,fresh_online_exploration,21,24,1.0,1.0,10.400280952453613,4.907138824462891,6.27386474609375
240192,73,1.0066028833389282,1.0066028833389282,1.0066100358963013,7.189287316577975e-06,1.0,1.0,0.0,0.0,0.0,278,36.07828903198242,fresh_online_exploration,21,24,1.0,1.0,10.374905586242676,4.931044578552246,6.0894060134887695
240192,79,1.001530647277832,1.001530647277832,1.0015394687652588,8.829684702504892e-06,1.0,1.0,0.0,0.0,0.0,278,35.99295425415039,fresh_online_exploration,21,24,1.0,1.0,10.40780258178711,4.930675029754639,6.0986409187316895
240288,22,1.00526762008667,1.00526762008667,1.0085780620574951,0.0033103737514466047,1.0,1.0,0.0,0.0,0.0,279,36.08271026611328,fresh_online_exploration,21,24,1.0,1.0,10.389145851135254,4.937009811401367,5.991044998168945
240288,75,1.0020323991775513,1.0020323991775513,1.0053844451904297,0.0033520949073135853,1.0,1.0,0.0,0.0,0.0,275,35.941505432128906,fresh_online_exploration,21,24,1.0,1.0,10.369975090026855,4.926975250244141,6.129159450531006
240384,5,1.0020393133163452,1.0020393133163452,1.0020570755004883,1.7761271010385826e-05,1.0,1.0,0.0,0.0,0.0,272,35.839744567871094,fresh_online_exploration,21,24,1.0,1.0,10.347465515136719,4.949437141418457,6.290003776550293
240384,24,1.0024514198303223,1.0024514198303223,1.0026538372039795,0.0002024192363023758,1.0,1.0,0.0,0.0,0.0,278,35.59872055053711,fresh_online_exploration,21,24,1.0,1.0,10.398177146911621,4.910852909088135,5.538468360900879
240384,82,1.0036842823028564,1.0036842823028564,1.0037015676498413,1.729059476929251e-05,1.0,1.0,0.0,0.0,0.0,274,35.88161087036133,fresh_online_exploration,21,24,1.0,1.0,10.40439224243164,4.919576168060303,6.227476119995117
240480,8,1.0005438327789307,1.0005438327789307,1.000600814819336,5.691534170182422e-05,1.0,1.0,0.0,0.0,0.0,276,35.855735778808594,fresh_online_exploration,21,24,1.0,1.0,10.365540504455566,4.96065616607666,6.141841888427734
240480,54,1.0035309791564941,1.0035309791564941,1.011299967765808,0.007769015152007341,1.0,1.0,0.0,0.0,0.0,270,35.408607482910156,fresh_online_exploration,21,24,1.0,1.0,10.501182556152344,4.893682479858398,5.910141944885254
240480,71,1.0005313158035278,1.0005313158035278,1.0005402565002441,9.028556632983964e-06,1.0,1.0,0.0,0.0,0.0,277,35.51932907104492,fresh_online_exploration,21,24,1.0,1.0,10.428383827209473,4.907390117645264,5.593244552612305
240576,2,1.0026612281799316,1.0026612281799316,1.003426194190979,0.0007649696199223399,1.0,1.0,0.0,0.0,0.0,278,35.61727523803711,fresh_online_exploration,21,24,1.0,1.0,10.463540077209473,4.930036544799805,5.599518775939941
240576,30,1.0004421472549438,1.0004421472549438,1.0218513011932373,0.02140921726822853,1.0,1.0,0.0,0.0,0.0,271,35.74673843383789,fresh_online_exploration,21,24,1.0,1.0,10.455362319946289,4.894129276275635,6.322240829467773
240576,92,1.0032488107681274,1.0032488107681274,1.0130062103271484,0.00975729525089264,1.0,1.0,0.0,0.0,0.0,276,35.886558532714844,fresh_online_exploration,21,24,1.0,1.0,10.383196830749512,4.950284957885742,6.112842082977295
240672,12,1.0046098232269287,1.0046098232269287,1.0046175718307495,7.746276423858944e-06,1.0,1.0,0.0,0.0,0.0,274,35.92070007324219,fresh_online_exploration,21,24,1.0,1.0,10.386565208435059,4.8806962966918945,6.216884613037109
240672,49,1.000382900238037,1.000382900238037,1.0008851289749146,0.0005022203549742699,1.0,1.0,0.0,0.0,0.0,279,35.988494873046875,fresh_online_exploration,21,24,1.0,1.0,10.393084526062012,4.931304931640625,5.971496105194092
240768,69,1.005875587463379,1.005875587463379,1.0058971643447876,2.1617846869048662e-05,1.0,1.0,0.0,0.0,0.0,272,35.89564514160156,fresh_online_exploration,21,24,1.0,1.0,10.376659393310547,4.947501182556152,6.271599292755127
240768,88,1.0023679733276367,1.0023679733276367,1.0100421905517578,0.007674175780266523,1.0,1.0,0.0,0.0,0.0,275,35.88179016113281,fresh_online_exploration,21,24,1.0,1.0,10.370894432067871,4.895322799682617,6.192178249359131
240864,36,1.0035020112991333,1.0035020112991333,1.0035566091537476,5.462537956191227e-05,1.0,1.0,0.0,0.0,0.0,276,35.93809509277344,fresh_online_exploration,21,24,1.0,1.0,10.397674560546875,4.931543350219727,6.121906280517578
240864,60,1.0017495155334473,1.0017495155334473,1.004540205001831,0.0027907073963433504,1.0,1.0,0.0,0.0,0.0,270,35.77977752685547,fresh_online_exploration,21,24,1.0,1.0,10.384773254394531,4.929775238037109,6.282810211181641
240864,95,1.0008149147033691,1.0008149147033691,1.0135835409164429,0.012768713757395744,1.0,1.0,0.0,0.0,0.0,279,35.941078186035156,fresh_online_exploration,21,24,1.0,1.0,10.331045150756836,4.924471855163574,6.008840560913086
240960,33,1.004071831703186,1.004071831703186,1.0279300212860107,0.02385825850069523,1.0,1.0,0.0,0.0,0.0,278,35.96276092529297,fresh_online_exploration,21,24,0.9994444429874421,0.9944444298744202,10.293217658996582,4.95552396774292,6.061669826507568
240960,38,1.0027587413787842,1.0027587413787842,1.0262811183929443,0.0235223937779665,1.0,1.0,0.0,0.0,0.0,276,35.93827819824219,fresh_online_exploration,21,24,0.9994382023811341,0.9943820238113403,10.419885635375977,4.946062088012695,6.138831615447998
240960,48,1.0012811422348022,1.0012811422348022,1.0176138877868652,0.01633290760219097,1.0,1.0,0.0,0.0,0.0,270,35.74854278564453,fresh_online_exploration,21,24,1.0,1.0,10.410236358642578,4.972013473510742,6.326271057128906
240960,83,1.001574993133545,1.001574993133545,1.0016955137252808,0.00012050924851791933,1.0,1.0,0.0,0.0,0.0,281,35.674224853515625,fresh_online_exploration,21,24,1.0,1.0,10.426968574523926,4.962462425231934,5.482530117034912
240960,91,1.0022770166397095,1.0022770166397095,1.0061023235321045,0.003825359046459198,1.0,1.0,0.0,0.0,0.0,275,35.923004150390625,fresh_online_exploration,21,24,1.0,1.0,10.395807266235352,4.903822422027588,6.2287397384643555
241056,23,1.002935767173767,1.002935767173767,1.0029466152191162,1.0784131518448703e-05,1.0,1.0,0.0,0.0,0.0,274,35.83890151977539,fresh_online_exploration,21,24,1.0,1.0,10.36638069152832,4.901467323303223,6.162092685699463
241056,68,1.0018136501312256,1.0018136501312256,1.002861499786377,0.001047803438268602,1.0,1.0,0.0,0.0,0.0,275,35.88154983520508,fresh_online_exploration,21,24,1.0,1.0,10.351137161254883,4.93111515045166,6.207638740539551
241248,27,1.0045334100723267,1.0045334100723267,1.0079984664916992,0.003465051995590329,1.0,1.0,0.0,0.0,0.0,276,35.94032287597656,fresh_online_exploration,21,24,1.0,1.0,10.429163932800293,4.897207736968994,6.10556173324585
241248,32,1.000815749168396,1.000815749168396,1.0043309926986694,0.0035152232740074396,1.0,1.0,0.0,0.0,0.0,277,35.96025085449219,fresh_online_exploration,21,24,1.0,1.0,10.44918155670166,4.93088960647583,6.1159210205078125
241248,62,1.0026249885559082,1.0026249885559082,1.0028376579284668,0.00021262100199237466,1.0,1.0,0.0,0.0,0.0,274,35.83283233642578,fresh_online_exploration,21,24,1.0,1.0,10.361382484436035,4.909811019897461,6.183051586151123
241248,67,1.005333423614502,1.005333423614502,1.005345106124878,1.161701584351249e-05,1.0,1.0,0.0,0.0,0.0,278,36.06004333496094,fresh_online_exploration,21,24,1.0,1.0,10.362273216247559,4.906381130218506,6.062463760375977
241248,78,1.000626802444458,1.000626802444458,1.0080970525741577,0.007470203097909689,1.0,1.0,0.0,0.0,0.0,271,35.74984359741211,fresh_online_exploration,21,24,1.0,1.0,10.430519104003906,4.952653408050537,6.285386085510254
241344,25,1.0052909851074219,1.0052909851074219,1.0088510513305664,0.0035599847324192524,1.0,1.0,0.0,0.0,0.0,282,36.10254669189453,fresh_online_exploration,21,24,1.0,1.0,10.319741249084473,4.961605548858643,5.9457831382751465
241344,58,1.0062079429626465,1.0062079429626465,1.006736397743225,0.0005284257349558175,1.0,1.0,0.0,0.0,0.0,279,35.676963806152344,fresh_online_exploration,21,24,1.0,1.0,10.491147994995117,4.919208526611328,5.566135883331299
241536,37,1.004930853843689,1.004930853843689,1.0051214694976807,0.00019061917555518448,1.0,1.0,0.0,0.0,0.0,281,35.71780014038086,fresh_online_exploration,21,24,1.0,1.0,10.437176704406738,4.89777135848999,5.507608413696289
241632,90,1.003542184829712,1.003542184829712,1.007854700088501,0.004312482662498951,1.0,1.0,0.0,0.0,0.0,279,36.056907653808594,fresh_online_exploration,21,24,1.0,1.0,10.342456817626953,4.946426868438721,6.0747575759887695
241728,3,1.0023975372314453,1.0023975372314453,1.0024049282073975,7.320459644688526e-06,1.0,1.0,0.0,0.0,0.0,280,35.60593795776367,fresh_online_exploration,21,24,1.0,1.0,10.46034049987793,4.941729545593262,5.4822797775268555
241728,52,1.0010578632354736,1.0010578632354736,1.0028362274169922,0.0017783120274543762,1.0,1.0,0.0,0.0,0.0,274,35.52955627441406,fresh_online_exploration,21,24,1.0,1.0,10.48331356048584,4.944558620452881,5.795282363891602
241728,65,1.0050225257873535,1.0050225257873535,1.0067946910858154,0.0017722678603604436,1.0,1.0,0.0,0.0,0.0,278,35.978336334228516,fresh_online_exploration,21,24,1.0,1.0,10.390071868896484,4.946568489074707,6.047310829162598
241824,15,1.0042386054992676,1.0042386054992676,1.0042483806610107,9.758065971254837e-06,1.0,1.0,0.0,0.0,0.0,280,35.66777801513672,fresh_online_exploration,21,24,1.0,1.0,10.371006965637207,4.902751922607422,5.483780384063721
241824,51,1.000649094581604,1.000649094581604,1.0046436786651611,0.0039946953766047955,1.0,1.0,0.0,0.0,0.0,279,35.999813079833984,fresh_online_exploration,21,24,1.0,1.0,10.34677791595459,4.966518878936768,6.011044025421143
241920,42,1.0059401988983154,1.0059401988983154,1.0059535503387451,1.3287371075421106e-05,1.0,1.0,0.0,0.0,0.0,286,35.90550231933594,fresh_online_exploration,21,24,1.0,1.0,10.31124210357666,4.939394950866699,5.362117290496826
241920,74,1.0026236772537231,1.0026236772537231,1.0026389360427856,1.530036752228625e-05,1.0,1.0,0.0,0.0,0.0,278,35.62009048461914,fresh_online_exploration,21,24,1.0,1.0,10.477581024169922,4.953622341156006,5.590408802032471
242304,4,1.0014915466308594,1.0014915466308594,1.0014996528625488,8.064146641117986e-06,1.0,1.0,0.0,0.0,0.0,274,35.862369537353516,fresh_online_exploration,21,24,1.0,1.0,10.360342025756836,4.9276018142700195,6.182478427886963
242304,44,1.0029770135879517,1.0029770135879517,1.003075361251831,9.83527788775973e-05,1.0,1.0,0.0,0.0,0.0,275,35.92869567871094,fresh_online_exploration,21,24,1.0,1.0,10.376683235168457,4.922664165496826,6.181299686431885
242400,14,1.0025787353515625,1.0025787353515625,1.0026212930679321,4.2528849007794634e-05,1.0,1.0,0.0,0.0,0.0,285,35.74095153808594,fresh_online_exploration,21,24,1.0,1.0,10.382365226745605,4.972747325897217,5.337881088256836
242400,40,1.0038063526153564,1.0038063526153564,1.003839135169983,3.2744625059422106e-05,1.0,1.0,0.0,0.0,0.0,287,35.78961181640625,fresh_online_exploration,21,24,1.0,1.0,10.370227813720703,4.936060905456543,5.263455867767334
242400,47,1.0001229047775269,1.0001229047775269,1.0001325607299805,9.667003723734524e-06,1.0,1.0,0.0,0.0,0.0,286,35.738983154296875,fresh_online_exploration,21,24,1.0,1.0,10.308808326721191,4.906644821166992,5.278335094451904
242400,53,1.0024336576461792,1.0024336576461792,1.0024423599243164,8.761138815316372e-06,1.0,1.0,0.0,0.0,0.0,278,35.603416442871094,fresh_online_exploration,21,24,1.0,1.0,10.44466781616211,4.911582946777344,5.566409111022949
242496,16,1.0051686763763428,1.0051686763763428,1.005176067352295,7.507806003559381e-06,1.0,1.0,0.0,0.0,0.0,278,36.04663848876953,fresh_online_exploration,21,24,1.0,1.0,10.369958877563477,4.917280197143555,6.0936102867126465
242496,26,1.0029336214065552,1.0029336214065552,1.003037452697754,0.00010386531357653439,1.0,1.0,0.0,0.0,0.0,277,35.90754699707031,fresh_online_exploration,21,24,1.0,1.0,10.3287353515625,4.942051410675049,6.087152481079102
242496,34,1.0012153387069702,1.0012153387069702,1.001322865486145,0.0001075247855624184,1.0,1.0,0.0,0.0,0.0,280,35.610660552978516,fresh_online_exploration,21,24,1.0,1.0,10.302911758422852,4.961645126342773,5.532387733459473
242592,31,1.000169277191162,1.000169277191162,1.0001795291900635,1.0306470358045772e-05,1.0,1.0,0.0,0.0,0.0,282,35.67354202270508,fresh_online_exploration,21,24,1.0,1.0,10.413644790649414,4.937801361083984,5.497414588928223
242592,43,1.000048041343689,1.000048041343689,1.0000860691070557,3.8075828342698514e-05,1.0,1.0,0.0,0.0,0.0,277,35.918739318847656,fresh_online_exploration,21,24,1.0,1.0,10.445205688476562,4.91929817199707,6.074254989624023
242592,94,1.0017571449279785,1.0017571449279785,1.001767873764038,1.066464392351918e-05,1.0,1.0,0.0,0.0,0.0,282,35.586822509765625,fresh_online_exploration,21,24,1.0,1.0,10.45370101928711,4.945237636566162,5.438568115234375
242688,18,1.0048319101333618,1.0048319101333618,1.0086524486541748,0.0038206633180379868,1.0,1.0,0.0,0.0,0.0,276,35.94221878051758,fresh_online_exploration,21,24,1.0,1.0,10.408626556396484,4.955999851226807,6.097572326660156
242688,21,1.001650333404541,1.001650333404541,1.002953290939331,0.001302967662923038,1.0,1.0,0.0,0.0,0.0,278,35.57358169555664,fresh_online_exploration,21,24,1.0,1.0,10.345931053161621,4.933923721313477,5.594464302062988
242688,64,1.0050535202026367,1.0050535202026367,1.005068063735962,1.453492950531654e-05,1.0,1.0,0.0,0.0,0.0,283,35.81224060058594,fresh_online_exploration,21,24,1.0,1.0,10.395341873168945,4.9313812255859375,5.482451438903809
242784,0,1.0052562952041626,1.0052562952041626,1.005581259727478,0.00032497610663995147,1.0,1.0,0.0,0.0,0.0,278,36.072601318359375,fresh_online_exploration,21,24,1.0,1.0,10.387676239013672,4.919750690460205,6.0503692626953125
242784,46,1.0046815872192383,1.0046815872192383,1.0046961307525635,1.4469940651906654e-05,1.0,1.0,0.0,0.0,0.0,282,35.68878173828125,fresh_online_exploration,21,24,1.0,1.0,10.458856582641602,4.904634475708008,5.42299222946167
242784,85,1.0023988485336304,1.0023988485336304,1.0024902820587158,9.136526205111295e-05,1.0,1.0,0.0,0.0,0.0,277,35.96305465698242,fresh_online_exploration,21,24,1.0,1.0,10.444307327270508,4.908658504486084,6.0837297439575195
242976,11,1.0059705972671509,1.0059705972671509,1.005986213684082,1.5693985915277153e-05,1.0,1.0,0.0,0.0,0.0,278,35.71513748168945,fresh_online_exploration,21,24,1.0,1.0,10.41400146484375,4.903160095214844,5.623412132263184
242976,57,1.0030837059020996,1.0030837059020996,1.0068508386611938,0.0037671406753361225,1.0,1.0,0.0,0.0,0.0,281,36.029449462890625,fresh_online_exploration,21,24,1.0,1.0,10.35815143585205,4.912116527557373,5.939374923706055
243168,19,1.0045515298843384,1.0045515298843384,1.0258314609527588,0.02127993293106556,1.0,1.0,0.0,0.0,0.0,275,35.615230560302734,fresh_online_exploration,21,24,1.0,1.0,10.436129570007324,4.9134697914123535,5.712536811828613
243168,87,1.0005656480789185,1.0005656480789185,1.0008729696273804,0.0003073005937039852,1.0,1.0,0.0,0.0,0.0,281,35.61038589477539,fresh_online_exploration,21,24,1.0,1.0,10.424203872680664,4.9250922203063965,5.492161750793457
243264,6,1.0052769184112549,1.0052769184112549,1.0054749250411987,0.00019797496497631073,1.0,1.0,0.0,0.0,0.0,281,36.139434814453125,fresh_online_exploration,21,24,1.0,1.0,10.363065719604492,4.920072078704834,6.02778434753418
243264,28,1.0008163452148438,1.0008163452148438,1.0020792484283447,0.0012628630502149463,1.0,1.0,0.0,0.0,0.0,278,35.916847229003906,fresh_online_exploration,21,24,1.0,1.0,10.358026504516602,4.935125350952148,6.029810905456543
243360,10,1.0003485679626465,1.0003485679626465,1.0003564357757568,7.835296855773777e-06,1.0,1.0,0.0,0.0,0.0,280,35.64581298828125,fresh_online_exploration,21,24,1.0,1.0,10.414573669433594,4.9327311515808105,5.538083076477051
243456,7,1.002170443534851,1.002170443534851,1.013161301612854,0.010990841314196587,1.0,1.0,0.0,0.0,0.0,276,35.9140739440918,fresh_online_exploration,21,24,1.0,1.0,10.420928001403809,4.97219705581665,6.105342388153076
243456,59,1.0007350444793701,1.0007350444793701,1.00075101852417,1.6046104065026157e-05,1.0,1.0,0.0,0.0,0.0,280,35.60514831542969,fresh_online_exploration,21,24,1.0,1.0,10.429841995239258,4.961347579956055,5.5041117668151855
243456,66,1.005639672279358,1.005639672279358,1.008723258972168,0.0030836632940918207,1.0,1.0,0.0,0.0,0.0,277,36.02146911621094,fresh_online_exploration,21,24,1.0,1.0,10.369747161865234,4.944884300231934,6.110510349273682
243648,41,1.004219889640808,1.004219889640808,1.0194768905639648,0.015256962738931179,1.0,1.0,0.0,0.0,0.0,277,35.97148895263672,fresh_online_exploration,21,24,1.0,1.0,10.370203971862793,4.92226505279541,6.077611923217773
243744,35,1.0003509521484375,1.0003509521484375,1.0003962516784668,4.522394374362193e-05,1.0,1.0,0.0,0.0,0.0,281,35.62181091308594,fresh_online_exploration,21,24,1.0,1.0,10.425179481506348,4.916520595550537,5.4615888595581055
243936,80,1.0028996467590332,1.0028996467590332,1.0034232139587402,0.0005235268617980182,1.0,1.0,0.0,0.0,0.0,276,35.93409729003906,fresh_online_exploration,21,24,1.0,1.0,10.38239574432373,4.95410680770874,6.138197898864746
244032,45,1.0049959421157837,1.0049959421157837,1.005011796951294,1.5802670532139018e-05,1.0,1.0,0.0,0.0,0.0,282,35.71525573730469,fresh_online_exploration,21,24,1.0,1.0,10.425447463989258,4.962377071380615,5.436152458190918
244128,61,1.001874566078186,1.001874566078186,1.0019091367721558,3.454112811596133e-05,1.0,1.0,0.0,0.0,0.0,283,35.69831848144531,fresh_online_exploration,21,24,1.0,1.0,10.34531021118164,4.948558330535889,5.418485641479492
244320,55,1.0007611513137817,1.0007611513137817,1.0007755756378174,1.449830142519204e-05,1.0,1.0,0.0,0.0,0.0,283,35.67616271972656,fresh_online_exploration,21,24,1.0,1.0,10.352021217346191,4.93097448348999,5.407657623291016
245376,20,1.0055742263793945,1.0055742263793945,1.0275278091430664,0.021953461691737175,1.0,1.0,0.0,0.0,0.0,275,35.61946105957031,fresh_online_exploration,21,24,1.0,1.0,10.522955894470215,4.981820583343506,5.727850437164307
246432,1,1.0007312297821045,1.0007312297821045,1.0007466077804565,1.5375404473161325e-05,1.0,1.0,0.0,0.0,0.0,289,35.811126708984375,fresh_online_exploration,21,24,1.0,1.0,10.381465911865234,4.990555763244629,5.272548198699951
262848,86,1.0044137239456177,1.0044137239456177,1.004422903060913,9.114944077737164e-06,1.0,1.0,0.0,0.0,0.0,279,35.691959381103516,fresh_online_exploration,23,24,1.0,1.0,10.30935287475586,5.069733619689941,5.6674299240112305
264672,72,1.000718116760254,1.000718116760254,1.000726342201233,8.209677616832778e-06,1.0,1.0,0.0,0.0,0.0,280,35.96784973144531,fresh_online_exploration,23,24,1.0,1.0,10.363512992858887,5.047314643859863,5.985199451446533
264768,77,1.0033084154129028,1.0033084154129028,1.0125045776367188,0.009196139872074127,1.0,1.0,0.0,0.0,0.0,275,35.52887725830078,fresh_online_exploration,23,24,1.0,1.0,10.498744010925293,5.038645267486572,5.686498641967773
265056,56,1.0003410577774048,1.0003410577774048,1.0022591352462769,0.0019181221723556519,1.0,1.0,0.0,0.0,0.0,273,35.756736755371094,fresh_online_exploration,23,24,1.0,1.0,10.42553997039795,5.062344551086426,6.186578750610352
265056,93,1.0024304389953613,1.0024304389953613,1.004272222518921,0.001841825433075428,1.0,1.0,0.0,0.0,0.0,272,35.48387145996094,fresh_online_exploration,23,24,1.0,1.0,10.319082260131836,5.052649974822998,5.873997688293457
265152,39,1.0016870498657227,1.0016870498657227,1.00277841091156,0.0010913670994341373,1.0,1.0,0.0,0.0,0.0,276,35.934139251708984,fresh_online_exploration,23,24,1.0,1.0,10.404397010803223,5.042991638183594,6.142221927642822
265152,84,1.004496693611145,1.004496693611145,1.0045133829116821,1.669819357630331e-05,1.0,1.0,0.0,0.0,0.0,272,35.50788116455078,fresh_online_exploration,23,24,1.0,1.0,10.273860931396484,5.062100410461426,5.8861589431762695
265248,9,1.0052928924560547,1.0052928924560547,1.0098867416381836,0.004593905061483383,1.0,1.0,0.0,0.0,0.0,276,35.946250915527344,fresh_online_exploration,23,24,1.0,1.0,10.44404125213623,5.044139862060547,6.163351058959961
265536,13,1.0020095109939575,1.0020095109939575,1.0020203590393066,1.0751889931270853e-05,1.0,1.0,0.0,0.0,0.0,283,35.69578170776367,fresh_online_exploration,23,24,1.0,1.0,10.339176177978516,5.036808967590332,5.408535003662109
265824,50,1.0059471130371094,1.0059471130371094,1.0154640674591064,0.009517180733382702,1.0,1.0,0.0,0.0,0.0,270,35.46619415283203,fresh_online_exploration,23,24,1.0,1.0,10.482260704040527,5.052939414978027,5.938817501068115
265920,22,1.005264163017273,1.005264163017273,1.0189094543457031,0.013645325787365437,1.0,1.0,0.0,0.0,0.0,267,35.37795639038086,fresh_online_exploration,24,24,1.0,1.0,10.301318168640137,5.014343738555908,6.095020771026611
265920,81,1.0011672973632812,1.0011672973632812,1.0132081508636475,0.012041000649333,1.0,1.0,0.0,0.0,0.0,281,35.652976989746094,fresh_online_exploration,23,24,1.0,1.0,10.425826072692871,5.0420708656311035,5.476003646850586
266400,89,1.0034375190734863,1.0034375190734863,1.0060877799987793,0.0026502511464059353,1.0,1.0,0.0,0.0,0.0,278,35.99983596801758,fresh_online_exploration,23,24,1.0,1.0,10.328775405883789,5.062436580657959,6.098884105682373
266592,63,1.002632737159729,1.002632737159729,1.002650499343872,1.7787659089663066e-05,1.0,1.0,0.0,0.0,0.0,280,36.02869415283203,fresh_online_exploration,23,24,1.0,1.0,10.34850788116455,5.0314226150512695,5.9364848136901855
266688,5,1.0019899606704712,1.0019899606704712,1.0071048736572266,0.0051148273050785065,1.0,1.0,0.0,0.0,0.0,274,35.47200012207031,fresh_online_exploration,24,24,1.0,1.0,10.489465713500977,5.096299648284912,5.683104991912842
266688,17,1.003609299659729,1.003609299659729,1.003688097000122,7.875907613197342e-05,1.0,1.0,0.0,0.0,0.0,281,35.644996643066406,fresh_online_exploration,23,24,1.0,1.0,10.371352195739746,5.055174350738525,5.474135398864746
266688,76,1.0042204856872559,1.0042204856872559,1.0044782161712646,0.00025782265583984554,1.0,1.0,0.0,0.0,0.0,281,35.75034713745117,fresh_online_exploration,23,24,1.0,1.0,10.374791145324707,5.074134826660156,5.533465385437012
266784,29,1.0035799741744995,1.0035799741744995,1.003692388534546,0.0001124758564401418,1.0,1.0,0.0,0.0,0.0,279,35.97930145263672,fresh_online_exploration,23,24,1.0,1.0,10.345535278320312,5.016854286193848,6.0274858474731445
266976,70,1.0034382343292236,1.0034382343292236,1.003525733947754,8.743915532249957e-05,1.0,1.0,0.0,0.0,0.0,279,35.951148986816406,fresh_online_exploration,24,24,1.0,1.0,10.411290168762207,5.0816802978515625,6.049696922302246
266976,71,1.0008047819137573,1.0008047819137573,1.0008125305175781,7.752002602501307e-06,1.0,1.0,0.0,0.0,0.0,276,35.91096878051758,fresh_online_exploration,24,24,1.0,1.0,10.350214958190918,5.059988498687744,6.128044605255127
267072,30,1.0037314891815186,1.0037314891815186,1.0079578161239624,0.004226355347782373,1.0,1.0,0.0,0.0,0.0,276,35.9615478515625,fresh_online_exploration,24,24,1.0,1.0,10.443835258483887,5.0555620193481445,6.205682277679443
267072,38,1.002298355102539,1.002298355102539,1.0093684196472168,0.007070111110806465,1.0,1.0,0.0,0.0,0.0,272,35.82613754272461,fresh_online_exploration,24,24,1.0,1.0,10.431755065917969,5.117674827575684,6.281424522399902
267072,54,1.0033609867095947,1.0033609867095947,1.0055136680603027,0.0021527158096432686,1.0,1.0,0.0,0.0,0.0,277,35.91664123535156,fresh_online_exploration,24,24,1.0,1.0,10.373774528503418,5.089717864990234,6.153242111206055
267072,82,1.0038501024246216,1.0038501024246216,1.008427381515503,0.004577343352138996,1.0,1.0,0.0,0.0,0.0,278,36.014076232910156,fresh_online_exploration,24,24,1.0,1.0,10.423224449157715,5.0612568855285645,6.083240509033203
267168,2,1.0011582374572754,1.0011582374572754,1.0012694597244263,0.00011124418233521283,1.0,1.0,0.0,0.0,0.0,277,35.915916442871094,fresh_online_exploration,24,24,1.0,1.0,10.406652450561523,5.060245513916016,6.062973499298096
267168,49,1.0017468929290771,1.0017468929290771,1.0077846050262451,0.006037733517587185,1.0,1.0,0.0,0.0,0.0,276,35.94485092163086,fresh_online_exploration,24,24,1.0,1.0,10.468801498413086,5.06080436706543,6.173224449157715
267168,69,1.0051883459091187,1.0051883459091187,1.0102816820144653,0.005093282088637352,1.0,1.0,0.0,0.0,0.0,275,35.56479263305664,fresh_online_exploration,24,24,1.0,1.0,10.44976806640625,5.084939956665039,5.706328392028809
267168,75,1.0017344951629639,1.0017344951629639,1.005712628364563,0.00397815927863121,1.0,1.0,0.0,0.0,0.0,280,36.0249137878418,fresh_online_exploration,24,24,1.0,1.0,10.315478324890137,5.023652076721191,5.979301929473877
267264,73,1.0024436712265015,1.0024436712265015,1.0064051151275635,0.003961419221013784,1.0,1.0,0.0,0.0,0.0,282,36.04480743408203,fresh_online_exploration,24,24,1.0,1.0,10.370138168334961,5.0591840744018555,5.92418098449707
267264,79,1.0043412446975708,1.0043412446975708,1.0200517177581787,0.015710579231381416,1.0,1.0,0.0,0.0,0.0,282,35.78086853027344,fresh_online_exploration,24,24,1.0,1.0,10.440521240234375,5.0677337646484375,5.496603965759277
267360,25,1.0005263090133667,1.0005263090133667,1.027665615081787,0.027139244601130486,1.0,1.0,0.0,0.0,0.0,271,35.75579833984375,fresh_online_exploration,24,24,1.0,1.0,10.422802925109863,5.0615620613098145,6.323253154754639
267456,24,1.0011972188949585,1.0011972188949585,1.0053044557571411,0.004107206128537655,1.0,1.0,0.0,0.0,0.0,282,36.029666900634766,fresh_online_exploration,24,24,1.0,1.0,10.376394271850586,5.0586419105529785,5.884441375732422
267456,32,1.0056251287460327,1.0056251287460327,1.0056354999542236,1.0356909115216695e-05,1.0,1.0,0.0,0.0,0.0,273,35.95134353637695,fresh_online_exploration,24,24,1.0,1.0,10.43973159790039,5.0958967208862305,6.3000569343566895
267456,88,1.0042741298675537,1.0042741298675537,1.009108543395996,0.00483436044305563,1.0,1.0,0.0,0.0,0.0,278,35.983314514160156,fresh_online_exploration,24,24,1.0,1.0,10.389023780822754,5.074851036071777,6.083963871002197
267456,92,1.0050151348114014,1.0050151348114014,1.0050239562988281,8.851064194459468e-06,1.0,1.0,0.0,0.0,0.0,280,36.05302429199219,fresh_online_exploration,24,24,1.0,1.0,10.343448638916016,5.036281108856201,5.998331546783447
267552,8,1.0042221546173096,1.0042221546173096,1.0062966346740723,0.0020744542125612497,1.0,1.0,0.0,0.0,0.0,282,36.04726028442383,fresh_online_exploration,24,24,1.0,1.0,10.345495223999023,5.065201759338379,5.941422462463379
267552,23,1.00153386592865,1.00153386592865,1.001922369003296,0.0003884578763972968,1.0,1.0,0.0,0.0,0.0,276,35.87400817871094,fresh_online_exploration,24,24,1.0,1.0,10.345734596252441,5.04048490524292,6.137146472930908
267552,33,1.004119873046875,1.004119873046875,1.0041306018829346,1.0695477612898685e-05,1.0,1.0,0.0,0.0,0.0,277,35.542171478271484,fresh_online_exploration,24,24,1.0,1.0,10.427438735961914,5.109010696411133,5.617898464202881
267552,60,1.001560091972351,1.001560091972351,1.0061731338500977,0.004613046068698168,1.0,1.0,0.0,0.0,0.0,278,35.53433609008789,fresh_online_exploration,24,24,1.0,1.0,10.510038375854492,5.038631439208984,5.549491882324219
267648,36,1.005118489265442,1.005118489265442,1.0051636695861816,4.508172060013749e-05,1.0,1.0,0.0,0.0,0.0,279,36.0771484375,fresh_online_exploration,24,24,1.0,1.0,10.408604621887207,5.036433219909668,6.043788909912109
267936,12,1.0045289993286133,1.0045289993286133,1.00498628616333,0.00045720883645117283,1.0,1.0,0.0,0.0,0.0,284,36.16404342651367,fresh_online_exploration,24,24,1.0,1.0,10.3167724609375,5.075253009796143,5.891369342803955
267936,48,1.0036591291427612,1.0036591291427612,1.007379174232483,0.003719997126609087,1.0,1.0,0.0,0.0,0.0,281,35.655906677246094,fresh_online_exploration,24,24,1.0,1.0,10.447548866271973,5.111404895782471,5.443044662475586
267936,68,1.0024510622024536,1.0024510622024536,1.002460241317749,9.173912985716015e-06,1.0,1.0,0.0,0.0,0.0,280,35.69037628173828,fresh_online_exploration,24,24,1.0,1.0,10.413111686706543,5.040940284729004,5.560758113861084
268032,27,1.003304362297058,1.003304362297058,1.0033209323883057,1.6529882486793213e-05,1.0,1.0,0.0,0.0,0.0,279,36.00996398925781,fresh_online_exploration,24,24,1.0,1.0,10.337815284729004,5.098030090332031,6.01775598526001
268032,52,1.0006873607635498,1.0006873607635498,1.0043048858642578,0.0036176389548927546,1.0,1.0,0.0,0.0,0.0,274,35.77897262573242,fresh_online_exploration,24,24,1.0,1.0,10.41485595703125,5.067985534667969,6.207657814025879
268032,91,1.0052052736282349,1.0052052736282349,1.0057251453399658,0.0005198639701120555,1.0,1.0,0.0,0.0,0.0,282,36.20105743408203,fresh_online_exploration,24,24,1.0,1.0,10.43115520477295,5.098217010498047,5.976450443267822
268224,62,1.004797339439392,1.004797339439392,1.0070048570632935,0.002207445679232478,1.0,1.0,0.0,0.0,0.0,281,35.713844299316406,fresh_online_exploration,24,24,1.0,1.0,10.402430534362793,5.09746789932251,5.485187530517578
268320,42,1.002772331237793,1.002772331237793,1.0074758529663086,0.00470339972525835,1.0,1.0,0.0,0.0,0.0,275,35.865081787109375,fresh_online_exploration,24,24,1.0,1.0,10.376703262329102,5.071888446807861,6.1417155265808105
268320,78,1.0039088726043701,1.0039088726043701,1.0077543258666992,0.003845357336103916,1.0,1.0,0.0,0.0,0.0,282,36.03589630126953,fresh_online_exploration,24,24,1.0,1.0,10.34119701385498,5.0965895652771,5.989343643188477
268416,15,1.0051857233047485,1.0051857233047485,1.0054981708526611,0.0003125725779682398,1.0,1.0,0.0,0.0,0.0,277,35.98237609863281,fresh_online_exploration,24,24,1.0,1.0,10.414346694946289,5.075400352478027,6.1240553855896
268416,37,1.0048730373382568,1.0048730373382568,1.0097424983978271,0.004869411699473858,1.0,1.0,0.0,0.0,0.0,280,36.0589485168457,fresh_online_exploration,24,24,1.0,1.0,10.37221622467041,5.06999397277832,6.037388801574707
268416,47,1.0044094324111938,1.0044094324111938,1.0108944177627563,0.00648500956594944,1.0,1.0,0.0,0.0,0.0,271,35.82633972167969,fresh_online_exploration,24,24,1.0,1.0,10.401229858398438,5.056412696838379,6.299661636352539
268416,51,1.0029394626617432,1.0029394626617432,1.0077166557312012,0.004777165595442057,1.0,1.0,0.0,0.0,0.0,277,36.01831817626953,fresh_online_exploration,24,24,1.0,1.0,10.417428016662598,5.052730083465576,6.1424102783203125
268416,58,1.0008281469345093,1.0008281469345093,1.000956416130066,0.00012826900638174266,1.0,1.0,0.0,0.0,0.0,282,36.07256317138672,fresh_online_exploration,24,24,1.0,1.0,10.360666275024414,5.067151069641113,5.916836738586426
268416,65,1.0049476623535156,1.0049476623535156,1.0049915313720703,4.387864828458987e-05,1.0,1.0,0.0,0.0,0.0,278,36.017940521240234,fresh_online_exploration,24,24,1.0,1.0,10.423748970031738,5.084987640380859,6.065533638000488
268416,83,1.0066379308700562,1.0066379308700562,1.0068556070327759,0.0002177161950385198,1.0,1.0,0.0,0.0,0.0,286,35.76683807373047,fresh_online_exploration,24,24,1.0,1.0,10.374982833862305,5.096444129943848,5.283288955688477
268416,95,1.0020986795425415,1.0020986795425415,1.0021145343780518,1.5820070984773338e-05,1.0,1.0,0.0,0.0,0.0,287,35.76922607421875,fresh_online_exploration,24,24,1.0,1.0,10.25815200805664,5.0531840324401855,5.310244560241699
268608,4,1.003841757774353,1.003841757774353,1.0271928310394287,0.023351185023784637,1.0,1.0,0.0,0.0,0.0,274,35.92091369628906,fresh_online_exploration,24,24,0.9994444429874421,0.9944444298744202,10.406818389892578,5.07478141784668,6.221881866455078
268608,67,1.0039974451065063,1.0039974451065063,1.004006266593933,8.812461601337418e-06,1.0,1.0,0.0,0.0,0.0,285,35.72777557373047,fresh_online_exploration,24,24,1.0,1.0,10.351679801940918,5.103455066680908,5.358449459075928
268704,3,1.0059114694595337,1.0059114694595337,1.0059666633605957,5.5189877457451075e-05,1.0,1.0,0.0,0.0,0.0,281,35.710960388183594,fresh_online_exploration,24,24,1.0,1.0,10.43005657196045,5.075206279754639,5.474763870239258
268800,53,1.0030179023742676,1.0030179023742676,1.0076267719268799,0.004608921706676483,1.0,1.0,0.0,0.0,0.0,275,35.90019226074219,fresh_online_exploration,24,24,1.0,1.0,10.369392395019531,5.0428948402404785,6.214480876922607
268800,74,1.0051857233047485,1.0051857233047485,1.0052080154418945,2.2220714527065866e-05,1.0,1.0,0.0,0.0,0.0,280,36.06517791748047,fresh_online_exploration,24,24,1.0,1.0,10.382783889770508,5.069579124450684,6.0362772941589355
268800,90,1.0009108781814575,1.0009108781814575,1.001530408859253,0.0006196206086315215,1.0,1.0,0.0,0.0,0.0,283,35.72539138793945,fresh_online_exploration,24,24,1.0,1.0,10.350101470947266,5.061912536621094,5.453166484832764
268896,40,1.004442572593689,1.004442572593689,1.0063972473144531,0.001954703126102686,1.0,1.0,0.0,0.0,0.0,276,35.93391036987305,fresh_online_exploration,24,24,1.0,1.0,10.352614402770996,5.057271957397461,6.1566290855407715
268992,44,1.0044636726379395,1.0044636726379395,1.0044949054718018,3.1215862691169605e-05,1.0,1.0,0.0,0.0,0.0,278,36.01606369018555,fresh_online_exploration,24,24,1.0,1.0,10.372180938720703,5.0570173263549805,6.094981670379639
269088,0,1.003991961479187,1.003991961479187,1.0085439682006836,0.004551874473690987,1.0,1.0,0.0,0.0,0.0,274,35.90511703491211,fresh_online_exploration,24,24,1.0,1.0,10.363116264343262,5.047085762023926,6.232521057128906
269184,34,1.0057450532913208,1.0057450532913208,1.006091594696045,0.00034645269624888897,1.0,1.0,0.0,0.0,0.0,278,36.00858688354492,fresh_online_exploration,24,24,1.0,1.0,10.356472969055176,5.071821689605713,6.032507419586182
269184,57,1.003382682800293,1.003382682800293,1.028335452079773,0.024952685460448265,1.0,1.0,0.0,0.0,0.0,273,35.84042739868164,fresh_online_exploration,24,24,1.0,1.0,10.430865287780762,5.059327602386475,6.271275520324707
269280,14,1.0023472309112549,1.0023472309112549,1.002361536026001,1.424631591362413e-05,1.0,1.0,0.0,0.0,0.0,280,36.036094665527344,fresh_online_exploration,24,24,1.0,1.0,10.348496437072754,5.061384201049805,5.985896587371826
269280,31,1.003454566001892,1.003454566001892,1.003471851348877,1.7264886992052197e-05,1.0,1.0,0.0,0.0,0.0,278,35.97761535644531,fresh_online_exploration,24,24,1.0,1.0,10.387293815612793,5.06915283203125,6.067216396331787
269376,18,1.0001494884490967,1.0001494884490967,1.000244379043579,9.491766104474664e-05,1.0,1.0,0.0,0.0,0.0,278,35.91270446777344,fresh_online_exploration,24,24,1.0,1.0,10.396821022033691,5.0634050369262695,6.023430824279785
269376,64,1.001501202583313,1.001501202583313,1.0017032623291016,0.000202115552383475,1.0,1.0,0.0,0.0,0.0,278,35.97199630737305,fresh_online_exploration,24,24,1.0,1.0,10.408221244812012,5.06436014175415,6.058609485626221
269472,26,1.0029802322387695,1.0029802322387695,1.0065480470657349,0.0035678395070135593,1.0,1.0,0.0,0.0,0.0,281,35.97431564331055,fresh_online_exploration,24,24,1.0,1.0,10.328303337097168,5.090089321136475,5.961122989654541
269472,43,1.0060683488845825,1.0060683488845825,1.0079885721206665,0.0019202700350433588,1.0,1.0,0.0,0.0,0.0,280,35.6346321105957,fresh_online_exploration,24,24,1.0,1.0,10.459111213684082,5.106138229370117,5.517764091491699
269568,7,1.0042471885681152,1.0042471885681152,1.004256010055542,8.852239261614159e-06,1.0,1.0,0.0,0.0,0.0,272,35.86638259887695,fresh_online_exploration,24,24,1.0,1.0,10.410957336425781,5.025615692138672,6.348276615142822
269568,11,1.0026907920837402,1.0026907920837402,1.0027050971984863,1.4272573935159016e-05,1.0,1.0,0.0,0.0,0.0,277,35.965538024902344,fresh_online_exploration,24,24,1.0,1.0,10.380656242370605,5.053879737854004,6.122333526611328
269664,19,1.005098819732666,1.005098819732666,1.0172922611236572,0.012193507514894009,1.0,1.0,0.0,0.0,0.0,276,35.9923095703125,fresh_online_exploration,24,24,1.0,1.0,10.336791038513184,5.095193386077881,6.138777732849121
269760,10,1.0017516613006592,1.0017516613006592,1.0198893547058105,0.01813778653740883,1.0,1.0,0.0,0.0,0.0,275,35.876094818115234,fresh_online_exploration,24,24,1.0,1.0,10.406296730041504,5.071996212005615,6.146816253662109
269760,21,1.005220651626587,1.005220651626587,1.0182247161865234,0.013004203327000141,1.0,1.0,0.0,0.0,0.0,282,36.09638977050781,fresh_online_exploration,24,24,1.0,1.0,10.31132984161377,5.082172393798828,5.918879985809326
269760,85,1.0052226781845093,1.0052226781845093,1.006901741027832,0.0016790622612461448,1.0,1.0,0.0,0.0,0.0,281,35.79835510253906,fresh_online_exploration,24,24,1.0,1.0,10.343230247497559,5.044467926025391,5.524557113647461
269760,87,1.0060843229293823,1.0060843229293823,1.0060981512069702,1.3810016753268428e-05,1.0,1.0,0.0,0.0,0.0,277,36.01718521118164,fresh_online_exploration,24,24,1.0,1.0,10.4091157913208,5.0858635902404785,6.151797771453857
269856,16,1.0003265142440796,1.0003265142440796,1.0003461837768555,1.96473174582934e-05,1.0,1.0,0.0,0.0,0.0,285,36.109317779541016,fresh_online_exploration,24,24,1.0,1.0,10.290651321411133,5.080447673797607,5.776435852050781
269856,94,1.001312255859375,1.001312255859375,1.0013262033462524,1.3958597264718264e-05,1.0,1.0,0.0,0.0,0.0,284,35.753868103027344,fresh_online_exploration,24,24,1.0,1.0,10.430152893066406,5.075571060180664,5.3951215744018555
270048,28,1.003397822380066,1.003397822380066,1.0034055709838867,7.84291660238523e-06,1.0,1.0,0.0,0.0,0.0,279,36.014251708984375,fresh_online_exploration,24,24,1.0,1.0,10.381023406982422,5.079946041107178,6.028979778289795
270144,41,1.0058512687683105,1.0058512687683105,1.005859375,8.100845661829226e-06,1.0,1.0,0.0,0.0,0.0,276,36.01197052001953,fresh_online_exploration,24,24,1.0,1.0,10.42469596862793,5.059681415557861,6.15024471282959
270144,66,1.0005457401275635,1.0005457401275635,1.0128275156021118,0.012281750328838825,1.0,1.0,0.0,0.0,0.0,278,35.610992431640625,fresh_online_exploration,24,24,1.0,1.0,10.457751274108887,5.065751552581787,5.56001091003418
270240,46,1.000139832496643,1.000139832496643,1.000237226486206,9.738375229062513e-05,1.0,1.0,0.0,0.0,0.0,286,35.651458740234375,fresh_online_exploration,24,24,1.0,1.0,10.358695030212402,5.053774356842041,5.260122299194336
270336,55,1.0044347047805786,1.0044347047805786,1.0261075496673584,0.0216726902872324,1.0,1.0,0.0,0.0,0.0,271,35.56828308105469,fresh_online_exploration,24,24,1.0,1.0,10.469491004943848,5.0654072761535645,5.931878089904785
270336,59,1.0035680532455444,1.0035680532455444,1.003591775894165,2.3814318410586566e-05,1.0,1.0,0.0,0.0,0.0,280,36.02150344848633,fresh_online_exploration,24,24,1.0,1.0,10.312784194946289,5.051619529724121,5.975712299346924
270528,6,1.0048686265945435,1.0048686265945435,1.0087594985961914,0.0038908703718334436,1.0,1.0,0.0,0.0,0.0,284,36.18107604980469,fresh_online_exploration,24,24,1.0,1.0,10.370643615722656,5.061410903930664,5.906238555908203
270624,61,1.0037189722061157,1.0037189722061157,1.0037434101104736,2.4433327780570835e-05,1.0,1.0,0.0,0.0,0.0,276,35.9537353515625,fresh_online_exploration,24,24,1.0,1.0,10.429603576660156,5.052299976348877,6.154332160949707
271296,35,1.0008293390274048,1.0008293390274048,1.0008440017700195,1.4659442967968062e-05,1.0,1.0,0.0,0.0,0.0,287,35.81961441040039,fresh_online_exploration,24,24,1.0,1.0,10.371015548706055,5.090204238891602,5.311074733734131
271296,80,1.0045764446258545,1.0045764446258545,1.004849910736084,0.0002734668378252536,1.0,1.0,0.0,0.0,0.0,285,35.67511749267578,fresh_online_exploration,24,24,1.0,1.0,10.438396453857422,5.069098472595215,5.300065040588379
271488,45,1.0020290613174438,1.0020290613174438,1.0020437240600586,1.4734525393578224e-05,1.0,1.0,0.0,0.0,0.0,286,35.81964874267578,fresh_online_exploration,24,24,1.0,1.0,10.377608299255371,5.059974193572998,5.377815246582031
272736,1,1.004830241203308,1.004830241203308,1.0100384950637817,0.00520823011174798,1.0,1.0,0.0,0.0,0.0,274,35.916194915771484,fresh_online_exploration,24,24,1.0,1.0,10.41703987121582,5.092287063598633,6.188080787658691
273312,20,1.0037657022476196,1.0037657022476196,1.0037884712219238,2.270797995151952e-05,1.0,1.0,0.0,0.0,0.0,291,35.94396209716797,fresh_online_exploration,24,24,1.0,1.0,10.326868057250977,5.0568695068359375,5.2106242179870605
287808,86,1.0029586553573608,1.0029586553573608,1.0091533660888672,0.006194567307829857,1.0,1.0,0.0,0.0,0.0,260,35.20336151123047,fresh_online_exploration,24,24,1.0,1.0,10.30246639251709,5.087839603424072,6.400671005249023
291456,72,1.0030039548873901,1.0030039548873901,1.0075631141662598,0.004559200722724199,1.0,1.0,0.0,0.0,0.0,279,35.62101745605469,fresh_online_exploration,24,24,1.0,1.0,10.349061012268066,5.041141986846924,5.582564830780029
291456,93,1.0018372535705566,1.0018372535705566,1.0056484937667847,0.0038112960755825043,1.0,1.0,0.0,0.0,0.0,275,35.896278381347656,fresh_online_exploration,24,24,1.0,1.0,10.379677772521973,5.072433948516846,6.205219268798828
291648,77,1.0032590627670288,1.0032590627670288,1.0032705068588257,1.1407685633457731e-05,1.0,1.0,0.0,0.0,0.0,280,36.006309509277344,fresh_online_exploration,24,24,1.0,1.0,10.335504531860352,5.06519889831543,5.997125625610352
291744,9,1.0037089586257935,1.0037089586257935,1.0037163496017456,7.427678156091133e-06,1.0,1.0,0.0,0.0,0.0,276,35.94175720214844,fresh_online_exploration,24,24,1.0,1.0,10.387447357177734,5.052072048187256,6.146045207977295
291840,22,1.0048553943634033,1.0048553943634033,1.0048651695251465,9.743373993842397e-06,1.0,1.0,0.0,0.0,0.0,270,35.45679473876953,fresh_online_exploration,24,24,1.0,1.0,10.333245277404785,5.0813069343566895,5.9510393142700195
291840,56,1.0026236772537231,1.0026236772537231,1.0026311874389648,7.451919373124838e-06,1.0,1.0,0.0,0.0,0.0,279,35.888816833496094,fresh_online_exploration,24,24,1.0,1.0,10.378975868225098,5.070223808288574,6.046670913696289
291936,39,1.004080891609192,1.004080891609192,1.0041117668151855,3.092312181252055e-05,1.0,1.0,0.0,0.0,0.0,279,35.977359771728516,fresh_online_exploration,24,24,1.0,1.0,10.418066024780273,5.088071346282959,6.075862407684326
292128,84,1.0027469396591187,1.0027469396591187,1.0027563571929932,9.400403541803826e-06,1.0,1.0,0.0,0.0,0.0,281,35.73219680786133,fresh_online_exploration,24,24,1.0,1.0,10.401389122009277,5.07059907913208,5.551765441894531
292416,50,1.0001739263534546,1.0001739263534546,1.0006513595581055,0.0004774169938173145,1.0,1.0,0.0,0.0,0.0,277,35.553863525390625,fresh_online_exploration,24,24,1.0,1.0,10.4195556640625,5.076329708099365,5.611958980560303
292608,13,1.00579833984375,1.00579833984375,1.0060272216796875,0.00022898652241565287,1.0,1.0,0.0,0.0,0.0,282,35.73420333862305,fresh_online_exploration,24,24,1.0,1.0,10.364180564880371,5.044375896453857,5.469714641571045
292800,5,1.0041589736938477,1.0041589736938477,1.0206735134124756,0.016514429822564125,1.0,1.0,0.0,0.0,0.0,272,35.82667541503906,fresh_online_exploration,24,24,1.0,1.0,10.416970252990723,5.085410118103027,6.347957611083984
292800,76,1.0019904375076294,1.0019904375076294,1.018183708190918,0.016193168237805367,1.0,1.0,0.0,0.0,0.0,272,35.809749603271484,fresh_online_exploration,24,24,1.0,1.0,10.358824729919434,5.093590259552002,6.302515029907227
292800,81,1.006091833114624,1.006091833114624,1.0100815296173096,0.003989695105701685,1.0,1.0,0.0,0.0,0.0,280,36.0599250793457,fresh_online_exploration,24,24,1.0,1.0,10.299286842346191,5.088335037231445,6.014102458953857
292896,89,1.0051690340042114,1.0051690340042114,1.0257939100265503,0.02062491700053215,1.0,1.0,0.0,0.0,0.0,276,35.984134674072266,fresh_online_exploration,24,24,1.0,1.0,10.354372024536133,5.048027038574219,6.142034530639648
293088,17,1.003166913986206,1.003166913986206,1.0032894611358643,0.00012253984459675848,1.0,1.0,0.0,0.0,0.0,275,35.51567077636719,fresh_online_exploration,24,24,1.0,1.0,10.414505004882812,5.099722862243652,5.683882713317871
293280,29,1.0013915300369263,1.0013915300369263,1.005681037902832,0.004289481323212385,1.0,1.0,0.0,0.0,0.0,276,35.84121322631836,fresh_online_exploration,24,24,1.0,1.0,10.353946685791016,5.071417331695557,6.086878299713135
293376,30,1.004806637763977,1.004806637763977,1.0278725624084473,0.023065775632858276,1.0,1.0,0.0,0.0,0.0,274,35.87102508544922,fresh_online_exploration,24,24,1.0,1.0,10.407078742980957,5.074721813201904,6.274147033691406
293472,69,1.003377914428711,1.003377914428711,1.0070433616638184,0.0036655322182923555,1.0,1.0,0.0,0.0,0.0,274,35.92173385620117,fresh_online_exploration,24,24,1.0,1.0,10.414689064025879,5.101565361022949,6.2043023109436035
293856,54,1.002377986907959,1.002377986907959,1.0024607181549072,8.278694440377876e-05,1.0,1.0,0.0,0.0,0.0,279,35.922264099121094,fresh_online_exploration,24,24,1.0,1.0,10.366531372070312,5.091037750244141,6.059738636016846
293856,88,1.0025047063827515,1.0025047063827515,1.0061945915222168,0.003689913544803858,1.0,1.0,0.0,0.0,0.0,275,35.87815856933594,fresh_online_exploration,24,24,1.0,1.0,10.421147346496582,5.069549560546875,6.153548240661621
293952,25,1.0036180019378662,1.0036180019378662,1.0108563899993896,0.007238423451781273,1.0,1.0,0.0,0.0,0.0,277,35.94982147216797,fresh_online_exploration,24,24,1.0,1.0,10.4240083694458,5.121078968048096,6.086912631988525
293952,49,1.0050321817398071,1.0050321817398071,1.0055993795394897,0.0005672320839948952,1.0,1.0,0.0,0.0,0.0,279,36.053184509277344,fresh_online_exploration,24,24,1.0,1.0,10.404450416564941,5.079181671142578,6.075393199920654
293952,60,1.0061664581298828,1.0061664581298828,1.0129921436309814,0.0068258000537753105,1.0,1.0,0.0,0.0,0.0,275,35.57030487060547,fresh_online_exploration,24,24,1.0,1.0,10.50719165802002,5.1185688972473145,5.6717848777771
294048,23,1.005090355873108,1.005090355873108,1.0079565048217773,0.0028661221731454134,1.0,1.0,0.0,0.0,0.0,276,35.90501022338867,fresh_online_exploration,24,24,1.0,1.0,10.354768753051758,5.092138767242432,6.142073154449463
294048,79,1.0020123720169067,1.0020123720169067,1.0052335262298584,0.0032212212681770325,1.0,1.0,0.0,0.0,0.0,279,36.01998519897461,fresh_online_exploration,24,24,1.0,1.0,10.404085159301758,5.064984321594238,6.075714111328125
294144,32,1.00041663646698,1.00041663646698,1.0005874633789062,0.00017085502622649074,1.0,1.0,0.0,0.0,0.0,278,35.95687484741211,fresh_online_exploration,24,24,1.0,1.0,10.419856071472168,5.073156356811523,6.074999809265137
294144,36,1.005277156829834,1.005277156829834,1.0056596994400024,0.0003825909807346761,1.0,1.0,0.0,0.0,0.0,276,35.98124694824219,fresh_online_exploration,24,24,1.0,1.0,10.383988380432129,5.08083963394165,6.1587042808532715
294144,63,1.004622220993042,1.004622220993042,1.0076749324798584,0.0030527254566550255,1.0,1.0,0.0,0.0,0.0,287,36.25156784057617,fresh_online_exploration,24,24,1.0,1.0,10.321113586425781,5.085299491882324,5.725168704986572
294240,24,1.0066912174224854,1.0066912174224854,1.0068066120147705,0.0001153673292719759,1.0,1.0,0.0,0.0,0.0,279,35.68096923828125,fresh_online_exploration,24,24,1.0,1.0,10.41230583190918,5.073460578918457,5.577796936035156
294240,33,1.0049060583114624,1.0049060583114624,1.0079467296600342,0.0030406389851123095,1.0,1.0,0.0,0.0,0.0,278,35.63111877441406,fresh_online_exploration,24,24,1.0,1.0,10.333170890808105,5.112005710601807,5.636547088623047
294240,70,1.0052745342254639,1.0052745342254639,1.0167315006256104,0.011457003653049469,1.0,1.0,0.0,0.0,0.0,284,36.09014129638672,fresh_online_exploration,24,24,1.0,1.0,10.41336727142334,5.0713067054748535,5.844834804534912
294336,71,1.0015026330947876,1.0015026330947876,1.0015757083892822,7.312330126296729e-05,1.0,1.0,0.0,0.0,0.0,285,35.67906188964844,fresh_online_exploration,24,24,1.0,1.0,10.432113647460938,5.092087745666504,5.316359519958496
294336,73,1.004538893699646,1.004538893699646,1.004595398902893,5.646780482493341e-05,1.0,1.0,0.0,0.0,0.0,282,35.72853088378906,fresh_online_exploration,24,24,1.0,1.0,10.483831405639648,5.074719429016113,5.4707159996032715
294432,2,1.0024172067642212,1.0024172067642212,1.0036873817443848,0.0012701908126473427,1.0,1.0,0.0,0.0,0.0,284,35.70279312133789,fresh_online_exploration,24,24,1.0,1.0,10.348023414611816,5.094160556793213,5.3985748291015625
294432,38,1.0051931142807007,1.0051931142807007,1.0052008628845215,7.72184012021171e-06,1.0,1.0,0.0,0.0,0.0,285,35.78445816040039,fresh_online_exploration,24,24,1.0,1.0,10.378625869750977,5.055912017822266,5.35735559463501
294432,68,1.0036424398422241,1.0036424398422241,1.0044262409210205,0.0007837395532988012,1.0,1.0,0.0,0.0,0.0,276,35.55868148803711,fresh_online_exploration,24,24,1.0,1.0,10.327715873718262,5.0899152755737305,5.6847243309021
294432,75,1.0010170936584473,1.0010170936584473,1.0012264251708984,0.00020943023264408112,1.0,1.0,0.0,0.0,0.0,284,35.743125915527344,fresh_online_exploration,24,24,1.0,1.0,10.333230018615723,5.0836381912231445,5.43589448928833
294528,8,1.0030014514923096,1.0030014514923096,1.0031321048736572,0.00013059773482382298,1.0,1.0,0.0,0.0,0.0,281,36.063133239746094,fresh_online_exploration,24,24,1.0,1.0,10.407153129577637,5.1204609870910645,5.96830415725708
294624,92,1.000797986984253,1.000797986984253,1.0009047985076904,0.00010679215483833104,1.0,1.0,0.0,0.0,0.0,283,35.63327407836914,fresh_online_exploration,24,24,1.0,1.0,10.420021057128906,5.082148551940918,5.36769962310791
294720,62,1.003004550933838,1.003004550933838,1.0228254795074463,0.01982100121676922,1.0,1.0,0.0,0.0,0.0,276,35.90728759765625,fresh_online_exploration,24,24,1.0,1.0,10.316038131713867,5.119743347167969,6.135786533355713
294816,48,1.0059138536453247,1.0059138536453247,1.006197214126587,0.0002834217739291489,1.0,1.0,0.0,0.0,0.0,280,36.07013702392578,fresh_online_exploration,24,24,1.0,1.0,10.341484069824219,5.077178955078125,6.012914657592773
294816,53,1.002616047859192,1.002616047859192,1.0273313522338867,0.024715309962630272,1.0,1.0,0.0,0.0,0.0,271,35.77796173095703,fresh_online_exploration,24,24,1.0,1.0,10.392032623291016,5.0555338859558105,6.328310966491699
294912,27,1.0038412809371948,1.0038412809371948,1.0042134523391724,0.0003721826069522649,1.0,1.0,0.0,0.0,0.0,280,35.67726135253906,fresh_online_exploration,24,24,1.0,1.0,10.373517036437988,5.054872989654541,5.502857685089111
294912,51,1.0028506517410278,1.0028506517410278,1.0064430236816406,0.0035924138501286507,1.0,1.0,0.0,0.0,0.0,276,35.94874572753906,fresh_online_exploration,24,24,1.0,1.0,10.349977493286133,5.089339733123779,6.172947883605957
294912,82,1.0028619766235352,1.0028619766235352,1.0029044151306152,4.249964695191011e-05,1.0,1.0,0.0,0.0,0.0,290,35.88331604003906,fresh_online_exploration,24,24,1.0,1.0,10.335665702819824,5.064098834991455,5.19328498840332
294912,91,1.0033496618270874,1.0033496618270874,1.0040069818496704,0.0006573190330527723,1.0,1.0,0.0,0.0,0.0,280,36.06710433959961,fresh_online_exploration,24,24,1.0,1.0,10.41909408569336,5.063628196716309,6.043849945068359
295008,31,1.0002447366714478,1.0002447366714478,1.011901617050171,0.011656800284981728,1.0,1.0,0.0,0.0,0.0,268,35.64405059814453,fresh_online_exploration,24,24,1.0,1.0,10.414692878723145,5.08895206451416,6.4192585945129395
295008,42,1.0044893026351929,1.0044893026351929,1.0083768367767334,0.0038876032922416925,1.0,1.0,0.0,0.0,0.0,278,36.059566497802734,fresh_online_exploration,24,24,1.0,1.0,10.362284660339355,5.0778961181640625,6.070784568786621
295104,3,1.003422498703003,1.003422498703003,1.0034441947937012,2.1640147679136135e-05,1.0,1.0,0.0,0.0,0.0,275,35.94676971435547,fresh_online_exploration,24,24,1.0,1.0,10.388949394226074,5.094963073730469,6.195910930633545
295104,58,1.0005621910095215,1.0005621910095215,1.0040373802185059,0.003475244389846921,1.0,1.0,0.0,0.0,0.0,278,35.927398681640625,fresh_online_exploration,24,24,1.0,1.0,10.40958309173584,5.090161323547363,6.065314292907715
295200,15,1.0022785663604736,1.0022785663604736,1.0027285814285278,0.00044996471842750907,1.0,1.0,0.0,0.0,0.0,279,35.96149826049805,fresh_online_exploration,24,24,1.0,1.0,10.399317741394043,5.084819316864014,6.029095649719238
295296,78,1.0003039836883545,1.0003039836883545,1.0003200769424438,1.608608363312669e-05,1.0,1.0,0.0,0.0,0.0,281,35.62949752807617,fresh_online_exploration,24,24,1.0,1.0,10.3865966796875,5.112447261810303,5.496979236602783
295392,12,1.0031704902648926,1.0031704902648926,1.0031899213790894,1.947735290741548e-05,1.0,1.0,0.0,0.0,0.0,286,35.805206298828125,fresh_online_exploration,24,24,1.0,1.0,10.322421073913574,5.084303855895996,5.345484733581543
295488,4,1.0026659965515137,1.0026659965515137,1.0026761293411255,1.0126691449841019e-05,1.0,1.0,0.0,0.0,0.0,280,35.589942932128906,fresh_online_exploration,24,24,1.0,1.0,10.440178871154785,5.073394298553467,5.475765705108643
295488,52,1.0002940893173218,1.0002940893173218,1.0004407167434692,0.0001466799440095201,1.0,1.0,0.0,0.0,0.0,286,36.09529495239258,fresh_online_exploration,24,24,1.0,1.0,10.32629680633545,5.0638508796691895,5.743649005889893
295488,67,1.0033468008041382,1.0033468008041382,1.0033559799194336,9.071387466974556e-06,1.0,1.0,0.0,0.0,0.0,280,36.013370513916016,fresh_online_exploration,24,24,1.0,1.0,10.341079711914062,5.067844390869141,5.989798545837402
295488,83,1.0034054517745972,1.0034054517745972,1.0036325454711914,0.00022702454589307308,1.0,1.0,0.0,0.0,0.0,282,35.67758560180664,fresh_online_exploration,24,24,1.0,1.0,10.439767837524414,5.089756965637207,5.456151008605957
295680,37,1.0049597024917603,1.0049597024917603,1.0050270557403564,6.740261596860364e-05,1.0,1.0,0.0,0.0,0.0,284,35.78072738647461,fresh_online_exploration,24,24,1.0,1.0,10.390380859375,5.10040807723999,5.410616397857666
295680,40,1.0013035535812378,1.0013035535812378,1.0013518333435059,4.827082739211619e-05,1.0,1.0,0.0,0.0,0.0,279,35.98410415649414,fresh_online_exploration,24,24,1.0,1.0,10.340968132019043,5.098239421844482,6.015331745147705
295680,47,1.002929925918579,1.002929925918579,1.002939224243164,9.308480002800934e-06,1.0,1.0,0.0,0.0,0.0,284,35.732574462890625,fresh_online_exploration,24,24,1.0,1.0,10.380175590515137,5.089518070220947,5.370631694793701
295776,18,1.0004050731658936,1.0004050731658936,1.0005989074707031,0.0001938705099746585,1.0,1.0,0.0,0.0,0.0,275,35.850425720214844,fresh_online_exploration,24,24,1.0,1.0,10.459568977355957,5.092768669128418,6.146143436431885
295776,95,1.005411148071289,1.005411148071289,1.0090546607971191,0.0036434547509998083,1.0,1.0,0.0,0.0,0.0,285,35.807125091552734,fresh_online_exploration,24,24,1.0,1.0,10.260783195495605,5.082564353942871,5.3711090087890625
295872,0,1.0014400482177734,1.0014400482177734,1.0016322135925293,0.00019214459462091327,1.0,1.0,0.0,0.0,0.0,279,35.5128173828125,fresh_online_exploration,24,24,1.0,1.0,10.447104454040527,5.089739799499512,5.506585121154785
295872,57,1.0035115480422974,1.0035115480422974,1.008460283279419,0.004948585294187069,1.0,1.0,0.0,0.0,0.0,278,35.98732376098633,fresh_online_exploration,24,24,1.0,1.0,10.416558265686035,5.0634355545043945,6.103729248046875
295872,65,1.0007505416870117,1.0007505416870117,1.0007596015930176,9.080126801563893e-06,1.0,1.0,0.0,0.0,0.0,286,35.72847366333008,fresh_online_exploration,24,24,1.0,1.0,10.367593765258789,5.07938289642334,5.29667854309082
295872,74,1.0039539337158203,1.0039539337158203,1.003970742225647,1.6777232303866185e-05,1.0,1.0,0.0,0.0,0.0,282,35.695762634277344,fresh_online_exploration,24,24,1.0,1.0,10.383584976196289,5.0709004402160645,5.43310546875
295872,90,1.0052695274353027,1.0052695274353027,1.0052827596664429,1.3256756574264728e-05,1.0,1.0,0.0,0.0,0.0,282,35.79019546508789,fresh_online_exploration,24,24,1.0,1.0,10.388986587524414,5.082417011260986,5.519898891448975
296064,34,1.0032250881195068,1.0032250881195068,1.0237841606140137,0.020559102296829224,1.0,1.0,0.0,0.0,0.0,280,36.006710052490234,fresh_online_exploration,24,24,0.9994444429874421,0.9944444298744202,10.340840339660645,5.066704273223877,6.0090436935424805
296064,87,1.000139832496643,1.000139832496643,1.009680151939392,0.009540311060845852,1.0,1.0,0.0,0.0,0.0,274,35.79741668701172,fresh_online_exploration,24,24,1.0,1.0,10.389803886413574,5.072885513305664,6.203041076660156
296160,26,1.0047954320907593,1.0047954320907593,1.0048813819885254,8.601609442848712e-05,1.0,1.0,0.0,0.0,0.0,278,35.954307556152344,fresh_online_exploration,24,24,1.0,1.0,10.340399742126465,5.077004432678223,6.0956878662109375
296256,43,1.0030267238616943,1.0030267238616943,1.003160834312439,0.00013410602696239948,1.0,1.0,0.0,0.0,0.0,279,36.00586700439453,fresh_online_exploration,24,24,1.0,1.0,10.380438804626465,5.083330154418945,5.979265213012695
296352,19,1.0028889179229736,1.0028889179229736,1.0029410123825073,5.213658732827753e-05,1.0,1.0,0.0,0.0,0.0,278,35.98910140991211,fresh_online_exploration,24,24,1.0,1.0,10.363630294799805,5.0845441818237305,6.087820529937744
296544,7,1.000319242477417,1.000319242477417,1.0004515647888184,0.00013227429008111358,1.0,1.0,0.0,0.0,0.0,281,36.00677490234375,fresh_online_exploration,24,24,1.0,1.0,10.350041389465332,5.1263604164123535,5.940243721008301
296544,14,1.0017443895339966,1.0017443895339966,1.0017578601837158,1.3410346582531929e-05,1.0,1.0,0.0,0.0,0.0,284,35.727264404296875,fresh_online_exploration,24,24,1.0,1.0,10.37751579284668,5.106378555297852,5.4115800857543945
296640,44,1.0063742399215698,1.0063742399215698,1.0064623355865479,8.805071411188692e-05,1.0,1.0,0.0,0.0,0.0,288,35.80813217163086,fresh_online_exploration,24,24,1.0,1.0,10.397446632385254,5.117867469787598,5.221662521362305
296640,64,1.001468300819397,1.001468300819397,1.0014846324920654,1.642873939999845e-05,1.0,1.0,0.0,0.0,0.0,284,35.69636535644531,fresh_online_exploration,24,24,1.0,1.0,10.35338306427002,5.086500644683838,5.390147686004639
296640,94,1.0038543939590454,1.0038543939590454,1.0038694143295288,1.5003117368905805e-05,1.0,1.0,0.0,0.0,0.0,279,36.02357482910156,fresh_online_exploration,24,24,1.0,1.0,10.348535537719727,5.11924409866333,6.036391258239746
296832,11,1.0036927461624146,1.0036927461624146,1.022552251815796,0.018859559670090675,1.0,1.0,0.0,0.0,0.0,284,35.83740234375,fresh_online_exploration,24,24,1.0,1.0,10.362091064453125,5.124946117401123,5.442868232727051
296832,21,1.0030220746994019,1.0030220746994019,1.003039002418518,1.694673665042501e-05,1.0,1.0,0.0,0.0,0.0,282,36.08478546142578,fresh_online_exploration,24,24,1.0,1.0,10.375263214111328,5.041775226593018,5.92069149017334
296832,46,1.004333734512329,1.004333734512329,1.004347801208496,1.4057564840186387e-05,1.0,1.0,0.0,0.0,0.0,277,36.00022888183594,fresh_online_exploration,24,24,1.0,1.0,10.432313919067383,5.037954330444336,6.126757621765137
296928,10,1.0011043548583984,1.0011043548583984,1.0011119842529297,7.692280632909387e-06,1.0,1.0,0.0,0.0,0.0,283,36.03134536743164,fresh_online_exploration,24,24,1.0,1.0,10.345833778381348,5.04141902923584,5.847105503082275
297024,16,1.0056298971176147,1.0056298971176147,1.0056651830673218,3.530129470163956e-05,1.0,1.0,0.0,0.0,0.0,283,35.76898956298828,fresh_online_exploration,24,24,1.0,1.0,10.358733177185059,5.117948055267334,5.435555934906006
297024,55,1.0013128519058228,1.0013128519058228,1.00132155418396,8.697412340552546e-06,1.0,1.0,0.0,0.0,0.0,278,35.59346008300781,fresh_online_exploration,24,24,1.0,1.0,10.387975692749023,5.032745361328125,5.579339981079102
297120,28,1.000964641571045,1.000964641571045,1.0010101795196533,4.553901089821011e-05,1.0,1.0,0.0,0.0,0.0,282,35.692840576171875,fresh_online_exploration,24,24,1.0,1.0,10.370711326599121,5.016880989074707,5.407609939575195
297312,41,1.0002464056015015,1.0002464056015015,1.0094358921051025,0.00918945949524641,1.0,1.0,0.0,0.0,0.0,283,35.65226745605469,fresh_online_exploration,24,24,1.0,1.0,10.419500350952148,5.0938520431518555,5.4028096199035645
297312,85,1.0024867057800293,1.0024867057800293,1.0027005672454834,0.00021384588035289198,1.0,1.0,0.0,0.0,0.0,287,35.7780647277832,fresh_online_exploration,24,24,1.0,1.0,10.29786205291748,5.072335720062256,5.256495475769043
297600,66,1.0005176067352295,1.0005176067352295,1.0005342960357666,1.6634954590699635e-05,1.0,1.0,0.0,0.0,0.0,286,35.67561340332031,fresh_online_exploration,24,24,1.0,1.0,10.360066413879395,5.079731464385986,5.304855823516846
297696,59,1.0064131021499634,1.0064131021499634,1.0064568519592285,4.371828254079446e-05,1.0,1.0,0.0,0.0,0.0,285,35.80402374267578,fresh_online_exploration,24,24,1.0,1.0,10.376721382141113,5.050804138183594,5.344139099121094
297888,61,1.00334632396698,1.00334632396698,1.0033631324768066,1.6880503608263098e-05,1.0,1.0,0.0,0.0,0.0,284,35.728309631347656,fresh_online_exploration,24,24,1.0,1.0,10.391047477722168,5.0491557121276855,5.392092227935791
297984,80,1.0003881454467773,1.0003881454467773,1.0010055303573608,0.0006173634901642799,1.0,1.0,0.0,0.0,0.0,278,35.939674377441406,fresh_online_exploration,24,24,1.0,1.0,10.35367488861084,5.05180549621582,6.0842390060424805
298272,6,1.0044111013412476,1.0044111013412476,1.0044198036193848,8.774680281931069e-06,1.0,1.0,0.0,0.0,0.0,289,36.31608200073242,fresh_online_exploration,24,24,1.0,1.0,10.292536735534668,5.032001495361328,5.738962173461914
298656,45,1.001918911933899,1.001918911933899,1.00193452835083,1.5691164662712254e-05,1.0,1.0,0.0,0.0,0.0,283,35.67421340942383,fresh_online_exploration,24,24,1.0,1.0,10.411445617675781,5.05131196975708,5.414260387420654
298752,35,1.0040833950042725,1.0040833950042725,1.0041378736495972,5.4499731049872935e-05,1.0,1.0,0.0,0.0,0.0,286,35.71406173706055,fresh_online_exploration,24,24,1.0,1.0,10.4343900680542,5.03844690322876,5.265241622924805
299808,1,1.0019968748092651,1.0019968748092651,1.002013087272644,1.619286194909364e-05,1.0,1.0,0.0,0.0,0.0,282,35.64588165283203,fresh_online_exploration,24,24,1.0,1.0,10.44631290435791,5.068873405456543,5.470283031463623
