env_steps,env_index,max_angle,final_angle,cumulative_increase,regression_amount,progress,success,regression_event,stalled,lost_contact,episode_steps,return_value,source,first_policy_version,last_policy_version,quality_score,contact_stability,estimated_value,initial_q,discounted_return
25536,36,1.0008955001831055,1.0008955001831055,1.007755994796753,0.0068605560809373856,1.0,1.0,0.0,0.0,0.0,266,35.06672668457031,fresh_online_exploration,0,2,1.0,1.0,6.0760908126831055,-3.013474941253662,5.813232898712158
25536,69,1.0027762651443481,1.0027762651443481,1.0042407512664795,0.0014644329203292727,1.0,1.0,0.0,0.0,0.0,266,35.62922668457031,fresh_online_exploration,0,2,1.0,1.0,6.718409061431885,-3.0061216354370117,6.332405090332031
25632,33,1.0048656463623047,1.0048656463623047,1.0067634582519531,0.0018976929131895304,1.0,1.0,0.0,0.0,0.0,267,35.62644958496094,fresh_online_exploration,0,2,1.0,1.0,6.560831546783447,-3.025144577026367,6.362037658691406
25632,44,1.0035812854766846,1.0035812854766846,1.0091334581375122,0.005552155897021294,1.0,1.0,0.0,0.0,0.0,267,35.68653869628906,fresh_online_exploration,0,2,1.0,1.0,6.6033830642700195,-3.0450077056884766,6.404984474182129
25632,58,1.0010597705841064,1.0010597705841064,1.0015428066253662,0.000483028736198321,1.0,1.0,0.0,0.0,0.0,267,35.583831787109375,fresh_online_exploration,0,2,1.0,1.0,6.561507701873779,-3.0161287784576416,6.320383071899414
25824,18,1.0011097192764282,1.0011097192764282,1.0016989707946777,0.0005892558838240802,1.0,1.0,0.0,0.0,0.0,269,35.683570861816406,fresh_online_exploration,0,2,1.0,1.0,6.5387654304504395,-3.0322775840759277,6.107105255126953
25824,92,1.0013900995254517,1.0013900995254517,1.005332589149475,0.003942421171814203,1.0,1.0,0.0,0.0,0.0,269,35.65554428100586,fresh_online_exploration,0,2,1.0,1.0,6.608673095703125,-3.0028750896453857,6.26456356048584
25920,70,1.0054086446762085,1.0054086446762085,1.00551438331604,0.00010578943329164758,1.0,1.0,0.0,0.0,0.0,270,35.77345275878906,fresh_online_exploration,0,2,1.0,1.0,6.560749530792236,-3.001337766647339,6.2651896476745605
25920,77,1.002416729927063,1.002416729927063,1.0026566982269287,0.00023994178627617657,1.0,1.0,0.0,0.0,0.0,270,35.6775016784668,fresh_online_exploration,0,2,1.0,1.0,6.801787853240967,-3.0004825592041016,6.235415458679199
25920,84,1.0018272399902344,1.0018272399902344,1.001868486404419,4.127625288674608e-05,1.0,1.0,0.0,0.0,0.0,270,35.65188217163086,fresh_online_exploration,0,2,1.0,1.0,6.698824882507324,-3.032452344894409,6.208047866821289
25920,86,1.001638412475586,1.001638412475586,1.0025265216827393,0.0008880438399501145,1.0,1.0,0.0,0.0,0.0,270,35.68593215942383,fresh_online_exploration,0,2,1.0,1.0,6.508762836456299,-3.0266475677490234,6.221079349517822
25920,89,1.0000962018966675,1.0000962018966675,1.0004768371582031,0.0003806255117524415,1.0,1.0,0.0,0.0,0.0,270,35.65940475463867,fresh_online_exploration,0,2,1.0,1.0,6.816826343536377,-3.024329662322998,6.209443092346191
26016,3,1.0031505823135376,1.0031505823135376,1.0033955574035645,0.0002450336469337344,1.0,1.0,0.0,0.0,0.0,271,35.754390716552734,fresh_online_exploration,0,2,1.0,1.0,6.670570373535156,-3.0599520206451416,6.232353210449219
26016,22,1.003994107246399,1.003994107246399,1.0046851634979248,0.0006909880321472883,1.0,1.0,0.0,0.0,0.0,271,35.721519470214844,fresh_online_exploration,0,2,1.0,1.0,6.7131876945495605,-3.0305800437927246,6.157429218292236
26016,37,1.000284194946289,1.000284194946289,1.0004714727401733,0.00018725947302300483,1.0,1.0,0.0,0.0,0.0,271,35.648353576660156,fresh_online_exploration,0,2,1.0,1.0,6.575395584106445,-3.0468366146087646,6.1938676834106445
26016,64,1.0001866817474365,1.0001866817474365,1.0067676305770874,0.006580892018973827,1.0,1.0,0.0,0.0,0.0,271,35.70060729980469,fresh_online_exploration,0,2,1.0,1.0,6.4754815101623535,-3.0142791271209717,6.2021284103393555
26016,68,1.0004225969314575,1.0004225969314575,1.0007586479187012,0.0003360494738444686,1.0,1.0,0.0,0.0,0.0,271,35.665443420410156,fresh_online_exploration,0,2,1.0,1.0,6.599176406860352,-3.0249030590057373,6.148745536804199
26016,79,1.0048307180404663,1.0048307180404663,1.0062466859817505,0.0014160370919853449,1.0,1.0,0.0,0.0,0.0,271,35.78715515136719,fresh_online_exploration,0,2,1.0,1.0,6.721216201782227,-3.007283926010132,6.166812896728516
26016,83,1.0059725046157837,1.0059725046157837,1.006626844406128,0.0006543283816426992,1.0,1.0,0.0,0.0,0.0,271,35.80851745605469,fresh_online_exploration,0,2,1.0,1.0,6.638212203979492,-3.0260379314422607,6.25830078125
26016,91,1.0052053928375244,1.0052053928375244,1.0054702758789062,0.0002648771333042532,1.0,1.0,0.0,0.0,0.0,271,35.755401611328125,fresh_online_exploration,0,2,1.0,1.0,6.667422294616699,-2.985560894012451,6.213237762451172
26112,9,1.0040929317474365,1.0040929317474365,1.0044119358062744,0.000319075450534001,1.0,1.0,0.0,0.0,0.0,272,35.76123809814453,fresh_online_exploration,0,2,1.0,1.0,6.632221698760986,-3.018915891647339,6.174427032470703
26112,19,1.0046319961547852,1.0046319961547852,1.0051209926605225,0.0004890731070190668,1.0,1.0,0.0,0.0,0.0,272,35.77852249145508,fresh_online_exploration,0,2,1.0,1.0,6.564539432525635,-3.031100273132324,6.165085315704346
26112,23,1.0051625967025757,1.0051625967025757,1.0071426630020142,0.001980060478672385,1.0,1.0,0.0,0.0,0.0,272,35.76814270019531,fresh_online_exploration,0,2,1.0,1.0,6.604287147521973,-3.0328893661499023,6.21449089050293
26112,25,1.002766489982605,1.002766489982605,1.0028513669967651,8.48881172714755e-05,1.0,1.0,0.0,0.0,0.0,272,35.69920349121094,fresh_online_exploration,0,2,1.0,1.0,6.639517307281494,-3.068009376525879,6.16811466217041
26112,27,1.0026787519454956,1.0026787519454956,1.0027095079421997,3.07933623844292e-05,1.0,1.0,0.0,0.0,0.0,272,35.765472412109375,fresh_online_exploration,0,2,1.0,1.0,6.5475053787231445,-3.022346019744873,6.156164646148682
26112,30,1.0053919553756714,1.0053919553756714,1.005868911743164,0.000476941087981686,1.0,1.0,0.0,0.0,0.0,272,35.805965423583984,fresh_online_exploration,0,2,1.0,1.0,6.553869724273682,-3.0232982635498047,6.228572368621826
26112,39,1.0033016204833984,1.0033016204833984,1.0086010694503784,0.005299426149576902,1.0,1.0,0.0,0.0,0.0,272,35.784549713134766,fresh_online_exploration,0,2,1.0,1.0,6.708934783935547,-2.976485013961792,6.143167018890381
26112,45,1.001900315284729,1.001900315284729,1.0039594173431396,0.002059045946225524,1.0,1.0,0.0,0.0,0.0,272,35.71816635131836,fresh_online_exploration,0,2,1.0,1.0,6.585906028747559,-3.0372016429901123,6.1071248054504395
26112,46,1.0053349733352661,1.0053349733352661,1.005924940109253,0.0005899877869524062,1.0,1.0,0.0,0.0,0.0,272,35.77116394042969,fresh_online_exploration,0,2,1.0,1.0,6.60269021987915,-3.0068154335021973,6.196455955505371
26112,63,1.0009695291519165,1.0009695291519165,1.0014094114303589,0.00043985352385789156,1.0,1.0,0.0,0.0,0.0,272,35.653961181640625,fresh_online_exploration,0,2,1.0,1.0,6.649174690246582,-3.0017600059509277,6.057623863220215
26112,73,1.0031888484954834,1.0031888484954834,1.003286361694336,9.746896830620244e-05,1.0,1.0,0.0,0.0,0.0,272,35.77510070800781,fresh_online_exploration,0,2,1.0,1.0,6.66189432144165,-2.988718271255493,6.161932945251465
26112,82,1.00301992893219,1.00301992893219,1.0109202861785889,0.007900238037109375,1.0,1.0,0.0,0.0,0.0,272,35.75458526611328,fresh_online_exploration,0,2,1.0,1.0,6.606823921203613,-2.9796268939971924,6.22548246383667
26112,90,1.0023237466812134,1.0023237466812134,1.002561092376709,0.00023732901900075376,1.0,1.0,0.0,0.0,0.0,272,35.76213836669922,fresh_online_exploration,0,2,1.0,1.0,6.5227766036987305,-3.0215988159179688,6.184995651245117
26208,1,1.003553867340088,1.003553867340088,1.0038557052612305,0.00030190483084879816,1.0,1.0,0.0,0.0,0.0,273,35.73915100097656,fresh_online_exploration,0,2,1.0,1.0,6.61745023727417,-2.9881083965301514,6.157626628875732
26208,5,1.0003241300582886,1.0003241300582886,1.0004823207855225,0.00015812463243491948,1.0,1.0,0.0,0.0,0.0,273,35.66839599609375,fresh_online_exploration,0,2,1.0,1.0,6.703006744384766,-3.0040671825408936,6.031715393066406
26208,16,1.0017915964126587,1.0017915964126587,1.0024831295013428,0.0006915306439623237,1.0,1.0,0.0,0.0,0.0,273,35.720458984375,fresh_online_exploration,0,2,1.0,1.0,6.573380947113037,-3.007844924926758,6.063584327697754
26208,21,1.0040500164031982,1.0040500164031982,1.0041019916534424,5.193063407205045e-05,1.0,1.0,0.0,0.0,0.0,273,35.770774841308594,fresh_online_exploration,0,2,1.0,1.0,6.591924667358398,-3.018949031829834,6.118021488189697
26208,29,1.003704309463501,1.003704309463501,1.0040419101715088,0.00033761828672140837,1.0,1.0,0.0,0.0,0.0,273,35.82387924194336,fresh_online_exploration,0,2,1.0,1.0,6.629987716674805,-3.0264549255371094,6.113588333129883
26208,32,1.0056477785110474,1.0056477785110474,1.0080722570419312,0.0024244878441095352,1.0,1.0,0.0,0.0,0.0,273,35.83211898803711,fresh_online_exploration,0,2,1.0,1.0,6.597195148468018,-3.011052131652832,6.050936698913574
26208,40,1.0012379884719849,1.0012379884719849,1.0012459754943848,7.977691893756855e-06,1.0,1.0,0.0,0.0,0.0,273,35.7545166015625,fresh_online_exploration,0,2,1.0,1.0,6.554245471954346,-2.9952187538146973,6.069936752319336
26208,43,1.002284049987793,1.002284049987793,1.0022956132888794,1.1557260222616605e-05,1.0,1.0,0.0,0.0,0.0,273,35.785404205322266,fresh_online_exploration,0,2,1.0,1.0,6.4153361320495605,-3.05844783782959,6.119997978210449
26208,52,1.0017086267471313,1.0017086267471313,1.0065488815307617,0.004840183071792126,1.0,1.0,0.0,0.0,0.0,273,35.727420806884766,fresh_online_exploration,0,2,1.0,1.0,6.6111531257629395,-3.007192373275757,6.092904090881348
26208,57,1.0047695636749268,1.0047695636749268,1.0050755739212036,0.00030602337210439146,1.0,1.0,0.0,0.0,0.0,273,35.82051086425781,fresh_online_exploration,0,2,1.0,1.0,6.5028204917907715,-3.018742561340332,6.215392589569092
26208,60,1.0030347108840942,1.0030347108840942,1.0051820278167725,0.0021473877131938934,1.0,1.0,0.0,0.0,0.0,273,35.75686264038086,fresh_online_exploration,0,2,1.0,1.0,6.568720817565918,-3.013559579849243,6.1117095947265625
26208,61,1.003625512123108,1.003625512123108,1.0039889812469482,0.00036353085306473076,1.0,1.0,0.0,0.0,0.0,273,35.78115463256836,fresh_online_exploration,0,2,1.0,1.0,6.722335338592529,-3.028318166732788,6.088097095489502
26208,76,1.0043636560440063,1.0043636560440063,1.0122381448745728,0.00787446554750204,1.0,1.0,0.0,0.0,0.0,273,35.80326843261719,fresh_online_exploration,0,2,1.0,1.0,6.530882835388184,-3.0292978286743164,6.2268452644348145
26208,85,1.0002801418304443,1.0002801418304443,1.0004103183746338,0.00013014474825467914,1.0,1.0,0.0,0.0,0.0,273,35.72957229614258,fresh_online_exploration,0,2,1.0,1.0,6.523441791534424,-3.0313260555267334,6.159013748168945
26208,88,1.0032877922058105,1.0032877922058105,1.0033607482910156,7.293800445040688e-05,1.0,1.0,0.0,0.0,0.0,273,35.825416564941406,fresh_online_exploration,0,2,1.0,1.0,6.3830461502075195,-3.0155656337738037,6.040808200836182
26208,94,1.0014125108718872,1.0014125108718872,1.0017168521881104,0.0003043116594199091,1.0,1.0,0.0,0.0,0.0,273,35.68947982788086,fresh_online_exploration,0,2,1.0,1.0,6.526737213134766,-2.9591240882873535,6.082523822784424
26304,2,1.0015509128570557,1.0015509128570557,1.0016354322433472,8.451040048385039e-05,1.0,1.0,0.0,0.0,0.0,274,35.7993049621582,fresh_online_exploration,0,2,1.0,1.0,6.598485469818115,-2.995657205581665,6.081421375274658
26304,4,1.0048184394836426,1.0048184394836426,1.0068998336791992,0.002081417478621006,1.0,1.0,0.0,0.0,0.0,274,35.842124938964844,fresh_online_exploration,0,2,1.0,1.0,6.590038776397705,-3.003795623779297,6.080930709838867
26304,7,1.0020331144332886,1.0020331144332886,1.0063179731369019,0.004284841939806938,1.0,1.0,0.0,0.0,0.0,274,35.75759506225586,fresh_online_exploration,0,2,1.0,1.0,6.380690574645996,-3.044363021850586,6.058228969573975
26304,13,1.0012633800506592,1.0012633800506592,1.001295566558838,3.226413900847547e-05,1.0,1.0,0.0,0.0,0.0,274,35.68873977661133,fresh_online_exploration,0,2,1.0,1.0,6.478125095367432,-3.025944232940674,6.060246467590332
26304,24,1.0033155679702759,1.0033155679702759,1.0036568641662598,0.00034125702222809196,1.0,1.0,0.0,0.0,0.0,274,35.750579833984375,fresh_online_exploration,0,2,1.0,1.0,6.699216842651367,-2.999748468399048,6.146417617797852
26304,41,1.0003178119659424,1.0003178119659424,1.0006111860275269,0.00029338544118218124,1.0,1.0,0.0,0.0,0.0,274,35.753055572509766,fresh_online_exploration,0,2,1.0,1.0,6.379260063171387,-3.0225257873535156,6.05604887008667
26304,47,1.0006749629974365,1.0006749629974365,1.0008747577667236,0.0001998038642341271,1.0,1.0,0.0,0.0,0.0,274,35.758453369140625,fresh_online_exploration,0,2,1.0,1.0,6.470912933349609,-2.9761791229248047,6.083797931671143
26304,48,1.0022599697113037,1.0022599697113037,1.0022855997085571,2.5618259314796887e-05,1.0,1.0,0.0,0.0,0.0,274,35.764739990234375,fresh_online_exploration,0,2,1.0,1.0,6.50307559967041,-2.9891998767852783,6.0779852867126465
26304,50,1.002394437789917,1.002394437789917,1.0089976787567139,0.006603163667023182,1.0,1.0,0.0,0.0,0.0,274,35.79264450073242,fresh_online_exploration,0,2,1.0,1.0,6.478887557983398,-2.9956557750701904,6.107330322265625
26304,65,1.0025936365127563,1.0025936365127563,1.0157403945922852,0.013146815821528435,1.0,1.0,0.0,0.0,0.0,274,35.722442626953125,fresh_online_exploration,0,2,1.0,1.0,6.4366559982299805,-3.01967191696167,5.985835075378418
26400,26,1.006019115447998,1.006019115447998,1.0065116882324219,0.0004925564280711114,1.0,1.0,0.0,0.0,0.0,275,35.84262466430664,fresh_online_exploration,0,2,1.0,1.0,6.4902167320251465,-3.0222249031066895,6.07066011428833
26400,53,1.0011967420578003,1.0011967420578003,1.0021636486053467,0.0009668786078691483,1.0,1.0,0.0,0.0,0.0,275,35.81696319580078,fresh_online_exploration,0,2,1.0,1.0,6.620540142059326,-3.0248677730560303,6.073608875274658
26400,55,1.0050147771835327,1.0050147771835327,1.005070447921753,5.574132956098765e-05,1.0,1.0,0.0,0.0,0.0,275,35.86296463012695,fresh_online_exploration,0,2,1.0,1.0,6.581538200378418,-2.991713762283325,6.02073860168457
26400,78,1.0050761699676514,1.0050761699676514,1.006875991821289,0.0017997391987591982,1.0,1.0,0.0,0.0,0.0,275,35.89423751831055,fresh_online_exploration,0,2,1.0,1.0,6.453835487365723,-2.9877891540527344,6.108728408813477
26400,87,1.0034252405166626,1.0034252405166626,1.0068397521972656,0.0034144287928938866,1.0,1.0,0.0,0.0,0.0,275,35.863590240478516,fresh_online_exploration,0,2,1.0,1.0,6.3985066413879395,-3.011143684387207,6.028953552246094
26400,93,1.0019398927688599,1.0019398927688599,1.0043450593948364,0.002405146136879921,1.0,1.0,0.0,0.0,0.0,275,35.83185958862305,fresh_online_exploration,0,2,1.0,1.0,6.492039203643799,-3.0195653438568115,6.020819187164307
26496,11,1.0016041994094849,1.0016041994094849,1.0048731565475464,0.003269004402682185,1.0,1.0,0.0,0.0,0.0,276,35.82072830200195,fresh_online_exploration,0,2,1.0,1.0,6.485424995422363,-3.012411594390869,5.996697425842285
26496,12,1.0043843984603882,1.0043843984603882,1.0061535835266113,0.0017693513073027134,1.0,1.0,0.0,0.0,0.0,276,35.879390716552734,fresh_online_exploration,0,2,1.0,1.0,6.442044734954834,-3.0423829555511475,6.041423797607422
26496,14,1.001569151878357,1.001569151878357,1.0020338296890259,0.0004646753368433565,1.0,1.0,0.0,0.0,0.0,276,35.777252197265625,fresh_online_exploration,0,2,1.0,1.0,6.475973606109619,-3.0104331970214844,5.970567226409912
26496,15,1.0025837421417236,1.0025837421417236,1.007601022720337,0.0050171734765172005,1.0,1.0,0.0,0.0,0.0,276,35.78631591796875,fresh_online_exploration,0,2,1.0,1.0,6.594761371612549,-3.0026252269744873,6.026955604553223
26496,28,1.003040075302124,1.003040075302124,1.003136157989502,9.615106682758778e-05,1.0,1.0,0.0,0.0,0.0,276,35.828155517578125,fresh_online_exploration,0,2,1.0,1.0,6.48695707321167,-3.040146827697754,6.0130815505981445
26496,34,1.0024693012237549,1.0024693012237549,1.0026664733886719,0.00019723435980267823,1.0,1.0,0.0,0.0,0.0,276,35.80205154418945,fresh_online_exploration,0,2,1.0,1.0,6.485017776489258,-3.0426554679870605,6.001098155975342
26496,51,1.0018242597579956,1.0018242597579956,1.0019739866256714,0.00014978062245063484,1.0,1.0,0.0,0.0,0.0,276,35.807334899902344,fresh_online_exploration,0,2,1.0,1.0,6.553807735443115,-3.0324246883392334,6.057826042175293
26496,62,1.002576231956482,1.002576231956482,1.0031859874725342,0.0006098109297454357,1.0,1.0,0.0,0.0,0.0,276,35.82756042480469,fresh_online_exploration,0,2,1.0,1.0,6.3839640617370605,-3.015592336654663,5.955071449279785
26496,67,1.0059040784835815,1.0059040784835815,1.005911946296692,7.875586561567616e-06,1.0,1.0,0.0,0.0,0.0,276,35.90348815917969,fresh_online_exploration,0,2,1.0,1.0,6.414346218109131,-3.031111478805542,6.0269317626953125
26496,71,1.0053365230560303,1.0053365230560303,1.0111651420593262,0.005828589666634798,1.0,1.0,0.0,0.0,0.0,276,35.92671203613281,fresh_online_exploration,0,2,1.0,1.0,6.278134346008301,-3.0296895503997803,6.058826923370361
26496,74,1.005717158317566,1.005717158317566,1.0057909488677979,7.386660581687465e-05,1.0,1.0,0.0,0.0,0.0,276,35.90085220336914,fresh_online_exploration,0,2,1.0,1.0,6.467191219329834,-3.0081980228424072,6.011634826660156
26496,95,1.0018534660339355,1.0018534660339355,1.0019536018371582,0.00010012208804255351,1.0,1.0,0.0,0.0,0.0,276,35.77588653564453,fresh_online_exploration,0,2,1.0,1.0,6.54744815826416,-3.0094449520111084,6.019123077392578
26592,0,1.003975749015808,1.003975749015808,1.0087318420410156,0.004756235517561436,1.0,1.0,0.0,0.0,0.0,277,35.91719055175781,fresh_online_exploration,0,2,1.0,1.0,6.4533281326293945,-3.0708680152893066,6.028482913970947
26592,17,1.0047510862350464,1.0047510862350464,1.0048718452453613,0.00012070928642060608,1.0,1.0,0.0,0.0,0.0,277,35.915924072265625,fresh_online_exploration,0,2,1.0,1.0,6.338571548461914,-3.029418706893921,6.062155246734619
26592,54,1.0035555362701416,1.0035555362701416,1.009136438369751,0.005580909550189972,1.0,1.0,0.0,0.0,0.0,277,35.866943359375,fresh_online_exploration,0,2,1.0,1.0,6.529825687408447,-2.9898815155029297,5.9999470710754395
26592,66,1.0019264221191406,1.0019264221191406,1.0019927024841309,6.62494931020774e-05,1.0,1.0,0.0,0.0,0.0,277,35.876773834228516,fresh_online_exploration,0,2,1.0,1.0,6.38230562210083,-2.9938559532165527,5.978899002075195
26592,75,1.0024787187576294,1.0024787187576294,1.0033955574035645,0.00091684510698542,1.0,1.0,0.0,0.0,0.0,277,35.87544250488281,fresh_online_exploration,0,2,1.0,1.0,6.375683307647705,-3.037144899368286,6.023953437805176
26688,31,1.0032931566238403,1.0032931566238403,1.00386381149292,0.0005707238451577723,1.0,1.0,0.0,0.0,0.0,278,35.906002044677734,fresh_online_exploration,0,2,1.0,1.0,6.32658052444458,-3.0041561126708984,5.944401264190674
26688,42,1.0021013021469116,1.0021013021469116,1.0029451847076416,0.0008439393131993711,1.0,1.0,0.0,0.0,0.0,278,35.85723876953125,fresh_online_exploration,0,2,1.0,1.0,6.499535083770752,-3.0290188789367676,5.9814772605896
26688,49,1.004508376121521,1.004508376121521,1.0046226978302002,0.00011437793727964163,1.0,1.0,0.0,0.0,0.0,278,35.95250701904297,fresh_online_exploration,0,2,1.0,1.0,6.3417744636535645,-3.002131223678589,5.969235897064209
26688,59,1.0034546852111816,1.0034546852111816,1.0045068264007568,0.0010520718060433865,1.0,1.0,0.0,0.0,0.0,278,35.8712158203125,fresh_online_exploration,0,2,1.0,1.0,6.525865077972412,-3.0146267414093018,5.914941310882568
26784,72,1.0042757987976074,1.0042757987976074,1.0053808689117432,0.0011050950270146132,1.0,1.0,0.0,0.0,0.0,279,35.932159423828125,fresh_online_exploration,0,2,1.0,1.0,6.436529159545898,-3.0464107990264893,5.91839075088501
26784,80,1.0006109476089478,1.0006109476089478,1.0060076713562012,0.005396764725446701,1.0,1.0,0.0,0.0,0.0,279,35.88617706298828,fresh_online_exploration,0,2,1.0,1.0,6.441003799438477,-2.996385335922241,5.8799052238464355
26880,6,1.000264048576355,1.000264048576355,1.0004470348358154,0.00018309942970518023,1.0,1.0,0.0,0.0,0.0,280,35.86909484863281,fresh_online_exploration,0,2,1.0,1.0,6.289310932159424,-3.0122928619384766,5.815650463104248
26880,8,1.0043610334396362,1.0043610334396362,1.0045278072357178,0.00016671032062731683,1.0,1.0,0.0,0.0,0.0,280,35.94586944580078,fresh_online_exploration,0,2,1.0,1.0,6.446347713470459,-3.028116464614868,5.846765041351318
26880,35,1.0025089979171753,1.0025089979171753,1.003694772720337,0.0011857737554237247,1.0,1.0,0.0,0.0,0.0,280,35.962738037109375,fresh_online_exploration,0,2,1.0,1.0,6.569971084594727,-3.014995574951172,5.859553337097168
26976,81,1.004807949066162,1.004807949066162,1.0049922466278076,0.00018422829452902079,1.0,1.0,0.0,0.0,0.0,281,35.97850036621094,fresh_online_exploration,0,2,1.0,1.0,6.124885082244873,-3.0185697078704834,5.774376392364502
27072,20,1.0044255256652832,1.0044255256652832,1.0049219131469727,0.0004963600658811629,1.0,1.0,0.0,0.0,0.0,282,36.04267120361328,fresh_online_exploration,0,2,1.0,1.0,6.295379161834717,-3.0311410427093506,5.788722038269043
27168,56,1.0022900104522705,1.0022900104522705,1.0038409233093262,0.0015508625656366348,1.0,1.0,0.0,0.0,0.0,283,35.954193115234375,fresh_online_exploration,0,2,1.0,1.0,6.5802836418151855,-2.9957637786865234,5.6703314781188965
27840,10,1.0048372745513916,1.0048372745513916,1.006425380706787,0.0015880308346822858,1.0,1.0,0.0,0.0,0.0,290,36.14842987060547,fresh_online_exploration,0,2,1.0,1.0,5.998040676116943,-3.018249750137329,5.321108818054199
28128,38,1.0041329860687256,1.0041329860687256,1.0042086839675903,7.570267916889861e-05,1.0,1.0,0.0,0.0,0.0,293,36.217220306396484,fresh_online_exploration,0,2,1.0,1.0,5.798044204711914,-3.0078444480895996,5.213764667510986
47616,33,1.005549430847168,1.005549430847168,1.0055646896362305,1.5178089597611688e-05,1.0,1.0,0.0,0.0,0.0,229,34.7188835144043,fresh_online_exploration,2,4,1.0,1.0,6.124975681304932,-1.8035637140274048,8.458548545837402
51264,58,1.0035492181777954,1.0035492181777954,1.003854513168335,0.0003052881802432239,1.0,1.0,0.0,0.0,0.0,267,35.665565490722656,fresh_online_exploration,2,5,1.0,1.0,7.325315952301025,-1.8297642469406128,6.296249866485596
51552,36,1.0021308660507202,1.0021308660507202,1.003298044204712,0.0011672774562612176,1.0,1.0,0.0,0.0,0.0,271,35.684627532958984,fresh_online_exploration,2,5,1.0,1.0,7.400237083435059,-1.7953239679336548,6.196103096008301
51552,69,1.0047918558120728,1.0047918558120728,1.004828691482544,3.687373464345001e-05,1.0,1.0,0.0,0.0,0.0,271,35.79475784301758,fresh_online_exploration,2,5,1.0,1.0,7.307234764099121,-1.8248876333236694,6.192447185516357
51648,68,1.0026154518127441,1.0026154518127441,1.0051242113113403,0.0025087653193622828,1.0,1.0,0.0,0.0,0.0,267,35.66705322265625,fresh_online_exploration,2,5,1.0,1.0,7.492970943450928,-1.8250430822372437,6.360973834991455
51648,89,1.001491904258728,1.001491904258728,1.0040422677993774,0.0025503418873995543,1.0,1.0,0.0,0.0,0.0,268,35.59505844116211,fresh_online_exploration,2,5,1.0,1.0,7.360791206359863,-1.7903518676757812,6.2725830078125
51648,92,1.0054370164871216,1.0054370164871216,1.0094189643859863,0.0039819651283323765,1.0,1.0,0.0,0.0,0.0,269,35.73065948486328,fresh_online_exploration,2,5,1.0,1.0,7.238353729248047,-1.856488823890686,6.267789363861084
51744,37,1.001530647277832,1.001530647277832,1.0026363134384155,0.0011056896764785051,1.0,1.0,0.0,0.0,0.0,268,35.65071487426758,fresh_online_exploration,2,5,1.0,1.0,7.2344069480896,-1.821479320526123,6.232827663421631
51744,77,1.0039162635803223,1.0039162635803223,1.0070605278015137,0.003144273767247796,1.0,1.0,0.0,0.0,0.0,269,35.711273193359375,fresh_online_exploration,2,5,1.0,1.0,7.386565685272217,-1.8380552530288696,6.286911964416504
51840,22,1.0037951469421387,1.0037951469421387,1.007397174835205,0.0036020686384290457,1.0,1.0,0.0,0.0,0.0,269,35.649253845214844,fresh_online_exploration,2,5,1.0,1.0,7.526095390319824,-1.839093565940857,6.318758964538574
51840,24,1.003417730331421,1.003417730331421,1.0035591125488281,0.00014130330237094313,1.0,1.0,0.0,0.0,0.0,266,35.663543701171875,fresh_online_exploration,2,5,1.0,1.0,7.483104228973389,-1.8642617464065552,6.40687894821167
51840,63,1.0007884502410889,1.0007884502410889,1.0018800497055054,0.0010916320607066154,1.0,1.0,0.0,0.0,0.0,268,35.57746505737305,fresh_online_exploration,2,5,1.0,1.0,7.2696943283081055,-1.8401789665222168,6.299993991851807
51936,73,1.000563144683838,1.000563144683838,1.0006582736968994,9.508673974778503e-05,1.0,1.0,0.0,0.0,0.0,269,35.65256881713867,fresh_online_exploration,2,5,1.0,1.0,7.341013431549072,-1.821454405784607,6.256791114807129
51936,86,1.004038691520691,1.004038691520691,1.005326509475708,0.001287853461690247,1.0,1.0,0.0,0.0,0.0,271,35.75382995605469,fresh_online_exploration,2,5,1.0,1.0,7.371595859527588,-1.8896416425704956,6.120178699493408
52032,3,1.0047743320465088,1.0047743320465088,1.0064561367034912,0.0016818806761875749,1.0,1.0,0.0,0.0,0.0,271,35.7144775390625,fresh_online_exploration,2,5,1.0,1.0,7.449680328369141,-1.842972993850708,6.214106559753418
52032,25,1.001659631729126,1.001659631729126,1.002190113067627,0.0005304203950800002,1.0,1.0,0.0,0.0,0.0,270,35.65999221801758,fresh_online_exploration,2,5,1.0,1.0,7.451429843902588,-1.8344460725784302,6.211068630218506
52032,61,1.0034761428833008,1.0034761428833008,1.0042139291763306,0.0007377679576165974,1.0,1.0,0.0,0.0,0.0,269,35.66840362548828,fresh_online_exploration,2,5,1.0,1.0,7.384992599487305,-1.8129489421844482,6.268313407897949
52032,82,1.0041124820709229,1.0041124820709229,1.0041340589523315,2.1601063053822145e-05,1.0,1.0,0.0,0.0,0.0,270,35.748905181884766,fresh_online_exploration,2,5,1.0,1.0,7.325205326080322,-1.8479719161987305,6.259777545928955
52032,84,1.002910852432251,1.002910852432251,1.0034074783325195,0.0004966103006154299,1.0,1.0,0.0,0.0,0.0,272,35.76624298095703,fresh_online_exploration,2,5,1.0,1.0,7.469203472137451,-1.7970408201217651,6.154678821563721
52128,9,1.0007743835449219,1.0007743835449219,1.004286527633667,0.0035120926331728697,1.0,1.0,0.0,0.0,0.0,271,35.67461395263672,fresh_online_exploration,2,5,1.0,1.0,7.3244404792785645,-1.849851369857788,6.200226783752441
52128,19,1.0050561428070068,1.0050561428070068,1.0050908327102661,3.470096999080852e-05,1.0,1.0,0.0,0.0,0.0,271,35.821510314941406,fresh_online_exploration,2,5,1.0,1.0,7.336708068847656,-1.832152247428894,6.242508411407471
52128,27,1.0039172172546387,1.0039172172546387,1.0051058530807495,0.001188633730635047,1.0,1.0,0.0,0.0,0.0,271,35.77806091308594,fresh_online_exploration,2,5,1.0,1.0,7.304062366485596,-1.838168740272522,6.200229644775391
52128,45,1.0045132637023926,1.0045132637023926,1.0045877695083618,7.452134013874456e-05,1.0,1.0,0.0,0.0,0.0,271,35.77069091796875,fresh_online_exploration,2,5,1.0,1.0,7.385439872741699,-1.8273415565490723,6.1789703369140625
52128,94,1.0014081001281738,1.0014081001281738,1.001605749130249,0.00019765426986850798,1.0,1.0,0.0,0.0,0.0,270,35.664825439453125,fresh_online_exploration,2,5,1.0,1.0,7.315107345581055,-1.7949459552764893,6.178126811981201
52224,12,1.0047504901885986,1.0047504901885986,1.005629539489746,0.0008790896972641349,1.0,1.0,0.0,0.0,0.0,268,35.71495819091797,fresh_online_exploration,2,5,1.0,1.0,7.252492904663086,-1.7781106233596802,6.349034309387207
52224,23,1.005467176437378,1.005467176437378,1.0057218074798584,0.00025471069966442883,1.0,1.0,0.0,0.0,0.0,272,35.81414794921875,fresh_online_exploration,2,5,1.0,1.0,7.361132621765137,-1.8267838954925537,6.180270195007324
52224,30,1.0052396059036255,1.0052396059036255,1.0056389570236206,0.000399370735976845,1.0,1.0,0.0,0.0,0.0,272,35.814178466796875,fresh_online_exploration,2,5,1.0,1.0,7.4291768074035645,-1.8263630867004395,6.210982322692871
52224,39,1.001891851425171,1.001891851425171,1.0029592514038086,0.001067290548235178,1.0,1.0,0.0,0.0,0.0,272,35.73676681518555,fresh_online_exploration,2,5,1.0,1.0,7.431994438171387,-1.819761872291565,6.2053375244140625
52224,44,1.003143072128296,1.003143072128296,1.005972981452942,0.002829935634508729,1.0,1.0,0.0,0.0,0.0,277,35.899085998535156,fresh_online_exploration,2,5,1.0,1.0,7.332184791564941,-1.8550646305084229,5.943231582641602
52224,46,1.0024086236953735,1.0024086236953735,1.002448320388794,3.972672129748389e-05,1.0,1.0,0.0,0.0,0.0,272,35.725650787353516,fresh_online_exploration,2,5,1.0,1.0,7.479653358459473,-1.8055092096328735,6.144009590148926
52224,64,1.0051687955856323,1.0051687955856323,1.0051790475845337,1.0260616363666486e-05,1.0,1.0,0.0,0.0,0.0,273,35.84110641479492,fresh_online_exploration,2,5,1.0,1.0,7.371570587158203,-1.8770655393600464,6.147036552429199
52224,79,1.0029356479644775,1.0029356479644775,1.0082920789718628,0.0053563714027404785,1.0,1.0,0.0,0.0,0.0,273,35.896419525146484,fresh_online_exploration,2,5,1.0,1.0,7.410433292388916,-1.8377517461776733,6.084832191467285
52224,83,1.0032557249069214,1.0032557249069214,1.0036473274230957,0.0003917024005204439,1.0,1.0,0.0,0.0,0.0,273,35.742103576660156,fresh_online_exploration,2,5,1.0,1.0,7.2877349853515625,-1.8337749242782593,6.148657321929932
52224,90,1.0021668672561646,1.0021668672561646,1.0022637844085693,9.693047468317673e-05,1.0,1.0,0.0,0.0,0.0,272,35.7655029296875,fresh_online_exploration,2,5,1.0,1.0,7.249378204345703,-1.8164381980895996,6.132948875427246
52320,2,1.000667691230774,1.000667691230774,1.000767707824707,0.000100069293694105,1.0,1.0,0.0,0.0,0.0,271,35.705055236816406,fresh_online_exploration,2,5,1.0,1.0,7.4319281578063965,-1.8344942331314087,6.190176010131836
52320,4,1.0024842023849487,1.0024842023849487,1.0039474964141846,0.0014632482780143619,1.0,1.0,0.0,0.0,0.0,271,35.685791015625,fresh_online_exploration,2,5,1.0,1.0,7.461546421051025,-1.8173632621765137,6.209257125854492
52320,5,1.0041279792785645,1.0041279792785645,1.0042740106582642,0.00014607049524784088,1.0,1.0,0.0,0.0,0.0,272,35.741119384765625,fresh_online_exploration,2,5,1.0,1.0,7.503810882568359,-1.7972544431686401,6.149563789367676
52320,40,1.005050539970398,1.005050539970398,1.0084400177001953,0.0033894036896526814,1.0,1.0,0.0,0.0,0.0,272,35.78575134277344,fresh_online_exploration,2,5,1.0,1.0,7.204416751861572,-1.7779018878936768,6.151647567749023
52320,88,1.0046510696411133,1.0046510696411133,1.0057225227355957,0.0010714385425671935,1.0,1.0,0.0,0.0,0.0,272,35.798465728759766,fresh_online_exploration,2,5,1.0,1.0,7.294517993927002,-1.8048232793807983,6.165976524353027
52416,16,1.0021775960922241,1.0021775960922241,1.0044429302215576,0.0022653075866401196,1.0,1.0,0.0,0.0,0.0,273,35.7599983215332,fresh_online_exploration,2,5,1.0,1.0,7.42860221862793,-1.812650203704834,6.072576999664307
52416,26,1.004187822341919,1.004187822341919,1.004380226135254,0.0001924834359670058,1.0,1.0,0.0,0.0,0.0,271,35.804710388183594,fresh_online_exploration,2,5,1.0,1.0,7.3907270431518555,-1.8088473081588745,6.194688320159912
52416,29,1.004325270652771,1.004325270652771,1.0043638944625854,3.8600155676249415e-05,1.0,1.0,0.0,0.0,0.0,273,35.82757568359375,fresh_online_exploration,2,5,1.0,1.0,7.248525142669678,-1.8312915563583374,6.1530609130859375
52416,51,1.0048818588256836,1.0048818588256836,1.004915714263916,3.3959535358008e-05,1.0,1.0,0.0,0.0,0.0,270,35.78122329711914,fresh_online_exploration,2,5,1.0,1.0,7.445384979248047,-1.7714446783065796,6.27655553817749
52416,52,1.0035724639892578,1.0035724639892578,1.007580041885376,0.004007567185908556,1.0,1.0,0.0,0.0,0.0,273,35.78928756713867,fresh_online_exploration,2,5,1.0,1.0,7.22927188873291,-1.8048062324523926,6.128973960876465
52416,55,1.0016875267028809,1.0016875267028809,1.0018306970596313,0.0001431686687283218,1.0,1.0,0.0,0.0,0.0,271,35.7350959777832,fresh_online_exploration,2,5,1.0,1.0,7.253207683563232,-1.8000659942626953,6.177886962890625
52416,57,1.0056051015853882,1.0056051015853882,1.0090515613555908,0.003446501214057207,1.0,1.0,0.0,0.0,0.0,273,35.82322692871094,fresh_online_exploration,2,5,1.0,1.0,7.390895843505859,-1.8200732469558716,6.159585475921631
52416,65,1.005273461341858,1.005273461341858,1.005639910697937,0.0003663981333374977,1.0,1.0,0.0,0.0,0.0,272,35.806983947753906,fresh_online_exploration,2,5,1.0,1.0,7.282345771789551,-1.7785059213638306,6.193354606628418
52416,85,1.003137230873108,1.003137230873108,1.005194067955017,0.0020568440668284893,1.0,1.0,0.0,0.0,0.0,273,35.79283142089844,fresh_online_exploration,2,5,1.0,1.0,7.372486591339111,-1.7909257411956787,6.142543792724609
52416,91,1.0012668371200562,1.0012668371200562,1.001887321472168,0.0006205010577104986,1.0,1.0,0.0,0.0,0.0,275,35.80727005004883,fresh_online_exploration,2,5,1.0,1.0,7.201247215270996,-1.7814205884933472,6.000316619873047
52512,11,1.0034925937652588,1.0034925937652588,1.004532814025879,0.0010402834741398692,1.0,1.0,0.0,0.0,0.0,271,35.703216552734375,fresh_online_exploration,2,5,1.0,1.0,7.175721168518066,-1.792967677116394,6.20653772354126
52512,15,1.001360535621643,1.001360535621643,1.0019092559814453,0.0005487403832376003,1.0,1.0,0.0,0.0,0.0,271,35.72203826904297,fresh_online_exploration,2,5,1.0,1.0,7.446080684661865,-1.7588849067687988,6.187047004699707
52512,32,1.0030614137649536,1.0030614137649536,1.0032603740692139,0.00019898885511793196,1.0,1.0,0.0,0.0,0.0,274,35.780948638916016,fresh_online_exploration,2,5,1.0,1.0,7.345988750457764,-1.7735662460327148,6.073688983917236
52512,43,1.0047056674957275,1.0047056674957275,1.0075476169586182,0.0028419322334229946,1.0,1.0,0.0,0.0,0.0,274,35.874122619628906,fresh_online_exploration,2,5,1.0,1.0,7.262503623962402,-1.8126466274261475,6.132101535797119
52512,50,1.0017563104629517,1.0017563104629517,1.0020356178283691,0.0002793874009512365,1.0,1.0,0.0,0.0,0.0,273,35.756839752197266,fresh_online_exploration,2,5,1.0,1.0,7.337400913238525,-1.839887022972107,6.074522018432617
52512,60,1.0007004737854004,1.0007004737854004,1.0014214515686035,0.0007209800533019006,1.0,1.0,0.0,0.0,0.0,274,35.742225646972656,fresh_online_exploration,2,5,1.0,1.0,7.41640043258667,-1.8001749515533447,6.023138046264648
52512,62,1.0018117427825928,1.0018117427825928,1.0040581226348877,0.0022462711203843355,1.0,1.0,0.0,0.0,0.0,271,35.721405029296875,fresh_online_exploration,2,5,1.0,1.0,7.322634696960449,-1.779784917831421,6.205420970916748
52512,70,1.0006835460662842,1.0006835460662842,1.0008690357208252,0.0001854066358646378,1.0,1.0,0.0,0.0,0.0,277,35.87276840209961,fresh_online_exploration,2,5,1.0,1.0,7.297154426574707,-1.8057615756988525,5.930139541625977
52512,76,1.0052978992462158,1.0052978992462158,1.0054435729980469,0.00014562562864739448,1.0,1.0,0.0,0.0,0.0,274,35.859214782714844,fresh_online_exploration,2,5,1.0,1.0,7.290586948394775,-1.7756171226501465,6.1108808517456055
52608,1,1.0031872987747192,1.0031872987747192,1.0032563209533691,6.906465569045395e-05,1.0,1.0,0.0,0.0,0.0,275,35.83198165893555,fresh_online_exploration,2,5,1.0,1.0,7.177246570587158,-1.7548779249191284,6.068702220916748
52608,7,1.0033432245254517,1.0033432245254517,1.0035091638565063,0.00016591284656897187,1.0,1.0,0.0,0.0,0.0,274,35.85084533691406,fresh_online_exploration,2,5,1.0,1.0,7.193632125854492,-1.77247953414917,6.092274188995361
52608,13,1.0008118152618408,1.0008118152618408,1.0014519691467285,0.0006401669234037399,1.0,1.0,0.0,0.0,0.0,274,35.77296829223633,fresh_online_exploration,2,5,1.0,1.0,7.321974277496338,-1.7863508462905884,6.0477752685546875
52608,54,1.0011171102523804,1.0011171102523804,1.002096176147461,0.0009791560005396605,1.0,1.0,0.0,0.0,0.0,271,35.72441101074219,fresh_online_exploration,2,5,1.0,1.0,7.291011333465576,-1.7884289026260376,6.240527153015137
52704,47,1.0028067827224731,1.0028067827224731,1.002822995185852,1.625510776648298e-05,1.0,1.0,0.0,0.0,0.0,275,35.876895904541016,fresh_online_exploration,2,5,1.0,1.0,7.037567615509033,-1.8366868495941162,6.046829700469971
52704,53,1.0022941827774048,1.0022941827774048,1.0029752254486084,0.0006810612976551056,1.0,1.0,0.0,0.0,0.0,274,35.78221893310547,fresh_online_exploration,2,5,1.0,1.0,7.390382766723633,-1.7981821298599243,6.092887878417969
52704,72,1.0012712478637695,1.0012712478637695,1.003770351409912,0.0024990492966026068,1.0,1.0,0.0,0.0,0.0,270,35.63916778564453,fresh_online_exploration,2,5,1.0,1.0,6.839956760406494,-1.770762324333191,6.105401039123535
52704,75,1.0016815662384033,1.0016815662384033,1.0017077922821045,2.616949495859444e-05,1.0,1.0,0.0,0.0,0.0,272,35.6954460144043,fresh_online_exploration,2,5,1.0,1.0,7.390695095062256,-1.8123161792755127,6.151486873626709
52800,18,1.0046361684799194,1.0046361684799194,1.0074455738067627,0.002809427445754409,1.0,1.0,0.0,0.0,0.0,281,35.92574691772461,fresh_online_exploration,2,5,1.0,1.0,6.90291166305542,-1.8340716361999512,5.605036735534668
52800,28,1.0030514001846313,1.0030514001846313,1.0033891201019287,0.000337666628183797,1.0,1.0,0.0,0.0,0.0,274,35.77750015258789,fresh_online_exploration,2,5,1.0,1.0,7.329354286193848,-1.7715469598770142,6.068667888641357
52800,34,1.0019311904907227,1.0019311904907227,1.001961350440979,3.0162569601088762e-05,1.0,1.0,0.0,0.0,0.0,274,35.83283996582031,fresh_online_exploration,2,5,1.0,1.0,7.45778226852417,-1.8049641847610474,6.080430030822754
52896,6,1.0034044981002808,1.0034044981002808,1.0173475742340088,0.013942921534180641,1.0,1.0,0.0,0.0,0.0,271,35.708457946777344,fresh_online_exploration,2,5,1.0,1.0,7.2844157218933105,-1.7482837438583374,6.294189453125
52896,14,1.0022428035736084,1.0022428035736084,1.0024898052215576,0.0002470125909894705,1.0,1.0,0.0,0.0,0.0,275,35.81925582885742,fresh_online_exploration,2,5,1.0,1.0,7.215643882751465,-1.7624872922897339,6.065804958343506
52896,35,1.0030490159988403,1.0030490159988403,1.0042223930358887,0.0011734548024833202,1.0,1.0,0.0,0.0,0.0,271,35.73291778564453,fresh_online_exploration,2,5,1.0,1.0,7.51665735244751,-1.7981510162353516,6.141600608825684
52896,71,1.0047919750213623,1.0047919750213623,1.0074570178985596,0.002665173262357712,1.0,1.0,0.0,0.0,0.0,275,35.834938049316406,fresh_online_exploration,2,5,1.0,1.0,7.275361061096191,-1.7949270009994507,6.057559013366699
52896,74,1.0004452466964722,1.0004452466964722,1.0016155242919922,0.0011702064657583833,1.0,1.0,0.0,0.0,0.0,275,35.74272537231445,fresh_online_exploration,2,5,1.0,1.0,6.742790699005127,-1.739423155784607,5.861862659454346
52896,87,1.0042670965194702,1.0042670965194702,1.0046746730804443,0.000407480780268088,1.0,1.0,0.0,0.0,0.0,276,35.918087005615234,fresh_online_exploration,2,5,1.0,1.0,7.207738876342773,-1.8294459581375122,6.014729976654053
52992,0,1.0000067949295044,1.0000067949295044,1.0000419616699219,3.5211738577345386e-05,1.0,1.0,0.0,0.0,0.0,275,35.801902770996094,fresh_online_exploration,2,5,1.0,1.0,7.298649787902832,-1.763251543045044,6.004162788391113
52992,48,1.0020761489868164,1.0020761489868164,1.0021283626556396,5.2150138799333945e-05,1.0,1.0,0.0,0.0,0.0,278,35.904052734375,fresh_online_exploration,2,5,1.0,1.0,7.095255374908447,-1.7990933656692505,5.944642543792725
52992,78,1.0020471811294556,1.0020471811294556,1.0037124156951904,0.001665229443460703,1.0,1.0,0.0,0.0,0.0,277,35.893211364746094,fresh_online_exploration,2,5,1.0,1.0,7.1785807609558105,-1.7966909408569336,5.985957145690918
53088,49,1.0035521984100342,1.0035521984100342,1.0083707571029663,0.0048184581100940704,1.0,1.0,0.0,0.0,0.0,275,35.82286071777344,fresh_online_exploration,2,5,1.0,1.0,7.226482391357422,-1.799450397491455,6.071678638458252
53088,66,1.0004745721817017,1.0004745721817017,1.0011869668960571,0.0007123565301299095,1.0,1.0,0.0,0.0,0.0,276,35.75163269042969,fresh_online_exploration,2,5,1.0,1.0,7.21659517288208,-1.8600527048110962,5.979215145111084
53088,95,1.002250075340271,1.002250075340271,1.0035607814788818,0.00131071952637285,1.0,1.0,0.0,0.0,0.0,277,35.84128189086914,fresh_online_exploration,2,5,1.0,1.0,7.06663703918457,-1.8169187307357788,6.009761333465576
53184,21,1.003055214881897,1.003055214881897,1.0036215782165527,0.0005664390628226101,1.0,1.0,0.0,0.0,0.0,281,35.98137664794922,fresh_online_exploration,2,5,1.0,1.0,7.074196815490723,-1.7869364023208618,5.866849899291992
53184,41,1.0012246370315552,1.0012246370315552,1.0052993297576904,0.004074712283909321,1.0,1.0,0.0,0.0,0.0,280,35.86958694458008,fresh_online_exploration,2,5,1.0,1.0,6.787323474884033,-1.8221355676651,5.680009365081787
53184,42,1.0030772686004639,1.0030772686004639,1.0046215057373047,0.0015443004667758942,1.0,1.0,0.0,0.0,0.0,276,35.8831672668457,fresh_online_exploration,2,5,1.0,1.0,7.164207458496094,-1.7660760879516602,6.008916854858398
53184,59,1.0042362213134766,1.0042362213134766,1.004443883895874,0.00020761581254191697,1.0,1.0,0.0,0.0,0.0,276,35.89751434326172,fresh_online_exploration,2,5,1.0,1.0,7.388777732849121,-1.787996530532837,6.03018045425415
53184,80,1.0021231174468994,1.0021231174468994,1.0035724639892578,0.0014494246570393443,1.0,1.0,0.0,0.0,0.0,275,35.815940856933594,fresh_online_exploration,2,5,1.0,1.0,7.210604190826416,-1.7902297973632812,6.038658142089844
53280,17,1.0034286975860596,1.0034286975860596,1.0037555694580078,0.0003268244909122586,1.0,1.0,0.0,0.0,0.0,278,35.88909149169922,fresh_online_exploration,2,5,1.0,1.0,7.217083930969238,-1.780197262763977,5.864543437957764
53376,67,1.0025008916854858,1.0025008916854858,1.0025262832641602,2.5484972866252065e-05,1.0,1.0,0.0,0.0,0.0,280,35.92216873168945,fresh_online_exploration,2,5,1.0,1.0,6.917766094207764,-1.7281787395477295,5.855556011199951
53472,31,1.0024269819259644,1.0024269819259644,1.0026443004608154,0.00021728905267082155,1.0,1.0,0.0,0.0,0.0,279,35.96128845214844,fresh_online_exploration,2,5,1.0,1.0,7.171160697937012,-1.7957991361618042,5.875724792480469
53568,93,1.0050439834594727,1.0050439834594727,1.0082136392593384,0.0031696294900029898,1.0,1.0,0.0,0.0,0.0,283,36.02039337158203,fresh_online_exploration,2,5,1.0,1.0,6.842518329620361,-1.7849676609039307,5.595754146575928
53664,8,1.0024245977401733,1.0024245977401733,1.0027917623519897,0.00036720451316796243,1.0,1.0,0.0,0.0,0.0,279,35.93916702270508,fresh_online_exploration,2,5,1.0,1.0,7.287842750549316,-1.807374358177185,5.8753767013549805
53664,56,1.0010597705841064,1.0010597705841064,1.0015881061553955,0.0005284254439175129,1.0,1.0,0.0,0.0,0.0,276,35.77660369873047,fresh_online_exploration,2,5,1.0,1.0,7.367353916168213,-1.7657408714294434,5.990874290466309
53664,81,1.002961277961731,1.002961277961731,1.0038484334945679,0.0008871981408447027,1.0,1.0,0.0,0.0,0.0,278,35.906002044677734,fresh_online_exploration,2,5,1.0,1.0,7.114466667175293,-1.740634799003601,5.9192962646484375
53856,10,1.0001118183135986,1.0001118183135986,1.0003101825714111,0.00019844883354380727,1.0,1.0,0.0,0.0,0.0,271,35.735076904296875,fresh_online_exploration,2,5,1.0,1.0,7.456939220428467,-1.7789875268936157,6.166396141052246
53856,20,1.002813696861267,1.002813696861267,1.0028483867645264,3.474041659501381e-05,1.0,1.0,0.0,0.0,0.0,279,35.9596061706543,fresh_online_exploration,2,5,1.0,1.0,7.013991832733154,-1.7862048149108887,5.875762462615967
54528,38,1.004417896270752,1.004417896270752,1.0062141418457031,0.0017962055280804634,1.0,1.0,0.0,0.0,0.0,275,35.82819366455078,fresh_online_exploration,2,5,1.0,1.0,7.233964443206787,-1.7517151832580566,6.091407299041748
73056,33,1.0016980171203613,1.0016980171203613,1.0028035640716553,0.0011054809438064694,1.0,1.0,0.0,0.0,0.0,265,35.5406494140625,fresh_online_exploration,4,7,1.0,1.0,7.956849575042725,-0.9451694488525391,6.441915512084961
77376,36,1.003379464149475,1.003379464149475,1.003798484802246,0.0004191089537926018,1.0,1.0,0.0,0.0,0.0,269,35.66347885131836,fresh_online_exploration,5,7,1.0,1.0,7.964844703674316,-0.7875701785087585,6.2176713943481445
77664,25,1.0036219358444214,1.0036219358444214,1.0054773092269897,0.0018553894478827715,1.0,1.0,0.0,0.0,0.0,267,35.6630859375,fresh_online_exploration,5,7,1.0,1.0,8.164605140686035,-0.7835731506347656,6.329037666320801
77760,63,1.0008573532104492,1.0008573532104492,1.000868797302246,1.1426770470279735e-05,1.0,1.0,0.0,0.0,0.0,270,35.62127685546875,fresh_online_exploration,5,7,1.0,1.0,8.149733543395996,-0.799138605594635,6.220679759979248
77856,24,1.004457950592041,1.004457950592041,1.0045292377471924,7.123799878172576e-05,1.0,1.0,0.0,0.0,0.0,271,35.710365295410156,fresh_online_exploration,5,7,1.0,1.0,8.012894630432129,-0.7686732411384583,6.240406036376953
77856,37,1.0022765398025513,1.0022765398025513,1.0029444694519043,0.0006678723730146885,1.0,1.0,0.0,0.0,0.0,272,35.77362823486328,fresh_online_exploration,5,7,1.0,1.0,8.154696464538574,-0.7927863001823425,6.109825611114502
77856,61,1.0046340227127075,1.0046340227127075,1.006118893623352,0.0014847929123789072,1.0,1.0,0.0,0.0,0.0,269,35.635765075683594,fresh_online_exploration,5,7,1.0,1.0,8.226823806762695,-0.7740297913551331,6.271631717681885
77856,68,1.0035816431045532,1.0035816431045532,1.0037167072296143,0.00013501272769644856,1.0,1.0,0.0,0.0,0.0,273,35.773494720458984,fresh_online_exploration,5,7,1.0,1.0,8.001686096191406,-0.792275607585907,6.1341047286987305
77856,77,1.0035672187805176,1.0035672187805176,1.0071876049041748,0.0036203169729560614,1.0,1.0,0.0,0.0,0.0,272,35.67385482788086,fresh_online_exploration,5,7,1.0,1.0,8.045439720153809,-0.7392335534095764,6.11775016784668
77856,86,1.0002650022506714,1.0002650022506714,1.000683307647705,0.00041830912232398987,1.0,1.0,0.0,0.0,0.0,270,35.64583206176758,fresh_online_exploration,5,7,1.0,1.0,7.8621978759765625,-0.7453123331069946,6.174317836761475
77856,92,1.0043385028839111,1.0043385028839111,1.004388451576233,4.994923801859841e-05,1.0,1.0,0.0,0.0,0.0,273,35.786739349365234,fresh_online_exploration,5,7,1.0,1.0,7.932818412780762,-0.7690770030021667,6.15385627746582
78048,30,1.0010300874710083,1.0010300874710083,1.0012295246124268,0.00019941921345889568,1.0,1.0,0.0,0.0,0.0,269,35.665138244628906,fresh_online_exploration,5,7,1.0,1.0,8.164803504943848,-0.7340784072875977,6.274712562561035
78048,69,1.0010206699371338,1.0010206699371338,1.001062035560608,4.1420586057938635e-05,1.0,1.0,0.0,0.0,0.0,276,35.81178283691406,fresh_online_exploration,5,7,1.0,1.0,7.875171661376953,-0.7774576544761658,6.005925178527832
78048,91,1.004040241241455,1.004040241241455,1.0043026208877563,0.0002623894833959639,1.0,1.0,0.0,0.0,0.0,267,35.64577102661133,fresh_online_exploration,5,7,1.0,1.0,8.187799453735352,-0.7814164161682129,6.360692501068115
78144,45,1.0051119327545166,1.0051119327545166,1.0051872730255127,7.529236609116197e-05,1.0,1.0,0.0,0.0,0.0,271,35.74934387207031,fresh_online_exploration,5,7,1.0,1.0,8.072667121887207,-0.7429956793785095,6.228874683380127
78144,89,1.0023950338363647,1.0023950338363647,1.0036002397537231,0.0012051546946167946,1.0,1.0,0.0,0.0,0.0,276,35.82770919799805,fresh_online_exploration,5,7,1.0,1.0,7.993456840515137,-0.7370482683181763,6.004741191864014
78240,4,1.003721833229065,1.003721833229065,1.013960838317871,0.010238933376967907,1.0,1.0,0.0,0.0,0.0,270,35.62270736694336,fresh_online_exploration,5,7,1.0,1.0,8.071592330932617,-0.8026106953620911,6.2808427810668945
78240,12,1.0026848316192627,1.0026848316192627,1.002752423286438,6.763557030353695e-05,1.0,1.0,0.0,0.0,0.0,271,35.72373580932617,fresh_online_exploration,5,7,1.0,1.0,7.959486961364746,-0.7088998556137085,6.24156379699707
78336,3,1.004747986793518,1.004747986793518,1.0049827098846436,0.00023473419423680753,1.0,1.0,0.0,0.0,0.0,274,35.79372787475586,fresh_online_exploration,5,7,1.0,1.0,8.133776664733887,-0.7593960762023926,6.1251678466796875
78336,58,1.005614161491394,1.005614161491394,1.0079255104064941,0.002311321208253503,1.0,1.0,0.0,0.0,0.0,282,36.066070556640625,fresh_online_exploration,5,7,1.0,1.0,7.8863983154296875,-0.747437596321106,5.823655605316162
78336,64,1.0029724836349487,1.0029724836349487,1.0059289932250977,0.0029564460273832083,1.0,1.0,0.0,0.0,0.0,272,35.74209976196289,fresh_online_exploration,5,7,1.0,1.0,7.90156364440918,-0.720879077911377,6.1984543800354
78336,73,1.0037859678268433,1.0037859678268433,1.0039141178131104,0.00012820101983379573,1.0,1.0,0.0,0.0,0.0,275,35.8086051940918,fresh_online_exploration,5,7,1.0,1.0,8.016338348388672,-0.7033436894416809,6.023256301879883
78432,5,1.0023810863494873,1.0023810863494873,1.0051629543304443,0.002781877527013421,1.0,1.0,0.0,0.0,0.0,272,35.71675109863281,fresh_online_exploration,5,7,1.0,1.0,8.0658597946167,-0.7452259659767151,6.155734062194824
78432,9,1.0052080154418945,1.0052080154418945,1.0059425830841064,0.0007345377234742045,1.0,1.0,0.0,0.0,0.0,274,35.84347152709961,fresh_online_exploration,5,7,1.0,1.0,8.096294403076172,-0.7386872172355652,6.089606285095215
78432,22,1.0031754970550537,1.0031754970550537,1.003433346748352,0.0002578294079285115,1.0,1.0,0.0,0.0,0.0,277,35.79990768432617,fresh_online_exploration,5,7,1.0,1.0,8.061226844787598,-0.8036220073699951,5.967697620391846
78432,44,1.0025618076324463,1.0025618076324463,1.003326416015625,0.0007645846344530582,1.0,1.0,0.0,0.0,0.0,273,35.73708724975586,fresh_online_exploration,5,7,1.0,1.0,8.068860054016113,-0.7601168751716614,6.0621137619018555
78432,84,1.003555417060852,1.003555417060852,1.0036566257476807,0.0001011835629469715,1.0,1.0,0.0,0.0,0.0,275,35.796775817871094,fresh_online_exploration,5,7,1.0,1.0,7.990361213684082,-0.787255585193634,6.039221286773682
78528,16,1.001333236694336,1.001333236694336,1.001509666442871,0.00017653903341852129,1.0,1.0,0.0,0.0,0.0,272,35.74882507324219,fresh_online_exploration,5,7,1.0,1.0,8.02493667602539,-0.7508999705314636,6.1513590812683105
78528,27,1.0045318603515625,1.0045318603515625,1.0045424699783325,1.0596633728710003e-05,1.0,1.0,0.0,0.0,0.0,275,35.854923248291016,fresh_online_exploration,5,7,1.0,1.0,7.870999813079834,-0.8053619861602783,6.071455955505371
78528,82,1.0049546957015991,1.0049546957015991,1.0054280757904053,0.0004732687375508249,1.0,1.0,0.0,0.0,0.0,276,35.87102508544922,fresh_online_exploration,5,7,1.0,1.0,8.05255126953125,-0.7635445594787598,5.973977088928223
78528,85,1.0025285482406616,1.0025285482406616,1.0026190280914307,9.04620173969306e-05,1.0,1.0,0.0,0.0,0.0,272,35.72334671020508,fresh_online_exploration,5,7,1.0,1.0,8.12431526184082,-0.7413604259490967,6.172403812408447
78624,2,1.003889560699463,1.003889560699463,1.004248023033142,0.0003584146616049111,1.0,1.0,0.0,0.0,0.0,274,35.81251525878906,fresh_online_exploration,5,7,1.0,1.0,7.882765293121338,-0.7322368025779724,6.117656230926514
78624,39,1.0041403770446777,1.0041403770446777,1.0054187774658203,0.0012784788850694895,1.0,1.0,0.0,0.0,0.0,275,35.840606689453125,fresh_online_exploration,5,7,1.0,1.0,7.830768585205078,-0.7360274195671082,6.093749523162842
78624,46,1.0056670904159546,1.0056670904159546,1.018064260482788,0.012397237122058868,1.0,1.0,0.0,0.0,0.0,275,35.72285842895508,fresh_online_exploration,5,7,1.0,1.0,8.23912239074707,-0.694855272769928,6.106098175048828
78624,60,1.0011767148971558,1.0011767148971558,1.0035724639892578,0.0023956834338605404,1.0,1.0,0.0,0.0,0.0,272,35.68803405761719,fresh_online_exploration,5,7,1.0,1.0,8.171401023864746,-0.7443532347679138,6.112299919128418
78624,83,1.0016778707504272,1.0016778707504272,1.0016876459121704,9.746577234182041e-06,1.0,1.0,0.0,0.0,0.0,275,35.79680633544922,fresh_online_exploration,5,7,1.0,1.0,8.006367683410645,-0.7038270235061646,6.059689521789551
78624,88,1.00016188621521,1.00016188621521,1.0004456043243408,0.00028368571656756103,1.0,1.0,0.0,0.0,0.0,274,35.75957489013672,fresh_online_exploration,5,7,1.0,1.0,7.965104103088379,-0.7222936749458313,6.069630146026611
78720,15,1.0054608583450317,1.0054608583450317,1.0058891773223877,0.0004283704038243741,1.0,1.0,0.0,0.0,0.0,273,35.826812744140625,fresh_online_exploration,5,7,1.0,1.0,8.083601951599121,-0.7007986903190613,6.157072067260742
78720,23,1.0010489225387573,1.0010489225387573,1.0015850067138672,0.000536128762178123,1.0,1.0,0.0,0.0,0.0,276,35.769500732421875,fresh_online_exploration,5,7,1.0,1.0,7.900402069091797,-0.7172010540962219,6.02828311920166
78720,50,1.0036940574645996,1.0036940574645996,1.0037217140197754,2.7586964279180393e-05,1.0,1.0,0.0,0.0,0.0,273,35.773033142089844,fresh_online_exploration,5,7,1.0,1.0,7.980848789215088,-0.6645227074623108,6.170206069946289
78720,52,1.0054477453231812,1.0054477453231812,1.0082757472991943,0.0028280052356421947,1.0,1.0,0.0,0.0,0.0,274,35.85530471801758,fresh_online_exploration,5,7,1.0,1.0,7.775064468383789,-0.7510530352592468,6.119771957397461
78720,53,1.0030512809753418,1.0030512809753418,1.0031821727752686,0.00013089494314044714,1.0,1.0,0.0,0.0,0.0,271,35.70260238647461,fresh_online_exploration,5,7,1.0,1.0,8.043302536010742,-0.7415259480476379,6.225218296051025
78720,62,1.0038377046585083,1.0038377046585083,1.0039397478103638,0.00010203593410551548,1.0,1.0,0.0,0.0,0.0,273,35.829647064208984,fresh_online_exploration,5,7,1.0,1.0,7.927316665649414,-0.7324341535568237,6.157624244689941
78720,94,1.0022039413452148,1.0022039413452148,1.002655267715454,0.0004513640596996993,1.0,1.0,0.0,0.0,0.0,277,35.82164764404297,fresh_online_exploration,5,7,1.0,1.0,7.9203009605407715,-0.7237693071365356,6.002580165863037
78816,11,1.0016450881958008,1.0016450881958008,1.0016651153564453,2.0017016140627675e-05,1.0,1.0,0.0,0.0,0.0,274,35.71486282348633,fresh_online_exploration,5,7,1.0,1.0,8.040295600891113,-0.6995729207992554,6.1107635498046875
78816,54,1.0036892890930176,1.0036892890930176,1.0060354471206665,0.002346261404454708,1.0,1.0,0.0,0.0,0.0,273,35.7802734375,fresh_online_exploration,5,7,1.0,1.0,8.141329765319824,-0.7264374494552612,6.1362690925598145
78816,65,1.0038172006607056,1.0038172006607056,1.0044416189193726,0.0006243680254556239,1.0,1.0,0.0,0.0,0.0,275,35.80766296386719,fresh_online_exploration,5,7,1.0,1.0,7.932669639587402,-0.7693540453910828,6.031209945678711
78816,90,1.0013301372528076,1.0013301372528076,1.001432180404663,0.00010207032755715773,1.0,1.0,0.0,0.0,0.0,277,35.891265869140625,fresh_online_exploration,5,7,1.0,1.0,7.735574722290039,-0.7250535488128662,5.946528911590576
78912,1,1.0013340711593628,1.0013340711593628,1.0013442039489746,1.0071160431834869e-05,1.0,1.0,0.0,0.0,0.0,274,35.76495361328125,fresh_online_exploration,5,7,1.0,1.0,7.9393391609191895,-0.6918424367904663,6.099867820739746
78912,26,1.0032583475112915,1.0032583475112915,1.003295660018921,3.733197081601247e-05,1.0,1.0,0.0,0.0,0.0,276,35.838218688964844,fresh_online_exploration,5,7,1.0,1.0,7.8017659187316895,-0.7305667996406555,6.044492244720459
78912,29,1.000501036643982,1.000501036643982,1.000516653060913,1.5711126252426766e-05,1.0,1.0,0.0,0.0,0.0,276,35.81717300415039,fresh_online_exploration,5,7,1.0,1.0,7.88610315322876,-0.7643104195594788,5.9809722900390625
78912,51,1.004259467124939,1.004259467124939,1.0045487880706787,0.00028938648756593466,1.0,1.0,0.0,0.0,0.0,276,35.90130615234375,fresh_online_exploration,5,7,1.0,1.0,7.926701068878174,-0.7370930910110474,6.090580940246582
78912,57,1.0008394718170166,1.0008394718170166,1.0008509159088135,1.1464519957371522e-05,1.0,1.0,0.0,0.0,0.0,276,35.749332427978516,fresh_online_exploration,5,7,1.0,1.0,8.087467193603516,-0.7114204168319702,6.003744125366211
78912,71,1.0012201070785522,1.0012201070785522,1.001334547996521,0.00011443100811447948,1.0,1.0,0.0,0.0,0.0,271,35.70133972167969,fresh_online_exploration,5,7,1.0,1.0,8.048028945922852,-0.7652372717857361,6.189223289489746
78912,75,1.0048881769180298,1.0048881769180298,1.0048997402191162,1.1631137567746919e-05,1.0,1.0,0.0,0.0,0.0,273,35.790748596191406,fresh_online_exploration,5,7,1.0,1.0,7.981653690338135,-0.7448351979255676,6.166951656341553
78912,76,1.0010114908218384,1.0010114908218384,1.0015320777893066,0.0005205445922911167,1.0,1.0,0.0,0.0,0.0,275,35.75178146362305,fresh_online_exploration,5,7,1.0,1.0,8.224713325500488,-0.6793844103813171,5.97562837600708
79008,13,1.003745675086975,1.003745675086975,1.0037622451782227,1.6504583982168697e-05,1.0,1.0,0.0,0.0,0.0,275,35.818275451660156,fresh_online_exploration,5,7,1.0,1.0,7.912490367889404,-0.6997543573379517,6.030642986297607
79008,19,1.0004693269729614,1.0004693269729614,1.00101637840271,0.0005471049807965755,1.0,1.0,0.0,0.0,0.0,280,35.92193603515625,fresh_online_exploration,5,7,1.0,1.0,7.740954399108887,-0.7928456664085388,5.869200706481934
79104,32,1.0032042264938354,1.0032042264938354,1.0032188892364502,1.4591248145734426e-05,1.0,1.0,0.0,0.0,0.0,277,35.921791076660156,fresh_online_exploration,5,7,1.0,1.0,7.709708213806152,-0.7515634894371033,5.9823431968688965
79104,40,1.001602292060852,1.001602292060852,1.0017902851104736,0.00018799093959387392,1.0,1.0,0.0,0.0,0.0,279,35.89912414550781,fresh_online_exploration,5,7,1.0,1.0,7.643309593200684,-0.7464679479598999,5.861003398895264
79104,41,1.001369595527649,1.001369595527649,1.0013864040374756,1.6825821148813702e-05,1.0,1.0,0.0,0.0,0.0,270,35.66201400756836,fresh_online_exploration,5,7,1.0,1.0,8.134303092956543,-0.7314131855964661,6.265406131744385
79200,43,1.0032833814620972,1.0032833814620972,1.0033116340637207,2.823637260007672e-05,1.0,1.0,0.0,0.0,0.0,278,35.92033004760742,fresh_online_exploration,5,7,1.0,1.0,7.822115421295166,-0.6975199580192566,5.952906131744385
79200,70,1.0005022287368774,1.0005022287368774,1.0005301237106323,2.7901029170607217e-05,1.0,1.0,0.0,0.0,0.0,278,35.81841278076172,fresh_online_exploration,5,7,1.0,1.0,7.758692264556885,-0.6966046094894409,5.9026570320129395
79296,18,1.0014700889587402,1.0014700889587402,1.0015411376953125,7.110122533049434e-05,1.0,1.0,0.0,0.0,0.0,276,35.802772521972656,fresh_online_exploration,5,7,1.0,1.0,7.896378993988037,-0.7157354950904846,5.985720634460449
79296,28,1.0050216913223267,1.0050216913223267,1.0050328969955444,1.1211627679585945e-05,1.0,1.0,0.0,0.0,0.0,276,35.86687469482422,fresh_online_exploration,5,7,1.0,1.0,7.878275394439697,-0.7474890947341919,6.0325236320495605
79296,87,1.003133773803711,1.003133773803711,1.0031821727752686,4.846822048421018e-05,1.0,1.0,0.0,0.0,0.0,275,35.83475875854492,fresh_online_exploration,5,7,1.0,1.0,7.846736431121826,-0.722703754901886,6.059524059295654
79392,6,1.0043643712997437,1.0043643712997437,1.006752848625183,0.00238843378610909,1.0,1.0,0.0,0.0,0.0,276,35.85103225708008,fresh_online_exploration,5,7,1.0,1.0,7.881285667419434,-0.7586246132850647,6.057459354400635
79392,34,1.0000290870666504,1.0000290870666504,1.000656247138977,0.0006271718302741647,1.0,1.0,0.0,0.0,0.0,277,35.77638244628906,fresh_online_exploration,5,7,1.0,1.0,7.78323221206665,-0.7401127219200134,5.958325386047363
79392,72,1.0022282600402832,1.0022282600402832,1.0022742748260498,4.60752344224602e-05,1.0,1.0,0.0,0.0,0.0,278,35.86699676513672,fresh_online_exploration,5,7,1.0,1.0,7.840056419372559,-0.7662639617919922,5.990998268127441
79488,48,1.0037695169448853,1.0037695169448853,1.0042303800582886,0.00046087364898994565,1.0,1.0,0.0,0.0,0.0,276,35.90934753417969,fresh_online_exploration,5,7,1.0,1.0,7.905331611633301,-0.7168995141983032,6.035712718963623
79488,55,1.0056099891662598,1.0056099891662598,1.0059019327163696,0.00029188874759711325,1.0,1.0,0.0,0.0,0.0,282,36.02251434326172,fresh_online_exploration,5,7,1.0,1.0,7.801791667938232,-0.7435693740844727,5.83394718170166
79584,7,1.0047780275344849,1.0047780275344849,1.0049777030944824,0.00019975434406660497,1.0,1.0,0.0,0.0,0.0,281,36.04319763183594,fresh_online_exploration,5,7,1.0,1.0,7.6866631507873535,-0.7032548189163208,5.844730377197266
79584,14,1.0026615858078003,1.0026615858078003,1.00284743309021,0.00018583168275654316,1.0,1.0,0.0,0.0,0.0,278,35.908355712890625,fresh_online_exploration,5,7,1.0,1.0,7.888248443603516,-0.736892580986023,5.9365434646606445
79584,35,1.0031723976135254,1.0031723976135254,1.0037577152252197,0.0005852573085576296,1.0,1.0,0.0,0.0,0.0,278,35.91584777832031,fresh_online_exploration,5,7,1.0,1.0,7.903752326965332,-0.7240303158760071,6.038974761962891
79584,47,1.004696011543274,1.004696011543274,1.0047571659088135,6.114456482464448e-05,1.0,1.0,0.0,0.0,0.0,280,36.00101089477539,fresh_online_exploration,5,7,1.0,1.0,7.555840969085693,-0.7551960945129395,5.932252883911133
79584,66,1.0038808584213257,1.0038808584213257,1.004939317703247,0.0010583994444459677,1.0,1.0,0.0,0.0,0.0,276,35.85942459106445,fresh_online_exploration,5,7,1.0,1.0,7.7627482414245605,-0.6676961183547974,6.079724311828613
79584,80,1.0049327611923218,1.0049327611923218,1.0057895183563232,0.0008568366174586117,1.0,1.0,0.0,0.0,0.0,275,35.90870666503906,fresh_online_exploration,5,7,1.0,1.0,7.876397609710693,-0.7204949855804443,6.112489223480225
79680,0,1.0029363632202148,1.0029363632202148,1.0030395984649658,0.0001031524661812,1.0,1.0,0.0,0.0,0.0,278,35.93861389160156,fresh_online_exploration,5,7,1.0,1.0,7.96902322769165,-0.6821853518486023,6.000677108764648
79680,49,1.0019981861114502,1.0019981861114502,1.0020873546600342,8.906687435228378e-05,1.0,1.0,0.0,0.0,0.0,277,35.886566162109375,fresh_online_exploration,5,7,1.0,1.0,7.568617820739746,-0.6940479874610901,5.978421688079834
79680,56,1.0047520399093628,1.0047520399093628,1.0059874057769775,0.0012354487553238869,1.0,1.0,0.0,0.0,0.0,271,35.75841522216797,fresh_online_exploration,5,7,1.0,1.0,8.087356567382812,-0.6518669128417969,6.2427263259887695
79680,74,1.0012644529342651,1.0012644529342651,1.0043444633483887,0.0030800544191151857,1.0,1.0,0.0,0.0,0.0,279,35.84193420410156,fresh_online_exploration,5,7,1.0,1.0,7.815532207489014,-0.7350303530693054,5.9077863693237305
79680,79,1.004788875579834,1.004788875579834,1.0072437524795532,0.002454840112477541,1.0,1.0,0.0,0.0,0.0,286,36.0845947265625,fresh_online_exploration,5,7,1.0,1.0,7.638847827911377,-0.7448517084121704,5.413582801818848
79680,95,1.0042853355407715,1.0042853355407715,1.0045585632324219,0.0002732013235799968,1.0,1.0,0.0,0.0,0.0,277,35.88595199584961,fresh_online_exploration,5,7,1.0,1.0,7.884058952331543,-0.7001979947090149,6.011187553405762
79776,42,1.005474328994751,1.005474328994751,1.0055084228515625,3.41973063768819e-05,1.0,1.0,0.0,0.0,0.0,277,35.915977478027344,fresh_online_exploration,5,7,1.0,1.0,8.050302505493164,-0.713020920753479,5.938582420349121
79872,78,1.0050058364868164,1.0050058364868164,1.0050818920135498,7.612421904923394e-05,1.0,1.0,0.0,0.0,0.0,280,35.97407913208008,fresh_online_exploration,5,7,1.0,1.0,7.743749141693115,-0.7367323637008667,5.839219093322754
80064,10,1.0001866817474365,1.0001866817474365,1.0025389194488525,0.0023521571420133114,1.0,1.0,0.0,0.0,0.0,273,35.71981430053711,fresh_online_exploration,5,7,1.0,1.0,8.226614952087402,-0.7386796474456787,6.125422477722168
80064,21,1.004579782485962,1.004579782485962,1.0046284198760986,4.8546491598244756e-05,1.0,1.0,0.0,0.0,0.0,280,35.99984359741211,fresh_online_exploration,5,7,1.0,1.0,7.8625078201293945,-0.7313119769096375,5.898948669433594
80256,17,1.0043131113052368,1.0043131113052368,1.0047321319580078,0.00041906232945621014,1.0,1.0,0.0,0.0,0.0,281,36.011985778808594,fresh_online_exploration,5,8,1.0,1.0,7.675410270690918,-0.694492757320404,5.865638256072998
80256,93,1.0049514770507812,1.0049514770507812,1.0060703754425049,0.0011189569486305118,1.0,1.0,0.0,0.0,0.0,278,35.958213806152344,fresh_online_exploration,5,8,1.0,1.0,7.895520210266113,-0.7008265852928162,5.939793586730957
80352,31,1.0056321620941162,1.0056321620941162,1.0059165954589844,0.000284495617961511,1.0,1.0,0.0,0.0,0.0,280,35.97898483276367,fresh_online_exploration,5,8,1.0,1.0,7.797314643859863,-0.6971954107284546,5.8588175773620605
80448,59,1.0046398639678955,1.0046398639678955,1.0046532154083252,1.3417259651760105e-05,1.0,1.0,0.0,0.0,0.0,284,36.017242431640625,fresh_online_exploration,5,8,1.0,1.0,7.815555095672607,-0.7188268899917603,5.696735382080078
80448,67,1.0001609325408936,1.0001609325408936,1.0003767013549805,0.00021583199850283563,1.0,1.0,0.0,0.0,0.0,282,35.949161529541016,fresh_online_exploration,5,8,1.0,1.0,7.490902900695801,-0.6978570818901062,5.800652503967285
80544,81,1.0012297630310059,1.0012297630310059,1.0015015602111816,0.0002717080933507532,1.0,1.0,0.0,0.0,0.0,280,35.92024612426758,fresh_online_exploration,5,8,1.0,1.0,7.522421836853027,-0.6760132908821106,5.796182632446289
81120,8,1.0047810077667236,1.0047810077667236,1.004798412322998,1.7373507944284938e-05,1.0,1.0,0.0,0.0,0.0,286,36.14451217651367,fresh_online_exploration,5,8,1.0,1.0,7.773989677429199,-0.712532103061676,5.637682914733887
81216,38,1.0021133422851562,1.0021133422851562,1.0026752948760986,0.0005620165611617267,1.0,1.0,0.0,0.0,0.0,278,35.891841888427734,fresh_online_exploration,5,8,1.0,1.0,7.841627597808838,-0.632341742515564,5.979482650756836
81504,20,1.0022939443588257,1.0022939443588257,1.0034425258636475,0.0011486305156722665,1.0,1.0,0.0,0.0,0.0,288,36.1795654296875,fresh_online_exploration,5,8,1.0,1.0,7.31058931350708,-0.6860586404800415,5.568824768066406
99840,33,1.0010603666305542,1.0010603666305542,1.0011582374572754,9.786556620383635e-05,1.0,1.0,0.0,0.0,0.0,279,35.904502868652344,fresh_online_exploration,7,9,1.0,1.0,8.38525390625,-0.06004367023706436,5.875871181488037
103584,77,1.0020806789398193,1.0020806789398193,1.0022571086883545,0.0001765345223248005,1.0,1.0,0.0,0.0,0.0,268,35.58345413208008,fresh_online_exploration,7,10,1.0,1.0,8.680191993713379,0.06289078295230865,6.3022027015686035
103680,61,1.0027235746383667,1.0027235746383667,1.0032308101654053,0.0005073013599030674,1.0,1.0,0.0,0.0,0.0,269,35.675743103027344,fresh_online_exploration,7,10,1.0,1.0,8.754626274108887,0.049076955765485764,6.209768295288086
103872,24,1.0048027038574219,1.0048027038574219,1.0050861835479736,0.0002834747137967497,1.0,1.0,0.0,0.0,0.0,271,35.68731689453125,fresh_online_exploration,7,10,1.0,1.0,8.615194320678711,0.018785547465085983,6.102546691894531
103872,25,1.004875659942627,1.004875659942627,1.0049631595611572,8.74434263096191e-05,1.0,1.0,0.0,0.0,0.0,273,35.781551361083984,fresh_online_exploration,7,10,1.0,1.0,8.642033576965332,0.0537853017449379,6.1142401695251465
103872,36,1.0044126510620117,1.0044126510620117,1.0047732591629028,0.00036060315323993564,1.0,1.0,0.0,0.0,0.0,276,35.84504699707031,fresh_online_exploration,7,10,1.0,1.0,8.801617622375488,0.013728901743888855,5.952547550201416
103872,86,1.0026706457138062,1.0026706457138062,1.003058910369873,0.0003882547898683697,1.0,1.0,0.0,0.0,0.0,271,35.74916076660156,fresh_online_exploration,7,10,1.0,1.0,8.454588890075684,0.0829077810049057,6.199851989746094
103968,58,1.0005128383636475,1.0005128383636475,1.0005309581756592,1.8160175386583433e-05,1.0,1.0,0.0,0.0,0.0,267,35.60053253173828,fresh_online_exploration,7,10,1.0,1.0,8.505538940429688,0.05109219625592232,6.331965923309326
103968,91,1.0040795803070068,1.0040795803070068,1.004206895828247,0.00012732770119328052,1.0,1.0,0.0,0.0,0.0,270,35.73417282104492,fresh_online_exploration,7,10,1.0,1.0,8.654938697814941,0.09738864004611969,6.230804443359375
104064,4,1.0036548376083374,1.0036548376083374,1.0044001340866089,0.0007453179568983614,1.0,1.0,0.0,0.0,0.0,269,35.651004791259766,fresh_online_exploration,7,10,1.0,1.0,8.668455123901367,0.08525089919567108,6.2071990966796875
104160,63,1.0054138898849487,1.0054138898849487,1.0057346820831299,0.0003208103298675269,1.0,1.0,0.0,0.0,0.0,275,35.85935974121094,fresh_online_exploration,7,10,1.0,1.0,8.74343204498291,0.0786503329873085,6.086709976196289
104160,68,1.0048165321350098,1.0048165321350098,1.0051136016845703,0.0002971285430248827,1.0,1.0,0.0,0.0,0.0,274,35.84767532348633,fresh_online_exploration,7,10,1.0,1.0,8.528433799743652,0.07577832043170929,6.078554153442383
104160,92,1.0015087127685547,1.0015087127685547,1.0026663541793823,0.00115764990914613,1.0,1.0,0.0,0.0,0.0,274,35.777976989746094,fresh_online_exploration,7,10,1.0,1.0,8.672517776489258,0.03838346526026726,6.0796098709106445
104256,30,1.0042943954467773,1.0042943954467773,1.0043344497680664,4.0048784285318106e-05,1.0,1.0,0.0,0.0,0.0,273,35.84225845336914,fresh_online_exploration,7,10,1.0,1.0,8.607888221740723,0.08045390248298645,6.166712760925293
104352,89,1.0017998218536377,1.0017998218536377,1.0019203424453735,0.00012057454296154901,1.0,1.0,0.0,0.0,0.0,273,35.73860168457031,fresh_online_exploration,7,10,1.0,1.0,8.603070259094238,0.11867541074752808,6.087567329406738
104448,37,1.0022488832473755,1.0022488832473755,1.0022664070129395,1.7528971511637792e-05,1.0,1.0,0.0,0.0,0.0,277,35.84492492675781,fresh_online_exploration,7,10,1.0,1.0,8.47045612335205,0.0677209347486496,5.986723899841309
104448,46,1.0012226104736328,1.0012226104736328,1.001358985900879,0.00013647439482156187,1.0,1.0,0.0,0.0,0.0,269,35.59694290161133,fresh_online_exploration,7,10,1.0,1.0,8.685937881469727,0.08901073783636093,6.2579450607299805
104448,60,1.0020010471343994,1.0020010471343994,1.0033714771270752,0.0013704270822927356,1.0,1.0,0.0,0.0,0.0,269,35.62754821777344,fresh_online_exploration,7,10,1.0,1.0,8.679652214050293,0.07793434709310532,6.239424228668213
104448,64,1.0023525953292847,1.0023525953292847,1.0053675174713135,0.003014905611053109,1.0,1.0,0.0,0.0,0.0,272,35.723541259765625,fresh_online_exploration,7,10,1.0,1.0,8.524545669555664,0.03309613838791847,6.189116477966309
104448,84,1.0022419691085815,1.0022419691085815,1.002565622329712,0.00032367403036914766,1.0,1.0,0.0,0.0,0.0,271,35.655860900878906,fresh_online_exploration,7,10,1.0,1.0,8.678274154663086,0.09450392425060272,6.186435699462891
104544,3,1.002021074295044,1.002021074295044,1.002138614654541,0.00011750036355806515,1.0,1.0,0.0,0.0,0.0,273,35.72420120239258,fresh_online_exploration,7,10,1.0,1.0,8.578160285949707,0.05926833674311638,6.130699634552002
104544,11,1.0026651620864868,1.0026651620864868,1.0026957988739014,3.072834078921005e-05,1.0,1.0,0.0,0.0,0.0,268,35.59432601928711,fresh_online_exploration,7,10,1.0,1.0,8.6459379196167,0.10461550951004028,6.300022125244141
104640,29,1.0019203424453735,1.0019203424453735,1.0026825666427612,0.0007622073171660304,1.0,1.0,0.0,0.0,0.0,268,35.62556076049805,fresh_online_exploration,7,10,1.0,1.0,8.646413803100586,0.1027102917432785,6.254423141479492
104640,82,1.0041310787200928,1.0041310787200928,1.0142871141433716,0.0101559367030859,1.0,1.0,0.0,0.0,0.0,272,35.788116455078125,fresh_online_exploration,7,10,1.0,1.0,8.713452339172363,0.08057869225740433,6.215541362762451
104640,85,1.0041477680206299,1.0041477680206299,1.0042071342468262,5.9420122852316126e-05,1.0,1.0,0.0,0.0,0.0,272,35.76462173461914,fresh_online_exploration,7,10,1.0,1.0,8.565330505371094,0.09976708889007568,6.197955131530762
104736,2,1.0029244422912598,1.0029244422912598,1.003669261932373,0.0007447968237102032,1.0,1.0,0.0,0.0,0.0,272,35.74736022949219,fresh_online_exploration,7,10,1.0,1.0,8.737765312194824,0.13094106316566467,6.150152206420898
104736,5,1.0002491474151611,1.0002491474151611,1.0010625123977661,0.0008133088704198599,1.0,1.0,0.0,0.0,0.0,274,35.70125198364258,fresh_online_exploration,7,10,1.0,1.0,8.705523490905762,0.09106411039829254,6.059419631958008
104736,26,1.000209093093872,1.000209093093872,1.0002450942993164,3.606296013458632e-05,1.0,1.0,0.0,0.0,0.0,269,35.612464904785156,fresh_online_exploration,7,10,1.0,1.0,8.611725807189941,0.11763690412044525,6.293362617492676
104736,27,1.000077724456787,1.000077724456787,1.001238465309143,0.001160755637101829,1.0,1.0,0.0,0.0,0.0,273,35.752899169921875,fresh_online_exploration,7,10,1.0,1.0,8.550751686096191,0.10683458298444748,6.063551902770996
104736,83,1.0029046535491943,1.0029046535491943,1.0029163360595703,1.1753174476325512e-05,1.0,1.0,0.0,0.0,0.0,272,35.70830535888672,fresh_online_exploration,7,10,1.0,1.0,8.622513771057129,0.1090199425816536,6.158082008361816
104832,9,1.0040483474731445,1.0040483474731445,1.0040700435638428,2.1672245566151105e-05,1.0,1.0,0.0,0.0,0.0,275,35.835018157958984,fresh_online_exploration,7,10,1.0,1.0,8.55284595489502,0.08125382661819458,6.08395528793335
104832,22,1.0046507120132446,1.0046507120132446,1.0066663026809692,0.002015588339418173,1.0,1.0,0.0,0.0,0.0,275,35.756553649902344,fresh_online_exploration,7,10,1.0,1.0,8.567097663879395,0.03044390305876732,6.049870491027832
104832,23,1.0008784532546997,1.0008784532546997,1.00095796585083,7.952606392791495e-05,1.0,1.0,0.0,0.0,0.0,272,35.71627426147461,fresh_online_exploration,7,10,1.0,1.0,8.691630363464355,0.10123306512832642,6.169990539550781
104832,65,1.0051367282867432,1.0051367282867432,1.0057474374771118,0.0006106987711973488,1.0,1.0,0.0,0.0,0.0,271,35.76532745361328,fresh_online_exploration,7,10,1.0,1.0,8.521081924438477,0.09681950509548187,6.159657955169678
104832,69,1.0035189390182495,1.0035189390182495,1.0039057731628418,0.0003868452040478587,1.0,1.0,0.0,0.0,0.0,279,35.94437026977539,fresh_online_exploration,7,10,1.0,1.0,8.38375186920166,0.06504398584365845,5.8702712059021
104832,71,1.0010572671890259,1.0010572671890259,1.0011094808578491,5.215885539655574e-05,1.0,1.0,0.0,0.0,0.0,270,35.69011688232422,fresh_online_exploration,7,10,1.0,1.0,8.581258773803711,0.08669668436050415,6.214826583862305
104832,73,1.0033869743347168,1.0033869743347168,1.0064311027526855,0.0030441968701779842,1.0,1.0,0.0,0.0,0.0,276,35.872310638427734,fresh_online_exploration,7,10,1.0,1.0,8.358610153198242,0.05637931451201439,6.002551078796387
104928,12,1.0009005069732666,1.0009005069732666,1.0012493133544922,0.00034876924473792315,1.0,1.0,0.0,0.0,0.0,278,35.84254837036133,fresh_online_exploration,7,10,1.0,1.0,8.512104988098145,0.017980795353651047,5.910676956176758
104928,15,1.0001860857009888,1.0001860857009888,1.0010555982589722,0.000869512150529772,1.0,1.0,0.0,0.0,0.0,273,35.70836639404297,fresh_online_exploration,7,10,1.0,1.0,8.59397029876709,0.12268790602684021,6.096640110015869
104928,45,1.002224326133728,1.002224326133728,1.0041773319244385,0.0019529809942469,1.0,1.0,0.0,0.0,0.0,279,35.892730712890625,fresh_online_exploration,7,10,1.0,1.0,8.542313575744629,0.06722863018512726,5.841885089874268
104928,54,1.0035502910614014,1.0035502910614014,1.0055692195892334,0.0020189995411783457,1.0,1.0,0.0,0.0,0.0,272,35.76799774169922,fresh_online_exploration,7,10,1.0,1.0,8.556264877319336,0.12478294968605042,6.155018329620361
105024,1,1.0030999183654785,1.0030999183654785,1.0045669078826904,0.0014669668162241578,1.0,1.0,0.0,0.0,0.0,272,35.71799850463867,fresh_online_exploration,7,10,1.0,1.0,8.610329627990723,0.06779477000236511,6.181321144104004
105024,16,1.0055721998214722,1.0055721998214722,1.0059781074523926,0.00040589304990135133,1.0,1.0,0.0,0.0,0.0,276,35.912593841552734,fresh_online_exploration,7,10,1.0,1.0,8.452414512634277,0.1140281930565834,6.031472206115723
105024,39,1.004932165145874,1.004932165145874,1.0052125453948975,0.0002803821407724172,1.0,1.0,0.0,0.0,0.0,275,35.839988708496094,fresh_online_exploration,7,10,1.0,1.0,8.459582328796387,0.08387535065412521,6.066319465637207
105024,52,1.0010179281234741,1.0010179281234741,1.0012896060943604,0.0002716455201152712,1.0,1.0,0.0,0.0,0.0,274,35.75690460205078,fresh_online_exploration,7,10,1.0,1.0,8.496837615966797,0.06166180595755577,6.061618328094482
105024,76,1.0018352270126343,1.0018352270126343,1.0019609928131104,0.00012582953786477447,1.0,1.0,0.0,0.0,0.0,272,35.76704406738281,fresh_online_exploration,7,10,1.0,1.0,8.627147674560547,0.0889984518289566,6.135101318359375
105024,87,1.0003482103347778,1.0003482103347778,1.0003653764724731,1.715913094813004e-05,1.0,1.0,0.0,0.0,0.0,268,35.63166809082031,fresh_online_exploration,7,10,1.0,1.0,8.575446128845215,0.07284838706254959,6.303572654724121
105024,94,1.0047261714935303,1.0047261714935303,1.0047420263290405,1.5903488019830547e-05,1.0,1.0,0.0,0.0,0.0,274,35.84307098388672,fresh_online_exploration,7,10,1.0,1.0,8.550889015197754,0.13406549394130707,6.07966947555542
105120,50,1.0054432153701782,1.0054432153701782,1.0056432485580444,0.00020002042583655566,1.0,1.0,0.0,0.0,0.0,275,35.853538513183594,fresh_online_exploration,7,10,1.0,1.0,8.568079948425293,0.0995696634054184,6.0631794929504395
105120,62,1.0017129182815552,1.0017129182815552,1.0020387172698975,0.0003258397919125855,1.0,1.0,0.0,0.0,0.0,275,35.78007888793945,fresh_online_exploration,7,10,1.0,1.0,8.350571632385254,0.1007695123553276,6.035569667816162
105120,75,1.002026915550232,1.002026915550232,1.00421941280365,0.002192513085901737,1.0,1.0,0.0,0.0,0.0,273,35.74946594238281,fresh_online_exploration,7,10,1.0,1.0,8.516071319580078,0.11316435039043427,6.121082782745361
105120,88,1.0010244846343994,1.0010244846343994,1.001956820487976,0.0009323521517217159,1.0,1.0,0.0,0.0,0.0,276,35.769100189208984,fresh_online_exploration,7,10,1.0,1.0,8.619134902954102,0.11895283311605453,5.987060070037842
105120,90,1.0046181678771973,1.0046181678771973,1.0047557353973389,0.00013760406000074,1.0,1.0,0.0,0.0,0.0,274,35.851173400878906,fresh_online_exploration,7,10,1.0,1.0,8.555366516113281,0.14053110778331757,6.114734172821045
105216,32,1.003982663154602,1.003982663154602,1.004018783569336,3.613791341194883e-05,1.0,1.0,0.0,0.0,0.0,272,35.78279113769531,fresh_online_exploration,7,10,1.0,1.0,8.535476684570312,0.08323614299297333,6.167825698852539
105216,40,1.0047175884246826,1.0047175884246826,1.004833698272705,0.00011620124860201031,1.0,1.0,0.0,0.0,0.0,272,35.839725494384766,fresh_online_exploration,7,10,1.0,1.0,8.480027198791504,0.10768456757068634,6.206358909606934
105216,44,1.0020817518234253,1.0020817518234253,1.0021753311157227,9.365389996673912e-05,1.0,1.0,0.0,0.0,0.0,279,35.927406311035156,fresh_online_exploration,7,10,1.0,1.0,8.54627513885498,0.044642116874456406,5.868238925933838
105216,51,1.005201816558838,1.005201816558838,1.0053675174713135,0.00016568689898122102,1.0,1.0,0.0,0.0,0.0,274,35.850494384765625,fresh_online_exploration,7,10,1.0,1.0,8.65966510772705,0.106295645236969,6.097419261932373
105216,57,1.0049383640289307,1.0049383640289307,1.005768060684204,0.000829744734801352,1.0,1.0,0.0,0.0,0.0,274,35.786075592041016,fresh_online_exploration,7,10,1.0,1.0,8.747776985168457,0.0859755277633667,6.057917594909668
105312,53,1.00082266330719,1.00082266330719,1.0010981559753418,0.00027550209779292345,1.0,1.0,0.0,0.0,0.0,277,35.86528396606445,fresh_online_exploration,7,10,1.0,1.0,8.420541763305664,0.0881694108247757,5.979194164276123
105312,72,1.0007277727127075,1.0007277727127075,1.0007448196411133,1.700317625363823e-05,1.0,1.0,0.0,0.0,0.0,270,35.69142150878906,fresh_online_exploration,7,10,1.0,1.0,8.607792854309082,0.10038770735263824,6.267336845397949
105408,13,1.0032707452774048,1.0032707452774048,1.0034294128417969,0.00015868866466917098,1.0,1.0,0.0,0.0,0.0,275,35.82929229736328,fresh_online_exploration,7,10,1.0,1.0,8.477221488952637,0.10050369054079056,6.033666133880615
105408,35,1.005531668663025,1.005531668663025,1.0056570768356323,0.00012542703188955784,1.0,1.0,0.0,0.0,0.0,269,35.680419921875,fresh_online_exploration,7,10,1.0,1.0,8.757365226745605,0.09762448072433472,6.249222755432129
105504,19,1.005031943321228,1.005031943321228,1.0050575733184814,2.56484290730441e-05,1.0,1.0,0.0,0.0,0.0,276,35.95574188232422,fresh_online_exploration,7,10,1.0,1.0,8.436802864074707,0.12107376009225845,6.005882740020752
105504,34,1.0033129453659058,1.0033129453659058,1.0084624290466309,0.005149520002305508,1.0,1.0,0.0,0.0,0.0,272,35.7136116027832,fresh_online_exploration,7,10,1.0,1.0,8.632369041442871,0.08459748327732086,6.16037654876709
105600,70,1.0022181272506714,1.0022181272506714,1.0022354125976562,1.7386571926181205e-05,1.0,1.0,0.0,0.0,0.0,275,35.859275817871094,fresh_online_exploration,7,10,1.0,1.0,8.444507598876953,0.14416475594043732,6.062372207641602
105696,43,1.0000567436218262,1.0000567436218262,1.0000863075256348,2.9455368348862976e-05,1.0,1.0,0.0,0.0,0.0,276,35.82334518432617,fresh_online_exploration,7,10,1.0,1.0,8.600156784057617,0.0699940174818039,5.9563140869140625
105696,79,1.0052837133407593,1.0052837133407593,1.0063282251358032,0.0010445797815918922,1.0,1.0,0.0,0.0,0.0,271,35.776126861572266,fresh_online_exploration,7,10,1.0,1.0,8.729668617248535,0.09640505909919739,6.210140705108643
105792,28,1.0004596710205078,1.0004596710205078,1.0008342266082764,0.0003746208967640996,1.0,1.0,0.0,0.0,0.0,276,35.829647064208984,fresh_online_exploration,7,10,1.0,1.0,8.372456550598145,0.09606444835662842,5.981598377227783
105888,0,1.005781650543213,1.005781650543213,1.005834698677063,5.307498940965161e-05,1.0,1.0,0.0,0.0,0.0,273,35.813079833984375,fresh_online_exploration,7,10,1.0,1.0,8.576544761657715,0.13273759186267853,6.147948741912842
105888,6,1.0032938718795776,1.0032938718795776,1.0045562982559204,0.0012623798102140427,1.0,1.0,0.0,0.0,0.0,276,35.871253967285156,fresh_online_exploration,7,10,1.0,1.0,8.344080924987793,0.10888732969760895,6.038349628448486
105984,7,1.0055228471755981,1.0055228471755981,1.005711555480957,0.00018871467909775674,1.0,1.0,0.0,0.0,0.0,275,35.933746337890625,fresh_online_exploration,7,10,1.0,1.0,8.630844116210938,0.09017790853977203,6.046725749969482
105984,14,1.0036512613296509,1.0036512613296509,1.0036685466766357,1.725036054267548e-05,1.0,1.0,0.0,0.0,0.0,275,35.838619232177734,fresh_online_exploration,7,10,1.0,1.0,8.467182159423828,0.1600187122821808,6.042946815490723
105984,41,1.0058338642120361,1.0058338642120361,1.0058693885803223,3.55274896719493e-05,1.0,1.0,0.0,0.0,0.0,280,35.97763442993164,fresh_online_exploration,7,10,1.0,1.0,8.378982543945312,0.10052639245986938,5.861639976501465
105984,49,1.0057599544525146,1.0057599544525146,1.0064599514007568,0.00069994549266994,1.0,1.0,0.0,0.0,0.0,274,35.85491943359375,fresh_online_exploration,7,10,1.0,1.0,8.57895565032959,0.09463092684745789,6.056951522827148
105984,95,1.0051079988479614,1.0051079988479614,1.0052306652069092,0.0001226310560014099,1.0,1.0,0.0,0.0,0.0,274,35.84328079223633,fresh_online_exploration,7,10,1.0,1.0,8.637648582458496,0.13054022192955017,6.112487316131592
106176,48,1.00504732131958,1.00504732131958,1.0095715522766113,0.0045242467895150185,1.0,1.0,0.0,0.0,0.0,278,35.91414260864258,fresh_online_exploration,7,10,1.0,1.0,8.41357707977295,0.1187974140048027,5.950817108154297
106368,47,1.0031441450119019,1.0031441450119019,1.0032460689544678,0.00010190416651312262,1.0,1.0,0.0,0.0,0.0,279,35.947872161865234,fresh_online_exploration,7,10,1.0,1.0,8.346731185913086,0.10846158862113953,5.913841247558594
106368,66,1.0018445253372192,1.0018445253372192,1.0018866062164307,4.214350337861106e-05,1.0,1.0,0.0,0.0,0.0,279,35.93327713012695,fresh_online_exploration,7,10,1.0,1.0,8.328746795654297,0.1076735109090805,5.939262866973877
106368,78,1.004044532775879,1.004044532775879,1.0043132305145264,0.000268803967628628,1.0,1.0,0.0,0.0,0.0,276,35.892704010009766,fresh_online_exploration,7,10,1.0,1.0,8.387743949890137,0.1303180456161499,6.027064800262451
106368,93,1.0029337406158447,1.0029337406158447,1.0030156373977661,8.192411041818559e-05,1.0,1.0,0.0,0.0,0.0,272,35.758262634277344,fresh_online_exploration,8,10,1.0,1.0,8.641907691955566,0.14300623536109924,6.134777069091797
106464,10,1.0020010471343994,1.0020010471343994,1.0049879550933838,0.002986862789839506,1.0,1.0,0.0,0.0,0.0,275,35.80944061279297,fresh_online_exploration,7,10,1.0,1.0,8.589677810668945,0.10922752320766449,6.075700283050537
106464,42,1.0035430192947388,1.0035430192947388,1.0036553144454956,0.00011232246470171958,1.0,1.0,0.0,0.0,0.0,278,35.93988037109375,fresh_online_exploration,7,10,1.0,1.0,8.465542793273926,0.12972189486026764,5.95759916305542
106464,55,1.0045759677886963,1.0045759677886963,1.0045955181121826,1.950504884007387e-05,1.0,1.0,0.0,0.0,0.0,281,36.04264450073242,fresh_online_exploration,7,10,1.0,1.0,8.206573486328125,0.09040454030036926,5.815453052520752
106752,17,1.0056557655334473,1.0056557655334473,1.0083929300308228,0.0027372378390282393,1.0,1.0,0.0,0.0,0.0,276,35.93943405151367,fresh_online_exploration,8,10,1.0,1.0,8.392657279968262,0.130026713013649,6.035980701446533
106752,21,1.0051989555358887,1.0051989555358887,1.008117914199829,0.002918994054198265,1.0,1.0,0.0,0.0,0.0,278,35.947265625,fresh_online_exploration,7,10,1.0,1.0,8.519859313964844,0.12324903905391693,5.983809471130371
106752,56,1.0026204586029053,1.0026204586029053,1.0026830434799194,6.256172491703182e-05,1.0,1.0,0.0,0.0,0.0,282,35.999244689941406,fresh_online_exploration,7,10,1.0,1.0,8.648486137390137,0.12795419991016388,5.746236324310303
106752,59,1.0043684244155884,1.0043684244155884,1.0047823190689087,0.00041388312820345163,1.0,1.0,0.0,0.0,0.0,274,35.823184967041016,fresh_online_exploration,8,10,1.0,1.0,8.503637313842773,0.14949071407318115,6.10734748840332
106752,74,1.0027716159820557,1.0027716159820557,1.0030063390731812,0.00023474806221202016,1.0,1.0,0.0,0.0,0.0,282,36.015174865722656,fresh_online_exploration,7,10,1.0,1.0,8.290685653686523,0.129254549741745,5.753594398498535
106944,31,1.0022408962249756,1.0022408962249756,1.0022509098052979,1.008105664368486e-05,1.0,1.0,0.0,0.0,0.0,277,35.827999114990234,fresh_online_exploration,8,10,1.0,1.0,8.321840286254883,0.11384205520153046,5.9629974365234375
107040,18,1.0034631490707397,1.0034631490707397,1.0061213970184326,0.0026583471335470676,1.0,1.0,0.0,0.0,0.0,289,36.13385009765625,fresh_online_exploration,7,10,1.0,1.0,8.12703800201416,0.06925802677869797,5.369781970977783
107424,67,1.0053201913833618,1.0053201913833618,1.0057191848754883,0.0003990872937720269,1.0,1.0,0.0,0.0,0.0,281,36.008636474609375,fresh_online_exploration,8,10,1.0,1.0,8.25627326965332,0.16797833144664764,5.863487720489502
107616,38,1.0005582571029663,1.0005582571029663,1.000575065612793,1.682723086560145e-05,1.0,1.0,0.0,0.0,0.0,275,35.78398132324219,fresh_online_exploration,8,10,1.0,1.0,8.630249977111816,0.17965488135814667,6.0106520652771
107808,81,1.004584789276123,1.004584789276123,1.0062934160232544,0.0017086474690586329,1.0,1.0,0.0,0.0,0.0,284,36.10390853881836,fresh_online_exploration,8,10,1.0,1.0,8.350223541259766,0.1483088731765747,5.720462322235107
107904,80,1.0007292032241821,1.0007292032241821,1.0039243698120117,0.0031952322460711002,1.0,1.0,0.0,0.0,0.0,295,36.256263732910156,fresh_online_exploration,7,10,1.0,1.0,7.901258945465088,0.10670186579227448,5.134997367858887
108000,8,1.0024560689926147,1.0024560689926147,1.0024890899658203,3.298326919320971e-05,1.0,1.0,0.0,0.0,0.0,280,35.97359848022461,fresh_online_exploration,8,10,1.0,1.0,8.29637336730957,0.13460013270378113,5.865152359008789
109248,20,1.001706838607788,1.001706838607788,1.0067081451416016,0.005001330282539129,1.0,1.0,0.0,0.0,0.0,289,36.12221908569336,fresh_online_exploration,8,10,1.0,1.0,8.288082122802734,0.19081687927246094,5.521397590637207
126528,33,1.0021157264709473,1.0021157264709473,1.0022151470184326,9.940120799001306e-05,1.0,1.0,0.0,0.0,0.0,278,35.864501953125,fresh_online_exploration,9,11,1.0,1.0,8.73188304901123,0.6178450584411621,5.905027866363525
129504,77,1.0009140968322754,1.0009140968322754,1.0010054111480713,9.131176921073347e-05,1.0,1.0,0.0,0.0,0.0,270,35.6293830871582,fresh_online_exploration,10,11,1.0,1.0,9.113664627075195,0.7536793351173401,6.262664318084717
129792,61,1.0055224895477295,1.0055224895477295,1.0060046911239624,0.00048209005035459995,1.0,1.0,0.0,0.0,0.0,272,35.77351760864258,fresh_online_exploration,10,11,1.0,1.0,9.019888877868652,0.738987922668457,6.199373245239258
129984,36,1.0036522150039673,1.0036522150039673,1.0037147998809814,6.260697409743443e-05,1.0,1.0,0.0,0.0,0.0,272,35.73191452026367,fresh_online_exploration,10,11,1.0,1.0,9.08446216583252,0.716728687286377,6.110129356384277
129984,91,1.0032143592834473,1.0032143592834473,1.0039982795715332,0.0007838850724510849,1.0,1.0,0.0,0.0,0.0,271,35.72160720825195,fresh_online_exploration,10,11,1.0,1.0,8.900586128234863,0.81109619140625,6.2107014656066895
130080,4,1.0039520263671875,1.0039520263671875,1.0040171146392822,6.506711360998452e-05,1.0,1.0,0.0,0.0,0.0,271,35.73297882080078,fresh_online_exploration,10,11,1.0,1.0,9.077075004577637,0.7334869503974915,6.1683220863342285
130176,24,1.0043901205062866,1.0043901205062866,1.005677580833435,0.0012874481035396457,1.0,1.0,0.0,0.0,0.0,274,35.74576950073242,fresh_online_exploration,10,12,1.0,1.0,9.007852554321289,0.7449276447296143,5.991271018981934
130272,25,1.0017122030258179,1.0017122030258179,1.0018309354782104,0.0001187805610243231,1.0,1.0,0.0,0.0,0.0,275,35.745445251464844,fresh_online_exploration,10,12,1.0,1.0,8.990073204040527,0.734272301197052,6.054830074310303
130368,68,1.0019173622131348,1.0019173622131348,1.001977562904358,6.018068961566314e-05,1.0,1.0,0.0,0.0,0.0,273,35.797733306884766,fresh_online_exploration,10,12,1.0,1.0,8.813037872314453,0.7214770317077637,6.155095100402832
130464,37,1.004773497581482,1.004773497581482,1.0054447650909424,0.0006711799651384354,1.0,1.0,0.0,0.0,0.0,271,35.71598815917969,fresh_online_exploration,10,12,1.0,1.0,9.035172462463379,0.7408539056777954,6.252363204956055
130464,86,1.0021928548812866,1.0021928548812866,1.0025893449783325,0.0003965000796597451,1.0,1.0,0.0,0.0,0.0,277,35.8541259765625,fresh_online_exploration,10,12,1.0,1.0,8.941205024719238,0.723528265953064,5.918837070465088
130464,89,1.0001996755599976,1.0001996755599976,1.0005033016204834,0.00030368787702172995,1.0,1.0,0.0,0.0,0.0,272,35.65135955810547,fresh_online_exploration,10,12,1.0,1.0,9.156486511230469,0.7572446465492249,6.10046911239624
130464,92,1.0019522905349731,1.0019522905349731,1.0031545162200928,0.0012021939037367702,1.0,1.0,0.0,0.0,0.0,274,35.78615188598633,fresh_online_exploration,10,12,1.0,1.0,8.784769058227539,0.7353533506393433,6.078130722045898
130560,58,1.0045796632766724,1.0045796632766724,1.0047926902770996,0.0002131195506080985,1.0,1.0,0.0,0.0,0.0,277,35.883113861083984,fresh_online_exploration,10,12,1.0,1.0,8.77574634552002,0.7698934674263,5.984213829040527
130656,60,1.0006582736968994,1.0006582736968994,1.0007340908050537,7.588583684992045e-05,1.0,1.0,0.0,0.0,0.0,273,35.6487922668457,fresh_online_exploration,10,12,1.0,1.0,9.087424278259277,0.7677704095840454,6.048412322998047
130656,63,1.0021839141845703,1.0021839141845703,1.0046114921569824,0.0024275470059365034,1.0,1.0,0.0,0.0,0.0,276,35.72867965698242,fresh_online_exploration,10,12,1.0,1.0,8.981111526489258,0.7368280291557312,5.94502592086792
130656,84,1.004106044769287,1.004106044769287,1.0067684650421143,0.0026623483281582594,1.0,1.0,0.0,0.0,0.0,273,35.774375915527344,fresh_online_exploration,10,12,1.0,1.0,9.006163597106934,0.7202592492103577,6.140156269073486
130752,2,1.0052295923233032,1.0052295923233032,1.0053514242172241,0.00012185324158053845,1.0,1.0,0.0,0.0,0.0,271,35.75408172607422,fresh_online_exploration,10,12,1.0,1.0,9.018489837646484,0.7798574566841125,6.259979724884033
130752,3,1.0003796815872192,1.0003796815872192,1.0029609203338623,0.0025811486411839724,1.0,1.0,0.0,0.0,0.0,273,35.691261291503906,fresh_online_exploration,10,12,1.0,1.0,9.096725463867188,0.7486506700515747,6.068303108215332
130752,11,1.0034910440444946,1.0034910440444946,1.0038962364196777,0.0004052193253301084,1.0,1.0,0.0,0.0,0.0,273,35.75021743774414,fresh_online_exploration,10,12,1.0,1.0,9.040491104125977,0.7470647096633911,6.141883373260498
130848,15,1.0003113746643066,1.0003113746643066,1.0011698007583618,0.000858456245623529,1.0,1.0,0.0,0.0,0.0,270,35.65993118286133,fresh_online_exploration,10,12,1.0,1.0,9.101902961730957,0.7950115203857422,6.144378662109375
130848,22,1.0037904977798462,1.0037904977798462,1.0039196014404297,0.0001291421358473599,1.0,1.0,0.0,0.0,0.0,271,35.72072219848633,fresh_online_exploration,10,12,1.0,1.0,9.150604248046875,0.7893105149269104,6.185054302215576
130848,30,1.001194953918457,1.001194953918457,1.0014009475708008,0.00020595367823261768,1.0,1.0,0.0,0.0,0.0,277,35.82720947265625,fresh_online_exploration,10,12,1.0,1.0,8.946818351745605,0.7864348292350769,5.972845554351807
130848,46,1.003079891204834,1.003079891204834,1.0041866302490234,0.0011067782761529088,1.0,1.0,0.0,0.0,0.0,275,35.7121467590332,fresh_online_exploration,10,12,1.0,1.0,9.135652542114258,0.7611544132232666,6.001123428344727
130944,5,1.0054175853729248,1.0054175853729248,1.009223461151123,0.0038060019724071026,1.0,1.0,0.0,0.0,0.0,273,35.7763786315918,fresh_online_exploration,10,12,1.0,1.0,9.11294937133789,0.7624092698097229,6.1016669273376465
131040,26,1.0021257400512695,1.0021257400512695,1.0021452903747559,1.950146361195948e-05,1.0,1.0,0.0,0.0,0.0,274,35.812015533447266,fresh_online_exploration,10,12,1.0,1.0,8.96804428100586,0.7436825633049011,6.080104827880859
131040,29,1.0002814531326294,1.0002814531326294,1.0006176233291626,0.0003361995331943035,1.0,1.0,0.0,0.0,0.0,275,35.75021743774414,fresh_online_exploration,10,12,1.0,1.0,8.914420127868652,0.7644503712654114,5.930536270141602
131040,83,1.0017600059509277,1.0017600059509277,1.0017712116241455,1.1200524568266701e-05,1.0,1.0,0.0,0.0,0.0,274,35.734710693359375,fresh_online_exploration,10,12,1.0,1.0,9.092616081237793,0.8099474906921387,6.092998504638672
131136,62,1.0033706426620483,1.0033706426620483,1.0033878087997437,1.715353937470354e-05,1.0,1.0,0.0,0.0,0.0,271,35.73617172241211,fresh_online_exploration,10,12,1.0,1.0,8.96509838104248,0.7604190707206726,6.203493118286133
131136,64,1.0040082931518555,1.0040082931518555,1.0040194988250732,1.1228091352677438e-05,1.0,1.0,0.0,0.0,0.0,278,35.90460205078125,fresh_online_exploration,10,12,1.0,1.0,8.922242164611816,0.7458314895629883,5.914388656616211
131136,82,1.004433512687683,1.004433512687683,1.0046547651290894,0.00022127338161226362,1.0,1.0,0.0,0.0,0.0,276,35.831336975097656,fresh_online_exploration,10,12,1.0,1.0,9.007471084594727,0.7778430581092834,6.014596462249756
131232,44,1.0055595636367798,1.0055595636367798,1.0071861743927002,0.0016266233287751675,1.0,1.0,0.0,0.0,0.0,271,35.79161071777344,fresh_online_exploration,10,12,1.0,1.0,8.96208381652832,0.761997640132904,6.197061538696289
131232,54,1.0043197870254517,1.0043197870254517,1.007049322128296,0.002729597734287381,1.0,1.0,0.0,0.0,0.0,274,35.83219909667969,fresh_online_exploration,10,12,1.0,1.0,8.923796653747559,0.8025795817375183,6.132366180419922
131232,65,1.001593828201294,1.001593828201294,1.0024967193603516,0.0009029381908476353,1.0,1.0,0.0,0.0,0.0,275,35.84095001220703,fresh_online_exploration,10,12,1.0,1.0,8.984707832336426,0.7644374966621399,6.004897117614746
131232,71,1.000050663948059,1.000050663948059,1.0003952980041504,0.0003447105409577489,1.0,1.0,0.0,0.0,0.0,275,35.77602767944336,fresh_online_exploration,10,12,1.0,1.0,8.985580444335938,0.7639255523681641,6.027462005615234
131232,85,1.0052675008773804,1.0052675008773804,1.005805253982544,0.0005377568886615336,1.0,1.0,0.0,0.0,0.0,277,35.92662048339844,fresh_online_exploration,10,12,1.0,1.0,8.937356948852539,0.7360932230949402,6.018974304199219
131232,88,1.0018197298049927,1.0018197298049927,1.0021562576293945,0.0003364865551702678,1.0,1.0,0.0,0.0,0.0,272,35.78730773925781,fresh_online_exploration,10,12,1.0,1.0,9.079338073730469,0.7695742249488831,6.155688285827637
131328,16,1.0053738355636597,1.0053738355636597,1.0057170391082764,0.0003431970253586769,1.0,1.0,0.0,0.0,0.0,274,35.82373046875,fresh_online_exploration,10,12,1.0,1.0,8.847347259521484,0.7742695808410645,6.034878253936768
131328,27,1.004752516746521,1.004752516746521,1.0050413608551025,0.00028890828252770007,1.0,1.0,0.0,0.0,0.0,277,35.91234588623047,fresh_online_exploration,10,12,1.0,1.0,8.918011665344238,0.7739779949188232,5.920065879821777
131328,39,1.000046968460083,1.000046968460083,1.0003341436386108,0.0002871816686820239,1.0,1.0,0.0,0.0,0.0,274,35.73667907714844,fresh_online_exploration,10,12,1.0,1.0,9.03211498260498,0.7436002492904663,6.049859523773193
131328,45,1.0003108978271484,1.0003108978271484,1.0008372068405151,0.0005263130879029632,1.0,1.0,0.0,0.0,0.0,275,35.7618293762207,fresh_online_exploration,10,12,1.0,1.0,8.992847442626953,0.7542098164558411,6.035094261169434
131328,73,1.003324270248413,1.003324270248413,1.0035122632980347,0.00018800728139467537,1.0,1.0,0.0,0.0,0.0,276,35.83955383300781,fresh_online_exploration,10,12,1.0,1.0,8.953506469726562,0.7743628025054932,6.025311470031738
131328,75,1.0046169757843018,1.0046169757843018,1.006392002105713,0.0017749677645042539,1.0,1.0,0.0,0.0,0.0,273,35.834041595458984,fresh_online_exploration,10,12,1.0,1.0,9.084771156311035,0.7355770468711853,6.153424263000488
131424,1,1.0035070180892944,1.0035070180892944,1.0035173892974854,1.036244157148758e-05,1.0,1.0,0.0,0.0,0.0,275,35.81081771850586,fresh_online_exploration,10,12,1.0,1.0,8.897809028625488,0.7356652021408081,6.08854341506958
131424,76,1.0047324895858765,1.0047324895858765,1.0049904584884644,0.00025798327988013625,1.0,1.0,0.0,0.0,0.0,275,35.864234924316406,fresh_online_exploration,10,12,1.0,1.0,8.879082679748535,0.7473821043968201,6.069103240966797
131520,12,1.003656268119812,1.003656268119812,1.0044124126434326,0.0007560956873930991,1.0,1.0,0.0,0.0,0.0,277,35.87415313720703,fresh_online_exploration,10,12,1.0,1.0,9.02377986907959,0.7711389660835266,5.956323623657227
131520,23,1.0034713745117188,1.0034713745117188,1.0035525560379028,8.116293611237779e-05,1.0,1.0,0.0,0.0,0.0,278,35.91883087158203,fresh_online_exploration,10,12,1.0,1.0,8.748494148254395,0.8020318150520325,5.961210250854492
131520,50,1.005354404449463,1.005354404449463,1.0054688453674316,0.00011453542538220063,1.0,1.0,0.0,0.0,0.0,275,35.874385833740234,fresh_online_exploration,10,12,1.0,1.0,8.937774658203125,0.7427262663841248,6.0326972007751465
131520,52,1.0012305974960327,1.0012305974960327,1.0021412372589111,0.0009107203804887831,1.0,1.0,0.0,0.0,0.0,276,35.83415222167969,fresh_online_exploration,10,12,1.0,1.0,8.87391185760498,0.7381067276000977,6.007123947143555
131520,94,1.0026021003723145,1.0026021003723145,1.0026633739471436,6.126355583546683e-05,1.0,1.0,0.0,0.0,0.0,276,35.792144775390625,fresh_online_exploration,10,12,1.0,1.0,8.773118019104004,0.7521088123321533,6.040143013000488
131616,9,1.0014270544052124,1.0014270544052124,1.003431797027588,0.002004633890464902,1.0,1.0,0.0,0.0,0.0,279,35.90338134765625,fresh_online_exploration,10,12,1.0,1.0,8.674291610717773,0.7733163237571716,5.9256205558776855
131616,53,1.0046509504318237,1.0046509504318237,1.0048943758010864,0.00024342324468307197,1.0,1.0,0.0,0.0,0.0,274,35.814170837402344,fresh_online_exploration,10,12,1.0,1.0,9.06279182434082,0.746451735496521,6.094300746917725
131616,87,1.000281572341919,1.000281572341919,1.001288890838623,0.0010073954472318292,1.0,1.0,0.0,0.0,0.0,277,35.80218505859375,fresh_online_exploration,10,12,1.0,1.0,8.859420776367188,0.7308104038238525,5.944302558898926
131712,72,1.0045748949050903,1.0045748949050903,1.005758285522461,0.0011833609314635396,1.0,1.0,0.0,0.0,0.0,275,35.87189865112305,fresh_online_exploration,10,12,1.0,1.0,8.930967330932617,0.7687082886695862,6.088552474975586
131712,90,1.0049618482589722,1.0049618482589722,1.0050244331359863,6.256456254050136e-05,1.0,1.0,0.0,0.0,0.0,277,35.88859558105469,fresh_online_exploration,10,12,1.0,1.0,8.855366706848145,0.7485349178314209,6.002529144287109
131808,40,1.0022753477096558,1.0022753477096558,1.0025310516357422,0.0002557968255132437,1.0,1.0,0.0,0.0,0.0,277,35.923255920410156,fresh_online_exploration,10,12,1.0,1.0,8.801328659057617,0.7835975289344788,5.971498012542725
131808,69,1.0019185543060303,1.0019185543060303,1.0045032501220703,0.002584676491096616,1.0,1.0,0.0,0.0,0.0,281,35.973365783691406,fresh_online_exploration,10,12,1.0,1.0,8.86067008972168,0.7360196709632874,5.81852388381958
131808,79,1.0021640062332153,1.0021640062332153,1.0039072036743164,0.0017432320164516568,1.0,1.0,0.0,0.0,0.0,272,35.67683792114258,fresh_online_exploration,10,12,1.0,1.0,9.059494972229004,0.7882816791534424,6.121429443359375
131904,19,1.002409815788269,1.002409815788269,1.0032105445861816,0.0008006801945157349,1.0,1.0,0.0,0.0,0.0,275,35.817474365234375,fresh_online_exploration,10,12,1.0,1.0,9.009923934936523,0.798228919506073,6.034569263458252
131904,51,1.0006023645401,1.0006023645401,1.000791072845459,0.00018869405903387815,1.0,1.0,0.0,0.0,0.0,278,35.85324478149414,fresh_online_exploration,10,12,1.0,1.0,9.060173034667969,0.7815771102905273,5.9218974113464355
132000,13,1.0001996755599976,1.0001996755599976,1.0009739398956299,0.0007742285379208624,1.0,1.0,0.0,0.0,0.0,277,35.828765869140625,fresh_online_exploration,10,12,1.0,1.0,8.833897590637207,0.8219736814498901,5.949609756469727
132000,32,1.0051658153533936,1.0051658153533936,1.0053352117538452,0.00016941624926403165,1.0,1.0,0.0,0.0,0.0,279,35.98139953613281,fresh_online_exploration,10,12,1.0,1.0,8.925225257873535,0.7759716510772705,5.891539573669434
132000,57,1.0044975280761719,1.0044975280761719,1.004807949066162,0.00031050044344738126,1.0,1.0,0.0,0.0,0.0,279,35.92868423461914,fresh_online_exploration,10,12,1.0,1.0,8.939223289489746,0.7538623213768005,5.8760600090026855
132096,14,1.004747986793518,1.004747986793518,1.00477933883667,3.145828304695897e-05,1.0,1.0,0.0,0.0,0.0,272,35.7790641784668,fresh_online_exploration,10,12,1.0,1.0,8.995247840881348,0.7808020114898682,6.167855739593506
132096,34,1.0053644180297852,1.0053644180297852,1.0054504871368408,8.605365292169154e-05,1.0,1.0,0.0,0.0,0.0,277,35.904178619384766,fresh_online_exploration,10,12,1.0,1.0,9.000194549560547,0.7582669258117676,5.97861909866333
132192,35,1.0039235353469849,1.0039235353469849,1.004194736480713,0.0002712823043111712,1.0,1.0,0.0,0.0,0.0,279,35.85015106201172,fresh_online_exploration,10,12,1.0,1.0,9.003242492675781,0.7959044575691223,5.925448417663574
132288,43,1.0017274618148804,1.0017274618148804,1.0017589330673218,3.145683149341494e-05,1.0,1.0,0.0,0.0,0.0,277,35.829811096191406,fresh_online_exploration,10,12,1.0,1.0,8.887344360351562,0.7820466160774231,5.947376251220703
132288,49,1.000357985496521,1.000357985496521,1.0003806352615356,2.2638929294771515e-05,1.0,1.0,0.0,0.0,0.0,274,35.76865768432617,fresh_online_exploration,10,12,1.0,1.0,8.849468231201172,0.798646867275238,6.06929349899292
132288,70,1.004786491394043,1.004786491394043,1.0085599422454834,0.0037734652869403362,1.0,1.0,0.0,0.0,0.0,278,35.91157531738281,fresh_online_exploration,10,12,1.0,1.0,9.015604019165039,0.7870556712150574,5.9033050537109375
132384,6,1.0007697343826294,1.0007697343826294,1.0011441707611084,0.0003744550922419876,1.0,1.0,0.0,0.0,0.0,276,35.83586502075195,fresh_online_exploration,10,12,1.0,1.0,8.945894241333008,0.8222591876983643,6.02235221862793
132384,95,1.0030096769332886,1.0030096769332886,1.0030264854431152,1.680762397882063e-05,1.0,1.0,0.0,0.0,0.0,275,35.76591491699219,fresh_online_exploration,10,12,1.0,1.0,8.890172004699707,0.8162357807159424,6.009756565093994
132576,7,1.0047156810760498,1.0047156810760498,1.0048165321350098,0.00010086366819450632,1.0,1.0,0.0,0.0,0.0,277,35.93621063232422,fresh_online_exploration,10,12,1.0,1.0,8.846296310424805,0.7816748023033142,5.9706711769104
132576,28,1.00474214553833,1.00474214553833,1.004990577697754,0.00024844740983098745,1.0,1.0,0.0,0.0,0.0,279,35.96427536010742,fresh_online_exploration,10,12,1.0,1.0,8.769196510314941,0.816775381565094,5.945032119750977
132576,93,1.0055865049362183,1.0055865049362183,1.0059995651245117,0.0004130859160795808,1.0,1.0,0.0,0.0,0.0,273,35.83887481689453,fresh_online_exploration,10,12,1.0,1.0,9.028823852539062,0.8348225355148315,6.137409687042236
132672,0,1.003229022026062,1.003229022026062,1.0033528804779053,0.00012376546510495245,1.0,1.0,0.0,0.0,0.0,279,35.969783782958984,fresh_online_exploration,10,12,1.0,1.0,8.819989204406738,0.8087331056594849,5.917118549346924
132672,10,1.0039106607437134,1.0039106607437134,1.0047112703323364,0.0008006035350263119,1.0,1.0,0.0,0.0,0.0,273,35.791969299316406,fresh_online_exploration,10,12,1.0,1.0,9.101029396057129,0.8043694496154785,6.154869079589844
132864,66,1.0025547742843628,1.0025547742843628,1.0030934810638428,0.0005387310520745814,1.0,1.0,0.0,0.0,0.0,276,35.84822463989258,fresh_online_exploration,10,12,1.0,1.0,8.657111167907715,0.7865027189254761,6.0497941970825195
132960,42,1.0054155588150024,1.0054155588150024,1.0054296255111694,1.4063694834476337e-05,1.0,1.0,0.0,0.0,0.0,276,35.910888671875,fresh_online_exploration,10,12,1.0,1.0,8.814074516296387,0.7906904220581055,6.074339866638184
133056,18,1.0003105401992798,1.0003105401992798,1.0022920370101929,0.0019814549013972282,1.0,1.0,0.0,0.0,0.0,271,35.7301025390625,fresh_online_exploration,10,12,1.0,1.0,9.111100196838379,0.8199800252914429,6.1124653816223145
133056,21,1.0034472942352295,1.0034472942352295,1.0041544437408447,0.0007071993313729763,1.0,1.0,0.0,0.0,0.0,274,35.775753021240234,fresh_online_exploration,10,12,1.0,1.0,8.99606704711914,0.8064737319946289,6.053272724151611
133056,47,1.0008176565170288,1.0008176565170288,1.001511812210083,0.0006940712919458747,1.0,1.0,0.0,0.0,0.0,278,35.87183380126953,fresh_online_exploration,10,12,1.0,1.0,8.709694862365723,0.8175987601280212,5.929192543029785
133056,48,1.0054378509521484,1.0054378509521484,1.0058135986328125,0.0003757903177756816,1.0,1.0,0.0,0.0,0.0,280,35.993629455566406,fresh_online_exploration,10,12,1.0,1.0,8.771888732910156,0.8393888473510742,5.893218040466309
133152,74,1.002368688583374,1.002368688583374,1.003525733947754,0.0011569950729608536,1.0,1.0,0.0,0.0,0.0,275,35.78754425048828,fresh_online_exploration,10,12,1.0,1.0,8.931711196899414,0.7877007722854614,6.073766708374023
133248,55,1.0053199529647827,1.0053199529647827,1.0053744316101074,5.4397358326241374e-05,1.0,1.0,0.0,0.0,0.0,279,35.99972915649414,fresh_online_exploration,10,12,1.0,1.0,8.831648826599121,0.794785737991333,5.9381256103515625
133248,78,1.003820776939392,1.003820776939392,1.0073611736297607,0.0035404872614890337,1.0,1.0,0.0,0.0,0.0,280,35.97679138183594,fresh_online_exploration,10,12,1.0,1.0,8.622955322265625,0.8324505090713501,5.87778377532959
133344,17,1.0041172504425049,1.0041172504425049,1.0076239109039307,0.0035065922420471907,1.0,1.0,0.0,0.0,0.0,277,35.95641326904297,fresh_online_exploration,10,12,1.0,1.0,8.682144165039062,0.7990027666091919,6.019219875335693
133440,41,1.0002472400665283,1.0002472400665283,1.0003645420074463,0.00011723208444891497,1.0,1.0,0.0,0.0,0.0,286,36.01116180419922,fresh_online_exploration,10,12,1.0,1.0,8.131165504455566,0.813569962978363,5.514569282531738
133440,56,1.0043673515319824,1.0043673515319824,1.0052495002746582,0.0008821113733574748,1.0,1.0,0.0,0.0,0.0,278,35.94819641113281,fresh_online_exploration,10,12,1.0,1.0,9.111750602722168,0.8022711277008057,5.934840202331543
133440,59,1.0051649808883667,1.0051649808883667,1.0059998035430908,0.0008348301635123789,1.0,1.0,0.0,0.0,0.0,278,35.94022750854492,fresh_online_exploration,10,12,1.0,1.0,8.982421875,0.8127448558807373,5.946154594421387
133824,31,1.0011858940124512,1.0011858940124512,1.0014384984970093,0.0002526545140426606,1.0,1.0,0.0,0.0,0.0,280,35.915069580078125,fresh_online_exploration,10,12,1.0,1.0,8.696686744689941,0.8000538349151611,5.828420639038086
133824,38,1.0027085542678833,1.0027085542678833,1.0082454681396484,0.005536976270377636,1.0,1.0,0.0,0.0,0.0,273,35.743408203125,fresh_online_exploration,10,12,1.0,1.0,8.944326400756836,0.8423500061035156,6.123278617858887
134016,67,1.0006755590438843,1.0006755590438843,1.0008025169372559,0.00012700480874627829,1.0,1.0,0.0,0.0,0.0,277,35.79152297973633,fresh_online_exploration,10,12,1.0,1.0,8.7494535446167,0.8443066477775574,5.939092636108398
134880,8,1.0040379762649536,1.0040379762649536,1.004211187362671,0.00017311704868916422,1.0,1.0,0.0,0.0,0.0,280,35.9630012512207,fresh_online_exploration,10,12,1.0,1.0,8.764304161071777,0.8236582279205322,5.807520389556885
134880,80,1.0040614604949951,1.0040614604949951,1.0056488513946533,0.0015874863602221012,1.0,1.0,0.0,0.0,0.0,281,36.01258087158203,fresh_online_exploration,10,12,1.0,1.0,8.830135345458984,0.8575047850608826,5.817422389984131
135648,81,1.0042380094528198,1.0042380094528198,1.0072863101959229,0.003048356156796217,1.0,1.0,0.0,0.0,0.0,290,36.496639251708984,fresh_online_exploration,10,12,1.0,1.0,8.600317001342773,0.8070816993713379,5.4153218269348145
136032,20,1.0040632486343384,1.0040632486343384,1.0041921138763428,0.00012886525655630976,1.0,1.0,0.0,0.0,0.0,279,35.91974639892578,fresh_online_exploration,10,12,1.0,1.0,8.78061294555664,0.8845605254173279,5.846612930297852
153504,33,1.0055363178253174,1.0055363178253174,1.0061495304107666,0.0006132219568826258,1.0,1.0,0.0,0.0,0.0,281,36.020259857177734,fresh_online_exploration,11,14,1.0,1.0,9.425738334655762,1.0553619861602783,5.773651123046875
155520,36,1.0054084062576294,1.0054084062576294,1.0061321258544922,0.0007237184327095747,1.0,1.0,0.0,0.0,0.0,266,35.59626770019531,fresh_online_exploration,11,14,1.0,1.0,9.38650894165039,1.1577471494674683,6.377647876739502
155616,77,1.0017911195755005,1.0017911195755005,1.0021255016326904,0.0003344345896039158,1.0,1.0,0.0,0.0,0.0,272,35.64780044555664,fresh_online_exploration,11,14,1.0,1.0,9.419815063476562,1.1231130361557007,6.173598766326904
156096,61,1.0017203092575073,1.0017203092575073,1.0038275718688965,0.002107364358380437,1.0,1.0,0.0,0.0,0.0,274,35.68321990966797,fresh_online_exploration,11,14,1.0,1.0,9.463486671447754,1.134133219718933,6.094264030456543
156192,91,1.0005570650100708,1.0005570650100708,1.00067138671875,0.00011436595377745107,1.0,1.0,0.0,0.0,0.0,273,35.7418327331543,fresh_online_exploration,11,14,1.0,1.0,9.285351753234863,1.1877124309539795,6.127889156341553
156480,68,1.0043853521347046,1.0043853521347046,1.0044231414794922,3.776752419071272e-05,1.0,1.0,0.0,0.0,0.0,272,35.783016204833984,fresh_online_exploration,12,14,1.0,1.0,9.404304504394531,1.1759538650512695,6.2269697189331055
156576,4,1.0022566318511963,1.0022566318511963,1.0033719539642334,0.0011153174564242363,1.0,1.0,0.0,0.0,0.0,276,35.7924690246582,fresh_online_exploration,11,14,1.0,1.0,9.452621459960938,1.1716924905776978,5.995871067047119
156576,24,1.0032230615615845,1.0032230615615845,1.0032391548156738,1.6147649148479104e-05,1.0,1.0,0.0,0.0,0.0,275,35.80926513671875,fresh_online_exploration,12,14,1.0,1.0,9.413869857788086,1.1399600505828857,6.073178768157959
156768,60,1.0047160387039185,1.0047160387039185,1.0048296451568604,0.00011351201101206243,1.0,1.0,0.0,0.0,0.0,272,35.750980377197266,fresh_online_exploration,12,14,1.0,1.0,9.361838340759277,1.1754180192947388,6.238472938537598
156768,63,1.002561092376709,1.002561092376709,1.0152614116668701,0.01270038541406393,1.0,1.0,0.0,0.0,0.0,272,35.60602569580078,fresh_online_exploration,12,14,1.0,1.0,9.434325218200684,1.1527724266052246,6.174136638641357
156768,86,1.0042537450790405,1.0042537450790405,1.0051491260528564,0.0008953945944085717,1.0,1.0,0.0,0.0,0.0,274,35.824195861816406,fresh_online_exploration,12,14,1.0,1.0,9.355657577514648,1.1706937551498413,6.115927696228027
156864,25,1.0013537406921387,1.0013537406921387,1.0014972686767578,0.00014362050569616258,1.0,1.0,0.0,0.0,0.0,277,35.82278823852539,fresh_online_exploration,12,14,1.0,1.0,9.298935890197754,1.1861339807510376,6.0109381675720215
156960,37,1.0022516250610352,1.0022516250610352,1.0022867918014526,3.516722426866181e-05,1.0,1.0,0.0,0.0,0.0,276,35.814208984375,fresh_online_exploration,12,14,1.0,1.0,9.440621376037598,1.186500906944275,6.0302557945251465
156960,92,1.0041749477386475,1.0041749477386475,1.005216121673584,0.0010412506526336074,1.0,1.0,0.0,0.0,0.0,276,35.91496276855469,fresh_online_exploration,12,14,1.0,1.0,9.332808494567871,1.1537166833877563,6.018527030944824
157056,3,1.000994324684143,1.000994324684143,1.0015668869018555,0.0005724700749851763,1.0,1.0,0.0,0.0,0.0,274,35.698482513427734,fresh_online_exploration,12,14,1.0,1.0,9.381839752197266,1.1365303993225098,6.065777778625488
157152,2,1.0024831295013428,1.0024831295013428,1.0027624368667603,0.00027931449585594237,1.0,1.0,0.0,0.0,0.0,275,35.79400634765625,fresh_online_exploration,12,14,1.0,1.0,9.19665241241455,1.144897222518921,6.099393367767334
157152,46,1.0019545555114746,1.0019545555114746,1.0021262168884277,0.0001716380938887596,1.0,1.0,0.0,0.0,0.0,274,35.698612213134766,fresh_online_exploration,12,14,1.0,1.0,9.415289878845215,1.1929012537002563,6.045914649963379
157152,89,1.0056712627410889,1.0056712627410889,1.0059791803359985,0.00030793194309808314,1.0,1.0,0.0,0.0,0.0,278,35.9013671875,fresh_online_exploration,12,14,1.0,1.0,9.075364112854004,1.1403930187225342,5.9898481369018555
157248,11,1.0041371583938599,1.0041371583938599,1.0041558742523193,1.8723583707469516e-05,1.0,1.0,0.0,0.0,0.0,276,35.83824157714844,fresh_online_exploration,12,14,1.0,1.0,9.308714866638184,1.1442646980285645,6.0492634773254395
157248,15,1.001484751701355,1.001484751701355,1.0018354654312134,0.00035073739127255976,1.0,1.0,0.0,0.0,0.0,275,35.81310272216797,fresh_online_exploration,12,14,1.0,1.0,9.354087829589844,1.1970436573028564,6.051148414611816
157248,22,1.0037428140640259,1.0037428140640259,1.004052996635437,0.0003101858892478049,1.0,1.0,0.0,0.0,0.0,275,35.78273391723633,fresh_online_exploration,12,14,1.0,1.0,9.416304588317871,1.1424204111099243,6.040490627288818
157344,16,1.0061973333358765,1.0061973333358765,1.022300362586975,0.016103152185678482,1.0,1.0,0.0,0.0,0.0,271,35.277000427246094,fresh_online_exploration,12,14,1.0,1.0,8.964818954467773,1.1923060417175293,5.664859294891357
157344,30,1.000006914138794,1.000006914138794,1.0040040016174316,0.003997063729912043,1.0,1.0,0.0,0.0,0.0,276,35.82478713989258,fresh_online_exploration,12,14,1.0,1.0,9.311395645141602,1.1782503128051758,6.03977108001709
157344,58,1.0015264749526978,1.0015264749526978,1.0041847229003906,0.0026581401471048594,1.0,1.0,0.0,0.0,0.0,279,35.851661682128906,fresh_online_exploration,12,14,1.0,1.0,9.252562522888184,1.2244949340820312,5.940413475036621
157440,1,1.0018532276153564,1.0018532276153564,1.0018634796142578,1.02956091723172e-05,1.0,1.0,0.0,0.0,0.0,271,35.72979736328125,fresh_online_exploration,12,14,1.0,1.0,9.38417911529541,1.18449866771698,6.214821815490723
157440,5,1.0015978813171387,1.0015978813171387,1.0017290115356445,0.00013104011304676533,1.0,1.0,0.0,0.0,0.0,276,35.783172607421875,fresh_online_exploration,12,14,1.0,1.0,9.422913551330566,1.1881284713745117,6.027010440826416
157536,29,1.0031065940856934,1.0031065940856934,1.005446195602417,0.0023396885953843594,1.0,1.0,0.0,0.0,0.0,276,35.83034133911133,fresh_online_exploration,12,14,1.0,1.0,9.327117919921875,1.2010117769241333,6.019712448120117
157536,64,1.0026932954788208,1.0026932954788208,1.002889633178711,0.00019639934180304408,1.0,1.0,0.0,0.0,0.0,275,35.81546401977539,fresh_online_exploration,12,14,1.0,1.0,9.314461708068848,1.148144006729126,6.0903000831604
157536,88,1.0024147033691406,1.0024147033691406,1.0068988800048828,0.0044841584749519825,1.0,1.0,0.0,0.0,0.0,274,35.790611267089844,fresh_online_exploration,12,14,1.0,1.0,9.385132789611816,1.2265527248382568,6.092196464538574
157632,54,1.0042845010757446,1.0042845010757446,1.0043026208877563,1.8129234376829118e-05,1.0,1.0,0.0,0.0,0.0,275,35.86785888671875,fresh_online_exploration,12,14,1.0,1.0,9.337306022644043,1.1885286569595337,6.098770618438721
157728,76,1.0016899108886719,1.0016899108886719,1.0028433799743652,0.0011535322992131114,1.0,1.0,0.0,0.0,0.0,274,35.784332275390625,fresh_online_exploration,12,14,1.0,1.0,9.345173835754395,1.1694477796554565,6.080013275146484
157728,82,1.0039491653442383,1.0039491653442383,1.0039623975753784,1.3219692846178077e-05,1.0,1.0,0.0,0.0,0.0,277,35.86345291137695,fresh_online_exploration,12,14,1.0,1.0,9.244546890258789,1.184417724609375,5.9770026206970215
157728,84,1.0011351108551025,1.0011351108551025,1.0029690265655518,0.001833918271586299,1.0,1.0,0.0,0.0,0.0,282,35.88200378417969,fresh_online_exploration,12,14,1.0,1.0,9.38222599029541,1.1757997274398804,5.769461631774902
157824,39,1.001088261604309,1.001088261604309,1.0013470649719238,0.00025884018396027386,1.0,1.0,0.0,0.0,0.0,276,35.81808090209961,fresh_online_exploration,12,14,1.0,1.0,9.437142372131348,1.2067352533340454,5.995471954345703
157824,44,1.0047388076782227,1.0047388076782227,1.0067861080169678,0.002047383226454258,1.0,1.0,0.0,0.0,0.0,277,35.94633865356445,fresh_online_exploration,12,14,1.0,1.0,9.227370262145996,1.1980645656585693,5.973260879516602
157824,50,1.0013573169708252,1.0013573169708252,1.001478672027588,0.00012134310964029282,1.0,1.0,0.0,0.0,0.0,274,35.82093811035156,fresh_online_exploration,12,14,1.0,1.0,9.465802192687988,1.1967360973358154,6.067930698394775
157824,52,1.003074288368225,1.003074288368225,1.003251552581787,0.0001772719988366589,1.0,1.0,0.0,0.0,0.0,274,35.76508712768555,fresh_online_exploration,12,14,1.0,1.0,9.271442413330078,1.19452702999115,6.104147911071777
157824,65,1.002107858657837,1.002107858657837,1.0095319747924805,0.007424032781273127,1.0,1.0,0.0,0.0,0.0,277,35.818321228027344,fresh_online_exploration,12,14,1.0,1.0,9.232917785644531,1.186902642250061,5.985000133514404
157824,71,1.0021543502807617,1.0021543502807617,1.0046861171722412,0.002531836973503232,1.0,1.0,0.0,0.0,0.0,277,35.8502311706543,fresh_online_exploration,12,14,1.0,1.0,9.4446382522583,1.2173147201538086,5.985732078552246
157824,87,1.0045815706253052,1.0045815706253052,1.0092658996582031,0.004684364423155785,1.0,1.0,0.0,0.0,0.0,273,35.805538177490234,fresh_online_exploration,12,14,1.0,1.0,9.44650936126709,1.2085721492767334,6.162125110626221
157920,9,1.0029399394989014,1.0029399394989014,1.0029499530792236,1.0110610674018972e-05,1.0,1.0,0.0,0.0,0.0,274,35.78848648071289,fresh_online_exploration,12,14,1.0,1.0,9.378040313720703,1.1983345746994019,6.128243923187256
157920,12,1.005650281906128,1.005650281906128,1.006711721420288,0.001061365008354187,1.0,1.0,0.0,0.0,0.0,275,35.8758544921875,fresh_online_exploration,12,14,1.0,1.0,9.390266418457031,1.1614755392074585,6.086880683898926
157920,45,1.0054118633270264,1.0054118633270264,1.0059821605682373,0.0005703470669686794,1.0,1.0,0.0,0.0,0.0,277,35.91072082519531,fresh_online_exploration,12,14,1.0,1.0,9.341228485107422,1.2010551691055298,5.9982757568359375
157920,62,1.0049480199813843,1.0049480199813843,1.008739948272705,0.0037920165341347456,1.0,1.0,0.0,0.0,0.0,279,35.93104934692383,fresh_online_exploration,12,14,1.0,1.0,9.36367130279541,1.1981767416000366,5.927745342254639
157920,75,1.0003618001937866,1.0003618001937866,1.0003859996795654,2.4213923097704537e-05,1.0,1.0,0.0,0.0,0.0,277,35.779483795166016,fresh_online_exploration,12,14,1.0,1.0,9.328203201293945,1.2399567365646362,5.927270889282227
157920,94,1.0033475160598755,1.0033475160598755,1.0042142868041992,0.0008667520014569163,1.0,1.0,0.0,0.0,0.0,275,35.77836608886719,fresh_online_exploration,12,14,1.0,1.0,9.469874382019043,1.1856781244277954,6.052867889404297
158016,79,1.0045121908187866,1.0045121908187866,1.0046861171722412,0.0001739601866574958,1.0,1.0,0.0,0.0,0.0,273,35.780086517333984,fresh_online_exploration,12,14,1.0,1.0,9.442435264587402,1.2093790769577026,6.112702369689941
158016,83,1.0052776336669922,1.0052776336669922,1.0052872896194458,9.620602213544771e-06,1.0,1.0,0.0,0.0,0.0,281,36.030670166015625,fresh_online_exploration,12,14,1.0,1.0,9.273183822631836,1.1875146627426147,5.882248401641846
158112,23,1.0006998777389526,1.0006998777389526,1.0008771419525146,0.00017724218196235597,1.0,1.0,0.0,0.0,0.0,277,35.81016159057617,fresh_online_exploration,12,14,1.0,1.0,9.211748123168945,1.1618236303329468,6.011207580566406
158112,40,1.0038702487945557,1.0038702487945557,1.004134178161621,0.0002638598089106381,1.0,1.0,0.0,0.0,0.0,274,35.792118072509766,fresh_online_exploration,12,14,1.0,1.0,9.215493202209473,1.2416088581085205,6.108999252319336
158112,53,1.0009981393814087,1.0009981393814087,1.0026168823242188,0.0016186416614800692,1.0,1.0,0.0,0.0,0.0,276,35.771629333496094,fresh_online_exploration,12,14,1.0,1.0,9.34173583984375,1.200115442276001,5.9931254386901855
158208,73,1.0008515119552612,1.0008515119552612,1.000974416732788,0.00012293523468542844,1.0,1.0,0.0,0.0,0.0,280,35.89744186401367,fresh_online_exploration,12,14,1.0,1.0,9.38193130493164,1.177952766418457,5.850054740905762
158208,85,1.0041719675064087,1.0041719675064087,1.0043559074401855,0.00018389924662187696,1.0,1.0,0.0,0.0,0.0,281,35.98442077636719,fresh_online_exploration,12,14,1.0,1.0,9.320502281188965,1.2100400924682617,5.837339878082275
158304,51,1.0013140439987183,1.0013140439987183,1.0013461112976074,3.203770029358566e-05,1.0,1.0,0.0,0.0,0.0,275,35.78730773925781,fresh_online_exploration,12,14,1.0,1.0,9.464876174926758,1.197792887687683,6.0745038986206055
158592,90,1.0034475326538086,1.0034475326538086,1.0038840770721436,0.0004366041102912277,1.0,1.0,0.0,0.0,0.0,280,35.960872650146484,fresh_online_exploration,12,14,1.0,1.0,9.038066864013672,1.2100887298583984,5.91243314743042
158688,27,1.0019736289978027,1.0019736289978027,1.002335786819458,0.00036222347989678383,1.0,1.0,0.0,0.0,0.0,285,36.08264923095703,fresh_online_exploration,12,14,1.0,1.0,8.875744819641113,1.2110199928283691,5.71605110168457
158688,32,1.0051558017730713,1.0051558017730713,1.0056856870651245,0.0005298758042044938,1.0,1.0,0.0,0.0,0.0,278,35.953678131103516,fresh_online_exploration,12,14,1.0,1.0,9.12495231628418,1.2071112394332886,5.985966682434082
158688,69,1.0049748420715332,1.0049748420715332,1.0066454410552979,0.001670515164732933,1.0,1.0,0.0,0.0,0.0,280,35.987144470214844,fresh_online_exploration,12,14,1.0,1.0,9.08044719696045,1.189084768295288,5.908509254455566
158688,70,1.0026841163635254,1.0026841163635254,1.003565788269043,0.0008815907058306038,1.0,1.0,0.0,0.0,0.0,275,35.891292572021484,fresh_online_exploration,12,14,1.0,1.0,9.312860488891602,1.2080800533294678,6.0418477058410645
158784,49,1.0038626194000244,1.0038626194000244,1.0069596767425537,0.0030969351064413786,1.0,1.0,0.0,0.0,0.0,276,35.868431091308594,fresh_online_exploration,12,14,1.0,1.0,9.26067066192627,1.1983546018600464,6.051874160766602
158880,6,1.0031187534332275,1.0031187534332275,1.003402829170227,0.0002840696251951158,1.0,1.0,0.0,0.0,0.0,276,35.88843536376953,fresh_online_exploration,12,14,1.0,1.0,9.304071426391602,1.2104970216751099,6.063072681427002
158880,13,1.0033724308013916,1.0033724308013916,1.007785439491272,0.004413038957864046,1.0,1.0,0.0,0.0,0.0,280,35.951515197753906,fresh_online_exploration,12,14,1.0,1.0,9.224015235900879,1.168618083000183,5.913945198059082
158976,19,1.0045150518417358,1.0045150518417358,1.0050621032714844,0.0005470285541377962,1.0,1.0,0.0,0.0,0.0,282,36.061649322509766,fresh_online_exploration,12,14,1.0,1.0,9.239350318908691,1.180044174194336,5.8058600425720215
158976,34,1.0024627447128296,1.0024627447128296,1.0027823448181152,0.0003196008037775755,1.0,1.0,0.0,0.0,0.0,280,35.94454574584961,fresh_online_exploration,12,14,1.0,1.0,9.32795238494873,1.219696283340454,5.870396614074707
158976,57,1.0047495365142822,1.0047495365142822,1.0068806409835815,0.0021310506854206324,1.0,1.0,0.0,0.0,0.0,281,35.93516540527344,fresh_online_exploration,12,14,1.0,1.0,9.444541931152344,1.2152869701385498,5.825657367706299
158976,93,1.0019491910934448,1.0019491910934448,1.0020384788513184,8.921099652070552e-05,1.0,1.0,0.0,0.0,0.0,275,35.79066848754883,fresh_online_exploration,12,14,1.0,1.0,9.465375900268555,1.1982481479644775,6.015263080596924
158976,95,1.000868558883667,1.000868558883667,1.0010204315185547,0.00015189182886388153,1.0,1.0,0.0,0.0,0.0,277,35.791873931884766,fresh_online_exploration,12,14,1.0,1.0,9.326981544494629,1.2273426055908203,5.985104560852051
159072,28,1.0036191940307617,1.0036191940307617,1.003656268119812,3.7092831917107105e-05,1.0,1.0,0.0,0.0,0.0,276,35.84369659423828,fresh_online_exploration,12,14,1.0,1.0,9.364624977111816,1.237728238105774,6.065183639526367
159168,14,1.003086805343628,1.003086805343628,1.003169059753418,8.22720758151263e-05,1.0,1.0,0.0,0.0,0.0,282,36.0138053894043,fresh_online_exploration,12,14,1.0,1.0,9.083537101745605,1.2433685064315796,5.789919376373291
159168,35,1.0013413429260254,1.0013413429260254,1.0015606880187988,0.00021942058810964227,1.0,1.0,0.0,0.0,0.0,281,35.99777603149414,fresh_online_exploration,12,14,1.0,1.0,9.470532417297363,1.2160910367965698,5.8520379066467285
159168,72,1.0014909505844116,1.0014909505844116,1.0023592710494995,0.0008683064370416105,1.0,1.0,0.0,0.0,0.0,286,35.99708557128906,fresh_online_exploration,12,14,1.0,1.0,8.61098575592041,1.2108160257339478,5.450647354125977
159264,26,1.0051378011703491,1.0051378011703491,1.009521484375,0.00438368134200573,1.0,1.0,0.0,0.0,0.0,294,36.31317901611328,fresh_online_exploration,12,14,1.0,1.0,9.008061408996582,1.1864911317825317,5.171912670135498
159360,43,1.0000807046890259,1.0000807046890259,1.0002872943878174,0.00020653489627875388,1.0,1.0,0.0,0.0,0.0,282,35.9617919921875,fresh_online_exploration,12,14,1.0,1.0,9.168984413146973,1.1621472835540771,5.7997517585754395
159456,10,1.0010846853256226,1.0010846853256226,1.0014839172363281,0.000399316952098161,1.0,1.0,0.0,0.0,0.0,279,35.8380126953125,fresh_online_exploration,12,14,1.0,1.0,9.416887283325195,1.224077820777893,5.874472618103027
159456,47,1.006542444229126,1.006542444229126,1.0066745281219482,0.00013213684724178165,1.0,1.0,0.0,0.0,0.0,275,35.93737030029297,fresh_online_exploration,12,14,1.0,1.0,9.172200202941895,1.2363197803497314,6.087373733520508
159552,18,1.00261652469635,1.00261652469635,1.0032509565353394,0.0006344466237351298,1.0,1.0,0.0,0.0,0.0,276,35.84489822387695,fresh_online_exploration,12,14,1.0,1.0,9.358332633972168,1.2208197116851807,5.989755630493164
159552,66,1.005077838897705,1.005077838897705,1.0051984786987305,0.00012072185199940577,1.0,1.0,0.0,0.0,0.0,278,35.942787170410156,fresh_online_exploration,12,14,1.0,1.0,9.400662422180176,1.303856611251831,6.014383316040039
159648,0,1.000839352607727,1.000839352607727,1.0011687278747559,0.00032944197300821543,1.0,1.0,0.0,0.0,0.0,281,35.933815002441406,fresh_online_exploration,12,14,1.0,1.0,9.215959548950195,1.2070088386535645,5.845330715179443
159648,42,1.0054091215133667,1.0054091215133667,1.0054922103881836,8.316495222970843e-05,1.0,1.0,0.0,0.0,0.0,278,35.93199920654297,fresh_online_exploration,12,14,1.0,1.0,9.314724922180176,1.2610623836517334,5.962782859802246
159744,7,1.003105878829956,1.003105878829956,1.0033175945281982,0.00021165578800719231,1.0,1.0,0.0,0.0,0.0,283,36.0726203918457,fresh_online_exploration,12,14,1.0,1.0,9.072710037231445,1.2169307470321655,5.784937381744385
159936,78,1.003476619720459,1.003476619720459,1.0038156509399414,0.00033897158573381603,1.0,1.0,0.0,0.0,0.0,278,35.92167663574219,fresh_online_exploration,12,14,1.0,1.0,9.189231872558594,1.223985195159912,5.968254089355469
160032,17,1.0025898218154907,1.0025898218154907,1.00260591506958,1.6151783711393364e-05,1.0,1.0,0.0,0.0,0.0,278,35.85072326660156,fresh_online_exploration,12,14,1.0,1.0,9.340415000915527,1.2735702991485596,5.937411785125732
160128,55,1.0003304481506348,1.0003304481506348,1.0011687278747559,0.0008382861851714551,1.0,1.0,0.0,0.0,0.0,280,35.900054931640625,fresh_online_exploration,12,15,1.0,1.0,9.225565910339355,1.2474921941757202,5.862877368927002
160128,59,1.005907654762268,1.005907654762268,1.0062639713287354,0.00035636662505567074,1.0,1.0,0.0,0.0,0.0,278,35.965904235839844,fresh_online_exploration,12,15,1.0,1.0,9.317120552062988,1.1729165315628052,6.026679515838623
160320,38,1.0014277696609497,1.0014277696609497,1.0015573501586914,0.0001296302943956107,1.0,1.0,0.0,0.0,0.0,276,35.78080368041992,fresh_online_exploration,12,15,1.0,1.0,9.217771530151367,1.2797741889953613,5.983076095581055
160320,41,1.002798318862915,1.002798318862915,1.0028563737869263,5.803614476462826e-05,1.0,1.0,0.0,0.0,0.0,280,35.947166442871094,fresh_online_exploration,12,15,1.0,1.0,9.361845970153809,1.210768461227417,5.827668190002441
160416,21,1.0010632276535034,1.0010632276535034,1.0017650127410889,0.0007018048781901598,1.0,1.0,0.0,0.0,0.0,285,36.100772857666016,fresh_online_exploration,12,15,1.0,1.0,8.965713500976562,1.2387642860412598,5.737566947937012
160416,48,1.0057271718978882,1.0057271718978882,1.0093966722488403,0.0036694351583719254,1.0,1.0,0.0,0.0,0.0,285,36.14710998535156,fresh_online_exploration,12,15,1.0,1.0,8.971569061279297,1.2548389434814453,5.74653959274292
160416,74,1.0032480955123901,1.0032480955123901,1.003272533416748,2.449837302265223e-05,1.0,1.0,0.0,0.0,0.0,284,36.03900909423828,fresh_online_exploration,12,15,1.0,1.0,8.949010848999023,1.2122172117233276,5.759721755981445
160896,56,1.000048279762268,1.000048279762268,1.0006814002990723,0.0006330455653369427,1.0,1.0,0.0,0.0,0.0,286,36.057132720947266,fresh_online_exploration,12,15,1.0,1.0,9.197066307067871,1.213573932647705,5.640728950500488
161088,31,1.001573920249939,1.001573920249939,1.0032305717468262,0.0016566328704357147,1.0,1.0,0.0,0.0,0.0,284,36.01034164428711,fresh_online_exploration,12,15,1.0,1.0,9.064764976501465,1.2547472715377808,5.713141441345215
161856,80,1.0053452253341675,1.0053452253341675,1.0065048933029175,0.001159704988822341,1.0,1.0,0.0,0.0,0.0,281,35.989463806152344,fresh_online_exploration,12,15,1.0,1.0,9.16503620147705,1.2894306182861328,5.842464923858643
162240,8,1.0006828308105469,1.0006828308105469,1.0044506788253784,0.003767795395106077,1.0,1.0,0.0,0.0,0.0,285,36.03203582763672,fresh_online_exploration,12,15,1.0,1.0,9.242338180541992,1.291349172592163,5.629077911376953
162240,67,1.0041139125823975,1.0041139125823975,1.0042973756790161,0.0001834405993577093,1.0,1.0,0.0,0.0,0.0,294,36.36206817626953,fresh_online_exploration,12,15,1.0,1.0,8.759766578674316,1.2766997814178467,5.397984981536865
162720,81,1.0048710107803345,1.0048710107803345,1.0054495334625244,0.0005785971879959106,1.0,1.0,0.0,0.0,0.0,282,36.002716064453125,fresh_online_exploration,12,15,1.0,1.0,9.150426864624023,1.3209116458892822,5.7494659423828125
162912,20,1.0030293464660645,1.0030293464660645,1.0037447214126587,0.0007153889164328575,1.0,1.0,0.0,0.0,0.0,280,35.943206787109375,fresh_online_exploration,12,15,1.0,1.0,9.224335670471191,1.3113949298858643,5.874686241149902
179712,33,1.0029178857803345,1.0029178857803345,1.0050042867660522,0.002086435444653034,1.0,1.0,0.0,0.0,0.0,273,35.779972076416016,fresh_online_exploration,14,16,1.0,1.0,9.509942054748535,1.8353216648101807,6.165736675262451
181632,77,1.0011245012283325,1.0011245012283325,1.0015981197357178,0.00047362898476421833,1.0,1.0,0.0,0.0,0.0,271,35.64496612548828,fresh_online_exploration,14,17,1.0,1.0,9.753670692443848,1.869458556175232,6.117517471313477
181728,36,1.0008949041366577,1.0008949041366577,1.0035849809646606,0.002690086141228676,1.0,1.0,0.0,0.0,0.0,273,35.663002014160156,fresh_online_exploration,14,17,1.0,1.0,9.761360168457031,1.870745301246643,6.048951148986816
182208,86,1.0055218935012817,1.0055218935012817,1.005679965019226,0.00015810158220119774,1.0,1.0,0.0,0.0,0.0,265,35.66115188598633,fresh_online_exploration,14,17,1.0,1.0,9.71265697479248,1.9427731037139893,6.413412094116211
182304,68,1.0017130374908447,1.0017130374908447,1.004671335220337,0.002958353143185377,1.0,1.0,0.0,0.0,0.0,269,35.603973388671875,fresh_online_exploration,14,17,1.0,1.0,9.737015724182129,1.9025660753250122,6.210500240325928
182304,91,1.0024932622909546,1.0024932622909546,1.0027518272399902,0.00025855525746010244,1.0,1.0,0.0,0.0,0.0,272,35.72258758544922,fresh_online_exploration,14,17,1.0,1.0,9.539054870605469,1.9022634029388428,6.166443347930908
182400,61,1.004870057106018,1.004870057106018,1.0076717138290405,0.0028016394935548306,1.0,1.0,0.0,0.0,0.0,274,35.74140167236328,fresh_online_exploration,14,17,1.0,1.0,9.716169357299805,1.8785820007324219,6.046294212341309
182688,4,1.0016511678695679,1.0016511678695679,1.0023434162139893,0.0006922647589817643,1.0,1.0,0.0,0.0,0.0,272,35.67964553833008,fresh_online_exploration,14,17,1.0,1.0,9.748443603515625,1.8916369676589966,6.104314804077148
182784,60,1.0027881860733032,1.0027881860733032,1.0032060146331787,0.00041782145854085684,1.0,1.0,0.0,0.0,0.0,271,35.669010162353516,fresh_online_exploration,14,17,1.0,1.0,9.771675109863281,1.94710373878479,6.199426651000977
182784,63,1.0016199350357056,1.0016199350357056,1.0026988983154297,0.0010790516389533877,1.0,1.0,0.0,0.0,0.0,271,35.58641052246094,fresh_online_exploration,14,17,1.0,1.0,9.768013954162598,1.901497483253479,6.106370449066162
182880,25,1.0008453130722046,1.0008453130722046,1.0030686855316162,0.0022233487106859684,1.0,1.0,0.0,0.0,0.0,271,35.677955627441406,fresh_online_exploration,14,17,1.0,1.0,9.884697914123535,1.9002238512039185,6.1861796379089355
182976,2,1.0043704509735107,1.0043704509735107,1.0052573680877686,0.0008869785233400762,1.0,1.0,0.0,0.0,0.0,269,35.706993103027344,fresh_online_exploration,14,17,1.0,1.0,9.781485557556152,1.941142201423645,6.269193649291992
182976,46,1.0013368129730225,1.0013368129730225,1.00505530834198,0.003718490479514003,1.0,1.0,0.0,0.0,0.0,269,35.588836669921875,fresh_online_exploration,14,17,1.0,1.0,9.776592254638672,1.928141474723816,6.163546562194824
183072,24,1.0024409294128418,1.0024409294128418,1.0050616264343262,0.002620683517307043,1.0,1.0,0.0,0.0,0.0,276,35.7471923828125,fresh_online_exploration,14,17,1.0,1.0,9.739103317260742,1.8816149234771729,5.974029064178467
183264,11,1.000192642211914,1.000192642211914,1.0002269744873047,3.429726348258555e-05,1.0,1.0,0.0,0.0,0.0,271,35.59713363647461,fresh_online_exploration,14,17,1.0,1.0,9.766167640686035,1.9278141260147095,6.180024147033691
183264,92,1.0009961128234863,1.0009961128234863,1.0010977983474731,0.00010168231528950855,1.0,1.0,0.0,0.0,0.0,274,35.733726501464844,fresh_online_exploration,14,17,1.0,1.0,9.638415336608887,1.9205048084259033,6.071160316467285
183360,89,1.0019688606262207,1.0019688606262207,1.0023518800735474,0.0003830321948044002,1.0,1.0,0.0,0.0,0.0,273,35.665958404541016,fresh_online_exploration,14,17,1.0,1.0,9.697793960571289,1.9414498805999756,6.056675434112549
183456,3,1.0016818046569824,1.0016818046569824,1.0019824504852295,0.00030072484514676034,1.0,1.0,0.0,0.0,0.0,275,35.71672821044922,fresh_online_exploration,14,17,1.0,1.0,9.739713668823242,1.8847217559814453,6.051037788391113
183456,15,1.0041875839233398,1.0041875839233398,1.0044372081756592,0.00024963036412373185,1.0,1.0,0.0,0.0,0.0,273,35.81692123413086,fresh_online_exploration,14,17,1.0,1.0,9.631245613098145,1.9387667179107666,6.172095775604248
183552,22,1.000715732574463,1.000715732574463,1.001232385635376,0.000516560219693929,1.0,1.0,0.0,0.0,0.0,274,35.660133361816406,fresh_online_exploration,14,17,1.0,1.0,9.735628128051758,1.9115135669708252,6.039750099182129
183552,37,1.000569224357605,1.000569224357605,1.0015461444854736,0.0009768863674253225,1.0,1.0,0.0,0.0,0.0,277,35.80019760131836,fresh_online_exploration,14,17,1.0,1.0,9.815393447875977,1.9343457221984863,5.888596534729004
183552,88,1.000072717666626,1.000072717666626,1.0002224445343018,0.00014973082579672337,1.0,1.0,0.0,0.0,0.0,271,35.650856018066406,fresh_online_exploration,14,17,1.0,1.0,9.670806884765625,1.9169842004776,6.141358852386475
183648,1,1.005368947982788,1.005368947982788,1.0054799318313599,0.00011100000847363845,1.0,1.0,0.0,0.0,0.0,273,35.81690979003906,fresh_online_exploration,14,17,1.0,1.0,9.689499855041504,1.9342552423477173,6.153763771057129
183744,16,1.0014417171478271,1.0014417171478271,1.001846194267273,0.0004044317756779492,1.0,1.0,0.0,0.0,0.0,275,35.80379867553711,fresh_online_exploration,14,17,1.0,1.0,9.737582206726074,1.8941456079483032,5.996636390686035
183744,29,1.0028740167617798,1.0028740167617798,1.0037591457366943,0.0008851598831824958,1.0,1.0,0.0,0.0,0.0,273,35.737762451171875,fresh_online_exploration,14,17,1.0,1.0,9.64583969116211,1.8937180042266846,6.097670078277588
183744,64,1.005393385887146,1.005393385887146,1.0055053234100342,0.00011200327571714297,1.0,1.0,0.0,0.0,0.0,273,35.817649841308594,fresh_online_exploration,14,17,1.0,1.0,9.772809982299805,1.9285902976989746,6.1447858810424805
183840,44,1.0015053749084473,1.0015053749084473,1.0015233755111694,1.803246959752869e-05,1.0,1.0,0.0,0.0,0.0,271,35.724884033203125,fresh_online_exploration,14,17,1.0,1.0,9.845540046691895,1.9075714349746704,6.164791107177734
183936,76,1.0001741647720337,1.0001741647720337,1.0058763027191162,0.005702083930373192,1.0,1.0,0.0,0.0,0.0,273,35.690425872802734,fresh_online_exploration,14,17,1.0,1.0,9.658698081970215,1.931813359260559,6.14661979675293
184032,5,1.0034527778625488,1.0034527778625488,1.0034639835357666,1.1278099009359721e-05,1.0,1.0,0.0,0.0,0.0,277,35.78355026245117,fresh_online_exploration,14,17,1.0,1.0,9.804749488830566,1.9111342430114746,5.9593095779418945
184032,9,1.0039561986923218,1.0039561986923218,1.0042471885681152,0.0002910395269282162,1.0,1.0,0.0,0.0,0.0,272,35.75074005126953,fresh_online_exploration,14,17,1.0,1.0,9.743688583374023,1.9325976371765137,6.215945720672607
184032,30,1.0044411420822144,1.0044411420822144,1.0049302577972412,0.0004891547723673284,1.0,1.0,0.0,0.0,0.0,278,35.88162612915039,fresh_online_exploration,14,17,1.0,1.0,9.73055648803711,1.9130167961120605,5.958328723907471
184032,45,1.0027941465377808,1.0027941465377808,1.0032390356063843,0.00044489369611255825,1.0,1.0,0.0,0.0,0.0,272,35.7078857421875,fresh_online_exploration,14,17,1.0,1.0,9.757691383361816,1.9440884590148926,6.1793646812438965
184032,52,1.0021123886108398,1.0021123886108398,1.0028830766677856,0.000770685903262347,1.0,1.0,0.0,0.0,0.0,273,35.7093505859375,fresh_online_exploration,14,17,1.0,1.0,9.615248680114746,1.8968801498413086,6.130672931671143
184032,54,1.0000120401382446,1.0000120401382446,1.0000221729278564,1.0133127034350764e-05,1.0,1.0,0.0,0.0,0.0,275,35.75032043457031,fresh_online_exploration,14,17,1.0,1.0,9.659784317016602,1.932711124420166,6.038043022155762
184128,39,1.0025737285614014,1.0025737285614014,1.0038211345672607,0.0012473895912989974,1.0,1.0,0.0,0.0,0.0,274,35.7816162109375,fresh_online_exploration,14,17,1.0,1.0,9.75180721282959,1.9373151063919067,6.093803882598877
184128,84,1.0054059028625488,1.0054059028625488,1.0188343524932861,0.013428367674350739,1.0,1.0,0.0,0.0,0.0,275,35.74547576904297,fresh_online_exploration,14,17,1.0,1.0,9.831611633300781,1.9297542572021484,6.081042289733887
184224,58,1.005375623703003,1.005375623703003,1.005921721458435,0.000546123890671879,1.0,1.0,0.0,0.0,0.0,280,35.988243103027344,fresh_online_exploration,14,17,1.0,1.0,9.566973686218262,1.9172762632369995,5.914218902587891
184224,71,1.0051029920578003,1.0051029920578003,1.0052164793014526,0.00011345698294462636,1.0,1.0,0.0,0.0,0.0,275,35.84416198730469,fresh_online_exploration,14,17,1.0,1.0,9.7709379196167,1.9170210361480713,6.043384552001953
184224,82,1.000624418258667,1.000624418258667,1.000653624534607,2.9181543141021393e-05,1.0,1.0,0.0,0.0,0.0,276,35.75442886352539,fresh_online_exploration,14,17,1.0,1.0,9.64661693572998,1.9192955493927002,5.981454372406006
184224,87,1.005088210105896,1.005088210105896,1.0226385593414307,0.01755015179514885,1.0,1.0,0.0,0.0,0.0,275,35.81626510620117,fresh_online_exploration,14,17,1.0,1.0,9.52935791015625,1.9259058237075806,6.1259636878967285
184320,50,1.0004668235778809,1.0004668235778809,1.0005488395690918,8.206211350625381e-05,1.0,1.0,0.0,0.0,0.0,276,35.80552673339844,fresh_online_exploration,14,17,1.0,1.0,9.681368827819824,1.900606393814087,5.984572410583496
184320,75,1.0011447668075562,1.0011447668075562,1.0017791986465454,0.0006344132707454264,1.0,1.0,0.0,0.0,0.0,275,35.78369903564453,fresh_online_exploration,14,17,1.0,1.0,9.74979019165039,1.9412479400634766,6.004248142242432
184320,79,1.0004104375839233,1.0004104375839233,1.0005159378051758,0.00010549964645178989,1.0,1.0,0.0,0.0,0.0,274,35.738792419433594,fresh_online_exploration,14,17,1.0,1.0,9.69489574432373,1.9483551979064941,6.0634918212890625
184416,12,1.0041582584381104,1.0041582584381104,1.0043323040008545,0.00017404613026883453,1.0,1.0,0.0,0.0,0.0,276,35.85921859741211,fresh_online_exploration,14,17,1.0,1.0,9.788827896118164,1.9546396732330322,6.026003837585449
184416,23,1.0031006336212158,1.0031006336212158,1.0031169652938843,1.6383395632146858e-05,1.0,1.0,0.0,0.0,0.0,274,35.78313064575195,fresh_online_exploration,14,17,1.0,1.0,9.69536018371582,1.9348506927490234,6.089240074157715
184416,53,1.000107765197754,1.000107765197754,1.001844882965088,0.0017370975110679865,1.0,1.0,0.0,0.0,0.0,274,35.69978332519531,fresh_online_exploration,14,17,1.0,1.0,9.636968612670898,1.9585132598876953,6.056709289550781
184416,85,1.0004528760910034,1.0004528760910034,1.0005478858947754,9.507352660875767e-05,1.0,1.0,0.0,0.0,0.0,273,35.73193359375,fresh_online_exploration,14,17,1.0,1.0,9.769120216369629,1.9216595888137817,6.07790994644165
184512,62,1.0013808012008667,1.0013808012008667,1.0014792680740356,9.841586870606989e-05,1.0,1.0,0.0,0.0,0.0,277,35.830848693847656,fresh_online_exploration,14,17,1.0,1.0,9.613752365112305,1.925461769104004,5.954965114593506
184512,73,1.0044423341751099,1.0044423341751099,1.004532814025879,9.037845302373171e-05,1.0,1.0,0.0,0.0,0.0,274,35.776512145996094,fresh_online_exploration,14,17,1.0,1.0,9.7816743850708,1.9179307222366333,6.110495090484619
184608,94,1.0008922815322876,1.0008922815322876,1.0013821125030518,0.000489906407892704,1.0,1.0,0.0,0.0,0.0,278,35.88392639160156,fresh_online_exploration,14,17,1.0,1.0,9.509227752685547,1.964169979095459,5.955138683319092
184704,83,1.0020651817321777,1.0020651817321777,1.0021387338638306,7.358006405411288e-05,1.0,1.0,0.0,0.0,0.0,278,35.84626007080078,fresh_online_exploration,14,17,1.0,1.0,9.721229553222656,1.9425681829452515,5.876626968383789
184800,40,1.0027042627334595,1.0027042627334595,1.003490924835205,0.0007866418454796076,1.0,1.0,0.0,0.0,0.0,278,35.912696838378906,fresh_online_exploration,14,17,1.0,1.0,9.636675834655762,1.943188190460205,5.927231788635254
184800,65,1.0051721334457397,1.0051721334457397,1.008575677871704,0.00340347015298903,1.0,1.0,0.0,0.0,0.0,281,35.99616241455078,fresh_online_exploration,14,17,1.0,1.0,9.567902565002441,1.9111559391021729,5.827564239501953
184992,51,1.0054874420166016,1.0054874420166016,1.008310317993164,0.002822958631440997,1.0,1.0,0.0,0.0,0.0,278,35.808265686035156,fresh_online_exploration,14,17,1.0,1.0,9.690873146057129,1.9721004962921143,5.902883529663086
185088,57,1.0044983625411987,1.0044983625411987,1.0051276683807373,0.0006293760379776359,1.0,1.0,0.0,0.0,0.0,272,35.74095153808594,fresh_online_exploration,14,17,1.0,1.0,9.693206787109375,1.9200770854949951,6.180758953094482
185184,27,1.0004991292953491,1.0004991292953491,1.0033628940582275,0.0028637945652008057,1.0,1.0,0.0,0.0,0.0,276,35.72560119628906,fresh_online_exploration,14,17,1.0,1.0,9.545909881591797,1.9993246793746948,5.964112758636475
185184,32,1.0043998956680298,1.0043998956680298,1.0139961242675781,0.00959629938006401,1.0,1.0,0.0,0.0,0.0,276,35.825809478759766,fresh_online_exploration,14,17,1.0,1.0,9.634148597717285,1.9746551513671875,6.00881290435791
185280,28,1.0021764039993286,1.0021764039993286,1.0021873712539673,1.0964335160679184e-05,1.0,1.0,0.0,0.0,0.0,273,35.67455291748047,fresh_online_exploration,14,17,1.0,1.0,9.73289966583252,1.978941559791565,6.091656684875488
185280,70,1.004023790359497,1.004023790359497,1.0047296285629272,0.0007058376795612276,1.0,1.0,0.0,0.0,0.0,277,35.9283447265625,fresh_online_exploration,14,17,1.0,1.0,9.718079566955566,1.973726511001587,5.967566967010498
185280,90,1.0047098398208618,1.0047098398208618,1.0048640966415405,0.00015425749006681144,1.0,1.0,0.0,0.0,0.0,278,35.93796920776367,fresh_online_exploration,14,17,1.0,1.0,9.516918182373047,1.9616097211837769,5.9631876945495605
185376,13,1.0006823539733887,1.0006823539733887,1.0008373260498047,0.00015495394472964108,1.0,1.0,0.0,0.0,0.0,276,35.796409606933594,fresh_online_exploration,14,17,1.0,1.0,9.703121185302734,2.001230001449585,6.036447048187256
185376,69,1.0021517276763916,1.0021517276763916,1.0021913051605225,3.9630172977922484e-05,1.0,1.0,0.0,0.0,0.0,278,35.862098693847656,fresh_online_exploration,14,17,1.0,1.0,9.622220039367676,1.986793875694275,5.929253101348877
185376,95,1.0026562213897705,1.0026562213897705,1.0026674270629883,1.1196024388482329e-05,1.0,1.0,0.0,0.0,0.0,275,35.7870979309082,fresh_online_exploration,14,17,1.0,1.0,9.681171417236328,1.9621676206588745,6.042656898498535
185472,34,1.0035953521728516,1.0035953521728516,1.0037999153137207,0.00020449301518965513,1.0,1.0,0.0,0.0,0.0,276,35.838016510009766,fresh_online_exploration,14,17,1.0,1.0,9.7371187210083,1.95032799243927,5.989234924316406
185472,49,1.0051146745681763,1.0051146745681763,1.0051320791244507,1.7401531295035966e-05,1.0,1.0,0.0,0.0,0.0,278,35.92841339111328,fresh_online_exploration,14,17,1.0,1.0,9.585875511169434,1.953885793685913,5.973859786987305
185568,35,1.0021812915802002,1.0021812915802002,1.0027860403060913,0.0006047254428267479,1.0,1.0,0.0,0.0,0.0,275,35.8130989074707,fresh_online_exploration,14,17,1.0,1.0,9.827751159667969,1.9805980920791626,6.08579683303833
185568,93,1.0007013082504272,1.0007013082504272,1.0052011013031006,0.004499923437833786,1.0,1.0,0.0,0.0,0.0,277,35.796722412109375,fresh_online_exploration,14,17,1.0,1.0,9.822267532348633,1.959482192993164,5.894968032836914
185664,6,1.004292368888855,1.004292368888855,1.0043971538543701,0.00010478327021701261,1.0,1.0,0.0,0.0,0.0,279,35.94190979003906,fresh_online_exploration,14,17,1.0,1.0,9.457732200622559,1.983506202697754,5.91930627822876
185664,18,1.0035719871520996,1.0035719871520996,1.0098638534545898,0.006291911005973816,1.0,1.0,0.0,0.0,0.0,272,35.712642669677734,fresh_online_exploration,14,17,1.0,1.0,9.823641777038574,1.9471243619918823,6.135406494140625
185760,19,1.0019534826278687,1.0019534826278687,1.0048054456710815,0.0028519812040030956,1.0,1.0,0.0,0.0,0.0,279,35.90126419067383,fresh_online_exploration,14,17,1.0,1.0,9.600764274597168,1.9495611190795898,5.882312297821045
185760,59,1.0018272399902344,1.0018272399902344,1.0023221969604492,0.0004949890426360071,1.0,1.0,0.0,0.0,0.0,267,35.6343994140625,fresh_online_exploration,15,17,1.0,1.0,9.601991653442383,2.0361874103546143,6.418336868286133
185760,72,1.0060973167419434,1.0060973167419434,1.0062730312347412,0.00017575686797499657,1.0,1.0,0.0,0.0,0.0,277,35.90849304199219,fresh_online_exploration,14,17,1.0,1.0,9.727904319763184,1.9447213411331177,6.0050482749938965
185856,7,1.0045201778411865,1.0045201778411865,1.0047762393951416,0.00025603236281313,1.0,1.0,0.0,0.0,0.0,272,35.74805450439453,fresh_online_exploration,14,17,1.0,1.0,9.736620903015137,2.0133414268493652,6.188772201538086
185856,10,1.0053924322128296,1.0053924322128296,1.0055421590805054,0.00014968638424761593,1.0,1.0,0.0,0.0,0.0,275,35.89180374145508,fresh_online_exploration,14,17,1.0,1.0,9.665891647338867,1.9566079378128052,6.089859485626221
185856,26,1.0018259286880493,1.0018259286880493,1.002104640007019,0.00027872234932146966,1.0,1.0,0.0,0.0,0.0,277,35.84300231933594,fresh_online_exploration,14,17,1.0,1.0,9.69333553314209,2.0023670196533203,5.948615550994873
186048,66,1.0009785890579224,1.0009785890579224,1.0010101795196533,3.1535641028312966e-05,1.0,1.0,0.0,0.0,0.0,276,35.800289154052734,fresh_online_exploration,14,17,1.0,1.0,9.597429275512695,1.9356802701950073,6.016767501831055
186144,47,1.0003582239151,1.0003582239151,1.0008723735809326,0.0005142317386344075,1.0,1.0,0.0,0.0,0.0,278,35.8885383605957,fresh_online_exploration,14,17,1.0,1.0,9.610710144042969,1.9671016931533813,5.9582061767578125
186144,78,1.00396728515625,1.00396728515625,1.0039856433868408,1.8357883163844235e-05,1.0,1.0,0.0,0.0,0.0,273,35.770450592041016,fresh_online_exploration,14,17,1.0,1.0,9.696810722351074,2.005275249481201,6.129297733306885
186336,0,1.0044540166854858,1.0044540166854858,1.0051841735839844,0.0007301138830371201,1.0,1.0,0.0,0.0,0.0,278,35.958404541015625,fresh_online_exploration,14,17,1.0,1.0,9.514225959777832,2.0308871269226074,5.980865001678467
186336,42,1.0009050369262695,1.0009050369262695,1.0009727478027344,6.767993181711063e-05,1.0,1.0,0.0,0.0,0.0,278,35.913185119628906,fresh_online_exploration,14,17,1.0,1.0,9.645162582397461,1.9794939756393433,5.931290626525879
186336,43,1.0052311420440674,1.0052311420440674,1.0054759979248047,0.0002448626037221402,1.0,1.0,0.0,0.0,0.0,281,36.01566696166992,fresh_online_exploration,14,17,1.0,1.0,9.647964477539062,1.9642484188079834,5.843827724456787
186432,14,1.0036455392837524,1.0036455392837524,1.0038025379180908,0.00015698243805672973,1.0,1.0,0.0,0.0,0.0,284,36.04389953613281,fresh_online_exploration,14,17,1.0,1.0,9.362536430358887,1.9659292697906494,5.741461277008057
186528,38,1.0036894083023071,1.0036894083023071,1.0047862529754639,0.0010969152208417654,1.0,1.0,0.0,0.0,0.0,273,35.768375396728516,fresh_online_exploration,15,17,1.0,1.0,9.568504333496094,2.0182759761810303,6.158333778381348
186528,55,1.0006178617477417,1.0006178617477417,1.0007489919662476,0.00013116365880705416,1.0,1.0,0.0,0.0,0.0,275,35.77741622924805,fresh_online_exploration,15,17,1.0,1.0,9.72938346862793,2.0294783115386963,6.043496131896973
186912,21,1.0025725364685059,1.0025725364685059,1.0025889873504639,1.6461233826703392e-05,1.0,1.0,0.0,0.0,0.0,276,35.847984313964844,fresh_online_exploration,15,17,1.0,1.0,9.686985969543457,2.0229947566986084,5.998773097991943
187008,17,1.0028325319290161,1.0028325319290161,1.0028483867645264,1.5836576494621113e-05,1.0,1.0,0.0,0.0,0.0,281,35.96693801879883,fresh_online_exploration,14,17,1.0,1.0,9.435969352722168,2.015876531600952,5.846621990203857
187008,48,1.0028682947158813,1.0028682947158813,1.002899408340454,3.116023799520917e-05,1.0,1.0,0.0,0.0,0.0,277,35.88336181640625,fresh_online_exploration,15,17,1.0,1.0,9.571099281311035,1.999997615814209,6.004456520080566
187200,74,1.0022122859954834,1.0022122859954834,1.002321720123291,0.00010952153388643637,1.0,1.0,0.0,0.0,0.0,279,35.89473342895508,fresh_online_exploration,15,17,1.0,1.0,9.617079734802246,1.9665071964263916,5.886328220367432
187488,31,1.005000114440918,1.005000114440918,1.0052992105484009,0.00029911421006545424,1.0,1.0,0.0,0.0,0.0,275,35.864990234375,fresh_online_exploration,15,17,1.0,1.0,9.65812873840332,1.9951539039611816,6.030219078063965
187776,56,1.0035127401351929,1.0035127401351929,1.0037510395050049,0.0002383351675234735,1.0,1.0,0.0,0.0,0.0,280,35.97899627685547,fresh_online_exploration,15,17,1.0,1.0,9.590156555175781,2.0258617401123047,5.934778690338135
187872,41,1.002622365951538,1.002622365951538,1.0058737993240356,0.003251410787925124,1.0,1.0,0.0,0.0,0.0,287,36.06097412109375,fresh_online_exploration,15,17,1.0,1.0,9.266817092895508,1.9961735010147095,5.444002151489258
188352,80,1.0045353174209595,1.0045353174209595,1.0050501823425293,0.0005147779011167586,1.0,1.0,0.0,0.0,0.0,276,35.87559509277344,fresh_online_exploration,15,17,1.0,1.0,9.483928680419922,2.021798849105835,6.051984786987305
189024,67,1.0013054609298706,1.0013054609298706,1.001616358757019,0.0003108615055680275,1.0,1.0,0.0,0.0,0.0,279,35.87932586669922,fresh_online_exploration,15,17,1.0,1.0,9.484391212463379,2.0747482776641846,5.88480806350708
189600,81,1.000130534172058,1.000130534172058,1.0290662050247192,0.028935588896274567,1.0,1.0,0.0,0.0,0.0,280,35.71809387207031,fresh_online_exploration,15,17,0.9921052634716034,0.9210526347160339,9.520050048828125,2.070439338684082,5.905682563781738
189792,8,1.0020651817321777,1.0020651817321777,1.0022964477539062,0.00023126552696339786,1.0,1.0,0.0,0.0,0.0,287,36.123207092285156,fresh_online_exploration,15,17,1.0,1.0,9.365582466125488,2.037294387817383,5.388591766357422
191904,20,1.0018008947372437,1.0018008947372437,1.0019786357879639,0.00017779707559384406,1.0,1.0,0.0,1.0,0.0,302,36.434757232666016,fresh_online_exploration,15,17,1.0,1.0,9.135972023010254,2.0440070629119873,4.9199910163879395
205152,92,1.002140998840332,1.002140998840332,1.0022872686386108,0.00014624246978200972,1.0,1.0,0.0,0.0,0.0,228,34.664451599121094,fresh_online_exploration,17,18,1.0,1.0,9.1187105178833,2.659356117248535,8.476799964904785
205440,33,1.0025415420532227,1.0025415420532227,1.002558946609497,1.7421587472199462e-05,1.0,1.0,0.0,0.0,0.0,268,35.65453338623047,fresh_online_exploration,16,18,1.0,1.0,9.916935920715332,2.5368599891662598,6.331504821777344
207648,77,1.0006026029586792,1.0006026029586792,1.0008708238601685,0.00026821892242878675,1.0,1.0,0.0,0.0,0.0,271,35.64535140991211,fresh_online_exploration,17,18,1.0,1.0,10.032703399658203,2.597822427749634,6.20428991317749
207936,36,1.002459168434143,1.002459168434143,1.0038636922836304,0.0014045286225154996,1.0,1.0,0.0,0.0,0.0,273,35.65142059326172,fresh_online_exploration,17,18,1.0,1.0,9.91351318359375,2.612161874771118,6.0596723556518555
208128,86,1.0056853294372559,1.0056853294372559,1.0073267221450806,0.0016413877019658685,1.0,1.0,0.0,0.0,0.0,270,35.75877380371094,fresh_online_exploration,17,18,1.0,1.0,9.95788288116455,2.5907974243164062,6.262825965881348
208416,91,1.002619981765747,1.002619981765747,1.002697229385376,7.723199087195098e-05,1.0,1.0,0.0,0.0,0.0,272,35.752471923828125,fresh_online_exploration,17,18,1.0,1.0,10.062353134155273,2.6359338760375977,6.165487766265869
208512,61,1.00030517578125,1.00030517578125,1.000871181488037,0.0005659367889165878,1.0,1.0,0.0,0.0,0.0,272,35.65638732910156,fresh_online_exploration,17,18,1.0,1.0,10.089611053466797,2.6268112659454346,6.139944076538086
208608,68,1.0050129890441895,1.0050129890441895,1.0052821636199951,0.00026912608882412314,1.0,1.0,0.0,0.0,0.0,274,35.847679138183594,fresh_online_exploration,17,18,1.0,1.0,9.877978324890137,2.657170534133911,6.112677574157715
208800,2,1.0024534463882446,1.0024534463882446,1.0037963390350342,0.0013427877565845847,1.0,1.0,0.0,0.0,0.0,269,35.645530700683594,fresh_online_exploration,17,18,1.0,1.0,9.95067310333252,2.663372039794922,6.258413791656494
208896,24,1.0012073516845703,1.0012073516845703,1.003352165222168,0.0021449050400406122,1.0,1.0,0.0,0.0,0.0,269,35.59617233276367,fresh_online_exploration,17,18,1.0,1.0,9.998068809509277,2.607541561126709,6.221495151519775
208896,46,1.0038797855377197,1.0038797855377197,1.0044320821762085,0.0005523001891560853,1.0,1.0,0.0,0.0,0.0,270,35.6849479675293,fresh_online_exploration,17,18,1.0,1.0,10.015106201171875,2.659968852996826,6.202063083648682
208896,63,1.0024917125701904,1.0024917125701904,1.0055983066558838,0.003106694668531418,1.0,1.0,0.0,0.0,0.0,272,35.6639289855957,fresh_online_exploration,17,18,1.0,1.0,10.084692001342773,2.6807122230529785,6.120354175567627
208992,4,1.0012023448944092,1.0012023448944092,1.0018608570098877,0.0006584846414625645,1.0,1.0,0.0,0.0,0.0,274,35.7206916809082,fresh_online_exploration,17,18,1.0,1.0,10.034265518188477,2.632335901260376,6.089017868041992
209088,60,1.0026400089263916,1.0026400089263916,1.0034946203231812,0.0008545542368665338,1.0,1.0,0.0,0.0,0.0,274,35.77626037597656,fresh_online_exploration,17,18,1.0,1.0,9.87244987487793,2.637847661972046,6.044046401977539
209184,25,1.0028026103973389,1.0028026103973389,1.0033156871795654,0.0005131269572302699,1.0,1.0,0.0,0.0,0.0,274,35.82229995727539,fresh_online_exploration,17,18,1.0,1.0,10.127278327941895,2.563243865966797,6.059584617614746
209280,11,1.003028392791748,1.003028392791748,1.003230333328247,0.00020197394769638777,1.0,1.0,0.0,0.0,0.0,271,35.70046615600586,fresh_online_exploration,17,18,1.0,1.0,9.983484268188477,2.6481804847717285,6.184539318084717
209280,89,1.0033835172653198,1.0033835172653198,1.0044606924057007,0.0010771647794172168,1.0,1.0,0.0,0.0,0.0,270,35.69169235229492,fresh_online_exploration,17,18,1.0,1.0,9.970369338989258,2.6317954063415527,6.272745609283447
209376,3,1.0012834072113037,1.0012834072113037,1.0017642974853516,0.0004808044177480042,1.0,1.0,0.0,0.0,0.0,270,35.61994171142578,fresh_online_exploration,17,18,1.0,1.0,10.063111305236816,2.6455345153808594,6.17257022857666
209472,64,1.0035638809204102,1.0035638809204102,1.0035738945007324,1.0062854926218279e-05,1.0,1.0,0.0,0.0,0.0,268,35.661399841308594,fresh_online_exploration,17,18,1.0,1.0,10.085909843444824,2.6602070331573486,6.37838077545166
209568,37,1.0034066438674927,1.0034066438674927,1.0037164688110352,0.0003097818698734045,1.0,1.0,0.0,0.0,0.0,271,35.76642990112305,fresh_online_exploration,17,18,1.0,1.0,10.024048805236816,2.6922686100006104,6.213037014007568
209760,15,1.0045497417449951,1.0045497417449951,1.0050538778305054,0.000504159543197602,1.0,1.0,0.0,0.0,0.0,274,35.861541748046875,fresh_online_exploration,17,18,1.0,1.0,10.053442001342773,2.606322765350342,6.118849754333496
209760,22,1.0048940181732178,1.0048940181732178,1.0051920413970947,0.0002980621939059347,1.0,1.0,0.0,0.0,0.0,273,35.80044937133789,fresh_online_exploration,17,18,1.0,1.0,10.04137134552002,2.6889655590057373,6.123050689697266
209760,76,1.0021930932998657,1.0021930932998657,1.0029551982879639,0.0007620368269272149,1.0,1.0,0.0,0.0,0.0,269,35.64719772338867,fresh_online_exploration,17,18,1.0,1.0,9.973915100097656,2.6614089012145996,6.314155101776123
209856,1,1.0026494264602661,1.0026494264602661,1.0027039051055908,5.444257112685591e-05,1.0,1.0,0.0,0.0,0.0,273,35.77524948120117,fresh_online_exploration,17,18,1.0,1.0,9.851635932922363,2.6653409004211426,6.178797721862793
209952,16,1.0001249313354492,1.0001249313354492,1.0020623207092285,0.001937482156790793,1.0,1.0,0.0,0.0,0.0,273,35.70140075683594,fresh_online_exploration,17,18,1.0,1.0,10.057220458984375,2.6531617641448975,6.0745415687561035
209952,29,1.0059963464736938,1.0059963464736938,1.0078380107879639,0.001841721124947071,1.0,1.0,0.0,0.0,0.0,273,35.83099365234375,fresh_online_exploration,17,18,1.0,1.0,9.990145683288574,2.652127981185913,6.149147033691406
209952,87,1.0028948783874512,1.0028948783874512,1.0033953189849854,0.0005004148697480559,1.0,1.0,0.0,0.0,0.0,268,35.67274475097656,fresh_online_exploration,17,18,1.0,1.0,9.86038589477539,2.641547203063965,6.284571647644043
210048,58,1.0036826133728027,1.0036826133728027,1.0070793628692627,0.00339666404761374,1.0,1.0,0.0,0.0,0.0,269,35.68467712402344,fresh_online_exploration,17,18,1.0,1.0,9.984929084777832,2.663684368133545,6.321633815765381
210048,88,1.003017783164978,1.003017783164978,1.0034048557281494,0.00038709279033355415,1.0,1.0,0.0,0.0,0.0,276,35.84652328491211,fresh_online_exploration,17,18,1.0,1.0,9.935556411743164,2.6522512435913086,5.9996256828308105
210144,44,1.0045804977416992,1.0045804977416992,1.0047084093093872,0.00012795807560905814,1.0,1.0,0.0,0.0,0.0,274,35.829345703125,fresh_online_exploration,17,18,1.0,1.0,9.91402530670166,2.646430253982544,6.118260383605957
210240,5,1.0030674934387207,1.0030674934387207,1.0038208961486816,0.0007533719763159752,1.0,1.0,0.0,0.0,0.0,273,35.75721740722656,fresh_online_exploration,17,18,1.0,1.0,10.015697479248047,2.6388657093048096,6.145050525665283
210240,9,1.0018649101257324,1.0018649101257324,1.0018750429153442,1.0173539521929342e-05,1.0,1.0,0.0,0.0,0.0,273,35.69252014160156,fresh_online_exploration,17,18,1.0,1.0,9.895078659057617,2.6290605068206787,6.135856628417969
210240,82,1.0030571222305298,1.0030571222305298,1.003096103668213,3.9052967622410506e-05,1.0,1.0,0.0,0.0,0.0,271,35.72223663330078,fresh_online_exploration,17,18,1.0,1.0,9.976821899414062,2.6557793617248535,6.20735502243042
210240,84,1.003899335861206,1.003899335861206,1.0039719343185425,7.261661085067317e-05,1.0,1.0,0.0,0.0,0.0,272,35.7303466796875,fresh_online_exploration,17,18,1.0,1.0,10.043102264404297,2.675060510635376,6.142364978790283
210336,23,1.004613995552063,1.004613995552063,1.0047924518585205,0.000178385031176731,1.0,1.0,0.0,0.0,0.0,270,35.72980499267578,fresh_online_exploration,17,18,1.0,1.0,10.011192321777344,2.669816493988037,6.289877414703369
210336,45,1.0015126466751099,1.0015126466751099,1.0016276836395264,0.00011501528206281364,1.0,1.0,0.0,0.0,0.0,274,35.77886962890625,fresh_online_exploration,17,18,1.0,1.0,10.048230171203613,2.6363608837127686,6.0294928550720215
210336,50,1.0006530284881592,1.0006530284881592,1.0022460222244263,0.0015929979272186756,1.0,1.0,0.0,0.0,0.0,271,35.69889831542969,fresh_online_exploration,17,18,1.0,1.0,9.96789264678955,2.6585116386413574,6.201074123382568
210336,54,1.002770185470581,1.002770185470581,1.002902626991272,0.00013241646229289472,1.0,1.0,0.0,0.0,0.0,274,35.7938117980957,fresh_online_exploration,17,18,1.0,1.0,10.01102066040039,2.6557865142822266,6.11455774307251
210336,71,1.0005159378051758,1.0005159378051758,1.0013113021850586,0.0007954457541927695,1.0,1.0,0.0,0.0,0.0,272,35.664859771728516,fresh_online_exploration,17,18,1.0,1.0,10.078432083129883,2.651340961456299,6.04323673248291
210432,30,1.005175232887268,1.005175232887268,1.0053462982177734,0.00017111700435634702,1.0,1.0,0.0,0.0,0.0,275,35.881858825683594,fresh_online_exploration,17,18,1.0,1.0,9.911760330200195,2.6353981494903564,6.099446773529053
210432,39,1.002218246459961,1.002218246459961,1.002294659614563,7.6435120718088e-05,1.0,1.0,0.0,0.0,0.0,274,35.775020599365234,fresh_online_exploration,17,18,1.0,1.0,10.001751899719238,2.6810696125030518,6.099030494689941
210432,79,1.0001463890075684,1.0001463890075684,1.0021865367889404,0.0020400509238243103,1.0,1.0,0.0,0.0,0.0,272,35.686317443847656,fresh_online_exploration,17,18,1.0,1.0,9.968572616577148,2.6623942852020264,6.1086249351501465
210528,75,1.0043247938156128,1.0043247938156128,1.0045311450958252,0.00020638226123992354,1.0,1.0,0.0,0.0,0.0,273,35.83674240112305,fresh_online_exploration,17,18,1.0,1.0,9.978153228759766,2.6664793491363525,6.141147613525391
210624,52,1.0002361536026,1.0002361536026,1.0008189678192139,0.0005827398272231221,1.0,1.0,0.0,0.0,0.0,277,35.821311950683594,fresh_online_exploration,17,18,1.0,1.0,9.707120895385742,2.6396567821502686,5.955368995666504
210720,12,1.0041835308074951,1.0041835308074951,1.0046329498291016,0.0004494227468967438,1.0,1.0,0.0,0.0,0.0,274,35.80040740966797,fresh_online_exploration,17,18,1.0,1.0,9.949061393737793,2.6564667224884033,6.164925575256348
210720,62,1.0028927326202393,1.0028927326202393,1.0037593841552734,0.0008665690547786653,1.0,1.0,0.0,0.0,0.0,273,35.77200698852539,fresh_online_exploration,17,18,1.0,1.0,9.8162841796875,2.671952247619629,6.174213409423828
210912,83,1.0008304119110107,1.0008304119110107,1.0008940696716309,6.366486195474863e-05,1.0,1.0,0.0,0.0,0.0,273,35.74375915527344,fresh_online_exploration,17,18,1.0,1.0,10.019641876220703,2.642657995223999,6.124753952026367
210912,85,1.004612922668457,1.004612922668457,1.0092496871948242,0.004636767785996199,1.0,1.0,0.0,0.0,0.0,276,35.88184356689453,fresh_online_exploration,17,18,1.0,1.0,9.96289348602295,2.6734087467193604,5.985132694244385
210912,94,1.0057199001312256,1.0057199001312256,1.0057698488235474,4.987589636584744e-05,1.0,1.0,0.0,0.0,0.0,274,35.85083770751953,fresh_online_exploration,17,18,1.0,1.0,9.89452075958252,2.6849756240844727,6.155356407165527
211008,40,1.0053117275238037,1.0053117275238037,1.0055656433105469,0.0002538921544328332,1.0,1.0,0.0,0.0,0.0,273,35.85415267944336,fresh_online_exploration,17,18,1.0,1.0,9.989006042480469,2.6711926460266113,6.14707612991333
211008,53,1.0009233951568604,1.0009233951568604,1.0022621154785156,0.0013387377839535475,1.0,1.0,0.0,0.0,0.0,277,35.79776382446289,fresh_online_exploration,17,18,1.0,1.0,9.942626953125,2.6837189197540283,5.944288730621338
211008,73,1.004909634590149,1.004909634590149,1.0050772428512573,0.0001675749517744407,1.0,1.0,0.0,0.0,0.0,276,35.90331268310547,fresh_online_exploration,17,18,1.0,1.0,9.938668251037598,2.6723709106445312,6.044217109680176
211104,51,1.0065397024154663,1.0065397024154663,1.0112223625183105,0.004682638216763735,1.0,1.0,0.0,0.0,0.0,272,35.73108673095703,fresh_online_exploration,17,18,1.0,1.0,9.985854148864746,2.7177534103393555,6.147570610046387
211104,65,1.0053690671920776,1.0053690671920776,1.0055067539215088,0.00013771270459983498,1.0,1.0,0.0,0.0,0.0,274,35.87710189819336,fresh_online_exploration,17,18,1.0,1.0,9.85550308227539,2.682934045791626,6.1028642654418945
211392,13,1.0032769441604614,1.0032769441604614,1.0033116340637207,3.470877345534973e-05,1.0,1.0,0.0,0.0,0.0,271,35.72154235839844,fresh_online_exploration,17,18,1.0,1.0,9.8779296875,2.692784547805786,6.216790199279785
211392,57,1.0018121004104614,1.0018121004104614,1.002350091934204,0.0005379296489991248,1.0,1.0,0.0,0.0,0.0,274,35.762447357177734,fresh_online_exploration,17,18,1.0,1.0,9.969289779663086,2.7100627422332764,6.108545780181885
211488,28,1.005660891532898,1.005660891532898,1.0056719779968262,1.116749808716122e-05,1.0,1.0,0.0,0.0,0.0,273,35.81758117675781,fresh_online_exploration,17,18,1.0,1.0,9.902843475341797,2.7176315784454346,6.161754608154297
211488,69,1.0056211948394775,1.0056211948394775,1.0057342052459717,0.00011306825035717338,1.0,1.0,0.0,0.0,0.0,272,35.824703216552734,fresh_online_exploration,17,18,1.0,1.0,9.961134910583496,2.6866137981414795,6.1686577796936035
211488,93,1.0009227991104126,1.0009227991104126,1.0025520324707031,0.0016293080989271402,1.0,1.0,0.0,0.0,0.0,270,35.636512756347656,fresh_online_exploration,17,18,1.0,1.0,9.865449905395508,2.6860623359680176,6.237569808959961
211584,34,1.0030860900878906,1.0030860900878906,1.0044798851013184,0.001393843092955649,1.0,1.0,0.0,0.0,0.0,272,35.761627197265625,fresh_online_exploration,17,18,1.0,1.0,9.942329406738281,2.7601077556610107,6.191043853759766
211584,35,1.0054329633712769,1.0054329633712769,1.0062062740325928,0.0007733625243417919,1.0,1.0,0.0,0.0,0.0,271,35.79485321044922,fresh_online_exploration,17,18,1.0,1.0,9.94030475616455,2.661233425140381,6.2848219871521
211680,27,1.0055699348449707,1.0055699348449707,1.0056438446044922,7.39753813832067e-05,1.0,1.0,0.0,0.0,0.0,276,35.93029022216797,fresh_online_exploration,17,18,1.0,1.0,9.828729629516602,2.6866796016693115,6.057860374450684
211680,32,1.0036741495132446,1.0036741495132446,1.0036945343017578,2.0349321857793257e-05,1.0,1.0,0.0,0.0,0.0,276,35.90289306640625,fresh_online_exploration,17,18,1.0,1.0,9.891883850097656,2.715818405151367,6.035282135009766
211680,95,1.0021222829818726,1.0021222829818726,1.0029582977294922,0.0008360453648492694,1.0,1.0,0.0,0.0,0.0,274,35.778648376464844,fresh_online_exploration,17,18,1.0,1.0,9.99432373046875,2.696615219116211,6.085508823394775
211776,6,1.001060962677002,1.001060962677002,1.0011472702026367,8.63104360178113e-05,1.0,1.0,0.0,0.0,0.0,272,35.691429138183594,fresh_online_exploration,17,18,1.0,1.0,9.94997501373291,2.6957006454467773,6.173978805541992
211872,90,1.0002529621124268,1.0002529621124268,1.0003445148468018,9.148315439233556e-05,1.0,1.0,0.0,0.0,0.0,277,35.82857131958008,fresh_online_exploration,17,18,1.0,1.0,9.777771949768066,2.7009336948394775,5.974849224090576
212064,49,1.0006778240203857,1.0006778240203857,1.002463459968567,0.0017856908962130547,1.0,1.0,0.0,0.0,0.0,277,35.8528938293457,fresh_online_exploration,17,18,1.0,1.0,9.769737243652344,2.7438650131225586,5.981509685516357
212064,70,1.0019381046295166,1.0019381046295166,1.0019543170928955,1.6297391994157806e-05,1.0,1.0,0.0,0.0,0.0,279,35.890140533447266,fresh_online_exploration,17,18,1.0,1.0,9.863031387329102,2.685020685195923,5.899167060852051
212160,26,1.0019478797912598,1.0019478797912598,1.001986026763916,3.813243893091567e-05,1.0,1.0,0.0,0.0,0.0,274,35.7856559753418,fresh_online_exploration,17,18,1.0,1.0,9.977166175842285,2.735457181930542,6.064025402069092
212256,7,1.0045486688613892,1.0045486688613892,1.0046695470809937,0.00012088016228517517,1.0,1.0,0.0,0.0,0.0,275,35.9102783203125,fresh_online_exploration,17,18,1.0,1.0,9.898509979248047,2.725954532623291,6.041212558746338
212256,18,1.0017365217208862,1.0017365217208862,1.0020666122436523,0.0003300823736935854,1.0,1.0,0.0,0.0,0.0,277,35.85383605957031,fresh_online_exploration,17,18,1.0,1.0,9.9337739944458,2.67250657081604,5.90981388092041
212352,72,1.0007508993148804,1.0007508993148804,1.0007750988006592,2.4189883333747275e-05,1.0,1.0,0.0,0.0,0.0,277,35.80509948730469,fresh_online_exploration,17,18,1.0,1.0,9.364896774291992,2.6952524185180664,5.88588285446167
212544,19,1.0006405115127563,1.0006405115127563,1.001842737197876,0.0012021688744425774,1.0,1.0,0.0,0.0,0.0,279,35.896114349365234,fresh_online_exploration,17,18,1.0,1.0,9.826050758361816,2.678394079208374,5.9216227531433105
212544,66,1.003345251083374,1.003345251083374,1.0033612251281738,1.590900865267031e-05,1.0,1.0,0.0,0.0,0.0,276,35.8770866394043,fresh_online_exploration,17,18,1.0,1.0,9.830828666687012,2.712087869644165,6.052760124206543
212736,47,1.0060619115829468,1.0060619115829468,1.0082107782363892,0.0021488298662006855,1.0,1.0,0.0,0.0,0.0,277,35.973793029785156,fresh_online_exploration,17,18,1.0,1.0,9.864066123962402,2.727062463760376,6.017858028411865
212736,59,1.002478003501892,1.002478003501892,1.0026216506958008,0.00014363393711391836,1.0,1.0,0.0,0.0,0.0,281,35.972171783447266,fresh_online_exploration,17,18,1.0,1.0,9.86099910736084,2.701333522796631,5.843179225921631
212736,78,1.0017160177230835,1.0017160177230835,1.0017454624176025,2.9525435820687562e-05,1.0,1.0,0.0,0.0,0.0,277,35.85784912109375,fresh_online_exploration,17,18,1.0,1.0,9.805877685546875,2.7034380435943604,5.978311061859131
212928,21,1.0032322406768799,1.0032322406768799,1.0032552480697632,2.3013677491690032e-05,1.0,1.0,0.0,0.0,0.0,271,35.68731689453125,fresh_online_exploration,17,18,1.0,1.0,9.763232231140137,2.753053665161133,6.222373008728027
212928,43,1.0057275295257568,1.0057275295257568,1.0058631896972656,0.00013572181342169642,1.0,1.0,0.0,0.0,0.0,277,35.936859130859375,fresh_online_exploration,17,18,1.0,1.0,9.867898941040039,2.744077682495117,6.012444972991943
213024,0,1.0040901899337769,1.0040901899337769,1.0045570135116577,0.0004668240144383162,1.0,1.0,0.0,0.0,0.0,278,35.92722702026367,fresh_online_exploration,17,18,1.0,1.0,9.765176773071289,2.7279927730560303,6.011466979980469
213024,42,1.0036076307296753,1.0036076307296753,1.0037181377410889,0.00011060183169320226,1.0,1.0,0.0,0.0,0.0,278,35.9271240234375,fresh_online_exploration,17,18,1.0,1.0,9.854024887084961,2.7303338050842285,5.96721076965332
213216,14,1.0018196105957031,1.0018196105957031,1.0029572248458862,0.0011376256588846445,1.0,1.0,0.0,0.0,0.0,279,35.92446517944336,fresh_online_exploration,17,18,1.0,1.0,9.794940948486328,2.7234127521514893,5.891965866088867
213216,17,1.0008161067962646,1.0008161067962646,1.0031583309173584,0.0023422737140208483,1.0,1.0,0.0,0.0,0.0,273,35.719024658203125,fresh_online_exploration,17,18,1.0,1.0,9.845574378967285,2.710034132003784,6.1196818351745605
213312,38,1.000022530555725,1.000022530555725,1.0000402927398682,1.7758053218130954e-05,1.0,1.0,0.0,0.0,0.0,279,35.89678955078125,fresh_online_exploration,17,18,1.0,1.0,9.863049507141113,2.7391602993011475,5.869874954223633
213408,10,1.0017958879470825,1.0017958879470825,1.0019865036010742,0.0001905556709971279,1.0,1.0,0.0,0.0,0.0,287,36.046688079833984,fresh_online_exploration,17,18,1.0,1.0,9.664482116699219,2.731323003768921,5.411893844604492
213504,55,1.0013773441314697,1.0013773441314697,1.0224523544311523,0.021075012162327766,1.0,1.0,0.0,0.0,0.0,281,35.85443878173828,fresh_online_exploration,17,18,0.9967213094234467,0.9672130942344666,9.8049955368042,2.767282724380493,5.934413909912109
213696,74,1.000389575958252,1.000389575958252,1.001028299331665,0.0006387450266629457,1.0,1.0,0.0,0.0,0.0,276,35.82103729248047,fresh_online_exploration,17,18,1.0,1.0,9.917112350463867,2.7542898654937744,5.972011089324951
213792,48,1.0000241994857788,1.0000241994857788,1.0002820491790771,0.00025791474035941064,1.0,1.0,0.0,0.0,0.0,279,35.87831115722656,fresh_online_exploration,17,18,1.0,1.0,9.700996398925781,2.7043018341064453,5.903533935546875
214368,41,1.0020345449447632,1.0020345449447632,1.0020802021026611,4.5612407120643184e-05,1.0,1.0,0.0,0.0,0.0,276,35.8262939453125,fresh_online_exploration,17,18,1.0,1.0,9.910749435424805,2.763895034790039,6.01214599609375
214368,56,1.0014700889587402,1.0014700889587402,1.0022609233856201,0.0007908885017968714,1.0,1.0,0.0,0.0,0.0,277,35.85978698730469,fresh_online_exploration,17,18,1.0,1.0,9.917571067810059,2.7585203647613525,5.985621929168701
214464,31,1.0056662559509277,1.0056662559509277,1.0088287591934204,0.0031625812407583,1.0,1.0,0.0,0.0,0.0,281,36.05382537841797,fresh_online_exploration,17,18,1.0,1.0,9.688436508178711,2.7333412170410156,5.829519748687744
214560,80,1.0012365579605103,1.0012365579605103,1.001253604888916,1.7083268176065758e-05,1.0,1.0,0.0,0.0,0.0,273,35.76885223388672,fresh_online_exploration,17,18,1.0,1.0,9.81341552734375,2.7336740493774414,6.165529251098633
216096,67,1.0037769079208374,1.0037769079208374,1.0038765668869019,9.965147910406813e-05,1.0,1.0,0.0,0.0,0.0,282,36.02878189086914,fresh_online_exploration,17,18,1.0,1.0,9.807098388671875,2.802494525909424,5.781402111053467
216768,81,1.0034260749816895,1.0034260749816895,1.0035881996154785,0.00016218532982748002,1.0,1.0,0.0,0.0,0.0,283,36.10847473144531,fresh_online_exploration,17,18,1.0,1.0,9.551766395568848,2.8135554790496826,5.690515041351318
217440,8,1.0031431913375854,1.0031431913375854,1.017369031906128,0.014225964434444904,1.0,1.0,0.0,0.0,0.0,288,36.11391067504883,fresh_online_exploration,17,18,1.0,1.0,9.499368667602539,2.8130602836608887,5.6235785484313965
218880,20,1.0030122995376587,1.0030122995376587,1.0208975076675415,0.01788521744310856,1.0,1.0,0.0,0.0,0.0,281,35.86597442626953,fresh_online_exploration,17,18,1.0,1.0,9.81587028503418,2.6296753883361816,5.839371681213379
231360,33,1.0005549192428589,1.0005549192428589,1.0006300210952759,7.514263415941969e-05,1.0,1.0,0.0,0.0,0.0,270,35.639888763427734,fresh_online_exploration,18,20,1.0,1.0,9.875157356262207,2.972353935241699,6.1719279289245605
231360,92,1.0009959936141968,1.0009959936141968,1.0010204315185547,2.44398252107203e-05,1.0,1.0,0.0,0.0,0.0,273,35.741905212402344,fresh_online_exploration,18,20,1.0,1.0,10.066361427307129,2.9397993087768555,6.120978832244873
233376,77,1.0022600889205933,1.0022600889205933,1.0048701763153076,0.0026101490948349237,1.0,1.0,0.0,0.0,0.0,268,35.63018798828125,fresh_online_exploration,18,20,1.0,1.0,10.026844024658203,3.0392873287200928,6.289012432098389
234336,86,1.0026918649673462,1.0026918649673462,1.0069396495819092,0.004247870296239853,1.0,1.0,0.0,0.0,0.0,273,35.78981399536133,fresh_online_exploration,18,20,1.0,1.0,9.977128982543945,3.0161874294281006,6.1431708335876465
234528,36,1.0026826858520508,1.0026826858520508,1.0033695697784424,0.0006868646596558392,1.0,1.0,0.0,0.0,0.0,277,35.811981201171875,fresh_online_exploration,18,20,1.0,1.0,10.06638240814209,3.007305860519409,5.94512939453125
234624,68,1.005216360092163,1.005216360092163,1.0053106546401978,9.42739425227046e-05,1.0,1.0,0.0,0.0,0.0,271,35.75917434692383,fresh_online_exploration,18,20,1.0,1.0,10.121155738830566,3.0635809898376465,6.252982139587402
234720,61,1.0008435249328613,1.0008435249328613,1.0009404420852661,9.694926120573655e-05,1.0,1.0,0.0,0.0,0.0,273,35.69622039794922,fresh_online_exploration,18,20,1.0,1.0,10.107342720031738,3.0299675464630127,6.091685771942139
234720,63,1.000944972038269,1.000944972038269,1.0009562969207764,1.1395604815334082e-05,1.0,1.0,0.0,0.0,0.0,269,35.581058502197266,fresh_online_exploration,18,20,1.0,1.0,10.096975326538086,3.027308464050293,6.2744011878967285
234720,91,1.0035574436187744,1.0035574436187744,1.0035936832427979,3.6170757084619254e-05,1.0,1.0,0.0,0.0,0.0,274,35.867340087890625,fresh_online_exploration,18,20,1.0,1.0,10.068538665771484,3.0191590785980225,6.074678421020508
234816,46,1.003812313079834,1.003812313079834,1.0041686296463013,0.0003563248901627958,1.0,1.0,0.0,0.0,0.0,270,35.655479431152344,fresh_online_exploration,18,20,1.0,1.0,10.140217781066895,3.047191858291626,6.1813225746154785
235104,4,1.0016378164291382,1.0016378164291382,1.0034899711608887,0.0018521968740969896,1.0,1.0,0.0,0.0,0.0,272,35.68714141845703,fresh_online_exploration,18,20,1.0,1.0,10.000614166259766,3.028907537460327,6.158988952636719
235104,25,1.003767490386963,1.003767490386963,1.0049104690551758,0.0011429814621806145,1.0,1.0,0.0,0.0,0.0,270,35.689090728759766,fresh_online_exploration,18,20,1.0,1.0,10.058003425598145,3.0714406967163086,6.289926528930664
235200,11,1.002311110496521,1.002311110496521,1.0023295879364014,1.843499376263935e-05,1.0,1.0,0.0,0.0,0.0,270,35.65693664550781,fresh_online_exploration,18,20,1.0,1.0,10.097460746765137,3.02266526222229,6.248639106750488
235200,24,1.0010616779327393,1.0010616779327393,1.0012816190719604,0.00021992334222886711,1.0,1.0,0.0,0.0,0.0,274,35.73897933959961,fresh_online_exploration,18,20,1.0,1.0,10.076619148254395,3.031670093536377,6.073551177978516
235200,60,1.0030367374420166,1.0030367374420166,1.0031898021697998,0.00015312846517190337,1.0,1.0,0.0,0.0,0.0,272,35.7200927734375,fresh_online_exploration,18,20,1.0,1.0,10.075492858886719,3.0313053131103516,6.12476110458374
235200,64,1.0000070333480835,1.0000070333480835,1.0010533332824707,0.001046204473823309,1.0,1.0,0.0,0.0,0.0,268,35.603973388671875,fresh_online_exploration,18,20,1.0,1.0,10.070165634155273,3.058303117752075,6.31729793548584
235392,2,1.0015802383422852,1.0015802383422852,1.0037105083465576,0.0021302716340869665,1.0,1.0,0.0,0.0,0.0,277,35.85395812988281,fresh_online_exploration,18,20,1.0,1.0,10.007863998413086,3.0398154258728027,5.989573955535889
235584,22,1.0035526752471924,1.0035526752471924,1.0049824714660645,0.0014297340530902147,1.0,1.0,0.0,0.0,0.0,269,35.629032135009766,fresh_online_exploration,18,20,1.0,1.0,10.140501022338867,3.0870797634124756,6.25790548324585
235680,3,1.0010998249053955,1.0010998249053955,1.0012738704681396,0.00017405423568561673,1.0,1.0,0.0,0.0,0.0,274,35.680755615234375,fresh_online_exploration,18,20,1.0,1.0,9.990082740783691,3.0609936714172363,6.07808780670166
235776,89,1.0012736320495605,1.0012736320495605,1.0014801025390625,0.00020640194998122752,1.0,1.0,0.0,0.0,0.0,276,35.84681701660156,fresh_online_exploration,18,20,1.0,1.0,9.902880668640137,3.039410352706909,6.0560197830200195
235872,58,1.0057305097579956,1.0057305097579956,1.0057463645935059,1.5816740415175445e-05,1.0,1.0,0.0,0.0,0.0,269,35.74099349975586,fresh_online_exploration,18,20,1.0,1.0,9.959701538085938,2.8455328941345215,6.359872341156006
236064,76,1.000004529953003,1.000004529953003,1.0003714561462402,0.0003668467979878187,1.0,1.0,0.0,0.0,0.0,274,35.76328659057617,fresh_online_exploration,18,20,1.0,1.0,9.941871643066406,3.054389715194702,6.078197002410889
236064,88,1.003619909286499,1.003619909286499,1.0166704654693604,0.01305065955966711,1.0,1.0,0.0,0.0,0.0,271,35.65690994262695,fresh_online_exploration,18,20,1.0,1.0,10.003401756286621,2.864123582839966,6.244837760925293
236160,5,1.0051521062850952,1.0051521062850952,1.0054864883422852,0.0003343427670188248,1.0,1.0,0.0,0.0,0.0,270,35.70973587036133,fresh_online_exploration,18,20,1.0,1.0,10.047006607055664,2.8345959186553955,6.241158485412598
236160,37,1.000327229499817,1.000327229499817,1.0005290508270264,0.00020184606546536088,1.0,1.0,0.0,0.0,0.0,277,35.80870819091797,fresh_online_exploration,18,20,1.0,1.0,9.998684883117676,3.0456109046936035,5.976437568664551
236160,87,1.0046205520629883,1.0046205520629883,1.0062090158462524,0.001588553423061967,1.0,1.0,0.0,0.0,0.0,273,35.836727142333984,fresh_online_exploration,18,20,1.0,1.0,10.012882232666016,3.0679025650024414,6.157382488250732
236256,1,1.0043069124221802,1.0043069124221802,1.0073041915893555,0.002997330855578184,1.0,1.0,0.0,0.0,0.0,275,35.831634521484375,fresh_online_exploration,18,20,1.0,1.0,10.028915405273438,3.0503909587860107,6.085478782653809
236256,29,1.0011433362960815,1.0011433362960815,1.0012269020080566,8.360068022739142e-05,1.0,1.0,0.0,0.0,0.0,274,35.76881790161133,fresh_online_exploration,18,20,1.0,1.0,10.0984525680542,3.098249673843384,6.082881927490234
236352,45,1.001829743385315,1.001829743385315,1.0018974542617798,6.771445623598993e-05,1.0,1.0,0.0,0.0,0.0,271,35.69383239746094,fresh_online_exploration,18,20,1.0,1.0,10.033121109008789,2.803248167037964,6.215374946594238
236352,82,1.0044476985931396,1.0044476985931396,1.0055644512176514,0.0011166826589033008,1.0,1.0,0.0,0.0,0.0,272,35.776123046875,fresh_online_exploration,18,20,1.0,1.0,10.029463768005371,2.824580192565918,6.1912007331848145
236544,15,1.0029622316360474,1.0029622316360474,1.0057669878005981,0.0028047573287039995,1.0,1.0,0.0,0.0,0.0,279,35.95183181762695,fresh_online_exploration,18,20,1.0,1.0,9.757681846618652,3.076364278793335,5.660309314727783
236544,23,1.0037167072296143,1.0037167072296143,1.0037336349487305,1.6945430616033264e-05,1.0,1.0,0.0,0.0,0.0,273,35.80879592895508,fresh_online_exploration,18,20,1.0,1.0,10.111968040466309,2.811955690383911,6.144263744354248
236544,39,1.0015395879745483,1.0015395879745483,1.0015699863433838,3.034810106328223e-05,1.0,1.0,0.0,0.0,0.0,272,35.718017578125,fresh_online_exploration,18,20,1.0,1.0,10.080953598022461,2.823559045791626,6.176650047302246
236544,50,1.0050976276397705,1.0050976276397705,1.0067129135131836,0.00161528040189296,1.0,1.0,0.0,0.0,0.0,273,35.86336135864258,fresh_online_exploration,18,20,1.0,1.0,10.087775230407715,2.8332109451293945,6.164402961730957
236544,54,1.0007137060165405,1.0007137060165405,1.0032631158828735,0.002549374708905816,1.0,1.0,0.0,0.0,0.0,273,35.75199890136719,fresh_online_exploration,18,20,1.0,1.0,9.93419075012207,2.835522174835205,6.128046989440918
236640,9,1.004030466079712,1.004030466079712,1.004296064376831,0.00026564826839603484,1.0,1.0,0.0,0.0,0.0,275,35.868839263916016,fresh_online_exploration,18,20,1.0,1.0,9.982375144958496,2.8099114894866943,6.038654327392578
236640,16,1.0010097026824951,1.0010097026824951,1.0011030435562134,9.338739619124681e-05,1.0,1.0,0.0,0.0,0.0,278,35.847900390625,fresh_online_exploration,18,20,1.0,1.0,9.968182563781738,3.0809121131896973,5.919651508331299
236640,44,1.0014276504516602,1.0014276504516602,1.0043678283691406,0.0029402205254882574,1.0,1.0,0.0,0.0,0.0,276,35.8050537109375,fresh_online_exploration,18,20,1.0,1.0,9.920089721679688,2.8361382484436035,5.953177452087402
236640,71,1.0015223026275635,1.0015223026275635,1.0018706321716309,0.00034833833342418075,1.0,1.0,0.0,0.0,0.0,274,35.74748992919922,fresh_online_exploration,18,20,1.0,1.0,9.968409538269043,2.8316378593444824,6.091893196105957
236736,75,1.0004048347473145,1.0004048347473145,1.0008949041366577,0.0004900370258837938,1.0,1.0,0.0,0.0,0.0,273,35.674522399902344,fresh_online_exploration,18,20,1.0,1.0,10.056183815002441,2.8645968437194824,6.121804237365723
236928,52,1.0015277862548828,1.0015277862548828,1.0019023418426514,0.000374465249478817,1.0,1.0,0.0,0.0,0.0,274,35.77493667602539,fresh_online_exploration,18,20,1.0,1.0,9.916823387145996,2.8494911193847656,6.085378646850586
237024,30,1.0026761293411255,1.0026761293411255,1.0034143924713135,0.0007382064359262586,1.0,1.0,0.0,0.0,0.0,277,35.86140441894531,fresh_online_exploration,18,20,1.0,1.0,10.030449867248535,2.8234434127807617,5.989707946777344
237024,79,1.004879117012024,1.004879117012024,1.0050333738327026,0.00015426806930918247,1.0,1.0,0.0,0.0,0.0,277,35.92793273925781,fresh_online_exploration,18,20,1.0,1.0,9.995574951171875,2.827864646911621,5.9955973625183105
237120,12,1.000027060508728,1.000027060508728,1.0001424551010132,0.00011537100363057107,1.0,1.0,0.0,0.0,0.0,275,35.75096893310547,fresh_online_exploration,18,20,1.0,1.0,10.044516563415527,2.837942123413086,6.006564617156982
237120,53,1.0014735460281372,1.0014735460281372,1.002374291419983,0.0009008104098029435,1.0,1.0,0.0,0.0,0.0,272,35.6594352722168,fresh_online_exploration,18,20,1.0,1.0,10.01009750366211,2.8751742839813232,6.174228668212891
237120,84,1.0024524927139282,1.0024524927139282,1.002962350845337,0.0005097990506328642,1.0,1.0,0.0,0.0,0.0,280,35.83864974975586,fresh_online_exploration,18,20,1.0,1.0,10.079264640808105,2.8304929733276367,5.836219787597656
237216,62,1.0054726600646973,1.0054726600646973,1.0077028274536133,0.0022302395664155483,1.0,1.0,0.0,0.0,0.0,276,35.91412353515625,fresh_online_exploration,18,20,1.0,1.0,9.958331108093262,2.8449978828430176,6.083288669586182
237312,65,1.0022695064544678,1.0022695064544678,1.002575397491455,0.00030589773086830974,1.0,1.0,0.0,0.0,0.0,273,35.7413444519043,fresh_online_exploration,18,20,1.0,1.0,9.989644050598145,2.859837055206299,6.107677459716797
237312,73,1.0039795637130737,1.0039795637130737,1.0150202512741089,0.0110405795276165,1.0,1.0,0.0,0.0,0.0,274,35.796478271484375,fresh_online_exploration,18,20,1.0,1.0,10.01253890991211,2.860950231552124,6.136394500732422
237408,51,1.0012555122375488,1.0012555122375488,1.0020859241485596,0.0008304695948027074,1.0,1.0,0.0,0.0,0.0,274,35.73051452636719,fresh_online_exploration,18,20,1.0,1.0,10.119908332824707,2.8228065967559814,6.078369140625
237408,94,1.0053646564483643,1.0053646564483643,1.0053775310516357,1.2878460438514594e-05,1.0,1.0,0.0,0.0,0.0,276,35.871246337890625,fresh_online_exploration,18,20,1.0,1.0,10.087360382080078,2.816559314727783,6.038157939910889
237504,83,1.0026769638061523,1.0026769638061523,1.0034940242767334,0.0008170574437826872,1.0,1.0,0.0,0.0,0.0,277,35.878265380859375,fresh_online_exploration,18,20,1.0,1.0,10.067090034484863,2.8206593990325928,5.976122856140137
237504,93,1.0004854202270508,1.0004854202270508,1.0005991458892822,0.00011371169239282608,1.0,1.0,0.0,0.0,0.0,271,35.71994400024414,fresh_online_exploration,18,20,1.0,1.0,10.016495704650879,2.8307597637176514,6.1711859703063965
237600,40,1.0040723085403442,1.0040723085403442,1.0043401718139648,0.0002678110613487661,1.0,1.0,0.0,0.0,0.0,277,35.89680480957031,fresh_online_exploration,18,20,1.0,1.0,9.904159545898438,2.8506929874420166,5.9715352058410645
237600,57,1.0028269290924072,1.0028269290924072,1.004370927810669,0.001544001279398799,1.0,1.0,0.0,0.0,0.0,273,35.83137130737305,fresh_online_exploration,18,20,1.0,1.0,10.045756340026855,2.838665246963501,6.117663860321045
237696,69,1.0059807300567627,1.0059807300567627,1.0064160823822021,0.0004353440599516034,1.0,1.0,0.0,0.0,0.0,273,35.81066131591797,fresh_online_exploration,18,20,1.0,1.0,9.99604320526123,2.8449251651763916,6.156431198120117
237696,85,1.0018728971481323,1.0018728971481323,1.0034950971603394,0.0016222242265939713,1.0,1.0,0.0,0.0,0.0,279,35.89714813232422,fresh_online_exploration,18,20,1.0,1.0,10.01186752319336,2.8312971591949463,5.900949954986572
237792,6,1.0044662952423096,1.0044662952423096,1.0045112371444702,4.49678445875179e-05,1.0,1.0,0.0,0.0,0.0,271,35.77354049682617,fresh_online_exploration,18,20,1.0,1.0,10.012417793273926,2.847158670425415,6.2229204177856445
237792,13,1.002214789390564,1.002214789390564,1.002229928970337,1.5140450159378815e-05,1.0,1.0,0.0,0.0,0.0,275,35.818721771240234,fresh_online_exploration,18,20,1.0,1.0,9.97107982635498,2.8452844619750977,6.035823822021484
237888,28,1.0002222061157227,1.0002222061157227,1.0003540515899658,0.00013185264833737165,1.0,1.0,0.0,0.0,0.0,275,35.81048583984375,fresh_online_exploration,18,20,1.0,1.0,9.787100791931152,2.834066867828369,6.055947303771973
238080,27,1.0013179779052734,1.0013179779052734,1.0013279914855957,1.0091176591231488e-05,1.0,1.0,0.0,0.0,0.0,275,35.81376647949219,fresh_online_exploration,18,20,1.0,1.0,9.890122413635254,2.8575937747955322,6.0298237800598145
238080,35,1.0002127885818481,1.0002127885818481,1.0004222393035889,0.00020937428053002805,1.0,1.0,0.0,0.0,0.0,276,35.76304244995117,fresh_online_exploration,18,20,1.0,1.0,10.038589477539062,2.868670701980591,5.975794792175293
238176,34,1.0017565488815308,1.0017565488815308,1.001845121383667,8.859233639668673e-05,1.0,1.0,0.0,0.0,0.0,277,35.860443115234375,fresh_online_exploration,18,20,1.0,1.0,9.935099601745605,2.862739324569702,5.987696170806885
238272,32,1.002690315246582,1.002690315246582,1.0029352903366089,0.00024499199935235083,1.0,1.0,0.0,0.0,0.0,277,35.88932800292969,fresh_online_exploration,18,20,1.0,1.0,9.907848358154297,2.8747901916503906,5.947314262390137
238368,90,1.0021123886108398,1.0021123886108398,1.0024529695510864,0.0003405681054573506,1.0,1.0,0.0,0.0,0.0,276,35.79542541503906,fresh_online_exploration,18,20,1.0,1.0,9.965021133422852,2.8970766067504883,6.013722896575928
238464,26,1.0012959241867065,1.0012959241867065,1.0014379024505615,0.00014193137758411467,1.0,1.0,0.0,0.0,0.0,274,35.759788513183594,fresh_online_exploration,18,20,1.0,1.0,10.012014389038086,2.877674102783203,6.074817180633545
238464,95,1.003460168838501,1.003460168838501,1.0038167238235474,0.00035652072983793914,1.0,1.0,0.0,0.0,0.0,279,35.90776062011719,fresh_online_exploration,18,20,1.0,1.0,9.937276840209961,2.8540804386138916,5.932916164398193
238560,49,1.0033808946609497,1.0033808946609497,1.003448486328125,6.752469198545441e-05,1.0,1.0,0.0,0.0,0.0,276,35.873130798339844,fresh_online_exploration,18,20,1.0,1.0,9.961135864257812,2.820143699645996,6.018139839172363
238656,7,1.0008933544158936,1.0008933544158936,1.0009732246398926,7.993626059032977e-05,1.0,1.0,0.0,0.0,0.0,275,35.783267974853516,fresh_online_exploration,18,20,1.0,1.0,9.982638359069824,2.89300799369812,6.027753829956055
238752,70,1.0047348737716675,1.0047348737716675,1.005134105682373,0.00039926590397953987,1.0,1.0,0.0,0.0,0.0,278,35.91846466064453,fresh_online_exploration,18,20,1.0,1.0,9.95392894744873,2.8212647438049316,5.970537185668945
238752,72,1.0030866861343384,1.0030866861343384,1.0262256860733032,0.02313891239464283,1.0,1.0,0.0,0.0,0.0,275,35.74052810668945,fresh_online_exploration,18,20,0.9951086938381195,0.9510869383811951,9.982901573181152,2.8792920112609863,6.125528812408447
238848,19,1.0034217834472656,1.0034217834472656,1.003576397895813,0.00015460904978681356,1.0,1.0,0.0,0.0,0.0,274,35.795108795166016,fresh_online_exploration,18,20,1.0,1.0,10.065070152282715,2.893120527267456,6.053746700286865
238944,66,1.0009466409683228,1.0009466409683228,1.0009632110595703,1.6570569641771726e-05,1.0,1.0,0.0,0.0,0.0,275,35.79479217529297,fresh_online_exploration,18,20,1.0,1.0,9.966110229492188,2.8881497383117676,6.0481109619140625
239424,47,1.0038180351257324,1.0038180351257324,1.0050477981567383,0.0012297055218368769,1.0,1.0,0.0,0.0,0.0,278,35.91291427612305,fresh_online_exploration,18,20,1.0,1.0,9.926630973815918,2.9006519317626953,5.956942558288574
239424,78,1.0007935762405396,1.0007935762405396,1.0008630752563477,6.951868999749422e-05,1.0,1.0,0.0,0.0,0.0,278,35.8626594543457,fresh_online_exploration,18,20,1.0,1.0,9.957738876342773,2.8844141960144043,5.879700660705566
239616,21,1.004317045211792,1.004317045211792,1.0049481391906738,0.0006310205790214241,1.0,1.0,0.0,0.0,0.0,278,35.92369079589844,fresh_online_exploration,18,20,1.0,1.0,9.765487670898438,2.8778905868530273,6.0026984214782715
239616,42,1.003211498260498,1.003211498260498,1.004199743270874,0.0009882483864203095,1.0,1.0,0.0,0.0,0.0,277,35.89689636230469,fresh_online_exploration,18,20,1.0,1.0,9.864559173583984,2.862579345703125,6.0133795738220215
239808,17,1.005650281906128,1.005650281906128,1.006387710571289,0.0007374306442216039,1.0,1.0,0.0,0.0,0.0,277,35.920326232910156,fresh_online_exploration,18,20,1.0,1.0,9.91678237915039,2.8867318630218506,5.990666389465332
239808,43,1.0044620037078857,1.0044620037078857,1.0068025588989258,0.002340617123991251,1.0,1.0,0.0,0.0,0.0,280,35.96536636352539,fresh_online_exploration,18,20,1.0,1.0,9.91901683807373,2.9027767181396484,5.945340633392334
239904,18,1.0001224279403687,1.0001224279403687,1.000510573387146,0.0003881608718074858,1.0,1.0,0.0,0.0,0.0,288,36.018470764160156,fresh_online_exploration,18,20,1.0,1.0,9.70967960357666,2.88848614692688,5.354761123657227
239904,55,1.00403892993927,1.00403892993927,1.0045478343963623,0.0005089574842713773,1.0,1.0,0.0,0.0,0.0,275,35.833404541015625,fresh_online_exploration,18,20,1.0,1.0,10.107742309570312,2.9194319248199463,6.103109836578369
240096,0,1.0040879249572754,1.0040879249572754,1.004229187965393,0.00014125494635663927,1.0,1.0,0.0,0.0,0.0,282,36.048927307128906,fresh_online_exploration,18,20,1.0,1.0,9.762689590454102,2.8837146759033203,5.809673309326172
240096,59,1.0030150413513184,1.0030150413513184,1.0030322074890137,1.7120555639849044e-05,1.0,1.0,0.0,0.0,0.0,285,36.081634521484375,fresh_online_exploration,18,20,1.0,1.0,9.81536865234375,2.843104362487793,5.704463005065918
240192,38,1.002490520477295,1.002490520477295,1.0028915405273438,0.00040097066084854305,1.0,1.0,0.0,0.0,0.0,280,35.92966842651367,fresh_online_exploration,18,20,1.0,1.0,9.966601371765137,2.906715154647827,5.881972312927246
240480,48,1.0018067359924316,1.0018067359924316,1.0025644302368164,0.0007576939533464611,1.0,1.0,0.0,0.0,0.0,278,35.900474548339844,fresh_online_exploration,18,20,1.0,1.0,9.730916023254395,2.8866286277770996,5.997028827667236
240576,14,1.0033901929855347,1.0033901929855347,1.0044474601745605,0.0010572560131549835,1.0,1.0,0.0,0.0,0.0,285,36.10393524169922,fresh_online_exploration,18,20,1.0,1.0,9.713325500488281,2.8740715980529785,5.686257362365723
240768,41,1.004442811012268,1.004442811012268,1.004470705986023,2.7931228032684885e-05,1.0,1.0,0.0,0.0,0.0,275,35.812129974365234,fresh_online_exploration,18,20,1.0,1.0,9.974101066589355,2.9446542263031006,6.0388593673706055
240768,56,1.0019158124923706,1.0019158124923706,1.0019270181655884,1.1210810043849051e-05,1.0,1.0,0.0,0.0,0.0,275,35.803466796875,fresh_online_exploration,18,20,1.0,1.0,9.958040237426758,2.9522793292999268,6.102038860321045
241152,74,1.0035847425460815,1.0035847425460815,1.0036489963531494,6.426079926313832e-05,1.0,1.0,0.0,0.0,0.0,286,36.120826721191406,fresh_online_exploration,18,20,1.0,1.0,9.794811248779297,2.9005281925201416,5.684564590454102
241440,80,1.005855917930603,1.005855917930603,1.0078692436218262,0.0020132435020059347,1.0,1.0,0.0,0.0,0.0,280,36.013580322265625,fresh_online_exploration,18,20,1.0,1.0,9.930350303649902,2.9285011291503906,5.894164562225342
241536,10,1.002017855644226,1.002017855644226,1.0040827989578247,0.002064924221485853,1.0,1.0,0.0,0.0,0.0,293,36.23628234863281,fresh_online_exploration,18,20,1.0,1.0,9.704080581665039,2.9274349212646484,5.204222679138184
241824,31,1.0008573532104492,1.0008573532104492,1.0009050369262695,4.769588849740103e-05,1.0,1.0,0.0,0.0,0.0,285,36.04389190673828,fresh_online_exploration,18,20,1.0,1.0,9.667296409606934,2.9315826892852783,5.6571574211120605
243360,81,1.0017242431640625,1.0017242431640625,1.0029566287994385,0.001232400187291205,1.0,1.0,0.0,0.0,0.0,277,35.81289291381836,fresh_online_exploration,18,20,1.0,1.0,9.911788940429688,2.9795994758605957,5.941639423370361
243840,67,1.0000289678573608,1.0000289678573608,1.007352352142334,0.007323260419070721,1.0,1.0,0.0,0.0,0.0,289,36.063575744628906,fresh_online_exploration,18,20,1.0,1.0,9.676315307617188,2.989335298538208,5.521360397338867
245184,8,1.002219557762146,1.002219557762146,1.0022374391555786,1.7890703020384535e-05,1.0,1.0,0.0,0.0,0.0,289,36.17252731323242,fresh_online_exploration,18,20,1.0,1.0,9.701248168945312,2.9747111797332764,5.510648727416992
247008,20,1.0023220777511597,1.0023220777511597,1.0051054954528809,0.002783410716801882,1.0,1.0,0.0,0.0,0.0,293,36.14943313598633,fresh_online_exploration,18,20,1.0,1.0,9.548582077026367,3.0362348556518555,5.150136470794678
257568,92,1.003470778465271,1.003470778465271,1.0076258182525635,0.00415502255782485,1.0,1.0,0.0,0.0,0.0,273,35.74651336669922,fresh_online_exploration,20,20,1.0,1.0,10.227646827697754,3.378700017929077,6.118223667144775
258048,33,1.0032312870025635,1.0032312870025635,1.0033836364746094,0.00015229695418383926,1.0,1.0,0.0,0.0,0.0,278,35.90060806274414,fresh_online_exploration,20,20,1.0,1.0,10.10770320892334,3.34987473487854,5.930601596832275
259392,77,1.0038419961929321,1.0038419961929321,1.0059840679168701,0.0021421127021312714,1.0,1.0,0.0,0.0,0.0,271,35.71577072143555,fresh_online_exploration,20,20,1.0,1.0,10.195555686950684,3.386897563934326,6.203429698944092
260544,91,1.0031009912490845,1.0031009912490845,1.003711223602295,0.0006102571496739984,1.0,1.0,0.0,0.0,0.0,269,35.63511657714844,fresh_online_exploration,20,21,1.0,1.0,10.179877281188965,3.403870105743408,6.2729339599609375
260640,68,1.0049985647201538,1.0049985647201538,1.0050570964813232,5.847495049238205e-05,1.0,1.0,0.0,0.0,0.0,271,35.77722930908203,fresh_online_exploration,20,21,1.0,1.0,10.161632537841797,3.4308111667633057,6.238629341125488
260640,86,1.0021322965621948,1.0021322965621948,1.003644347190857,0.0015120682073757052,1.0,1.0,0.0,0.0,0.0,274,35.797340393066406,fresh_online_exploration,20,21,1.0,1.0,10.234516143798828,3.414222002029419,6.055841445922852
260736,36,1.001793622970581,1.001793622970581,1.003718614578247,0.0019249566830694675,1.0,1.0,0.0,0.0,0.0,273,35.683834075927734,fresh_online_exploration,20,21,1.0,1.0,10.156428337097168,3.3926472663879395,6.064275741577148
260736,61,1.0027602910995483,1.0027602910995483,1.0028712749481201,0.00011095533409388736,1.0,1.0,0.0,0.0,0.0,271,35.687496185302734,fresh_online_exploration,20,21,1.0,1.0,10.21719741821289,3.392158031463623,6.221738338470459
260832,63,1.002830147743225,1.002830147743225,1.003340721130371,0.0005106352036818862,1.0,1.0,0.0,0.0,0.0,272,35.69488525390625,fresh_online_exploration,20,21,1.0,1.0,10.213944435119629,3.39932918548584,6.099752426147461
260928,24,1.0021820068359375,1.0021820068359375,1.0026838779449463,0.0005018486990593374,1.0,1.0,0.0,0.0,0.0,268,35.64263916015625,fresh_online_exploration,20,21,1.0,1.0,10.155715942382812,3.455644369125366,6.319356918334961
261024,4,1.0046418905258179,1.0046418905258179,1.0053316354751587,0.0006897678249515593,1.0,1.0,0.0,0.0,0.0,270,35.72047424316406,fresh_online_exploration,20,21,1.0,1.0,10.241501808166504,3.397420883178711,6.277334690093994
261024,11,1.0062896013259888,1.0062896013259888,1.006805419921875,0.0005158468266017735,1.0,1.0,0.0,0.0,0.0,269,35.70381546020508,fresh_online_exploration,20,21,1.0,1.0,10.166831970214844,3.4315686225891113,6.316619396209717
261024,46,1.001432180404663,1.001432180404663,1.0034371614456177,0.0020050201565027237,1.0,1.0,0.0,0.0,0.0,273,35.704532623291016,fresh_online_exploration,20,21,1.0,1.0,10.22748851776123,3.427950859069824,6.095628261566162
261312,60,1.0049940347671509,1.0049940347671509,1.005192756652832,0.0001986870774999261,1.0,1.0,0.0,0.0,0.0,272,35.763458251953125,fresh_online_exploration,20,21,1.0,1.0,10.149192810058594,3.4490838050842285,6.102784633636475
261408,3,1.0058917999267578,1.0058917999267578,1.006672739982605,0.0007808529189787805,1.0,1.0,0.0,0.0,0.0,268,35.67404556274414,fresh_online_exploration,20,21,1.0,1.0,10.290335655212402,3.467108726501465,6.339102745056152
261600,25,1.0001342296600342,1.0001342296600342,1.0001885890960693,5.42492198292166e-05,1.0,1.0,0.0,0.0,0.0,276,35.802520751953125,fresh_online_exploration,20,21,1.0,1.0,10.160826683044434,3.4123752117156982,5.9844584465026855
261792,2,1.0032578706741333,1.0032578706741333,1.00650954246521,0.0032517900690436363,1.0,1.0,0.0,0.0,0.0,275,35.788604736328125,fresh_online_exploration,20,21,1.0,1.0,10.168257713317871,3.4395432472229004,6.002524375915527
261792,22,1.0021661520004272,1.0021661520004272,1.0022495985031128,8.339103806065395e-05,1.0,1.0,0.0,0.0,0.0,273,35.74757385253906,fresh_online_exploration,20,21,1.0,1.0,10.135638236999512,3.443807363510132,6.147427082061768
261888,64,1.0045270919799805,1.0045270919799805,1.0045549869537354,2.7944810426561162e-05,1.0,1.0,0.0,0.0,0.0,278,35.92457962036133,fresh_online_exploration,20,21,1.0,1.0,10.16301155090332,3.4312703609466553,5.948572158813477
261984,89,1.0027130842208862,1.0027130842208862,1.0027912855148315,7.822213228791952e-05,1.0,1.0,0.0,0.0,0.0,273,35.803428649902344,fresh_online_exploration,20,21,1.0,1.0,10.294361114501953,3.454576253890991,6.159368515014648
262080,1,1.0000240802764893,1.0000240802764893,1.000395655632019,0.00037155349855311215,1.0,1.0,0.0,0.0,0.0,269,35.63051223754883,fresh_online_exploration,20,21,1.0,1.0,10.167231559753418,3.4671709537506104,6.275598526000977
262176,5,1.0001037120819092,1.0001037120819092,1.0011399984359741,0.0010363094042986631,1.0,1.0,0.0,0.0,0.0,271,35.61024475097656,fresh_online_exploration,20,21,1.0,1.0,10.241512298583984,3.477562427520752,6.188086032867432
262272,37,1.0028525590896606,1.0028525590896606,1.0028693675994873,1.690483077254612e-05,1.0,1.0,0.0,0.0,0.0,272,35.752105712890625,fresh_online_exploration,20,21,1.0,1.0,10.175440788269043,3.4652817249298096,6.183560848236084
262272,58,1.0033199787139893,1.0033199787139893,1.0033347606658936,1.4837794878985733e-05,1.0,1.0,0.0,0.0,0.0,275,35.82440948486328,fresh_online_exploration,20,21,1.0,1.0,10.120759010314941,3.444706439971924,6.048469543457031
262368,29,1.005141019821167,1.005141019821167,1.0052027702331543,6.170014967210591e-05,1.0,1.0,0.0,0.0,0.0,272,35.7554931640625,fresh_online_exploration,20,21,1.0,1.0,10.182367324829102,3.4594688415527344,6.152629852294922
262368,87,1.0024105310440063,1.0024105310440063,1.0025813579559326,0.00017085325089283288,1.0,1.0,0.0,0.0,0.0,273,35.75457763671875,fresh_online_exploration,20,21,1.0,1.0,10.161404609680176,3.475369930267334,6.136349201202393
262752,23,1.00058114528656,1.00058114528656,1.000767469406128,0.00018627752433530986,1.0,1.0,0.0,0.0,0.0,273,35.73330307006836,fresh_online_exploration,20,21,1.0,1.0,10.181173324584961,3.4838664531707764,6.121947288513184
262752,45,1.0048704147338867,1.0048704147338867,1.0049409866333008,7.055991591187194e-05,1.0,1.0,0.0,0.0,0.0,275,35.89579772949219,fresh_online_exploration,20,21,1.0,1.0,10.200786590576172,3.4677019119262695,6.066365718841553
262752,53,1.003695011138916,1.003695011138916,1.0060882568359375,0.0023931902833282948,1.0,1.0,0.0,0.0,0.0,267,35.61979293823242,fresh_online_exploration,20,21,1.0,1.0,10.231968879699707,3.4689176082611084,6.407532215118408
262752,76,1.001214623451233,1.001214623451233,1.001547932624817,0.00033325646654702723,1.0,1.0,0.0,0.0,0.0,278,35.860328674316406,fresh_online_exploration,20,21,1.0,1.0,10.005435943603516,3.4596235752105713,5.971274375915527
262848,9,1.0005238056182861,1.0005238056182861,1.0013902187347412,0.0008665055502206087,1.0,1.0,0.0,0.0,0.0,273,35.80457305908203,fresh_online_exploration,20,21,1.0,1.0,10.219964981079102,3.4565584659576416,6.09459924697876
262848,15,1.0012803077697754,1.0012803077697754,1.0021030902862549,0.0008228528895415366,1.0,1.0,0.0,0.0,0.0,274,35.71555709838867,fresh_online_exploration,20,21,1.0,1.0,10.046344757080078,3.4533987045288086,6.083044052124023
262848,82,1.0014393329620361,1.0014393329620361,1.001523733139038,8.43517409521155e-05,1.0,1.0,0.0,0.0,0.0,276,35.81269454956055,fresh_online_exploration,20,21,1.0,1.0,10.100362777709961,3.4826269149780273,6.005821228027344
262944,50,1.0003987550735474,1.0003987550735474,1.0009549856185913,0.0005562060978263617,1.0,1.0,0.0,0.0,0.0,275,35.758567810058594,fresh_online_exploration,20,21,1.0,1.0,10.173192024230957,3.476184129714966,6.049984455108643
262944,54,1.0033308267593384,1.0033308267593384,1.0033409595489502,1.0210498658125289e-05,1.0,1.0,0.0,0.0,0.0,275,35.80741882324219,fresh_online_exploration,20,21,1.0,1.0,10.210344314575195,3.4793179035186768,6.083560943603516
262944,75,1.0034637451171875,1.0034637451171875,1.0036075115203857,0.00014383885718416423,1.0,1.0,0.0,0.0,0.0,273,35.77495193481445,fresh_online_exploration,20,21,1.0,1.0,10.12060260772705,3.4850878715515137,6.169045925140381
263040,16,1.0040192604064941,1.0040192604064941,1.0051473379135132,0.0011280826292932034,1.0,1.0,0.0,0.0,0.0,275,35.811866760253906,fresh_online_exploration,20,21,1.0,1.0,10.142145156860352,3.4709177017211914,6.0219244956970215
263040,30,1.0054479837417603,1.0054479837417603,1.0054640769958496,1.6110712749650702e-05,1.0,1.0,0.0,0.0,0.0,271,35.74249267578125,fresh_online_exploration,20,21,1.0,1.0,10.145960807800293,3.492140054702759,6.248318195343018
263040,39,1.0042550563812256,1.0042550563812256,1.0044734477996826,0.00021843389549758285,1.0,1.0,0.0,0.0,0.0,276,35.8889045715332,fresh_online_exploration,20,21,1.0,1.0,10.25592041015625,3.491197109222412,6.009008884429932
263040,52,1.0003193616867065,1.0003193616867065,1.0156617164611816,0.015342390164732933,1.0,1.0,0.0,0.0,0.0,272,35.61808776855469,fresh_online_exploration,20,21,1.0,1.0,10.08248233795166,3.4675076007843018,6.193374156951904
263136,84,1.0036662817001343,1.0036662817001343,1.0067768096923828,0.003110577818006277,1.0,1.0,0.0,0.0,0.0,271,35.677940368652344,fresh_online_exploration,20,21,1.0,1.0,10.198803901672363,3.4397759437561035,6.183452129364014
263232,71,1.0010638236999512,1.0010638236999512,1.0040347576141357,0.002970942063257098,1.0,1.0,0.0,0.0,0.0,277,35.82959747314453,fresh_online_exploration,20,21,1.0,1.0,10.191365242004395,3.4904353618621826,5.977489471435547
263424,12,1.000113844871521,1.000113844871521,1.0045994520187378,0.004485634621232748,1.0,1.0,0.0,0.0,0.0,274,35.71533966064453,fresh_online_exploration,20,21,1.0,1.0,10.17859172821045,3.4359543323516846,6.076925277709961
263424,51,1.0026206970214844,1.0026206970214844,1.0027358531951904,0.00011513762001413852,1.0,1.0,0.0,0.0,0.0,271,35.686248779296875,fresh_online_exploration,20,21,1.0,1.0,10.178061485290527,3.482044219970703,6.205432415008545
263520,44,1.0040253400802612,1.0040253400802612,1.0067107677459717,0.0026854388415813446,1.0,1.0,0.0,0.0,0.0,280,35.96601486206055,fresh_online_exploration,20,21,1.0,1.0,10.126873016357422,3.468158721923828,5.871792316436768
263520,62,1.001335620880127,1.001335620880127,1.0015044212341309,0.0001687882177066058,1.0,1.0,0.0,0.0,0.0,274,35.79180145263672,fresh_online_exploration,20,21,1.0,1.0,10.119669914245605,3.4852123260498047,6.1045708656311035
263520,93,1.00357985496521,1.00357985496521,1.0041699409484863,0.0005900933756493032,1.0,1.0,0.0,0.0,0.0,271,35.69406509399414,fresh_online_exploration,20,21,1.0,1.0,10.156723976135254,3.498349905014038,6.223182678222656
263616,73,1.0044690370559692,1.0044690370559692,1.004913330078125,0.0004442528006620705,1.0,1.0,0.0,0.0,0.0,274,35.82371520996094,fresh_online_exploration,20,21,1.0,1.0,10.022710800170898,3.494304656982422,6.0935869216918945
263616,88,1.0043755769729614,1.0043755769729614,1.0072190761566162,0.0028434558771550655,1.0,1.0,0.0,0.0,0.0,287,36.15571594238281,fresh_online_exploration,20,21,1.0,1.0,9.762539863586426,3.4731476306915283,5.40761137008667
263712,79,1.0017175674438477,1.0017175674438477,1.001744270324707,2.6800216801348142e-05,1.0,1.0,0.0,0.0,0.0,278,35.924625396728516,fresh_online_exploration,20,21,1.0,1.0,10.137216567993164,3.4780216217041016,5.930646896362305
263712,83,1.0002421140670776,1.0002421140670776,1.000361680984497,0.00011949647159781307,1.0,1.0,0.0,0.0,0.0,273,35.70196533203125,fresh_online_exploration,20,21,1.0,1.0,10.221824645996094,3.4929087162017822,6.103332042694092
263808,13,1.0000330209732056,1.0000330209732056,1.0001838207244873,0.00015080635785125196,1.0,1.0,0.0,0.0,0.0,271,35.65458679199219,fresh_online_exploration,20,21,1.0,1.0,10.099976539611816,3.4889137744903564,6.217548370361328
263808,57,1.000056505203247,1.000056505203247,1.000471830368042,0.00041529227746650577,1.0,1.0,0.0,0.0,0.0,273,35.675079345703125,fresh_online_exploration,20,21,1.0,1.0,10.254071235656738,3.4918017387390137,6.068835258483887
263808,65,1.0022026300430298,1.0022026300430298,1.004366159439087,0.002163616009056568,1.0,1.0,0.0,0.0,0.0,276,35.81647491455078,fresh_online_exploration,20,21,1.0,1.0,10.073186874389648,3.459120273590088,6.0311737060546875
264000,6,1.0014535188674927,1.0014535188674927,1.0017679929733276,0.000314470031298697,1.0,1.0,0.0,0.0,0.0,273,35.73535919189453,fresh_online_exploration,20,21,1.0,1.0,10.14896011352539,3.4813599586486816,6.147005081176758
264000,35,1.0047365427017212,1.0047365427017212,1.0048789978027344,0.0001423817011527717,1.0,1.0,0.0,0.0,0.0,270,35.7017936706543,fresh_online_exploration,20,21,1.0,1.0,10.223466873168945,3.4850168228149414,6.242084980010986
264000,40,1.0000224113464355,1.0000224113464355,1.000164270401001,0.00014191982336342335,1.0,1.0,0.0,0.0,0.0,275,35.786075592041016,fresh_online_exploration,20,21,1.0,1.0,10.02440071105957,3.495588779449463,5.981020927429199
264000,94,1.0032737255096436,1.0032737255096436,1.0048015117645264,0.0015278507489711046,1.0,1.0,0.0,0.0,0.0,277,35.88346862792969,fresh_online_exploration,20,21,1.0,1.0,10.10692024230957,3.459850311279297,6.009347915649414
264096,69,1.0004093647003174,1.0004093647003174,1.0005576610565186,0.0001482795923948288,1.0,1.0,0.0,0.0,0.0,275,35.735748291015625,fresh_online_exploration,20,21,1.0,1.0,10.166254997253418,3.5070486068725586,6.001385688781738
264288,28,1.0028340816497803,1.0028340816497803,1.0028488636016846,1.4802229088672902e-05,1.0,1.0,0.0,0.0,0.0,275,35.844112396240234,fresh_online_exploration,20,21,1.0,1.0,10.009357452392578,3.5043020248413086,6.067668437957764
264384,32,1.003198266029358,1.003198266029358,1.0049883127212524,0.0017900548409670591,1.0,1.0,0.0,0.0,0.0,272,35.77104949951172,fresh_online_exploration,20,21,1.0,1.0,10.14966869354248,3.5329065322875977,6.152973175048828
264480,34,1.0052968263626099,1.0052968263626099,1.0053980350494385,0.0001011733547784388,1.0,1.0,0.0,0.0,0.0,274,35.81800842285156,fresh_online_exploration,20,21,1.0,1.0,10.166726112365723,3.498680591583252,6.087475776672363
264576,26,1.006203055381775,1.006203055381775,1.0092060565948486,0.003002952318638563,1.0,1.0,0.0,0.0,0.0,272,35.84259796142578,fresh_online_exploration,20,21,1.0,1.0,10.077075958251953,3.53218412399292,6.147124290466309
264576,49,1.0004953145980835,1.0004953145980835,1.0071524381637573,0.006657195743173361,1.0,1.0,0.0,0.0,0.0,271,35.71784591674805,fresh_online_exploration,20,21,1.0,1.0,10.057494163513184,3.499699592590332,6.253267288208008
264768,19,1.0016087293624878,1.0016087293624878,1.0023891925811768,0.0007805366767570376,1.0,1.0,0.0,0.0,0.0,270,35.632171630859375,fresh_online_exploration,20,21,1.0,1.0,10.127113342285156,3.535238027572632,6.242760181427002
264768,27,1.0036289691925049,1.0036289691925049,1.0051666498184204,0.0015376355731859803,1.0,1.0,0.0,0.0,0.0,278,35.88539505004883,fresh_online_exploration,20,21,1.0,1.0,9.977070808410645,3.4667000770568848,5.954100131988525
264768,90,1.0009746551513672,1.0009746551513672,1.001035213470459,6.058825601940043e-05,1.0,1.0,0.0,0.0,0.0,275,35.801517486572266,fresh_online_exploration,20,21,1.0,1.0,10.082524299621582,3.543400764465332,6.072658538818359
264768,95,1.0011181831359863,1.0011181831359863,1.001882553100586,0.0007644292782060802,1.0,1.0,0.0,0.0,0.0,274,35.736900329589844,fresh_online_exploration,20,21,1.0,1.0,10.182345390319824,3.5105977058410645,6.076011657714844
264960,66,1.00178861618042,1.00178861618042,1.003235101699829,0.0014465281274169683,1.0,1.0,0.0,0.0,0.0,271,35.71209716796875,fresh_online_exploration,20,21,1.0,1.0,10.180527687072754,3.5163731575012207,6.214293479919434
265152,7,1.0046828985214233,1.0046828985214233,1.0049177408218384,0.00023486054851673543,1.0,1.0,0.0,0.0,0.0,276,35.85442352294922,fresh_online_exploration,20,21,1.0,1.0,10.121183395385742,3.5017306804656982,6.021768093109131
265152,72,1.0002621412277222,1.0002621412277222,1.0253322124481201,0.025070058181881905,1.0,1.0,0.0,0.0,0.0,275,35.63880920410156,fresh_online_exploration,20,21,0.9940860211849213,0.9408602118492126,10.012917518615723,3.5414559841156006,6.104707717895508
265344,85,1.0019948482513428,1.0019948482513428,1.005739688873291,0.0037448066286742687,1.0,1.0,0.0,0.0,0.0,288,36.121299743652344,fresh_online_exploration,20,21,1.0,1.0,9.835257530212402,3.5089478492736816,5.341426372528076
265536,70,1.001950740814209,1.001950740814209,1.0109143257141113,0.008963793516159058,1.0,1.0,0.0,0.0,0.0,279,35.82562255859375,fresh_online_exploration,20,21,1.0,1.0,10.067512512207031,3.5118539333343506,5.9165802001953125
265920,47,1.0020790100097656,1.0020790100097656,1.010758638381958,0.008679631166160107,1.0,1.0,0.0,0.0,0.0,276,35.781700134277344,fresh_online_exploration,20,21,1.0,1.0,10.001585006713867,3.5459532737731934,6.030891418457031
266016,59,1.0009849071502686,1.0009849071502686,1.0016767978668213,0.0006919155712239444,1.0,1.0,0.0,0.0,0.0,270,35.710636138916016,fresh_online_exploration,20,21,1.0,1.0,10.200339317321777,3.3066747188568115,6.222641468048096
266016,78,1.0033200979232788,1.0033200979232788,1.0035220384597778,0.00020197135745547712,1.0,1.0,0.0,0.0,0.0,277,35.89900207519531,fresh_online_exploration,20,21,1.0,1.0,10.05989933013916,3.529505491256714,6.015816688537598
266208,18,1.0026288032531738,1.0026288032531738,1.0036612749099731,0.0010324586182832718,1.0,1.0,0.0,0.0,0.0,274,35.83653259277344,fresh_online_exploration,20,21,1.0,1.0,10.04947280883789,3.5435194969177246,6.050067901611328
266208,21,1.000169038772583,1.000169038772583,1.0002702474594116,0.00010119926446350291,1.0,1.0,0.0,0.0,0.0,277,35.83161163330078,fresh_online_exploration,20,21,1.0,1.0,9.9738130569458,3.5361292362213135,5.965851783752441
266304,17,1.0015331506729126,1.0015331506729126,1.0015807151794434,4.761962918564677e-05,1.0,1.0,0.0,0.0,0.0,276,35.77464294433594,fresh_online_exploration,20,21,1.0,1.0,10.070549964904785,3.5618486404418945,5.950777530670166
266304,43,1.0005812644958496,1.0005812644958496,1.0007089376449585,0.00012767978478223085,1.0,1.0,0.0,0.0,0.0,276,35.77410888671875,fresh_online_exploration,20,21,1.0,1.0,10.161341667175293,3.5384042263031006,6.0291523933410645
266400,42,1.001592993736267,1.001592993736267,1.0022077560424805,0.000614719174336642,1.0,1.0,0.0,0.0,0.0,279,35.85821533203125,fresh_online_exploration,20,21,1.0,1.0,10.076643943786621,3.538937568664551,5.881487846374512
266688,55,1.0027289390563965,1.0027289390563965,1.0028327703475952,0.00010380112507846206,1.0,1.0,0.0,0.0,0.0,279,35.9732551574707,fresh_online_exploration,20,21,1.0,1.0,9.994735717773438,3.5279932022094727,5.943943023681641
266880,38,1.0034083127975464,1.0034083127975464,1.003542184829712,0.00013387110084295273,1.0,1.0,0.0,0.0,0.0,278,35.942081451416016,fresh_online_exploration,20,21,1.0,1.0,9.997076034545898,3.298074722290039,5.972675323486328
266976,0,1.00430428981781,1.00430428981781,1.0062499046325684,0.0019456336740404367,1.0,1.0,0.0,0.0,0.0,280,35.974769592285156,fresh_online_exploration,20,21,1.0,1.0,10.073555946350098,3.2962610721588135,5.895498275756836
266976,48,1.0033882856369019,1.0033882856369019,1.0038189888000488,0.00043077129521407187,1.0,1.0,0.0,0.0,0.0,276,35.83259582519531,fresh_online_exploration,20,21,1.0,1.0,10.112896919250488,3.3405368328094482,6.007692337036133
267264,14,1.0022262334823608,1.0022262334823608,1.002425193786621,0.0001989820011658594,1.0,1.0,0.0,0.0,0.0,278,35.90326690673828,fresh_online_exploration,20,21,1.0,1.0,9.91323184967041,3.307363510131836,5.944551467895508
267360,41,1.001200795173645,1.001200795173645,1.001328706741333,0.00012784884893335402,1.0,1.0,0.0,0.0,0.0,277,35.808876037597656,fresh_online_exploration,20,21,1.0,1.0,10.017096519470215,3.3164288997650146,5.978190898895264
267552,56,1.003575325012207,1.003575325012207,1.0053975582122803,0.0018222519429400563,1.0,1.0,0.0,0.0,0.0,279,35.989906311035156,fresh_online_exploration,20,21,1.0,1.0,10.127943992614746,3.3036019802093506,5.9441728591918945
267744,10,1.0050337314605713,1.0050337314605713,1.0093278884887695,0.004294159356504679,1.0,1.0,0.0,0.0,0.0,273,35.81422805786133,fresh_online_exploration,20,21,1.0,1.0,10.212363243103027,3.294837713241577,6.145214557647705
267936,80,1.0011928081512451,1.0011928081512451,1.0012110471725464,1.8243328668177128e-05,1.0,1.0,0.0,0.0,0.0,276,35.816314697265625,fresh_online_exploration,20,21,1.0,1.0,9.952425956726074,3.339815855026245,6.005483150482178
268512,31,1.0049488544464111,1.0049488544464111,1.0052510499954224,0.0003021660086233169,1.0,1.0,0.0,0.0,0.0,278,35.92971420288086,fresh_online_exploration,20,21,1.0,1.0,9.985849380493164,3.365919589996338,5.954855918884277
268992,74,1.0009459257125854,1.0009459257125854,1.0009793043136597,3.3380998502252623e-05,1.0,1.0,0.0,0.0,0.0,290,36.09199905395508,fresh_online_exploration,20,21,1.0,1.0,9.445050239562988,3.3570363521575928,5.330737590789795
270144,81,1.0020872354507446,1.0020872354507446,1.002363920211792,0.000276655366178602,1.0,1.0,0.0,0.0,0.0,279,35.90142059326172,fresh_online_exploration,20,21,1.0,1.0,9.880864143371582,3.3839449882507324,5.90639591217041
270720,67,1.0014845132827759,1.0014845132827759,1.0017657279968262,0.00028127405676059425,1.0,1.0,0.0,0.0,0.0,280,35.93864440917969,fresh_online_exploration,20,21,1.0,1.0,9.982633590698242,3.3882393836975098,5.838152885437012
272064,8,1.0017954111099243,1.0017954111099243,1.0018459558486938,5.057777525507845e-05,1.0,1.0,0.0,0.0,0.0,280,35.95526885986328,fresh_online_exploration,20,21,1.0,1.0,9.962701797485352,3.4052531719207764,5.847835063934326
273792,20,1.0002555847167969,1.0002555847167969,1.0018572807312012,0.001601637341082096,1.0,1.0,0.0,0.0,0.0,279,35.83538055419922,fresh_online_exploration,20,21,1.0,1.0,9.968229293823242,3.467806816101074,5.867159366607666
283872,92,1.0046675205230713,1.0046675205230713,1.004871129989624,0.00020363595103845,1.0,1.0,0.0,0.0,0.0,274,35.85203170776367,fresh_online_exploration,20,22,1.0,1.0,10.196675300598145,3.4952573776245117,6.0702948570251465
284448,33,1.0028717517852783,1.0028717517852783,1.014341115951538,0.011469379998743534,1.0,1.0,0.0,0.0,0.0,275,35.76911163330078,fresh_online_exploration,20,22,1.0,1.0,10.179451942443848,3.496243953704834,6.079929828643799
285696,77,1.0037055015563965,1.0037055015563965,1.0037178993225098,1.2443454579624813e-05,1.0,1.0,0.0,0.0,0.0,274,35.785423278808594,fresh_online_exploration,20,22,1.0,1.0,10.27220630645752,3.533957004547119,6.110194206237793
286752,36,1.0024627447128296,1.0024627447128296,1.0045723915100098,0.002109573921188712,1.0,1.0,0.0,0.0,0.0,271,35.59919738769531,fresh_online_exploration,21,22,1.0,1.0,10.170557022094727,3.5215601921081543,6.189792633056641
286752,91,1.0004597902297974,1.0004597902297974,1.0006089210510254,0.0001490608847234398,1.0,1.0,0.0,0.0,0.0,273,35.717506408691406,fresh_online_exploration,21,22,1.0,1.0,10.248269081115723,3.547731637954712,6.115972518920898
286848,46,1.0000072717666626,1.0000072717666626,1.000232219696045,0.0002249214012408629,1.0,1.0,0.0,0.0,0.0,269,35.605255126953125,fresh_online_exploration,21,22,1.0,1.0,10.36899185180664,3.5618093013763428,6.241379737854004
286848,68,1.0044187307357788,1.0044187307357788,1.005592942237854,0.0011742191854864359,1.0,1.0,0.0,0.0,0.0,273,35.826595306396484,fresh_online_exploration,21,22,1.0,1.0,10.237017631530762,3.5384249687194824,6.114034175872803
287040,63,1.0029245615005493,1.0029245615005493,1.003056287765503,0.00013165031850803643,1.0,1.0,0.0,0.0,0.0,273,35.76731491088867,fresh_online_exploration,21,22,1.0,1.0,10.31371784210205,3.572005033493042,6.134288311004639
287136,4,1.0023024082183838,1.0023024082183838,1.0035793781280518,0.0012770147295668721,1.0,1.0,0.0,0.0,0.0,272,35.64701843261719,fresh_online_exploration,21,22,1.0,1.0,10.24516487121582,3.5418777465820312,6.074347019195557
287136,11,1.0030741691589355,1.0030741691589355,1.0134658813476562,0.01039163675159216,1.0,1.0,0.0,0.0,0.0,272,35.693939208984375,fresh_online_exploration,21,22,1.0,1.0,10.219978332519531,3.557638645172119,6.207857131958008
287136,24,1.002511978149414,1.002511978149414,1.0026593208312988,0.00014730461407452822,1.0,1.0,0.0,0.0,0.0,273,35.754737854003906,fresh_online_exploration,21,22,1.0,1.0,10.311796188354492,3.5453176498413086,6.115711212158203
287136,86,1.0031949281692505,1.0031949281692505,1.0073108673095703,0.004115895833820105,1.0,1.0,0.0,0.0,0.0,276,35.81284713745117,fresh_online_exploration,21,22,1.0,1.0,10.237954139709473,3.5453040599823,6.025130271911621
287232,61,1.002444863319397,1.002444863319397,1.0027244091033936,0.00027960201259702444,1.0,1.0,0.0,0.0,0.0,276,35.7783317565918,fresh_online_exploration,21,22,1.0,1.0,10.226057052612305,3.5315587520599365,6.0025739669799805
287328,60,1.0009446144104004,1.0009446144104004,1.0016762018203735,0.0007316343835555017,1.0,1.0,0.0,0.0,0.0,271,35.62322235107422,fresh_online_exploration,21,22,1.0,1.0,10.332837104797363,3.5623064041137695,6.1416707038879395
287616,25,1.0003230571746826,1.0003230571746826,1.000352144241333,2.904282337112818e-05,1.0,1.0,0.0,0.0,0.0,271,35.676185607910156,fresh_online_exploration,21,22,1.0,1.0,10.239919662475586,3.576070785522461,6.185141086578369
287712,3,1.0048226118087769,1.0048226118087769,1.0049009323120117,7.830892718629912e-05,1.0,1.0,0.0,0.0,0.0,274,35.810054779052734,fresh_online_exploration,21,22,1.0,1.0,10.2562255859375,3.549623727798462,6.086695194244385
288288,2,1.0029339790344238,1.0029339790344238,1.003401279449463,0.00046735384967178106,1.0,1.0,0.0,0.0,0.0,276,35.80034637451172,fresh_online_exploration,21,22,1.0,1.0,10.158751487731934,3.546438217163086,6.006515979766846
288288,5,1.0003128051757812,1.0003128051757812,1.0003700256347656,5.731212149839848e-05,1.0,1.0,0.0,0.0,0.0,272,35.67214584350586,fresh_online_exploration,21,22,1.0,1.0,10.187175750732422,3.5712344646453857,6.098874092102051
288288,22,1.0045065879821777,1.0045065879821777,1.0048580169677734,0.000351314025465399,1.0,1.0,0.0,0.0,0.0,276,35.802825927734375,fresh_online_exploration,21,22,1.0,1.0,10.241915702819824,3.5397298336029053,5.97385311126709
288480,89,1.0005229711532593,1.0005229711532593,1.0007576942443848,0.0002347961562918499,1.0,1.0,0.0,0.0,0.0,276,35.74711227416992,fresh_online_exploration,21,22,1.0,1.0,10.124064445495605,3.5855653285980225,5.993342399597168
288576,64,1.0033210515975952,1.0033210515975952,1.0036876201629639,0.0003665278491098434,1.0,1.0,0.0,0.0,0.0,278,35.86270523071289,fresh_online_exploration,21,22,1.0,1.0,10.212492942810059,3.5604052543640137,5.945624351501465
288672,1,1.000880241394043,1.000880241394043,1.0009437799453735,6.353043136186898e-05,1.0,1.0,0.0,0.0,0.0,277,35.807559967041016,fresh_online_exploration,21,22,1.0,1.0,10.02613639831543,3.5917341709136963,5.97742223739624
288672,87,1.0020346641540527,1.0020346641540527,1.0020520687103271,1.747874375723768e-05,1.0,1.0,0.0,0.0,0.0,274,35.80465316772461,fresh_online_exploration,21,22,1.0,1.0,10.2387113571167,3.5663294792175293,6.091386318206787
288960,29,1.0007718801498413,1.0007718801498413,1.0008997917175293,0.00012787118612322956,1.0,1.0,0.0,0.0,0.0,277,35.81932067871094,fresh_online_exploration,21,22,1.0,1.0,10.11465835571289,3.576453447341919,5.97483491897583
288960,37,1.0001310110092163,1.0001310110092163,1.0007400512695312,0.0006090794340707362,1.0,1.0,0.0,0.0,0.0,278,35.853267669677734,fresh_online_exploration,21,22,1.0,1.0,10.273961067199707,3.5963375568389893,5.939525127410889
289152,15,1.0018763542175293,1.0018763542175293,1.0047507286071777,0.0028743823058903217,1.0,1.0,0.0,0.0,0.0,274,35.77955627441406,fresh_online_exploration,21,22,1.0,1.0,10.23086929321289,3.589289426803589,6.076724052429199
289152,58,1.0038106441497803,1.0038106441497803,1.004774808883667,0.0009641920914873481,1.0,1.0,0.0,0.0,0.0,280,35.97563934326172,fresh_online_exploration,21,22,1.0,1.0,10.201964378356934,3.5950820446014404,5.837018966674805
289152,82,1.0032140016555786,1.0032140016555786,1.003408432006836,0.000194361389731057,1.0,1.0,0.0,0.0,0.0,274,35.75978088378906,fresh_online_exploration,21,22,1.0,1.0,10.258249282836914,3.587877035140991,6.1237711906433105
289248,12,1.005444049835205,1.005444049835205,1.0086513757705688,0.003207254456356168,1.0,1.0,0.0,0.0,0.0,269,35.69422149658203,fresh_online_exploration,21,22,1.0,1.0,10.19987678527832,3.617650270462036,6.307689189910889
289248,50,1.0021623373031616,1.0021623373031616,1.0022861957550049,0.0001238191471202299,1.0,1.0,0.0,0.0,0.0,274,35.7701416015625,fresh_online_exploration,21,22,1.0,1.0,10.192952156066895,3.6018309593200684,6.101299285888672
289248,54,1.0040594339370728,1.0040594339370728,1.0041754245758057,0.00011605297913774848,1.0,1.0,0.0,0.0,0.0,274,35.821285247802734,fresh_online_exploration,21,22,1.0,1.0,10.259035110473633,3.5867702960968018,6.06318473815918
289344,23,1.0042920112609863,1.0042920112609863,1.004842758178711,0.0005507884197868407,1.0,1.0,0.0,0.0,0.0,277,35.931365966796875,fresh_online_exploration,21,22,1.0,1.0,10.168281555175781,3.61647891998291,6.037711143493652
289344,84,1.0058960914611816,1.0058960914611816,1.0087997913360596,0.002903725951910019,1.0,1.0,0.0,0.0,0.0,273,35.789608001708984,fresh_online_exploration,21,22,1.0,1.0,10.222275733947754,3.595879077911377,6.102822780609131
289440,52,1.0007048845291138,1.0007048845291138,1.0018820762634277,0.0011771488934755325,1.0,1.0,0.0,0.0,0.0,275,35.7989501953125,fresh_online_exploration,21,22,1.0,1.0,10.084875106811523,3.6521646976470947,6.064769268035889
289440,53,1.0046815872192383,1.0046815872192383,1.0079447031021118,0.0032632076181471348,1.0,1.0,0.0,0.0,0.0,278,35.955162048339844,fresh_online_exploration,21,22,1.0,1.0,10.252889633178711,3.612473487854004,5.9434428215026855
289536,45,1.004213809967041,1.004213809967041,1.0053887367248535,0.0011748388642445207,1.0,1.0,0.0,0.0,0.0,279,35.96052932739258,fresh_online_exploration,21,22,1.0,1.0,10.305298805236816,3.5831410884857178,5.8892130851745605
289536,75,1.0026917457580566,1.0026917457580566,1.0031447410583496,0.0004529909638222307,1.0,1.0,0.0,0.0,0.0,277,35.866180419921875,fresh_online_exploration,21,22,1.0,1.0,10.163068771362305,3.601292610168457,5.968441009521484
289536,76,1.00079345703125,1.00079345703125,1.0008962154388428,0.00010284917516401038,1.0,1.0,0.0,0.0,0.0,279,35.89466857910156,fresh_online_exploration,21,22,1.0,1.0,10.22037124633789,3.6128194332122803,5.9148759841918945
289632,9,1.0022666454315186,1.0022666454315186,1.0031479597091675,0.0008813233580440283,1.0,1.0,0.0,0.0,0.0,279,35.921165466308594,fresh_online_exploration,21,22,1.0,1.0,9.96356201171875,3.576864242553711,5.946230888366699
289632,16,1.0006103515625,1.0006103515625,1.0009403228759766,0.00032996831578202546,1.0,1.0,0.0,0.0,0.0,277,35.82684326171875,fresh_online_exploration,21,22,1.0,1.0,10.16082763671875,3.623753070831299,5.932749271392822
289632,39,1.0016347169876099,1.0016347169876099,1.0017409324645996,0.0001061584334820509,1.0,1.0,0.0,0.0,0.0,277,35.801025390625,fresh_online_exploration,21,22,1.0,1.0,10.171608924865723,3.622488498687744,5.9512200355529785
289632,71,1.0000020265579224,1.0000020265579224,1.0014278888702393,0.0014259268064051867,1.0,1.0,0.0,0.0,0.0,275,35.72043991088867,fresh_online_exploration,21,22,1.0,1.0,10.180926322937012,3.5729894638061523,6.013701915740967
289728,30,1.0003210306167603,1.0003210306167603,1.0008363723754883,0.000515332561917603,1.0,1.0,0.0,0.0,0.0,278,35.83815002441406,fresh_online_exploration,21,22,1.0,1.0,10.18038558959961,3.6320908069610596,5.910333156585693
289824,88,1.0046454668045044,1.0046454668045044,1.0047650337219238,0.0001196001103380695,1.0,1.0,0.0,0.0,0.0,273,35.793609619140625,fresh_online_exploration,21,22,1.0,1.0,10.271489143371582,3.652869462966919,6.140993118286133
289920,44,1.0008794069290161,1.0008794069290161,1.0017831325531006,0.0009036891860887408,1.0,1.0,0.0,0.0,0.0,275,35.78143310546875,fresh_online_exploration,21,22,1.0,1.0,10.155713081359863,3.5809056758880615,6.027190208435059
289920,79,1.0034968852996826,1.0034968852996826,1.0038526058197021,0.00035572011256590486,1.0,1.0,0.0,0.0,0.0,273,35.776878356933594,fresh_online_exploration,21,22,1.0,1.0,10.224841117858887,3.609832763671875,6.09531831741333
290016,51,1.000464916229248,1.000464916229248,1.0009841918945312,0.0005193326505832374,1.0,1.0,0.0,0.0,0.0,277,35.84199142456055,fresh_online_exploration,21,22,1.0,1.0,10.259058952331543,3.624643325805664,5.985771656036377
290016,62,1.0026919841766357,1.0026919841766357,1.0027093887329102,1.748093382047955e-05,1.0,1.0,0.0,0.0,0.0,276,35.85725021362305,fresh_online_exploration,21,22,1.0,1.0,10.132942199707031,3.570218086242676,6.039026260375977
290112,57,1.0010477304458618,1.0010477304458618,1.0012003183364868,0.0001525756233604625,1.0,1.0,0.0,0.0,0.0,274,35.77175521850586,fresh_online_exploration,21,23,1.0,1.0,10.231447219848633,3.6169145107269287,6.061275959014893
290112,93,1.0056873559951782,1.0056873559951782,1.006942868232727,0.0012554967543110251,1.0,1.0,0.0,0.0,0.0,277,35.904788970947266,fresh_online_exploration,21,23,1.0,1.0,10.245882034301758,3.583409070968628,5.9720916748046875
290208,65,1.001945972442627,1.001945972442627,1.0021228790283203,0.0001768647925928235,1.0,1.0,0.0,0.0,0.0,275,35.79841232299805,fresh_online_exploration,21,23,1.0,1.0,10.152297019958496,3.646313190460205,6.061404228210449
290208,83,1.000820517539978,1.000820517539978,1.0011088848114014,0.00028829730581492186,1.0,1.0,0.0,0.0,0.0,276,35.800994873046875,fresh_online_exploration,21,23,1.0,1.0,10.183158874511719,3.6100661754608154,6.009181499481201
290304,40,1.000530481338501,1.000530481338501,1.0086581707000732,0.008127733133733273,1.0,1.0,0.0,0.0,0.0,274,35.726226806640625,fresh_online_exploration,21,23,1.0,1.0,10.127598762512207,3.6459550857543945,6.094811916351318
290304,73,1.0051597356796265,1.0051597356796265,1.0052564144134521,9.67122323345393e-05,1.0,1.0,0.0,0.0,0.0,278,35.95111083984375,fresh_online_exploration,21,23,1.0,1.0,10.186701774597168,3.651522636413574,5.961930274963379
290496,13,1.0042943954467773,1.0042943954467773,1.0045645236968994,0.00027021204004995525,1.0,1.0,0.0,0.0,0.0,278,35.89826202392578,fresh_online_exploration,21,23,1.0,1.0,10.112099647521973,3.621384859085083,5.967794418334961
290496,94,1.002502679824829,1.002502679824829,1.002619743347168,0.00011706298391800374,1.0,1.0,0.0,0.0,0.0,276,35.81736755371094,fresh_online_exploration,21,23,1.0,1.0,10.215859413146973,3.6190688610076904,6.00204610824585
290592,6,1.0052661895751953,1.0052661895751953,1.0055150985717773,0.000248833151999861,1.0,1.0,0.0,0.0,0.0,277,35.92219924926758,fresh_online_exploration,21,23,1.0,1.0,10.076492309570312,3.6220686435699463,6.013451099395752
290592,34,1.0044697523117065,1.0044697523117065,1.0046536922454834,0.00018388626631349325,1.0,1.0,0.0,0.0,0.0,272,35.779083251953125,fresh_online_exploration,21,23,1.0,1.0,10.14871883392334,3.6429948806762695,6.214264392852783
290784,35,1.0027872323989868,1.0027872323989868,1.0028119087219238,2.465600482537411e-05,1.0,1.0,0.0,0.0,0.0,279,35.896881103515625,fresh_online_exploration,21,23,1.0,1.0,10.209064483642578,3.6394224166870117,5.932502269744873
290784,69,1.000098705291748,1.000098705291748,1.0002455711364746,0.00014686914801131934,1.0,1.0,0.0,0.0,0.0,278,35.824127197265625,fresh_online_exploration,21,23,1.0,1.0,10.071971893310547,3.6505815982818604,5.908515930175781
290880,28,1.0008281469345093,1.0008281469345093,1.0012094974517822,0.0003812879149336368,1.0,1.0,0.0,0.0,0.0,277,35.864830017089844,fresh_online_exploration,21,23,1.0,1.0,10.1116361618042,3.6285579204559326,6.007747650146484
290976,32,1.0013606548309326,1.0013606548309326,1.0022621154785156,0.0009015104733407497,1.0,1.0,0.0,0.0,0.0,277,35.872554779052734,fresh_online_exploration,21,23,1.0,1.0,10.155345916748047,3.653067111968994,5.976934909820557
291168,66,1.0034143924713135,1.0034143924713135,1.0034489631652832,3.458187711657956e-05,1.0,1.0,0.0,0.0,0.0,273,35.79711151123047,fresh_online_exploration,21,23,1.0,1.0,10.199075698852539,3.6571083068847656,6.159081935882568
291264,90,1.0012991428375244,1.0012991428375244,1.0014872550964355,0.00018818327225744724,1.0,1.0,0.0,0.0,0.0,276,35.81827926635742,fresh_online_exploration,21,23,1.0,1.0,10.16043472290039,3.678767681121826,6.017494201660156
291360,95,1.0040473937988281,1.0040473937988281,1.0040616989135742,1.4359910892380867e-05,1.0,1.0,0.0,0.0,0.0,277,35.85626220703125,fresh_online_exploration,21,23,1.0,1.0,10.149774551391602,3.6842119693756104,6.001471042633057
291456,19,1.0031872987747192,1.0031872987747192,1.0046571493148804,0.0014698448358103633,1.0,1.0,0.0,0.0,0.0,278,35.868438720703125,fresh_online_exploration,21,23,1.0,1.0,10.10375690460205,3.6540980339050293,5.954016208648682
291552,27,1.0024590492248535,1.0024590492248535,1.0052058696746826,0.002746743615716696,1.0,1.0,0.0,0.0,0.0,279,35.8678092956543,fresh_online_exploration,21,23,1.0,1.0,9.981215476989746,3.665714979171753,5.896938800811768
291648,72,1.0046724081039429,1.0046724081039429,1.0070048570632935,0.0023325521033257246,1.0,1.0,0.0,0.0,0.0,276,35.876953125,fresh_online_exploration,21,23,1.0,1.0,10.253466606140137,3.679403781890869,6.032095432281494
291744,7,1.0002667903900146,1.0002667903900146,1.000481128692627,0.00021431007189676166,1.0,1.0,0.0,0.0,0.0,277,35.853816986083984,fresh_online_exploration,21,23,1.0,1.0,10.167899131774902,3.662806987762451,5.967550754547119
291744,26,1.0047917366027832,1.0047917366027832,1.0049138069152832,0.00012201591744087636,1.0,1.0,0.0,0.0,0.0,283,36.05712127685547,fresh_online_exploration,21,23,1.0,1.0,10.013141632080078,3.602182149887085,5.782155513763428
291744,85,1.0012973546981812,1.0012973546981812,1.0017058849334717,0.000408563413657248,1.0,1.0,0.0,0.0,0.0,275,35.82176971435547,fresh_online_exploration,21,23,1.0,1.0,10.193841934204102,3.6354005336761475,6.062287330627441
292416,49,1.0005722045898438,1.0005722045898438,1.0005972385406494,2.507574208721053e-05,1.0,1.0,0.0,0.0,0.0,290,36.05586624145508,fresh_online_exploration,21,23,1.0,1.0,9.727421760559082,3.6248860359191895,5.297881126403809
292416,70,1.0046820640563965,1.0046820640563965,1.0047755241394043,9.341080294689164e-05,1.0,1.0,0.0,0.0,0.0,280,35.961456298828125,fresh_online_exploration,21,23,1.0,1.0,10.067299842834473,3.6843533515930176,5.880051612854004
292704,17,1.0039033889770508,1.0039033889770508,1.0043795108795166,0.0004761229210998863,1.0,1.0,0.0,0.0,0.0,275,35.82375717163086,fresh_online_exploration,21,23,1.0,1.0,10.156830787658691,3.6776702404022217,6.093741416931152
292704,47,1.0030484199523926,1.0030484199523926,1.0033435821533203,0.000295191362965852,1.0,1.0,0.0,0.0,0.0,279,35.93943786621094,fresh_online_exploration,21,23,1.0,1.0,10.116793632507324,3.6697988510131836,5.909251689910889
292704,78,1.0053353309631348,1.0053353309631348,1.0054672956466675,0.00013200048124417663,1.0,1.0,0.0,0.0,0.0,278,35.98305892944336,fresh_online_exploration,21,23,1.0,1.0,10.019957542419434,3.652017593383789,5.945906639099121
292896,18,1.0052902698516846,1.0052902698516846,1.0060237646102905,0.000733528402633965,1.0,1.0,0.0,0.0,0.0,278,35.99952697753906,fresh_online_exploration,21,23,1.0,1.0,10.151009559631348,3.666560411453247,5.94760799407959
292992,21,1.0010066032409668,1.0010066032409668,1.0010802745819092,7.37115042284131e-05,1.0,1.0,0.0,0.0,0.0,279,35.86675262451172,fresh_online_exploration,21,23,1.0,1.0,10.09050464630127,3.6860744953155518,5.897220611572266
293088,42,1.0008916854858398,1.0008916854858398,1.0010762214660645,0.00018448784248903394,1.0,1.0,0.0,0.0,0.0,278,35.85662078857422,fresh_online_exploration,21,23,1.0,1.0,10.204151153564453,3.6519627571105957,5.902510166168213
293184,38,1.0044296979904175,1.0044296979904175,1.004480242729187,5.052601409261115e-05,1.0,1.0,0.0,0.0,0.0,274,35.79228591918945,fresh_online_exploration,21,23,1.0,1.0,10.107264518737793,3.6663379669189453,6.112367153167725
293184,43,1.002619981765747,1.002619981765747,1.0027600526809692,0.0001401139743393287,1.0,1.0,0.0,0.0,0.0,280,35.88105392456055,fresh_online_exploration,21,23,1.0,1.0,10.150735855102539,3.674114465713501,5.857873439788818
293376,59,1.0002857446670532,1.0002857446670532,1.0004684925079346,0.00018278686911799014,1.0,1.0,0.0,0.0,0.0,285,36.03404235839844,fresh_online_exploration,21,23,1.0,1.0,10.111021995544434,3.6416563987731934,5.662261486053467
293664,41,1.0015989542007446,1.0015989542007446,1.003211259841919,0.0016123666428029537,1.0,1.0,0.0,0.0,0.0,274,35.75761795043945,fresh_online_exploration,21,23,1.0,1.0,10.252998352050781,3.692471504211426,6.037581920623779
293664,48,1.0022724866867065,1.0022724866867065,1.0027787685394287,0.000506269745528698,1.0,1.0,0.0,0.0,0.0,278,35.905906677246094,fresh_online_exploration,21,23,1.0,1.0,10.056262016296387,3.6785006523132324,5.9554338455200195
293664,55,1.0032445192337036,1.0032445192337036,1.0033921003341675,0.00014761750935576856,1.0,1.0,0.0,0.0,0.0,281,36.0161018371582,fresh_online_exploration,21,23,1.0,1.0,10.191638946533203,3.6489758491516113,5.835742950439453
293952,0,1.0053385496139526,1.0053385496139526,1.00554358959198,0.00020505920110736042,1.0,1.0,0.0,0.0,0.0,281,36.04933547973633,fresh_online_exploration,21,23,1.0,1.0,10.01165771484375,3.7055044174194336,5.875632286071777
293952,10,1.0001083612442017,1.0001083612442017,1.0003283023834229,0.00022000087483320385,1.0,1.0,0.0,0.0,0.0,273,35.71380615234375,fresh_online_exploration,21,23,1.0,1.0,10.198138236999512,3.6960647106170654,6.086986541748047
294240,14,1.0049378871917725,1.0049378871917725,1.005124807357788,0.00018698872008826584,1.0,1.0,0.0,0.0,0.0,281,36.024295806884766,fresh_online_exploration,21,23,1.0,1.0,9.93532657623291,3.7325544357299805,5.88320779800415
294336,74,1.0018690824508667,1.0018690824508667,1.0770237445831299,0.07515442371368408,1.0,1.0,1.0,0.0,0.0,264,35.615291595458984,fresh_online_exploration,21,23,0.9957671940326691,0.9576719403266907,10.094589233398438,3.7410385608673096,6.394898891448975
294624,56,1.000274896621704,1.000274896621704,1.0004390478134155,0.0001640987175051123,1.0,1.0,0.0,0.0,0.0,282,35.946807861328125,fresh_online_exploration,21,23,1.0,1.0,10.090447425842285,3.6898014545440674,5.779319763183594
295200,80,1.0030937194824219,1.0030937194824219,1.003732681274414,0.000639063713606447,1.0,1.0,0.0,0.0,0.0,284,36.10456848144531,fresh_online_exploration,21,23,1.0,1.0,9.865750312805176,3.6720995903015137,5.717316627502441
295776,31,1.0015193223953247,1.0015193223953247,1.0020215511322021,0.0005022670375183225,1.0,1.0,0.0,0.0,0.0,284,36.008819580078125,fresh_online_exploration,21,23,1.0,1.0,10.057977676391602,3.698274850845337,5.684011459350586
297504,81,1.0053211450576782,1.0053211450576782,1.0054819583892822,0.00016083622176665813,1.0,1.0,0.0,0.0,0.0,285,36.153648376464844,fresh_online_exploration,21,23,1.0,1.0,9.990334510803223,3.5244431495666504,5.6083197593688965
297984,67,1.0016456842422485,1.0016456842422485,1.0022517442703247,0.0006061049643903971,1.0,1.0,0.0,0.0,0.0,284,35.979705810546875,fresh_online_exploration,21,23,1.0,1.0,9.924796104431152,3.5292086601257324,5.669787406921387
299328,8,1.0039249658584595,1.0039249658584595,1.0042672157287598,0.0003423428279347718,1.0,1.0,0.0,0.0,0.0,284,36.08773422241211,fresh_online_exploration,21,23,1.0,1.0,10.03643798828125,3.5594122409820557,5.694280624389648
