env_steps,env_index,max_angle,final_angle,cumulative_increase,regression_amount,progress,success,regression_event,stalled,lost_contact,episode_steps,return_value,source,first_policy_version,last_policy_version,quality_score,contact_stability,estimated_value,initial_q,discounted_return
25920,33,1.0011109113693237,1.0011109113693237,1.0093116760253906,0.008200678043067455,1.0,1.0,0.0,0.0,0.0,270,35.730712890625,fresh_online_exploration,0,2,1.0,1.0,7.703619480133057,-2.118948459625244,6.415685653686523
26016,39,1.002707600593567,1.002707600593567,1.0187737941741943,0.01606610417366028,1.0,1.0,0.0,0.0,0.0,271,35.74107360839844,fresh_online_exploration,0,2,1.0,1.0,7.686822414398193,-2.137390613555908,6.339573860168457
26016,84,1.000244379043579,1.000244379043579,1.0002638101577759,1.941818482009694e-05,1.0,1.0,0.0,0.0,0.0,271,35.77865982055664,fresh_online_exploration,0,2,1.0,1.0,7.717646598815918,-2.1165711879730225,6.3711371421813965
26016,85,1.0013597011566162,1.0013597011566162,1.015291690826416,0.013931939378380775,1.0,1.0,0.0,0.0,0.0,271,35.76741027832031,fresh_online_exploration,0,2,1.0,1.0,7.659317493438721,-2.115050792694092,6.383001804351807
26112,7,1.003859519958496,1.003859519958496,1.0045175552368164,0.0006580729386769235,1.0,1.0,0.0,0.0,0.0,272,35.81258010864258,fresh_online_exploration,0,2,1.0,1.0,7.642595291137695,-2.137126922607422,6.316348552703857
26112,11,1.0010805130004883,1.0010805130004883,1.0181684494018555,0.017087692394852638,1.0,1.0,0.0,0.0,0.0,272,35.70185852050781,fresh_online_exploration,0,2,1.0,1.0,7.63133430480957,-2.1194841861724854,6.335589408874512
26112,15,1.0038142204284668,1.0038142204284668,1.0040919780731201,0.0002777492336463183,1.0,1.0,0.0,0.0,0.0,272,35.85907745361328,fresh_online_exploration,0,2,1.0,1.0,7.67120361328125,-2.117433547973633,6.334156513214111
26112,26,1.002576231956482,1.002576231956482,1.0250897407531738,0.022513607516884804,1.0,1.0,0.0,0.0,0.0,272,35.82474136352539,fresh_online_exploration,0,2,0.9994382023811341,0.9943820238113403,7.63862419128418,-2.1502559185028076,6.348397254943848
26112,89,1.0025560855865479,1.0025560855865479,1.003462791442871,0.0009066907805390656,1.0,1.0,0.0,0.0,0.0,272,35.758567810058594,fresh_online_exploration,0,2,1.0,1.0,7.730153560638428,-2.1088309288024902,6.307829856872559
26208,19,1.0039647817611694,1.0039647817611694,1.0046967267990112,0.0007319246651604772,1.0,1.0,0.0,0.0,0.0,273,35.924903869628906,fresh_online_exploration,0,2,1.0,1.0,7.670255661010742,-2.1497280597686768,6.275208473205566
26208,53,1.0047714710235596,1.0047714710235596,1.0057389736175537,0.0009674358298070729,1.0,1.0,0.0,0.0,0.0,273,35.84890365600586,fresh_online_exploration,0,2,1.0,1.0,7.741331577301025,-2.1211626529693604,6.365975379943848
26208,59,1.003761887550354,1.003761887550354,1.003821611404419,5.967920151306316e-05,1.0,1.0,0.0,0.0,0.0,273,35.83479309082031,fresh_online_exploration,0,2,1.0,1.0,7.5608134269714355,-2.123310089111328,6.284054756164551
26208,70,1.004689335823059,1.004689335823059,1.011465072631836,0.006775708869099617,1.0,1.0,0.0,0.0,0.0,273,35.8353385925293,fresh_online_exploration,0,2,1.0,1.0,7.608701705932617,-2.1257505416870117,6.3191423416137695
26304,24,1.0040513277053833,1.0040513277053833,1.005939245223999,0.001888018799945712,1.0,1.0,0.0,0.0,0.0,274,35.95433044433594,fresh_online_exploration,0,2,1.0,1.0,7.64414119720459,-2.0966620445251465,6.255568027496338
26304,44,1.0007920265197754,1.0007920265197754,1.0008485317230225,5.6509503338020295e-05,1.0,1.0,0.0,0.0,0.0,274,35.868038177490234,fresh_online_exploration,0,2,1.0,1.0,7.540525436401367,-2.1321330070495605,6.169930934906006
26304,54,1.000048041343689,1.000048041343689,1.0000579357147217,9.924647201842163e-06,1.0,1.0,0.0,0.0,0.0,274,35.82575225830078,fresh_online_exploration,0,2,1.0,1.0,7.691201210021973,-2.1293554306030273,6.294825553894043
26304,61,1.0045801401138306,1.0045801401138306,1.0046164989471436,3.646116965683177e-05,1.0,1.0,0.0,0.0,0.0,274,35.91594696044922,fresh_online_exploration,0,2,1.0,1.0,7.629366874694824,-2.146296262741089,6.2763495445251465
26304,77,1.0026209354400635,1.0026209354400635,1.0057766437530518,0.0031556698959320784,1.0,1.0,0.0,0.0,0.0,274,35.83846664428711,fresh_online_exploration,0,2,1.0,1.0,7.587114334106445,-2.140740156173706,6.193864345550537
26304,79,1.0033448934555054,1.0033448934555054,1.003930926322937,0.0005860391538590193,1.0,1.0,0.0,0.0,0.0,274,35.882179260253906,fresh_online_exploration,0,2,1.0,1.0,7.676645755767822,-2.11755633354187,6.238547325134277
26304,90,1.0012519359588623,1.0012519359588623,1.020646095275879,0.019394084811210632,1.0,1.0,0.0,0.0,0.0,274,35.853675842285156,fresh_online_exploration,0,2,1.0,1.0,7.66738224029541,-2.125535249710083,6.274894714355469
26400,6,1.002092957496643,1.002092957496643,1.0099936723709106,0.00790072325617075,1.0,1.0,0.0,0.0,0.0,275,35.90302276611328,fresh_online_exploration,0,2,1.0,1.0,7.592216968536377,-2.1196348667144775,6.226273536682129
26400,9,1.0029345750808716,1.0029345750808716,1.0121254920959473,0.009190880693495274,1.0,1.0,0.0,0.0,0.0,275,35.930519104003906,fresh_online_exploration,0,2,1.0,1.0,7.617145538330078,-2.132979393005371,6.17622709274292
26400,27,1.0046799182891846,1.0046799182891846,1.0085196495056152,0.003839679528027773,1.0,1.0,0.0,0.0,0.0,275,35.91676330566406,fresh_online_exploration,0,2,1.0,1.0,7.6198410987854,-2.1547515392303467,6.235778331756592
26400,60,1.0038307905197144,1.0038307905197144,1.004622459411621,0.0007916385657154024,1.0,1.0,0.0,0.0,0.0,275,35.95335388183594,fresh_online_exploration,0,2,1.0,1.0,7.553658485412598,-2.1035282611846924,6.191198348999023
26496,12,1.0040746927261353,1.0040746927261353,1.0083177089691162,0.004243107978254557,1.0,1.0,0.0,0.0,0.0,276,35.98136901855469,fresh_online_exploration,0,2,1.0,1.0,7.733090400695801,-2.1206979751586914,6.215799808502197
26496,20,1.0044032335281372,1.0044032335281372,1.005639910697937,0.0012367188464850187,1.0,1.0,0.0,0.0,0.0,276,35.92024230957031,fresh_online_exploration,0,2,1.0,1.0,7.67733907699585,-2.126948595046997,6.154884338378906
26496,32,1.0029864311218262,1.0029864311218262,1.0034018754959106,0.00041537542711012065,1.0,1.0,0.0,0.0,0.0,276,35.93165969848633,fresh_online_exploration,0,2,1.0,1.0,7.648308277130127,-2.1381616592407227,6.16018009185791
26496,40,1.0036158561706543,1.0036158561706543,1.0036487579345703,3.295688657090068e-05,1.0,1.0,0.0,0.0,0.0,276,35.991539001464844,fresh_online_exploration,0,2,1.0,1.0,7.6299004554748535,-2.1155824661254883,6.151776313781738
26496,50,1.004449486732483,1.004449486732483,1.0044584274291992,8.898605301510543e-06,1.0,1.0,0.0,0.0,0.0,276,35.980403900146484,fresh_online_exploration,0,2,1.0,1.0,7.60767126083374,-2.1275832653045654,6.176417350769043
26496,74,1.0005580186843872,1.0005580186843872,1.0006299018859863,7.182116678450257e-05,1.0,1.0,0.0,0.0,0.0,276,35.89586639404297,fresh_online_exploration,0,2,1.0,1.0,7.608706951141357,-2.1535308361053467,6.108504295349121
26496,76,1.0033154487609863,1.0033154487609863,1.003523826599121,0.0002084288717014715,1.0,1.0,0.0,0.0,0.0,276,35.946876525878906,fresh_online_exploration,0,2,1.0,1.0,7.631405353546143,-2.123910427093506,6.1842522621154785
26496,82,1.0013171434402466,1.0013171434402466,1.0123405456542969,0.011023438535630703,1.0,1.0,0.0,0.0,0.0,276,35.87348937988281,fresh_online_exploration,0,2,1.0,1.0,7.477762699127197,-2.143627882003784,6.087362289428711
26496,91,1.0046991109848022,1.0046991109848022,1.0050526857376099,0.0003535835712682456,1.0,1.0,0.0,0.0,0.0,276,35.96833038330078,fresh_online_exploration,0,2,1.0,1.0,7.577193737030029,-2.138023614883423,6.15247917175293
26592,0,1.0053987503051758,1.0053987503051758,1.0054116249084473,1.2897098713438027e-05,1.0,1.0,0.0,0.0,0.0,277,36.036109924316406,fresh_online_exploration,0,2,1.0,1.0,7.569207191467285,-2.1170194149017334,6.122110843658447
26784,3,1.0054160356521606,1.0054160356521606,1.0055712461471558,0.00015517877181991935,1.0,1.0,0.0,0.0,0.0,279,36.105255126953125,fresh_online_exploration,0,2,1.0,1.0,7.640542507171631,-2.129371404647827,6.138459205627441
26784,22,1.005232810974121,1.005232810974121,1.008467197418213,0.0032343980856239796,1.0,1.0,0.0,0.0,0.0,279,35.656856536865234,fresh_online_exploration,0,2,1.0,1.0,7.402304172515869,-2.117539882659912,5.8709492683410645
26880,87,1.0001980066299438,1.0001980066299438,1.005418300628662,0.005220275837928057,1.0,1.0,0.0,0.0,0.0,280,35.588565826416016,fresh_online_exploration,0,2,1.0,1.0,7.47058629989624,-2.0952656269073486,5.656111240386963
27072,73,1.0028817653656006,1.0028817653656006,1.0041569471359253,0.001275128684937954,1.0,1.0,0.0,0.0,0.0,282,35.7017936706543,fresh_online_exploration,0,2,1.0,1.0,7.418952465057373,-2.1069703102111816,5.795803546905518
27168,46,1.0032113790512085,1.0032113790512085,1.0033938884735107,0.00018256439943797886,1.0,1.0,0.0,0.0,0.0,283,35.683631896972656,fresh_online_exploration,0,2,1.0,1.0,7.370480537414551,-2.103769302368164,5.657088756561279
27168,88,1.0023735761642456,1.0023735761642456,1.0023858547210693,1.2259927643754054e-05,1.0,1.0,0.0,0.0,0.0,283,35.70936584472656,fresh_online_exploration,0,2,1.0,1.0,7.318752765655518,-2.1355135440826416,5.667562007904053
27264,49,1.0030713081359863,1.0030713081359863,1.0030876398086548,1.632987732591573e-05,1.0,1.0,0.0,0.0,0.0,284,35.71337127685547,fresh_online_exploration,0,2,1.0,1.0,7.362712860107422,-2.1541504859924316,5.596062183380127
27360,5,1.0007150173187256,1.0007150173187256,1.0010056495666504,0.00029055317281745374,1.0,1.0,0.0,0.0,0.0,285,35.677364349365234,fresh_online_exploration,0,2,1.0,1.0,7.367655277252197,-2.1297078132629395,5.539412498474121
27360,29,1.0048143863677979,1.0048143863677979,1.0049123764038086,9.789533214643598e-05,1.0,1.0,0.0,0.0,0.0,285,35.74663543701172,fresh_online_exploration,0,2,1.0,1.0,7.4586873054504395,-2.1389105319976807,5.532781600952148
27360,38,1.0052168369293213,1.0052168369293213,1.0069944858551025,0.001777776749804616,1.0,1.0,0.0,0.0,0.0,285,35.780487060546875,fresh_online_exploration,0,2,1.0,1.0,7.435385704040527,-2.1183953285217285,5.566989898681641
27456,47,1.0032165050506592,1.0032165050506592,1.0039921998977661,0.0007757355342619121,1.0,1.0,0.0,0.0,0.0,286,35.79335021972656,fresh_online_exploration,0,2,1.0,1.0,7.3982062339782715,-2.1219592094421387,5.635275840759277
27456,48,1.0023372173309326,1.0023372173309326,1.0023670196533203,2.9793576686643064e-05,1.0,1.0,0.0,0.0,0.0,286,35.7615966796875,fresh_online_exploration,0,2,1.0,1.0,7.420255661010742,-2.1192522048950195,5.517935752868652
27456,66,1.0014429092407227,1.0014429092407227,1.012449026107788,0.0110061289742589,1.0,1.0,0.0,0.0,0.0,286,35.74266815185547,fresh_online_exploration,0,2,1.0,1.0,7.282036304473877,-2.120448589324951,5.554579734802246
27456,75,1.0007846355438232,1.0007846355438232,1.0008012056350708,1.657754364714492e-05,1.0,1.0,0.0,0.0,0.0,286,35.725730895996094,fresh_online_exploration,0,2,1.0,1.0,7.338700771331787,-2.1331286430358887,5.563743591308594
27456,80,1.00411856174469,1.00411856174469,1.0050597190856934,0.0009411525097675622,1.0,1.0,0.0,0.0,0.0,286,35.783409118652344,fresh_online_exploration,0,2,1.0,1.0,7.394685745239258,-2.111515760421753,5.591338157653809
27552,21,1.0017257928848267,1.0017257928848267,1.0032540559768677,0.0015282193198800087,1.0,1.0,0.0,0.0,0.0,287,35.75862503051758,fresh_online_exploration,0,2,1.0,1.0,7.472617149353027,-2.114227294921875,5.495598793029785
27552,28,1.002102255821228,1.002102255821228,1.0076930522918701,0.005590705666691065,1.0,1.0,0.0,0.0,0.0,287,35.71563720703125,fresh_online_exploration,0,2,1.0,1.0,7.523650169372559,-2.131802797317505,5.411585330963135
27552,57,1.003125786781311,1.003125786781311,1.0031682252883911,4.243939838488586e-05,1.0,1.0,0.0,0.0,0.0,287,35.80179977416992,fresh_online_exploration,0,2,1.0,1.0,7.447216510772705,-2.120807409286499,5.510510444641113
27552,93,1.001055121421814,1.001055121421814,1.0010877847671509,3.266303610871546e-05,1.0,1.0,0.0,0.0,0.0,287,35.798583984375,fresh_online_exploration,0,2,1.0,1.0,7.477225303649902,-2.135467529296875,5.501008987426758
27552,94,1.0025521516799927,1.0025521516799927,1.0054805278778076,0.002928425557911396,1.0,1.0,0.0,0.0,0.0,287,35.78868865966797,fresh_online_exploration,0,2,1.0,1.0,7.470645427703857,-2.1074769496917725,5.52522087097168
27648,4,1.0000451803207397,1.0000451803207397,1.0099215507507324,0.009876405820250511,1.0,1.0,0.0,0.0,0.0,288,35.86994171142578,fresh_online_exploration,0,2,1.0,1.0,7.401491165161133,-2.1139791011810303,5.489727973937988
27648,16,1.0038502216339111,1.0038502216339111,1.0047672986984253,0.0009170882985927165,1.0,1.0,0.0,0.0,0.0,288,35.89775466918945,fresh_online_exploration,0,2,1.0,1.0,7.4124298095703125,-2.1274640560150146,5.408094882965088
27648,25,1.0026559829711914,1.0026559829711914,1.0035569667816162,0.0009008911438286304,1.0,1.0,0.0,0.0,0.0,288,35.76380157470703,fresh_online_exploration,0,2,1.0,1.0,7.323854446411133,-2.130734443664551,5.430047988891602
27648,52,1.00264310836792,1.00264310836792,1.0103741884231567,0.007731028366833925,1.0,1.0,0.0,0.0,0.0,288,35.92146682739258,fresh_online_exploration,0,2,1.0,1.0,7.392873287200928,-2.097217082977295,5.5124192237854
27648,62,1.0028834342956543,1.0028834342956543,1.0030977725982666,0.00021428278705570847,1.0,1.0,0.0,0.0,0.0,288,35.74542999267578,fresh_online_exploration,0,2,1.0,1.0,7.354711532592773,-2.1171889305114746,5.399326801300049
27648,67,1.0058636665344238,1.0058636665344238,1.0070234537124634,0.001159756095148623,1.0,1.0,0.0,0.0,0.0,288,35.88340377807617,fresh_online_exploration,0,2,1.0,1.0,7.33351993560791,-2.1135759353637695,5.525485038757324
27648,71,1.0060913562774658,1.0060913562774658,1.0060997009277344,8.355703357665334e-06,1.0,1.0,0.0,0.0,0.0,288,35.890926361083984,fresh_online_exploration,0,2,1.0,1.0,7.321015357971191,-2.1151132583618164,5.5488362312316895
27744,10,1.0043048858642578,1.0043048858642578,1.0044755935668945,0.00017075064533855766,1.0,1.0,0.0,0.0,0.0,289,35.880615234375,fresh_online_exploration,0,2,1.0,1.0,7.4001641273498535,-2.1251485347747803,5.451326370239258
27744,35,1.0028125047683716,1.0028125047683716,1.011648178100586,0.00883576925843954,1.0,1.0,0.0,0.0,0.0,289,35.80134201049805,fresh_online_exploration,0,2,1.0,1.0,7.4009623527526855,-2.122722625732422,5.404557228088379
27744,36,1.0013625621795654,1.0013625621795654,1.0092942714691162,0.007931909523904324,1.0,1.0,0.0,0.0,0.0,289,35.82927703857422,fresh_online_exploration,0,2,1.0,1.0,7.322392463684082,-2.118483543395996,5.469834804534912
27744,45,1.0040150880813599,1.0040150880813599,1.004152536392212,0.00013739759742747992,1.0,1.0,0.0,0.0,0.0,289,35.85589599609375,fresh_online_exploration,0,2,1.0,1.0,7.325361728668213,-2.136476993560791,5.396792411804199
27840,1,1.004456877708435,1.004456877708435,1.0044962167739868,3.928274236386642e-05,1.0,1.0,0.0,0.0,0.0,290,35.92021179199219,fresh_online_exploration,0,2,1.0,1.0,7.421758651733398,-2.1402747631073,5.369994163513184
27840,17,1.0031383037567139,1.0031383037567139,1.0031538009643555,1.5485809853998944e-05,1.0,1.0,0.0,0.0,0.0,290,35.82470703125,fresh_online_exploration,0,2,1.0,1.0,7.372810363769531,-2.120403528213501,5.363596439361572
27840,37,1.0014365911483765,1.0014365911483765,1.004645586013794,0.0032090756576508284,1.0,1.0,0.0,0.0,0.0,290,35.793296813964844,fresh_online_exploration,0,2,1.0,1.0,7.366855621337891,-2.106454849243164,5.385961055755615
27840,42,1.0022274255752563,1.0022274255752563,1.007775068283081,0.005547662265598774,1.0,1.0,0.0,0.0,0.0,290,35.8252067565918,fresh_online_exploration,0,2,1.0,1.0,7.406786918640137,-2.1335620880126953,5.363190650939941
27840,51,1.000664472579956,1.000664472579956,1.0016484260559082,0.0009840525453910232,1.0,1.0,0.0,0.0,0.0,290,35.81261444091797,fresh_online_exploration,0,2,1.0,1.0,7.329080581665039,-2.09765887260437,5.377659797668457
27840,58,1.0045655965805054,1.0045655965805054,1.0047450065612793,0.00017942165140993893,1.0,1.0,0.0,0.0,0.0,290,35.886478424072266,fresh_online_exploration,0,2,1.0,1.0,7.325893402099609,-2.1430156230926514,5.362246036529541
27840,86,1.0039069652557373,1.0039069652557373,1.0039188861846924,1.1953807188547216e-05,1.0,1.0,0.0,0.0,0.0,290,35.86602783203125,fresh_online_exploration,0,2,1.0,1.0,7.329613208770752,-2.1168673038482666,5.351340293884277
27936,64,1.0026191473007202,1.0026191473007202,1.011176347732544,0.008557253517210484,1.0,1.0,0.0,0.0,0.0,291,35.8817138671875,fresh_online_exploration,0,2,1.0,1.0,7.3786821365356445,-2.1343700885772705,5.414945602416992
27936,81,1.000724196434021,1.000724196434021,1.001183032989502,0.00045884729479439557,1.0,1.0,0.0,0.0,0.0,291,35.82710647583008,fresh_online_exploration,0,2,1.0,1.0,7.357048511505127,-2.1283888816833496,5.281383037567139
28032,72,1.0065186023712158,1.0065186023712158,1.009371042251587,0.00285246130079031,1.0,1.0,0.0,0.0,0.0,292,35.976097106933594,fresh_online_exploration,0,2,1.0,1.0,7.381491661071777,-2.1479434967041016,5.297662258148193
28128,14,1.0019028186798096,1.0019028186798096,1.0020262002944946,0.0001234356313943863,1.0,1.0,0.0,0.0,0.0,293,35.921234130859375,fresh_online_exploration,0,2,1.0,1.0,7.3332929611206055,-2.127307891845703,5.260621070861816
28128,41,1.0039970874786377,1.0039970874786377,1.0047001838684082,0.0007031182758510113,1.0,1.0,0.0,0.0,0.0,293,35.96599578857422,fresh_online_exploration,0,2,1.0,1.0,7.3352885246276855,-2.118727684020996,5.2905073165893555
28224,56,1.0033996105194092,1.0033996105194092,1.0044245719909668,0.00102496356703341,1.0,1.0,0.0,0.0,0.0,294,35.95680618286133,fresh_online_exploration,0,2,1.0,1.0,7.265708923339844,-2.1092357635498047,5.323151111602783
28224,68,1.003486156463623,1.003486156463623,1.003739356994629,0.0002532280923333019,1.0,1.0,0.0,0.0,0.0,294,35.98185348510742,fresh_online_exploration,0,2,1.0,1.0,7.353475570678711,-2.1204588413238525,5.280468940734863
28224,78,1.004338026046753,1.004338026046753,1.0043561458587646,1.8142811313737184e-05,1.0,1.0,0.0,0.0,0.0,294,36.0200309753418,fresh_online_exploration,0,2,1.0,1.0,7.2487053871154785,-2.121464252471924,5.24038028717041
28320,8,1.0049821138381958,1.0049821138381958,1.0050759315490723,9.372089698445052e-05,1.0,1.0,0.0,0.0,0.0,295,36.045623779296875,fresh_online_exploration,0,2,1.0,1.0,7.398182392120361,-2.123298168182373,5.31730842590332
28320,43,1.0047001838684082,1.0047001838684082,1.0058952569961548,0.0011950171319767833,1.0,1.0,0.0,0.0,0.0,295,36.103492736816406,fresh_online_exploration,0,2,1.0,1.0,7.183247089385986,-2.126852512359619,5.20230770111084
28416,13,1.0013517141342163,1.0013517141342163,1.0018644332885742,0.0005127360345795751,1.0,1.0,0.0,0.0,0.0,296,35.937862396240234,fresh_online_exploration,0,2,1.0,1.0,7.150732040405273,-2.1250669956207275,5.179618835449219
28416,23,1.0012680292129517,1.0012680292129517,1.001373052597046,0.00010504254896659404,1.0,1.0,0.0,0.0,0.0,296,35.938148498535156,fresh_online_exploration,0,2,1.0,1.0,7.1698832511901855,-2.154686212539673,5.115701675415039
28416,30,1.0020498037338257,1.0020498037338257,1.0021443367004395,9.451538790017366e-05,1.0,1.0,0.0,0.0,0.0,296,35.983367919921875,fresh_online_exploration,0,2,1.0,1.0,7.297251224517822,-2.13783860206604,5.178552627563477
28416,63,1.0051556825637817,1.0051556825637817,1.0053523778915405,0.00019671322661451995,1.0,1.0,0.0,0.0,0.0,296,36.08438491821289,fresh_online_exploration,0,2,1.0,1.0,7.261606693267822,-2.141162633895874,5.241456985473633
28416,95,1.0057824850082397,1.0057824850082397,1.0060267448425293,0.0002442565164528787,1.0,1.0,0.0,0.0,0.0,296,36.06606674194336,fresh_online_exploration,0,2,1.0,1.0,7.350213050842285,-2.1184444427490234,5.220149040222168
28512,2,1.000920295715332,1.000920295715332,1.0011273622512817,0.00020709109958261251,1.0,1.0,0.0,0.0,0.0,297,35.99577331542969,fresh_online_exploration,0,2,1.0,1.0,7.255619525909424,-2.1232988834381104,5.1666154861450195
28512,55,1.0029027462005615,1.0029027462005615,1.002910852432251,8.07262858870672e-06,1.0,1.0,0.0,0.0,0.0,297,36.007755279541016,fresh_online_exploration,0,2,1.0,1.0,7.258186340332031,-2.153735876083374,5.174108028411865
28512,65,1.0049041509628296,1.0049041509628296,1.0050355195999146,0.00013138141366653144,1.0,1.0,0.0,0.0,0.0,297,36.06807327270508,fresh_online_exploration,0,2,1.0,1.0,7.296319484710693,-2.1195900440216064,5.181164264678955
28512,83,1.004023790359497,1.004023790359497,1.0056214332580566,0.0015976678114384413,1.0,1.0,0.0,0.0,0.0,297,36.05730438232422,fresh_online_exploration,0,2,1.0,1.0,7.315732955932617,-2.1188817024230957,5.213912487030029
28608,18,1.001875638961792,1.001875638961792,1.002474308013916,0.0005986967589706182,1.0,1.0,0.0,0.0,0.0,298,36.060752868652344,fresh_online_exploration,0,2,1.0,1.0,7.247281074523926,-2.1165168285369873,5.126582145690918
28608,34,1.00220787525177,1.00220787525177,1.0025079250335693,0.0003000304277520627,1.0,1.0,0.0,0.0,0.0,298,36.02912139892578,fresh_online_exploration,0,2,1.0,1.0,7.301558494567871,-2.129426956176758,5.153304100036621
28608,69,1.0042985677719116,1.0042985677719116,1.0045592784881592,0.00026061496464535594,1.0,1.0,0.0,0.0,0.0,298,36.07361602783203,fresh_online_exploration,0,2,1.0,1.0,7.309845447540283,-2.1262245178222656,5.178402423858643
28704,92,1.0013682842254639,1.0013682842254639,1.002650499343872,0.001282264245674014,1.0,1.0,0.0,0.0,0.0,299,36.016300201416016,fresh_online_exploration,0,2,1.0,1.0,7.259767055511475,-2.116039991378784,5.080265045166016
52128,84,1.0032320022583008,1.0032320022583008,1.016169786453247,0.012937717139720917,1.0,1.0,0.0,0.0,0.0,272,35.819942474365234,fresh_online_exploration,2,5,1.0,1.0,8.429610252380371,-0.676080584526062,6.3288679122924805
52320,85,1.0018101930618286,1.0018101930618286,1.0019482374191284,0.0001380343601340428,1.0,1.0,0.0,0.0,0.0,274,35.85981750488281,fresh_online_exploration,2,5,1.0,1.0,8.448866844177246,-0.7053429484367371,6.238404750823975
52416,19,1.0024842023849487,1.0024842023849487,1.0025678873062134,8.369282295461744e-05,1.0,1.0,0.0,0.0,0.0,273,35.83837890625,fresh_online_exploration,2,5,1.0,1.0,8.43935489654541,-0.6983603239059448,6.259005546569824
52416,59,1.0019484758377075,1.0019484758377075,1.0020012855529785,5.288138709147461e-05,1.0,1.0,0.0,0.0,0.0,273,35.79686737060547,fresh_online_exploration,2,5,1.0,1.0,8.41374683380127,-0.656607985496521,6.271114349365234
52416,79,1.0017067193984985,1.0017067193984985,1.004595160484314,0.0028884808998554945,1.0,1.0,0.0,0.0,0.0,272,35.81147766113281,fresh_online_exploration,2,5,1.0,1.0,8.40957260131836,-0.6945506930351257,6.274234294891357
52512,70,1.0015324354171753,1.0015324354171753,1.0157341957092285,0.014201887883245945,1.0,1.0,0.0,0.0,0.0,274,35.829410552978516,fresh_online_exploration,2,5,1.0,1.0,8.368890762329102,-0.6702795028686523,6.205854415893555
52608,15,1.0038573741912842,1.0038573741912842,1.009732723236084,0.0058754812926054,1.0,1.0,0.0,0.0,0.0,276,35.95711898803711,fresh_online_exploration,2,5,1.0,1.0,8.328022003173828,-0.7099064588546753,6.137791633605957
52608,82,1.0038856267929077,1.0038856267929077,1.0042040348052979,0.00031849482911638916,1.0,1.0,0.0,0.0,0.0,272,35.79514694213867,fresh_online_exploration,2,5,1.0,1.0,8.455244064331055,-0.6848701238632202,6.407284259796143
52704,24,1.0016846656799316,1.0016846656799316,1.002959966659546,0.0012752944603562355,1.0,1.0,0.0,0.0,0.0,275,35.88813018798828,fresh_online_exploration,2,5,1.0,1.0,8.436220169067383,-0.6937180757522583,6.1787567138671875
52704,26,1.004257082939148,1.004257082939148,1.004349708557129,9.261623927159235e-05,1.0,1.0,0.0,0.0,0.0,277,36.02448272705078,fresh_online_exploration,2,5,1.0,1.0,8.402105331420898,-0.7476154565811157,6.149296283721924
52704,90,1.0037428140640259,1.0037428140640259,1.0116738080978394,0.00793114211410284,1.0,1.0,0.0,0.0,0.0,275,35.91365432739258,fresh_online_exploration,2,5,1.0,1.0,8.492843627929688,-0.7199090123176575,6.308260917663574
52800,54,1.0033447742462158,1.0033447742462158,1.0057870149612427,0.002442274708300829,1.0,1.0,0.0,0.0,0.0,276,35.94429397583008,fresh_online_exploration,2,5,1.0,1.0,8.413875579833984,-0.716308057308197,6.182496070861816
52992,77,1.001015067100525,1.001015067100525,1.0041598081588745,0.0031447301153093576,1.0,1.0,0.0,0.0,0.0,278,35.98603057861328,fresh_online_exploration,2,5,1.0,1.0,8.435989379882812,-0.7274163961410522,6.022536277770996
53184,11,1.0029352903366089,1.0029352903366089,1.004915714263916,0.0019804732874035835,1.0,1.0,0.0,0.0,0.0,282,35.636558532714844,fresh_online_exploration,2,5,1.0,1.0,8.135544776916504,-0.7291393876075745,5.667505264282227
53280,33,1.0013097524642944,1.0013097524642944,1.0016217231750488,0.0003120211767964065,1.0,1.0,0.0,0.0,0.0,285,35.7529296875,fresh_online_exploration,2,5,1.0,1.0,8.186917304992676,-0.7476741671562195,5.541048049926758
53280,46,1.0066126585006714,1.0066126585006714,1.0066215991973877,8.921559128793888e-06,1.0,1.0,0.0,0.0,0.0,272,35.50694274902344,fresh_online_exploration,2,5,1.0,1.0,8.098565101623535,-0.6465428471565247,6.04154109954834
53472,48,1.004189372062683,1.004189372062683,1.0218373537063599,0.017647894099354744,1.0,1.0,0.0,0.0,0.0,271,35.82164764404297,fresh_online_exploration,2,5,1.0,1.0,8.485335350036621,-0.6392433047294617,6.385157108306885
53568,89,1.0020062923431396,1.0020062923431396,1.0091222524642944,0.007115945219993591,1.0,1.0,0.0,0.0,0.0,286,35.7244873046875,fresh_online_exploration,2,5,1.0,1.0,8.131885528564453,-0.7367147207260132,5.615777969360352
53664,21,1.003320336341858,1.003320336341858,1.0108122825622559,0.0074919587932527065,1.0,1.0,0.0,0.0,0.0,272,35.82752227783203,fresh_online_exploration,2,5,1.0,1.0,8.548391342163086,-0.5996118783950806,6.3751444816589355
53664,22,1.0041545629501343,1.0041545629501343,1.005979061126709,0.0018244509119540453,1.0,1.0,0.0,0.0,0.0,280,35.66014862060547,fresh_online_exploration,2,5,1.0,1.0,8.070209503173828,-0.5760213732719421,5.800671577453613
53664,60,1.0058848857879639,1.0058848857879639,1.007063388824463,0.0011784982634708285,1.0,1.0,0.0,0.0,0.0,284,35.771549224853516,fresh_online_exploration,2,5,1.0,1.0,8.122974395751953,-0.6830314993858337,5.632165908813477
53760,94,1.0054775476455688,1.0054775476455688,1.0111474990844727,0.005669828969985247,1.0,1.0,0.0,0.0,0.0,273,35.89030456542969,fresh_online_exploration,2,5,1.0,1.0,8.47000503540039,-0.6276540160179138,6.2809648513793945
53856,39,1.0050344467163086,1.0050344467163086,1.0104035139083862,0.0053691319189965725,1.0,1.0,0.0,0.0,0.0,290,35.921085357666016,fresh_online_exploration,2,5,1.0,1.0,8.192510604858398,-0.6741597652435303,5.436673164367676
53856,40,1.0001639127731323,1.0001639127731323,1.0010038614273071,0.0008399264770559967,1.0,1.0,0.0,0.0,0.0,285,35.70504379272461,fresh_online_exploration,2,5,1.0,1.0,8.085371017456055,-0.693118155002594,5.52831506729126
53856,57,1.0012363195419312,1.0012363195419312,1.0040538311004639,0.0028175320476293564,1.0,1.0,0.0,0.0,0.0,274,35.83302307128906,fresh_online_exploration,2,5,1.0,1.0,8.45089054107666,-0.6604457497596741,6.178779602050781
53856,74,1.0015699863433838,1.0015699863433838,1.0016043186187744,3.430333890719339e-05,1.0,1.0,0.0,0.0,0.0,285,35.68045425415039,fresh_online_exploration,2,5,1.0,1.0,8.046311378479004,-0.6567537784576416,5.534500598907471
53952,6,1.0027967691421509,1.0027967691421509,1.0093295574188232,0.006532707717269659,1.0,1.0,0.0,0.0,0.0,287,35.76369094848633,fresh_online_exploration,2,5,1.0,1.0,8.172563552856445,-0.6700361967086792,5.533276081085205
53952,35,1.0007390975952148,1.0007390975952148,1.0189170837402344,0.018177958205342293,1.0,1.0,0.0,0.0,0.0,273,35.83042526245117,fresh_online_exploration,2,5,1.0,1.0,8.428089141845703,-0.6603553891181946,6.219803333282471
54048,27,1.0012362003326416,1.0012362003326416,1.0021178722381592,0.0008816636400297284,1.0,1.0,0.0,0.0,0.0,288,35.7784538269043,fresh_online_exploration,2,5,1.0,1.0,8.066232681274414,-0.6295734643936157,5.36605167388916
54048,58,1.0036420822143555,1.0036420822143555,1.0176345109939575,0.013992530293762684,1.0,1.0,0.0,0.0,0.0,273,35.80321502685547,fresh_online_exploration,2,5,1.0,1.0,8.460976600646973,-0.6431848406791687,6.361056804656982
54048,67,1.0022022724151611,1.0022022724151611,1.002258062362671,5.5744065321050584e-05,1.0,1.0,0.0,0.0,0.0,275,35.89030838012695,fresh_online_exploration,2,5,1.0,1.0,8.417840957641602,-0.5699496269226074,6.150198936462402
54048,91,1.0000466108322144,1.0000466108322144,1.0013320446014404,0.0012853837106376886,1.0,1.0,0.0,0.0,0.0,287,35.768341064453125,fresh_online_exploration,2,5,1.0,1.0,8.207401275634766,-0.6575604677200317,5.535842418670654
54144,9,1.0036348104476929,1.0036348104476929,1.0146405696868896,0.011005961336195469,1.0,1.0,0.0,0.0,0.0,289,35.861175537109375,fresh_online_exploration,2,5,1.0,1.0,8.260477066040039,-0.6605505347251892,5.474964141845703
54144,50,1.0033451318740845,1.0033451318740845,1.00830078125,0.0049556223675608635,1.0,1.0,0.0,0.0,0.0,288,35.7662467956543,fresh_online_exploration,2,5,1.0,1.0,8.177337646484375,-0.6689646244049072,5.429793357849121
54144,64,1.0000598430633545,1.0000598430633545,1.0069096088409424,0.0068497792817652225,1.0,1.0,0.0,0.0,0.0,273,35.79677200317383,fresh_online_exploration,2,5,1.0,1.0,8.39988899230957,-0.629278838634491,6.271101474761963
54144,71,1.0007370710372925,1.0007370710372925,1.0009931325912476,0.00025605110567994416,1.0,1.0,0.0,0.0,0.0,276,35.91012191772461,fresh_online_exploration,2,5,1.0,1.0,8.370657920837402,-0.6505231261253357,6.111148357391357
54144,73,1.0052242279052734,1.0052242279052734,1.0057220458984375,0.0004978040815331042,1.0,1.0,0.0,0.0,0.0,282,36.153995513916016,fresh_online_exploration,2,5,1.0,1.0,8.348257064819336,-0.6571017503738403,5.890844345092773
54144,75,1.0008726119995117,1.0008726119995117,1.0050983428955078,0.004225670360028744,1.0,1.0,0.0,0.0,0.0,278,35.95683288574219,fresh_online_exploration,2,5,1.0,1.0,8.335979461669922,-0.6436803340911865,6.056853771209717
54144,81,1.0006684064865112,1.0006684064865112,1.0102061033248901,0.009537726640701294,1.0,1.0,0.0,0.0,0.0,273,35.825565338134766,fresh_online_exploration,2,5,1.0,1.0,8.41943645477295,-0.6134693026542664,6.2856245040893555
54336,37,1.004177451133728,1.004177451133728,1.004257082939148,7.959822687553242e-05,1.0,1.0,0.0,0.0,0.0,276,36.01008605957031,fresh_online_exploration,2,5,1.0,1.0,8.415852546691895,-0.6338472962379456,6.1454315185546875
54336,44,1.0033091306686401,1.0033091306686401,1.0034584999084473,0.00014939239190425724,1.0,1.0,0.0,0.0,0.0,292,35.924652099609375,fresh_online_exploration,2,5,1.0,1.0,8.188691139221191,-0.6987364888191223,5.318170070648193
54336,52,1.0018410682678223,1.0018410682678223,1.0018662214279175,2.516318272682838e-05,1.0,1.0,0.0,0.0,0.0,278,35.963253021240234,fresh_online_exploration,2,5,1.0,1.0,8.4746675491333,-0.6036081314086914,6.091075420379639
54336,61,1.0043038129806519,1.0043038129806519,1.013538122177124,0.00923437625169754,1.0,1.0,0.0,0.0,0.0,292,35.98973083496094,fresh_online_exploration,2,5,1.0,1.0,8.030141830444336,-0.7013875842094421,5.367642879486084
54432,7,1.00139582157135,1.00139582157135,1.0022265911102295,0.0008308088290505111,1.0,1.0,0.0,0.0,0.0,295,35.9342041015625,fresh_online_exploration,2,5,1.0,1.0,8.056966781616211,-0.7077937126159668,5.221042156219482
54432,12,1.0058499574661255,1.0058499574661255,1.0107074975967407,0.004857589490711689,1.0,1.0,0.0,0.0,0.0,291,35.99645233154297,fresh_online_exploration,2,5,1.0,1.0,8.210458755493164,-0.6631981730461121,5.3577704429626465
54432,41,1.004047155380249,1.004047155380249,1.012603521347046,0.008556371554732323,1.0,1.0,0.0,0.0,0.0,274,35.916114807128906,fresh_online_exploration,2,5,1.0,1.0,8.408390998840332,-0.6185001730918884,6.253497123718262
54528,0,1.0058465003967285,1.0058465003967285,1.0067898035049438,0.0009433206869289279,1.0,1.0,0.0,0.0,0.0,291,35.98564910888672,fresh_online_exploration,2,5,1.0,1.0,8.177621841430664,-0.6957745552062988,5.330820560455322
54528,53,1.0008888244628906,1.0008888244628906,1.0010524988174438,0.000163672782946378,1.0,1.0,0.0,0.0,0.0,295,35.93501663208008,fresh_online_exploration,2,5,1.0,1.0,8.126852989196777,-0.6736605763435364,5.213365077972412
54624,51,1.003309726715088,1.003309726715088,1.003483772277832,0.0001740697625791654,1.0,1.0,0.0,0.0,0.0,279,36.052589416503906,fresh_online_exploration,2,5,1.0,1.0,8.32621955871582,-0.6407490968704224,5.9643940925598145
54624,87,1.0012884140014648,1.0012884140014648,1.0114855766296387,0.010197046212852001,1.0,1.0,0.0,0.0,0.0,289,35.808494567871094,fresh_online_exploration,2,5,1.0,1.0,8.153337478637695,-0.6753307580947876,5.497733116149902
54816,20,1.0027660131454468,1.0027660131454468,1.0027744770050049,8.478687050228473e-06,1.0,1.0,0.0,0.0,0.0,295,35.95037078857422,fresh_online_exploration,2,5,1.0,1.0,8.060952186584473,-0.5920306444168091,5.194778919219971
54816,29,1.0050917863845825,1.0050917863845825,1.0115605592727661,0.006468814332038164,1.0,1.0,0.0,0.0,0.0,286,35.74401092529297,fresh_online_exploration,2,5,1.0,1.0,8.242466926574707,-0.6549068689346313,5.484931945800781
54816,32,1.002433180809021,1.002433180809021,1.0027499198913574,0.00031677671358920634,1.0,1.0,0.0,0.0,0.0,295,35.96135330200195,fresh_online_exploration,2,5,1.0,1.0,8.138581275939941,-0.6416651010513306,5.228283882141113
54816,43,1.0004018545150757,1.0004018545150757,1.0033252239227295,0.002923311199992895,1.0,1.0,0.0,0.0,0.0,276,35.856224060058594,fresh_online_exploration,2,5,1.0,1.0,8.449484825134277,-0.6170865297317505,6.156170845031738
54816,56,1.0063068866729736,1.0063068866729736,1.0072546005249023,0.0009476691484451294,1.0,1.0,0.0,0.0,0.0,277,35.59423065185547,fresh_online_exploration,2,5,1.0,1.0,8.093687057495117,-0.6006655693054199,5.791414260864258
54816,92,1.0022400617599487,1.0022400617599487,1.0149705410003662,0.012730457819998264,1.0,1.0,0.0,0.0,0.0,272,35.792415618896484,fresh_online_exploration,2,5,1.0,1.0,8.486108779907227,-0.627659797668457,6.350980281829834
54912,8,1.0048413276672363,1.0048413276672363,1.0050432682037354,0.0002019898092839867,1.0,1.0,0.0,0.0,0.0,277,36.00490951538086,fresh_online_exploration,2,5,1.0,1.0,8.45280647277832,-0.6075729727745056,6.12546443939209
54912,72,1.0007628202438354,1.0007628202438354,1.00077223777771,9.361625416204333e-06,1.0,1.0,0.0,0.0,0.0,280,36.02967071533203,fresh_online_exploration,2,5,1.0,1.0,8.34934139251709,-0.6291196942329407,5.99970817565918
54912,88,1.0054036378860474,1.0054036378860474,1.0164079666137695,0.011004417203366756,1.0,1.0,0.0,0.0,0.0,289,35.88654708862305,fresh_online_exploration,2,5,1.0,1.0,8.18984317779541,-0.6932677626609802,5.44417667388916
55008,30,1.0027445554733276,1.0027445554733276,1.0030019283294678,0.00025728781474754214,1.0,1.0,0.0,0.0,0.0,277,35.977169036865234,fresh_online_exploration,2,5,1.0,1.0,8.478595733642578,-0.5707381963729858,6.0736870765686035
55008,49,1.000385046005249,1.000385046005249,1.0005719661712646,0.00018693228776101023,1.0,1.0,0.0,0.0,0.0,289,35.774169921875,fresh_online_exploration,2,5,1.0,1.0,8.195822715759277,-0.5965163111686707,5.409355163574219
55104,13,1.0045032501220703,1.0045032501220703,1.0048184394836426,0.0003150973643641919,1.0,1.0,0.0,0.0,0.0,278,35.98854446411133,fresh_online_exploration,2,5,1.0,1.0,8.435595512390137,-0.5735546946525574,6.097992897033691
55104,47,1.0029088258743286,1.0029088258743286,1.0210806131362915,0.018171660602092743,1.0,1.0,0.0,0.0,0.0,288,35.80314636230469,fresh_online_exploration,2,5,1.0,1.0,8.131499290466309,-0.693618655204773,5.478964328765869
55104,65,1.0033459663391113,1.0033459663391113,1.0033977031707764,5.170125950826332e-05,1.0,1.0,0.0,0.0,0.0,277,36.00846481323242,fresh_online_exploration,2,5,1.0,1.0,8.481313705444336,-0.5745077729225159,6.069921970367432
55104,78,1.0040395259857178,1.0040395259857178,1.0046229362487793,0.0005833783652633429,1.0,1.0,0.0,0.0,0.0,280,36.05571365356445,fresh_online_exploration,2,5,1.0,1.0,8.391718864440918,-0.6429087519645691,5.9557952880859375
55200,4,1.0055640935897827,1.0055640935897827,1.0153396129608154,0.009775380603969097,1.0,1.0,0.0,0.0,0.0,287,35.79603576660156,fresh_online_exploration,2,5,1.0,1.0,8.226531028747559,-0.6215085387229919,5.519678115844727
55296,18,1.0029321908950806,1.0029321908950806,1.0037059783935547,0.0007738532731309533,1.0,1.0,0.0,0.0,0.0,278,36.00288009643555,fresh_online_exploration,2,5,1.0,1.0,8.36080551147461,-0.6235877275466919,6.090055465698242
55296,38,1.0054517984390259,1.0054517984390259,1.0061827898025513,0.000731050968170166,1.0,1.0,0.0,0.0,0.0,291,35.975128173828125,fresh_online_exploration,2,5,1.0,1.0,8.11174201965332,-0.6284838914871216,5.344351291656494
55296,69,1.000701665878296,1.000701665878296,1.0031851530075073,0.0024835257790982723,1.0,1.0,0.0,0.0,0.0,278,35.9778938293457,fresh_online_exploration,2,5,1.0,1.0,8.43857192993164,-0.6090222001075745,6.073975563049316
55296,86,1.0007567405700684,1.0007567405700684,1.0011780261993408,0.00042122567538172007,1.0,1.0,0.0,0.0,0.0,286,35.72468566894531,fresh_online_exploration,2,5,1.0,1.0,8.150379180908203,-0.6245498061180115,5.5172858238220215
55392,36,1.0005782842636108,1.0005782842636108,1.0051161050796509,0.004537774715572596,1.0,1.0,0.0,0.0,0.0,288,35.738380432128906,fresh_online_exploration,2,5,1.0,1.0,8.162125587463379,-0.6611015796661377,5.464980125427246
55392,45,1.0033897161483765,1.0033897161483765,1.0055439472198486,0.0021542604081332684,1.0,1.0,0.0,0.0,0.0,288,35.781681060791016,fresh_online_exploration,2,5,1.0,1.0,8.19072437286377,-0.6636115908622742,5.456153392791748
55392,76,1.003705382347107,1.003705382347107,1.0038365125656128,0.00013110748841427267,1.0,1.0,0.0,0.0,0.0,301,36.148799896240234,fresh_online_exploration,2,5,1.0,1.0,7.999114513397217,-0.6473168730735779,5.069704532623291
55488,3,1.002933382987976,1.002933382987976,1.0031321048736572,0.00019867203081957996,1.0,1.0,0.0,0.0,0.0,299,36.07930374145508,fresh_online_exploration,2,5,1.0,1.0,8.028848648071289,-0.6321606040000916,5.118860244750977
55488,5,1.0044924020767212,1.0044924020767212,1.006061315536499,0.0015689103165641427,1.0,1.0,0.0,0.0,0.0,293,35.880165100097656,fresh_online_exploration,2,5,1.0,1.0,8.100029945373535,-0.6460760831832886,5.273932933807373
55488,17,1.0033583641052246,1.0033583641052246,1.005691409111023,0.002333079231902957,1.0,1.0,0.0,0.0,0.0,288,35.842010498046875,fresh_online_exploration,2,5,1.0,1.0,8.224787712097168,-0.6383726596832275,5.4607110023498535
55488,23,1.0047616958618164,1.0047616958618164,1.0049264430999756,0.00016477960161864758,1.0,1.0,0.0,0.0,0.0,282,36.15571594238281,fresh_online_exploration,2,5,1.0,1.0,8.330917358398438,-0.6077566742897034,5.894970417022705
55488,28,1.0000826120376587,1.0000826120376587,1.00009024143219,7.596567229484208e-06,1.0,1.0,0.0,0.0,0.0,291,35.82684326171875,fresh_online_exploration,2,5,1.0,1.0,8.117524147033691,-0.5791847705841064,5.353491306304932
55488,93,1.0036380290985107,1.0036380290985107,1.003645420074463,7.474786798411515e-06,1.0,1.0,0.0,0.0,0.0,291,35.91361999511719,fresh_online_exploration,2,5,1.0,1.0,8.194413185119629,-0.6033884286880493,5.324136257171631
55584,62,1.0019803047180176,1.0019803047180176,1.002277135848999,0.00029691116651520133,1.0,1.0,0.0,0.0,0.0,291,35.829498291015625,fresh_online_exploration,2,5,1.0,1.0,8.163189888000488,-0.6080414056777954,5.300662040710449
55680,1,1.0011656284332275,1.0011656284332275,1.0089843273162842,0.007818726822733879,1.0,1.0,0.0,0.0,0.0,290,35.776329040527344,fresh_online_exploration,2,5,1.0,1.0,8.119174003601074,-0.6670587658882141,5.337957859039307
55680,42,1.0036157369613647,1.0036157369613647,1.010002851486206,0.006387054454535246,1.0,1.0,0.0,0.0,0.0,290,35.82923126220703,fresh_online_exploration,2,5,1.0,1.0,8.162795066833496,-0.6272158622741699,5.457076072692871
55968,14,1.0015294551849365,1.0015294551849365,1.0016059875488281,7.650211045984179e-05,1.0,1.0,0.0,0.0,0.0,290,35.847129821777344,fresh_online_exploration,2,5,1.0,1.0,8.219496726989746,-0.6234779357910156,5.347812175750732
55968,66,1.0051687955856323,1.0051687955856323,1.0086488723754883,0.0034800039138644934,1.0,1.0,0.0,0.0,0.0,297,36.065696716308594,fresh_online_exploration,2,5,1.0,1.0,8.162349700927734,-0.6633362174034119,5.222086429595947
55968,80,1.0019451379776,1.0019451379776,1.0043468475341797,0.0024017663672566414,1.0,1.0,0.0,0.0,0.0,297,36.1082878112793,fresh_online_exploration,2,5,1.0,1.0,7.97181510925293,-0.6625508069992065,5.195394515991211
55968,83,1.004461407661438,1.004461407661438,1.0045170783996582,5.5643919040448964e-05,1.0,1.0,0.0,0.0,0.0,286,35.818115234375,fresh_online_exploration,2,5,1.0,1.0,8.038383483886719,-0.5516230463981628,5.6420416831970215
56064,16,1.0009821653366089,1.0009821653366089,1.0055675506591797,0.004585381597280502,1.0,1.0,0.0,0.0,0.0,296,35.974525451660156,fresh_online_exploration,2,5,1.0,1.0,8.133307456970215,-0.5893639922142029,5.2283034324646
56064,55,1.0034631490707397,1.0034631490707397,1.0120477676391602,0.008584568277001381,1.0,1.0,0.0,0.0,0.0,287,35.72631072998047,fresh_online_exploration,2,5,1.0,1.0,8.115683555603027,-0.5862417221069336,5.459036827087402
56160,25,1.0032024383544922,1.0032024383544922,1.0045368671417236,0.001334367087110877,1.0,1.0,0.0,0.0,0.0,297,36.00862121582031,fresh_online_exploration,2,5,1.0,1.0,8.08737564086914,-0.604252278804779,5.161829471588135
56160,34,1.004288673400879,1.004288673400879,1.0050556659698486,0.0007668923353776336,1.0,1.0,0.0,0.0,0.0,287,35.81279373168945,fresh_online_exploration,2,5,1.0,1.0,8.06606388092041,-0.5967224836349487,5.473736763000488
56160,95,1.004777193069458,1.004777193069458,1.0049244165420532,0.00014723108324687928,1.0,1.0,0.0,0.0,0.0,289,35.84620666503906,fresh_online_exploration,2,5,1.0,1.0,8.187074661254883,-0.5781745314598083,5.402700901031494
56448,10,1.0011435747146606,1.0011435747146606,1.0012890100479126,0.00014540263509843498,1.0,1.0,0.0,0.0,0.0,299,36.03915023803711,fresh_online_exploration,2,5,1.0,1.0,8.077085494995117,-0.6778777241706848,5.114423751831055
56544,2,1.0051013231277466,1.0051013231277466,1.0070488452911377,0.0019475463777780533,1.0,1.0,0.0,0.0,0.0,292,35.93971633911133,fresh_online_exploration,2,5,1.0,1.0,8.2307767868042,-0.5569717288017273,5.319561004638672
56640,68,1.001081109046936,1.001081109046936,1.0010898113250732,8.78779792401474e-06,1.0,1.0,0.0,0.0,0.0,296,35.96949768066406,fresh_online_exploration,2,5,1.0,1.0,8.031188011169434,-0.6210887432098389,5.2162394523620605
56736,63,1.002114176750183,1.002114176750183,1.0039267539978027,0.001812513219192624,1.0,1.0,0.0,0.0,0.0,295,35.985374450683594,fresh_online_exploration,2,5,1.0,1.0,8.171487808227539,-0.5768001079559326,5.270905494689941
57600,31,0.74375319480896,7.913873112386227e-09,0.7438064813613892,0.7438064813613892,7.913873112386227e-09,0.0,1.0,1.0,1.0,600,4.561177730560303,fresh_online_exploration,0,5,0.032085564522174925,0.32085561752319336,6.043266296386719,-2.1562061309814453,3.14705228805542
78432,84,1.0025324821472168,1.0025324821472168,1.0025402307510376,7.719943823758513e-06,1.0,1.0,0.0,0.0,0.0,274,35.898353576660156,fresh_online_exploration,5,7,1.0,1.0,8.925983428955078,0.023686252534389496,6.229650974273682
78624,59,1.0051239728927612,1.0051239728927612,1.0053991079330444,0.00027513489476405084,1.0,1.0,0.0,0.0,0.0,273,35.84117126464844,fresh_online_exploration,5,7,1.0,1.0,8.915425300598145,-0.028324127197265625,6.239378929138184
78816,70,1.0041261911392212,1.0041261911392212,1.0128307342529297,0.008704662322998047,1.0,1.0,0.0,0.0,0.0,274,35.904266357421875,fresh_online_exploration,5,7,1.0,1.0,8.975972175598145,0.05669322982430458,6.317742824554443
79008,19,1.004543423652649,1.004543423652649,1.0055263042449951,0.0009829310001805425,1.0,1.0,0.0,0.0,0.0,277,35.959983825683594,fresh_online_exploration,5,7,1.0,1.0,8.78453540802002,0.01844426989555359,6.0839619636535645
79008,79,1.0015456676483154,1.0015456676483154,1.0016237497329712,7.804993947502226e-05,1.0,1.0,0.0,0.0,0.0,277,35.961631774902344,fresh_online_exploration,5,7,1.0,1.0,8.950422286987305,0.04301193356513977,6.0700201988220215
79296,54,1.004134178161621,1.004134178161621,1.0049724578857422,0.0008382262312807143,1.0,1.0,0.0,0.0,0.0,276,35.93547058105469,fresh_online_exploration,5,7,1.0,1.0,8.87144660949707,0.03225124627351761,6.196802139282227
79392,77,1.000435471534729,1.000435471534729,1.0005074739456177,7.203963468782604e-05,1.0,1.0,0.0,0.0,0.0,275,35.863197326660156,fresh_online_exploration,5,7,1.0,1.0,8.8514986038208,0.03257177025079727,6.142857551574707
79680,48,1.0050660371780396,1.0050660371780396,1.0221452713012695,0.01707923226058483,1.0,1.0,0.0,0.0,0.0,273,35.86477279663086,fresh_online_exploration,5,7,1.0,1.0,8.906332015991211,0.07188896834850311,6.29296875
79776,33,1.000161051750183,1.000161051750183,1.0488073825836182,0.04864637553691864,1.0,1.0,0.0,0.0,0.0,276,35.40472412109375,fresh_online_exploration,5,7,0.9978378355503082,0.9783783555030823,8.961834907531738,0.11105486005544662,5.763409614562988
79968,57,1.004493236541748,1.004493236541748,1.0186984539031982,0.014205275103449821,1.0,1.0,0.0,0.0,0.0,272,35.8854866027832,fresh_online_exploration,5,7,1.0,1.0,8.956038475036621,0.05049554631114006,6.320745468139648
80064,85,1.000521183013916,1.000521183013916,1.0011652708053589,0.0006441330770030618,1.0,1.0,0.0,0.0,0.0,289,35.69976806640625,fresh_online_exploration,5,7,1.0,1.0,8.554018020629883,-0.0017406027764081955,5.375821113586426
80160,90,1.0027817487716675,1.0027817487716675,1.0060162544250488,0.0032344202045351267,1.0,1.0,0.0,0.0,0.0,286,35.766517639160156,fresh_online_exploration,5,8,1.0,1.0,8.512289047241211,0.05843707546591759,5.530579090118408
80256,26,1.0056734085083008,1.0056734085083008,1.0151286125183105,0.009455103427171707,1.0,1.0,0.0,0.0,0.0,287,35.86321258544922,fresh_online_exploration,5,8,1.0,1.0,8.605754852294922,0.04791457951068878,5.5360612869262695
80256,39,1.0051809549331665,1.0051809549331665,1.0051889419555664,8.023883310670499e-06,1.0,1.0,0.0,0.0,0.0,275,35.97754669189453,fresh_online_exploration,5,8,1.0,1.0,8.97756576538086,0.02060888335108757,6.15256404876709
80256,46,1.004369854927063,1.004369854927063,1.0070582628250122,0.002688407199457288,1.0,1.0,0.0,0.0,0.0,281,35.656429290771484,fresh_online_exploration,5,8,1.0,1.0,8.40097713470459,0.056361936032772064,5.7681403160095215
80352,21,1.0000157356262207,1.0000157356262207,1.000298261642456,0.00028249836759641767,1.0,1.0,0.0,0.0,0.0,278,35.95524597167969,fresh_online_exploration,5,8,1.0,1.0,8.93508529663086,0.03664497286081314,6.043153762817383
80352,40,1.0037932395935059,1.0037932395935059,1.0040440559387207,0.00025087123503908515,1.0,1.0,0.0,0.0,0.0,276,35.97523880004883,fresh_online_exploration,5,8,1.0,1.0,8.952021598815918,0.02182338759303093,6.1910905838012695
80448,9,1.0016714334487915,1.0016714334487915,1.0016793012619019,7.86574946687324e-06,1.0,1.0,0.0,0.0,0.0,274,35.878841400146484,fresh_online_exploration,5,8,1.0,1.0,8.952010154724121,0.045892685651779175,6.197878837585449
80448,73,1.0014108419418335,1.0014108419418335,1.0014923810958862,8.153437374858186e-05,1.0,1.0,0.0,0.0,0.0,274,35.84799575805664,fresh_online_exploration,5,8,1.0,1.0,8.927313804626465,0.05001267045736313,6.248956203460693
80544,58,1.0012145042419434,1.0012145042419434,1.0012543201446533,3.9821323298383504e-05,1.0,1.0,0.0,0.0,0.0,276,35.94378662109375,fresh_online_exploration,5,8,1.0,1.0,8.867935180664062,0.02070958912372589,6.1244401931762695
80544,64,1.0048195123672485,1.0048195123672485,1.012521743774414,0.007702123373746872,1.0,1.0,0.0,0.0,0.0,275,35.92459487915039,fresh_online_exploration,5,8,1.0,1.0,9.00828742980957,0.045897096395492554,6.254043102264404
80832,12,1.0031136274337769,1.0031136274337769,1.0049402713775635,0.0018265601247549057,1.0,1.0,0.0,0.0,0.0,275,35.93280792236328,fresh_online_exploration,5,8,1.0,1.0,9.043312072753906,0.08354747295379639,6.1913838386535645
80832,82,1.0021523237228394,1.0021523237228394,1.0021873712539673,3.5084096452919766e-05,1.0,1.0,0.0,0.0,0.0,294,35.9350700378418,fresh_online_exploration,5,8,1.0,1.0,8.516712188720703,-0.04127592593431473,5.231705665588379
80832,88,1.0007514953613281,1.0007514953613281,1.0105383396148682,0.009786914102733135,1.0,1.0,0.0,0.0,0.0,270,35.727169036865234,fresh_online_exploration,5,8,1.0,1.0,8.961194038391113,0.09179238229990005,6.4245710372924805
80928,24,1.0016961097717285,1.0016961097717285,1.0028705596923828,0.0011744328076019883,1.0,1.0,0.0,0.0,0.0,294,35.84407424926758,fresh_online_exploration,5,8,1.0,1.0,8.484548568725586,0.08061069250106812,5.2063374519348145
81024,15,1.0026793479919434,1.0026793479919434,1.0028966665267944,0.00021730376465711743,1.0,1.0,0.0,0.0,0.0,296,36.0900993347168,fresh_online_exploration,5,8,1.0,1.0,8.501620292663574,0.017156174406409264,5.199765205383301
81120,43,1.0011019706726074,1.0011019706726074,1.001190185546875,8.820387301966548e-05,1.0,1.0,0.0,0.0,0.0,274,35.85009765625,fresh_online_exploration,5,8,1.0,1.0,8.938146591186523,0.12055578082799911,6.183078765869141
81120,89,1.0017973184585571,1.0017973184585571,1.0080814361572266,0.006284087430685759,1.0,1.0,0.0,0.0,0.0,287,35.72276306152344,fresh_online_exploration,5,8,1.0,1.0,8.46342658996582,0.06324975192546844,5.519002437591553
81312,61,1.0041821002960205,1.0041821002960205,1.0044087171554565,0.00022659226669929922,1.0,1.0,0.0,0.0,0.0,281,36.11499786376953,fresh_online_exploration,5,8,1.0,1.0,8.886871337890625,0.048817217350006104,5.957936763763428
81504,94,1.006422758102417,1.006422758102417,1.007995367050171,0.0015725709963589907,1.0,1.0,0.0,0.0,0.0,289,35.89085388183594,fresh_online_exploration,5,8,1.0,1.0,8.564253807067871,0.08294577896595001,5.42370080947876
81600,13,1.0040740966796875,1.0040740966796875,1.0051103830337524,0.0010363003239035606,1.0,1.0,0.0,0.0,0.0,276,35.93415069580078,fresh_online_exploration,5,8,1.0,1.0,9.004096031188965,0.0749976709485054,6.21928596496582
81696,11,1.0028579235076904,1.0028579235076904,1.0041770935058594,0.0013192025944590569,1.0,1.0,0.0,0.0,0.0,297,35.98358154296875,fresh_online_exploration,5,8,1.0,1.0,8.407666206359863,0.05506163090467453,5.136186599731445
81696,22,1.0045907497406006,1.0045907497406006,1.0049474239349365,0.00035670213401317596,1.0,1.0,0.0,0.0,0.0,292,35.94102478027344,fresh_online_exploration,5,8,1.0,1.0,8.464973449707031,0.04719007760286331,5.39592170715332
81696,74,1.000693440437317,1.000693440437317,1.0109953880310059,0.010302131995558739,1.0,1.0,0.0,0.0,0.0,290,35.82115936279297,fresh_online_exploration,5,8,1.0,1.0,8.498862266540527,0.024734389036893845,5.379591941833496
81792,35,1.0041885375976562,1.0041885375976562,1.004197597503662,9.067206519830506e-06,1.0,1.0,0.0,0.0,0.0,290,35.84138488769531,fresh_online_exploration,5,8,1.0,1.0,8.492582321166992,0.12035325914621353,5.366452693939209
81888,18,1.0010536909103394,1.0010536909103394,1.0015993118286133,0.0005455627106130123,1.0,1.0,0.0,0.0,0.0,277,35.95293426513672,fresh_online_exploration,5,8,1.0,1.0,8.857253074645996,0.1197463721036911,6.075331687927246
81888,36,1.000151515007019,1.000151515007019,1.001255989074707,0.0011044660350307822,1.0,1.0,0.0,0.0,0.0,276,35.86940002441406,fresh_online_exploration,5,8,1.0,1.0,8.957868576049805,0.06789752840995789,6.167233467102051
81888,44,1.0052869319915771,1.0052869319915771,1.0053479671478271,6.107894296292216e-05,1.0,1.0,0.0,0.0,0.0,287,35.790443420410156,fresh_online_exploration,5,8,1.0,1.0,8.573234558105469,0.06325480341911316,5.463069915771484
81888,45,1.0005828142166138,1.0005828142166138,1.0006630420684814,8.021207759156823e-05,1.0,1.0,0.0,0.0,0.0,276,35.91324996948242,fresh_online_exploration,5,8,1.0,1.0,8.896860122680664,0.04485171660780907,6.122128486633301
81888,52,1.0020148754119873,1.0020148754119873,1.002171516418457,0.00015653234731871635,1.0,1.0,0.0,0.0,0.0,287,35.79902648925781,fresh_online_exploration,5,8,1.0,1.0,8.594289779663086,0.06216353178024292,5.478419303894043
81888,60,1.003017544746399,1.003017544746399,1.0050159692764282,0.001998458057641983,1.0,1.0,0.0,0.0,0.0,294,36.004119873046875,fresh_online_exploration,5,8,1.0,1.0,8.468464851379395,0.025806015357375145,5.306779384613037
81888,62,1.00003981590271,1.00003981590271,1.003765344619751,0.0037254411727190018,1.0,1.0,0.0,0.0,0.0,274,35.80059051513672,fresh_online_exploration,5,8,1.0,1.0,8.886428833007812,0.08851118385791779,6.178828239440918
81888,67,1.0023020505905151,1.0023020505905151,1.0026676654815674,0.00036562595050781965,1.0,1.0,0.0,0.0,0.0,290,35.882225036621094,fresh_online_exploration,5,8,1.0,1.0,8.59945297241211,0.05245594680309296,5.449470520019531
81888,81,1.0002591609954834,1.0002591609954834,1.0018479824066162,0.0015888684429228306,1.0,1.0,0.0,0.0,0.0,289,35.778770446777344,fresh_online_exploration,5,8,1.0,1.0,8.62843132019043,0.038154236972332,5.398964881896973
81984,1,1.001340389251709,1.001340389251709,1.0205920934677124,0.019251633435487747,1.0,1.0,0.0,0.0,0.0,274,35.8208122253418,fresh_online_exploration,5,8,1.0,1.0,8.934438705444336,0.19797536730766296,6.239896774291992
81984,7,1.0019807815551758,1.0019807815551758,1.02079176902771,0.018810955807566643,1.0,1.0,0.0,0.0,0.0,287,35.74391174316406,fresh_online_exploration,5,8,1.0,1.0,8.622864723205566,0.08603787422180176,5.4209418296813965
81984,56,1.0025557279586792,1.0025557279586792,1.0030624866485596,0.0005068257451057434,1.0,1.0,0.0,0.0,0.0,283,35.66016387939453,fresh_online_exploration,5,8,1.0,1.0,8.529397010803223,0.08685091882944107,5.681985855102539
82080,3,1.004384994506836,1.004384994506836,1.0046124458312988,0.00022747473849449307,1.0,1.0,0.0,0.0,0.0,277,36.01951599121094,fresh_online_exploration,5,8,1.0,1.0,8.976507186889648,0.07200606167316437,6.19960355758667
82080,23,1.001120924949646,1.001120924949646,1.0011789798736572,5.812982271891087e-05,1.0,1.0,0.0,0.0,0.0,277,35.98712158203125,fresh_online_exploration,5,8,1.0,1.0,8.951786041259766,0.1167590320110321,6.086719036102295
82080,72,1.0040833950042725,1.0040833950042725,1.004127025604248,4.356992576504126e-05,1.0,1.0,0.0,0.0,0.0,283,36.179107666015625,fresh_online_exploration,5,8,1.0,1.0,8.90399169921875,0.11153683811426163,5.9306745529174805
82272,27,1.004822850227356,1.004822850227356,1.0048325061798096,9.705159754958004e-06,1.0,1.0,0.0,0.0,0.0,294,36.00688171386719,fresh_online_exploration,5,8,1.0,1.0,8.380327224731445,0.06399121880531311,5.229803562164307
82272,29,1.0055392980575562,1.0055392980575562,1.0075974464416504,0.0020582249853760004,1.0,1.0,0.0,0.0,0.0,286,35.776268005371094,fresh_online_exploration,5,8,1.0,1.0,8.682572364807129,0.09128742665052414,5.475769519805908
82368,51,1.0005629062652588,1.0005629062652588,1.0062055587768555,0.005642641801387072,1.0,1.0,0.0,0.0,0.0,289,35.80358123779297,fresh_online_exploration,5,8,1.0,1.0,8.607111930847168,0.05619515851140022,5.465120792388916
82368,87,1.0040667057037354,1.0040667057037354,1.016893982887268,0.012827219441533089,1.0,1.0,0.0,0.0,0.0,289,35.931968688964844,fresh_online_exploration,5,8,1.0,1.0,8.619460105895996,0.07931078970432281,5.547157287597656
82368,91,1.00175940990448,1.00175940990448,1.0026094913482666,0.00085012725321576,1.0,1.0,0.0,0.0,0.0,295,36.07524871826172,fresh_online_exploration,5,8,1.0,1.0,8.438855171203613,0.0686149001121521,5.267144680023193
82464,6,1.002321720123291,1.002321720123291,1.0026026964187622,0.00028100315830670297,1.0,1.0,0.0,0.0,0.0,297,36.01724624633789,fresh_online_exploration,5,8,1.0,1.0,8.42171859741211,0.11737746745347977,5.20038366317749
82464,41,1.0052355527877808,1.0052355527877808,1.0082824230194092,0.003046794096007943,1.0,1.0,0.0,0.0,0.0,292,36.099090576171875,fresh_online_exploration,5,8,1.0,1.0,8.462557792663574,0.08737845718860626,5.334490776062012
82560,30,1.0004826784133911,1.0004826784133911,1.000503420829773,2.070543087029364e-05,1.0,1.0,0.0,0.0,0.0,287,35.7136344909668,fresh_online_exploration,5,8,1.0,1.0,8.721460342407227,0.05834502354264259,5.472660541534424
82560,50,1.003124713897705,1.003124713897705,1.008853793144226,0.005729120224714279,1.0,1.0,0.0,0.0,0.0,296,36.090511322021484,fresh_online_exploration,5,8,1.0,1.0,8.528692245483398,0.014614969491958618,5.200544357299805
82560,53,1.0015798807144165,1.0015798807144165,1.0020098686218262,0.00042992038652300835,1.0,1.0,0.0,0.0,0.0,292,35.877105712890625,fresh_online_exploration,5,8,1.0,1.0,8.661821365356445,0.08582044392824173,5.320038795471191
82656,4,1.0012574195861816,1.0012574195861816,1.0132588148117065,0.01200141292065382,1.0,1.0,0.0,0.0,0.0,286,35.736366271972656,fresh_online_exploration,5,8,1.0,1.0,8.709664344787598,0.05660095438361168,5.575241565704346
82656,8,1.001542329788208,1.001542329788208,1.0024173259735107,0.000875037454534322,1.0,1.0,0.0,0.0,0.0,289,35.80402755737305,fresh_online_exploration,5,8,1.0,1.0,8.550902366638184,0.1465047150850296,5.405763626098633
82656,14,1.0051511526107788,1.0051511526107788,1.0061581134796143,0.001007060520350933,1.0,1.0,0.0,0.0,0.0,278,36.04184341430664,fresh_online_exploration,5,8,1.0,1.0,8.940214157104492,0.11840642988681793,6.103411674499512
82656,55,1.003745675086975,1.003745675086975,1.009677529335022,0.005931859835982323,1.0,1.0,0.0,0.0,0.0,277,35.95667266845703,fresh_online_exploration,5,8,1.0,1.0,8.94870662689209,0.06549744307994843,6.172200679779053
82752,32,1.003461480140686,1.003461480140686,1.0111072063446045,0.0076456861570477486,1.0,1.0,0.0,0.0,0.0,291,35.896873474121094,fresh_online_exploration,5,8,1.0,1.0,8.575329780578613,0.12835867702960968,5.375133514404297
82752,37,1.0041991472244263,1.0041991472244263,1.006777048110962,0.0025778966955840588,1.0,1.0,0.0,0.0,0.0,296,36.04207229614258,fresh_online_exploration,5,8,1.0,1.0,8.509451866149902,0.0847122073173523,5.195432662963867
82848,2,1.0019992589950562,1.0019992589950562,1.0112354755401611,0.009236259385943413,1.0,1.0,0.0,0.0,0.0,274,35.86508560180664,fresh_online_exploration,5,8,1.0,1.0,8.910910606384277,0.13664351403713226,6.2294487953186035
82848,25,1.005035400390625,1.005035400390625,1.0093441009521484,0.004308728035539389,1.0,1.0,0.0,0.0,0.0,278,35.63295364379883,fresh_online_exploration,5,8,1.0,1.0,8.638267517089844,0.13654226064682007,5.9039106369018555
82848,75,1.0003442764282227,1.0003442764282227,1.0004385709762573,9.433650848222896e-05,1.0,1.0,0.0,0.0,0.0,299,36.03330993652344,fresh_online_exploration,5,8,1.0,1.0,8.482065200805664,0.05595290660858154,5.1131911277771
82944,42,1.0019747018814087,1.0019747018814087,1.012750267982483,0.010775568895041943,1.0,1.0,0.0,0.0,0.0,284,35.687232971191406,fresh_online_exploration,5,8,1.0,1.0,8.691452026367188,0.18229752779006958,5.6182379722595215
82944,95,1.0037609338760376,1.0037609338760376,1.008178472518921,0.004417396616190672,1.0,1.0,0.0,0.0,0.0,279,35.64835739135742,fresh_online_exploration,5,8,1.0,1.0,8.745407104492188,0.13064169883728027,5.806210994720459
83040,47,1.005130648612976,1.005130648612976,1.0052175521850586,8.700921898707747e-05,1.0,1.0,0.0,0.0,0.0,291,35.812049865722656,fresh_online_exploration,5,8,1.0,1.0,8.460640907287598,0.07251418381929398,5.2741923332214355
83040,71,1.0051020383834839,1.0051020383834839,1.0063538551330566,0.0012517304858192801,1.0,1.0,0.0,0.0,0.0,301,36.18251419067383,fresh_online_exploration,5,8,1.0,1.0,8.30505084991455,0.04161228984594345,5.0674543380737305
83040,92,1.0000871419906616,1.0000871419906616,1.0034708976745605,0.0033837638329714537,1.0,1.0,0.0,0.0,0.0,294,35.86212158203125,fresh_online_exploration,5,8,1.0,1.0,8.464924812316895,0.12914521992206573,5.238518238067627
83136,49,1.0023707151412964,1.0023707151412964,1.0024409294128418,7.01830504112877e-05,1.0,1.0,0.0,0.0,0.0,293,35.84608459472656,fresh_online_exploration,5,8,1.0,1.0,8.564801216125488,0.09574557840824127,5.231444358825684
83232,0,1.0004522800445557,1.0004522800445557,1.000593900680542,0.0001416388840880245,1.0,1.0,0.0,0.0,0.0,299,36.01997756958008,fresh_online_exploration,5,8,1.0,1.0,8.437764167785645,0.0871647298336029,5.062108516693115
83232,5,1.001539945602417,1.001539945602417,1.0017284154891968,0.0001884551893454045,1.0,1.0,0.0,0.0,0.0,289,35.682456970214844,fresh_online_exploration,5,8,1.0,1.0,8.540417671203613,0.11723046004772186,5.348963737487793
83232,66,1.0047426223754883,1.0047426223754883,1.0070457458496094,0.0023032808676362038,1.0,1.0,0.0,0.0,0.0,284,35.84606170654297,fresh_online_exploration,5,8,1.0,1.0,8.622464179992676,0.12923865020275116,5.696018218994141
83232,69,1.0019773244857788,1.0019773244857788,1.011839509010315,0.009862045757472515,1.0,1.0,0.0,0.0,0.0,291,35.83525085449219,fresh_online_exploration,5,8,1.0,1.0,8.474013328552246,0.13448528945446014,5.326350688934326
83328,17,1.0035765171051025,1.0035765171051025,1.0035905838012695,1.4031287719262764e-05,1.0,1.0,0.0,0.0,0.0,290,35.831886291503906,fresh_online_exploration,5,8,1.0,1.0,8.568717956542969,0.09810087084770203,5.357040882110596
83328,20,1.0029363632202148,1.0029363632202148,1.0030250549316406,8.867083670338616e-05,1.0,1.0,0.0,0.0,0.0,297,36.03791809082031,fresh_online_exploration,5,8,1.0,1.0,8.524569511413574,0.12062995880842209,5.210268020629883
83424,38,1.0045175552368164,1.0045175552368164,1.005111575126648,0.0005940411938354373,1.0,1.0,0.0,0.0,0.0,293,35.959861755371094,fresh_online_exploration,5,8,1.0,1.0,8.625664710998535,0.13786780834197998,5.279134750366211
83424,86,1.0002926588058472,1.0002926588058472,1.000481128692627,0.00018838985124602914,1.0,1.0,0.0,0.0,0.0,293,35.899497985839844,fresh_online_exploration,5,8,1.0,1.0,8.560635566711426,0.12400734424591064,5.28605842590332
83520,65,1.0046249628067017,1.0046249628067017,1.0046334266662598,8.465949576930143e-06,1.0,1.0,0.0,0.0,0.0,296,36.04216384887695,fresh_online_exploration,5,8,1.0,1.0,8.559473037719727,0.058268435299396515,5.225258827209473
83520,78,1.0031663179397583,1.0031663179397583,1.0059385299682617,0.002772177569568157,1.0,1.0,0.0,0.0,0.0,296,36.065216064453125,fresh_online_exploration,5,8,1.0,1.0,8.312582015991211,0.08502683788537979,5.213399410247803
83520,80,1.0033445358276367,1.0033445358276367,1.0041487216949463,0.0008040898246690631,1.0,1.0,0.0,0.0,0.0,287,35.79039764404297,fresh_online_exploration,5,8,1.0,1.0,8.574858665466309,0.12569071352481842,5.481677055358887
83520,93,1.0037935972213745,1.0037935972213745,1.003829002380371,3.537048905855045e-05,1.0,1.0,0.0,0.0,0.0,292,35.909912109375,fresh_online_exploration,5,8,1.0,1.0,8.64694881439209,0.07245661318302155,5.249649524688721
83712,28,1.0057599544525146,1.0057599544525146,1.0061702728271484,0.0004102479142602533,1.0,1.0,0.0,0.0,0.0,294,36.10393524169922,fresh_online_exploration,5,8,1.0,1.0,8.604276657104492,0.1007268875837326,5.287331581115723
84192,16,1.00454580783844,1.00454580783844,1.0048733949661255,0.0003276152128819376,1.0,1.0,0.0,0.0,0.0,293,35.91883087158203,fresh_online_exploration,5,8,1.0,1.0,8.63392162322998,0.08078658580780029,5.267075538635254
84192,31,1.0007120370864868,1.0007120370864868,1.003481388092041,0.00276943389326334,1.0,1.0,0.0,0.0,0.0,277,35.896305084228516,fresh_online_exploration,5,8,1.0,1.0,9.010613441467285,0.16692493855953217,6.16866397857666
84480,34,1.0016887187957764,1.0016887187957764,1.0020833015441895,0.00039456653757952154,1.0,1.0,0.0,0.0,0.0,295,36.05345153808594,fresh_online_exploration,5,8,1.0,1.0,8.446365356445312,0.12789583206176758,5.238862991333008
84672,76,1.0043965578079224,1.0043965578079224,1.00441312789917,1.6627885997877456e-05,1.0,1.0,0.0,1.0,0.0,305,36.229122161865234,fresh_online_exploration,5,8,1.0,1.0,8.384880065917969,0.07180827856063843,4.958631992340088
84672,83,1.0048519372940063,1.0048519372940063,1.0051153898239136,0.00026344723301008344,1.0,1.0,0.0,0.0,0.0,299,36.10780334472656,fresh_online_exploration,5,8,1.0,1.0,8.58145523071289,0.09191219508647919,5.1361918449401855
84960,10,1.0038611888885498,1.0038611888885498,1.0044293403625488,0.0005680416361428797,1.0,1.0,0.0,0.0,0.0,297,36.0861930847168,fresh_online_exploration,5,8,1.0,1.0,8.52563190460205,0.1416744738817215,5.2048749923706055
84960,63,1.0005383491516113,1.0005383491516113,1.0008153915405273,0.0002770521095953882,1.0,1.0,0.0,0.0,0.0,294,35.925270080566406,fresh_online_exploration,5,8,1.0,1.0,8.488868713378906,0.1625298112630844,5.2145514488220215
85152,68,1.0058417320251465,1.0058417320251465,1.0061506032943726,0.0003089291858486831,1.0,1.0,0.0,0.0,0.0,297,36.11138153076172,fresh_online_exploration,5,8,1.0,1.0,8.603494644165039,0.09676022827625275,5.170929908752441
105120,70,1.0000348091125488,1.0000348091125488,1.009751796722412,0.009716884233057499,1.0,1.0,0.0,0.0,0.0,274,35.80824279785156,fresh_online_exploration,7,9,1.0,1.0,9.487548828125,0.7000462412834167,6.264651298522949
105408,19,1.0051604509353638,1.0051604509353638,1.0054348707199097,0.0002744588127825409,1.0,1.0,0.0,0.0,0.0,275,35.931114196777344,fresh_online_exploration,7,9,1.0,1.0,9.312652587890625,0.6814757585525513,6.243450164794922
105696,77,1.000420093536377,1.000420093536377,1.0004284381866455,8.270754733530339e-06,1.0,1.0,0.0,0.0,0.0,274,35.854881286621094,fresh_online_exploration,7,9,1.0,1.0,9.356071472167969,0.6910529136657715,6.217953205108643
105792,54,1.0036053657531738,1.0036053657531738,1.0038180351257324,0.00021262423251755536,1.0,1.0,0.0,0.0,0.0,276,35.92767333984375,fresh_online_exploration,7,9,1.0,1.0,9.346770286560059,0.7135423421859741,6.184886932373047
105984,84,1.0044167041778564,1.0044167041778564,1.0057090520858765,0.0012923760805279016,1.0,1.0,0.0,0.0,0.0,287,35.77613830566406,fresh_online_exploration,7,9,1.0,1.0,9.060970306396484,0.6734033823013306,5.472053050994873
106176,85,1.0018260478973389,1.0018260478973389,1.0018341541290283,8.101666935544927e-06,1.0,1.0,0.0,0.0,0.0,272,35.828125,fresh_online_exploration,7,9,1.0,1.0,9.482256889343262,0.7293063402175903,6.270053863525391
106368,79,1.0030856132507324,1.0030856132507324,1.0035947561264038,0.0005091234343126416,1.0,1.0,0.0,0.0,0.0,285,35.748233795166016,fresh_online_exploration,7,9,1.0,1.0,8.887161254882812,0.6574402451515198,5.486511707305908
106464,9,1.0023345947265625,1.0023345947265625,1.0104061365127563,0.008071545511484146,1.0,1.0,0.0,0.0,0.0,271,35.7434196472168,fresh_online_exploration,8,9,1.0,1.0,9.29327392578125,0.6930539608001709,6.313371658325195
106656,73,1.0043106079101562,1.0043106079101562,1.0185012817382812,0.014190654270350933,1.0,1.0,0.0,0.0,0.0,273,35.8505859375,fresh_online_exploration,8,9,1.0,1.0,9.33901309967041,0.7219222187995911,6.390893459320068
106944,88,1.0025275945663452,1.0025275945663452,1.0025439262390137,1.6339512512786314e-05,1.0,1.0,0.0,0.0,0.0,272,35.86351013183594,fresh_online_exploration,8,9,1.0,1.0,9.293656349182129,0.7199952602386475,6.274704456329346
107040,59,1.0027070045471191,1.0027070045471191,1.0029875040054321,0.000280521169770509,1.0,1.0,0.0,0.0,0.0,296,35.98777389526367,fresh_online_exploration,7,9,1.0,1.0,8.844033241271973,0.6973531246185303,5.150693893432617
107232,15,1.000673770904541,1.000673770904541,1.004128336906433,0.0034546053502708673,1.0,1.0,0.0,0.0,0.0,273,35.77165603637695,fresh_online_exploration,8,9,1.0,1.0,9.43099308013916,0.8013655543327332,6.266239643096924
107424,33,1.0034977197647095,1.0034977197647095,1.003915786743164,0.00041802352643571794,1.0,1.0,0.0,0.0,0.0,288,35.84547424316406,fresh_online_exploration,7,9,1.0,1.0,8.88043212890625,0.655739963054657,5.4750895500183105
107520,12,1.0035972595214844,1.0035972595214844,1.0036571025848389,5.9894628066103905e-05,1.0,1.0,0.0,0.0,0.0,278,36.00980758666992,fresh_online_exploration,8,9,1.0,1.0,9.375215530395508,0.7481592297554016,6.075036525726318
107712,39,1.0043426752090454,1.0043426752090454,1.0095319747924805,0.005189122632145882,1.0,1.0,0.0,0.0,0.0,286,35.75177764892578,fresh_online_exploration,8,9,1.0,1.0,8.946673393249512,0.7730581760406494,5.41700553894043
107712,46,1.0015333890914917,1.0015333890914917,1.0016056299209595,7.222138083307073e-05,1.0,1.0,0.0,0.0,0.0,286,35.75328826904297,fresh_online_exploration,8,9,1.0,1.0,8.788619995117188,0.7168262600898743,5.511731147766113
107808,13,1.0048688650131226,1.0048688650131226,1.0067510604858398,0.001882338896393776,1.0,1.0,0.0,0.0,0.0,273,35.84314727783203,fresh_online_exploration,8,9,1.0,1.0,9.358972549438477,0.7762463688850403,6.321164608001709
107808,26,1.003536581993103,1.003536581993103,1.0145541429519653,0.011017604731023312,1.0,1.0,0.0,0.0,0.0,287,35.80970764160156,fresh_online_exploration,8,9,1.0,1.0,8.921881675720215,0.7367449402809143,5.53269624710083
107808,48,1.00379478931427,1.00379478931427,1.0044124126434326,0.000617551791947335,1.0,1.0,0.0,0.0,0.0,293,35.97747039794922,fresh_online_exploration,7,9,1.0,1.0,8.924933433532715,0.7135947942733765,5.326813697814941
107808,74,1.0036423206329346,1.0036423206329346,1.0073399543762207,0.0036977017298340797,1.0,1.0,0.0,0.0,0.0,272,35.81650161743164,fresh_online_exploration,8,9,1.0,1.0,9.342122077941895,0.7659729719161987,6.260982513427734
107904,21,1.0048587322235107,1.0048587322235107,1.0054881572723389,0.0006294421618804336,1.0,1.0,0.0,0.0,0.0,287,35.78371047973633,fresh_online_exploration,8,9,1.0,1.0,8.895682334899902,0.7941190004348755,5.545053005218506
108000,61,1.0018306970596313,1.0018306970596313,1.0143141746520996,0.012483573518693447,1.0,1.0,0.0,0.0,0.0,278,35.91745376586914,fresh_online_exploration,8,9,1.0,1.0,9.350686073303223,0.7793530225753784,6.049560546875
108096,1,1.0025869607925415,1.0025869607925415,1.0087292194366455,0.006142268422991037,1.0,1.0,0.0,0.0,0.0,272,35.85295867919922,fresh_online_exploration,8,9,1.0,1.0,9.378823280334473,0.810158371925354,6.325488567352295
108096,62,1.0045255422592163,1.0045255422592163,1.0177816152572632,0.013256059028208256,1.0,1.0,0.0,0.0,0.0,273,35.850135803222656,fresh_online_exploration,8,9,1.0,1.0,9.29751205444336,0.7883123159408569,6.307353973388672
108288,22,1.0024694204330444,1.0024694204330444,1.013561725616455,0.011092395521700382,1.0,1.0,0.0,0.0,0.0,277,35.62775802612305,fresh_online_exploration,8,9,1.0,1.0,8.977657318115234,0.7787079811096191,5.970463752746582
108384,57,1.001132607460022,1.001132607460022,1.001140832901001,8.309482836921234e-06,1.0,1.0,0.0,0.0,0.0,296,35.93932342529297,fresh_online_exploration,7,9,1.0,1.0,8.7853422164917,0.6980602741241455,5.167502403259277
108480,51,1.0033303499221802,1.0033303499221802,1.020435094833374,0.01710464432835579,1.0,1.0,0.0,0.0,0.0,272,35.796600341796875,fresh_online_exploration,8,9,1.0,1.0,9.35660457611084,0.770624041557312,6.3196868896484375
108480,58,1.0006922483444214,1.0006922483444214,1.001190423965454,0.0004982501268386841,1.0,1.0,0.0,0.0,0.0,291,35.77845764160156,fresh_online_exploration,8,9,1.0,1.0,8.998618125915527,0.7488515377044678,5.267991065979004
108576,23,1.0003485679626465,1.0003485679626465,1.0003575086593628,8.938821338233538e-06,1.0,1.0,0.0,0.0,0.0,276,35.90030288696289,fresh_online_exploration,8,9,1.0,1.0,9.29094123840332,0.8007460832595825,6.093482494354248
108576,36,1.0001060962677002,1.0001060962677002,1.0001137256622314,7.537866167695029e-06,1.0,1.0,0.0,0.0,0.0,278,35.962493896484375,fresh_online_exploration,8,9,1.0,1.0,9.38138198852539,0.7821313142776489,6.081732273101807
108576,53,1.0049775838851929,1.0049775838851929,1.0162134170532227,0.011235818266868591,1.0,1.0,0.0,0.0,0.0,271,35.81956481933594,fresh_online_exploration,8,9,1.0,1.0,9.383970260620117,0.8106329441070557,6.369232654571533
108576,64,1.0014232397079468,1.0014232397079468,1.0014326572418213,9.484446309215855e-06,1.0,1.0,0.0,0.0,0.0,292,35.88812255859375,fresh_online_exploration,8,9,1.0,1.0,8.918618202209473,0.7552624940872192,5.306694507598877
108576,89,1.0038520097732544,1.0038520097732544,1.0121874809265137,0.008335472084581852,1.0,1.0,0.0,0.0,0.0,286,35.67485046386719,fresh_online_exploration,8,9,0.9982954561710358,0.9829545617103577,8.93289852142334,0.7531670928001404,5.547440052032471
108576,90,1.0042834281921387,1.0042834281921387,1.0044171810150146,0.0001337699795840308,1.0,1.0,0.0,0.0,0.0,296,36.04380798339844,fresh_online_exploration,8,9,1.0,1.0,8.85241985321045,0.7324895858764648,5.235230445861816
108672,3,1.0009738206863403,1.0009738206863403,1.001205325126648,0.00023153139045462012,1.0,1.0,0.0,0.0,0.0,277,35.9444465637207,fresh_online_exploration,8,9,1.0,1.0,9.366605758666992,0.8066012263298035,6.185558319091797
108672,40,1.001253366470337,1.001253366470337,1.001471996307373,0.00021854198712389916,1.0,1.0,0.0,0.0,0.0,295,35.94679260253906,fresh_online_exploration,8,9,1.0,1.0,8.890510559082031,0.7602921724319458,5.150330543518066
108768,72,1.0006417036056519,1.0006417036056519,1.0055824518203735,0.004940644837915897,1.0,1.0,0.0,0.0,0.0,278,35.97463607788086,fresh_online_exploration,8,9,1.0,1.0,9.404196739196777,0.810589611530304,6.081047534942627
108864,4,1.0044547319412231,1.0044547319412231,1.0147533416748047,0.010298633016645908,1.0,1.0,0.0,0.0,0.0,273,35.89734649658203,fresh_online_exploration,8,9,1.0,1.0,9.384909629821777,0.7802106738090515,6.317098140716553
108864,55,1.0022296905517578,1.0022296905517578,1.0048019886016846,0.0025722170248627663,1.0,1.0,0.0,0.0,0.0,273,35.88764190673828,fresh_online_exploration,8,9,1.0,1.0,9.462108612060547,0.7833244204521179,6.284171104431152
109056,37,1.0036938190460205,1.0036938190460205,1.0037155151367188,2.1632726202369668e-05,1.0,1.0,0.0,0.0,0.0,274,35.92259216308594,fresh_online_exploration,8,9,1.0,1.0,9.496831893920898,0.8367807269096375,6.24159049987793
109056,75,1.0030800104141235,1.0030800104141235,1.0031189918518066,3.8938811485422775e-05,1.0,1.0,0.0,0.0,0.0,273,35.85185623168945,fresh_online_exploration,8,9,1.0,1.0,9.373865127563477,0.7807892560958862,6.3057861328125
109056,82,1.0052103996276855,1.0052103996276855,1.0052953958511353,8.50053911563009e-05,1.0,1.0,0.0,0.0,0.0,294,36.04583740234375,fresh_online_exploration,8,9,1.0,1.0,8.955792427062988,0.7149024605751038,5.283914566040039
109152,25,1.002919316291809,1.002919316291809,1.013014793395996,0.010095610283315182,1.0,1.0,0.0,0.0,0.0,274,35.939029693603516,fresh_online_exploration,8,9,1.0,1.0,9.465381622314453,0.7840667963027954,6.264415264129639
109152,43,1.0034688711166382,1.0034688711166382,1.0066699981689453,0.003201153362169862,1.0,1.0,0.0,0.0,0.0,292,35.854652404785156,fresh_online_exploration,8,9,1.0,1.0,8.897367477416992,0.7828814387321472,5.258912086486816
109152,94,1.003617525100708,1.003617525100708,1.0042157173156738,0.0005982338334433734,1.0,1.0,0.0,0.0,0.0,288,35.771183013916016,fresh_online_exploration,8,9,1.0,1.0,8.887229919433594,0.8483240604400635,5.406703948974609
109344,42,1.0041396617889404,1.0041396617889404,1.011782169342041,0.007642627228051424,1.0,1.0,0.0,0.0,0.0,275,35.908348083496094,fresh_online_exploration,8,9,1.0,1.0,9.36470890045166,0.7857751250267029,6.25065279006958
109344,67,1.002280354499817,1.002280354499817,1.0058106184005737,0.003530373563989997,1.0,1.0,0.0,0.0,0.0,286,35.760498046875,fresh_online_exploration,8,9,1.0,1.0,8.845752716064453,0.8227804899215698,5.480334758758545
109344,92,1.0042520761489868,1.0042520761489868,1.004421591758728,0.0001695361570455134,1.0,1.0,0.0,0.0,0.0,274,35.91119384765625,fresh_online_exploration,8,9,1.0,1.0,9.432372093200684,0.7796984910964966,6.265283584594727
109440,2,1.0032382011413574,1.0032382011413574,1.0086359977722168,0.005397699773311615,1.0,1.0,0.0,0.0,0.0,277,35.92270278930664,fresh_online_exploration,8,9,1.0,1.0,9.438071250915527,0.8089098930358887,6.096088409423828
109440,27,1.0016766786575317,1.0016766786575317,1.0053855180740356,0.0037088305689394474,1.0,1.0,0.0,0.0,0.0,283,35.685123443603516,fresh_online_exploration,8,9,1.0,1.0,9.006814002990723,0.8157837986946106,5.624149799346924
109536,6,1.0039217472076416,1.0039217472076416,1.012521743774414,0.008599783293902874,1.0,1.0,0.0,0.0,0.0,282,35.678619384765625,fresh_online_exploration,8,9,1.0,1.0,8.890972137451172,0.8155189752578735,5.726691722869873
109536,24,1.0004682540893555,1.0004682540893555,1.001175045967102,0.0007067662663757801,1.0,1.0,0.0,0.0,0.0,298,36.016239166259766,fresh_online_exploration,8,9,1.0,1.0,8.842554092407227,0.7807042002677917,5.155831336975098
109632,45,1.0047955513000488,1.0047955513000488,1.0048465728759766,5.1043691200902686e-05,1.0,1.0,0.0,0.0,0.0,289,35.89168930053711,fresh_online_exploration,8,9,1.0,1.0,8.9762544631958,0.7860939502716064,5.393619060516357
109728,0,1.00431489944458,1.00431489944458,1.0044069290161133,9.204386151395738e-05,1.0,1.0,0.0,0.0,0.0,276,36.01010513305664,fresh_online_exploration,8,9,1.0,1.0,9.282221794128418,0.8529950976371765,6.15074348449707
109728,7,1.0016837120056152,1.0016837120056152,1.0033161640167236,0.0016324290772899985,1.0,1.0,0.0,0.0,0.0,289,35.78620147705078,fresh_online_exploration,8,9,1.0,1.0,8.988669395446777,0.7814900279045105,5.402300834655762
109728,35,1.0048414468765259,1.0048414468765259,1.004868507385254,2.700613549677655e-05,1.0,1.0,0.0,0.0,0.0,291,35.9136962890625,fresh_online_exploration,8,9,1.0,1.0,8.986153602600098,0.8113226890563965,5.366474628448486
109728,44,1.0031790733337402,1.0031790733337402,1.0035289525985718,0.0003498796431813389,1.0,1.0,0.0,0.0,0.0,290,35.884700775146484,fresh_online_exploration,8,9,1.0,1.0,8.975045204162598,0.7985987663269043,5.409063816070557
109824,52,1.0058562755584717,1.0058562755584717,1.0072039365768433,0.0013477349421009421,1.0,1.0,0.0,0.0,0.0,291,35.97325134277344,fresh_online_exploration,8,9,1.0,1.0,9.016948699951172,0.8016229867935181,5.363858222961426
109824,87,1.0026644468307495,1.0026644468307495,1.0038952827453613,0.001230816706083715,1.0,1.0,0.0,0.0,0.0,286,35.76866149902344,fresh_online_exploration,8,9,1.0,1.0,8.900678634643555,0.7556862235069275,5.550637722015381
109920,38,1.0012050867080688,1.0012050867080688,1.0012187957763672,1.36514372570673e-05,1.0,1.0,0.0,0.0,0.0,276,35.9114875793457,fresh_online_exploration,8,9,1.0,1.0,9.416833877563477,0.8085532188415527,6.141407489776611
109920,86,1.0024396181106567,1.0024396181106567,1.0024473667144775,7.801823812769726e-06,1.0,1.0,0.0,0.0,0.0,276,35.94111251831055,fresh_online_exploration,8,9,1.0,1.0,9.336487770080566,0.8310046195983887,6.16124963760376
110112,18,1.0037789344787598,1.0037789344787598,1.0057860612869263,0.002007130067795515,1.0,1.0,0.0,0.0,0.0,294,35.960105895996094,fresh_online_exploration,8,10,1.0,1.0,8.925986289978027,0.8232419490814209,5.288616180419922
110112,81,1.0036202669143677,1.0036202669143677,1.004913330078125,0.0012930186931043863,1.0,1.0,0.0,0.0,0.0,294,36.033077239990234,fresh_online_exploration,8,10,1.0,1.0,8.988890647888184,0.7968804836273193,5.234899520874023
110304,28,1.0018537044525146,1.0018537044525146,1.0018649101257324,1.1160590474901255e-05,1.0,1.0,0.0,0.0,0.0,277,35.98347091674805,fresh_online_exploration,8,10,1.0,1.0,9.39089298248291,0.805574893951416,6.065466403961182
110304,56,1.0008232593536377,1.0008232593536377,1.002750039100647,0.0019268202595412731,1.0,1.0,0.0,0.0,0.0,295,35.963111877441406,fresh_online_exploration,8,10,1.0,1.0,8.895354270935059,0.8085497617721558,5.245262622833252
110304,60,1.0035032033920288,1.0035032033920288,1.0054872035980225,0.0019840006716549397,1.0,1.0,0.0,0.0,0.0,296,35.999412536621094,fresh_online_exploration,8,10,1.0,1.0,8.92267894744873,0.7865577936172485,5.196758270263672
110400,91,1.005211591720581,1.005211591720581,1.0081895589828491,0.002977906260639429,1.0,1.0,0.0,0.0,0.0,292,35.90939712524414,fresh_online_exploration,8,10,1.0,1.0,8.9978666305542,0.7485173940658569,5.305862903594971
110496,11,1.002651572227478,1.002651572227478,1.002909541130066,0.00025800379808060825,1.0,1.0,0.0,0.0,0.0,300,36.10286331176758,fresh_online_exploration,8,10,1.0,1.0,8.825047492980957,0.7685731649398804,5.096957683563232
110496,14,1.002089023590088,1.002089023590088,1.00209641456604,7.457129868271295e-06,1.0,1.0,0.0,0.0,0.0,290,35.80537414550781,fresh_online_exploration,8,10,1.0,1.0,8.966119766235352,0.7671719193458557,5.335066318511963
110496,29,1.002593755722046,1.002593755722046,1.0031440258026123,0.0005502987769432366,1.0,1.0,0.0,0.0,0.0,294,35.963497161865234,fresh_online_exploration,8,10,1.0,1.0,9.007798194885254,0.86358243227005,5.299296855926514
110592,50,1.0037254095077515,1.0037254095077515,1.0133558511734009,0.009630540385842323,1.0,1.0,0.0,0.0,0.0,292,36.007266998291016,fresh_online_exploration,8,10,1.0,1.0,8.934226036071777,0.798018753528595,5.306670188903809
110784,41,1.0025638341903687,1.0025638341903687,1.0032050609588623,0.0006412382936105132,1.0,1.0,0.0,0.0,0.0,295,36.011756896972656,fresh_online_exploration,8,10,1.0,1.0,8.830963134765625,0.8347756266593933,5.26102352142334
110784,80,1.0005478858947754,1.0005478858947754,1.0141927003860474,0.0136447474360466,1.0,1.0,0.0,0.0,0.0,284,35.69029235839844,fresh_online_exploration,8,10,1.0,1.0,8.98477840423584,0.8721416592597961,5.659584999084473
110880,17,1.0008924007415771,1.0008924007415771,1.0041629076004028,0.003270539455115795,1.0,1.0,0.0,0.0,0.0,287,35.707984924316406,fresh_online_exploration,8,10,1.0,1.0,9.001666069030762,0.8525403141975403,5.475291728973389
110880,20,1.0057815313339233,1.0057815313339233,1.0059597492218018,0.00017825815302785486,1.0,1.0,0.0,0.0,0.0,287,35.834747314453125,fresh_online_exploration,8,10,1.0,1.0,9.058432579040527,0.8559281826019287,5.494656562805176
110880,47,1.001604676246643,1.001604676246643,1.0035595893859863,0.0019549003336578608,1.0,1.0,0.0,0.0,0.0,290,35.774147033691406,fresh_online_exploration,8,10,1.0,1.0,9.119976997375488,0.7487372159957886,5.345821857452393
110880,69,1.003732442855835,1.003732442855835,1.0049386024475098,0.0012061670422554016,1.0,1.0,0.0,0.0,0.0,288,35.867156982421875,fresh_online_exploration,8,10,1.0,1.0,8.943493843078613,0.8114635944366455,5.54894495010376
110976,30,1.0009982585906982,1.0009982585906982,1.0010113716125488,1.3009721442358568e-05,1.0,1.0,0.0,0.0,0.0,296,35.97197341918945,fresh_online_exploration,8,10,1.0,1.0,9.020337104797363,0.8281428217887878,5.206130504608154
110976,32,1.0037599802017212,1.0037599802017212,1.0146567821502686,0.010896753519773483,1.0,1.0,0.0,0.0,0.0,294,35.95113754272461,fresh_online_exploration,8,10,1.0,1.0,9.03834056854248,0.831944465637207,5.331151008605957
110976,93,1.0029628276824951,1.0029628276824951,1.014498233795166,0.01153541635721922,1.0,1.0,0.0,0.0,0.0,286,35.79746627807617,fresh_online_exploration,8,10,1.0,1.0,9.014992713928223,0.8466721177101135,5.505397319793701
111072,66,1.001723051071167,1.001723051071167,1.0033020973205566,0.0015790968900546432,1.0,1.0,0.0,0.0,0.0,290,35.83930587768555,fresh_online_exploration,8,10,1.0,1.0,8.957932472229004,0.8392341732978821,5.400170803070068
111072,71,1.0032973289489746,1.0032973289489746,1.0056815147399902,0.0023842379450798035,1.0,1.0,0.0,0.0,0.0,292,36.02217102050781,fresh_online_exploration,8,10,1.0,1.0,8.926262855529785,0.7822095155715942,5.371221542358398
111168,78,1.0040777921676636,1.0040777921676636,1.0272643566131592,0.023186733946204185,1.0,1.0,0.0,0.0,0.0,288,35.918148040771484,fresh_online_exploration,8,10,1.0,1.0,8.729069709777832,0.8242414593696594,5.608630180358887
111264,5,1.0002235174179077,1.0002235174179077,1.0013737678527832,0.0011503540445119143,1.0,1.0,0.0,0.0,0.0,292,35.821197509765625,fresh_online_exploration,8,10,1.0,1.0,8.983104705810547,0.812728226184845,5.250629425048828
111360,8,1.0040806531906128,1.0040806531906128,1.0041463375091553,6.574923463631421e-05,1.0,1.0,0.0,0.0,0.0,299,36.10844039916992,fresh_online_exploration,8,10,1.0,1.0,8.920373916625977,0.8182610273361206,5.1483564376831055
111360,68,1.0022084712982178,1.0022084712982178,1.0110173225402832,0.008808744139969349,1.0,1.0,0.0,0.0,0.0,273,35.82319259643555,fresh_online_exploration,8,10,1.0,1.0,9.405834197998047,0.8578336834907532,6.256504535675049
111456,16,1.0048867464065552,1.0048867464065552,1.0149831771850586,0.010096379555761814,1.0,1.0,0.0,0.0,0.0,284,35.6899528503418,fresh_online_exploration,8,10,1.0,1.0,9.16090202331543,0.8038381338119507,5.572315216064453
111456,49,1.0026097297668457,1.0026097297668457,1.002661943435669,5.221303945290856e-05,1.0,1.0,0.0,0.0,0.0,295,35.967796325683594,fresh_online_exploration,8,10,1.0,1.0,8.941648483276367,0.856784999370575,5.248809814453125
111456,83,1.0033681392669678,1.0033681392669678,1.0155996084213257,0.01223139651119709,1.0,1.0,0.0,0.0,0.0,279,35.98866653442383,fresh_online_exploration,8,10,1.0,1.0,9.403090476989746,0.867145836353302,6.049884796142578
111648,95,1.0030690431594849,1.0030690431594849,1.0030839443206787,1.5013874872238375e-05,1.0,1.0,0.0,0.0,0.0,299,36.04358673095703,fresh_online_exploration,8,10,1.0,1.0,8.933707237243652,0.7786266803741455,5.074202060699463
112032,65,1.001955509185791,1.001955509185791,1.0021005868911743,0.00014509550237562507,1.0,1.0,0.0,0.0,0.0,297,36.01667404174805,fresh_online_exploration,8,10,1.0,1.0,9.025002479553223,0.8413588404655457,5.151159286499023
112800,34,1.0042872428894043,1.0042872428894043,1.005415439605713,0.0011281963670626283,1.0,1.0,0.0,0.0,0.0,295,35.952301025390625,fresh_online_exploration,8,10,1.0,1.0,8.989252090454102,0.855141282081604,5.227511405944824
112800,76,1.005170464515686,1.005170464515686,1.0062203407287598,0.001049875165335834,1.0,1.0,0.0,0.0,0.0,293,35.99749755859375,fresh_online_exploration,8,10,1.0,1.0,8.926348686218262,0.84317946434021,5.344296932220459
112992,10,1.0019056797027588,1.0019056797027588,1.0020521879196167,0.0001464614033466205,1.0,1.0,0.0,0.0,0.0,292,35.903160095214844,fresh_online_exploration,8,10,1.0,1.0,9.08687973022461,0.9379147887229919,5.348298072814941
113568,63,1.0055574178695679,1.0055574178695679,1.0055723190307617,1.4850108527753036e-05,1.0,1.0,0.0,0.0,0.0,298,36.13191223144531,fresh_online_exploration,8,10,1.0,1.0,8.968987464904785,0.9405117630958557,5.1928558349609375
131328,70,1.0028553009033203,1.0028553009033203,1.0056796073913574,0.00282428995706141,1.0,1.0,0.0,0.0,0.0,273,35.461219787597656,fresh_online_exploration,9,12,1.0,1.0,9.098465919494629,1.0900214910507202,6.065710544586182
131520,19,1.0049681663513184,1.0049681663513184,1.0080864429473877,0.00311836670152843,1.0,1.0,0.0,0.0,0.0,272,35.831058502197266,fresh_online_exploration,9,12,1.0,1.0,9.49282455444336,1.1319231986999512,6.315937519073486
132288,54,1.0020793676376343,1.0020793676376343,1.0024633407592773,0.0003840266726911068,1.0,1.0,0.0,0.0,0.0,276,35.95535659790039,fresh_online_exploration,9,12,1.0,1.0,9.498411178588867,1.1606438159942627,6.17783260345459
132672,9,1.003466248512268,1.003466248512268,1.0164697170257568,0.013003500178456306,1.0,1.0,0.0,0.0,0.0,273,35.87989044189453,fresh_online_exploration,9,12,1.0,1.0,9.495804786682129,1.1355259418487549,6.28253698348999
133248,73,1.0001391172409058,1.0001391172409058,1.0007654428482056,0.0006263282848522067,1.0,1.0,0.0,0.0,0.0,277,35.89380645751953,fresh_online_exploration,9,12,1.0,1.0,9.48947811126709,1.176589846611023,6.071242809295654
133344,59,1.0013147592544556,1.0013147592544556,1.0013718605041504,5.7033717894228175e-05,1.0,1.0,0.0,0.0,0.0,274,35.809513092041016,fresh_online_exploration,9,12,1.0,1.0,9.46190357208252,1.2182141542434692,6.186656475067139
133344,77,1.0015311241149902,1.0015311241149902,1.0060118436813354,0.004480746574699879,1.0,1.0,0.0,0.0,0.0,288,35.76030349731445,fresh_online_exploration,9,12,1.0,1.0,9.20426082611084,1.1392896175384521,5.375528812408447
133536,15,1.0004316568374634,1.0004316568374634,1.0009764432907104,0.000544744951184839,1.0,1.0,0.0,0.0,0.0,274,35.868560791015625,fresh_online_exploration,9,12,1.0,1.0,9.520665168762207,1.2138843536376953,6.185201644897461
133536,33,1.0024168491363525,1.0024168491363525,1.002424955368042,8.114502634271048e-06,1.0,1.0,0.0,0.0,0.0,272,35.83197021484375,fresh_online_exploration,9,12,1.0,1.0,9.595157623291016,1.178030014038086,6.281651496887207
133632,85,1.0054551362991333,1.0054551362991333,1.0156571865081787,0.010202107019722462,1.0,1.0,0.0,0.0,0.0,286,35.799705505371094,fresh_online_exploration,9,12,1.0,1.0,9.202449798583984,1.1596735715866089,5.520750045776367
133728,12,1.0041660070419312,1.0041660070419312,1.0041743516921997,8.341401553479955e-06,1.0,1.0,0.0,0.0,0.0,273,35.869842529296875,fresh_online_exploration,9,12,1.0,1.0,9.594680786132812,1.181713581085205,6.303910255432129
133824,79,1.002273678779602,1.002273678779602,1.002450942993164,0.0001771586830727756,1.0,1.0,0.0,0.0,0.0,286,35.6898078918457,fresh_online_exploration,9,12,1.0,1.0,9.252877235412598,1.2325936555862427,5.4345550537109375
134016,84,1.0011471509933472,1.0011471509933472,1.0038176774978638,0.0026705595664680004,1.0,1.0,0.0,0.0,0.0,292,35.87089538574219,fresh_online_exploration,9,12,1.0,1.0,9.030414581298828,1.1493782997131348,5.292913913726807
134112,1,1.0051217079162598,1.0051217079162598,1.0051296949386597,8.017997060960624e-06,1.0,1.0,0.0,0.0,0.0,271,35.84111785888672,fresh_online_exploration,9,12,1.0,1.0,9.606163024902344,1.223271369934082,6.364147663116455
134112,26,1.00081205368042,1.00081205368042,1.0098612308502197,0.009049100801348686,1.0,1.0,0.0,0.0,0.0,274,35.83228302001953,fresh_online_exploration,9,12,1.0,1.0,9.562973976135254,1.1842191219329834,6.233880996704102
134112,39,1.002442717552185,1.002442717552185,1.0088531970977783,0.006410463247448206,1.0,1.0,0.0,0.0,0.0,275,35.914031982421875,fresh_online_exploration,9,12,1.0,1.0,9.585627555847168,1.2413288354873657,6.191078186035156
134208,21,1.0033763647079468,1.0033763647079468,1.0037522315979004,0.0003757788217626512,1.0,1.0,0.0,0.0,0.0,274,35.83885192871094,fresh_online_exploration,9,12,1.0,1.0,9.591087341308594,1.1929295063018799,6.235619068145752
134208,48,1.0009583234786987,1.0009583234786987,1.0040831565856934,0.003124818904325366,1.0,1.0,0.0,0.0,0.0,275,35.85538864135742,fresh_online_exploration,9,12,1.0,1.0,9.570873260498047,1.2041683197021484,6.1801066398620605
134496,22,1.0001283884048462,1.0001283884048462,1.000148892402649,2.0521963961073197e-05,1.0,1.0,0.0,0.0,0.0,273,35.75817108154297,fresh_online_exploration,9,12,1.0,1.0,9.538107872009277,1.2285621166229248,6.288994312286377
134592,61,1.0040526390075684,1.0040526390075684,1.0041762590408325,0.00012361438712105155,1.0,1.0,0.0,0.0,0.0,277,36.005950927734375,fresh_online_exploration,9,12,1.0,1.0,9.551849365234375,1.2633875608444214,6.110992431640625
134592,62,1.0032655000686646,1.0032655000686646,1.003272294998169,6.901238975842716e-06,1.0,1.0,0.0,0.0,0.0,276,35.965003967285156,fresh_online_exploration,9,12,1.0,1.0,9.524123191833496,1.2060866355895996,6.128180980682373
134688,64,1.0027188062667847,1.0027188062667847,1.0063550472259521,0.003636251436546445,1.0,1.0,0.0,0.0,0.0,272,35.83145523071289,fresh_online_exploration,9,12,1.0,1.0,9.625892639160156,1.190824031829834,6.294361114501953
134784,88,1.0026021003723145,1.0026021003723145,1.002839207649231,0.00023712680558674037,1.0,1.0,0.0,0.0,0.0,290,35.86264419555664,fresh_online_exploration,9,12,1.0,1.0,9.084762573242188,1.1771198511123657,5.405057430267334
134880,53,1.005265474319458,1.005265474319458,1.0054340362548828,0.00016861449694260955,1.0,1.0,0.0,0.0,0.0,274,35.91922378540039,fresh_online_exploration,9,12,1.0,1.0,9.614506721496582,1.2002861499786377,6.215593338012695
134976,40,1.0009808540344238,1.0009808540344238,1.0105409622192383,0.009560135193169117,1.0,1.0,0.0,0.0,0.0,274,35.854156494140625,fresh_online_exploration,9,12,1.0,1.0,9.54531478881836,1.219482421875,6.23248815536499
135072,4,1.0020222663879395,1.0020222663879395,1.0105376243591309,0.008515353314578533,1.0,1.0,0.0,0.0,0.0,273,35.849143981933594,fresh_online_exploration,9,12,1.0,1.0,9.574031829833984,1.2143296003341675,6.318167209625244
135168,23,1.0007482767105103,1.0007482767105103,1.015472412109375,0.014724073931574821,1.0,1.0,0.0,0.0,0.0,277,35.92591857910156,fresh_online_exploration,9,12,1.0,1.0,9.495014190673828,1.193576455116272,6.076085567474365
135456,74,1.0002942085266113,1.0002942085266113,1.000577449798584,0.0002833058242686093,1.0,1.0,0.0,0.0,0.0,288,35.780357360839844,fresh_online_exploration,9,12,1.0,1.0,9.034634590148926,1.206673502922058,5.502192497253418
135552,2,1.0047000646591187,1.0047000646591187,1.0188179016113281,0.01411779597401619,1.0,1.0,0.0,0.0,0.0,272,35.84632873535156,fresh_online_exploration,9,12,1.0,1.0,9.572810173034668,1.2772245407104492,6.396725654602051
135648,27,1.0020452737808228,1.0020452737808228,1.0170612335205078,0.015015993267297745,1.0,1.0,0.0,0.0,0.0,273,35.81385040283203,fresh_online_exploration,9,12,1.0,1.0,9.54594898223877,1.24749755859375,6.27873420715332
135648,36,1.0059547424316406,1.0059547424316406,1.005963921546936,9.2074551503174e-06,1.0,1.0,0.0,0.0,0.0,282,35.76875305175781,fresh_online_exploration,9,12,1.0,1.0,9.170796394348145,1.2001620531082153,5.7186808586120605
135648,42,1.000317931175232,1.000317931175232,1.0071851015090942,0.006867044605314732,1.0,1.0,0.0,0.0,0.0,274,35.825950622558594,fresh_online_exploration,9,12,1.0,1.0,9.531378746032715,1.2328933477401733,6.2357072830200195
135648,43,1.0013703107833862,1.0013703107833862,1.003016710281372,0.0016463507199659944,1.0,1.0,0.0,0.0,0.0,276,35.82128143310547,fresh_online_exploration,9,12,1.0,1.0,9.589455604553223,1.2393497228622437,6.168536186218262
135648,58,1.003882884979248,1.003882884979248,1.003891944885254,9.030015462485608e-06,1.0,1.0,0.0,0.0,0.0,283,35.645999908447266,fresh_online_exploration,9,12,1.0,1.0,9.124106407165527,1.207983136177063,5.568577289581299
135744,25,1.0013233423233032,1.0013233423233032,1.0013315677642822,8.204047844628803e-06,1.0,1.0,0.0,0.0,0.0,277,35.959693908691406,fresh_online_exploration,9,12,1.0,1.0,9.551220893859863,1.2057455778121948,6.149601936340332
135840,35,1.0000659227371216,1.0000659227371216,1.0067908763885498,0.006725065875798464,1.0,1.0,0.0,0.0,0.0,272,35.794288635253906,fresh_online_exploration,9,12,1.0,1.0,9.538471221923828,1.2096459865570068,6.291780471801758
135840,51,1.000958800315857,1.000958800315857,1.0040305852890015,0.003071846440434456,1.0,1.0,0.0,0.0,0.0,285,35.647369384765625,fresh_online_exploration,9,12,1.0,1.0,9.179978370666504,1.2063246965408325,5.556764125823975
135936,57,1.0009030103683472,1.0009030103683472,1.0011768341064453,0.00027388945454731584,1.0,1.0,0.0,0.0,0.0,287,35.70906066894531,fresh_online_exploration,9,12,1.0,1.0,9.214339256286621,1.1991437673568726,5.4290995597839355
135936,90,1.0010640621185303,1.0010640621185303,1.0119102001190186,0.010846076533198357,1.0,1.0,0.0,0.0,0.0,285,35.7774658203125,fresh_online_exploration,9,12,1.0,1.0,9.051019668579102,1.213223934173584,5.632854461669922
136032,45,1.0047515630722046,1.0047515630722046,1.0108484029769897,0.006096851080656052,1.0,1.0,0.0,0.0,0.0,275,35.93108367919922,fresh_online_exploration,9,12,1.0,1.0,9.549545288085938,1.2269281148910522,6.229223728179932
136128,24,1.0002009868621826,1.0002009868621826,1.0009269714355469,0.0007260821294039488,1.0,1.0,0.0,0.0,0.0,277,35.93033981323242,fresh_online_exploration,9,12,1.0,1.0,9.576593399047852,1.2374154329299927,6.1190056800842285
136128,46,1.0043381452560425,1.0043381452560425,1.0089510679244995,0.0046129124239087105,1.0,1.0,0.0,0.0,0.0,296,36.0229377746582,fresh_online_exploration,9,12,1.0,1.0,9.146149635314941,1.2188609838485718,5.2042555809021
136128,72,1.0013136863708496,1.0013136863708496,1.0034589767456055,0.0021453434601426125,1.0,1.0,0.0,0.0,0.0,285,35.793155670166016,fresh_online_exploration,9,12,1.0,1.0,8.886335372924805,1.2454936504364014,5.641756534576416
136320,13,1.0024653673171997,1.0024653673171997,1.0091660022735596,0.0067006866447627544,1.0,1.0,0.0,0.0,0.0,297,35.99977111816406,fresh_online_exploration,9,12,1.0,1.0,8.982808113098145,1.2090792655944824,5.163700580596924
136320,55,1.0001564025878906,1.0001564025878906,1.007983684539795,0.007827173918485641,1.0,1.0,0.0,0.0,0.0,286,35.707550048828125,fresh_online_exploration,9,12,1.0,1.0,9.11203384399414,1.2209563255310059,5.52312707901001
136320,87,1.0037990808486938,1.0037990808486938,1.014017105102539,0.010218045674264431,1.0,1.0,0.0,0.0,0.0,276,35.94862365722656,fresh_online_exploration,9,12,1.0,1.0,9.539824485778809,1.2892613410949707,6.281008720397949
136320,89,1.0059131383895874,1.0059131383895874,1.0149680376052856,0.009054888971149921,1.0,1.0,0.0,0.0,0.0,289,35.9102897644043,fresh_online_exploration,9,12,1.0,1.0,9.240212440490723,1.1768227815628052,5.504535675048828
136416,18,1.0004489421844482,1.0004489421844482,1.000456690788269,7.771376658638474e-06,1.0,1.0,0.0,0.0,0.0,274,35.84138870239258,fresh_online_exploration,10,12,1.0,1.0,9.580714225769043,1.2799023389816284,6.186540126800537
136512,6,1.000170350074768,1.000170350074768,1.0015887022018433,0.0014183825114741921,1.0,1.0,0.0,0.0,0.0,281,35.540985107421875,fresh_online_exploration,9,12,1.0,1.0,9.1126127243042,1.2594009637832642,5.6644697189331055
136704,92,1.0050297975540161,1.0050297975540161,1.0055274963378906,0.0004977849312126637,1.0,1.0,0.0,0.0,0.0,285,35.79295349121094,fresh_online_exploration,9,12,1.0,1.0,9.193171501159668,1.2403424978256226,5.592504501342773
136896,28,1.0033986568450928,1.0033986568450928,1.0034089088439941,1.0226638551102951e-05,1.0,1.0,0.0,0.0,0.0,277,35.53792190551758,fresh_online_exploration,10,12,1.0,1.0,8.987214088439941,1.2709553241729736,5.910640239715576
136896,80,1.0015171766281128,1.0015171766281128,1.0015945434570312,7.733060192549601e-05,1.0,1.0,0.0,0.0,0.0,272,35.67709732055664,fresh_online_exploration,10,12,1.0,1.0,9.592057228088379,1.2419847249984741,6.354520797729492
136992,3,1.005753517150879,1.005753517150879,1.0090903043746948,0.003336748108267784,1.0,1.0,0.0,0.0,0.0,295,36.08289337158203,fresh_online_exploration,9,12,1.0,1.0,9.093581199645996,1.2270604372024536,5.289526462554932
137088,11,1.0019174814224243,1.0019174814224243,1.002638339996338,0.0007207824965007603,1.0,1.0,0.0,0.0,0.0,277,35.95093536376953,fresh_online_exploration,10,12,1.0,1.0,9.533023834228516,1.3010668754577637,6.112388610839844
137088,82,1.005135416984558,1.005135416984558,1.0051499605178833,1.4524132893711794e-05,1.0,1.0,0.0,0.0,0.0,292,35.957340240478516,fresh_online_exploration,9,12,1.0,1.0,9.243266105651855,1.1691640615463257,5.289056777954102
137088,91,1.0044004917144775,1.0044004917144775,1.004408836364746,8.309254553751089e-06,1.0,1.0,0.0,0.0,0.0,278,36.01485061645508,fresh_online_exploration,10,12,1.0,1.0,9.49262523651123,1.2235939502716064,6.089372634887695
137184,20,1.0051202774047852,1.0051202774047852,1.0051681995391846,4.79325681226328e-05,1.0,1.0,0.0,0.0,0.0,274,35.93892288208008,fresh_online_exploration,10,12,1.0,1.0,9.53528118133545,1.3139278888702393,6.259298324584961
137184,47,1.0018447637557983,1.0018447637557983,1.0046608448028564,0.00281610363163054,1.0,1.0,0.0,0.0,0.0,274,35.814998626708984,fresh_online_exploration,10,12,1.0,1.0,9.630965232849121,1.3391475677490234,6.229963302612305
137184,67,1.0001552104949951,1.0001552104949951,1.0016523599624634,0.0014971503987908363,1.0,1.0,0.0,0.0,0.0,290,35.81412887573242,fresh_online_exploration,9,12,1.0,1.0,9.125346183776855,1.2355852127075195,5.371159553527832
137280,41,1.0016359090805054,1.0016359090805054,1.0025931596755981,0.0009572644485160708,1.0,1.0,0.0,0.0,0.0,276,35.90533447265625,fresh_online_exploration,10,12,1.0,1.0,9.58179759979248,1.2599619626998901,6.156077861785889
137280,93,1.002472162246704,1.002472162246704,1.0025959014892578,0.00012374525249470025,1.0,1.0,0.0,0.0,0.0,274,35.87452697753906,fresh_online_exploration,10,12,1.0,1.0,9.526937484741211,1.2096959352493286,6.2143988609313965
137376,7,1.0009303092956543,1.0009303092956543,1.002199411392212,0.0012691270094364882,1.0,1.0,0.0,0.0,0.0,288,35.733604431152344,fresh_online_exploration,9,12,1.0,1.0,9.233263969421387,1.2168998718261719,5.391460418701172
137376,37,1.003015160560608,1.003015160560608,1.0052709579467773,0.002255842788144946,1.0,1.0,0.0,0.0,0.0,295,36.01921081542969,fresh_online_exploration,9,12,1.0,1.0,9.11375904083252,1.1779963970184326,5.167996406555176
137472,69,1.0006319284439087,1.0006319284439087,1.0006964206695557,6.457311974372715e-05,1.0,1.0,0.0,0.0,0.0,277,35.8877067565918,fresh_online_exploration,10,12,1.0,1.0,9.50378131866455,1.3009402751922607,6.095376491546631
137568,38,1.0055345296859741,1.0055345296859741,1.0059545040130615,0.0004199006361886859,1.0,1.0,0.0,0.0,0.0,288,35.912071228027344,fresh_online_exploration,9,12,1.0,1.0,9.161764144897461,1.2228962182998657,5.490221977233887
137568,44,1.0028084516525269,1.0028084516525269,1.0039374828338623,0.0011291210539638996,1.0,1.0,0.0,0.0,0.0,290,35.87907409667969,fresh_online_exploration,9,12,1.0,1.0,9.090855598449707,1.1771392822265625,5.419994831085205
137568,75,1.0043094158172607,1.0043094158172607,1.004323959350586,1.460706062061945e-05,1.0,1.0,0.0,0.0,0.0,297,36.06608200073242,fresh_online_exploration,9,12,1.0,1.0,9.078566551208496,1.1868281364440918,5.197885513305664
137664,94,1.0027893781661987,1.0027893781661987,1.0029373168945312,0.00014790688874199986,1.0,1.0,0.0,0.0,0.0,297,36.03215789794922,fresh_online_exploration,9,12,1.0,1.0,9.10952091217041,1.2201635837554932,5.199263095855713
137760,8,1.0042617321014404,1.0042617321014404,1.0044149160385132,0.00015318240912165493,1.0,1.0,0.0,0.0,0.0,275,35.965274810791016,fresh_online_exploration,10,12,1.0,1.0,9.600178718566895,1.234785795211792,6.180873870849609
137952,50,1.005405068397522,1.005405068397522,1.0095291137695312,0.004124096594750881,1.0,1.0,0.0,0.0,0.0,285,35.77824783325195,fresh_online_exploration,10,12,1.0,1.0,9.262978553771973,1.2782878875732422,5.4376349449157715
137952,56,1.0016523599624634,1.0016523599624634,1.0021377801895142,0.00048546408652327955,1.0,1.0,0.0,0.0,0.0,288,35.752262115478516,fresh_online_exploration,10,12,1.0,1.0,9.217427253723145,1.3068293333053589,5.45966100692749
138144,0,1.004518985748291,1.004518985748291,1.004598617553711,7.965783152030781e-05,1.0,1.0,0.0,0.0,0.0,296,36.04132843017578,fresh_online_exploration,9,12,1.0,1.0,9.016824722290039,1.2139251232147217,5.210331916809082
138144,29,1.0025428533554077,1.0025428533554077,1.0098345279693604,0.0072916229255497456,1.0,1.0,0.0,0.0,0.0,288,35.84357833862305,fresh_online_exploration,10,12,1.0,1.0,9.263455390930176,1.296159029006958,5.428018569946289
138144,86,1.0042414665222168,1.0042414665222168,1.007011890411377,0.0027703712694346905,1.0,1.0,0.0,0.0,0.0,294,35.95016860961914,fresh_online_exploration,9,12,1.0,1.0,9.21410083770752,1.2012327909469604,5.210886001586914
138240,14,1.005925178527832,1.005925178527832,1.0059343576431274,9.15474993234966e-06,1.0,1.0,0.0,0.0,0.0,289,35.92811965942383,fresh_online_exploration,10,12,1.0,1.0,9.248420715332031,1.296636939048767,5.442185878753662
138240,83,1.0000371932983398,1.0000371932983398,1.0007004737854004,0.0006631944561377168,1.0,1.0,0.0,0.0,0.0,279,35.966766357421875,fresh_online_exploration,10,12,1.0,1.0,9.567461967468262,1.2987637519836426,5.998547077178955
138336,60,1.0044831037521362,1.0044831037521362,1.0047416687011719,0.0002585156762506813,1.0,1.0,0.0,0.0,0.0,292,36.09141540527344,fresh_online_exploration,10,12,1.0,1.0,9.019383430480957,1.2672301530838013,5.39465856552124
138336,65,1.0029791593551636,1.0029791593551636,1.002987265586853,8.125846761686262e-06,1.0,1.0,0.0,0.0,0.0,274,35.933387756347656,fresh_online_exploration,10,12,1.0,1.0,9.58986759185791,1.2946685552597046,6.2037458419799805
138432,81,1.0045932531356812,1.0045932531356812,1.0046038627624512,1.0626750736264512e-05,1.0,1.0,0.0,0.0,0.0,295,36.07918930053711,fresh_online_exploration,10,12,1.0,1.0,9.02230167388916,1.2482985258102417,5.2202348709106445
138528,17,1.0003502368927002,1.0003502368927002,1.0005080699920654,0.00015784490096848458,1.0,1.0,0.0,0.0,0.0,288,35.755027770996094,fresh_online_exploration,10,12,1.0,1.0,9.169502258300781,1.30697762966156,5.410433769226074
138528,66,1.0008007287979126,1.0008007287979126,1.010472297668457,0.00967155210673809,1.0,1.0,0.0,0.0,0.0,286,35.718299865722656,fresh_online_exploration,10,12,1.0,1.0,9.170003890991211,1.2271291017532349,5.578006744384766
138528,78,1.0017257928848267,1.0017257928848267,1.0028332471847534,0.001107489108107984,1.0,1.0,0.0,0.0,0.0,285,35.717933654785156,fresh_online_exploration,10,12,1.0,1.0,9.19825553894043,1.302454948425293,5.530462265014648
138720,52,1.0015978813171387,1.0015978813171387,1.0016380548477173,4.012731369584799e-05,1.0,1.0,0.0,1.0,0.0,301,36.13456344604492,fresh_online_exploration,9,12,1.0,1.0,9.05115032196045,1.3265001773834229,4.994905948638916
138720,71,1.002769112586975,1.002769112586975,1.0031094551086426,0.0003403480222914368,1.0,1.0,0.0,0.0,0.0,288,35.8218879699707,fresh_online_exploration,10,12,1.0,1.0,9.106103897094727,1.236579179763794,5.451352119445801
138912,68,1.0015966892242432,1.0015966892242432,1.0069568157196045,0.005360195878893137,1.0,1.0,0.0,0.0,0.0,287,35.73120880126953,fresh_online_exploration,10,12,1.0,1.0,9.244813919067383,1.2468199729919434,5.432526111602783
139008,30,1.0003710985183716,1.0003710985183716,1.0003788471221924,7.767344868625514e-06,1.0,1.0,0.0,0.0,0.0,292,35.84558868408203,fresh_online_exploration,10,12,1.0,1.0,9.191271781921387,1.226920485496521,5.294920921325684
139104,32,1.003145456314087,1.003145456314087,1.0145800113677979,0.011434493586421013,1.0,1.0,0.0,0.0,0.0,293,35.9635124206543,fresh_online_exploration,10,12,1.0,1.0,9.115190505981445,1.2405062913894653,5.3814311027526855
139296,5,1.0047794580459595,1.0047794580459595,1.0049049854278564,0.00012554162822198123,1.0,1.0,0.0,0.0,0.0,292,35.954166412353516,fresh_online_exploration,10,12,1.0,1.0,9.180317878723145,1.224776029586792,5.329754829406738
139296,16,1.0012179613113403,1.0012179613113403,1.0016570091247559,0.00043909752275794744,1.0,1.0,0.0,0.0,0.0,290,35.803340911865234,fresh_online_exploration,10,12,1.0,1.0,9.256074905395508,1.2866287231445312,5.327700614929199
139392,49,1.003383994102478,1.003383994102478,1.003577709197998,0.00019374460680410266,1.0,1.0,0.0,0.0,0.0,291,35.88876724243164,fresh_online_exploration,10,12,1.0,1.0,9.207801818847656,1.2917910814285278,5.381738185882568
139488,95,1.0025304555892944,1.0025304555892944,1.0025763511657715,4.5927205064799637e-05,1.0,1.0,0.0,0.0,0.0,290,35.840362548828125,fresh_online_exploration,10,12,1.0,1.0,9.1936616897583,1.3404555320739746,5.3475494384765625
139584,76,1.0042260885238647,1.0042260885238647,1.004239797592163,1.3706125173484907e-05,1.0,1.0,0.0,0.0,0.0,279,36.060298919677734,fresh_online_exploration,10,12,1.0,1.0,9.55594539642334,1.321718692779541,6.049736976623535
140736,10,1.006061315536499,1.006061315536499,1.0083000659942627,0.0022387304343283176,1.0,1.0,0.0,0.0,0.0,289,35.88884735107422,fresh_online_exploration,10,13,1.0,1.0,9.223238945007324,1.3434772491455078,5.407049655914307
141024,34,1.0046718120574951,1.0046718120574951,1.005882740020752,0.001210834365338087,1.0,1.0,0.0,0.0,0.0,294,36.0225715637207,fresh_online_exploration,10,13,1.0,1.0,9.226985931396484,1.333378791809082,5.2402520179748535
141792,31,0.66970294713974,7.913875776921486e-09,0.6698612570762634,0.6698613166809082,7.913875776921486e-09,0.0,1.0,1.0,1.0,600,4.273361682891846,fresh_online_exploration,8,13,0.033532938150792196,0.3353293538093567,5.853998184204102,0.8314186930656433,2.945974826812744
141888,63,1.0053380727767944,1.0053380727767944,1.00697660446167,0.001638539950363338,1.0,1.0,0.0,0.0,0.0,295,36.09678268432617,fresh_online_exploration,10,13,1.0,1.0,9.12633228302002,1.2871387004852295,5.231999397277832
157632,70,1.0004650354385376,1.0004650354385376,1.0041416883468628,0.0036766270641237497,1.0,1.0,0.0,0.0,0.0,274,35.762733459472656,fresh_online_exploration,12,14,1.0,1.0,9.855133056640625,1.823539137840271,6.276503562927246
157920,19,1.0021461248397827,1.0021461248397827,1.0022358894348145,8.976662502391264e-05,1.0,1.0,0.0,0.0,0.0,275,35.84597396850586,fresh_online_exploration,12,14,1.0,1.0,9.687535285949707,1.8240457773208618,6.185982704162598
158688,54,1.0023146867752075,1.0023146867752075,1.0023605823516846,4.584389171213843e-05,1.0,1.0,0.0,0.0,0.0,275,35.900394439697266,fresh_online_exploration,12,14,1.0,1.0,9.780523300170898,1.8277074098587036,6.246572494506836
159456,59,1.0007615089416504,1.0007615089416504,1.0008554458618164,9.394054359290749e-05,1.0,1.0,0.0,0.0,0.0,272,35.760406494140625,fresh_online_exploration,12,14,1.0,1.0,9.828254699707031,1.8365501165390015,6.295710563659668
159648,77,1.000670313835144,1.000670313835144,1.0006884336471558,1.8107886717189103e-05,1.0,1.0,0.0,0.0,0.0,274,35.825260162353516,fresh_online_exploration,12,14,1.0,1.0,9.912927627563477,1.833045482635498,6.2642011642456055
159936,12,1.0028698444366455,1.0028698444366455,1.0029678344726562,9.802218846743926e-05,1.0,1.0,0.0,0.0,0.0,273,35.89521408081055,fresh_online_exploration,12,14,1.0,1.0,9.757673263549805,1.809123158454895,6.277055263519287
160128,84,1.001513123512268,1.001513123512268,1.001521110534668,7.994980478542857e-06,1.0,1.0,0.0,0.0,0.0,272,35.7735710144043,fresh_online_exploration,12,15,1.0,1.0,9.87462043762207,1.8148701190948486,6.294783115386963
160224,33,1.0048449039459229,1.0048449039459229,1.0503690242767334,0.0455242358148098,1.0,1.0,0.0,0.0,0.0,278,35.53544616699219,fresh_online_exploration,12,15,0.998369562625885,0.9836956262588501,9.74535846710205,1.8401659727096558,5.738110542297363
160320,39,1.0043467283248901,1.0043467283248901,1.0043576955795288,1.099716973840259e-05,1.0,1.0,0.0,0.0,0.0,273,35.89658737182617,fresh_online_exploration,12,15,1.0,1.0,9.876300811767578,1.8467978239059448,6.264196395874023
160320,79,1.0039656162261963,1.0039656162261963,1.0039749145507812,9.29600173549261e-06,1.0,1.0,0.0,0.0,0.0,276,35.976959228515625,fresh_online_exploration,12,15,1.0,1.0,9.85920524597168,1.8431894779205322,6.161076545715332
160416,48,1.0041950941085815,1.0041950941085815,1.0094666481018066,0.005271539557725191,1.0,1.0,0.0,0.0,0.0,273,35.85014724731445,fresh_online_exploration,12,15,1.0,1.0,9.881769180297852,1.8258941173553467,6.270155906677246
160512,21,1.0001554489135742,1.0001554489135742,1.0005617141723633,0.0004062329535372555,1.0,1.0,0.0,0.0,0.0,274,35.83476257324219,fresh_online_exploration,12,15,1.0,1.0,9.88853645324707,1.8135013580322266,6.230315685272217
160608,9,1.003603219985962,1.003603219985962,1.003617286682129,1.4025697055330966e-05,1.0,1.0,0.0,0.0,0.0,291,35.88339614868164,fresh_online_exploration,12,15,1.0,1.0,9.428470611572266,1.8328171968460083,5.330748558044434
160896,64,1.0010507106781006,1.0010507106781006,1.0010583400726318,7.650472070963588e-06,1.0,1.0,0.0,0.0,0.0,273,35.82440185546875,fresh_online_exploration,12,15,1.0,1.0,9.845375061035156,1.8661870956420898,6.2641425132751465
161088,61,1.0053313970565796,1.0053313970565796,1.0162866115570068,0.010955249890685081,1.0,1.0,0.0,0.0,0.0,276,35.96428298950195,fresh_online_exploration,12,15,1.0,1.0,9.901689529418945,1.9075456857681274,6.187803268432617
161088,73,1.0047484636306763,1.0047484636306763,1.0057541131973267,0.0010056359460577369,1.0,1.0,0.0,0.0,0.0,290,35.90745544433594,fresh_online_exploration,12,15,1.0,1.0,9.216835975646973,1.846044659614563,5.492828845977783
161280,88,1.0033200979232788,1.0033200979232788,1.0138559341430664,0.010535934008657932,1.0,1.0,0.0,0.0,0.0,276,35.940120697021484,fresh_online_exploration,12,15,1.0,1.0,9.809027671813965,1.8887395858764648,6.1709980964660645
161376,4,1.0051319599151611,1.0051319599151611,1.0143377780914307,0.009205624461174011,1.0,1.0,0.0,0.0,0.0,274,35.90351486206055,fresh_online_exploration,12,15,1.0,1.0,9.896584510803223,1.8596045970916748,6.261085033416748
161376,40,1.0034596920013428,1.0034596920013428,1.0068707466125488,0.003411095356568694,1.0,1.0,0.0,0.0,0.0,275,35.848472595214844,fresh_online_exploration,12,15,1.0,1.0,9.833243370056152,1.8830190896987915,6.2166361808776855
161568,23,1.0010032653808594,1.0010032653808594,1.001037836074829,3.45851804013364e-05,1.0,1.0,0.0,0.0,0.0,275,35.869571685791016,fresh_online_exploration,12,15,1.0,1.0,9.800031661987305,1.8523566722869873,6.156660556793213
161664,15,1.0056017637252808,1.0056017637252808,1.0056171417236328,1.5492007150896825e-05,1.0,1.0,0.0,0.0,0.0,293,35.92142105102539,fresh_online_exploration,12,15,1.0,1.0,9.473430633544922,1.8257731199264526,5.280696868896484
161664,85,1.0054779052734375,1.0054779052734375,1.0054866075515747,8.700334547029343e-06,1.0,1.0,0.0,0.0,0.0,292,35.94092559814453,fresh_online_exploration,12,15,1.0,1.0,9.423649787902832,1.8290979862213135,5.317537784576416
161760,22,1.004725456237793,1.004725456237793,1.0051419734954834,0.0004164711572229862,1.0,1.0,0.0,0.0,0.0,284,35.8453369140625,fresh_online_exploration,12,15,1.0,1.0,9.335302352905273,1.8057023286819458,5.7512078285217285
161952,43,1.0044995546340942,1.0044995546340942,1.0045826435089111,8.303321374114603e-05,1.0,1.0,0.0,0.0,0.0,274,35.868221282958984,fresh_online_exploration,12,15,1.0,1.0,9.884778022766113,1.9007179737091064,6.271050930023193
162048,1,1.0001323223114014,1.0001323223114014,1.0062859058380127,0.006153593771159649,1.0,1.0,0.0,0.0,0.0,291,35.78916549682617,fresh_online_exploration,12,15,1.0,1.0,9.368865013122559,1.8472483158111572,5.306012153625488
162240,26,1.006425380706787,1.006425380706787,1.0161521434783936,0.009726817719638348,1.0,1.0,0.0,0.0,0.0,293,35.995147705078125,fresh_online_exploration,12,15,1.0,1.0,9.423600196838379,1.849481225013733,5.346184730529785
162336,57,1.0013667345046997,1.0013667345046997,1.0013742446899414,7.45274110158789e-06,1.0,1.0,0.0,0.0,0.0,275,35.875648498535156,fresh_online_exploration,12,15,1.0,1.0,9.881941795349121,1.8837851285934448,6.14157772064209
162528,25,1.0028774738311768,1.0028774738311768,1.0028876066207886,1.0104929970111698e-05,1.0,1.0,0.0,0.0,0.0,279,36.01892852783203,fresh_online_exploration,12,15,1.0,1.0,9.834430694580078,1.87447190284729,6.0151872634887695
162912,13,1.0005226135253906,1.0005226135253906,1.0032203197479248,0.0026976203080266714,1.0,1.0,0.0,0.0,0.0,277,35.88954544067383,fresh_online_exploration,12,15,1.0,1.0,9.811448097229004,1.8055363893508911,6.122201919555664
162912,53,1.0023634433746338,1.0023634433746338,1.0027052164077759,0.00034174678148701787,1.0,1.0,0.0,0.0,0.0,292,35.95503616333008,fresh_online_exploration,12,15,1.0,1.0,9.348762512207031,1.846728801727295,5.313754081726074
162912,62,1.0060569047927856,1.0060569047927856,1.00608229637146,2.5366451154695824e-05,1.0,1.0,0.0,0.0,0.0,295,35.99907684326172,fresh_online_exploration,12,15,1.0,1.0,9.39708137512207,1.960644245147705,5.172607898712158
162912,87,1.002318263053894,1.002318263053894,1.0023261308670044,7.868659849918913e-06,1.0,1.0,0.0,0.0,0.0,277,35.96965789794922,fresh_online_exploration,12,15,1.0,1.0,9.84268856048584,1.838901400566101,6.132081508636475
163104,36,1.00405752658844,1.00405752658844,1.004241943359375,0.00018443971930537373,1.0,1.0,0.0,0.0,0.0,286,35.79037094116211,fresh_online_exploration,12,15,1.0,1.0,9.416457176208496,1.8682979345321655,5.586042404174805
163296,35,1.001800775527954,1.001800775527954,1.001814603805542,1.3827011571265757e-05,1.0,1.0,0.0,0.0,0.0,286,35.685394287109375,fresh_online_exploration,12,15,1.0,1.0,9.541178703308105,1.9222970008850098,5.462375640869141
163296,42,1.0006674528121948,1.0006674528121948,1.0072979927062988,0.00663058552891016,1.0,1.0,0.0,0.0,0.0,288,35.70575714111328,fresh_online_exploration,12,15,1.0,1.0,9.426276206970215,1.9051724672317505,5.518167495727539
163296,90,1.0025864839553833,1.0025864839553833,1.0149251222610474,0.012338577769696712,1.0,1.0,0.0,0.0,0.0,285,35.74168395996094,fresh_online_exploration,12,15,1.0,1.0,9.449589729309082,1.8302072286605835,5.605831623077393
163296,92,1.0051969289779663,1.0051969289779663,1.005403995513916,0.00020691726240329444,1.0,1.0,0.0,0.0,0.0,277,35.98248291015625,fresh_online_exploration,12,15,1.0,1.0,9.876274108886719,1.955595850944519,6.110876083374023
163392,11,1.001767873764038,1.001767873764038,1.0025523900985718,0.0007845332147553563,1.0,1.0,0.0,0.0,0.0,274,35.86539077758789,fresh_online_exploration,12,15,1.0,1.0,9.82310962677002,1.936090350151062,6.19590425491333
163392,20,1.0003968477249146,1.0003968477249146,1.0095932483673096,0.009196372702717781,1.0,1.0,0.0,0.0,0.0,273,35.79310607910156,fresh_online_exploration,12,15,1.0,1.0,9.829120635986328,1.8731483221054077,6.281264305114746
163392,51,1.0036283731460571,1.0036283731460571,1.0056869983673096,0.002058606129139662,1.0,1.0,0.0,0.0,0.0,287,35.86078643798828,fresh_online_exploration,12,15,1.0,1.0,9.30046272277832,1.8591057062149048,5.567692279815674
163680,3,1.0029457807540894,1.0029457807540894,1.0031880140304565,0.00024223967920988798,1.0,1.0,0.0,0.0,0.0,278,36.018394470214844,fresh_online_exploration,12,15,1.0,1.0,9.82167911529541,1.902365803718567,6.1631622314453125
163680,27,1.0046937465667725,1.0046937465667725,1.0047030448913574,9.23563311516773e-06,1.0,1.0,0.0,0.0,0.0,292,35.97824478149414,fresh_online_exploration,12,15,1.0,1.0,9.407475471496582,1.8484110832214355,5.333919525146484
163776,37,1.001712679862976,1.001712679862976,1.0153430700302124,0.013630490750074387,1.0,1.0,0.0,0.0,0.0,275,35.89006042480469,fresh_online_exploration,12,15,1.0,1.0,9.74303150177002,1.8736567497253418,6.133042335510254
163872,74,1.0006773471832275,1.0006773471832275,1.000856637954712,0.0001792130497051403,1.0,1.0,0.0,0.0,0.0,296,35.97678756713867,fresh_online_exploration,12,15,1.0,1.0,9.437946319580078,1.9067795276641846,5.227296352386475
163872,89,1.0038105249404907,1.0038105249404907,1.0117216110229492,0.007911128923296928,1.0,1.0,0.0,0.0,0.0,287,35.77748107910156,fresh_online_exploration,12,15,1.0,1.0,9.432502746582031,1.870064616203308,5.482189178466797
163968,46,1.0052573680877686,1.0052573680877686,1.0058528184890747,0.0005954564549028873,1.0,1.0,0.0,0.0,0.0,290,35.920433044433594,fresh_online_exploration,12,15,1.0,1.0,9.247836112976074,1.876132845878601,5.422340393066406
163968,72,1.0027848482131958,1.0027848482131958,1.0083787441253662,0.005593756213784218,1.0,1.0,0.0,0.0,0.0,290,35.90705871582031,fresh_online_exploration,12,15,1.0,1.0,9.11848258972168,1.8716861009597778,5.452838897705078
164064,2,1.0050270557403564,1.0050270557403564,1.0057390928268433,0.0007120821392163634,1.0,1.0,0.0,0.0,0.0,297,36.089447021484375,fresh_online_exploration,12,15,1.0,1.0,9.464334487915039,1.9375360012054443,5.19821310043335
164064,18,1.0042576789855957,1.0042576789855957,1.0078455209732056,0.0035878270864486694,1.0,1.0,0.0,0.0,0.0,288,35.80792999267578,fresh_online_exploration,12,15,1.0,1.0,9.367119789123535,1.82392418384552,5.466407775878906
164064,38,1.0009288787841797,1.0009288787841797,1.0121870040893555,0.011258082464337349,1.0,1.0,0.0,0.0,0.0,276,35.83353042602539,fresh_online_exploration,12,15,1.0,1.0,9.929027557373047,1.9405205249786377,6.205357551574707
164064,58,1.0021930932998657,1.0021930932998657,1.002276062965393,8.299866021843627e-05,1.0,1.0,0.0,0.0,0.0,296,35.97929000854492,fresh_online_exploration,12,15,1.0,1.0,9.358202934265137,1.8670852184295654,5.139858245849609
164064,94,1.0020956993103027,1.0020956993103027,1.0034105777740479,0.0013148454017937183,1.0,1.0,0.0,0.0,0.0,275,35.866172790527344,fresh_online_exploration,12,15,1.0,1.0,9.819778442382812,1.9207065105438232,6.190207481384277
164256,6,1.00083589553833,1.00083589553833,1.0102688074111938,0.00943300873041153,1.0,1.0,0.0,0.0,0.0,289,35.80762481689453,fresh_online_exploration,12,15,1.0,1.0,9.309795379638672,1.9241403341293335,5.472990036010742
164544,80,1.0042461156845093,1.0042461156845093,1.0047988891601562,0.0005528040928766131,1.0,1.0,0.0,0.0,0.0,288,35.833927154541016,fresh_online_exploration,12,15,1.0,1.0,9.418262481689453,1.872685194015503,5.447047233581543
164640,45,1.0025968551635742,1.0025968551635742,1.0029597282409668,0.00036296731559559703,1.0,1.0,0.0,0.0,0.0,298,36.033329010009766,fresh_online_exploration,12,15,1.0,1.0,9.377013206481934,1.8621132373809814,5.152977466583252
164736,7,1.00356924533844,1.00356924533844,1.00357985496521,1.0612538972054608e-05,1.0,1.0,0.0,0.0,0.0,285,35.68735885620117,fresh_online_exploration,12,15,1.0,1.0,9.469840049743652,1.8601254224777222,5.519970893859863
164736,47,1.0017086267471313,1.0017086267471313,1.005350112915039,0.0036414633505046368,1.0,1.0,0.0,0.0,0.0,287,35.81156921386719,fresh_online_exploration,12,15,1.0,1.0,9.272465705871582,1.866821050643921,5.536177635192871
164736,55,1.0019856691360474,1.0019856691360474,1.0042691230773926,0.0022833682596683502,1.0,1.0,0.0,0.0,0.0,296,35.967002868652344,fresh_online_exploration,12,15,1.0,1.0,9.408968925476074,1.8122258186340332,5.202887058258057
164832,24,1.001635193824768,1.001635193824768,1.0019962787628174,0.0003611421852838248,1.0,1.0,0.0,0.0,0.0,299,36.05333709716797,fresh_online_exploration,12,15,1.0,1.0,9.37081241607666,1.8522119522094727,5.068126201629639
164832,41,1.0000855922698975,1.0000855922698975,1.0004498958587646,0.00036435897345654666,1.0,1.0,0.0,0.0,0.0,287,35.76095962524414,fresh_online_exploration,12,15,1.0,1.0,9.46084976196289,1.9279083013534546,5.527844429016113
164928,8,1.0042781829833984,1.0042781829833984,1.0095319747924805,0.005253752693533897,1.0,1.0,0.0,0.0,0.0,283,35.69474411010742,fresh_online_exploration,12,15,1.0,1.0,9.595096588134766,1.9359372854232788,5.622179985046387
164928,66,1.0050863027572632,1.0050863027572632,1.0107057094573975,0.005619408562779427,1.0,1.0,0.0,0.0,0.0,275,35.97557067871094,fresh_online_exploration,12,15,1.0,1.0,9.830099105834961,1.9201085567474365,6.235815048217773
164928,82,1.002376914024353,1.002376914024353,1.0025197267532349,0.0001428132673026994,1.0,1.0,0.0,0.0,0.0,290,35.871307373046875,fresh_online_exploration,12,15,1.0,1.0,9.483280181884766,1.9263043403625488,5.35666561126709
165120,83,1.0011475086212158,1.0011475086212158,1.001206636428833,5.908541425014846e-05,1.0,1.0,0.0,0.0,0.0,280,35.98612976074219,fresh_online_exploration,12,15,1.0,1.0,9.823982238769531,1.9215261936187744,5.992941379547119
165216,56,1.000075101852417,1.000075101852417,1.0082182884216309,0.008143150247633457,1.0,1.0,0.0,0.0,0.0,284,35.64397048950195,fresh_online_exploration,12,15,1.0,1.0,9.439481735229492,1.9103063344955444,5.5729851722717285
165216,69,1.000486969947815,1.000486969947815,1.0013610124588013,0.0008739969925954938,1.0,1.0,0.0,0.0,0.0,289,35.81618118286133,fresh_online_exploration,12,15,1.0,1.0,9.396276473999023,1.9402803182601929,5.501071453094482
165408,0,1.0011900663375854,1.0011900663375854,1.0012061595916748,1.6150013834703714e-05,1.0,1.0,0.0,0.0,0.0,284,35.6881217956543,fresh_online_exploration,12,15,1.0,1.0,9.351371765136719,1.9121713638305664,5.585229396820068
165408,52,1.0053857564926147,1.0053857564926147,1.005394697189331,8.905884897103533e-06,1.0,1.0,0.0,0.0,0.0,278,36.04461669921875,fresh_online_exploration,12,15,1.0,1.0,9.876558303833008,1.9302582740783691,6.080428600311279
165408,67,1.0011154413223267,1.0011154413223267,1.0033087730407715,0.002193350112065673,1.0,1.0,0.0,0.0,0.0,294,35.883426666259766,fresh_online_exploration,12,15,1.0,1.0,9.395461082458496,1.8981637954711914,5.224910736083984
165408,86,1.003417730331421,1.003417730331421,1.0046122074127197,0.0011944224825128913,1.0,1.0,0.0,0.0,0.0,284,35.699241638183594,fresh_online_exploration,12,15,1.0,1.0,9.342290878295898,1.9476897716522217,5.555261611938477
165408,93,1.0049058198928833,1.0049058198928833,1.0050283670425415,0.00012255861656740308,1.0,1.0,0.0,0.0,0.0,293,36.00973892211914,fresh_online_exploration,12,15,1.0,1.0,9.481711387634277,1.951874017715454,5.312436580657959
165504,16,1.0016255378723145,1.0016255378723145,1.0016827583312988,5.7252487749792635e-05,1.0,1.0,0.0,0.0,0.0,273,35.822479248046875,fresh_online_exploration,12,15,1.0,1.0,9.911354064941406,1.972328543663025,6.222770690917969
165504,28,1.0048457384109497,1.0048457384109497,1.0115954875946045,0.006749712862074375,1.0,1.0,0.0,0.0,0.0,298,36.100154876708984,fresh_online_exploration,12,15,1.0,1.0,9.39238166809082,1.865485668182373,5.156574249267578
165504,44,1.000543475151062,1.000543475151062,1.0009455680847168,0.0004020561755169183,1.0,1.0,0.0,0.0,0.0,291,35.8336067199707,fresh_online_exploration,12,15,1.0,1.0,9.457259178161621,1.957708716392517,5.346276760101318
165600,50,1.0040432214736938,1.0040432214736938,1.0041100978851318,6.690927693853155e-05,1.0,1.0,0.0,0.0,0.0,288,35.844757080078125,fresh_online_exploration,12,15,1.0,1.0,9.50027084350586,1.9475066661834717,5.4055914878845215
165696,29,1.0015205144882202,1.0015205144882202,1.0024819374084473,0.000961351441219449,1.0,1.0,0.0,0.0,0.0,287,35.73086929321289,fresh_online_exploration,12,15,1.0,1.0,9.413859367370605,1.8956964015960693,5.446798324584961
165888,75,1.0017296075820923,1.0017296075820923,1.0021939277648926,0.00046426118933595717,1.0,1.0,0.0,0.0,0.0,295,35.904945373535156,fresh_online_exploration,12,15,1.0,1.0,9.348328590393066,1.908517599105835,5.147256851196289
165888,91,1.0031285285949707,1.0031285285949707,1.0035855770111084,0.0004570911405608058,1.0,1.0,0.0,0.0,0.0,300,36.102447509765625,fresh_online_exploration,12,15,1.0,1.0,9.374044418334961,1.9518253803253174,5.084275722503662
165984,14,1.0002490282058716,1.0002490282058716,1.0002589225769043,9.829585906118155e-06,1.0,1.0,0.0,0.0,0.0,289,35.782352447509766,fresh_online_exploration,12,15,1.0,1.0,9.542366027832031,1.915944218635559,5.356196880340576
165984,60,1.00365149974823,1.00365149974823,1.0039584636688232,0.00030696444446220994,1.0,1.0,0.0,0.0,0.0,288,35.79096221923828,fresh_online_exploration,12,15,1.0,1.0,9.362659454345703,1.949879765510559,5.451775074005127
166464,32,1.0000375509262085,1.0000375509262085,1.000046730041504,9.278892321162857e-06,1.0,1.0,0.0,0.0,0.0,285,35.705692291259766,fresh_online_exploration,12,15,1.0,1.0,9.423685073852539,1.973440408706665,5.57928991317749
166464,78,1.0056480169296265,1.0056480169296265,1.0139315128326416,0.008283429779112339,1.0,1.0,0.0,0.0,0.0,291,35.9654655456543,fresh_online_exploration,12,15,1.0,1.0,9.37713623046875,1.956758737564087,5.480368614196777
166560,65,1.0029869079589844,1.0029869079589844,1.0030995607376099,0.0001126365750678815,1.0,1.0,0.0,0.0,0.0,294,35.912322998046875,fresh_online_exploration,12,15,1.0,1.0,9.447545051574707,1.9306352138519287,5.206964492797852
166752,17,1.0022128820419312,1.0022128820419312,1.0022542476654053,4.143009937251918e-05,1.0,1.0,0.0,0.0,0.0,294,35.886993408203125,fresh_online_exploration,12,15,1.0,1.0,9.386560440063477,1.9513986110687256,5.215097904205322
166752,68,1.0028120279312134,1.0028120279312134,1.0028586387634277,4.664156949729659e-05,1.0,1.0,0.0,0.0,0.0,290,35.87174606323242,fresh_online_exploration,12,15,1.0,1.0,9.50811767578125,1.9153369665145874,5.357260704040527
166752,81,1.0046367645263672,1.0046367645263672,1.0048038959503174,0.00016717796097509563,1.0,1.0,0.0,0.0,0.0,295,36.14776611328125,fresh_online_exploration,12,15,1.0,1.0,9.398360252380371,1.8898862600326538,5.2323832511901855
166944,95,1.003724455833435,1.003724455833435,1.003738522529602,1.4076056686462834e-05,1.0,1.0,0.0,0.0,0.0,286,35.785858154296875,fresh_online_exploration,12,15,1.0,1.0,9.371886253356934,1.9836323261260986,5.518994331359863
167136,30,1.0032894611358643,1.0032894611358643,1.003300666809082,1.1179129614902195e-05,1.0,1.0,0.0,0.0,0.0,293,35.83306884765625,fresh_online_exploration,12,15,1.0,1.0,9.424201011657715,1.8940027952194214,5.203913688659668
167328,5,1.004183053970337,1.004183053970337,1.0051674842834473,0.000984339858405292,1.0,1.0,0.0,0.0,0.0,292,35.848854064941406,fresh_online_exploration,12,15,1.0,1.0,9.456940650939941,1.9225842952728271,5.263025283813477
167424,49,1.0036027431488037,1.0036027431488037,1.0040357112884521,0.000433018256444484,1.0,1.0,0.0,0.0,0.0,292,35.94403839111328,fresh_online_exploration,12,15,1.0,1.0,9.502586364746094,1.936302900314331,5.366351127624512
167424,71,1.0037368535995483,1.0037368535995483,1.0051099061965942,0.0013730486389249563,1.0,1.0,0.0,0.0,0.0,299,36.10172653198242,fresh_online_exploration,12,15,1.0,1.0,9.416123390197754,1.9468954801559448,5.107955455780029
167616,76,1.002792477607727,1.002792477607727,1.0028096437454224,1.7162881704280153e-05,1.0,1.0,0.0,0.0,0.0,292,35.914886474609375,fresh_online_exploration,12,15,1.0,1.0,9.385546684265137,2.0033230781555176,5.263988971710205
168288,10,1.0014795064926147,1.0014795064926147,1.0015630722045898,8.357765909750015e-05,1.0,1.0,0.0,0.0,0.0,287,35.69012451171875,fresh_online_exploration,13,15,1.0,1.0,9.40503978729248,2.0394790172576904,5.428518295288086
168768,31,1.002512812614441,1.002512812614441,1.0025672912597656,5.441791654448025e-05,1.0,1.0,0.0,0.0,0.0,281,36.0967903137207,fresh_online_exploration,13,15,1.0,1.0,9.755443572998047,2.007547378540039,6.008272171020508
168960,34,1.0053651332855225,1.0053651332855225,1.011348009109497,0.005982737056910992,1.0,1.0,0.0,0.0,0.0,291,35.9531135559082,fresh_online_exploration,13,15,1.0,1.0,9.461418151855469,1.9717339277267456,5.423397064208984
169440,63,1.000221610069275,1.000221610069275,1.0009756088256836,0.0007539664511568844,1.0,1.0,0.0,0.0,0.0,287,35.71720886230469,fresh_online_exploration,13,15,1.0,1.0,9.423893928527832,2.041475534439087,5.424920558929443
184320,19,1.0008397102355957,1.0008397102355957,1.0035752058029175,0.002735507907345891,1.0,1.0,0.0,0.0,0.0,275,35.81146240234375,fresh_online_exploration,14,17,1.0,1.0,9.990865707397461,2.386406660079956,6.251265525817871
184992,70,1.0062282085418701,1.0062282085418701,1.0414859056472778,0.03525765985250473,1.0,1.0,0.0,0.0,0.0,285,35.80027389526367,fresh_online_exploration,14,17,1.0,1.0,9.822932243347168,2.3385448455810547,5.526273250579834
185184,54,1.0010679960250854,1.0010679960250854,1.001084804534912,1.682990841800347e-05,1.0,1.0,0.0,0.0,0.0,276,35.915138244628906,fresh_online_exploration,14,17,1.0,1.0,9.950077056884766,2.4111509323120117,6.152220249176025
185856,59,1.0047622919082642,1.0047622919082642,1.0048792362213135,0.00011698592425091192,1.0,1.0,0.0,0.0,0.0,275,35.921112060546875,fresh_online_exploration,14,17,1.0,1.0,9.950444221496582,2.408724546432495,6.177145004272461
186528,33,1.0034360885620117,1.0034360885620117,1.0036776065826416,0.00024142629990819842,1.0,1.0,0.0,0.0,0.0,274,35.920692443847656,fresh_online_exploration,15,17,1.0,1.0,9.966679573059082,2.4451894760131836,6.237114906311035
186720,9,1.0037808418273926,1.0037808418273926,1.0119240283966064,0.008143112994730473,1.0,1.0,0.0,0.0,0.0,272,35.82853317260742,fresh_online_exploration,15,17,1.0,1.0,10.038544654846191,2.471020460128784,6.262017250061035
186720,79,1.0005407333374023,1.0005407333374023,1.000805377960205,0.0002646609500516206,1.0,1.0,0.0,0.0,0.0,275,35.870670318603516,fresh_online_exploration,15,17,1.0,1.0,9.937223434448242,2.434581995010376,6.17696475982666
187104,73,1.001684308052063,1.001684308052063,1.0044729709625244,0.0027887404430657625,1.0,1.0,0.0,0.0,0.0,271,35.728797912597656,fresh_online_exploration,15,17,1.0,1.0,10.021661758422852,2.493326187133789,6.4840168952941895
187584,4,1.0017038583755493,1.0017038583755493,1.0104584693908691,0.008754581212997437,1.0,1.0,0.0,0.0,0.0,273,35.8338737487793,fresh_online_exploration,15,17,1.0,1.0,10.010234832763672,2.4922783374786377,6.312300205230713
187776,77,1.0006052255630493,1.0006052255630493,1.0006146430969238,9.414285159436986e-06,1.0,1.0,0.0,0.0,0.0,293,35.91069793701172,fresh_online_exploration,14,17,1.0,1.0,9.589235305786133,2.4071874618530273,5.301977634429932
187872,12,1.0056036710739136,1.0056036710739136,1.005807876586914,0.00020417918858584017,1.0,1.0,0.0,0.0,0.0,291,35.93841552734375,fresh_online_exploration,14,17,1.0,1.0,9.60667610168457,2.406532049179077,5.334681510925293
187872,85,1.0026925802230835,1.0026925802230835,1.0027008056640625,8.181713383237366e-06,1.0,1.0,0.0,0.0,0.0,273,35.891197204589844,fresh_online_exploration,15,17,1.0,1.0,9.98111343383789,2.5019471645355225,6.219659328460693
187968,61,1.00425386428833,1.00425386428833,1.0042831897735596,2.939194382634014e-05,1.0,1.0,0.0,0.0,0.0,280,36.07624816894531,fresh_online_exploration,15,17,1.0,1.0,9.902215957641602,2.518385410308838,6.030754089355469
187968,84,1.0024464130401611,1.0024464130401611,1.0027949810028076,0.0003485397610347718,1.0,1.0,0.0,0.0,0.0,290,35.821258544921875,fresh_online_exploration,15,17,1.0,1.0,9.634883880615234,2.439744472503662,5.307149410247803
188256,23,1.0050839185714722,1.0050839185714722,1.0050920248031616,8.121716746245511e-06,1.0,1.0,0.0,0.0,0.0,278,36.05132293701172,fresh_online_exploration,15,17,1.0,1.0,9.879104614257812,2.514864444732666,6.004879951477051
188544,48,1.0026215314865112,1.0026215314865112,1.0026309490203857,9.397586836712435e-06,1.0,1.0,0.0,0.0,0.0,293,35.93243408203125,fresh_online_exploration,15,17,1.0,1.0,9.496280670166016,2.416635036468506,5.313653945922852
188736,88,1.0005955696105957,1.0005955696105957,1.009914755821228,0.009319198317825794,1.0,1.0,0.0,0.0,0.0,286,35.69535827636719,fresh_online_exploration,15,17,1.0,1.0,9.637079238891602,2.48574161529541,5.4926347732543945
188832,21,1.0017062425613403,1.0017062425613403,1.0042850971221924,0.002578841522336006,1.0,1.0,0.0,0.0,0.0,295,35.953224182128906,fresh_online_exploration,15,17,1.0,1.0,9.64158821105957,2.4313406944274902,5.195158004760742
188832,22,1.005625605583191,1.005625605583191,1.0056370496749878,1.1422601346566807e-05,1.0,1.0,0.0,0.0,0.0,282,35.7352180480957,fresh_online_exploration,15,17,1.0,1.0,9.54064655303955,2.504734992980957,5.754429340362549
188832,39,1.0009708404541016,1.0009708404541016,1.0062994956970215,0.0053286319598555565,1.0,1.0,0.0,0.0,0.0,297,35.96464920043945,fresh_online_exploration,15,17,1.0,1.0,9.565546035766602,2.4472403526306152,5.138577461242676
188832,43,1.0034193992614746,1.0034193992614746,1.003867268562317,0.0004478984046727419,1.0,1.0,0.0,0.0,0.0,280,36.02359390258789,fresh_online_exploration,15,17,1.0,1.0,9.95606517791748,2.483292579650879,5.957374095916748
188928,64,1.0020700693130493,1.0020700693130493,1.0020790100097656,8.983130101114511e-06,1.0,1.0,0.0,0.0,0.0,292,35.865570068359375,fresh_online_exploration,15,17,1.0,1.0,9.592909812927246,2.487351417541504,5.266886234283447
189120,40,1.005279779434204,1.005279779434204,1.0058414936065674,0.0005616662674583495,1.0,1.0,0.0,0.0,0.0,289,35.97089767456055,fresh_online_exploration,15,17,1.0,1.0,9.635441780090332,2.553520441055298,5.42692232131958
189312,53,1.0022958517074585,1.0022958517074585,1.0023105144500732,1.4576988178305328e-05,1.0,1.0,0.0,0.0,0.0,275,35.93007278442383,fresh_online_exploration,15,17,1.0,1.0,9.929173469543457,2.570847749710083,6.118875980377197
189600,35,1.0012400150299072,1.0012400150299072,1.0205800533294678,0.01934000849723816,1.0,1.0,0.0,0.0,0.0,274,35.836639404296875,fresh_online_exploration,15,17,1.0,1.0,9.927998542785645,2.5177154541015625,6.2277045249938965
189792,13,1.0015455484390259,1.0015455484390259,1.0040125846862793,0.0024670639541000128,1.0,1.0,0.0,0.0,0.0,280,35.934226989746094,fresh_online_exploration,15,17,1.0,1.0,10.009708404541016,2.562199115753174,6.0467729568481445
189792,15,1.0021781921386719,1.0021781921386719,1.0021998882293701,2.172831773350481e-05,1.0,1.0,0.0,0.0,0.0,293,35.910945892333984,fresh_online_exploration,15,17,1.0,1.0,9.688225746154785,2.4870269298553467,5.2742838859558105
189792,90,1.0034523010253906,1.0034523010253906,1.0158997774124146,0.012447386048734188,1.0,1.0,0.0,0.0,0.0,276,35.93339538574219,fresh_online_exploration,15,17,1.0,1.0,10.015167236328125,2.525120973587036,6.133871078491211
189984,26,1.0039311647415161,1.0039311647415161,1.0145771503448486,0.010645884089171886,1.0,1.0,0.0,0.0,0.0,289,35.84456253051758,fresh_online_exploration,15,17,1.0,1.0,9.664937019348145,2.48396372795105,5.403904914855957
189984,37,1.0026886463165283,1.0026886463165283,1.0027018785476685,1.3226523151388392e-05,1.0,1.0,0.0,0.0,0.0,273,35.865821838378906,fresh_online_exploration,15,17,1.0,1.0,9.9522123336792,2.5172557830810547,6.281994819641113
190080,89,1.0004440546035767,1.0004440546035767,1.0004520416259766,7.94104653323302e-06,1.0,1.0,0.0,0.0,0.0,273,35.82750701904297,fresh_online_exploration,15,17,1.0,1.0,9.941061973571777,2.582360029220581,6.2957563400268555
190176,1,1.0037753582000732,1.0037753582000732,1.0113325119018555,0.007557131815701723,1.0,1.0,0.0,0.0,0.0,293,35.97397994995117,fresh_online_exploration,15,18,1.0,1.0,9.595373153686523,2.4638125896453857,5.303255558013916
190176,57,1.0003336668014526,1.0003336668014526,1.0017070770263672,0.0013733671512454748,1.0,1.0,0.0,0.0,0.0,290,35.7430534362793,fresh_online_exploration,15,18,1.0,1.0,9.646088600158691,2.511916399002075,5.27473258972168
190272,74,1.0030577182769775,1.0030577182769775,1.0066202878952026,0.003562640631571412,1.0,1.0,0.0,0.0,0.0,275,35.86814880371094,fresh_online_exploration,15,18,1.0,1.0,9.934077262878418,2.5464024543762207,6.171720504760742
190368,36,1.0001990795135498,1.0001990795135498,1.0062754154205322,0.00607636570930481,1.0,1.0,0.0,0.0,0.0,284,35.7083854675293,fresh_online_exploration,15,18,1.0,1.0,9.511914253234863,2.5100135803222656,5.6363139152526855
190464,46,1.0011012554168701,1.0011012554168701,1.001455545425415,0.00035435869358479977,1.0,1.0,0.0,0.0,0.0,276,35.91285705566406,fresh_online_exploration,15,18,1.0,1.0,9.892986297607422,2.477818727493286,6.099452018737793
190656,3,1.0054607391357422,1.0054607391357422,1.0097267627716064,0.004265967290848494,1.0,1.0,0.0,0.0,0.0,281,36.09259033203125,fresh_online_exploration,15,18,1.0,1.0,9.913110733032227,2.501868724822998,6.026878833770752
190656,62,1.0047740936279297,1.0047740936279297,1.00593900680542,0.0011648270301520824,1.0,1.0,0.0,0.0,0.0,289,35.814884185791016,fresh_online_exploration,15,18,1.0,1.0,9.696015357971191,2.571638584136963,5.345875263214111
190848,51,1.005185604095459,1.005185604095459,1.014862060546875,0.009676536545157433,1.0,1.0,0.0,0.0,0.0,286,35.75467300415039,fresh_online_exploration,15,18,1.0,1.0,9.462159156799316,2.5138473510742188,5.539017677307129
190944,27,1.002012848854065,1.002012848854065,1.0147440433502197,0.012731176801025867,1.0,1.0,0.0,0.0,0.0,284,35.713226318359375,fresh_online_exploration,15,18,1.0,1.0,9.579127311706543,2.5088837146759033,5.573468208312988
191040,25,1.0014702081680298,1.0014702081680298,1.0058040618896484,0.004333966411650181,1.0,1.0,0.0,0.0,0.0,297,36.016754150390625,fresh_online_exploration,15,18,1.0,1.0,9.446425437927246,2.450533151626587,5.219123840332031
191136,87,1.0057369470596313,1.0057369470596313,1.0066897869110107,0.0009528427617624402,1.0,1.0,0.0,0.0,0.0,294,36.02214431762695,fresh_online_exploration,15,18,1.0,1.0,9.57107162475586,2.545872926712036,5.27234411239624
191232,11,1.0025120973587036,1.0025120973587036,1.002945899963379,0.0004338269354775548,1.0,1.0,0.0,0.0,0.0,290,35.87781524658203,fresh_online_exploration,15,18,1.0,1.0,9.603951454162598,2.5545156002044678,5.449294090270996
191232,41,1.001820683479309,1.001820683479309,1.0019198656082153,9.914248948916793e-05,1.0,1.0,0.0,0.0,0.0,275,35.90419387817383,fresh_online_exploration,15,18,1.0,1.0,10.04150676727295,2.5256996154785156,6.161215782165527
191232,72,1.0010643005371094,1.0010643005371094,1.0024709701538086,0.0014066339936107397,1.0,1.0,0.0,0.0,0.0,284,35.783164978027344,fresh_online_exploration,15,18,1.0,1.0,9.52324390411377,2.4767041206359863,5.605742931365967
191328,47,1.0027323961257935,1.0027323961257935,1.0029526948928833,0.0002202766772825271,1.0,1.0,0.0,0.0,0.0,277,35.960227966308594,fresh_online_exploration,15,18,1.0,1.0,10.019596099853516,2.506237506866455,6.073579788208008
191424,8,1.0051900148391724,1.0051900148391724,1.005254864692688,6.490656960522756e-05,1.0,1.0,0.0,0.0,0.0,276,36.01136016845703,fresh_online_exploration,15,18,1.0,1.0,10.06055736541748,2.5738232135772705,6.1388702392578125
191424,92,1.0057179927825928,1.0057179927825928,1.0058035850524902,8.554973464924842e-05,1.0,1.0,0.0,0.0,0.0,293,35.96010208129883,fresh_online_exploration,15,18,1.0,1.0,9.674134254455566,2.5501930713653564,5.277979373931885
191424,94,1.0039654970169067,1.0039654970169067,1.0047556161880493,0.000790109159424901,1.0,1.0,0.0,0.0,0.0,285,35.812217712402344,fresh_online_exploration,15,18,1.0,1.0,9.662240028381348,2.4863901138305664,5.54337215423584
191616,20,1.003374695777893,1.003374695777893,1.003548264503479,0.0001735897094476968,1.0,1.0,0.0,0.0,0.0,294,35.90899658203125,fresh_online_exploration,15,18,1.0,1.0,9.647388458251953,2.5382914543151855,5.218340873718262
191616,58,1.003096580505371,1.003096580505371,1.0152952671051025,0.01219879649579525,1.0,1.0,0.0,0.0,0.0,287,35.838958740234375,fresh_online_exploration,15,18,1.0,1.0,9.415499687194824,2.527266025543213,5.532010078430176
191712,69,1.002728819847107,1.002728819847107,1.0051100254058838,0.002381187630817294,1.0,1.0,0.0,0.0,0.0,276,35.945858001708984,fresh_online_exploration,15,18,1.0,1.0,10.025679588317871,2.591878652572632,6.145208835601807
191808,42,1.0056465864181519,1.0056465864181519,1.0116820335388184,0.006035563535988331,1.0,1.0,0.0,0.0,0.0,297,36.066131591796875,fresh_online_exploration,15,18,1.0,1.0,9.526223182678223,2.514183521270752,5.187338352203369
191808,56,1.0041837692260742,1.0041837692260742,1.0042638778686523,8.013761544134468e-05,1.0,1.0,0.0,0.0,0.0,277,35.98111343383789,fresh_online_exploration,15,18,1.0,1.0,10.020086288452148,2.5990216732025146,6.123842239379883
191904,2,1.00390625,1.00390625,1.0042407512664795,0.00033446744782850146,1.0,1.0,0.0,0.0,0.0,290,35.82958984375,fresh_online_exploration,15,18,1.0,1.0,9.63941478729248,2.5141329765319824,5.308111667633057
192000,93,1.0051250457763672,1.0051250457763672,1.0051641464233398,3.9166039641713724e-05,1.0,1.0,0.0,0.0,0.0,277,36.01445007324219,fresh_online_exploration,15,18,1.0,1.0,9.958266258239746,2.52966570854187,6.15283203125
192096,16,1.0027750730514526,1.0027750730514526,1.0028479099273682,7.289495260920376e-05,1.0,1.0,0.0,0.0,0.0,277,35.96792221069336,fresh_online_exploration,15,18,1.0,1.0,10.01344108581543,2.6014716625213623,6.059603691101074
192096,67,1.000370979309082,1.000370979309082,1.000471591949463,0.00010059719352284446,1.0,1.0,0.0,0.0,0.0,278,35.97541046142578,fresh_online_exploration,15,18,1.0,1.0,9.951714515686035,2.5597598552703857,5.991098880767822
192096,80,1.0032225847244263,1.0032225847244263,1.0053141117095947,0.002091432688757777,1.0,1.0,0.0,0.0,0.0,287,35.80413818359375,fresh_online_exploration,15,18,1.0,1.0,9.581539154052734,2.550595760345459,5.591518402099609
192192,75,1.0029871463775635,1.0029871463775635,1.0030641555786133,7.701025606365874e-05,1.0,1.0,0.0,0.0,0.0,274,35.902915954589844,fresh_online_exploration,15,18,1.0,1.0,9.91284465789795,2.649840831756592,6.194626331329346
192192,83,1.002947211265564,1.002947211265564,1.0035920143127441,0.0006447554333135486,1.0,1.0,0.0,0.0,0.0,282,35.67851638793945,fresh_online_exploration,15,18,1.0,1.0,9.421759605407715,2.524663209915161,5.683905601501465
192384,7,1.0026472806930542,1.0026472806930542,1.002656102180481,8.875751518644392e-06,1.0,1.0,0.0,0.0,0.0,288,35.8002815246582,fresh_online_exploration,15,18,1.0,1.0,9.593442916870117,2.5703468322753906,5.395704746246338
192384,45,1.0015314817428589,1.0015314817428589,1.001845121383667,0.00031362284789793193,1.0,1.0,0.0,0.0,0.0,289,35.79100036621094,fresh_online_exploration,15,18,1.0,1.0,9.520654678344727,2.478586435317993,5.332146644592285
192576,38,1.0016735792160034,1.0016735792160034,1.0036758184432983,0.002002229681238532,1.0,1.0,0.0,0.0,0.0,297,36.06201934814453,fresh_online_exploration,15,18,1.0,1.0,9.445351600646973,2.49735164642334,5.138409614562988
192576,66,1.0052251815795898,1.0052251815795898,1.016836404800415,0.01161109283566475,1.0,1.0,0.0,0.0,0.0,288,35.89122009277344,fresh_online_exploration,15,18,1.0,1.0,9.574450492858887,2.5834784507751465,5.612570285797119
192672,6,1.0020451545715332,1.0020451545715332,1.0038217306137085,0.0017765446100383997,1.0,1.0,0.0,0.0,0.0,296,35.9678955078125,fresh_online_exploration,15,18,1.0,1.0,9.544639587402344,2.5261921882629395,5.176656723022461
192768,86,1.0026408433914185,1.0026408433914185,1.002650260925293,9.32943839870859e-06,1.0,1.0,0.0,0.0,0.0,285,35.749046325683594,fresh_online_exploration,15,18,1.0,1.0,9.675995826721191,2.5846879482269287,5.488531589508057
192864,24,1.004143238067627,1.004143238067627,1.0056898593902588,0.0015466137556359172,1.0,1.0,0.0,0.0,0.0,292,35.92437744140625,fresh_online_exploration,15,18,1.0,1.0,9.62490463256836,2.504828691482544,5.298493385314941
192960,55,1.002280354499817,1.002280354499817,1.0022894144058228,9.051458619069308e-06,1.0,1.0,0.0,0.0,0.0,294,35.95625305175781,fresh_online_exploration,15,18,1.0,1.0,9.59243392944336,2.5535104274749756,5.281841278076172
192960,82,1.0018494129180908,1.0018494129180908,1.001943826675415,9.435852552996948e-05,1.0,1.0,0.0,0.0,0.0,292,35.88792419433594,fresh_online_exploration,15,18,1.0,1.0,9.66943359375,2.5984373092651367,5.271952152252197
193056,30,1.0011584758758545,1.0011584758758545,1.0094919204711914,0.008333425968885422,1.0,1.0,0.0,0.0,0.0,270,35.66148376464844,fresh_online_exploration,15,18,1.0,1.0,10.067450523376465,2.5902256965637207,6.312461853027344
193248,0,1.0015950202941895,1.0015950202941895,1.0025864839553833,0.000991492415778339,1.0,1.0,0.0,0.0,0.0,290,35.87522506713867,fresh_online_exploration,15,18,1.0,1.0,9.642704010009766,2.524672508239746,5.397148132324219
193248,18,1.0038719177246094,1.0038719177246094,1.0039746761322021,0.0001028374390443787,1.0,1.0,0.0,1.0,0.0,304,36.21662139892578,fresh_online_exploration,15,18,1.0,1.0,9.377490997314453,2.5051193237304688,4.988943576812744
193248,52,1.005220890045166,1.005220890045166,1.0168979167938232,0.01167706586420536,1.0,1.0,0.0,0.0,0.0,290,35.915435791015625,fresh_online_exploration,15,18,1.0,1.0,9.603761672973633,2.4960923194885254,5.356951713562012
193440,28,1.0000331401824951,1.0000331401824951,1.0002930164337158,0.00025981204817071557,1.0,1.0,0.0,0.0,0.0,291,35.85540771484375,fresh_online_exploration,15,18,1.0,1.0,9.598627090454102,2.56141996383667,5.343480110168457
193440,29,1.0005929470062256,1.0005929470062256,1.0056777000427246,0.005084844771772623,1.0,1.0,0.0,0.0,0.0,289,35.762535095214844,fresh_online_exploration,15,18,1.0,1.0,9.684423446655273,2.5582737922668457,5.359981060028076
193440,95,1.005326509475708,1.005326509475708,1.005429983139038,0.00010350819502491504,1.0,1.0,0.0,0.0,0.0,276,36.0274772644043,fresh_online_exploration,15,18,1.0,1.0,9.96072006225586,2.6375017166137695,6.138665676116943
193632,5,1.0008505582809448,1.0008505582809448,1.0030512809753418,0.002200627001002431,1.0,1.0,0.0,0.0,0.0,274,35.79781723022461,fresh_online_exploration,15,18,1.0,1.0,9.9656400680542,2.61720609664917,6.175061225891113
193632,91,1.0023531913757324,1.0023531913757324,1.0029072761535645,0.0005540252313949168,1.0,1.0,0.0,0.0,0.0,289,35.825679779052734,fresh_online_exploration,15,18,1.0,1.0,9.581605911254883,2.627732038497925,5.362916946411133
193824,78,1.004988431930542,1.004988431930542,1.014157772064209,0.009169382974505424,1.0,1.0,0.0,0.0,0.0,285,35.785888671875,fresh_online_exploration,15,18,1.0,1.0,9.591901779174805,2.591543674468994,5.642283916473389
193920,44,1.004098653793335,1.004098653793335,1.005251169204712,0.00115245021879673,1.0,1.0,0.0,0.0,0.0,296,36.056663513183594,fresh_online_exploration,15,18,1.0,1.0,9.543109893798828,2.5710701942443848,5.156491756439209
194112,32,1.0021564960479736,1.0021564960479736,1.0039219856262207,0.001765386899933219,1.0,1.0,0.0,0.0,0.0,288,35.76457214355469,fresh_online_exploration,15,18,1.0,1.0,9.711071014404297,2.535472869873047,5.402849197387695
194112,50,1.000651478767395,1.000651478767395,1.0007452964782715,9.37108343350701e-05,1.0,1.0,0.0,0.0,0.0,297,35.99188232421875,fresh_online_exploration,15,18,1.0,1.0,9.646659851074219,2.5888712406158447,5.148763656616211
194112,60,1.0002166032791138,1.0002166032791138,1.001100778579712,0.000884087523445487,1.0,1.0,0.0,0.0,0.0,293,35.8306999206543,fresh_online_exploration,15,18,1.0,1.0,9.522919654846191,2.5795347690582275,5.225818157196045
194208,14,1.005654215812683,1.005654215812683,1.0056629180908203,8.695871656527743e-06,1.0,1.0,0.0,0.0,0.0,294,36.0268669128418,fresh_online_exploration,15,18,1.0,1.0,9.657228469848633,2.5787110328674316,5.255630970001221
194208,71,1.0022205114364624,1.0022205114364624,1.002229928970337,9.502826287643984e-06,1.0,1.0,0.0,0.0,0.0,279,35.59352111816406,fresh_online_exploration,15,18,1.0,1.0,9.487881660461426,2.659320831298828,5.836050987243652
194304,17,1.001326560974121,1.001326560974121,1.001340627670288,1.4077390005695634e-05,1.0,1.0,0.0,0.0,0.0,287,35.77992248535156,fresh_online_exploration,15,18,1.0,1.0,9.527597427368164,2.553346633911133,5.5079145431518555
194496,65,1.002973198890686,1.002973198890686,1.003019094467163,4.5978056732565165e-05,1.0,1.0,0.0,0.0,0.0,291,35.8621711730957,fresh_online_exploration,15,18,1.0,1.0,9.677383422851562,2.551126003265381,5.335678577423096
194496,81,1.005393147468567,1.005393147468567,1.0054092407226562,1.6049965779529884e-05,1.0,1.0,0.0,0.0,0.0,289,35.89335632324219,fresh_online_exploration,15,18,1.0,1.0,9.619123458862305,2.5279641151428223,5.4390716552734375
195264,68,1.0043363571166992,1.0043363571166992,1.0043809413909912,4.457003524294123e-05,1.0,1.0,0.0,0.0,0.0,297,36.04603958129883,fresh_online_exploration,15,18,1.0,1.0,9.536128997802734,2.556605339050293,5.176111698150635
195648,49,1.0047667026519775,1.0047667026519775,1.0049253702163696,0.00015868907212279737,1.0,1.0,0.0,0.0,0.0,294,35.930877685546875,fresh_online_exploration,15,18,1.0,1.0,9.673944473266602,2.711461305618286,5.209001064300537
195840,76,1.0046448707580566,1.0046448707580566,1.0061534643173218,0.0015086281346157193,1.0,1.0,0.0,0.0,0.0,294,36.13273620605469,fresh_online_exploration,15,18,1.0,1.0,9.538395881652832,2.643690824508667,5.258216857910156
196416,10,1.0012015104293823,1.0012015104293823,1.0018389225006104,0.00063749507535249,1.0,1.0,0.0,0.0,0.0,293,35.914825439453125,fresh_online_exploration,15,18,1.0,1.0,9.606163024902344,2.620417833328247,5.317994117736816
196992,63,1.0020711421966553,1.0020711421966553,1.0021193027496338,4.8223224439425394e-05,1.0,1.0,0.0,0.0,0.0,287,35.74867630004883,fresh_online_exploration,15,18,1.0,1.0,9.642668724060059,2.645369529724121,5.452217102050781
197568,34,1.000256061553955,1.000256061553955,1.0002654790878296,9.429689271200914e-06,1.0,1.0,0.0,0.0,0.0,298,35.996986389160156,fresh_online_exploration,15,18,1.0,1.0,9.50305461883545,2.640860080718994,5.133730888366699
210144,19,1.0006358623504639,1.0006358623504639,1.0008656978607178,0.00022986173280514777,1.0,1.0,0.0,0.0,0.0,269,35.676177978515625,fresh_online_exploration,17,20,1.0,1.0,10.192483901977539,3.004639148712158,6.446582794189453
211200,70,1.0051445960998535,1.0051445960998535,1.0156404972076416,0.010495916940271854,1.0,1.0,0.0,0.0,0.0,273,35.87379837036133,fresh_online_exploration,17,20,1.0,1.0,10.13529109954834,3.0432000160217285,6.304714679718018
211872,54,1.0036736726760864,1.0036736726760864,1.0059406757354736,0.0022670822218060493,1.0,1.0,0.0,0.0,0.0,278,35.98085403442383,fresh_online_exploration,17,20,1.0,1.0,10.050251007080078,3.0025904178619385,6.081854820251465
212448,33,1.0013915300369263,1.0013915300369263,1.0051158666610718,0.0037243696860969067,1.0,1.0,0.0,0.0,0.0,270,35.718055725097656,fresh_online_exploration,17,20,1.0,1.0,10.165262222290039,3.037642478942871,6.33428955078125
212448,59,1.0048364400863647,1.0048364400863647,1.0081415176391602,0.0033051730133593082,1.0,1.0,0.0,0.0,0.0,277,35.945343017578125,fresh_online_exploration,17,20,1.0,1.0,10.158095359802246,2.96111798286438,6.110079288482666
214176,84,1.0020201206207275,1.0020201206207275,1.002038836479187,1.8720069419941865e-05,1.0,1.0,0.0,0.0,0.0,273,35.870018005371094,fresh_online_exploration,17,20,1.0,1.0,10.07213306427002,3.0340018272399902,6.270272731781006
214368,9,1.0005170106887817,1.0005170106887817,1.0005755424499512,5.854949267813936e-05,1.0,1.0,0.0,0.0,0.0,288,35.766056060791016,fresh_online_exploration,17,20,1.0,1.0,9.824321746826172,3.0230307579040527,5.409822940826416
214464,73,1.0047000646591187,1.0047000646591187,1.0061163902282715,0.0014163053128868341,1.0,1.0,0.0,0.0,0.0,285,35.773597717285156,fresh_online_exploration,17,20,1.0,1.0,9.65931224822998,3.1016085147857666,5.6144118309021
214464,79,1.00507390499115,1.00507390499115,1.0055146217346191,0.0004407406668178737,1.0,1.0,0.0,0.0,0.0,289,35.863521575927734,fresh_online_exploration,17,20,1.0,1.0,9.89397144317627,3.0017764568328857,5.370611190795898
214656,61,1.0053057670593262,1.0053057670593262,1.0082398653030396,0.0029341555200517178,1.0,1.0,0.0,0.0,0.0,278,36.048439025878906,fresh_online_exploration,17,20,1.0,1.0,10.096331596374512,2.9893295764923096,6.07914924621582
214752,48,1.002373456954956,1.002373456954956,1.0023822784423828,8.89107832335867e-06,1.0,1.0,0.0,0.0,0.0,273,35.854366302490234,fresh_online_exploration,17,20,1.0,1.0,10.099677085876465,3.1361947059631348,6.238994121551514
214848,4,1.0051252841949463,1.0051252841949463,1.0153522491455078,0.010227080434560776,1.0,1.0,0.0,0.0,0.0,284,35.719635009765625,fresh_online_exploration,17,20,0.9994186043739319,0.9941860437393188,9.94521713256836,3.0229499340057373,5.59065055847168
215136,64,1.0033361911773682,1.0033361911773682,1.0192549228668213,0.01591879315674305,1.0,1.0,0.0,0.0,0.0,273,35.87080764770508,fresh_online_exploration,17,20,1.0,1.0,10.122078895568848,3.025081157684326,6.24921178817749
215232,23,1.0000697374343872,1.0000697374343872,1.0021617412567139,0.0020919826347380877,1.0,1.0,0.0,0.0,0.0,281,36.015235900878906,fresh_online_exploration,17,20,1.0,1.0,9.993341445922852,3.0235040187835693,5.9250922203063965
215424,43,1.0030344724655151,1.0030344724655151,1.003110647201538,7.62370036682114e-05,1.0,1.0,0.0,0.0,0.0,277,35.93900680541992,fresh_online_exploration,17,20,1.0,1.0,10.1021089553833,3.1403791904449463,6.125423908233643
215616,77,1.0011954307556152,1.0011954307556152,1.008840560913086,0.007645145989954472,1.0,1.0,0.0,0.0,0.0,290,35.7497444152832,fresh_online_exploration,17,20,1.0,1.0,9.789978981018066,3.056936264038086,5.3111677169799805
215616,85,1.0004220008850098,1.0004220008850098,1.0010792016983032,0.0006571842241100967,1.0,1.0,0.0,0.0,0.0,289,35.804344177246094,fresh_online_exploration,17,20,1.0,1.0,9.812760353088379,3.039236068725586,5.403731822967529
215712,12,1.0006839036941528,1.0006839036941528,1.003657341003418,0.0029735350981354713,1.0,1.0,0.0,0.0,0.0,290,35.78799819946289,fresh_online_exploration,17,20,1.0,1.0,9.704641342163086,3.035587787628174,5.355904579162598
215808,90,1.0007364749908447,1.0007364749908447,1.0108715295791626,0.010135071352124214,1.0,1.0,0.0,0.0,0.0,271,35.764739990234375,fresh_online_exploration,17,20,1.0,1.0,10.11486530303955,3.0377252101898193,6.3832478523254395
215904,15,1.0028935670852661,1.0028935670852661,1.0047228336334229,0.0018293284811079502,1.0,1.0,0.0,0.0,0.0,272,35.80467224121094,fresh_online_exploration,17,20,1.0,1.0,10.09394645690918,3.0241031646728516,6.284488201141357
215904,53,1.000295877456665,1.000295877456665,1.0006928443908691,0.0003969564859289676,1.0,1.0,0.0,0.0,0.0,277,35.552154541015625,fresh_online_exploration,17,20,1.0,1.0,9.818055152893066,3.0897216796875,5.9127655029296875
216096,21,1.005584478378296,1.005584478378296,1.006314754486084,0.0007302997983060777,1.0,1.0,0.0,0.0,0.0,284,35.793312072753906,fresh_online_exploration,17,20,1.0,1.0,9.68199634552002,3.1645901203155518,5.693647384643555
216096,22,1.000705361366272,1.000705361366272,1.0024670362472534,0.0017616646364331245,1.0,1.0,0.0,0.0,0.0,284,35.6776008605957,fresh_online_exploration,17,20,1.0,1.0,9.662672996520996,3.124660015106201,5.6750407218933105
216288,13,1.0006508827209473,1.0006508827209473,1.0007450580596924,9.418554691364989e-05,1.0,1.0,0.0,0.0,0.0,276,35.83388900756836,fresh_online_exploration,17,20,1.0,1.0,10.167150497436523,3.0484330654144287,6.23178768157959
216480,1,1.000281572341919,1.000281572341919,1.0070587396621704,0.0067771500907838345,1.0,1.0,0.0,0.0,0.0,274,35.80635070800781,fresh_online_exploration,18,20,1.0,1.0,10.12584400177002,3.183809280395508,6.233150005340576
216480,88,1.0013532638549805,1.0013532638549805,1.0018640756607056,0.0005108133773319423,1.0,1.0,0.0,0.0,0.0,289,35.828189849853516,fresh_online_exploration,17,20,1.0,1.0,9.778854370117188,3.0374972820281982,5.412860870361328
216672,36,1.0047595500946045,1.0047595500946045,1.0185363292694092,0.013776866719126701,1.0,1.0,0.0,0.0,0.0,274,35.868865966796875,fresh_online_exploration,18,20,1.0,1.0,10.167730331420898,3.0396389961242676,6.252050399780273
216672,37,1.0051281452178955,1.0051281452178955,1.049069881439209,0.04394153133034706,1.0,1.0,0.0,0.0,0.0,278,35.519805908203125,fresh_online_exploration,17,20,0.997826087474823,0.97826087474823,10.020296096801758,3.104051113128662,5.716616630554199
216672,89,1.0045576095581055,1.0045576095581055,1.0113197565078735,0.006762110628187656,1.0,1.0,0.0,0.0,0.0,277,35.9792366027832,fresh_online_exploration,17,20,1.0,1.0,10.111528396606445,3.0646378993988037,6.171165466308594
216864,40,1.0053614377975464,1.0053614377975464,1.0076501369476318,0.002288611838594079,1.0,1.0,0.0,0.0,0.0,289,35.92491149902344,fresh_online_exploration,17,20,1.0,1.0,9.827742576599121,3.0635383129119873,5.458906173706055
216864,46,1.0042881965637207,1.0042881965637207,1.0089294910430908,0.004641239531338215,1.0,1.0,0.0,0.0,0.0,275,35.93617630004883,fresh_online_exploration,18,20,1.0,1.0,10.087108612060547,3.098264455795288,6.199349403381348
216864,62,1.0029702186584473,1.0029702186584473,1.0030027627944946,3.256844502175227e-05,1.0,1.0,0.0,0.0,0.0,273,35.819053649902344,fresh_online_exploration,18,20,1.0,1.0,10.195073127746582,3.0720579624176025,6.274727821350098
217152,26,1.0017428398132324,1.0017428398132324,1.0140299797058105,0.01228706818073988,1.0,1.0,0.0,0.0,0.0,283,35.69425582885742,fresh_online_exploration,17,20,1.0,1.0,9.719521522521973,3.150923252105713,5.706816673278809
217248,3,1.0013340711593628,1.0013340711593628,1.0019797086715698,0.0006456797709688544,1.0,1.0,0.0,0.0,0.0,277,35.950035095214844,fresh_online_exploration,18,20,1.0,1.0,10.144089698791504,3.13020920753479,6.17112922668457
217248,39,1.0058025121688843,1.0058025121688843,1.0104056596755981,0.004603019915521145,1.0,1.0,0.0,0.0,0.0,296,36.053890228271484,fresh_online_exploration,17,20,1.0,1.0,9.82149887084961,3.1469688415527344,5.223051071166992
217536,35,1.001879096031189,1.001879096031189,1.0024127960205078,0.0005337729817256331,1.0,1.0,0.0,0.0,0.0,291,35.80558776855469,fresh_online_exploration,17,20,1.0,1.0,9.770804405212402,3.150291681289673,5.306247711181641
217536,47,1.001503348350525,1.001503348350525,1.0015647411346436,6.146494706626981e-05,1.0,1.0,0.0,0.0,0.0,273,35.762367248535156,fresh_online_exploration,18,20,1.0,1.0,10.139700889587402,3.1327013969421387,6.275303363800049
217632,57,1.004247784614563,1.004247784614563,1.0045243501663208,0.00027658682665787637,1.0,1.0,0.0,0.0,0.0,286,35.75331115722656,fresh_online_exploration,18,20,1.0,1.0,9.839620590209961,3.2112069129943848,5.488365173339844
217728,58,1.0032955408096313,1.0032955408096313,1.003304362297058,8.789035746303853e-06,1.0,1.0,0.0,0.0,0.0,272,35.83830642700195,fresh_online_exploration,18,20,1.0,1.0,10.267289161682129,3.1555726528167725,6.241898059844971
217824,20,1.0008323192596436,1.0008323192596436,1.0166285037994385,0.015796035528182983,1.0,1.0,0.0,0.0,0.0,273,35.78060531616211,fresh_online_exploration,18,20,1.0,1.0,10.136874198913574,3.1622016429901123,6.251597881317139
217824,93,1.0047115087509155,1.0047115087509155,1.0176000595092773,0.012888404540717602,1.0,1.0,0.0,0.0,0.0,269,35.76506042480469,fresh_online_exploration,18,20,1.0,1.0,10.140915870666504,3.1495461463928223,6.458702564239502
217920,27,1.0014599561691284,1.0014599561691284,1.00175940990448,0.00029947550501674414,1.0,1.0,0.0,0.0,0.0,281,35.581600189208984,fresh_online_exploration,18,20,1.0,1.0,9.795413970947266,3.040137529373169,5.713414192199707
218112,16,1.0024425983428955,1.0024425983428955,1.0083725452423096,0.005929845385253429,1.0,1.0,0.0,0.0,0.0,271,35.76497268676758,fresh_online_exploration,18,20,1.0,1.0,10.146130561828613,3.1508586406707764,6.309261322021484
218112,56,1.0015723705291748,1.0015723705291748,1.0045080184936523,0.0029357140883803368,1.0,1.0,0.0,0.0,0.0,274,35.75381088256836,fresh_online_exploration,18,20,1.0,1.0,10.18964672088623,3.1576926708221436,6.220766544342041
218208,74,1.0058391094207764,1.0058391094207764,1.0060977935791016,0.000258636602666229,1.0,1.0,0.0,0.0,0.0,291,35.93946838378906,fresh_online_exploration,18,20,1.0,1.0,9.733359336853027,3.084103584289551,5.3831987380981445
218496,83,1.0018253326416016,1.0018253326416016,1.0142325162887573,0.012407227419316769,1.0,1.0,0.0,0.0,0.0,274,35.873756408691406,fresh_online_exploration,18,20,1.0,1.0,10.165411949157715,3.1609349250793457,6.309236526489258
218688,25,1.0019099712371826,1.0019099712371826,1.002236008644104,0.000326018052874133,1.0,1.0,0.0,0.0,0.0,288,35.803855895996094,fresh_online_exploration,18,20,1.0,1.0,9.783299446105957,3.0462114810943604,5.404659271240234
218784,45,1.0036011934280396,1.0036011934280396,1.0036712884902954,7.00828168191947e-05,1.0,1.0,0.0,0.0,0.0,275,35.94164276123047,fresh_online_exploration,18,20,1.0,1.0,10.095258712768555,3.1196436882019043,6.204738616943359
218784,92,1.0048719644546509,1.0048719644546509,1.0051167011260986,0.0002447074803058058,1.0,1.0,0.0,0.0,0.0,285,35.80739212036133,fresh_online_exploration,18,20,1.0,1.0,9.695097923278809,3.133042573928833,5.644774436950684
218880,41,1.0015877485275269,1.0015877485275269,1.0185343027114868,0.016946453601121902,1.0,1.0,0.0,0.0,0.0,288,35.85675048828125,fresh_online_exploration,18,20,1.0,1.0,9.710811614990234,3.085787057876587,5.5002851486206055
218976,87,1.0013740062713623,1.0013740062713623,1.0051727294921875,0.0037988133262842894,1.0,1.0,0.0,0.0,0.0,290,35.88184356689453,fresh_online_exploration,18,20,1.0,1.0,9.821778297424316,3.004490852355957,5.447179317474365
219072,24,1.0035223960876465,1.0035223960876465,1.003538727760315,1.6335947293555364e-05,1.0,1.0,0.0,0.0,0.0,273,35.85221481323242,fresh_online_exploration,18,20,1.0,1.0,10.16718578338623,3.1873652935028076,6.248273849487305
219072,42,1.0016156435012817,1.0016156435012817,1.007554292678833,0.0059387413784861565,1.0,1.0,0.0,0.0,0.0,284,35.68905258178711,fresh_online_exploration,18,20,1.0,1.0,9.74260425567627,3.1658921241760254,5.658329963684082
219072,82,1.0031273365020752,1.0031273365020752,1.0152655839920044,0.01213842537254095,1.0,1.0,0.0,0.0,0.0,272,35.76487731933594,fresh_online_exploration,18,20,1.0,1.0,10.14914608001709,3.1409800052642822,6.346087455749512
219168,11,1.0034929513931274,1.0034929513931274,1.004209280014038,0.0007163708796724677,1.0,1.0,0.0,0.0,0.0,291,35.83078384399414,fresh_online_exploration,18,20,1.0,1.0,9.755514144897461,3.0884346961975098,5.275620937347412
219264,8,1.0005830526351929,1.0005830526351929,1.0007953643798828,0.00021229083358775824,1.0,1.0,0.0,0.0,0.0,290,35.8450813293457,fresh_online_exploration,18,20,1.0,1.0,9.782029151916504,3.1472063064575195,5.3381500244140625
219360,2,1.0000394582748413,1.0000394582748413,1.0000489950180054,9.558870260661934e-06,1.0,1.0,0.0,0.0,0.0,286,35.68346405029297,fresh_online_exploration,18,20,1.0,1.0,9.795350074768066,3.09479022026062,5.493997097015381
219360,51,1.0036903619766235,1.0036903619766235,1.00370192527771,1.1572484254429583e-05,1.0,1.0,0.0,0.0,0.0,297,36.00067138671875,fresh_online_exploration,18,20,1.0,1.0,9.593944549560547,3.213437080383301,5.1800217628479
219456,75,1.0054339170455933,1.0054339170455933,1.0165953636169434,0.011161575093865395,1.0,1.0,0.0,0.0,0.0,284,35.78446578979492,fresh_online_exploration,18,20,1.0,1.0,9.91657543182373,3.1256020069122314,5.593102931976318
219552,55,1.0034278631210327,1.0034278631210327,1.014939546585083,0.011511740274727345,1.0,1.0,0.0,0.0,0.0,277,35.541744232177734,fresh_online_exploration,18,20,1.0,1.0,9.868327140808105,3.105328321456909,5.825887203216553
219552,69,1.0049948692321777,1.0049948692321777,1.0126609802246094,0.0076660593040287495,1.0,1.0,0.0,0.0,0.0,290,35.902137756347656,fresh_online_exploration,18,20,1.0,1.0,9.713299751281738,3.131531000137329,5.450859069824219
219552,72,1.0020167827606201,1.0020167827606201,1.0021288394927979,0.00011213718971703202,1.0,1.0,0.0,0.0,0.0,295,35.973060607910156,fresh_online_exploration,18,20,1.0,1.0,9.76275634765625,3.102834939956665,5.246597766876221
219744,94,1.0047887563705444,1.0047887563705444,1.005340814590454,0.0005521176499314606,1.0,1.0,0.0,0.0,0.0,295,35.99371337890625,fresh_online_exploration,18,20,1.0,1.0,9.74325942993164,3.1273887157440186,5.179575443267822
219936,67,1.0001939535140991,1.0001939535140991,1.0003702640533447,0.0001763055770425126,1.0,1.0,0.0,0.0,0.0,290,35.793983459472656,fresh_online_exploration,18,20,1.0,1.0,9.751531600952148,3.1564879417419434,5.369515419006348
220032,28,1.0029016733169556,1.0029016733169556,1.003650188446045,0.0007485341629944742,1.0,1.0,0.0,0.0,0.0,277,35.9479866027832,fresh_online_exploration,18,20,1.0,1.0,10.173979759216309,3.1463189125061035,6.093883991241455
220032,80,1.0033061504364014,1.0033061504364014,1.004567265510559,0.0012611194979399443,1.0,1.0,0.0,0.0,0.0,291,35.92472839355469,fresh_online_exploration,18,20,1.0,1.0,9.807035446166992,3.133673906326294,5.401412010192871
220128,6,1.0040218830108643,1.0040218830108643,1.0041747093200684,0.00015283306129276752,1.0,1.0,0.0,0.0,0.0,286,35.79086685180664,fresh_online_exploration,18,21,1.0,1.0,9.736069679260254,3.1081273555755615,5.590776443481445
220224,7,1.000098466873169,1.000098466873169,1.0021179914474487,0.0020195194520056248,1.0,1.0,0.0,0.0,0.0,290,35.778411865234375,fresh_online_exploration,18,21,1.0,1.0,9.744893074035645,3.1409077644348145,5.3569159507751465
220224,78,1.0004639625549316,1.0004639625549316,1.0005724430084229,0.00010857262532226741,1.0,1.0,0.0,0.0,0.0,275,35.812896728515625,fresh_online_exploration,18,21,1.0,1.0,10.233407020568848,3.119122266769409,6.186638832092285
220320,86,1.0018081665039062,1.0018081665039062,1.0020558834075928,0.00024771239259280264,1.0,1.0,0.0,0.0,0.0,287,35.747596740722656,fresh_online_exploration,18,21,1.0,1.0,9.749011993408203,3.12076473236084,5.481091499328613
220512,38,1.0002392530441284,1.0002392530441284,1.0036835670471191,0.003444315167143941,1.0,1.0,0.0,0.0,0.0,291,35.94036102294922,fresh_online_exploration,18,21,1.0,1.0,9.642595291137695,3.125927686691284,5.3788018226623535
220512,71,1.0047399997711182,1.0047399997711182,1.017771601676941,0.013031725771725178,1.0,1.0,0.0,0.0,0.0,274,35.89220428466797,fresh_online_exploration,18,21,1.0,1.0,10.115639686584473,3.1216201782226562,6.249067306518555
220608,14,1.0051547288894653,1.0051547288894653,1.0061469078063965,0.0009922796161845326,1.0,1.0,0.0,0.0,0.0,275,35.97698211669922,fresh_online_exploration,18,21,1.0,1.0,10.218177795410156,3.14713978767395,6.239353656768799
220896,18,1.0000524520874023,1.0000524520874023,1.0000629425048828,1.0445492989674676e-05,1.0,1.0,0.0,0.0,0.0,288,35.75483703613281,fresh_online_exploration,18,21,1.0,1.0,9.712043762207031,3.1178596019744873,5.465798854827881
221088,30,1.003744125366211,1.003744125366211,1.0037667751312256,2.2711097699357197e-05,1.0,1.0,0.0,0.0,0.0,292,35.95677185058594,fresh_online_exploration,18,21,1.0,1.0,9.774343490600586,3.118997573852539,5.364012718200684
221184,5,1.0056209564208984,1.0056209564208984,1.005629062652588,8.146918844431639e-06,1.0,1.0,0.0,0.0,0.0,287,35.82852554321289,fresh_online_exploration,18,21,1.0,1.0,9.850034713745117,3.1224379539489746,5.488678932189941
221184,91,1.0019268989562988,1.0019268989562988,1.002352237701416,0.000425357255153358,1.0,1.0,0.0,0.0,0.0,287,35.79686737060547,fresh_online_exploration,18,21,1.0,1.0,9.831626892089844,3.1334121227264404,5.53188419342041
221280,0,1.000579595565796,1.000579595565796,1.0021426677703857,0.0015630271518602967,1.0,1.0,0.0,0.0,0.0,292,35.969818115234375,fresh_online_exploration,18,21,1.0,1.0,9.809139251708984,3.1335043907165527,5.303208827972412
221280,29,1.003871202468872,1.003871202468872,1.0138180255889893,0.009946765378117561,1.0,1.0,0.0,0.0,0.0,290,35.81196212768555,fresh_online_exploration,18,21,1.0,1.0,9.770042419433594,3.1433541774749756,5.338126182556152
221280,52,1.0023910999298096,1.0023910999298096,1.0030663013458252,0.0006751440232619643,1.0,1.0,0.0,0.0,0.0,292,35.926387786865234,fresh_online_exploration,18,21,1.0,1.0,9.858823776245117,3.1433961391448975,5.346611499786377
221280,66,1.0023878812789917,1.0023878812789917,1.0078628063201904,0.005474960897117853,1.0,1.0,0.0,0.0,0.0,299,36.049110412597656,fresh_online_exploration,18,21,1.0,1.0,9.69433879852295,3.1343517303466797,5.158633232116699
221376,68,1.0035264492034912,1.0035264492034912,1.0170403718948364,0.013513995334506035,1.0,1.0,0.0,0.0,0.0,272,35.83186340332031,fresh_online_exploration,18,21,1.0,1.0,10.119342803955078,3.167607307434082,6.319735527038574
221472,44,1.001394510269165,1.001394510269165,1.0147197246551514,0.013325085863471031,1.0,1.0,0.0,0.0,0.0,287,35.797569274902344,fresh_online_exploration,18,21,1.0,1.0,9.812653541564941,3.0939950942993164,5.536586761474609
221760,32,1.0003703832626343,1.0003703832626343,1.0091896057128906,0.008819317445158958,1.0,1.0,0.0,0.0,0.0,288,35.72193908691406,fresh_online_exploration,18,21,1.0,1.0,9.745861053466797,3.1995859146118164,5.40086555480957
221856,95,1.0002957582473755,1.0002957582473755,1.0022917985916138,0.001996026374399662,1.0,1.0,0.0,0.0,0.0,296,35.978240966796875,fresh_online_exploration,18,21,1.0,1.0,9.828015327453613,3.1450212001800537,5.117424964904785
221952,17,1.0037782192230225,1.0037782192230225,1.0039191246032715,0.00014097873645368963,1.0,1.0,0.0,0.0,0.0,288,35.83448791503906,fresh_online_exploration,18,21,1.0,1.0,9.852922439575195,3.1566691398620605,5.425820827484131
222144,50,1.0019265413284302,1.0019265413284302,1.0067059993743896,0.0047795455902814865,1.0,1.0,0.0,0.0,0.0,292,35.961952209472656,fresh_online_exploration,18,21,1.0,1.0,9.881972312927246,3.153151035308838,5.287796497344971
222432,60,1.0024712085723877,1.0024712085723877,1.0035641193389893,0.0010929172858595848,1.0,1.0,0.0,0.0,0.0,295,35.943634033203125,fresh_online_exploration,18,21,1.0,1.0,9.757004737854004,3.187183141708374,5.230373859405518
222432,76,1.0025080442428589,1.0025080442428589,1.002655029296875,0.00014700909378007054,1.0,1.0,0.0,0.0,0.0,277,36.0177116394043,fresh_online_exploration,18,21,1.0,1.0,10.117349624633789,3.198826551437378,6.136247634887695
222432,81,1.0023690462112427,1.0023690462112427,1.0032230615615845,0.0008540105191059411,1.0,1.0,0.0,0.0,0.0,291,35.91123962402344,fresh_online_exploration,18,21,1.0,1.0,9.837804794311523,3.207350254058838,5.3482818603515625
222528,65,1.0028935670852661,1.0028935670852661,1.0060443878173828,0.003150874748826027,1.0,1.0,0.0,0.0,0.0,292,35.887367248535156,fresh_online_exploration,18,21,1.0,1.0,9.776488304138184,3.213423490524292,5.285744667053223
223392,63,1.0036171674728394,1.0036171674728394,1.0079598426818848,0.00434265797957778,1.0,1.0,0.0,0.0,0.0,275,35.933387756347656,fresh_online_exploration,18,21,1.0,1.0,10.135170936584473,3.208726406097412,6.22603702545166
224160,49,1.0002597570419312,1.0002597570419312,1.0003072023391724,4.74663102068007e-05,1.0,1.0,0.0,0.0,0.0,297,35.936767578125,fresh_online_exploration,18,21,1.0,1.0,9.717552185058594,3.214406967163086,5.1601152420043945
225120,10,1.0009387731552124,1.0009387731552124,1.0011998414993286,0.0002610179944895208,1.0,1.0,0.0,0.0,0.0,299,36.03486633300781,fresh_online_exploration,18,21,1.0,1.0,9.711276054382324,3.1729841232299805,5.056182861328125
225600,34,1.0035793781280518,1.0035793781280518,1.0040545463562012,0.00047515262849628925,1.0,1.0,0.0,0.0,0.0,292,35.878597259521484,fresh_online_exploration,18,21,1.0,1.0,9.79683780670166,3.281857490539551,5.336673259735107
226368,31,0.39243048429489136,7.913875776921486e-09,0.3935856223106384,0.3935856223106384,7.913875776921486e-09,0.0,1.0,1.0,1.0,600,3.432786464691162,fresh_online_exploration,15,21,0.027358492998509478,0.27358490228652954,3.5512068271636963,2.6741747856140137,2.1559555530548096
236448,19,1.0052855014801025,1.0052855014801025,1.0054646730422974,0.00017919282254297286,1.0,1.0,0.0,0.0,0.0,274,35.81273651123047,fresh_online_exploration,20,22,1.0,1.0,9.957611083984375,3.4857840538024902,6.211241245269775
238272,70,1.0054612159729004,1.0054612159729004,1.0061031579971313,0.0006418748525902629,1.0,1.0,0.0,0.0,0.0,282,35.66510009765625,fresh_online_exploration,20,22,1.0,1.0,9.77273178100586,3.4541354179382324,5.648657321929932
238368,54,1.0008018016815186,1.0008018016815186,1.004151463508606,0.0033496785908937454,1.0,1.0,0.0,0.0,0.0,276,35.81312561035156,fresh_online_exploration,20,22,1.0,1.0,10.189699172973633,3.5076045989990234,6.145152568817139
238848,59,1.003853440284729,1.003853440284729,1.00412118434906,0.0002677472948562354,1.0,1.0,0.0,0.0,0.0,275,35.884368896484375,fresh_online_exploration,20,22,1.0,1.0,10.147211074829102,3.523113489151001,6.161010265350342
239040,33,1.0011634826660156,1.0011634826660156,1.0012083053588867,4.487397018237971e-05,1.0,1.0,0.0,0.0,0.0,277,35.94805145263672,fresh_online_exploration,20,22,1.0,1.0,10.09947395324707,3.499937057495117,6.067008018493652
240576,84,1.0020006895065308,1.0020006895065308,1.0020087957382202,8.141482794599142e-06,1.0,1.0,0.0,0.0,0.0,275,35.90021514892578,fresh_online_exploration,20,23,1.0,1.0,10.2245454788208,3.5667457580566406,6.126232624053955
240768,79,1.0026638507843018,1.0026638507843018,1.0027153491973877,5.1474002248141915e-05,1.0,1.0,0.0,0.0,0.0,274,35.857666015625,fresh_online_exploration,20,23,1.0,1.0,10.253350257873535,3.6161422729492188,6.205795764923096
240864,48,1.0004853010177612,1.0004853010177612,1.0049269199371338,0.004441504366695881,1.0,1.0,0.0,0.0,0.0,272,35.761871337890625,fresh_online_exploration,20,23,1.0,1.0,10.201183319091797,3.5870361328125,6.292007923126221
240864,73,1.0009034872055054,1.0009034872055054,1.0145986080169678,0.013695099391043186,1.0,1.0,0.0,0.0,0.0,275,35.812156677246094,fresh_online_exploration,20,23,1.0,1.0,10.249842643737793,3.6125245094299316,6.213871955871582
241440,64,1.000856637954712,1.000856637954712,1.0028672218322754,0.002010561525821686,1.0,1.0,0.0,0.0,0.0,274,35.831398010253906,fresh_online_exploration,20,23,1.0,1.0,10.282758712768555,3.5973100662231445,6.1941633224487305
241920,61,1.0000255107879639,1.0000255107879639,1.005400538444519,0.005375048145651817,1.0,1.0,0.0,0.0,0.0,284,35.698280334472656,fresh_online_exploration,20,23,1.0,1.0,9.820810317993164,3.5907301902770996,5.675419330596924
242016,12,1.0013519525527954,1.0013519525527954,1.0087714195251465,0.007419401779770851,1.0,1.0,0.0,0.0,0.0,274,35.78847885131836,fresh_online_exploration,20,23,1.0,1.0,10.223137855529785,3.629141330718994,6.276867866516113
242016,43,1.0023483037948608,1.0023483037948608,1.0044491291046143,0.0021008409094065428,1.0,1.0,0.0,0.0,0.0,277,35.94599533081055,fresh_online_exploration,20,23,1.0,1.0,10.125814437866211,3.6338140964508057,6.13932991027832
242016,90,1.0045403242111206,1.0045403242111206,1.0146219730377197,0.010081689804792404,1.0,1.0,0.0,0.0,0.0,273,35.85272979736328,fresh_online_exploration,20,23,1.0,1.0,10.277117729187012,3.5622341632843018,6.3127312660217285
242112,85,1.0052597522735596,1.0052597522735596,1.005366563796997,0.00010674229997675866,1.0,1.0,0.0,0.0,0.0,276,35.96249771118164,fresh_online_exploration,20,23,1.0,1.0,10.249139785766602,3.6245458126068115,6.173481464385986
242688,23,1.0031087398529053,1.0031087398529053,1.0032589435577393,0.00015027693007141352,1.0,1.0,0.0,0.0,0.0,286,35.771888732910156,fresh_online_exploration,20,23,1.0,1.0,9.799830436706543,3.505075693130493,5.486946105957031
242880,9,1.0027905702590942,1.0027905702590942,1.0027997493743896,9.156031410384458e-06,1.0,1.0,0.0,0.0,0.0,297,36.12130355834961,fresh_online_exploration,20,23,1.0,1.0,9.859414100646973,3.555232524871826,5.126730442047119
242976,4,1.0046130418777466,1.0046130418777466,1.0125606060028076,0.007947574369609356,1.0,1.0,0.0,0.0,0.0,293,36.05421829223633,fresh_online_exploration,20,23,1.0,1.0,9.952841758728027,3.555985927581787,5.347825527191162
243168,13,1.0053770542144775,1.0053770542144775,1.0070773363113403,0.0017003205139189959,1.0,1.0,0.0,0.0,0.0,280,36.049678802490234,fresh_online_exploration,20,23,1.0,1.0,10.223363876342773,3.568876266479492,6.028008937835693
243456,39,1.000773310661316,1.000773310661316,1.0065932273864746,0.0058199577033519745,1.0,1.0,0.0,0.0,0.0,273,35.80991744995117,fresh_online_exploration,20,23,1.0,1.0,10.2437744140625,3.6450183391571045,6.234772682189941
243552,3,1.0034644603729248,1.0034644603729248,1.0036746263504028,0.00021012259821873158,1.0,1.0,0.0,0.0,0.0,274,35.896148681640625,fresh_online_exploration,20,23,1.0,1.0,10.259841918945312,3.613562822341919,6.297077655792236
243552,77,1.0010679960250854,1.0010679960250854,1.0033538341522217,0.002285919152200222,1.0,1.0,0.0,0.0,0.0,291,35.83682632446289,fresh_online_exploration,20,23,1.0,1.0,9.894569396972656,3.5895698070526123,5.290018558502197
243648,53,1.0029007196426392,1.0029007196426392,1.003997802734375,0.0010971326846629381,1.0,1.0,0.0,0.0,0.0,289,35.80378723144531,fresh_online_exploration,20,23,1.0,1.0,9.906120300292969,3.616490602493286,5.389001846313477
243840,15,1.0008220672607422,1.0008220672607422,1.0121408700942993,0.011318706907331944,1.0,1.0,0.0,0.0,0.0,291,35.91438293457031,fresh_online_exploration,20,23,1.0,1.0,9.85638427734375,3.588775157928467,5.293010711669922
243840,21,1.0030505657196045,1.0030505657196045,1.0040802955627441,0.0010296704713255167,1.0,1.0,0.0,0.0,0.0,289,35.87704086303711,fresh_online_exploration,20,23,1.0,1.0,9.860188484191895,3.6115753650665283,5.473221778869629
244032,22,1.0032634735107422,1.0032634735107422,1.0081310272216797,0.004867539741098881,1.0,1.0,0.0,0.0,0.0,291,35.8443603515625,fresh_online_exploration,20,23,1.0,1.0,9.796965599060059,3.6000442504882812,5.360502243041992
244032,36,1.0039842128753662,1.0039842128753662,1.0045855045318604,0.0006012610974721611,1.0,1.0,0.0,0.0,0.0,285,35.73952102661133,fresh_online_exploration,20,23,1.0,1.0,9.735696792602539,3.51096510887146,5.577778339385986
244032,40,1.000494122505188,1.000494122505188,1.001300573348999,0.00080653908662498,1.0,1.0,0.0,0.0,0.0,283,35.660362243652344,fresh_online_exploration,20,23,1.0,1.0,9.897565841674805,3.646807909011841,5.6012749671936035
244032,89,1.0049761533737183,1.0049761533737183,1.0137614011764526,0.008785223588347435,1.0,1.0,0.0,0.0,0.0,285,35.769371032714844,fresh_online_exploration,20,23,1.0,1.0,9.795018196105957,3.5530292987823486,5.648870944976807
244032,93,1.0041487216949463,1.0041487216949463,1.0047156810760498,0.0005670376704074442,1.0,1.0,0.0,0.0,0.0,273,35.87246322631836,fresh_online_exploration,20,23,1.0,1.0,10.309053421020508,3.5916271209716797,6.281041622161865
244128,47,1.0024539232254028,1.0024539232254028,1.0024619102478027,7.902991455921438e-06,1.0,1.0,0.0,0.0,0.0,277,35.956451416015625,fresh_online_exploration,20,23,1.0,1.0,10.237035751342773,3.57222318649292,6.082614421844482
244704,1,1.0022518634796143,1.0022518634796143,1.0022615194320679,9.620351193007082e-06,1.0,1.0,0.0,0.0,0.0,294,35.973655700683594,fresh_online_exploration,20,23,1.0,1.0,9.911478996276855,3.600123167037964,5.2180352210998535
244704,46,1.0014171600341797,1.0014171600341797,1.0066144466400146,0.00519730057567358,1.0,1.0,0.0,0.0,0.0,290,35.79950714111328,fresh_online_exploration,20,23,1.0,1.0,9.796534538269043,3.632467269897461,5.398287296295166
244800,26,1.0000793933868408,1.0000793933868408,1.0101957321166992,0.01011641975492239,1.0,1.0,0.0,0.0,0.0,288,35.745445251464844,fresh_online_exploration,20,23,1.0,1.0,9.937192916870117,3.6144611835479736,5.408621788024902
244800,88,1.0033422708511353,1.0033422708511353,1.0039963722229004,0.0006540501490235329,1.0,1.0,0.0,0.0,0.0,295,36.023651123046875,fresh_online_exploration,20,23,1.0,1.0,9.932337760925293,3.6271305084228516,5.171472072601318
244896,37,1.0051844120025635,1.0051844120025635,1.0071369409561157,0.0019524709787219763,1.0,1.0,0.0,0.0,0.0,294,36.03141784667969,fresh_online_exploration,20,23,1.0,1.0,9.95145320892334,3.6007838249206543,5.230417251586914
244896,62,1.0037039518356323,1.0037039518356323,1.004122257232666,0.00041823097853921354,1.0,1.0,0.0,0.0,0.0,292,35.85588455200195,fresh_online_exploration,20,23,1.0,1.0,9.974457740783691,3.625091314315796,5.263267517089844
245376,16,1.001814365386963,1.001814365386963,1.009742259979248,0.007927867583930492,1.0,1.0,0.0,0.0,0.0,284,35.663143157958984,fresh_online_exploration,20,23,1.0,1.0,9.981512069702148,3.676877021789551,5.499656677246094
245376,20,1.0056461095809937,1.0056461095809937,1.0056562423706055,1.0047074283647817e-05,1.0,1.0,0.0,0.0,0.0,287,35.80225372314453,fresh_online_exploration,20,23,1.0,1.0,9.813979148864746,3.5612809658050537,5.496793270111084
245376,87,1.0016872882843018,1.0016872882843018,1.0101436376571655,0.008456362411379814,1.0,1.0,0.0,0.0,0.0,275,35.91452407836914,fresh_online_exploration,20,23,1.0,1.0,10.244847297668457,3.591146230697632,6.228874683380127
245472,27,1.0054969787597656,1.0054969787597656,1.005903720855713,0.0004066438996233046,1.0,1.0,0.0,0.0,0.0,287,35.82978820800781,fresh_online_exploration,20,23,1.0,1.0,9.874775886535645,3.6317427158355713,5.48858118057251
245472,35,1.001322865486145,1.001322865486145,1.0091323852539062,0.007809449452906847,1.0,1.0,0.0,0.0,0.0,291,35.85729217529297,fresh_online_exploration,20,23,1.0,1.0,9.955144882202148,3.6135716438293457,5.371220588684082
245664,57,1.0029973983764648,1.0029973983764648,1.0033992528915405,0.0004018740146420896,1.0,1.0,0.0,0.0,0.0,292,35.88567352294922,fresh_online_exploration,20,23,1.0,1.0,9.88666820526123,3.614201784133911,5.285367012023926
245760,92,1.0050086975097656,1.0050086975097656,1.0050987005233765,8.997671102406457e-05,1.0,1.0,0.0,0.0,0.0,281,36.12236022949219,fresh_online_exploration,20,23,1.0,1.0,10.108757972717285,3.5820462703704834,5.90244197845459
245856,55,1.0041126012802124,1.0041126012802124,1.006999135017395,0.0028865644708275795,1.0,1.0,0.0,0.0,0.0,274,35.871551513671875,fresh_online_exploration,20,23,1.0,1.0,10.233684539794922,3.5770092010498047,6.1610002517700195
245856,56,1.003975510597229,1.003975510597229,1.0050288438796997,0.0010533618042245507,1.0,1.0,0.0,0.0,0.0,289,35.86923599243164,fresh_online_exploration,20,23,1.0,1.0,9.720993995666504,3.6180078983306885,5.369760513305664
246048,58,1.0015654563903809,1.0015654563903809,1.0021029710769653,0.0005374882603064179,1.0,1.0,0.0,0.0,0.0,295,35.9548454284668,fresh_online_exploration,20,23,1.0,1.0,9.881000518798828,3.64717698097229,5.197353363037109
246048,69,1.0007309913635254,1.0007309913635254,1.0008769035339355,0.00014598233974538743,1.0,1.0,0.0,0.0,0.0,276,35.92386245727539,fresh_online_exploration,20,23,1.0,1.0,10.054450035095215,3.610302448272705,6.120106220245361
246048,74,1.0005093812942505,1.0005093812942505,1.0041484832763672,0.003639041678979993,1.0,1.0,0.0,0.0,0.0,290,35.804622650146484,fresh_online_exploration,20,23,1.0,1.0,9.875516891479492,3.6212120056152344,5.3335161209106445
246144,25,1.0059624910354614,1.0059624910354614,1.0146329402923584,0.008670409210026264,1.0,1.0,0.0,0.0,0.0,286,35.90010070800781,fresh_online_exploration,20,23,1.0,1.0,9.830626487731934,3.6173479557037354,5.65125036239624
246144,28,1.0011554956436157,1.0011554956436157,1.0053162574768066,0.004160759039223194,1.0,1.0,0.0,0.0,0.0,272,35.76015853881836,fresh_online_exploration,20,23,1.0,1.0,10.233843803405762,3.644455909729004,6.331482887268066
246432,45,1.0032553672790527,1.0032553672790527,1.004179835319519,0.000924505467992276,1.0,1.0,0.0,0.0,0.0,288,35.78342056274414,fresh_online_exploration,20,23,1.0,1.0,9.908676147460938,3.589820384979248,5.414393424987793
246432,82,1.001570224761963,1.001570224761963,1.0085527896881104,0.006982588209211826,1.0,1.0,0.0,0.0,0.0,285,35.72642517089844,fresh_online_exploration,20,23,1.0,1.0,9.9569091796875,3.632098913192749,5.559070587158203
246432,83,1.003516435623169,1.003516435623169,1.0067739486694336,0.0032575109507888556,1.0,1.0,0.0,0.0,0.0,291,35.830535888671875,fresh_online_exploration,20,23,1.0,1.0,9.76610279083252,3.6663129329681396,5.3823466300964355
246528,6,1.0061403512954712,1.0061403512954712,1.0143662691116333,0.00822600070387125,1.0,1.0,0.0,0.0,0.0,275,35.52958679199219,fresh_online_exploration,21,23,1.0,1.0,9.831137657165527,3.6243863105773926,6.065991401672363
246720,11,1.0041289329528809,1.0041289329528809,1.004157543182373,2.8582520826603286e-05,1.0,1.0,0.0,0.0,0.0,287,35.75364685058594,fresh_online_exploration,20,23,1.0,1.0,9.879846572875977,3.6298582553863525,5.463263511657715
246720,24,1.0000628232955933,1.0000628232955933,1.000078558921814,1.5773806808283553e-05,1.0,1.0,0.0,0.0,0.0,288,35.75321578979492,fresh_online_exploration,20,23,1.0,1.0,9.57705307006836,3.6132588386535645,5.467300891876221
246816,2,1.0005158185958862,1.0005158185958862,1.001194953918457,0.0006791944615542889,1.0,1.0,0.0,0.0,0.0,286,35.66145706176758,fresh_online_exploration,20,23,1.0,1.0,9.841628074645996,3.670435667037964,5.50560998916626
247008,8,1.0002306699752808,1.0002306699752808,1.0018310546875,0.0016002985648810863,1.0,1.0,0.0,0.0,0.0,289,35.763885498046875,fresh_online_exploration,20,23,1.0,1.0,9.89951229095459,3.6525325775146484,5.3856306076049805
247008,42,1.0002720355987549,1.0002720355987549,1.007591724395752,0.007319663651287556,1.0,1.0,0.0,0.0,0.0,291,35.76679992675781,fresh_online_exploration,20,23,1.0,1.0,9.879256248474121,3.629063129425049,5.392342567443848
247104,14,1.0028780698776245,1.0028780698776245,1.0031241178512573,0.0002460363321006298,1.0,1.0,0.0,0.0,0.0,276,35.92021179199219,fresh_online_exploration,21,23,1.0,1.0,10.26336669921875,3.6436901092529297,6.171367645263672
247104,41,1.0049554109573364,1.0049554109573364,1.00650954246521,0.0015542027540504932,1.0,1.0,0.0,0.0,0.0,294,35.949005126953125,fresh_online_exploration,20,23,1.0,1.0,9.848690032958984,3.6663553714752197,5.204012870788574
247296,75,1.000105619430542,1.000105619430542,1.0010223388671875,0.000916626479011029,1.0,1.0,0.0,0.0,0.0,290,35.79460906982422,fresh_online_exploration,20,23,1.0,1.0,9.91396427154541,3.6311864852905273,5.3612565994262695
247392,29,1.0001527070999146,1.0001527070999146,1.0153098106384277,0.015157166868448257,1.0,1.0,0.0,0.0,0.0,272,35.75269317626953,fresh_online_exploration,21,23,1.0,1.0,10.234728813171387,3.66996169090271,6.292052268981934
247392,38,1.0047216415405273,1.0047216415405273,1.0047357082366943,1.4124060726317111e-05,1.0,1.0,0.0,0.0,0.0,280,36.091617584228516,fresh_online_exploration,21,23,1.0,1.0,10.148653984069824,3.7165706157684326,5.982110023498535
247680,7,1.00087571144104,1.00087571144104,1.0015270709991455,0.0006514096166938543,1.0,1.0,0.0,0.0,0.0,286,35.616512298583984,fresh_online_exploration,21,23,0.9994186043739319,0.9941860437393188,9.869888305664062,3.618891954421997,5.425952434539795
247776,67,1.004229187965393,1.004229187965393,1.004279613494873,5.042758857598528e-05,1.0,1.0,0.0,0.0,0.0,290,35.877925872802734,fresh_online_exploration,20,23,1.0,1.0,9.92572021484375,3.651336431503296,5.353261947631836
247776,91,1.0023761987686157,1.0023761987686157,1.002436637878418,6.044684414518997e-05,1.0,1.0,0.0,0.0,0.0,277,35.957881927490234,fresh_online_exploration,21,23,1.0,1.0,10.18636417388916,3.7189102172851562,6.093147277832031
247872,86,1.0003036260604858,1.0003036260604858,1.0080771446228027,0.007773537188768387,1.0,1.0,0.0,0.0,0.0,287,35.768924713134766,fresh_online_exploration,21,23,1.0,1.0,9.944326400756836,3.6129236221313477,5.481267929077148
247968,80,1.0010603666305542,1.0010603666305542,1.0030004978179932,0.0019402132602408528,1.0,1.0,0.0,0.0,0.0,291,35.859710693359375,fresh_online_exploration,20,23,1.0,1.0,9.891064643859863,3.6801609992980957,5.326930999755859
248064,51,1.0018655061721802,1.0018655061721802,1.0019500255584717,8.451852045254782e-05,1.0,1.0,0.0,0.0,0.0,299,36.04085159301758,fresh_online_exploration,20,23,1.0,1.0,9.815853118896484,3.678410053253174,5.109103679656982
248064,94,1.0011367797851562,1.0011367797851562,1.001192331314087,5.553865776164457e-05,1.0,1.0,0.0,0.0,0.0,295,35.91023254394531,fresh_online_exploration,20,23,1.0,1.0,9.854535102844238,3.623857021331787,5.166934013366699
248256,71,1.0061166286468506,1.0061166286468506,1.0076684951782227,0.00155191111844033,1.0,1.0,0.0,0.0,0.0,289,35.9238395690918,fresh_online_exploration,21,23,1.0,1.0,9.865934371948242,3.687727451324463,5.49726676940918
248352,95,1.0012682676315308,1.0012682676315308,1.0013606548309326,9.237101767212152e-05,1.0,1.0,0.0,0.0,0.0,276,35.90943145751953,fresh_online_exploration,21,23,1.0,1.0,10.270304679870605,3.7048041820526123,6.109473705291748
248448,66,1.0046098232269287,1.0046098232269287,1.0073388814926147,0.0027290668804198503,1.0,1.0,0.0,0.0,0.0,283,36.18124008178711,fresh_online_exploration,21,23,1.0,1.0,10.291075706481934,3.6603546142578125,5.861354351043701
248448,72,1.002691626548767,1.002691626548767,1.002702236175537,1.0510098036320414e-05,1.0,1.0,0.0,0.0,0.0,301,36.06150817871094,fresh_online_exploration,20,23,1.0,1.0,9.739790916442871,3.5867960453033447,5.039362907409668
248448,78,1.0000073909759521,1.0000073909759521,1.0104506015777588,0.010443395934998989,1.0,1.0,0.0,0.0,0.0,294,35.85978317260742,fresh_online_exploration,21,23,1.0,1.0,9.789958953857422,3.6199514865875244,5.273331165313721
248640,52,1.0047727823257446,1.0047727823257446,1.0091780424118042,0.004405252635478973,1.0,1.0,0.0,0.0,0.0,285,35.81803894042969,fresh_online_exploration,21,23,1.0,1.0,9.857022285461426,3.6565535068511963,5.565156936645508
248736,81,1.0044822692871094,1.0044822692871094,1.0048136711120605,0.00033136195270344615,1.0,1.0,0.0,0.0,0.0,274,35.931968688964844,fresh_online_exploration,21,23,1.0,1.0,10.220489501953125,3.6892693042755127,6.23962926864624
248928,0,1.0045349597930908,1.0045349597930908,1.0046627521514893,0.00012786670413333923,1.0,1.0,0.0,0.0,0.0,288,35.83280563354492,fresh_online_exploration,21,23,1.0,1.0,9.851673126220703,3.710663318634033,5.481187343597412
249024,76,1.0023229122161865,1.0023229122161865,1.0023369789123535,1.4086944247537758e-05,1.0,1.0,0.0,0.0,0.0,277,36.015655517578125,fresh_online_exploration,21,23,1.0,1.0,10.201433181762695,3.702087163925171,6.128936767578125
249120,44,1.0029937028884888,1.0029937028884888,1.0030841827392578,9.056770068127662e-05,1.0,1.0,0.0,0.0,0.0,288,35.81182861328125,fresh_online_exploration,21,23,1.0,1.0,9.912849426269531,3.7257192134857178,5.469405651092529
249504,68,1.0009483098983765,1.0009483098983765,1.0009562969207764,8.003706170711666e-06,1.0,1.0,0.0,0.0,0.0,293,35.89299774169922,fresh_online_exploration,21,23,1.0,1.0,9.914822578430176,3.736121654510498,5.275933265686035
249696,5,1.002646803855896,1.002646803855896,1.0027132034301758,6.639458297286183e-05,1.0,1.0,0.0,0.0,0.0,297,36.02854919433594,fresh_online_exploration,21,23,1.0,1.0,9.807080268859863,3.780348539352417,5.1983184814453125
249696,18,1.0043760538101196,1.0043760538101196,1.004384994506836,8.914897080103401e-06,1.0,1.0,0.0,0.0,0.0,300,36.09911346435547,fresh_online_exploration,21,23,1.0,1.0,9.803976058959961,3.6702191829681396,5.09210205078125
249696,32,1.003659725189209,1.003659725189209,1.004561185836792,0.0009015256655402482,1.0,1.0,0.0,0.0,0.0,291,35.996978759765625,fresh_online_exploration,21,23,1.0,1.0,9.95730972290039,3.655580520629883,5.33428955078125
249792,30,1.005680799484253,1.005680799484253,1.005725383758545,4.45460100308992e-05,1.0,1.0,0.0,0.0,0.0,299,36.18981170654297,fresh_online_exploration,21,23,1.0,1.0,9.820344924926758,3.740325689315796,5.125521659851074
249984,17,1.004118800163269,1.004118800163269,1.0052498579025269,0.0011310417903587222,1.0,1.0,0.0,0.0,0.0,292,35.89447021484375,fresh_online_exploration,21,23,1.0,1.0,9.942480087280273,3.6812520027160645,5.295126914978027
250464,50,1.0004642009735107,1.0004642009735107,1.000472068786621,7.938633643789217e-06,1.0,1.0,0.0,0.0,0.0,295,35.9472541809082,fresh_online_exploration,21,24,1.0,1.0,9.841316223144531,3.726771116256714,5.223700523376465
250560,60,1.0008373260498047,1.0008373260498047,1.0073142051696777,0.0064769587479531765,1.0,1.0,0.0,0.0,0.0,293,35.8982048034668,fresh_online_exploration,21,24,1.0,1.0,9.86264419555664,3.6780893802642822,5.300049781799316
250944,65,1.0009398460388184,1.0009398460388184,1.0009474754333496,7.737914529570844e-06,1.0,1.0,0.0,0.0,0.0,296,35.98652267456055,fresh_online_exploration,21,24,1.0,1.0,9.883121490478516,3.7421634197235107,5.203207969665527
251136,63,1.001613974571228,1.001613974571228,1.0018274784088135,0.00021348227164708078,1.0,1.0,0.0,0.0,0.0,289,35.838130950927734,fresh_online_exploration,21,24,1.0,1.0,9.8595609664917,3.7035274505615234,5.278559684753418
251712,49,1.0034546852111816,1.0034546852111816,1.0134340524673462,0.00997936725616455,1.0,1.0,0.0,0.0,0.0,287,35.814613342285156,fresh_online_exploration,21,24,1.0,1.0,9.889204978942871,3.7274010181427,5.536211967468262
252864,10,1.001360535621643,1.001360535621643,1.00254487991333,0.001184307155199349,1.0,1.0,0.0,0.0,0.0,289,35.77663803100586,fresh_online_exploration,21,24,1.0,1.0,9.948871612548828,3.7932894229888916,5.370781421661377
253152,34,1.0054670572280884,1.0054670572280884,1.0164904594421387,0.011023426428437233,1.0,1.0,0.0,0.0,0.0,287,35.936893463134766,fresh_online_exploration,21,24,1.0,1.0,9.880721092224121,3.7563767433166504,5.531637191772461
262560,19,1.00191068649292,1.00191068649292,1.0023068189620972,0.0003961248730774969,1.0,1.0,0.0,0.0,0.0,272,35.73580551147461,fresh_online_exploration,22,25,1.0,1.0,10.29914379119873,3.9018945693969727,6.302778720855713
264768,54,1.0049270391464233,1.0049270391464233,1.0050575733184814,0.00013054115697741508,1.0,1.0,0.0,0.0,0.0,275,35.92857360839844,fresh_online_exploration,22,25,1.0,1.0,10.235418319702148,3.9416277408599854,6.186579704284668
264768,70,1.0029758214950562,1.0029758214950562,1.0132840871810913,0.01030819397419691,1.0,1.0,0.0,0.0,0.0,276,35.92565155029297,fresh_online_exploration,22,25,1.0,1.0,10.32925796508789,3.9479267597198486,6.239713668823242
265440,59,1.0046230554580688,1.0046230554580688,1.0065866708755493,0.001963638933375478,1.0,1.0,0.0,0.0,0.0,277,35.96622085571289,fresh_online_exploration,22,25,1.0,1.0,10.345504760742188,3.9599504470825195,6.108684539794922
266880,33,1.001752257347107,1.001752257347107,1.002136468887329,0.00038416971801780164,1.0,1.0,0.0,0.0,0.0,290,35.84272003173828,fresh_online_exploration,22,25,1.0,1.0,10.009778022766113,3.9532902240753174,5.357634544372559
267168,79,1.0011483430862427,1.0011483430862427,1.0011563301086426,7.979943802638445e-06,1.0,1.0,0.0,0.0,0.0,275,35.871829986572266,fresh_online_exploration,23,25,1.0,1.0,10.213282585144043,3.992790937423706,6.122990131378174
267360,73,1.0025007724761963,1.0025007724761963,1.0072591304779053,0.004758449736982584,1.0,1.0,0.0,0.0,0.0,276,35.94200897216797,fresh_online_exploration,23,25,1.0,1.0,10.300339698791504,4.003829479217529,6.166298866271973
268224,84,1.0018473863601685,1.0018473863601685,1.0026092529296875,0.0007619175594300032,1.0,1.0,0.0,0.0,0.0,288,35.79220962524414,fresh_online_exploration,23,25,1.0,1.0,9.980274200439453,4.044130325317383,5.408483028411865
268416,43,1.0010645389556885,1.0010645389556885,1.0011401176452637,7.555531192338094e-05,1.0,1.0,0.0,0.0,0.0,275,35.851654052734375,fresh_online_exploration,23,25,1.0,1.0,10.237462043762207,4.1138691902160645,6.179040431976318
268800,64,1.0036524534225464,1.0036524534225464,1.003969430923462,0.0003168773837387562,1.0,1.0,0.0,0.0,0.0,285,35.747615814208984,fresh_online_exploration,23,25,1.0,1.0,9.993088722229004,4.016950607299805,5.509202480316162
268992,23,1.0015276670455933,1.0015276670455933,1.0015358924865723,8.230937964981422e-06,1.0,1.0,0.0,0.0,0.0,274,35.89085388183594,fresh_online_exploration,23,25,1.0,1.0,10.23360824584961,4.056975364685059,6.195727825164795
268992,90,1.0048907995224,1.0048907995224,1.0054571628570557,0.0005663164774887264,1.0,1.0,0.0,0.0,0.0,281,35.66700744628906,fresh_online_exploration,23,25,1.0,1.0,9.9520845413208,4.041530132293701,5.703998565673828
269280,4,1.0038118362426758,1.0038118362426758,1.0137393474578857,0.009927559643983841,1.0,1.0,0.0,0.0,0.0,274,35.92681121826172,fresh_online_exploration,23,25,1.0,1.0,10.32612419128418,4.049899578094482,6.26700496673584
269376,48,1.0055533647537231,1.0055533647537231,1.0055615901947021,8.179073120118119e-06,1.0,1.0,0.0,0.0,0.0,297,36.073768615722656,fresh_online_exploration,23,25,1.0,1.0,9.898594856262207,4.009515285491943,5.186957836151123
269568,61,1.0033812522888184,1.0033812522888184,1.004194974899292,0.0008138337288983166,1.0,1.0,0.0,0.0,0.0,288,35.825321197509766,fresh_online_exploration,23,25,1.0,1.0,9.893403053283691,4.0084662437438965,5.4973907470703125
269664,13,1.004376769065857,1.004376769065857,1.0051298141479492,0.0007530885632149875,1.0,1.0,0.0,0.0,0.0,276,35.96550369262695,fresh_online_exploration,23,25,1.0,1.0,10.231009483337402,4.064091205596924,6.22163200378418
269856,39,1.0030012130737305,1.0030012130737305,1.007690668106079,0.0046895225532352924,1.0,1.0,0.0,0.0,0.0,275,35.906185150146484,fresh_online_exploration,23,25,1.0,1.0,10.333016395568848,4.028911590576172,6.224120616912842
269952,40,1.000955581665039,1.000955581665039,1.000967264175415,1.1766681382141542e-05,1.0,1.0,0.0,0.0,0.0,270,35.73414611816406,fresh_online_exploration,23,25,1.0,1.0,10.341190338134766,4.132791042327881,6.442605018615723
270048,3,1.0047965049743652,1.0047965049743652,1.0050666332244873,0.0002700876211747527,1.0,1.0,0.0,0.0,0.0,276,35.980289459228516,fresh_online_exploration,23,25,1.0,1.0,10.303746223449707,4.00274133682251,6.258765697479248
270144,12,1.0045559406280518,1.0045559406280518,1.0049896240234375,0.00043368249316699803,1.0,1.0,0.0,0.0,0.0,293,36.001739501953125,fresh_online_exploration,23,26,1.0,1.0,9.91061782836914,4.085689544677734,5.355287551879883
270240,93,1.0003540515899658,1.0003540515899658,1.0056272745132446,0.005273115821182728,1.0,1.0,0.0,0.0,0.0,273,35.76758575439453,fresh_online_exploration,23,26,1.0,1.0,10.283913612365723,4.113479137420654,6.224382400512695
270432,36,1.004348635673523,1.004348635673523,1.0045021772384644,0.00015352490299846977,1.0,1.0,0.0,0.0,0.0,275,35.936241149902344,fresh_online_exploration,23,26,1.0,1.0,10.260826110839844,4.109745979309082,6.250998497009277
270720,22,1.00481379032135,1.00481379032135,1.007102131843567,0.002288362942636013,1.0,1.0,0.0,0.0,0.0,278,35.64097595214844,fresh_online_exploration,23,26,1.0,1.0,9.848716735839844,4.136695384979248,5.888785362243652
270720,85,1.006130337715149,1.006130337715149,1.006255865097046,0.00012559772585518658,1.0,1.0,0.0,0.0,0.0,298,36.0920524597168,fresh_online_exploration,23,26,1.0,1.0,9.908347129821777,3.9951515197753906,5.136302471160889
271200,9,1.0003435611724854,1.0003435611724854,1.0003520250320435,8.49315711093368e-06,1.0,1.0,0.0,0.0,0.0,295,35.90514373779297,fresh_online_exploration,23,26,1.0,1.0,9.873801231384277,4.023189544677734,5.215273380279541
271200,77,1.0008361339569092,1.0008361339569092,1.000910997390747,7.486602407880127e-05,1.0,1.0,0.0,0.0,0.0,288,35.79942321777344,fresh_online_exploration,23,26,1.0,1.0,9.951932907104492,4.0500969886779785,5.441498279571533
271488,53,1.003880262374878,1.003880262374878,1.0040183067321777,0.00013797277642879635,1.0,1.0,0.0,0.0,0.0,290,35.912315368652344,fresh_online_exploration,23,26,1.0,1.0,9.946818351745605,4.048851013183594,5.4073004722595215
271488,87,1.0025529861450195,1.0025529861450195,1.0025659799575806,1.3030845366301946e-05,1.0,1.0,0.0,0.0,0.0,272,35.792633056640625,fresh_online_exploration,23,26,1.0,1.0,10.26321029663086,4.00197696685791,6.3866987228393555
271776,21,1.005344271659851,1.005344271659851,1.0058822631835938,0.000537989370059222,1.0,1.0,0.0,0.0,0.0,291,35.93319320678711,fresh_online_exploration,23,26,1.0,1.0,9.908617973327637,4.022530555725098,5.401540756225586
271776,47,1.0024195909500122,1.0024195909500122,1.003488302230835,0.0010687205940485,1.0,1.0,0.0,0.0,0.0,288,35.777122497558594,fresh_online_exploration,23,26,1.0,1.0,10.00389289855957,4.0081586837768555,5.424887180328369
271872,57,1.0015250444412231,1.0015250444412231,1.0015325546264648,7.579651537525933e-06,1.0,1.0,0.0,0.0,0.0,273,35.89076232910156,fresh_online_exploration,23,26,1.0,1.0,10.347206115722656,4.07022762298584,6.2281107902526855
271872,88,1.0040462017059326,1.0040462017059326,1.0152676105499268,0.011221443302929401,1.0,1.0,0.0,0.0,0.0,282,35.698490142822266,fresh_online_exploration,23,26,1.0,1.0,9.942402839660645,4.048483848571777,5.5921478271484375
271968,27,1.0041823387145996,1.0041823387145996,1.0044898986816406,0.0003075430868193507,1.0,1.0,0.0,0.0,0.0,276,35.92888259887695,fresh_online_exploration,23,26,1.0,1.0,10.246599197387695,4.0851545333862305,6.127460956573486
272064,15,1.0017645359039307,1.0017645359039307,1.0018599033355713,9.539980965200812e-05,1.0,1.0,0.0,0.0,0.0,294,35.891456604003906,fresh_online_exploration,23,26,1.0,1.0,9.964176177978516,4.01785945892334,5.211208343505859
272064,89,1.005622148513794,1.005622148513794,1.0059142112731934,0.00029204285237938166,1.0,1.0,0.0,0.0,0.0,292,35.950775146484375,fresh_online_exploration,23,26,1.0,1.0,9.912405967712402,4.135054111480713,5.363750457763672
272256,46,1.001997470855713,1.001997470855713,1.0021754503250122,0.0001779923477442935,1.0,1.0,0.0,0.0,0.0,287,35.784603118896484,fresh_online_exploration,23,26,1.0,1.0,9.867000579833984,4.090989112854004,5.549616813659668
272256,55,1.0029700994491577,1.0029700994491577,1.0030767917633057,0.00010662503336789086,1.0,1.0,0.0,0.0,0.0,275,35.922767639160156,fresh_online_exploration,23,26,1.0,1.0,10.334851264953613,4.106608867645264,6.208204746246338
272352,26,1.0046063661575317,1.0046063661575317,1.0153716802597046,0.010765327140688896,1.0,1.0,0.0,0.0,0.0,287,35.81729507446289,fresh_online_exploration,23,26,1.0,1.0,9.938989639282227,4.0453386306762695,5.512509346008301
272448,1,1.0057787895202637,1.0057787895202637,1.0066413879394531,0.000862602551933378,1.0,1.0,0.0,0.0,0.0,289,35.90456008911133,fresh_online_exploration,23,26,1.0,1.0,9.970929145812988,4.093620777130127,5.4224853515625
272544,16,1.0040385723114014,1.0040385723114014,1.021620512008667,0.017581932246685028,1.0,1.0,0.0,0.0,0.0,283,35.71039962768555,fresh_online_exploration,23,26,1.0,1.0,10.062527656555176,4.048327445983887,5.602591514587402
272736,28,1.0006518363952637,1.0006518363952637,1.0010178089141846,0.00036597420694306493,1.0,1.0,0.0,0.0,0.0,277,35.971588134765625,fresh_online_exploration,23,26,1.0,1.0,10.169508934020996,4.0795745849609375,6.069052219390869
272928,37,1.0048993825912476,1.0048993825912476,1.0108838081359863,0.0059842513874173164,1.0,1.0,0.0,0.0,0.0,292,35.91613006591797,fresh_online_exploration,23,26,1.0,1.0,9.992700576782227,4.075761318206787,5.311450958251953
273024,6,1.0018903017044067,1.0018903017044067,1.0079597234725952,0.00606935890391469,1.0,1.0,0.0,0.0,0.0,276,35.88501739501953,fresh_online_exploration,23,26,1.0,1.0,10.211247444152832,4.076900482177734,6.158156871795654
273024,35,1.000722050666809,1.000722050666809,1.0108331441879272,0.01011116523295641,1.0,1.0,0.0,0.0,0.0,287,35.703948974609375,fresh_online_exploration,23,26,1.0,1.0,10.068244934082031,4.071588516235352,5.4609222412109375
273024,56,1.000468134880066,1.000468134880066,1.0010266304016113,0.0005585567560046911,1.0,1.0,0.0,0.0,0.0,283,35.68376159667969,fresh_online_exploration,23,26,1.0,1.0,9.86103630065918,4.062733173370361,5.722685813903809
273024,74,1.0004334449768066,1.0004334449768066,1.0032674074172974,0.002833952195942402,1.0,1.0,0.0,0.0,0.0,281,35.55018615722656,fresh_online_exploration,23,26,1.0,1.0,10.008596420288086,4.117879867553711,5.660188674926758
273216,11,1.0030534267425537,1.0030534267425537,1.0038862228393555,0.0008327112882398069,1.0,1.0,0.0,0.0,0.0,276,35.936790466308594,fresh_online_exploration,23,26,1.0,1.0,10.250810623168945,4.089057445526123,6.108909606933594
273312,14,1.0054758787155151,1.0054758787155151,1.0096380710601807,0.00416214857250452,1.0,1.0,0.0,0.0,0.0,273,35.88520812988281,fresh_online_exploration,23,26,1.0,1.0,10.269716262817383,4.072626113891602,6.2727837562561035
273408,92,1.0008106231689453,1.0008106231689453,1.0015079975128174,0.0006974170682951808,1.0,1.0,0.0,0.0,0.0,288,35.76564025878906,fresh_online_exploration,23,26,1.0,1.0,9.874784469604492,4.075263500213623,5.465267181396484
273504,24,1.0051335096359253,1.0051335096359253,1.00542151927948,0.00028797786217182875,1.0,1.0,0.0,0.0,0.0,279,36.114315032958984,fresh_online_exploration,23,26,1.0,1.0,10.278864860534668,4.047746181488037,6.0408759117126465
273504,62,1.0045275688171387,1.0045275688171387,1.0045809745788574,5.332876753527671e-05,1.0,1.0,0.0,0.0,0.0,298,36.073402404785156,fresh_online_exploration,23,26,1.0,1.0,9.849785804748535,4.076573371887207,5.094113826751709
273504,69,1.0009335279464722,1.0009335279464722,1.0033888816833496,0.002455418463796377,1.0,1.0,0.0,0.0,0.0,286,35.7225456237793,fresh_online_exploration,23,26,1.0,1.0,9.90483570098877,4.1264448165893555,5.5100250244140625
273696,83,1.0005861520767212,1.0005861520767212,1.0053290128707886,0.00474289245903492,1.0,1.0,0.0,0.0,0.0,284,35.718109130859375,fresh_online_exploration,23,26,1.0,1.0,9.837958335876465,4.052933216094971,5.6561970710754395
273792,20,1.0002431869506836,1.0002431869506836,1.0003836154937744,0.00014047554577700794,1.0,1.0,0.0,0.0,0.0,296,35.94473648071289,fresh_online_exploration,23,26,1.0,1.0,9.945337295532227,4.024064540863037,5.188412666320801
273792,45,1.0038985013961792,1.0038985013961792,1.0057501792907715,0.0018515742849558592,1.0,1.0,0.0,0.0,0.0,285,35.76900100708008,fresh_online_exploration,23,26,1.0,1.0,10.00202465057373,4.091108798980713,5.590654373168945
274080,86,1.001556634902954,1.001556634902954,1.0112383365631104,0.00968178454786539,1.0,1.0,0.0,0.0,0.0,273,35.79747772216797,fresh_online_exploration,23,26,1.0,1.0,10.287310600280762,4.148265838623047,6.371194362640381
274176,82,1.0012974739074707,1.0012974739074707,1.0013229846954346,2.5519413611618802e-05,1.0,1.0,0.0,0.0,0.0,289,35.75400161743164,fresh_online_exploration,23,26,1.0,1.0,10.006912231445312,4.063546180725098,5.342902183532715
274272,25,1.002825379371643,1.002825379371643,1.005446195602417,0.0026208332274109125,1.0,1.0,0.0,0.0,0.0,293,35.92765808105469,fresh_online_exploration,23,26,1.0,1.0,9.902868270874023,4.087762832641602,5.281202793121338
274272,91,1.0022591352462769,1.0022591352462769,1.012713074684143,0.010453918017446995,1.0,1.0,0.0,0.0,0.0,276,35.91670227050781,fresh_online_exploration,23,26,1.0,1.0,10.247894287109375,4.114175796508789,6.169798851013184
274368,8,1.0006452798843384,1.0006452798843384,1.0008430480957031,0.0001977888314286247,1.0,1.0,0.0,0.0,0.0,285,35.679595947265625,fresh_online_exploration,23,26,1.0,1.0,9.967328071594238,4.089715480804443,5.535627365112305
274464,2,1.0019302368164062,1.0019302368164062,1.0020513534545898,0.00012108413648093119,1.0,1.0,0.0,0.0,0.0,288,35.77302551269531,fresh_online_exploration,23,26,1.0,1.0,10.052329063415527,4.078280448913574,5.41773796081543
274464,7,1.0013456344604492,1.0013456344604492,1.0045075416564941,0.003161828266456723,1.0,1.0,0.0,0.0,0.0,279,36.00849151611328,fresh_online_exploration,23,26,1.0,1.0,10.168071746826172,4.104657173156738,6.022633075714111
274464,75,1.0001204013824463,1.0001204013824463,1.000133991241455,1.3666204722539987e-05,1.0,1.0,0.0,0.0,0.0,283,35.63459014892578,fresh_online_exploration,23,26,1.0,1.0,9.905343055725098,4.087820053100586,5.630275726318359
274560,58,1.0024304389953613,1.0024304389953613,1.0025111436843872,8.070190233411267e-05,1.0,1.0,0.0,0.0,0.0,297,36.02960968017578,fresh_online_exploration,23,26,1.0,1.0,9.949424743652344,4.174812316894531,5.170988082885742
274656,94,1.000856637954712,1.000856637954712,1.0101494789123535,0.009292730130255222,1.0,1.0,0.0,0.0,0.0,277,35.8797492980957,fresh_online_exploration,23,26,1.0,1.0,10.274434089660645,4.097819805145264,6.072295665740967
274848,38,1.0051568746566772,1.0051568746566772,1.005587100982666,0.000430168816819787,1.0,1.0,0.0,0.0,0.0,286,35.80117416381836,fresh_online_exploration,23,26,1.0,1.0,9.978113174438477,4.075688362121582,5.45369291305542
274944,29,1.0014721155166626,1.0014721155166626,1.0075907707214355,0.006118618417531252,1.0,1.0,0.0,0.0,0.0,287,35.7413444519043,fresh_online_exploration,23,26,1.0,1.0,10.047353744506836,4.082082271575928,5.4589738845825195
274944,42,1.000481367111206,1.000481367111206,1.00862717628479,0.008145760744810104,1.0,1.0,0.0,0.0,0.0,291,35.87287139892578,fresh_online_exploration,23,26,1.0,1.0,9.989700317382812,4.071046829223633,5.40047025680542
274944,72,1.0019960403442383,1.0019960403442383,1.006761074066162,0.0047650886699557304,1.0,1.0,0.0,0.0,0.0,276,35.8889274597168,fresh_online_exploration,23,26,1.0,1.0,10.227350234985352,4.135719299316406,6.1748528480529785
275328,78,1.0049530267715454,1.0049530267715454,1.0220470428466797,0.017094003036618233,1.0,1.0,0.0,0.0,0.0,280,36.09336471557617,fresh_online_exploration,23,26,1.0,1.0,10.204649925231934,4.093573570251465,6.058664321899414
275328,80,1.000928282737732,1.000928282737732,1.002822995185852,0.0018946867203339934,1.0,1.0,0.0,0.0,0.0,285,35.71538162231445,fresh_online_exploration,23,26,1.0,1.0,9.932207107543945,4.135697364807129,5.5433149337768555
275520,41,1.0033140182495117,1.0033140182495117,1.0035781860351562,0.00026423801318742335,1.0,1.0,0.0,0.0,0.0,296,36.0275764465332,fresh_online_exploration,23,26,1.0,1.0,9.96168327331543,4.112542629241943,5.2055792808532715
275616,51,1.0026391744613647,1.0026391744613647,1.011230707168579,0.00859159231185913,1.0,1.0,0.0,0.0,0.0,287,35.79182052612305,fresh_online_exploration,23,26,1.0,1.0,10.011576652526855,4.074978351593018,5.572774887084961
275808,0,1.0003130435943604,1.0003130435943604,1.0010778903961182,0.0007648104219697416,1.0,1.0,0.0,0.0,0.0,280,35.59791946411133,fresh_online_exploration,23,26,1.0,1.0,9.94482421875,4.131314277648926,5.745856285095215
275904,67,1.0060851573944092,1.0060851573944092,1.0069591999053955,0.0008740925113670528,1.0,1.0,0.0,0.0,0.0,293,35.973045349121094,fresh_online_exploration,23,26,1.0,1.0,9.98838996887207,4.133145332336426,5.296132564544678
276000,66,1.0014004707336426,1.0014004707336426,1.002279281616211,0.0008789001731202006,1.0,1.0,0.0,0.0,0.0,287,35.746337890625,fresh_online_exploration,23,26,1.0,1.0,9.964517593383789,4.1309123039245605,5.52290678024292
276096,71,1.0015151500701904,1.0015151500701904,1.002758264541626,0.001243083504959941,1.0,1.0,0.0,0.0,0.0,290,35.85826873779297,fresh_online_exploration,23,26,1.0,1.0,9.951079368591309,4.172988414764404,5.422747611999512
276480,95,1.005778193473816,1.005778193473816,1.0118855237960815,0.0061072963289916515,1.0,1.0,0.0,0.0,0.0,293,35.99480438232422,fresh_online_exploration,23,26,1.0,1.0,9.967979431152344,4.051721572875977,5.302861213684082
276672,44,1.0060374736785889,1.0060374736785889,1.0172290802001953,0.011191539466381073,1.0,1.0,0.0,0.0,0.0,287,35.92961883544922,fresh_online_exploration,23,26,1.0,1.0,9.981066703796387,4.151355743408203,5.4965105056762695
276672,81,1.0036019086837769,1.0036019086837769,1.0047738552093506,0.0011718862224370241,1.0,1.0,0.0,0.0,0.0,291,35.98176574707031,fresh_online_exploration,23,26,1.0,1.0,9.941390991210938,4.122197151184082,5.286649227142334
277056,18,1.0039148330688477,1.0039148330688477,1.0105149745941162,0.006600160151720047,1.0,1.0,0.0,0.0,0.0,285,35.806846618652344,fresh_online_exploration,23,26,1.0,1.0,9.821486473083496,4.148841857910156,5.614508152008057
277056,76,1.0055944919586182,1.0055944919586182,1.0060707330703735,0.0004762702446896583,1.0,1.0,0.0,0.0,0.0,292,35.90576171875,fresh_online_exploration,23,26,1.0,1.0,9.884476661682129,4.158599853515625,5.208309650421143
277248,52,1.0059930086135864,1.0059930086135864,1.006002426147461,9.35173284233315e-06,1.0,1.0,0.0,0.0,0.0,298,36.15118408203125,fresh_online_exploration,23,26,1.0,1.0,9.92303466796875,4.13451623916626,5.149221420288086
277536,68,1.0001158714294434,1.0001158714294434,1.000705599784851,0.0005896742804907262,1.0,1.0,0.0,0.0,0.0,292,35.86241912841797,fresh_online_exploration,23,26,1.0,1.0,10.045293807983398,4.138877868652344,5.296762943267822
277824,5,1.0030807256698608,1.0030807256698608,1.003857970237732,0.0007772562094032764,1.0,1.0,0.0,0.0,0.0,293,35.877540588378906,fresh_online_exploration,23,26,1.0,1.0,9.969663619995117,4.1462788581848145,5.246732711791992
277824,32,1.0027934312820435,1.0027934312820435,1.0028163194656372,2.288639916514512e-05,1.0,1.0,0.0,0.0,0.0,293,35.889732360839844,fresh_online_exploration,23,26,1.0,1.0,9.918212890625,4.121777057647705,5.265394687652588
277920,30,1.0012470483779907,1.0012470483779907,1.0014584064483643,0.00021137020667083561,1.0,1.0,0.0,0.0,0.0,293,35.85408020019531,fresh_online_exploration,23,26,1.0,1.0,10.024938583374023,4.092848777770996,5.207152843475342
278112,49,1.0014830827713013,1.0014830827713013,1.0015106201171875,2.753090302576311e-05,1.0,1.0,0.0,0.0,0.0,275,35.90401077270508,fresh_online_exploration,24,26,1.0,1.0,10.240248680114746,4.1473283767700195,6.165991306304932
278304,63,1.0053486824035645,1.0053486824035645,1.0128709077835083,0.007522250059992075,1.0,1.0,0.0,0.0,0.0,283,35.72582244873047,fresh_online_exploration,24,26,1.0,1.0,10.001391410827637,4.174530029296875,5.644907474517822
278400,17,1.00536048412323,1.00536048412323,1.0053749084472656,1.4420910702028777e-05,1.0,1.0,0.0,0.0,0.0,296,36.05364990234375,fresh_online_exploration,23,26,1.0,1.0,9.92387866973877,4.156635761260986,5.225785732269287
278688,60,1.0022499561309814,1.0022499561309814,1.0066901445388794,0.004440122749656439,1.0,1.0,0.0,0.0,0.0,293,36.04834747314453,fresh_online_exploration,24,26,1.0,1.0,9.830764770507812,4.161920547485352,5.352279186248779
278880,65,1.0061674118041992,1.0061674118041992,1.0062134265899658,4.60805204056669e-05,1.0,1.0,0.0,0.0,0.0,291,35.93980026245117,fresh_online_exploration,24,26,1.0,1.0,10.02043628692627,4.136732578277588,5.339372634887695
279072,50,1.0025115013122559,1.0025115013122559,1.0025207996368408,9.246049557987135e-06,1.0,1.0,0.0,0.0,0.0,298,36.053245544433594,fresh_online_exploration,24,26,1.0,1.0,9.985335350036621,4.198843479156494,5.13758659362793
279360,10,1.0048444271087646,1.0048444271087646,1.0050410032272339,0.00019657886878121644,1.0,1.0,0.0,0.0,0.0,276,35.99356460571289,fresh_online_exploration,24,26,1.0,1.0,10.281779289245605,4.191324710845947,6.160955905914307
280992,34,1.0029659271240234,1.0029659271240234,1.003690242767334,0.0007242941064760089,1.0,1.0,0.0,0.0,0.0,290,35.826961517333984,fresh_online_exploration,24,27,1.0,1.0,9.928792953491211,4.198459148406982,5.38761043548584
283968,31,0.0001461834617657587,7.913876665099906e-09,0.0004198954557068646,0.0004198875103611499,7.913876665099906e-09,0.0,0.0,1.0,1.0,600,2.344390630722046,fresh_online_exploration,21,27,2.769856832784967e-09,0.0,0.16739121079444885,3.7349250316619873,1.13804030418396
288768,19,1.0003567934036255,1.0003567934036255,1.0028414726257324,0.002484639175236225,1.0,1.0,0.0,0.0,0.0,273,35.758670806884766,fresh_online_exploration,25,27,1.0,1.0,10.35136890411377,4.2718048095703125,6.257395267486572
291072,54,1.0034291744232178,1.0034291744232178,1.0034384727478027,9.38765788305318e-06,1.0,1.0,0.0,0.0,0.0,274,35.861656188964844,fresh_online_exploration,25,28,1.0,1.0,10.285331726074219,4.361144542694092,6.242863178253174
291648,59,1.0043307542800903,1.0043307542800903,1.0050151348114014,0.000684470753185451,1.0,1.0,0.0,0.0,0.0,273,35.85580062866211,fresh_online_exploration,25,28,1.0,1.0,10.386438369750977,4.277927875518799,6.250102996826172
292032,70,1.0044366121292114,1.0044366121292114,1.0206639766693115,0.016227468848228455,1.0,1.0,0.0,0.0,0.0,284,35.811485290527344,fresh_online_exploration,25,28,1.0,1.0,9.966409683227539,4.365900039672852,5.630619049072266
293472,79,1.0004006624221802,1.0004006624221802,1.00040864944458,7.929076673462987e-06,1.0,1.0,0.0,0.0,0.0,274,35.857826232910156,fresh_online_exploration,25,28,1.0,1.0,10.283656120300293,4.3410139083862305,6.177127361297607
294240,33,1.0034139156341553,1.0034139156341553,1.0204699039459229,0.017055930569767952,1.0,1.0,0.0,0.0,0.0,285,35.77684020996094,fresh_online_exploration,25,28,1.0,1.0,10.028369903564453,4.326342582702637,5.513707160949707
294624,73,1.0050878524780273,1.0050878524780273,1.0093729496002197,0.004284996073693037,1.0,1.0,0.0,0.0,0.0,284,35.77457046508789,fresh_online_exploration,25,28,1.0,1.0,9.967394828796387,4.361529350280762,5.703237533569336
295296,64,1.0022436380386353,1.0022436380386353,1.0059452056884766,0.0037015024572610855,1.0,1.0,0.0,0.0,0.0,276,35.93393325805664,fresh_online_exploration,25,28,1.0,1.0,10.376866340637207,4.3082194328308105,6.150173187255859
295488,4,1.0007867813110352,1.0007867813110352,1.010095477104187,0.0093086464330554,1.0,1.0,0.0,0.0,0.0,273,35.82933044433594,fresh_online_exploration,25,28,1.0,1.0,10.361211776733398,4.363317966461182,6.29789400100708
295872,84,1.0033620595932007,1.0033620595932007,1.0067622661590576,0.0034002279862761497,1.0,1.0,0.0,0.0,0.0,288,35.869544982910156,fresh_online_exploration,25,28,1.0,1.0,9.939556121826172,4.407759189605713,5.45045804977417
295968,61,1.0019418001174927,1.0019418001174927,1.002098560333252,0.00015678812633268535,1.0,1.0,0.0,0.0,0.0,275,35.864315032958984,fresh_online_exploration,25,28,1.0,1.0,10.340614318847656,4.337064266204834,6.195162773132324
296352,40,1.000042200088501,1.000042200088501,1.0003076791763306,0.0002654512063600123,1.0,1.0,0.0,0.0,0.0,275,35.87470626831055,fresh_online_exploration,25,28,1.0,1.0,10.382878303527832,4.399604797363281,6.168569564819336
296640,23,1.00603187084198,1.00603187084198,1.0067243576049805,0.0006924950866959989,1.0,1.0,0.0,0.0,0.0,288,35.86606979370117,fresh_online_exploration,25,28,1.0,1.0,9.90225601196289,4.358704566955566,5.441844940185547
296832,90,1.0024386644363403,1.0024386644363403,1.005344033241272,0.002905378583818674,1.0,1.0,0.0,0.0,0.0,290,35.921897888183594,fresh_online_exploration,25,28,1.0,1.0,9.89835262298584,4.3637471199035645,5.436211109161377
297216,22,1.0051735639572144,1.0051735639572144,1.0057587623596191,0.0005852142930962145,1.0,1.0,0.0,0.0,0.0,276,35.96853256225586,fresh_online_exploration,26,28,1.0,1.0,10.355891227722168,4.380746841430664,6.174752712249756
297312,48,1.0036033391952515,1.0036033391952515,1.004300832748413,0.0006975061842240393,1.0,1.0,0.0,0.0,0.0,291,35.963768005371094,fresh_online_exploration,25,28,1.0,1.0,10.013585090637207,4.346452236175537,5.334990501403809
297408,85,1.0037208795547485,1.0037208795547485,1.0037373304367065,1.6421459804405458e-05,1.0,1.0,0.0,0.0,0.0,278,36.01072692871094,fresh_online_exploration,26,28,1.0,1.0,10.21142578125,4.368321895599365,6.048680782318115
297504,39,1.0009407997131348,1.0009407997131348,1.0012543201446533,0.0003135413571726531,1.0,1.0,0.0,0.0,0.0,288,35.73959732055664,fresh_online_exploration,25,28,1.0,1.0,10.063282012939453,4.341177463531494,5.414429187774658
297696,36,1.0023999214172363,1.0023999214172363,1.0029196739196777,0.0005197011050768197,1.0,1.0,0.0,0.0,0.0,284,35.695560455322266,fresh_online_exploration,26,28,1.0,1.0,10.014310836791992,4.32013463973999,5.52768087387085
297696,77,1.0015896558761597,1.0015896558761597,1.001895785331726,0.00030613597482442856,1.0,1.0,0.0,0.0,0.0,276,35.88849639892578,fresh_online_exploration,26,28,1.0,1.0,10.44035816192627,4.415215969085693,6.122133255004883
297888,12,1.001723051071167,1.001723051071167,1.0081114768981934,0.006388501264154911,1.0,1.0,0.0,0.0,0.0,289,35.8105354309082,fresh_online_exploration,26,28,1.0,1.0,10.074909210205078,4.396655559539795,5.357279300689697
298176,87,1.0037281513214111,1.0037281513214111,1.0182521343231201,0.014524120837450027,1.0,1.0,0.0,0.0,0.0,278,35.976070404052734,fresh_online_exploration,26,28,1.0,1.0,10.304288864135742,4.399217128753662,6.078390598297119
298176,88,1.0030152797698975,1.0030152797698975,1.0130040645599365,0.00998875591903925,1.0,1.0,0.0,0.0,0.0,274,35.88236999511719,fresh_online_exploration,26,28,1.0,1.0,10.340264320373535,4.387155055999756,6.277447700500488
298176,93,1.0012120008468628,1.0012120008468628,1.0012338161468506,2.1896954422118142e-05,1.0,1.0,0.0,0.0,0.0,291,35.8297004699707,fresh_online_exploration,26,28,1.0,1.0,10.057842254638672,4.325613498687744,5.283144950866699
298272,15,1.0045135021209717,1.0045135021209717,1.0045275688171387,1.4032046237844042e-05,1.0,1.0,0.0,0.0,0.0,273,35.93156051635742,fresh_online_exploration,26,28,1.0,1.0,10.31959342956543,4.398621082305908,6.2391862869262695
298464,55,1.0015689134597778,1.0015689134597778,1.0120006799697876,0.01043177954852581,1.0,1.0,0.0,0.0,0.0,273,35.790382385253906,fresh_online_exploration,26,28,1.0,1.0,10.359454154968262,4.436089992523193,6.298030376434326
298560,3,1.0026581287384033,1.0026581287384033,1.0032116174697876,0.0005534861702471972,1.0,1.0,0.0,0.0,0.0,297,36.078102111816406,fresh_online_exploration,25,28,1.0,1.0,9.895171165466309,4.418035507202148,5.224852561950684
298656,27,1.00529146194458,1.00529146194458,1.0053164958953857,2.5071098207263276e-05,1.0,1.0,0.0,0.0,0.0,278,36.0517578125,fresh_online_exploration,26,28,1.0,1.0,10.229496955871582,4.414811134338379,6.030808925628662
298656,28,1.00026535987854,1.00026535987854,1.0137299299240112,0.01346462033689022,1.0,1.0,0.0,0.0,0.0,270,35.71525192260742,fresh_online_exploration,26,28,1.0,1.0,10.316263198852539,4.345191478729248,6.431735992431641
298656,46,1.003648281097412,1.003648281097412,1.0044479370117188,0.0007996787317097187,1.0,1.0,0.0,0.0,0.0,275,35.881248474121094,fresh_online_exploration,26,28,1.0,1.0,10.299480438232422,4.461884498596191,6.2470879554748535
299232,47,1.0020663738250732,1.0020663738250732,1.0023142099380493,0.0002478367241565138,1.0,1.0,0.0,0.0,0.0,286,35.739009857177734,fresh_online_exploration,26,28,1.0,1.0,10.003482818603516,4.375677585601807,5.500071048736572
299328,1,1.000356674194336,1.000356674194336,1.0154671669006348,0.015110465697944164,1.0,1.0,0.0,0.0,0.0,280,35.577545166015625,fresh_online_exploration,26,28,1.0,1.0,10.066023826599121,4.436376094818115,5.694563388824463
299328,9,1.00377357006073,1.00377357006073,1.0038563013076782,8.271970727946609e-05,1.0,1.0,0.0,0.0,0.0,293,35.91893768310547,fresh_online_exploration,26,28,1.0,1.0,9.99184513092041,4.388872146606445,5.255711078643799
299424,56,1.0048763751983643,1.0048763751983643,1.0064795017242432,0.001603112556040287,1.0,1.0,0.0,0.0,0.0,275,35.90033721923828,fresh_online_exploration,26,28,1.0,1.0,10.318325996398926,4.448509216308594,6.275196075439453
299520,53,1.006420612335205,1.006420612335205,1.0073868036270142,0.0009662770899012685,1.0,1.0,0.0,0.0,0.0,292,35.970306396484375,fresh_online_exploration,26,28,1.0,1.0,9.96843433380127,4.388542652130127,5.343087196350098
299616,57,1.0043243169784546,1.0043243169784546,1.0158545970916748,0.011530245654284954,1.0,1.0,0.0,0.0,0.0,289,35.85409164428711,fresh_online_exploration,26,28,1.0,1.0,10.029756546020508,4.382221698760986,5.407471179962158
299616,89,1.0046477317810059,1.0046477317810059,1.01143217086792,0.006784401368349791,1.0,1.0,0.0,0.0,0.0,287,35.72929763793945,fresh_online_exploration,26,28,0.9994252860546112,0.9942528605461121,10.086487770080566,4.413371562957764,5.4682111740112305
299808,21,1.0045491456985474,1.0045491456985474,1.0046076774597168,5.844272527610883e-05,1.0,1.0,0.0,0.0,0.0,292,35.964935302734375,fresh_online_exploration,26,28,1.0,1.0,9.871450424194336,4.425751686096191,5.445159435272217
299808,26,1.004082441329956,1.004082441329956,1.0140252113342285,0.009942938573658466,1.0,1.0,0.0,0.0,0.0,286,35.6994743347168,fresh_online_exploration,26,28,0.9994117617607117,0.9941176176071167,10.071854591369629,4.4954023361206055,5.453066825866699
299808,37,1.000713586807251,1.000713586807251,1.0045561790466309,0.0038426099345088005,1.0,1.0,0.0,0.0,0.0,280,35.534873962402344,fresh_online_exploration,26,28,1.0,1.0,10.092954635620117,4.429525852203369,5.6903977394104
300000,16,1.0059444904327393,1.0059444904327393,1.0142273902893066,0.008282830007374287,1.0,1.0,0.0,0.0,0.0,286,35.72126770019531,fresh_online_exploration,26,28,1.0,1.0,10.097970008850098,4.442698955535889,5.439294815063477
300000,62,1.0012469291687012,1.0012469291687012,1.0012938976287842,4.6921948523959145e-05,1.0,1.0,0.0,0.0,0.0,276,35.907005310058594,fresh_online_exploration,26,28,1.0,1.0,10.311846733093262,4.402153015136719,6.144486427307129
300000,69,1.0049909353256226,1.0049909353256226,1.0245211124420166,0.019530169665813446,1.0,1.0,0.0,0.0,0.0,276,35.93170166015625,fresh_online_exploration,26,28,1.0,1.0,10.37539005279541,4.414169788360596,6.23591423034668
300000,74,1.0037827491760254,1.0037827491760254,1.00394868850708,0.000165857607498765,1.0,1.0,0.0,0.0,0.0,281,35.63004684448242,fresh_online_exploration,26,28,1.0,1.0,10.088549613952637,4.478900909423828,5.63381290435791
