env_steps,env_index,max_angle,final_angle,cumulative_increase,regression_amount,progress,success,regression_event,stalled,lost_contact,episode_steps,return_value,source,first_policy_version,last_policy_version,quality_score,contact_stability,estimated_value,initial_q,discounted_return
28224,91,1.0045576095581055,1.0045576095581055,1.0045745372772217,1.6937459804466926e-05,1.0,1.0,0.0,0.0,0.0,294,36.30879592895508,fresh_online_exploration,0,2,1.0,1.0,7.813558101654053,-0.9024049043655396,5.496832847595215
28320,26,1.0047948360443115,1.0047948360443115,1.0050595998764038,0.00026475422782823443,1.0,1.0,0.0,0.0,0.0,295,36.370941162109375,fresh_online_exploration,0,2,1.0,1.0,7.83402156829834,-0.903747022151947,5.454868793487549
28512,33,1.0041848421096802,1.0041848421096802,1.0042213201522827,3.644163371063769e-05,1.0,1.0,0.0,0.0,0.0,297,36.347412109375,fresh_online_exploration,0,2,1.0,1.0,7.800308704376221,-0.8997592329978943,5.380489349365234
28608,81,1.0048776865005493,1.0048776865005493,1.0049982070922852,0.00012056843843311071,1.0,1.0,0.0,0.0,0.0,298,36.335838317871094,fresh_online_exploration,0,2,1.0,1.0,7.842594146728516,-0.9087558388710022,5.36264705657959
28704,38,1.0038806200027466,1.0038806200027466,1.004085898399353,0.00020531351037789136,1.0,1.0,0.0,0.0,0.0,299,36.46015167236328,fresh_online_exploration,0,2,1.0,1.0,7.808138847351074,-0.891565203666687,5.342110633850098
28800,2,1.0014758110046387,1.0014758110046387,1.0014870166778564,1.1294338037259877e-05,1.0,1.0,0.0,0.0,0.0,300,36.3660888671875,fresh_online_exploration,0,2,1.0,1.0,7.7436370849609375,-0.9071202874183655,5.3274383544921875
28800,25,1.0014177560806274,1.0014177560806274,1.001516580581665,9.890698129311204e-05,1.0,1.0,0.0,0.0,0.0,300,36.465911865234375,fresh_online_exploration,0,2,1.0,1.0,7.735234260559082,-0.8990144729614258,5.318815231323242
28800,63,1.004064917564392,1.004064917564392,1.0041453838348389,8.039767271839082e-05,1.0,1.0,0.0,0.0,0.0,300,36.51198959350586,fresh_online_exploration,0,2,1.0,1.0,7.738897323608398,-0.9033432602882385,5.263021469116211
28800,78,1.004188895225525,1.004188895225525,1.021567463874817,0.017378482967615128,1.0,1.0,0.0,0.0,0.0,300,36.41199493408203,fresh_online_exploration,0,2,1.0,1.0,7.823085308074951,-0.8952534794807434,5.41770076751709
28992,10,1.005781888961792,1.005781888961792,1.0059335231781006,0.00015172523853834718,1.0,1.0,0.0,0.0,0.0,302,36.38719177246094,fresh_online_exploration,0,2,1.0,1.0,7.7674360275268555,-0.9016118049621582,5.245815753936768
28992,31,1.000138759613037,1.000138759613037,1.0003628730773926,0.00022405607160180807,1.0,1.0,0.0,0.0,0.0,302,36.366363525390625,fresh_online_exploration,0,2,1.0,1.0,7.762824535369873,-0.9035172462463379,5.2416605949401855
28992,68,1.0044456720352173,1.0044456720352173,1.0045143365859985,6.866954208817333e-05,1.0,1.0,0.0,0.0,0.0,302,36.48452377319336,fresh_online_exploration,0,2,1.0,1.0,7.699871063232422,-0.8956884741783142,5.228692054748535
28992,83,1.0048526525497437,1.0048526525497437,1.0049107074737549,5.8005542086903006e-05,1.0,1.0,0.0,0.0,0.0,302,36.46821975708008,fresh_online_exploration,0,2,1.0,1.0,7.783936500549316,-0.8984343409538269,5.29431676864624
29088,3,1.0018304586410522,1.0018304586410522,1.001955270767212,0.00012489198707044125,1.0,1.0,0.0,0.0,0.0,303,36.465240478515625,fresh_online_exploration,0,2,1.0,1.0,7.796229362487793,-0.9021814465522766,5.228342533111572
29088,9,1.0036742687225342,1.0036742687225342,1.00380277633667,0.00012855036766268313,1.0,1.0,0.0,0.0,0.0,303,36.49922180175781,fresh_online_exploration,0,2,1.0,1.0,7.778963088989258,-0.8921843767166138,5.199009895324707
29088,12,1.0010349750518799,1.0010349750518799,1.0012054443359375,0.00017042398394551128,1.0,1.0,0.0,0.0,0.0,303,36.39176940917969,fresh_online_exploration,0,2,1.0,1.0,7.802543640136719,-0.9021599888801575,5.215844631195068
29088,27,1.0049889087677002,1.0049889087677002,1.0054064989089966,0.0004176040820311755,1.0,1.0,0.0,0.0,0.0,303,36.53458786010742,fresh_online_exploration,0,2,1.0,1.0,7.765731334686279,-0.901831865310669,5.211149215698242
29088,28,1.0018996000289917,1.0018996000289917,1.0019588470458984,5.914267967455089e-05,1.0,1.0,0.0,0.0,0.0,303,36.40560531616211,fresh_online_exploration,0,2,1.0,1.0,7.822104454040527,-0.8976134657859802,5.199550628662109
29088,41,1.00105619430542,1.00105619430542,1.0117604732513428,0.010704425163567066,1.0,1.0,0.0,0.0,0.0,303,36.42399597167969,fresh_online_exploration,0,2,1.0,1.0,7.768165588378906,-0.8950924277305603,5.242118835449219
29088,60,1.0049104690551758,1.0049104690551758,1.005270004272461,0.00035957511863671243,1.0,1.0,0.0,0.0,0.0,303,36.56488800048828,fresh_online_exploration,0,2,1.0,1.0,7.750644683837891,-0.9024150371551514,5.215734958648682
29088,70,1.0029633045196533,1.0029633045196533,1.0031163692474365,0.0001531128800706938,1.0,1.0,0.0,0.0,0.0,303,36.50804901123047,fresh_online_exploration,0,2,1.0,1.0,7.726234436035156,-0.89825838804245,5.212873935699463
29088,85,1.0006133317947388,1.0006133317947388,1.0010123252868652,0.0003990590339526534,1.0,1.0,0.0,0.0,0.0,303,36.460121154785156,fresh_online_exploration,0,2,1.0,1.0,7.820619583129883,-0.8971671462059021,5.139108180999756
29184,35,1.0002180337905884,1.0002180337905884,1.0006262063980103,0.00040817202534526587,1.0,1.0,0.0,0.0,0.0,304,36.43190002441406,fresh_online_exploration,0,2,1.0,1.0,7.7733073234558105,-0.9082943201065063,5.150841236114502
29184,36,1.0040005445480347,1.0040005445480347,1.0194330215454102,0.015432559885084629,1.0,1.0,0.0,0.0,0.0,304,36.553131103515625,fresh_online_exploration,0,2,1.0,1.0,7.760425090789795,-0.9093518853187561,5.26616096496582
29184,39,1.0041084289550781,1.0041084289550781,1.0042468309402466,0.0001384134084219113,1.0,1.0,0.0,0.0,0.0,304,36.5968017578125,fresh_online_exploration,0,2,1.0,1.0,7.7097697257995605,-0.9041447043418884,5.172483444213867
29184,42,1.0052775144577026,1.0052775144577026,1.0052847862243652,7.199445008154726e-06,1.0,1.0,0.0,0.0,0.0,304,36.57302474975586,fresh_online_exploration,0,2,1.0,1.0,7.779421329498291,-0.9016119837760925,5.188642501831055
29184,44,1.0028167963027954,1.0028167963027954,1.015425682067871,0.01260876003652811,1.0,1.0,0.0,0.0,0.0,304,36.52312469482422,fresh_online_exploration,0,2,1.0,1.0,7.766297817230225,-0.900891125202179,5.27964973449707
29184,50,1.0009493827819824,1.0009493827819824,1.001019835472107,7.042443030513823e-05,1.0,1.0,0.0,0.0,0.0,304,36.4931640625,fresh_online_exploration,0,2,1.0,1.0,7.7716383934021,-0.8977023959159851,5.211672306060791
29184,67,1.0027997493743896,1.0027997493743896,1.0033957958221436,0.0005960726412013173,1.0,1.0,0.0,0.0,0.0,304,36.54277420043945,fresh_online_exploration,0,2,1.0,1.0,7.829906940460205,-0.8939347267150879,5.147210121154785
29184,84,1.0050333738327026,1.0050333738327026,1.0050480365753174,1.4646418094343971e-05,1.0,1.0,0.0,0.0,0.0,304,36.515201568603516,fresh_online_exploration,0,2,1.0,1.0,7.786322116851807,-0.9093777537345886,5.2079315185546875
29280,8,1.0036611557006836,1.0036611557006836,1.0038185119628906,0.00015729373262729496,1.0,1.0,0.0,0.0,0.0,305,36.588436126708984,fresh_online_exploration,0,2,1.0,1.0,7.691967487335205,-0.8977015018463135,5.170612812042236
29280,13,1.0017125606536865,1.0017125606536865,1.001824975013733,0.00011242410982958972,1.0,1.0,0.0,0.0,0.0,305,36.45747756958008,fresh_online_exploration,0,2,1.0,1.0,7.809446334838867,-0.9081931114196777,5.1489105224609375
29280,49,1.0011508464813232,1.0011508464813232,1.0012065172195435,5.56890809093602e-05,1.0,1.0,0.0,0.0,0.0,305,36.479698181152344,fresh_online_exploration,0,2,1.0,1.0,7.763826370239258,-0.9148680567741394,5.150590419769287
29280,55,1.000034213066101,1.000034213066101,1.0002832412719727,0.0002490955521352589,1.0,1.0,0.0,0.0,0.0,305,36.423118591308594,fresh_online_exploration,0,2,1.0,1.0,7.79404878616333,-0.9081007242202759,5.156604290008545
29376,17,1.0009098052978516,1.0009098052978516,1.000916838645935,7.02423540133168e-06,1.0,1.0,0.0,0.0,0.0,306,36.485748291015625,fresh_online_exploration,0,2,1.0,1.0,7.743398666381836,-0.9006314277648926,5.098886966705322
29376,23,1.0034074783325195,1.0034074783325195,1.003814935684204,0.00040754975634627044,1.0,1.0,0.0,0.0,0.0,306,36.54684829711914,fresh_online_exploration,0,2,1.0,1.0,7.864224433898926,-0.8922455310821533,5.158141613006592
29376,24,1.0031810998916626,1.0031810998916626,1.0033681392669678,0.0001870374399004504,1.0,1.0,0.0,0.0,0.0,306,36.549652099609375,fresh_online_exploration,0,2,1.0,1.0,7.770867824554443,-0.8893523812294006,5.123555660247803
29376,46,1.0009026527404785,1.0009026527404785,1.0011069774627686,0.00020427993149496615,1.0,1.0,0.0,0.0,0.0,306,36.52350997924805,fresh_online_exploration,0,2,1.0,1.0,7.733863353729248,-0.8944833874702454,5.107690811157227
29376,73,1.00452721118927,1.00452721118927,1.004602074623108,7.489955896744505e-05,1.0,1.0,0.0,0.0,0.0,306,36.61236572265625,fresh_online_exploration,0,2,1.0,1.0,7.686031818389893,-0.9036399722099304,5.167183876037598
29376,86,1.0042134523391724,1.0042134523391724,1.0042848587036133,7.142184767872095e-05,1.0,1.0,0.0,0.0,0.0,306,36.5771369934082,fresh_online_exploration,0,2,1.0,1.0,7.8104424476623535,-0.8930944800376892,5.145102024078369
29376,93,1.0038087368011475,1.0038087368011475,1.0050711631774902,0.0012624261435121298,1.0,1.0,0.0,0.0,0.0,306,36.62419891357422,fresh_online_exploration,0,2,1.0,1.0,7.824023246765137,-0.8976078629493713,5.049650192260742
29472,1,1.0051600933074951,1.0051600933074951,1.0054172277450562,0.0002571244549471885,1.0,1.0,0.0,0.0,0.0,307,36.66938018798828,fresh_online_exploration,0,2,1.0,1.0,7.799671173095703,-0.9019654393196106,5.0731706619262695
29472,15,1.0038599967956543,1.0038599967956543,1.0039379596710205,7.801198808010668e-05,1.0,1.0,0.0,0.0,0.0,307,36.538330078125,fresh_online_exploration,0,2,1.0,1.0,7.804102897644043,-0.8993200659751892,5.112603664398193
29472,16,1.0031979084014893,1.0031979084014893,1.0123482942581177,0.009150256402790546,1.0,1.0,0.0,0.0,0.0,307,36.59642791748047,fresh_online_exploration,0,2,1.0,1.0,7.83002233505249,-0.9014863967895508,5.105514049530029
29472,19,1.0027282238006592,1.0027282238006592,1.002806305885315,7.808509690221399e-05,1.0,1.0,0.0,0.0,0.0,307,36.490379333496094,fresh_online_exploration,0,2,1.0,1.0,7.742990016937256,-0.9008694291114807,5.072409629821777
29472,48,1.0005370378494263,1.0005370378494263,1.0005452632904053,8.321397217514459e-06,1.0,1.0,0.0,0.0,0.0,307,36.45107650756836,fresh_online_exploration,0,2,1.0,1.0,7.732643127441406,-0.9089203476905823,5.136227607727051
29472,52,1.0033973455429077,1.0033973455429077,1.0039803981781006,0.0005830155569128692,1.0,1.0,0.0,0.0,0.0,307,36.638370513916016,fresh_online_exploration,0,2,1.0,1.0,7.860589981079102,-0.90541672706604,5.098684310913086
29472,58,1.001294732093811,1.001294732093811,1.0017340183258057,0.00043923500925302505,1.0,1.0,0.0,0.0,0.0,307,36.516754150390625,fresh_online_exploration,0,2,1.0,1.0,7.813357353210449,-0.9013418555259705,5.07905387878418
29472,64,1.0038191080093384,1.0038191080093384,1.0038944482803345,7.534713222412392e-05,1.0,1.0,0.0,0.0,0.0,307,36.562313079833984,fresh_online_exploration,0,2,1.0,1.0,7.85241174697876,-0.907085120677948,5.123180389404297
29472,90,1.0045170783996582,1.0045170783996582,1.0051155090332031,0.0005984196905046701,1.0,1.0,0.0,0.0,0.0,307,36.591148376464844,fresh_online_exploration,0,2,1.0,1.0,7.742420673370361,-0.903857409954071,5.076867580413818
29568,14,1.0024449825286865,1.0024449825286865,1.0024763345718384,3.1370575015898794e-05,1.0,1.0,0.0,1.0,0.0,308,36.59462356567383,fresh_online_exploration,0,2,1.0,1.0,7.774313449859619,-0.9016813039779663,5.046629428863525
29568,20,1.0021917819976807,1.0021917819976807,1.0023224353790283,0.00013075453171040863,1.0,1.0,0.0,0.0,0.0,308,36.56200408935547,fresh_online_exploration,0,2,1.0,1.0,7.771204471588135,-0.9033414125442505,5.0641770362854
29568,32,1.004496455192566,1.004496455192566,1.0045368671417236,4.0339491533814e-05,1.0,1.0,0.0,0.0,0.0,308,36.61551284790039,fresh_online_exploration,0,2,1.0,1.0,7.735248565673828,-0.9094334840774536,5.073317050933838
29568,34,1.0050113201141357,1.0050113201141357,1.005070447921753,5.9096615586895496e-05,1.0,1.0,0.0,1.0,0.0,308,36.63763427734375,fresh_online_exploration,0,2,1.0,1.0,7.812466144561768,-0.9020242094993591,5.0763092041015625
29568,45,1.0012505054473877,1.0012505054473877,1.0012619495391846,1.1520685802679509e-05,1.0,1.0,0.0,0.0,0.0,308,36.446563720703125,fresh_online_exploration,0,2,1.0,1.0,7.860321998596191,-0.900164783000946,5.047901153564453
29568,51,1.0034373998641968,1.0034373998641968,1.003631591796875,0.00019419612362980843,1.0,1.0,0.0,0.0,0.0,308,36.59373474121094,fresh_online_exploration,0,2,1.0,1.0,7.785283088684082,-0.905697762966156,5.101405620574951
29568,61,1.0005426406860352,1.0005426406860352,1.0007848739624023,0.00024226125970017165,1.0,1.0,0.0,0.0,0.0,308,36.566741943359375,fresh_online_exploration,0,2,1.0,1.0,7.82855224609375,-0.9013916850090027,5.059898853302002
29664,4,1.0011744499206543,1.0011744499206543,1.0011836290359497,9.147422133537475e-06,1.0,1.0,0.0,1.0,0.0,309,36.586944580078125,fresh_online_exploration,0,2,1.0,1.0,7.864387512207031,-0.8979490995407104,5.041285037994385
29664,7,1.0041453838348389,1.0041453838348389,1.004380226135254,0.00023489809245802462,1.0,1.0,0.0,0.0,0.0,309,36.628387451171875,fresh_online_exploration,0,2,1.0,1.0,7.830322265625,-0.9053013920783997,5.038521766662598
29664,29,1.0049874782562256,1.0049874782562256,1.0050586462020874,7.120014925021678e-05,1.0,1.0,0.0,0.0,0.0,309,36.70655822753906,fresh_online_exploration,0,2,1.0,1.0,7.762323379516602,-0.9083592295646667,5.037696361541748
29664,87,1.0019147396087646,1.0019147396087646,1.0019878149032593,7.308086787816137e-05,1.0,1.0,0.0,1.0,0.0,309,36.49333572387695,fresh_online_exploration,0,2,1.0,1.0,7.78204345703125,-0.9069328308105469,5.041566848754883
29664,94,1.0047252178192139,1.0047252178192139,1.0048068761825562,8.162091398844495e-05,1.0,1.0,0.0,1.0,0.0,309,36.615882873535156,fresh_online_exploration,0,2,1.0,1.0,7.810284614562988,-0.8984565734863281,5.033222675323486
29760,54,1.0033106803894043,1.0033106803894043,1.0036728382110596,0.00036226448719389737,1.0,1.0,0.0,0.0,0.0,310,36.657257080078125,fresh_online_exploration,0,2,1.0,1.0,7.724689483642578,-0.9068092703819275,4.9872283935546875
29760,66,1.0003358125686646,1.0003358125686646,1.0003564357757568,2.0712168407044373e-05,1.0,1.0,0.0,1.0,0.0,310,36.573387145996094,fresh_online_exploration,0,2,1.0,1.0,7.7185468673706055,-0.9026351571083069,4.996569633483887
29760,71,1.001218557357788,1.001218557357788,1.0014827251434326,0.000264150119619444,1.0,1.0,0.0,0.0,0.0,310,36.549346923828125,fresh_online_exploration,0,2,1.0,1.0,7.806629657745361,-0.9025940299034119,5.010091304779053
29760,92,1.0003118515014648,1.0003118515014648,1.000321388244629,9.510624295216985e-06,1.0,1.0,0.0,1.0,0.0,310,36.499847412109375,fresh_online_exploration,0,2,1.0,1.0,7.770338535308838,-0.8997794389724731,4.99918794631958
29856,0,1.0053330659866333,1.0053330659866333,1.0055322647094727,0.00019925607193727046,1.0,1.0,0.0,1.0,0.0,311,36.71754837036133,fresh_online_exploration,0,2,1.0,1.0,7.7730207443237305,-0.8951548933982849,4.972166061401367
29856,6,1.0042539834976196,1.0042539834976196,1.004303216934204,4.929826536681503e-05,1.0,1.0,0.0,1.0,0.0,311,36.64402770996094,fresh_online_exploration,0,2,1.0,1.0,7.787662982940674,-0.8897426128387451,4.976437091827393
29856,22,1.0028592348098755,1.0028592348098755,1.0029160976409912,5.676586806657724e-05,1.0,1.0,0.0,1.0,0.0,311,36.624061584472656,fresh_online_exploration,0,2,1.0,1.0,7.776153564453125,-0.8987389206886292,4.992149353027344
29856,37,1.0002650022506714,1.0002650022506714,1.000290870666504,2.583985769888386e-05,1.0,1.0,0.0,1.0,0.0,311,36.66332244873047,fresh_online_exploration,0,2,1.0,1.0,7.735103607177734,-0.9044064283370972,4.990359783172607
29856,40,1.0049692392349243,1.0049692392349243,1.0049916505813599,2.2415497369365767e-05,1.0,1.0,0.0,1.0,0.0,311,36.75035858154297,fresh_online_exploration,0,2,1.0,1.0,7.805563449859619,-0.9137260913848877,5.012868881225586
29856,43,1.004913568496704,1.004913568496704,1.0061434507369995,0.0012299868976697326,1.0,1.0,0.0,0.0,0.0,311,36.71564483642578,fresh_online_exploration,0,2,1.0,1.0,7.871627330780029,-0.901004433631897,5.012378692626953
29856,56,1.0014801025390625,1.0014801025390625,1.0016239881515503,0.00014388954150490463,1.0,1.0,0.0,0.0,0.0,311,36.55713653564453,fresh_online_exploration,0,2,1.0,1.0,7.772924900054932,-0.8975924849510193,5.0025105476379395
29856,62,1.005255103111267,1.005255103111267,1.0056431293487549,0.0003879361320286989,1.0,1.0,0.0,0.0,0.0,311,36.77046203613281,fresh_online_exploration,0,2,1.0,1.0,7.775604248046875,-0.9027441740036011,4.959118366241455
29856,88,1.0013785362243652,1.0013785362243652,1.001424789428711,4.629152681445703e-05,1.0,1.0,0.0,0.0,0.0,311,36.60115051269531,fresh_online_exploration,0,2,1.0,1.0,7.77211332321167,-0.9083001017570496,4.9501471519470215
29952,21,1.0045181512832642,1.0045181512832642,1.0046652555465698,0.00014712318079546094,1.0,1.0,0.0,0.0,0.0,312,36.71883773803711,fresh_online_exploration,0,2,1.0,1.0,7.79700231552124,-0.9021656513214111,4.9396562576293945
29952,65,1.0013407468795776,1.0013407468795776,1.0014209747314453,8.017747313715518e-05,1.0,1.0,0.0,0.0,0.0,312,36.57182693481445,fresh_online_exploration,0,2,1.0,1.0,7.758275508880615,-0.9053336381912231,4.928463459014893
30048,59,1.001209020614624,1.001209020614624,1.0017149448394775,0.0005059337709099054,1.0,1.0,0.0,0.0,0.0,313,36.63975524902344,fresh_online_exploration,0,2,1.0,1.0,7.8347978591918945,-0.896353542804718,4.8838043212890625
30048,76,1.0043083429336548,1.0043083429336548,1.0043635368347168,5.5217224144143984e-05,1.0,1.0,0.0,0.0,0.0,313,36.577919006347656,fresh_online_exploration,0,2,1.0,1.0,7.768309116363525,-0.9117670655250549,5.036428928375244
30144,30,1.0047069787979126,1.0047069787979126,1.0049570798873901,0.00025012335390783846,1.0,1.0,0.0,0.0,0.0,314,36.734771728515625,fresh_online_exploration,0,3,1.0,1.0,7.787402629852295,-0.8954530358314514,4.880147457122803
30144,47,1.0027827024459839,1.0027827024459839,1.0031965970993042,0.00041389212128706276,1.0,1.0,0.0,0.0,0.0,314,36.722110748291016,fresh_online_exploration,0,3,1.0,1.0,7.7957258224487305,-0.9052119851112366,4.877593040466309
30144,53,1.0011029243469238,1.0011029243469238,1.0011107921600342,7.823211490176618e-06,1.0,1.0,0.0,1.0,0.0,314,36.6573486328125,fresh_online_exploration,0,3,1.0,1.0,7.790388107299805,-0.9114472270011902,4.9611358642578125
30144,69,1.0046426057815552,1.0046426057815552,1.004819631576538,0.0001770592643879354,1.0,1.0,0.0,1.0,0.0,314,36.66623306274414,fresh_online_exploration,0,3,1.0,1.0,7.7266526222229,-0.8987358808517456,4.886177062988281
30144,75,1.0003780126571655,1.0003780126571655,1.0004990100860596,0.00012095951387891546,1.0,1.0,0.0,1.0,0.0,314,36.63671112060547,fresh_online_exploration,0,3,1.0,1.0,7.7970709800720215,-0.8970440030097961,4.843593597412109
30144,77,1.0020802021026611,1.0020802021026611,1.0020886659622192,8.427567081525922e-06,1.0,1.0,0.0,1.0,0.0,314,36.65938949584961,fresh_online_exploration,0,3,1.0,1.0,7.791767597198486,-0.8957720398902893,4.948835849761963
30144,80,1.0047192573547363,1.0047192573547363,1.0050207376480103,0.00030150945531204343,1.0,1.0,0.0,0.0,0.0,314,36.78029251098633,fresh_online_exploration,0,3,1.0,1.0,7.801660060882568,-0.9044824838638306,4.939051151275635
30240,11,1.0045727491378784,1.0045727491378784,1.0046879053115845,0.00011516453378135338,1.0,1.0,0.0,0.0,0.0,315,36.72428894042969,fresh_online_exploration,0,3,1.0,1.0,7.778374671936035,-0.8866313099861145,4.900436878204346
30240,18,1.003540277481079,1.003540277481079,1.0039348602294922,0.0003945851349271834,1.0,1.0,0.0,0.0,0.0,315,36.75934982299805,fresh_online_exploration,0,3,1.0,1.0,7.877996444702148,-0.8995485901832581,4.862403869628906
30240,57,1.0013701915740967,1.0013701915740967,1.0013786554336548,8.459265700366814e-06,1.0,1.0,0.0,0.0,0.0,315,36.54012680053711,fresh_online_exploration,0,3,1.0,1.0,7.77147102355957,-0.8905072808265686,4.906788349151611
30240,72,1.0035892724990845,1.0035892724990845,1.0041542053222656,0.0005649513332173228,1.0,1.0,0.0,1.0,0.0,315,36.73686981201172,fresh_online_exploration,0,3,1.0,1.0,7.79257345199585,-0.9028770923614502,4.872259616851807
30336,5,1.0043151378631592,1.0043151378631592,1.0045619010925293,0.0002468496677465737,1.0,1.0,0.0,1.0,0.0,316,36.75465393066406,fresh_online_exploration,0,3,1.0,1.0,7.731997489929199,-0.9082069993019104,4.811005592346191
30336,95,1.0039561986923218,1.0039561986923218,1.0047622919082642,0.0008060432737693191,1.0,1.0,0.0,1.0,0.0,316,36.71144104003906,fresh_online_exploration,0,3,1.0,1.0,7.821380138397217,-0.9041796326637268,4.807837009429932
30432,82,1.0002728700637817,1.0002728700637817,1.0159952640533447,0.015722349286079407,1.0,1.0,0.0,0.0,0.0,317,36.82331848144531,fresh_online_exploration,0,3,1.0,1.0,7.7839484214782715,-0.8951029181480408,4.819730758666992
30528,74,1.0043221712112427,1.0043221712112427,1.0058872699737549,0.0015650255372747779,1.0,1.0,0.0,0.0,0.0,318,36.76991653442383,fresh_online_exploration,0,3,1.0,1.0,7.812540054321289,-0.9037243723869324,4.789879322052002
30528,79,1.0050357580184937,1.0050357580184937,1.0053513050079346,0.00031562434742227197,1.0,1.0,0.0,1.0,0.0,318,36.82588577270508,fresh_online_exploration,0,3,1.0,1.0,7.808492183685303,-0.9142098426818848,4.852825164794922
30720,89,1.000890851020813,1.000890851020813,1.001070499420166,0.00017964033759199083,1.0,1.0,0.0,1.0,0.0,320,36.782859802246094,fresh_online_exploration,0,3,1.0,1.0,7.7494940757751465,-0.8950387239456177,4.69378137588501
57216,91,1.0011935234069824,1.0011935234069824,1.0014002323150635,0.00020680291345342994,1.0,1.0,0.0,0.0,0.0,302,36.367462158203125,fresh_online_exploration,2,5,1.0,1.0,8.33545970916748,-0.025802869349718094,5.219398498535156
57600,2,1.0044608116149902,1.0044608116149902,1.00447416305542,1.3321151527634356e-05,1.0,1.0,0.0,0.0,0.0,300,36.41752624511719,fresh_online_exploration,2,5,1.0,1.0,8.19654655456543,-0.01665867492556572,5.369393348693848
57600,26,1.0045310258865356,1.0045310258865356,1.0045729875564575,4.197833186481148e-05,1.0,1.0,0.0,0.0,0.0,305,36.50659942626953,fresh_online_exploration,2,5,1.0,1.0,8.259119033813477,-0.031831271946430206,5.188911437988281
57696,17,1.000834584236145,1.000834584236145,1.001098871231079,0.0002643749467097223,1.0,1.0,0.0,0.0,0.0,295,36.17179489135742,fresh_online_exploration,2,5,1.0,1.0,8.434585571289062,0.014067083597183228,5.40496826171875
57696,67,1.0052944421768188,1.0052944421768188,1.0124080181121826,0.007113524712622166,1.0,1.0,0.0,0.0,0.0,297,36.29316711425781,fresh_online_exploration,2,5,1.0,1.0,8.3419828414917,-0.033030442893505096,5.489692687988281
57792,41,1.0032294988632202,1.0032294988632202,1.010528564453125,0.007299001328647137,1.0,1.0,0.0,0.0,0.0,299,36.35484313964844,fresh_online_exploration,2,5,1.0,1.0,8.273320198059082,-0.039187293499708176,5.408758163452148
57888,70,1.0055259466171265,1.0055259466171265,1.0055358409881592,9.94452966551762e-06,1.0,1.0,0.0,0.0,0.0,300,36.44926834106445,fresh_online_exploration,2,5,1.0,1.0,8.3764066696167,-0.034018825739622116,5.350252628326416
57888,81,1.0021233558654785,1.0021233558654785,1.0024666786193848,0.00034334236988797784,1.0,1.0,0.0,0.0,0.0,305,36.3958740234375,fresh_online_exploration,2,5,1.0,1.0,8.354548454284668,-0.0357690267264843,5.1558966636657715
57984,38,1.0001493692398071,1.0001493692398071,1.011113166809082,0.010963874869048595,1.0,1.0,0.0,0.0,0.0,305,36.387550354003906,fresh_online_exploration,2,5,1.0,1.0,8.292363166809082,-0.046992428600788116,5.219366550445557
57984,83,1.001204252243042,1.001204252243042,1.001471757888794,0.0002675590221770108,1.0,1.0,0.0,0.0,0.0,302,36.32759094238281,fresh_online_exploration,2,5,1.0,1.0,8.321249961853027,-0.031506430357694626,5.277334213256836
58080,35,1.0004240274429321,1.0004240274429321,1.0005838871002197,0.00015981175238266587,1.0,1.0,0.0,0.0,0.0,301,36.42003631591797,fresh_online_exploration,2,5,1.0,1.0,8.281628608703613,-0.03689452260732651,5.284811973571777
58080,84,1.0056923627853394,1.0056923627853394,1.0057086944580078,1.6344218238373287e-05,1.0,1.0,0.0,0.0,0.0,301,36.46391677856445,fresh_online_exploration,2,5,1.0,1.0,8.205789566040039,-0.03671988099813461,5.299875736236572
58176,11,1.0032202005386353,1.0032202005386353,1.0032962560653687,7.606394501635805e-05,1.0,1.0,0.0,0.0,0.0,291,36.19989013671875,fresh_online_exploration,3,5,1.0,1.0,8.35399341583252,0.01773810386657715,5.6059956550598145
58176,31,1.0021494626998901,1.0021494626998901,1.003112554550171,0.0009631517459638417,1.0,1.0,0.0,0.0,0.0,304,36.48811721801758,fresh_online_exploration,2,5,1.0,1.0,8.310710906982422,-0.03789539262652397,5.169309616088867
58176,33,1.0045205354690552,1.0045205354690552,1.0045368671417236,1.639889887883328e-05,1.0,1.0,0.0,0.0,0.0,309,36.619075775146484,fresh_online_exploration,2,5,1.0,1.0,8.225628852844238,-0.020807337015867233,5.015969753265381
58272,23,1.0016742944717407,1.0016742944717407,1.0016918182373047,1.750545015966054e-05,1.0,1.0,0.0,0.0,0.0,301,36.40406799316406,fresh_online_exploration,2,5,1.0,1.0,8.256768226623535,-0.0012752413749694824,5.288729190826416
58272,39,1.0046567916870117,1.0046567916870117,1.0051219463348389,0.0004651161143556237,1.0,1.0,0.0,0.0,0.0,303,36.560447692871094,fresh_online_exploration,2,5,1.0,1.0,8.324846267700195,-0.031834445893764496,5.242394924163818
58272,45,1.0030267238616943,1.0030267238616943,1.003047227859497,2.0574134396156296e-05,1.0,1.0,0.0,0.0,0.0,299,36.28662109375,fresh_online_exploration,2,5,1.0,1.0,8.34762954711914,-0.005216527730226517,5.360743522644043
58272,48,1.0000945329666138,1.0000945329666138,1.0002257823944092,0.00013128957652952522,1.0,1.0,0.0,0.0,0.0,300,36.36250305175781,fresh_online_exploration,2,5,1.0,1.0,8.355079650878906,-0.009813204407691956,5.287807464599609
58368,3,1.0035772323608398,1.0035772323608398,1.0036622285842896,8.49975913297385e-05,1.0,1.0,0.0,0.0,0.0,305,36.52012634277344,fresh_online_exploration,2,5,1.0,1.0,8.339399337768555,-0.02401329204440117,5.179686546325684
58368,8,1.0004892349243164,1.0004892349243164,1.0006747245788574,0.0001854854926932603,1.0,1.0,0.0,0.0,0.0,303,36.37628936767578,fresh_online_exploration,2,5,1.0,1.0,8.383781433105469,-0.02323427051305771,5.246293544769287
58368,78,1.0022155046463013,1.0022155046463013,1.0162696838378906,0.014054043218493462,1.0,1.0,0.0,0.0,0.0,308,36.53306579589844,fresh_online_exploration,2,5,1.0,1.0,8.335888862609863,-0.01801164075732231,5.092644214630127
58368,90,1.002764344215393,1.002764344215393,1.002886414527893,0.00012205357052152976,1.0,1.0,0.0,0.0,0.0,301,36.448150634765625,fresh_online_exploration,2,5,1.0,1.0,8.296181678771973,-0.013227149844169617,5.2728753089904785
58464,10,1.0036307573318481,1.0036307573318481,1.0039756298065186,0.00034486709046177566,1.0,1.0,0.0,0.0,0.0,307,36.558841705322266,fresh_online_exploration,2,5,1.0,1.0,8.332292556762695,-0.04490021988749504,5.094322681427002
58464,12,1.0017906427383423,1.0017906427383423,1.0019595623016357,0.0001688971824478358,1.0,1.0,0.0,0.0,0.0,306,36.48914337158203,fresh_online_exploration,2,5,1.0,1.0,8.343914985656738,-0.02841053530573845,5.223663330078125
58464,13,1.0022602081298828,1.0022602081298828,1.0025382041931152,0.0002780039212666452,1.0,1.0,0.0,0.0,0.0,304,36.49341583251953,fresh_online_exploration,2,5,1.0,1.0,8.343778610229492,-0.03471296280622482,5.18934965133667
58464,32,1.0012134313583374,1.0012134313583374,1.0014182329177856,0.00020482888794504106,1.0,1.0,0.0,0.0,0.0,301,36.43994903564453,fresh_online_exploration,2,5,1.0,1.0,8.311195373535156,0.006867658346891403,5.26645565032959
58464,44,1.00225031375885,1.00225031375885,1.003023624420166,0.0007733108359389007,1.0,1.0,0.0,0.0,0.0,305,36.54926300048828,fresh_online_exploration,2,5,1.0,1.0,8.387075424194336,-0.03664764016866684,5.130974769592285
58464,46,1.0020322799682617,1.0020322799682617,1.002162218093872,0.00012982735643163323,1.0,1.0,0.0,0.0,0.0,303,36.424800872802734,fresh_online_exploration,2,5,1.0,1.0,8.230944633483887,0.008109837770462036,5.2239274978637695
58464,68,1.0017908811569214,1.0017908811569214,1.0018703937530518,7.9588164226152e-05,1.0,1.0,0.0,0.0,0.0,307,36.53253936767578,fresh_online_exploration,2,5,1.0,1.0,8.26943588256836,-0.041488658636808395,5.093008995056152
58464,93,1.000770926475525,1.000770926475525,1.0029759407043457,0.0022050354164093733,1.0,1.0,0.0,0.0,0.0,303,36.3934326171875,fresh_online_exploration,2,5,1.0,1.0,8.37766170501709,0.01984211802482605,5.226344585418701
58560,4,1.0009740591049194,1.0009740591049194,1.0083239078521729,0.007349919527769089,1.0,1.0,0.0,0.0,0.0,301,36.314170837402344,fresh_online_exploration,2,5,1.0,1.0,8.376301765441895,0.013394404202699661,5.269542217254639
58560,73,1.0011550188064575,1.0011550188064575,1.0012820959091187,0.00012708625581581146,1.0,1.0,0.0,0.0,0.0,304,36.48517608642578,fresh_online_exploration,2,5,1.0,1.0,8.348085403442383,0.01482933759689331,5.165536880493164
58656,1,1.0053495168685913,1.0053495168685913,1.005382776260376,3.3227959647774696e-05,1.0,1.0,0.0,0.0,0.0,304,36.54555130004883,fresh_online_exploration,2,5,1.0,1.0,8.296974182128906,-0.013231202960014343,5.188656806945801
58656,50,1.0013468265533447,1.0013468265533447,1.001471757888794,0.00012494868133217096,1.0,1.0,0.0,0.0,0.0,307,36.475852966308594,fresh_online_exploration,2,5,1.0,1.0,8.285636901855469,-0.036287687718868256,5.102012634277344
58656,60,1.0030648708343506,1.0030648708343506,1.0032250881195068,0.00016019765462260693,1.0,1.0,0.0,1.0,0.0,308,36.55393981933594,fresh_online_exploration,2,5,1.0,1.0,8.279017448425293,-0.030562739819288254,5.032103538513184
58848,20,1.0055718421936035,1.0055718421936035,1.0057846307754517,0.00021278075291775167,1.0,1.0,0.0,0.0,0.0,305,36.552040100097656,fresh_online_exploration,2,5,1.0,1.0,8.354519844055176,-0.011137444525957108,5.159374237060547
58848,25,1.0029962062835693,1.0029962062835693,1.0031236410140991,0.00012745581625495106,1.0,1.0,0.0,1.0,0.0,313,36.727516174316406,fresh_online_exploration,2,5,1.0,1.0,8.376190185546875,-0.016851168125867844,4.913995742797852
58848,27,1.0051281452178955,1.0051281452178955,1.0051445960998535,1.6533424059161916e-05,1.0,1.0,0.0,0.0,0.0,310,36.636539459228516,fresh_online_exploration,2,5,1.0,1.0,8.201559066772461,-0.04397691413760185,5.015825271606445
58848,36,1.0053207874298096,1.0053207874298096,1.0113050937652588,0.00598433893173933,1.0,1.0,0.0,0.0,0.0,309,36.599266052246094,fresh_online_exploration,2,5,1.0,1.0,8.383213996887207,-0.03944223374128342,5.105008602142334
58848,75,1.0003674030303955,1.0003674030303955,1.0004377365112305,7.032411667751148e-05,1.0,1.0,0.0,0.0,0.0,299,36.36590576171875,fresh_online_exploration,3,5,1.0,1.0,8.305392265319824,0.030501723289489746,5.279390811920166
58944,0,1.0011063814163208,1.0011063814163208,1.0011212825775146,1.4941358131181914e-05,1.0,1.0,0.0,0.0,0.0,303,36.381248474121094,fresh_online_exploration,2,5,1.0,1.0,8.348215103149414,0.004913143813610077,5.22841215133667
58944,24,1.0027878284454346,1.0027878284454346,1.002962589263916,0.00017475670028943568,1.0,1.0,0.0,0.0,0.0,308,36.56751251220703,fresh_online_exploration,2,5,1.0,1.0,8.277703285217285,0.0033077597618103027,5.051762104034424
58944,49,1.0036604404449463,1.0036604404449463,1.0045455694198608,0.0008851693710312247,1.0,1.0,0.0,0.0,0.0,309,36.66131591796875,fresh_online_exploration,2,5,1.0,1.0,8.285354614257812,-0.029729239642620087,5.043347358703613
58944,51,1.0028284788131714,1.0028284788131714,1.002967357635498,0.00013884133659303188,1.0,1.0,0.0,0.0,0.0,306,36.40286636352539,fresh_online_exploration,2,5,1.0,1.0,8.306200981140137,0.0015308670699596405,5.180609703063965
58944,55,1.0057586431503296,1.0057586431503296,1.0160956382751465,0.010336950421333313,1.0,1.0,0.0,0.0,0.0,309,36.63468933105469,fresh_online_exploration,2,5,1.0,1.0,8.470569610595703,-0.045423440635204315,5.119063377380371
58944,58,1.0025262832641602,1.0025262832641602,1.0025365352630615,1.0194810784014408e-05,1.0,1.0,0.0,0.0,0.0,307,36.50306701660156,fresh_online_exploration,2,5,1.0,1.0,8.31460189819336,-0.01586107909679413,5.100108623504639
58944,80,1.0010077953338623,1.0010077953338623,1.001130223274231,0.00012242226512171328,1.0,1.0,0.0,0.0,0.0,300,36.35060119628906,fresh_online_exploration,3,5,1.0,1.0,8.348729133605957,0.017569750547409058,5.351037502288818
58944,87,1.0022923946380615,1.0022923946380615,1.0025091171264648,0.0002167670027120039,1.0,1.0,0.0,0.0,0.0,305,36.43821334838867,fresh_online_exploration,2,5,1.0,1.0,8.38485050201416,-0.0016909949481487274,5.155726432800293
59040,37,1.0019410848617554,1.0019410848617554,1.002078890800476,0.00013784212933387607,1.0,1.0,0.0,0.0,0.0,304,36.536865234375,fresh_online_exploration,2,5,1.0,1.0,8.300490379333496,0.00414680689573288,5.196435928344727
59040,61,1.0048562288284302,1.0048562288284302,1.0054008960723877,0.0005446372088044882,1.0,1.0,0.0,0.0,0.0,307,36.52325439453125,fresh_online_exploration,2,5,1.0,1.0,8.38723373413086,-0.0025752969086170197,5.107337951660156
59040,63,1.0017755031585693,1.0017755031585693,1.0018559694290161,8.041127875912935e-05,1.0,1.0,0.0,1.0,0.0,315,36.71802520751953,fresh_online_exploration,2,5,1.0,1.0,8.336301803588867,-0.022090565413236618,4.84451150894165
59040,86,1.0051604509353638,1.0051604509353638,1.0053868293762207,0.0002264279464725405,1.0,1.0,0.0,0.0,0.0,309,36.52619934082031,fresh_online_exploration,2,5,1.0,1.0,8.367239952087402,0.02081647515296936,4.999929904937744
59136,7,1.002156138420105,1.002156138420105,1.0025951862335205,0.0004391234542708844,1.0,1.0,0.0,0.0,0.0,307,36.52731704711914,fresh_online_exploration,2,5,1.0,1.0,8.386240005493164,0.02331962063908577,5.106082916259766
59136,29,1.0045392513275146,1.0045392513275146,1.0047186613082886,0.00017946054867934436,1.0,1.0,0.0,1.0,0.0,307,36.55482482910156,fresh_online_exploration,2,5,1.0,1.0,8.378966331481934,0.011442143470048904,5.1057891845703125
59136,42,1.004780650138855,1.004780650138855,1.0052212476730347,0.00044062588131055236,1.0,1.0,0.0,0.0,0.0,312,36.72773361206055,fresh_online_exploration,2,5,1.0,1.0,8.403755187988281,-0.03547545522451401,4.955591201782227
59136,43,1.0017269849777222,1.0017269849777222,1.002964735031128,0.0012376829981803894,1.0,1.0,0.0,0.0,0.0,305,36.504371643066406,fresh_online_exploration,2,5,1.0,1.0,8.354814529418945,0.006336770951747894,5.16727352142334
59136,72,1.0047829151153564,1.0047829151153564,1.004962682723999,0.00017976791423279792,1.0,1.0,0.0,0.0,0.0,301,36.57395935058594,fresh_online_exploration,3,5,1.0,1.0,8.378642082214355,0.014811456203460693,5.236924648284912
59232,6,1.0012531280517578,1.0012531280517578,1.0012905597686768,3.749411553144455e-05,1.0,1.0,0.0,0.0,0.0,306,36.448760986328125,fresh_online_exploration,2,5,1.0,1.0,8.343533515930176,0.012014172971248627,5.134970188140869
59232,59,1.0046534538269043,1.0046534538269043,1.0052802562713623,0.000626759952865541,1.0,1.0,0.0,0.0,0.0,304,36.49502182006836,fresh_online_exploration,2,5,1.0,1.0,8.43144416809082,0.021261196583509445,5.161418914794922
59232,76,1.0049673318862915,1.0049673318862915,1.0050444602966309,7.716011168668047e-05,1.0,1.0,0.0,0.0,0.0,304,36.51728057861328,fresh_online_exploration,2,5,1.0,1.0,8.262349128723145,0.02503056451678276,5.223094940185547
59328,77,1.0039700269699097,1.0039700269699097,1.004071831703186,0.00010180204117204994,1.0,1.0,0.0,0.0,0.0,304,36.525394439697266,fresh_online_exploration,3,5,1.0,1.0,8.391136169433594,0.004575222730636597,5.217352867126465
59328,85,1.0012050867080688,1.0012050867080688,1.0013182163238525,0.00011311739217489958,1.0,1.0,0.0,0.0,0.0,315,36.7071533203125,fresh_online_exploration,2,5,1.0,1.0,8.336100578308105,-0.04538799449801445,4.820994853973389
59424,52,1.0011882781982422,1.0011882781982422,1.0012755393981934,8.724673534743488e-05,1.0,1.0,0.0,1.0,0.0,312,36.53159713745117,fresh_online_exploration,2,5,1.0,1.0,8.3087158203125,-0.017832204699516296,4.899077415466309
59424,54,1.001914381980896,1.001914381980896,1.002100944519043,0.00018664478557184339,1.0,1.0,0.0,0.0,0.0,309,36.58088302612305,fresh_online_exploration,2,5,1.0,1.0,8.286407470703125,0.018425501883029938,5.004602432250977
59424,66,1.005418062210083,1.005418062210083,1.005475401878357,5.731142664444633e-05,1.0,1.0,0.0,1.0,0.0,309,36.68244934082031,fresh_online_exploration,2,5,1.0,1.0,8.296223640441895,0.01725352555513382,5.047859191894531
59520,30,1.003369688987732,1.003369688987732,1.0063087940216064,0.0029392230790108442,1.0,1.0,0.0,0.0,0.0,306,36.554874420166016,fresh_online_exploration,3,5,1.0,1.0,8.377129554748535,0.013251334428787231,5.1360087394714355
59520,56,1.0061848163604736,1.0061848163604736,1.0062943696975708,0.00010962446685880423,1.0,1.0,0.0,0.0,0.0,309,36.57405090332031,fresh_online_exploration,2,5,1.0,1.0,8.33444881439209,0.010139219462871552,5.11683464050293
59520,62,1.0051008462905884,1.0051008462905884,1.0051984786987305,9.75432267296128e-05,1.0,1.0,0.0,0.0,0.0,309,36.61840057373047,fresh_online_exploration,2,5,1.0,1.0,8.3396635055542,0.0012216195464134216,5.003314018249512
59616,9,1.0029124021530151,1.0029124021530151,1.0031719207763672,0.0002595537225715816,1.0,1.0,0.0,1.0,0.0,318,36.751651763916016,fresh_online_exploration,2,5,1.0,1.0,8.371023178100586,-0.03474114462733269,4.786192417144775
59616,16,1.005159854888916,1.005159854888916,1.007025957107544,0.0018660819623619318,1.0,1.0,0.0,0.0,0.0,314,36.67628860473633,fresh_online_exploration,2,5,1.0,1.0,8.3804292678833,-0.020024016499519348,4.89739465713501
59616,57,1.0002379417419434,1.0002379417419434,1.0006762742996216,0.0004383258637972176,1.0,1.0,0.0,0.0,0.0,306,36.42298889160156,fresh_online_exploration,3,5,1.0,1.0,8.426838874816895,0.008805185556411743,5.111358642578125
59712,5,1.005903959274292,1.005903959274292,1.0059986114501953,9.474519902141765e-05,1.0,1.0,0.0,0.0,0.0,306,36.433956146240234,fresh_online_exploration,3,5,1.0,1.0,8.30924129486084,0.005437742918729782,5.142470836639404
59712,34,1.0016573667526245,1.0016573667526245,1.0021426677703857,0.00048536149552091956,1.0,1.0,0.0,0.0,0.0,314,36.64583206176758,fresh_online_exploration,2,5,1.0,1.0,8.37094497680664,-0.02135496214032173,4.847034454345703
59712,71,1.0042694807052612,1.0042694807052612,1.0044610500335693,0.00019162247190251946,1.0,1.0,0.0,1.0,0.0,312,36.68739318847656,fresh_online_exploration,2,5,1.0,1.0,8.316177368164062,0.026403822004795074,4.942166805267334
59712,94,1.0007420778274536,1.0007420778274536,1.0008740425109863,0.00013202255649957806,1.0,1.0,0.0,1.0,0.0,313,36.58135223388672,fresh_online_exploration,2,5,1.0,1.0,8.412449836730957,-0.00090746209025383,4.868910789489746
59904,15,1.0041451454162598,1.0041451454162598,1.0042465925216675,0.0001014488298096694,1.0,1.0,0.0,1.0,0.0,317,36.70010757446289,fresh_online_exploration,2,5,1.0,1.0,8.304168701171875,-0.0127287358045578,4.819453716278076
59904,18,1.0007214546203613,1.0007214546203613,1.0009820461273193,0.0002606190100777894,1.0,1.0,0.0,0.0,0.0,309,36.58698272705078,fresh_online_exploration,3,5,1.0,1.0,8.349726676940918,0.0066987574100494385,5.008532524108887
59904,21,1.004514455795288,1.004514455795288,1.0048344135284424,0.00031995080644264817,1.0,1.0,0.0,0.0,0.0,312,36.71282958984375,fresh_online_exploration,2,5,1.0,1.0,8.314971923828125,0.008772294968366623,4.952342510223389
59904,28,1.004717469215393,1.004717469215393,1.005195140838623,0.00047760503366589546,1.0,1.0,0.0,1.0,0.0,321,36.935665130615234,fresh_online_exploration,2,5,1.0,1.0,8.310139656066895,-0.0379566065967083,4.679935455322266
60000,14,1.001741886138916,1.001741886138916,1.0021212100982666,0.000379247241653502,1.0,1.0,0.0,1.0,0.0,317,36.694549560546875,fresh_online_exploration,2,5,1.0,1.0,8.273600578308105,0.0037673525512218475,4.819721698760986
60000,53,1.005393385887146,1.005393385887146,1.0055720806121826,0.00017861509695649147,1.0,1.0,0.0,1.0,0.0,311,36.691734313964844,fresh_online_exploration,3,5,1.0,1.0,8.369955062866211,0.0192720890045166,4.982435703277588
60000,88,1.002663493156433,1.002663493156433,1.003186821937561,0.0005233318079262972,1.0,1.0,0.0,0.0,0.0,314,36.721710205078125,fresh_online_exploration,2,5,1.0,1.0,8.317516326904297,0.003902040421962738,4.859423637390137
60096,47,1.0014292001724243,1.0014292001724243,1.001438856124878,9.720119123812765e-06,1.0,1.0,0.0,1.0,0.0,312,36.50404739379883,fresh_online_exploration,3,6,1.0,1.0,8.412553787231445,0.021080970764160156,4.947414398193359
60096,82,1.005599021911621,1.005599021911621,1.0142384767532349,0.008639420382678509,1.0,1.0,0.0,0.0,0.0,309,36.610198974609375,fresh_online_exploration,3,6,1.0,1.0,8.36957836151123,0.010055620223283768,5.094476222991943
60096,92,1.002458930015564,1.002458930015564,1.0025993585586548,0.00014043088594917208,1.0,1.0,0.0,1.0,0.0,316,36.59750747680664,fresh_online_exploration,2,6,1.0,1.0,8.434765815734863,0.021183408796787262,4.849255561828613
60192,22,1.003130555152893,1.003130555152893,1.0032830238342285,0.00015253020683303475,1.0,1.0,0.0,0.0,0.0,316,36.6783332824707,fresh_online_exploration,2,6,1.0,1.0,8.372404098510742,-0.0013088658452033997,4.861209869384766
60192,65,1.0048490762710571,1.0048490762710571,1.0077252388000488,0.0028761602006852627,1.0,1.0,0.0,0.0,0.0,315,36.80879592895508,fresh_online_exploration,2,6,1.0,1.0,8.2564697265625,0.005589913576841354,4.890444755554199
60192,79,1.0041927099227905,1.0041927099227905,1.0043880939483643,0.00019548501586541533,1.0,1.0,0.0,0.0,0.0,309,36.51652145385742,fresh_online_exploration,3,6,1.0,1.0,8.393913269042969,0.03422388806939125,5.055046558380127
60288,64,1.0010713338851929,1.0010713338851929,1.0012173652648926,0.00014595178072340786,1.0,1.0,0.0,1.0,0.0,321,36.73229217529297,fresh_online_exploration,2,6,1.0,1.0,8.382808685302734,-0.010717645287513733,4.640253067016602
60480,40,1.0015056133270264,1.0015056133270264,1.0016131401062012,0.00010754962568171322,1.0,1.0,0.0,1.0,0.0,319,36.70773696899414,fresh_online_exploration,2,6,1.0,1.0,8.36465072631836,-0.0015779808163642883,4.7203850746154785
60480,69,1.0013072490692139,1.0013072490692139,1.0014300346374512,0.00012269598664715886,1.0,1.0,0.0,1.0,0.0,316,36.73751449584961,fresh_online_exploration,3,6,1.0,1.0,8.33124828338623,0.023440659046173096,4.788698673248291
60672,19,1.0054563283920288,1.0054563283920288,1.0058293342590332,0.00037290251930244267,1.0,1.0,0.0,0.0,0.0,325,36.9734992980957,fresh_online_exploration,2,6,1.0,1.0,8.414716720581055,-0.028580501675605774,4.555300235748291
60768,95,1.0036412477493286,1.0036412477493286,1.0037736892700195,0.00013234667130745947,1.0,1.0,0.0,1.0,0.0,317,36.84328842163086,fresh_online_exploration,3,6,1.0,1.0,8.316105842590332,0.0011749081313610077,4.760049343109131
60864,74,1.0021871328353882,1.0021871328353882,1.0024051666259766,0.00021796872897539288,1.0,1.0,0.0,1.0,0.0,316,36.79067611694336,fresh_online_exploration,3,6,1.0,1.0,8.416953086853027,0.05324647203087807,4.829136371612549
61152,89,1.0001956224441528,1.0001956224441528,1.0003058910369873,0.0001102814421756193,1.0,1.0,0.0,1.0,0.0,317,36.73990249633789,fresh_online_exploration,3,6,1.0,1.0,8.366392135620117,0.050670769065618515,4.782801628112793
86304,91,1.0054113864898682,1.0054113864898682,1.0055584907531738,0.00014715020370204002,1.0,1.0,0.0,0.0,0.0,303,36.596946716308594,fresh_online_exploration,5,8,1.0,1.0,8.72144603729248,0.9083279967308044,5.25233268737793
86496,17,1.0007882118225098,1.0007882118225098,1.0008068084716797,1.8651173377293162e-05,1.0,1.0,0.0,0.0,0.0,300,36.35393142700195,fresh_online_exploration,5,8,1.0,1.0,8.649065971374512,0.9161964654922485,5.286598205566406
86880,26,1.0040701627731323,1.0040701627731323,1.0059053897857666,0.001835184171795845,1.0,1.0,0.0,0.0,0.0,305,36.52415466308594,fresh_online_exploration,5,8,1.0,1.0,8.735638618469238,0.9018944501876831,5.186054229736328
87168,31,1.0043950080871582,1.0043950080871582,1.0044299364089966,3.4911761758849025e-05,1.0,1.0,0.0,0.0,0.0,302,36.47549819946289,fresh_online_exploration,5,8,1.0,1.0,8.663707733154297,0.9132034778594971,5.260882377624512
87168,70,1.0008244514465332,1.0008244514465332,1.0012385845184326,0.0004141677054576576,1.0,1.0,0.0,0.0,0.0,305,36.49073028564453,fresh_online_exploration,5,8,1.0,1.0,8.615069389343262,0.9291558265686035,5.137121677398682
87264,41,1.0024170875549316,1.0024170875549316,1.0117080211639404,0.009290945716202259,1.0,1.0,0.0,0.0,0.0,307,36.532981872558594,fresh_online_exploration,5,8,1.0,1.0,8.693384170532227,0.9001300930976868,5.138183116912842
87264,44,1.0038323402404785,1.0038323402404785,1.0039105415344238,7.827558147255331e-05,1.0,1.0,0.0,0.0,0.0,300,36.52067565917969,fresh_online_exploration,5,8,1.0,1.0,8.728341102600098,0.9568918347358704,5.283178329467773
87360,73,1.0008808374404907,1.0008808374404907,1.001070261001587,0.00018938725406769663,1.0,1.0,0.0,0.0,0.0,300,36.35272216796875,fresh_online_exploration,5,8,1.0,1.0,8.680659294128418,0.9264798164367676,5.28862190246582
87360,81,1.005755066871643,1.005755066871643,1.012300729751587,0.00654567452147603,1.0,1.0,0.0,0.0,0.0,307,36.590843200683594,fresh_online_exploration,5,8,1.0,1.0,8.76817512512207,0.9198037385940552,5.141584396362305
87456,2,1.0033328533172607,1.0033328533172607,1.0044726133346558,0.001139720086939633,1.0,1.0,0.0,0.0,0.0,311,36.60161590576172,fresh_online_exploration,5,8,1.0,1.0,8.682830810546875,0.904678463935852,4.984712600708008
87648,93,1.0005652904510498,1.0005652904510498,1.005887746810913,0.0053224340081214905,1.0,1.0,0.0,0.0,0.0,304,36.45958709716797,fresh_online_exploration,5,8,1.0,1.0,8.747489929199219,0.9580262303352356,5.18218994140625
87744,3,1.0048729181289673,1.0048729181289673,1.0048940181732178,2.112477523041889e-05,1.0,1.0,0.0,0.0,0.0,306,36.613197326660156,fresh_online_exploration,5,8,1.0,1.0,8.735523223876953,0.9311074018478394,5.123415470123291
87744,11,1.001501202583313,1.001501202583313,1.001591682434082,9.054944530362263e-05,1.0,1.0,0.0,0.0,0.0,308,36.60417938232422,fresh_online_exploration,5,8,1.0,1.0,8.769702911376953,0.9314985871315002,5.10189962387085
87744,60,1.0030611753463745,1.0030611753463745,1.003151774406433,9.061735181603581e-05,1.0,1.0,0.0,0.0,0.0,303,36.530643463134766,fresh_online_exploration,5,8,1.0,1.0,8.6494140625,0.9227763414382935,5.17495059967041
87744,67,1.0055525302886963,1.0055525302886963,1.0144538879394531,0.008901558816432953,1.0,1.0,0.0,0.0,0.0,313,36.792022705078125,fresh_online_exploration,5,8,1.0,1.0,8.796551704406738,0.9177603125572205,4.961428165435791
88032,0,1.0046446323394775,1.0046446323394775,1.0051217079162598,0.0004770390805788338,1.0,1.0,0.0,0.0,0.0,303,36.458045959472656,fresh_online_exploration,5,8,1.0,1.0,8.808950424194336,0.954805850982666,5.244795799255371
88032,24,1.0058568716049194,1.0058568716049194,1.0058735609054565,1.6736208635848016e-05,1.0,1.0,0.0,0.0,0.0,303,36.49210739135742,fresh_online_exploration,5,8,1.0,1.0,8.6889066696167,0.9403877258300781,5.227736473083496
88032,35,1.0012829303741455,1.0012829303741455,1.0018377304077148,0.0005548701155930758,1.0,1.0,0.0,0.0,0.0,312,36.67615509033203,fresh_online_exploration,5,8,1.0,1.0,8.71631145477295,0.9410787224769592,4.93156099319458
88032,39,1.0027927160263062,1.0027927160263062,1.0030531883239746,0.0002603915345389396,1.0,1.0,0.0,1.0,0.0,310,36.63614273071289,fresh_online_exploration,5,8,1.0,1.0,8.707515716552734,0.9390382170677185,4.987153053283691
88032,46,1.0014132261276245,1.0014132261276245,1.0015392303466797,0.000125901322462596,1.0,1.0,0.0,0.0,0.0,308,36.557796478271484,fresh_online_exploration,5,8,1.0,1.0,8.77110767364502,0.9686533212661743,5.023651123046875
88032,68,1.005143642425537,1.005143642425537,1.0054019689559937,0.00025828316574916244,1.0,1.0,0.0,0.0,0.0,308,36.67333984375,fresh_online_exploration,5,8,1.0,1.0,8.674631118774414,0.9614169001579285,5.059721946716309
88128,32,1.000582218170166,1.000582218170166,1.001630187034607,0.0010479497723281384,1.0,1.0,0.0,0.0,0.0,309,36.59263229370117,fresh_online_exploration,5,8,1.0,1.0,8.800848960876465,0.9503021836280823,5.001820087432861
88128,78,1.0023066997528076,1.0023066997528076,1.008452296257019,0.006145528983324766,1.0,1.0,0.0,0.0,0.0,310,36.58275604248047,fresh_online_exploration,5,8,1.0,1.0,8.679811477661133,0.9318028092384338,5.052418231964111
88128,84,1.0020030736923218,1.0020030736923218,1.0020191669464111,1.615793735254556e-05,1.0,1.0,0.0,1.0,0.0,313,36.728919982910156,fresh_online_exploration,5,8,1.0,1.0,8.737863540649414,0.9388226270675659,4.898711681365967
88224,76,1.0029700994491577,1.0029700994491577,1.002981185913086,1.1137572982988786e-05,1.0,1.0,0.0,0.0,0.0,302,36.42839431762695,fresh_online_exploration,5,8,1.0,1.0,8.772696495056152,0.9687411785125732,5.268101215362549
88320,33,1.0023695230484009,1.0023695230484009,1.0024175643920898,4.8013498599175364e-05,1.0,1.0,0.0,1.0,0.0,314,36.72926330566406,fresh_online_exploration,5,8,1.0,1.0,8.655284881591797,0.923105001449585,4.921473979949951
88320,37,1.0042057037353516,1.0042057037353516,1.004395604133606,0.00018992160039488226,1.0,1.0,0.0,0.0,0.0,305,36.60920715332031,fresh_online_exploration,5,8,1.0,1.0,8.762988090515137,0.9436482787132263,5.154498100280762
88416,23,1.0003652572631836,1.0003652572631836,1.0006701946258545,0.00030490083736367524,1.0,1.0,0.0,0.0,0.0,314,36.725990295410156,fresh_online_exploration,5,8,1.0,1.0,8.722919464111328,0.9375916719436646,4.877056121826172
88512,8,1.004043459892273,1.004043459892273,1.0040605068206787,1.6991840311675332e-05,1.0,1.0,0.0,1.0,0.0,314,36.745689392089844,fresh_online_exploration,5,8,1.0,1.0,8.717888832092285,0.9311001896858215,4.862287521362305
88512,13,1.001869797706604,1.001869797706604,1.0019967555999756,0.00012697538477368653,1.0,1.0,0.0,1.0,0.0,313,36.60166931152344,fresh_online_exploration,5,8,1.0,1.0,8.735084533691406,0.9548068046569824,4.87102746963501
88512,83,1.0020084381103516,1.0020084381103516,1.0028058290481567,0.0007973865140229464,1.0,1.0,0.0,0.0,0.0,318,36.80796432495117,fresh_online_exploration,5,8,1.0,1.0,8.860480308532715,0.9157015085220337,4.727150917053223
88608,38,1.0040992498397827,1.0040992498397827,1.0042264461517334,0.00012722474639303982,1.0,1.0,0.0,1.0,0.0,319,36.795806884765625,fresh_online_exploration,5,8,1.0,1.0,8.743671417236328,0.903437614440918,4.72573709487915
88608,49,1.0001943111419678,1.0001943111419678,1.0055279731750488,0.005333762615919113,1.0,1.0,0.0,0.0,0.0,309,36.55836486816406,fresh_online_exploration,5,8,1.0,1.0,8.783849716186523,0.951924204826355,5.04062032699585
88608,50,1.000258207321167,1.000258207321167,1.0005055665969849,0.0002473814529366791,1.0,1.0,0.0,1.0,0.0,312,36.71443176269531,fresh_online_exploration,5,8,1.0,1.0,8.649164199829102,0.9172439575195312,4.942380905151367
88608,51,1.0023655891418457,1.0023655891418457,1.002443790435791,7.821810140740126e-05,1.0,1.0,0.0,1.0,0.0,309,36.6117057800293,fresh_online_exploration,5,8,1.0,1.0,8.682862281799316,0.9437199831008911,5.064599990844727
88608,62,1.0030609369277954,1.0030609369277954,1.0031895637512207,0.0001286362239625305,1.0,1.0,0.0,0.0,0.0,303,36.42347717285156,fresh_online_exploration,5,8,1.0,1.0,8.706547737121582,0.9735023975372314,5.215731143951416
88608,85,1.0001089572906494,1.0001089572906494,1.0001537799835205,4.49111066700425e-05,1.0,1.0,0.0,0.0,0.0,305,36.34039306640625,fresh_online_exploration,5,8,1.0,1.0,8.778648376464844,0.9658945202827454,5.119107246398926
88608,90,1.0023894309997559,1.0023894309997559,1.0026164054870605,0.00022697247914038599,1.0,1.0,0.0,1.0,0.0,315,36.6867561340332,fresh_online_exploration,5,8,1.0,1.0,8.681168556213379,0.9413642883300781,4.896216869354248
88704,1,1.0031747817993164,1.0031747817993164,1.0034618377685547,0.00028711927006952465,1.0,1.0,0.0,0.0,0.0,313,36.74166488647461,fresh_online_exploration,5,8,1.0,1.0,8.778853416442871,0.9367868900299072,4.927711009979248
88704,4,1.0046350955963135,1.0046350955963135,1.0163158178329468,0.011680778115987778,1.0,1.0,0.0,0.0,0.0,314,36.709571838378906,fresh_online_exploration,5,8,1.0,1.0,8.726455688476562,0.9263255596160889,4.98787784576416
88704,25,1.0048177242279053,1.0048177242279053,1.005530834197998,0.0007131427992135286,1.0,1.0,0.0,0.0,0.0,311,36.68082046508789,fresh_online_exploration,5,8,1.0,1.0,8.772515296936035,0.923957109451294,4.9362077713012695
88704,58,1.0042294263839722,1.0042294263839722,1.0042505264282227,2.1078316422062926e-05,1.0,1.0,0.0,0.0,0.0,310,36.60444641113281,fresh_online_exploration,5,8,1.0,1.0,8.767362594604492,0.9506118297576904,5.028476238250732
88704,61,1.0023759603500366,1.0023759603500366,1.0024652481079102,8.931136108003557e-05,1.0,1.0,0.0,1.0,0.0,309,36.551212310791016,fresh_online_exploration,5,8,1.0,1.0,8.684918403625488,0.9538825154304504,5.001911163330078
88704,72,1.0040993690490723,1.0040993690490723,1.0042181015014648,0.00011875660857185721,1.0,1.0,0.0,0.0,0.0,308,36.543426513671875,fresh_online_exploration,5,8,1.0,1.0,8.715375900268555,0.9419295191764832,5.067599296569824
88704,75,1.004108190536499,1.004108190536499,1.0044350624084473,0.00032688924693502486,1.0,1.0,0.0,0.0,0.0,311,36.633628845214844,fresh_online_exploration,5,8,1.0,1.0,8.673279762268066,0.936194658279419,4.986025810241699
88800,27,1.0049562454223633,1.0049562454223633,1.005215048789978,0.00025878509040921926,1.0,1.0,0.0,0.0,0.0,312,36.701534271240234,fresh_online_exploration,5,8,1.0,1.0,8.767894744873047,0.9354428052902222,4.947788238525391
88800,42,1.0007890462875366,1.0007890462875366,1.0014150142669678,0.0006260204827412963,1.0,1.0,0.0,0.0,0.0,309,36.55339431762695,fresh_online_exploration,5,8,1.0,1.0,8.793644905090332,0.9313899278640747,5.041316509246826
88800,48,1.0029149055480957,1.0029149055480957,1.0040855407714844,0.0011707162484526634,1.0,1.0,0.0,0.0,0.0,318,36.758262634277344,fresh_online_exploration,5,8,1.0,1.0,8.694832801818848,0.9267222881317139,4.770989418029785
88896,12,1.0018105506896973,1.0018105506896973,1.0025150775909424,0.0007045288803055882,1.0,1.0,0.0,0.0,0.0,317,36.824031829833984,fresh_online_exploration,5,8,1.0,1.0,8.756240844726562,0.9521368741989136,4.792328357696533
88992,59,1.0048590898513794,1.0048590898513794,1.0051608085632324,0.0003017163253389299,1.0,1.0,0.0,0.0,0.0,310,36.70253372192383,fresh_online_exploration,5,8,1.0,1.0,8.691568374633789,0.9795615673065186,5.029437065124512
88992,87,1.0043535232543945,1.0043535232543945,1.0043648481369019,1.1358722986187786e-05,1.0,1.0,0.0,0.0,0.0,313,36.60363006591797,fresh_online_exploration,5,8,1.0,1.0,8.703095436096191,0.950302243232727,4.925024032592773
89184,20,1.0028603076934814,1.0028603076934814,1.0029797554016113,0.000119398559036199,1.0,1.0,0.0,1.0,0.0,316,36.71990966796875,fresh_online_exploration,5,8,1.0,1.0,8.64435863494873,0.9269113540649414,4.8178558349609375
89184,77,1.002423882484436,1.002423882484436,1.002551794052124,0.0001278905983781442,1.0,1.0,0.0,1.0,0.0,311,36.72179412841797,fresh_online_exploration,5,8,1.0,1.0,8.838683128356934,0.9688399434089661,5.021251678466797
89280,10,1.0051710605621338,1.0051710605621338,1.0066741704940796,0.0015031159855425358,1.0,1.0,0.0,0.0,0.0,321,36.99094772338867,fresh_online_exploration,5,8,1.0,1.0,8.732076644897461,0.9417890906333923,4.706499099731445
89280,43,1.0019171237945557,1.0019171237945557,1.0019361972808838,1.8986695067724213e-05,1.0,1.0,0.0,1.0,0.0,314,36.69901657104492,fresh_online_exploration,5,8,1.0,1.0,8.733602523803711,0.9447929859161377,4.876765251159668
89376,36,1.0043058395385742,1.0043058395385742,1.0088049173355103,0.004498977214097977,1.0,1.0,0.0,0.0,0.0,318,36.830116271972656,fresh_online_exploration,5,8,1.0,1.0,8.81407356262207,0.9278547763824463,4.781176567077637
89472,16,1.0026179552078247,1.0026179552078247,1.011366367340088,0.008748465217649937,1.0,1.0,0.0,0.0,0.0,311,36.60023880004883,fresh_online_exploration,5,8,1.0,1.0,8.782340049743652,0.9471641778945923,5.012795448303223
89568,29,1.0004639625549316,1.0004639625549316,1.0005555152893066,9.15608907234855e-05,1.0,1.0,0.0,1.0,0.0,317,36.692840576171875,fresh_online_exploration,5,8,1.0,1.0,8.763395309448242,0.9421372413635254,4.785179138183594
89568,86,1.0023725032806396,1.0023725032806396,1.002402424812317,2.9907141652074642e-05,1.0,1.0,0.0,1.0,0.0,318,36.7462158203125,fresh_online_exploration,5,8,1.0,1.0,8.71526050567627,0.9468641877174377,4.779634475708008
89664,7,1.0009475946426392,1.0009475946426392,1.0009574890136719,9.884225619316567e-06,1.0,1.0,0.0,1.0,0.0,318,36.73150634765625,fresh_online_exploration,5,8,1.0,1.0,8.715315818786621,0.9452788233757019,4.750665187835693
89664,45,1.0034008026123047,1.0034008026123047,1.0038577318191528,0.00045691762352362275,1.0,1.0,0.0,1.0,0.0,327,36.96611404418945,fresh_online_exploration,5,8,1.0,1.0,8.722485542297363,0.9302220940589905,4.479573726654053
89664,54,1.0023695230484009,1.0023695230484009,1.0027761459350586,0.00040660519152879715,1.0,1.0,0.0,0.0,0.0,315,36.71132278442383,fresh_online_exploration,5,8,1.0,1.0,8.623183250427246,0.9832227230072021,4.820623874664307
89664,56,1.0042424201965332,1.0042424201965332,1.0045188665390015,0.0002764320815913379,1.0,1.0,0.0,1.0,0.0,314,36.68593978881836,fresh_online_exploration,5,8,1.0,1.0,8.800469398498535,0.9450791478157043,4.913217544555664
89664,80,1.0042269229888916,1.0042269229888916,1.0046651363372803,0.00043825124157592654,1.0,1.0,0.0,1.0,0.0,320,36.87542724609375,fresh_online_exploration,5,8,1.0,1.0,8.78732967376709,0.9478503465652466,4.691366195678711
89664,82,1.000145435333252,1.000145435333252,1.0061914920806885,0.00604604184627533,1.0,1.0,0.0,0.0,0.0,308,36.556488037109375,fresh_online_exploration,6,8,1.0,1.0,8.767279624938965,0.9943878650665283,5.082075119018555
89760,14,1.0054819583892822,1.0054819583892822,1.0055960416793823,0.00011413214087951928,1.0,1.0,0.0,1.0,0.0,310,36.58085250854492,fresh_online_exploration,5,8,1.0,1.0,8.70820140838623,1.008428692817688,4.965154647827148
89760,18,1.0002617835998535,1.0002617835998535,1.000302791595459,4.107996937818825e-05,1.0,1.0,0.0,1.0,0.0,311,36.657859802246094,fresh_online_exploration,5,8,1.0,1.0,8.746291160583496,0.9787086248397827,5.013944625854492
89760,34,1.0037381649017334,1.0037381649017334,1.0037665367126465,2.8357584596960805e-05,1.0,1.0,0.0,1.0,0.0,313,36.782073974609375,fresh_online_exploration,5,8,1.0,1.0,8.714354515075684,0.9985758662223816,4.889796733856201
89856,6,1.0025174617767334,1.0025174617767334,1.0025272369384766,9.718933142721653e-06,1.0,1.0,0.0,1.0,0.0,319,36.8719367980957,fresh_online_exploration,5,8,1.0,1.0,8.68303394317627,0.9937819242477417,4.74466609954834
89856,52,1.001497507095337,1.001497507095337,1.0073398351669312,0.005842410493642092,1.0,1.0,0.0,0.0,0.0,317,36.795753479003906,fresh_online_exploration,5,8,1.0,1.0,8.795714378356934,0.9850902557373047,4.840008735656738
89856,55,1.0047557353973389,1.0047557353973389,1.0049619674682617,0.00020617952395696193,1.0,1.0,0.0,1.0,0.0,322,36.93183517456055,fresh_online_exploration,5,8,1.0,1.0,8.740615844726562,0.9563874006271362,4.707855701446533
89952,69,1.0058534145355225,1.0058534145355225,1.0058966875076294,4.3267817090963945e-05,1.0,1.0,0.0,0.0,0.0,307,36.52488327026367,fresh_online_exploration,6,8,1.0,1.0,8.73636531829834,0.9849758744239807,5.0879130363464355
89952,71,1.0024794340133667,1.0024794340133667,1.0024961233139038,1.671201243880205e-05,1.0,1.0,0.0,0.0,0.0,315,36.80376052856445,fresh_online_exploration,5,8,1.0,1.0,8.712432861328125,1.005060076713562,4.849404811859131
90048,15,1.0019402503967285,1.0019402503967285,1.0068737268447876,0.004933495540171862,1.0,1.0,0.0,0.0,0.0,314,36.707679748535156,fresh_online_exploration,5,8,1.0,1.0,8.792923927307129,0.9814714193344116,4.9105000495910645
90048,47,1.0049914121627808,1.0049914121627808,1.0052173137664795,0.00022591862943954766,1.0,1.0,0.0,0.0,0.0,312,36.706581115722656,fresh_online_exploration,6,8,1.0,1.0,8.805440902709961,0.9807623624801636,4.977958679199219
90144,30,1.0025945901870728,1.0025945901870728,1.0063271522521973,0.0037325320299714804,1.0,1.0,0.0,0.0,0.0,319,36.84087371826172,fresh_online_exploration,5,9,1.0,1.0,8.734354019165039,0.9541168212890625,4.761956691741943
90144,66,1.000241994857788,1.000241994857788,1.0003371238708496,9.508078073849902e-05,1.0,1.0,0.0,1.0,0.0,320,36.6397705078125,fresh_online_exploration,5,9,1.0,1.0,8.76203727722168,0.956179141998291,4.640505790710449
90240,28,1.0047531127929688,1.0047531127929688,1.0049638748168945,0.00021084131731186062,1.0,1.0,0.0,1.0,0.0,316,36.7730827331543,fresh_online_exploration,5,9,1.0,1.0,8.706817626953125,0.9667838215827942,4.8415327072143555
90336,63,1.005306601524353,1.005306601524353,1.005476713180542,0.00017009068687912077,1.0,1.0,0.0,1.0,0.0,326,37.04478073120117,fresh_online_exploration,5,9,1.0,1.0,8.692031860351562,0.9463770389556885,4.533773422241211
90528,21,1.0018116235733032,1.0018116235733032,1.0020592212677002,0.0002475859655532986,1.0,1.0,0.0,1.0,0.0,319,36.800270080566406,fresh_online_exploration,5,9,1.0,1.0,8.738241195678711,0.9765470027923584,4.704268932342529
90624,92,1.0032505989074707,1.0032505989074707,1.0038341283798218,0.00058353366330266,1.0,1.0,0.0,1.0,0.0,318,36.846107482910156,fresh_online_exploration,6,9,1.0,1.0,8.728460311889648,0.9796400666236877,4.806730270385742
90720,40,1.0029771327972412,1.0029771327972412,1.0030202865600586,4.312411692808382e-05,1.0,1.0,0.0,1.0,0.0,315,36.686973571777344,fresh_online_exploration,6,9,1.0,1.0,8.878050804138184,0.9798256158828735,4.821369647979736
90912,53,1.0056633949279785,1.0056633949279785,1.0061454772949219,0.0004821964248549193,1.0,1.0,0.0,1.0,0.0,322,36.89595031738281,fresh_online_exploration,5,9,1.0,1.0,8.661055564880371,0.9946244955062866,4.70353364944458
91008,5,1.00071120262146,1.00071120262146,1.0011186599731445,0.00040742073906585574,1.0,1.0,0.0,1.0,0.0,326,36.862525939941406,fresh_online_exploration,5,9,1.0,1.0,8.727154731750488,0.9868084788322449,4.493780612945557
91008,9,1.0006266832351685,1.0006266832351685,1.0007851123809814,0.00015850721683818847,1.0,1.0,0.0,1.0,0.0,327,36.98226547241211,fresh_online_exploration,5,9,1.0,1.0,8.756575584411621,0.9704148173332214,4.53011417388916
91008,64,1.0034698247909546,1.0034698247909546,1.0039366483688354,0.00046683946857228875,1.0,1.0,0.0,1.0,0.0,320,36.92353057861328,fresh_online_exploration,6,9,1.0,1.0,8.772721290588379,0.9855509400367737,4.723028182983398
91008,74,1.0019967555999756,1.0019967555999756,1.0021088123321533,0.00011209569493075833,1.0,1.0,0.0,0.0,0.0,314,36.661075592041016,fresh_online_exploration,6,9,1.0,1.0,8.68608283996582,1.003766417503357,4.91673469543457
91008,88,1.0052284002304077,1.0052284002304077,1.0054030418395996,0.00017461090465076268,1.0,1.0,0.0,1.0,0.0,323,36.948081970214844,fresh_online_exploration,5,9,1.0,1.0,8.721763610839844,0.9893923401832581,4.645313262939453
91296,22,1.001495361328125,1.001495361328125,1.0017629861831665,0.0002675941796042025,1.0,1.0,0.0,1.0,0.0,324,36.900760650634766,fresh_online_exploration,6,9,1.0,1.0,8.696006774902344,0.9764606356620789,4.606359004974365
91296,79,1.0029391050338745,1.0029391050338745,1.0045759677886963,0.0016369466902688146,1.0,1.0,0.0,1.0,0.0,324,36.823394775390625,fresh_online_exploration,6,9,1.0,1.0,8.8172025680542,1.002992033958435,4.580832481384277
91296,95,1.004305124282837,1.004305124282837,1.0048307180404663,0.0005255904397927225,1.0,1.0,0.0,1.0,0.0,318,36.800376892089844,fresh_online_exploration,6,9,1.0,1.0,8.729629516601562,0.9861682653427124,4.758649826049805
91392,57,1.0050586462020874,1.0050586462020874,1.0055891275405884,0.0005304408259689808,1.0,1.0,0.0,1.0,0.0,331,37.14895248413086,fresh_online_exploration,5,9,1.0,1.0,8.751444816589355,0.975397527217865,4.441305160522461
91392,65,1.0040475130081177,1.0040475130081177,1.0065944194793701,0.0025467921514064074,1.0,1.0,0.0,1.0,0.0,325,37.00017547607422,fresh_online_exploration,6,9,1.0,1.0,8.611529350280762,0.9994117617607117,4.61543083190918
91392,89,1.000531554222107,1.000531554222107,1.000710368156433,0.0001787738292478025,1.0,1.0,0.0,1.0,0.0,315,36.759422302246094,fresh_online_exploration,6,9,1.0,1.0,8.71350383758545,1.0170940160751343,4.8615312576293945
91488,94,1.0002983808517456,1.0002983808517456,1.0003767013549805,7.826026558177546e-05,1.0,1.0,0.0,1.0,0.0,331,37.020545959472656,fresh_online_exploration,5,9,1.0,1.0,8.721918106079102,1.0081130266189575,4.384968280792236
91776,19,1.0029841661453247,1.0029841661453247,1.003251314163208,0.000267170398728922,1.0,1.0,0.0,0.0,0.0,324,36.982730865478516,fresh_online_exploration,6,9,1.0,1.0,8.705989837646484,1.0198862552642822,4.633762836456299
115392,91,1.0049229860305786,1.0049229860305786,1.0051209926605225,0.0001979858207050711,1.0,1.0,0.0,0.0,0.0,303,36.498931884765625,fresh_online_exploration,8,11,1.0,1.0,9.084784507751465,1.5801622867584229,5.181537628173828
115680,17,1.0017050504684448,1.0017050504684448,1.001721978187561,1.694541788310744e-05,1.0,1.0,0.0,0.0,0.0,304,36.53974914550781,fresh_online_exploration,8,11,1.0,1.0,8.923164367675781,1.5640184879302979,5.1967034339904785
116064,41,1.0008612871170044,1.0008612871170044,1.0089061260223389,0.008044907823204994,1.0,1.0,0.0,0.0,0.0,300,36.386695861816406,fresh_online_exploration,8,11,1.0,1.0,8.98518180847168,1.570033073425293,5.336145877838135
116352,26,1.0012775659561157,1.0012775659561157,1.001439094543457,0.0001615704532014206,1.0,1.0,0.0,0.0,0.0,307,36.43170928955078,fresh_online_exploration,8,11,1.0,1.0,9.085643768310547,1.5820733308792114,5.063720226287842
116544,31,1.005747675895691,1.005747675895691,1.0058581829071045,0.00011056142102461308,1.0,1.0,0.0,0.0,0.0,306,36.49361038208008,fresh_online_exploration,8,11,1.0,1.0,9.007767677307129,1.5733386278152466,5.1120805740356445
116544,70,1.0040847063064575,1.0040847063064575,1.0137739181518555,0.009689214639365673,1.0,1.0,0.0,0.0,0.0,306,36.57276153564453,fresh_online_exploration,8,11,1.0,1.0,9.03577709197998,1.5861984491348267,5.16868782043457
116736,2,1.0007058382034302,1.0007058382034302,1.001051425933838,0.00034561724169179797,1.0,1.0,0.0,1.0,0.0,305,36.406646728515625,fresh_online_exploration,8,11,1.0,1.0,8.990635871887207,1.5995687246322632,5.119447708129883
116928,81,1.0031126737594604,1.0031126737594604,1.0099616050720215,0.006849109195172787,1.0,1.0,0.0,0.0,0.0,308,36.566551208496094,fresh_online_exploration,8,11,1.0,1.0,8.980956077575684,1.612840175628662,5.1435089111328125
117024,24,1.0048757791519165,1.0048757791519165,1.0049188137054443,4.313622775953263e-05,1.0,1.0,0.0,0.0,0.0,302,36.56415557861328,fresh_online_exploration,8,11,1.0,1.0,9.008543014526367,1.595381736755371,5.2329912185668945
117312,3,1.0055497884750366,1.0055497884750366,1.0058081150054932,0.00025830749655142426,1.0,1.0,0.0,0.0,0.0,308,36.64931869506836,fresh_online_exploration,8,11,1.0,1.0,9.108820915222168,1.593465805053711,5.056509971618652
117312,46,1.0024436712265015,1.0024436712265015,1.0026825666427612,0.0002388974535278976,1.0,1.0,0.0,0.0,0.0,305,36.40903091430664,fresh_online_exploration,8,11,1.0,1.0,9.028035163879395,1.6031602621078491,5.173796653747559
117504,0,1.0043185949325562,1.0043185949325562,1.0043350458145142,1.6423724446212873e-05,1.0,1.0,0.0,0.0,0.0,307,36.662864685058594,fresh_online_exploration,8,11,1.0,1.0,9.008551597595215,1.5951722860336304,5.086800575256348
117504,39,1.0013859272003174,1.0013859272003174,1.001615285873413,0.00022943485237192363,1.0,1.0,0.0,0.0,0.0,307,36.517520904541016,fresh_online_exploration,8,11,1.0,1.0,9.037542343139648,1.6138156652450562,5.106315612792969
117504,73,1.0011898279190063,1.0011898279190063,1.0013256072998047,0.00013576692435890436,1.0,1.0,0.0,1.0,0.0,314,36.69106674194336,fresh_online_exploration,8,11,1.0,1.0,8.98415756225586,1.6000044345855713,4.865915298461914
117696,35,1.0008878707885742,1.0008878707885742,1.0128438472747803,0.011956010945141315,1.0,1.0,0.0,0.0,0.0,309,36.621543884277344,fresh_online_exploration,8,11,1.0,1.0,8.960761070251465,1.5800279378890991,5.08746337890625
117792,93,1.0019872188568115,1.0019872188568115,1.002109408378601,0.00012219187919981778,1.0,1.0,0.0,1.0,0.0,314,36.64764404296875,fresh_online_exploration,8,11,1.0,1.0,9.066328048706055,1.5727026462554932,4.902709007263184
117888,11,1.0005351305007935,1.0005351305007935,1.0010404586791992,0.0005054044304415584,1.0,1.0,0.0,0.0,0.0,314,36.71893310546875,fresh_online_exploration,8,11,1.0,1.0,9.055782318115234,1.5807380676269531,4.84920597076416
117888,44,1.001662254333496,1.001662254333496,1.0022869110107422,0.0006246019038371742,1.0,1.0,0.0,1.0,0.0,319,36.847801208496094,fresh_online_exploration,8,11,1.0,1.0,9.010845184326172,1.5641062259674072,4.726637840270996
117888,60,1.0000441074371338,1.0000441074371338,1.0004509687423706,0.00040686698048375547,1.0,1.0,0.0,0.0,0.0,314,36.596004486083984,fresh_online_exploration,8,11,1.0,1.0,9.0714750289917,1.5859811305999756,4.843644142150879
117984,4,1.0042107105255127,1.0042107105255127,1.0131468772888184,0.008936160244047642,1.0,1.0,0.0,0.0,0.0,305,36.554752349853516,fresh_online_exploration,8,11,1.0,1.0,9.123172760009766,1.630405068397522,5.247013568878174
117984,33,1.0019733905792236,1.0019733905792236,1.0020463466644287,7.291881047422066e-05,1.0,1.0,0.0,1.0,0.0,309,36.637115478515625,fresh_online_exploration,8,11,1.0,1.0,8.967475891113281,1.602182388305664,5.010242462158203
118080,32,1.0000858306884766,1.0000858306884766,1.0001026391983032,1.6784655599622056e-05,1.0,1.0,0.0,1.0,0.0,312,36.6163215637207,fresh_online_exploration,8,11,1.0,1.0,8.985685348510742,1.5899947881698608,4.9307050704956055
118080,37,1.0052928924560547,1.0052928924560547,1.0053099393844604,1.7087109881686047e-05,1.0,1.0,0.0,1.0,0.0,310,36.80876159667969,fresh_online_exploration,8,11,1.0,1.0,9.031532287597656,1.6150320768356323,4.988895416259766
118080,68,1.0007332563400269,1.0007332563400269,1.001242756843567,0.0005095489323139191,1.0,1.0,0.0,0.0,0.0,313,36.55022430419922,fresh_online_exploration,8,11,1.0,1.0,9.038089752197266,1.595545768737793,4.93515157699585
118176,25,1.004315733909607,1.004315733909607,1.004473090171814,0.00015739351511001587,1.0,1.0,0.0,1.0,0.0,307,36.61451721191406,fresh_online_exploration,8,11,1.0,1.0,9.025568008422852,1.623715877532959,5.113236427307129
118176,84,1.0007480382919312,1.0007480382919312,1.00092351436615,0.00017548860341776162,1.0,1.0,0.0,0.0,0.0,313,36.537811279296875,fresh_online_exploration,8,11,1.0,1.0,9.003878593444824,1.5987540483474731,4.871252536773682
118176,87,1.0022403001785278,1.0022403001785278,1.002516746520996,0.0002764240780379623,1.0,1.0,0.0,0.0,0.0,304,36.41684341430664,fresh_online_exploration,8,11,1.0,1.0,9.014971733093262,1.6345655918121338,5.184342384338379
118368,27,1.004047155380249,1.004047155380249,1.0042140483856201,0.00016690602933522314,1.0,1.0,0.0,1.0,0.0,308,36.56385803222656,fresh_online_exploration,8,11,1.0,1.0,9.068662643432617,1.6304817199707031,5.067551136016846
118368,78,1.0021334886550903,1.0021334886550903,1.010650396347046,0.008516956120729446,1.0,1.0,0.0,0.0,0.0,315,36.68826675415039,fresh_online_exploration,8,11,1.0,1.0,9.131606101989746,1.5987576246261597,4.868953227996826
118368,90,1.0019720792770386,1.0019720792770386,1.0021706819534302,0.00019864662317559123,1.0,1.0,0.0,0.0,0.0,310,36.53741455078125,fresh_online_exploration,8,11,1.0,1.0,9.062883377075195,1.6107547283172607,4.976518630981445
118464,54,1.0005614757537842,1.0005614757537842,1.0006850957870483,0.0001235883974004537,1.0,1.0,0.0,0.0,0.0,300,36.36183547973633,fresh_online_exploration,8,11,1.0,1.0,9.107176780700684,1.6423077583312988,5.250406265258789
118464,59,1.0009490251541138,1.0009490251541138,1.001830816268921,0.0008818088099360466,1.0,1.0,0.0,0.0,0.0,307,36.4901123046875,fresh_online_exploration,8,11,1.0,1.0,9.083395004272461,1.6239303350448608,5.076476573944092
118464,61,1.0039416551589966,1.0039416551589966,1.0039891004562378,4.7439381887670606e-05,1.0,1.0,0.0,0.0,0.0,310,36.687068939208984,fresh_online_exploration,8,11,1.0,1.0,8.939679145812988,1.6340010166168213,5.030074119567871
118464,67,1.0037378072738647,1.0037378072738647,1.0115039348602295,0.007765968795865774,1.0,1.0,0.0,0.0,0.0,320,36.88905715942383,fresh_online_exploration,8,11,1.0,1.0,9.08191204071045,1.5788873434066772,4.773225784301758
118464,77,1.0049587488174438,1.0049587488174438,1.0053298473358154,0.00037109581171534956,1.0,1.0,0.0,0.0,0.0,305,36.56003952026367,fresh_online_exploration,8,11,1.0,1.0,9.099836349487305,1.5989086627960205,5.210756778717041
118464,85,1.0016086101531982,1.0016086101531982,1.0018465518951416,0.00023796256573405117,1.0,1.0,0.0,1.0,0.0,311,36.606178283691406,fresh_online_exploration,8,11,1.0,1.0,8.962663650512695,1.6179585456848145,4.971568584442139
118560,38,1.001420497894287,1.001420497894287,1.0014691352844238,4.8625352064846084e-05,1.0,1.0,0.0,1.0,0.0,312,36.63282775878906,fresh_online_exploration,8,11,1.0,1.0,9.08685302734375,1.6131880283355713,4.9672746658325195
118656,36,1.001011610031128,1.001011610031128,1.0054274797439575,0.004415864124894142,1.0,1.0,0.0,0.0,0.0,305,36.5399169921875,fresh_online_exploration,8,11,1.0,1.0,9.048660278320312,1.6159809827804565,5.195026874542236
118656,42,1.0026744604110718,1.0026744604110718,1.0027813911437988,0.00010683231084840372,1.0,1.0,0.0,1.0,0.0,311,36.707801818847656,fresh_online_exploration,8,11,1.0,1.0,9.102005004882812,1.6272321939468384,4.9252543449401855
118656,62,1.0047215223312378,1.0047215223312378,1.0048213005065918,9.980041068047285e-05,1.0,1.0,0.0,1.0,0.0,313,36.85506820678711,fresh_online_exploration,8,11,1.0,1.0,8.930636405944824,1.628071904182434,4.928369045257568
118752,8,1.0004628896713257,1.0004628896713257,1.0006064176559448,0.00014349987031891942,1.0,1.0,0.0,1.0,0.0,315,36.60935974121094,fresh_online_exploration,8,11,1.0,1.0,9.053407669067383,1.5638136863708496,4.800721168518066
118848,12,1.000962495803833,1.000962495803833,1.0011098384857178,0.00014741881750524044,1.0,1.0,0.0,1.0,0.0,312,36.54573059082031,fresh_online_exploration,8,11,1.0,1.0,9.131379127502441,1.623012661933899,4.940674781799316
118848,23,1.0007866621017456,1.0007866621017456,1.0009129047393799,0.00012618265463970602,1.0,1.0,0.0,1.0,0.0,317,36.78197479248047,fresh_online_exploration,8,11,1.0,1.0,8.952704429626465,1.6046909093856812,4.816249370574951
118944,16,1.0015724897384644,1.0015724897384644,1.001951813697815,0.00037935381988063455,1.0,1.0,0.0,0.0,0.0,307,36.61767578125,fresh_online_exploration,8,11,1.0,1.0,9.03817081451416,1.624229907989502,5.136382579803467
118944,48,1.0053859949111938,1.0053859949111938,1.0055992603302002,0.00021317313075996935,1.0,1.0,0.0,0.0,0.0,314,36.67591857910156,fresh_online_exploration,8,11,1.0,1.0,9.045424461364746,1.6299785375595093,4.898437023162842
118944,49,1.005759358406067,1.005759358406067,1.0057690143585205,9.689711077953689e-06,1.0,1.0,0.0,1.0,0.0,316,36.71906280517578,fresh_online_exploration,8,11,1.0,1.0,9.099098205566406,1.6341962814331055,4.839693546295166
118944,58,1.005264401435852,1.005264401435852,1.0069918632507324,0.0017275135032832623,1.0,1.0,0.0,0.0,0.0,315,36.798763275146484,fresh_online_exploration,8,11,1.0,1.0,9.079154968261719,1.6134618520736694,4.870778560638428
118944,72,1.0032402276992798,1.0032402276992798,1.0033626556396484,0.0001224467996507883,1.0,1.0,0.0,0.0,0.0,315,36.76039123535156,fresh_online_exploration,8,11,1.0,1.0,9.0194673538208,1.5955981016159058,4.870903968811035
119136,50,1.001704454421997,1.001704454421997,1.0017292499542236,2.4759357984294184e-05,1.0,1.0,0.0,1.0,0.0,318,36.80247497558594,fresh_online_exploration,8,11,1.0,1.0,9.043235778808594,1.6359403133392334,4.779653549194336
119136,66,1.0010157823562622,1.0010157823562622,1.0010321140289307,1.628065001568757e-05,1.0,1.0,0.0,0.0,0.0,302,36.44456100463867,fresh_online_exploration,9,11,1.0,1.0,8.987943649291992,1.638545274734497,5.267209053039551
119136,76,1.0017433166503906,1.0017433166503906,1.0017645359039307,2.126905383192934e-05,1.0,1.0,0.0,1.0,0.0,322,36.882904052734375,fresh_online_exploration,8,11,1.0,1.0,9.045181274414062,1.6048202514648438,4.637923240661621
119232,43,1.0053359270095825,1.0053359270095825,1.0057945251464844,0.00045859647798351943,1.0,1.0,0.0,0.0,0.0,312,36.771141052246094,fresh_online_exploration,8,11,1.0,1.0,9.10727310180664,1.613211989402771,4.976673126220703
119232,51,1.0033259391784668,1.0033259391784668,1.0036242008209229,0.00029824578086845577,1.0,1.0,0.0,1.0,0.0,319,36.81046676635742,fresh_online_exploration,8,11,1.0,1.0,9.096578598022461,1.6114784479141235,4.750194549560547
119328,10,1.0014971494674683,1.0014971494674683,1.0015313625335693,3.424971873755567e-05,1.0,1.0,0.0,1.0,0.0,313,36.70790481567383,fresh_online_exploration,8,11,1.0,1.0,9.055815696716309,1.6210474967956543,4.934897422790527
119328,30,1.002217173576355,1.002217173576355,1.0022281408309937,1.0966520676447544e-05,1.0,1.0,0.0,0.0,0.0,304,36.37985610961914,fresh_online_exploration,9,11,1.0,1.0,9.06584644317627,1.6481331586837769,5.178621768951416
119328,83,1.0008760690689087,1.0008760690689087,1.0013025999069214,0.00042655086144804955,1.0,1.0,0.0,1.0,0.0,321,36.90331268310547,fresh_online_exploration,8,11,1.0,1.0,9.069130897521973,1.5627354383468628,4.684213161468506
119424,18,1.0048061609268188,1.0048061609268188,1.004857063293457,5.096620225231163e-05,1.0,1.0,0.0,0.0,0.0,309,36.57321548461914,fresh_online_exploration,8,11,1.0,1.0,9.095569610595703,1.6268811225891113,5.060440540313721
119520,13,1.0033870935440063,1.0033870935440063,1.003403902053833,1.6829604646773078e-05,1.0,1.0,0.0,1.0,0.0,323,36.97893524169922,fresh_online_exploration,8,11,1.0,1.0,9.007451057434082,1.554229497909546,4.642399787902832
119520,75,1.0026854276657104,1.0026854276657104,1.0030442476272583,0.00035876798210665584,1.0,1.0,0.0,1.0,0.0,321,36.859886169433594,fresh_online_exploration,8,11,1.0,1.0,9.069804191589355,1.63036048412323,4.705013275146484
119616,86,1.0039589405059814,1.0039589405059814,1.0040407180786133,8.176358824130148e-05,1.0,1.0,0.0,1.0,0.0,313,36.70905685424805,fresh_online_exploration,8,11,1.0,1.0,8.985743522644043,1.6089295148849487,4.927035808563232
119712,7,1.0017796754837036,1.0017796754837036,1.0018715858459473,9.19969825190492e-05,1.0,1.0,0.0,1.0,0.0,313,36.72603225708008,fresh_online_exploration,8,11,1.0,1.0,9.000588417053223,1.6321262121200562,4.9191365242004395
119808,20,1.0023159980773926,1.0023159980773926,1.0024166107177734,0.00010068775009131059,1.0,1.0,0.0,1.0,0.0,319,36.86336135864258,fresh_online_exploration,8,11,1.0,1.0,9.06115436553955,1.6052943468093872,4.768786907196045
119808,56,1.00447678565979,1.00447678565979,1.0047240257263184,0.0002471724001225084,1.0,1.0,0.0,1.0,0.0,314,36.75220489501953,fresh_online_exploration,8,11,1.0,1.0,9.16230583190918,1.6363747119903564,4.897404670715332
119904,14,1.0040804147720337,1.0040804147720337,1.0043320655822754,0.00025154947070404887,1.0,1.0,0.0,0.0,0.0,314,36.74303436279297,fresh_online_exploration,8,11,1.0,1.0,8.96446418762207,1.6209917068481445,4.876576900482178
119904,34,1.000254511833191,1.000254511833191,1.0004316568374634,0.00017711057444103062,1.0,1.0,0.0,1.0,0.0,314,36.65523147583008,fresh_online_exploration,8,11,1.0,1.0,9.069676399230957,1.618938684463501,4.848639965057373
119904,80,1.004328966140747,1.004328966140747,1.0043456554412842,1.670702113187872e-05,1.0,1.0,0.0,1.0,0.0,315,36.766021728515625,fresh_online_exploration,8,11,1.0,1.0,9.08736515045166,1.6405506134033203,4.874394416809082
120000,82,1.0047812461853027,1.0047812461853027,1.0117989778518677,0.007017878815531731,1.0,1.0,0.0,0.0,0.0,316,36.78921127319336,fresh_online_exploration,8,11,1.0,1.0,9.124091148376465,1.6365426778793335,4.866936683654785
120096,28,1.000438928604126,1.000438928604126,1.0005109310150146,7.203153654700145e-05,1.0,1.0,0.0,1.0,0.0,311,36.60333251953125,fresh_online_exploration,9,12,1.0,1.0,9.061164855957031,1.6451127529144287,4.980146884918213
120096,29,1.0006333589553833,1.0006333589553833,1.0006662607192993,3.29081631207373e-05,1.0,1.0,0.0,1.0,0.0,318,36.82887268066406,fresh_online_exploration,8,12,1.0,1.0,9.043588638305664,1.6178779602050781,4.767058372497559
120096,45,1.005247950553894,1.005247950553894,1.0053305625915527,8.262384653789923e-05,1.0,1.0,0.0,1.0,0.0,317,36.75616455078125,fresh_online_exploration,8,12,1.0,1.0,9.081302642822266,1.627785563468933,4.803694725036621
120192,55,1.0002974271774292,1.0002974271774292,1.0004736185073853,0.0001762147294357419,1.0,1.0,0.0,1.0,0.0,316,36.759212493896484,fresh_online_exploration,8,12,1.0,1.0,9.136709213256836,1.6258453130722046,4.867656707763672
120288,1,1.0006598234176636,1.0006598234176636,1.00089693069458,0.0002370279107708484,1.0,1.0,0.0,1.0,0.0,329,37.06156921386719,fresh_online_exploration,8,12,1.0,1.0,8.912381172180176,1.629710078239441,4.498534202575684
120288,69,1.002623200416565,1.002623200416565,1.0027841329574585,0.00016091734869405627,1.0,1.0,0.0,1.0,0.0,316,36.81398391723633,fresh_online_exploration,8,12,1.0,1.0,8.980728149414062,1.6284067630767822,4.842838287353516
120384,15,1.0025217533111572,1.0025217533111572,1.0026718378067017,0.00015010715287644416,1.0,1.0,0.0,0.0,0.0,316,36.63508987426758,fresh_online_exploration,8,12,1.0,1.0,8.984221458435059,1.6509418487548828,4.810056209564209
120384,52,1.0030702352523804,1.0030702352523804,1.0033456087112427,0.00027538169524632394,1.0,1.0,0.0,1.0,0.0,318,36.78184509277344,fresh_online_exploration,8,12,1.0,1.0,8.993292808532715,1.6202895641326904,4.801538944244385
120672,21,1.0001566410064697,1.0001566410064697,1.0002422332763672,8.55409525684081e-05,1.0,1.0,0.0,1.0,0.0,314,36.643333435058594,fresh_online_exploration,9,12,1.0,1.0,8.99647331237793,1.652549147605896,4.883282661437988
120864,63,1.0000580549240112,1.0000580549240112,1.0003275871276855,0.0002694716677069664,1.0,1.0,0.0,1.0,0.0,318,36.6809196472168,fresh_online_exploration,9,12,1.0,1.0,9.055745124816895,1.5995689630508423,4.758159160614014
120960,40,1.0034571886062622,1.0034571886062622,1.0038152933120728,0.00035810063127428293,1.0,1.0,0.0,1.0,0.0,315,36.69939041137695,fresh_online_exploration,9,12,1.0,1.0,9.098319053649902,1.642527461051941,4.868135452270508
120960,53,1.005210280418396,1.005210280418396,1.0054931640625,0.0002829786390066147,1.0,1.0,0.0,1.0,0.0,313,36.753910064697266,fresh_online_exploration,9,12,1.0,1.0,8.94198226928711,1.676984429359436,4.990466117858887
121056,64,1.0003094673156738,1.0003094673156738,1.0004661083221436,0.00015660602366551757,1.0,1.0,0.0,1.0,0.0,313,36.637813568115234,fresh_online_exploration,9,12,1.0,1.0,9.188590049743652,1.6442550420761108,4.904164791107178
121056,71,1.000359296798706,1.000359296798706,1.0008666515350342,0.0005074204527772963,1.0,1.0,0.0,1.0,0.0,324,36.86760330200195,fresh_online_exploration,8,12,1.0,1.0,8.939605712890625,1.6223899126052856,4.557270526885986
121152,95,1.0032901763916016,1.0032901763916016,1.0038411617279053,0.0005509291077032685,1.0,1.0,0.0,0.0,0.0,311,36.58038330078125,fresh_online_exploration,9,12,1.0,1.0,9.128288269042969,1.6722763776779175,4.9972639083862305
121344,5,1.0025842189788818,1.0025842189788818,1.0026006698608398,1.64409229910234e-05,1.0,1.0,0.0,1.0,0.0,316,36.72625732421875,fresh_online_exploration,9,12,1.0,1.0,8.985116958618164,1.6550443172454834,4.834225654602051
121344,79,1.0031089782714844,1.0031089782714844,1.0031185150146484,9.499282896285877e-06,1.0,1.0,0.0,1.0,0.0,313,36.63033676147461,fresh_online_exploration,9,12,1.0,1.0,9.002335548400879,1.654543161392212,4.955748558044434
121536,92,1.0040369033813477,1.0040369033813477,1.0040464401245117,9.491671335126739e-06,1.0,1.0,0.0,1.0,0.0,322,36.864566802978516,fresh_online_exploration,9,12,1.0,1.0,9.111196517944336,1.644029974937439,4.705763816833496
121632,47,1.0043611526489258,1.0043611526489258,1.004823088645935,0.00046192872105166316,1.0,1.0,0.0,1.0,0.0,329,36.974815368652344,fresh_online_exploration,8,12,1.0,1.0,9.094477653503418,1.6558822393417358,4.499053955078125
121632,88,1.0047625303268433,1.0047625303268433,1.0058553218841553,0.0010928332339972258,1.0,1.0,0.0,0.0,0.0,319,36.806217193603516,fresh_online_exploration,9,12,1.0,1.0,8.967315673828125,1.6293293237686157,4.7902984619140625
121824,57,1.0028878450393677,1.0028878450393677,1.0030581951141357,0.00017038109945133328,1.0,1.0,0.0,1.0,0.0,317,36.728729248046875,fresh_online_exploration,9,12,1.0,1.0,9.167194366455078,1.6886473894119263,4.77542781829834
121920,6,1.0036392211914062,1.0036392211914062,1.0039045810699463,0.00026534326025284827,1.0,1.0,0.0,1.0,0.0,334,37.20402526855469,fresh_online_exploration,8,12,1.0,1.0,8.944090843200684,1.615485429763794,4.389544486999512
121920,65,1.0056606531143188,1.0056606531143188,1.0085136890411377,0.0028530126437544823,1.0,1.0,0.0,0.0,0.0,318,36.835838317871094,fresh_online_exploration,9,12,1.0,1.0,9.043722152709961,1.679809331893921,4.815264701843262
122016,19,1.0026488304138184,1.0026488304138184,1.0027365684509277,8.775729656917974e-05,1.0,1.0,0.0,1.0,0.0,315,36.798805236816406,fresh_online_exploration,9,12,1.0,1.0,9.198559761047363,1.7060132026672363,4.868864059448242
122016,22,1.0030847787857056,1.0030847787857056,1.003383755683899,0.0002989758795592934,1.0,1.0,0.0,0.0,0.0,320,36.83894729614258,fresh_online_exploration,9,12,1.0,1.0,9.09632682800293,1.6594517230987549,4.7408952713012695
122016,74,1.0019702911376953,1.0019702911376953,1.002293348312378,0.0003230324946343899,1.0,1.0,0.0,1.0,0.0,323,36.965904235839844,fresh_online_exploration,9,12,1.0,1.0,9.06432056427002,1.6570991277694702,4.632112979888916
122496,9,1.0005173683166504,1.0005173683166504,1.000556468963623,3.8996764487819746e-05,1.0,1.0,0.0,1.0,0.0,328,36.96288299560547,fresh_online_exploration,9,12,1.0,1.0,9.096765518188477,1.6416386365890503,4.48682975769043
122496,94,1.0045942068099976,1.0045942068099976,1.005530595779419,0.0009362696437165141,1.0,1.0,0.0,1.0,0.0,323,37.006385803222656,fresh_online_exploration,9,12,1.0,1.0,9.149768829345703,1.6663129329681396,4.630434513092041
122592,89,1.000677466392517,1.000677466392517,1.0007389783859253,6.149512046249583e-05,1.0,1.0,0.0,1.0,0.0,325,36.919395446777344,fresh_online_exploration,9,12,1.0,1.0,9.029448509216309,1.687474012374878,4.5453104972839355
144192,91,1.0047165155410767,1.0047165155410767,1.004841923713684,0.0001254433736903593,1.0,1.0,0.0,0.0,0.0,300,36.43084716796875,fresh_online_exploration,11,14,1.0,1.0,9.391117095947266,2.1308698654174805,5.3356170654296875
145440,39,1.003110408782959,1.003110408782959,1.003127098083496,1.6658737877150998e-05,1.0,1.0,0.0,0.0,0.0,291,36.28929901123047,fresh_online_exploration,11,14,1.0,1.0,9.371801376342773,2.1322038173675537,5.524066925048828
145440,41,1.0041197538375854,1.0041197538375854,1.0103658437728882,0.006246116477996111,1.0,1.0,0.0,0.0,0.0,306,36.522708892822266,fresh_online_exploration,11,14,1.0,1.0,9.317691802978516,2.1236183643341064,5.188879489898682
145632,26,1.0052255392074585,1.0052255392074585,1.0072031021118164,0.001977483509108424,1.0,1.0,0.0,0.0,0.0,305,36.425716400146484,fresh_online_exploration,11,14,1.0,1.0,9.292240142822266,2.1178290843963623,5.1752190589904785
145824,31,1.003176212310791,1.003176212310791,1.0032920837402344,0.00011588425695663318,1.0,1.0,0.0,0.0,0.0,305,36.4011116027832,fresh_online_exploration,11,14,1.0,1.0,9.335602760314941,2.103332757949829,5.163687229156494
146112,17,1.000684380531311,1.000684380531311,1.0008623600006104,0.0001780064048944041,1.0,1.0,0.0,1.0,0.0,317,36.61376190185547,fresh_online_exploration,11,14,1.0,1.0,9.305631637573242,2.119439125061035,4.802566051483154
146208,2,1.000480055809021,1.000480055809021,1.000626802444458,0.00014671018288936466,1.0,1.0,0.0,0.0,0.0,307,36.559242248535156,fresh_online_exploration,11,14,1.0,1.0,9.358307838439941,2.1334574222564697,5.021209716796875
146304,70,1.0020508766174316,1.0020508766174316,1.0021086931228638,5.778749618912116e-05,1.0,1.0,0.0,1.0,0.0,310,36.63239669799805,fresh_online_exploration,11,14,1.0,1.0,9.287958145141602,2.1187667846679688,5.016373634338379
146496,3,1.0035405158996582,1.0035405158996582,1.003791093826294,0.00025068316608667374,1.0,1.0,0.0,0.0,0.0,304,36.48647689819336,fresh_online_exploration,11,14,1.0,1.0,9.359357833862305,2.157322645187378,5.212069511413574
146496,81,1.0053129196166992,1.0053129196166992,1.012411117553711,0.007098264992237091,1.0,1.0,0.0,0.0,0.0,308,36.6288948059082,fresh_online_exploration,11,14,1.0,1.0,9.34497356414795,2.1586647033691406,5.106672763824463
146784,0,1.0000591278076172,1.0000591278076172,1.000265121459961,0.00020597435650415719,1.0,1.0,0.0,0.0,0.0,305,36.420780181884766,fresh_online_exploration,11,14,1.0,1.0,9.306331634521484,2.142439126968384,5.155779838562012
146784,25,1.002662181854248,1.002662181854248,1.0028316974639893,0.00016958764172159135,1.0,1.0,0.0,0.0,0.0,298,36.337894439697266,fresh_online_exploration,11,14,1.0,1.0,9.376002311706543,2.2044589519500732,5.34341287612915
146784,60,1.002307415008545,1.002307415008545,1.0023472309112549,3.977744927396998e-05,1.0,1.0,0.0,0.0,0.0,301,36.37544250488281,fresh_online_exploration,11,14,1.0,1.0,9.343650817871094,2.167379140853882,5.2406086921691895
146976,87,1.0016661882400513,1.0016661882400513,1.0016934871673584,2.724667683651205e-05,1.0,1.0,0.0,0.0,0.0,300,36.29920959472656,fresh_online_exploration,11,14,1.0,1.0,9.324088096618652,2.1967146396636963,5.267073631286621
146976,90,1.0058848857879639,1.0058848857879639,1.0060467720031738,0.00016190814494621009,1.0,1.0,0.0,0.0,0.0,298,36.360198974609375,fresh_online_exploration,11,14,1.0,1.0,9.33231258392334,2.1606173515319824,5.379787921905518
147072,24,1.002257227897644,1.002257227897644,1.0022950172424316,3.776532685151324e-05,1.0,1.0,0.0,1.0,0.0,313,36.67405319213867,fresh_online_exploration,11,14,1.0,1.0,9.327661514282227,2.1259424686431885,4.912356376647949
147168,32,1.000912070274353,1.000912070274353,1.0011165142059326,0.0002043978893198073,1.0,1.0,0.0,0.0,0.0,303,36.41399383544922,fresh_online_exploration,11,14,1.0,1.0,9.332680702209473,2.170457124710083,5.225698947906494
147168,77,1.0015829801559448,1.0015829801559448,1.0017728805541992,0.0001897997863125056,1.0,1.0,0.0,0.0,0.0,299,36.288028717041016,fresh_online_exploration,11,14,1.0,1.0,9.280072212219238,2.1692965030670166,5.360672473907471
147360,11,1.0012739896774292,1.0012739896774292,1.0015884637832642,0.000314453209284693,1.0,1.0,0.0,0.0,0.0,307,36.51195526123047,fresh_online_exploration,11,14,1.0,1.0,9.336485862731934,2.1748390197753906,5.126152038574219
147360,44,1.000506043434143,1.000506043434143,1.0012876987457275,0.0007816795259714127,1.0,1.0,0.0,0.0,0.0,307,36.45467758178711,fresh_online_exploration,11,14,1.0,1.0,9.300989151000977,2.1673803329467773,5.097717761993408
147552,37,1.0034314393997192,1.0034314393997192,1.0037287473678589,0.0002973147784359753,1.0,1.0,0.0,0.0,0.0,307,36.54447937011719,fresh_online_exploration,11,14,1.0,1.0,9.302972793579102,2.153196096420288,5.12230110168457
147552,62,1.001295804977417,1.001295804977417,1.0017945766448975,0.0004988390719518065,1.0,1.0,0.0,0.0,0.0,301,36.46541213989258,fresh_online_exploration,11,14,1.0,1.0,9.405172348022461,2.1762189865112305,5.196513652801514
147648,68,1.0053067207336426,1.0053067207336426,1.0056068897247314,0.0003001200093422085,1.0,1.0,0.0,0.0,0.0,308,36.618080139160156,fresh_online_exploration,11,14,1.0,1.0,9.242865562438965,2.156224489212036,5.083292484283447
147744,46,1.0045496225357056,1.0045496225357056,1.0047554969787598,0.00020589662017300725,1.0,1.0,0.0,1.0,0.0,317,36.812469482421875,fresh_online_exploration,11,14,1.0,1.0,9.213025093078613,2.1576836109161377,4.7953386306762695
147744,61,1.005515694618225,1.005515694618225,1.0055937767028809,7.802774052834138e-05,1.0,1.0,0.0,0.0,0.0,305,36.54951477050781,fresh_online_exploration,11,14,1.0,1.0,9.281182289123535,2.167764663696289,5.219455718994141
147840,59,1.002342939376831,1.002342939376831,1.002366542816162,2.3622173102921806e-05,1.0,1.0,0.0,0.0,0.0,306,36.51213455200195,fresh_online_exploration,11,14,1.0,1.0,9.282837867736816,2.159686803817749,5.103765487670898
147840,85,1.0023369789123535,1.0023369789123535,1.0023832321166992,4.625414658221416e-05,1.0,1.0,0.0,0.0,0.0,306,36.395042419433594,fresh_online_exploration,11,14,1.0,1.0,9.24071979522705,2.1672205924987793,5.140256404876709
147936,4,1.002146601676941,1.002146601676941,1.0089390277862549,0.0067925588227808475,1.0,1.0,0.0,0.0,0.0,312,36.66396713256836,fresh_online_exploration,11,14,1.0,1.0,9.247594833374023,2.14560866355896,4.975491046905518
147936,38,1.0046544075012207,1.0046544075012207,1.0118086338043213,0.007154138293117285,1.0,1.0,0.0,0.0,0.0,306,36.548500061035156,fresh_online_exploration,11,14,1.0,1.0,9.408479690551758,2.158895492553711,5.194004535675049
148032,33,1.0039100646972656,1.0039100646972656,1.0041062831878662,0.00019618334772530943,1.0,1.0,0.0,1.0,0.0,313,36.64358901977539,fresh_online_exploration,11,14,1.0,1.0,9.296589851379395,2.1340432167053223,4.895453929901123
148032,35,1.0027031898498535,1.0027031898498535,1.014387845993042,0.011684725992381573,1.0,1.0,0.0,0.0,0.0,316,36.74380874633789,fresh_online_exploration,11,14,1.0,1.0,9.333251953125,2.1577258110046387,4.844082355499268
148032,78,1.003222107887268,1.003222107887268,1.0116157531738281,0.008393563330173492,1.0,1.0,0.0,0.0,0.0,309,36.61759948730469,fresh_online_exploration,11,14,1.0,1.0,9.25841999053955,2.1665608882904053,5.054691314697266
148128,42,1.0015259981155396,1.0015259981155396,1.00156831741333,4.2393287003505975e-05,1.0,1.0,0.0,0.0,0.0,307,36.49135208129883,fresh_online_exploration,11,14,1.0,1.0,9.30514144897461,2.1787216663360596,5.098816394805908
148128,49,1.0030080080032349,1.0030080080032349,1.0093944072723389,0.006386481691151857,1.0,1.0,0.0,0.0,0.0,304,36.39327621459961,fresh_online_exploration,11,14,1.0,1.0,9.390246391296387,2.185535430908203,5.214540004730225
148128,67,1.0043015480041504,1.0043015480041504,1.010868787765503,0.006567270029336214,1.0,1.0,0.0,0.0,0.0,309,36.69740295410156,fresh_online_exploration,11,14,1.0,1.0,9.279306411743164,2.175340175628662,5.104006767272949
148128,73,1.0039174556732178,1.0039174556732178,1.004190444946289,0.0002730392152443528,1.0,1.0,0.0,1.0,0.0,319,36.81405258178711,fresh_online_exploration,11,14,1.0,1.0,9.295769691467285,2.1387977600097656,4.755053997039795
148224,48,1.0004757642745972,1.0004757642745972,1.0005302429199219,5.440157474367879e-05,1.0,1.0,0.0,0.0,0.0,305,36.458099365234375,fresh_online_exploration,11,14,1.0,1.0,9.287260055541992,2.2074332237243652,5.148072242736816
148224,93,1.0026506185531616,1.0026506185531616,1.0027910470962524,0.000140466247103177,1.0,1.0,0.0,0.0,0.0,317,36.77219009399414,fresh_online_exploration,11,14,1.0,1.0,9.31180477142334,2.1385114192962646,4.840357303619385
148320,54,1.0037586688995361,1.0037586688995361,1.0038031339645386,4.4474687456386164e-05,1.0,1.0,0.0,1.0,0.0,311,36.61854553222656,fresh_online_exploration,11,14,1.0,1.0,9.219362258911133,2.162102460861206,4.991304397583008
148416,50,1.0047502517700195,1.0047502517700195,1.0048147439956665,6.449077045544982e-05,1.0,1.0,0.0,0.0,0.0,305,36.548072814941406,fresh_online_exploration,11,14,1.0,1.0,9.317756652832031,2.1795711517333984,5.14579963684082
148416,86,1.000352382659912,1.000352382659912,1.000504493713379,0.00015204938245005906,1.0,1.0,0.0,0.0,0.0,300,36.3412971496582,fresh_online_exploration,11,14,1.0,1.0,9.371326446533203,2.2090814113616943,5.288867950439453
148512,27,1.0001386404037476,1.0001386404037476,1.0007144212722778,0.0005757868639193475,1.0,1.0,0.0,0.0,0.0,314,36.71659469604492,fresh_online_exploration,11,14,1.0,1.0,9.371485710144043,2.182537078857422,4.840986251831055
148512,36,1.0023722648620605,1.0023722648620605,1.0073835849761963,0.005011336412280798,1.0,1.0,0.0,0.0,0.0,311,36.72523498535156,fresh_online_exploration,11,14,1.0,1.0,9.29184627532959,2.16230845451355,5.0152668952941895
148512,84,1.0044996738433838,1.0044996738433838,1.005005121231079,0.0005054508219473064,1.0,1.0,0.0,1.0,0.0,316,36.73698043823242,fresh_online_exploration,11,14,1.0,1.0,9.334251403808594,2.195819616317749,4.803719520568848
148608,16,1.0008435249328613,1.0008435249328613,1.0091347694396973,0.008291186764836311,1.0,1.0,0.0,0.0,0.0,309,36.510162353515625,fresh_online_exploration,11,14,1.0,1.0,9.306280136108398,2.1905481815338135,5.114865779876709
148608,23,1.0046718120574951,1.0046718120574951,1.0048460960388184,0.00017429864965379238,1.0,1.0,0.0,0.0,0.0,310,36.69832992553711,fresh_online_exploration,11,14,1.0,1.0,9.309165000915527,2.1873278617858887,5.042276382446289
148896,51,1.0042924880981445,1.0042924880981445,1.004385232925415,9.2684080300387e-05,1.0,1.0,0.0,0.0,0.0,309,36.62564468383789,fresh_online_exploration,11,14,1.0,1.0,9.291597366333008,2.1869704723358154,5.027705192565918
148896,76,1.001223087310791,1.001223087310791,1.0014820098876953,0.0002589610521681607,1.0,1.0,0.0,0.0,0.0,310,36.56631088256836,fresh_online_exploration,11,14,1.0,1.0,9.392046928405762,2.191413640975952,5.001598834991455
148992,12,1.001434564590454,1.001434564590454,1.001502513885498,6.792812200728804e-05,1.0,1.0,0.0,1.0,0.0,314,36.56141662597656,fresh_online_exploration,11,14,1.0,1.0,9.367892265319824,2.160677671432495,4.904330253601074
148992,20,1.0046563148498535,1.0046563148498535,1.0048863887786865,0.00023005876573733985,1.0,1.0,0.0,0.0,0.0,304,36.54819869995117,fresh_online_exploration,11,14,1.0,1.0,9.33657169342041,2.18887996673584,5.2240095138549805
148992,43,1.0015231370925903,1.0015231370925903,1.001533031463623,9.916604540194385e-06,1.0,1.0,0.0,0.0,0.0,310,36.660308837890625,fresh_online_exploration,11,14,1.0,1.0,9.281774520874023,2.1867709159851074,5.047521591186523
149184,66,1.003597378730774,1.003597378730774,1.0037841796875,0.00018687057308852673,1.0,1.0,0.0,1.0,0.0,313,36.72442626953125,fresh_online_exploration,11,14,1.0,1.0,9.292945861816406,2.176813840866089,4.922471046447754
149184,75,1.0020431280136108,1.0020431280136108,1.0022344589233398,0.0001912377483677119,1.0,1.0,0.0,1.0,0.0,309,36.618812561035156,fresh_online_exploration,11,14,1.0,1.0,9.375285148620605,2.1885743141174316,5.000109672546387
149280,8,1.0020757913589478,1.0020757913589478,1.0022857189178467,0.00020995987870264798,1.0,1.0,0.0,1.0,0.0,318,36.80039978027344,fresh_online_exploration,11,14,1.0,1.0,9.269794464111328,2.154965400695801,4.77524995803833
149280,56,1.0028510093688965,1.0028510093688965,1.0029017925262451,5.08224984514527e-05,1.0,1.0,0.0,0.0,0.0,307,36.51755142211914,fresh_online_exploration,11,14,1.0,1.0,9.348714828491211,2.186908721923828,5.136251449584961
149280,58,1.0000696182250977,1.0000696182250977,1.0124722719192505,0.012402623891830444,1.0,1.0,0.0,0.0,0.0,316,36.70915222167969,fresh_online_exploration,11,14,1.0,1.0,9.523012161254883,2.1986587047576904,4.826650142669678
149376,14,1.0030268430709839,1.0030268430709839,1.0032222270965576,0.0001953174505615607,1.0,1.0,0.0,0.0,0.0,307,36.56737518310547,fresh_online_exploration,11,14,1.0,1.0,9.302778244018555,2.1896536350250244,5.036411285400391
149376,83,1.0040411949157715,1.0040411949157715,1.0041790008544922,0.00013782501628156751,1.0,1.0,0.0,1.0,0.0,313,36.752986907958984,fresh_online_exploration,11,14,1.0,1.0,9.229220390319824,2.170736312866211,4.929782867431641
149472,13,1.0039440393447876,1.0039440393447876,1.004004955291748,6.090755050536245e-05,1.0,1.0,0.0,1.0,0.0,312,36.6766357421875,fresh_online_exploration,11,14,1.0,1.0,9.363516807556152,2.203136920928955,4.971474647521973
149472,72,1.0021228790283203,1.0021228790283203,1.0024302005767822,0.0003074231499340385,1.0,1.0,0.0,0.0,0.0,318,36.84907150268555,fresh_online_exploration,11,14,1.0,1.0,9.267008781433105,2.2032947540283203,4.766541481018066
149568,7,1.000014305114746,1.000014305114746,1.0000243186950684,1.001566579361679e-05,1.0,1.0,0.0,1.0,0.0,311,36.51880645751953,fresh_online_exploration,11,14,1.0,1.0,9.23373794555664,2.199708938598633,4.971025466918945
149664,10,1.0028480291366577,1.0028480291366577,1.0029034614562988,5.546912143472582e-05,1.0,1.0,0.0,1.0,0.0,316,36.794578552246094,fresh_online_exploration,11,14,1.0,1.0,9.312727928161621,2.1769957542419434,4.820101737976074
149760,64,1.001390814781189,1.001390814781189,1.001434326171875,4.3617957999231294e-05,1.0,1.0,0.0,0.0,0.0,299,36.36719512939453,fresh_online_exploration,12,14,1.0,1.0,9.302217483520508,2.2154288291931152,5.3852763175964355
149952,29,1.0039695501327515,1.0039695501327515,1.0039846897125244,1.5125505342439283e-05,1.0,1.0,0.0,0.0,0.0,311,36.599544525146484,fresh_online_exploration,12,14,1.0,1.0,9.297575950622559,2.2033400535583496,5.003888130187988
150048,95,1.0001353025436401,1.0001353025436401,1.0001511573791504,1.577317016199231e-05,1.0,1.0,0.0,0.0,0.0,301,36.31242752075195,fresh_online_exploration,12,14,1.0,1.0,9.297643661499023,2.2237517833709717,5.298830986022949
150240,18,1.0017142295837402,1.0017142295837402,1.001828670501709,0.0001143695117207244,1.0,1.0,0.0,1.0,0.0,321,36.889835357666016,fresh_online_exploration,11,15,1.0,1.0,9.277054786682129,2.2202701568603516,4.703200340270996
150240,28,1.0046212673187256,1.0046212673187256,1.0047917366027832,0.0001704241440165788,1.0,1.0,0.0,1.0,0.0,314,36.713687896728516,fresh_online_exploration,12,15,1.0,1.0,9.297494888305664,2.194856882095337,4.906904220581055
150240,45,1.0033544301986694,1.0033544301986694,1.0034743547439575,0.00011990922212135047,1.0,1.0,0.0,1.0,0.0,314,36.658164978027344,fresh_online_exploration,12,15,1.0,1.0,9.263097763061523,2.1811625957489014,4.894935131072998
150336,55,1.003755807876587,1.003755807876587,1.0145745277404785,0.010818732902407646,1.0,1.0,0.0,0.0,0.0,314,36.76994323730469,fresh_online_exploration,12,15,1.0,1.0,9.46352767944336,2.1960971355438232,4.952916622161865
150432,15,1.001242995262146,1.001242995262146,1.001417636871338,0.00017462634423281997,1.0,1.0,0.0,1.0,0.0,313,36.688255310058594,fresh_online_exploration,12,15,1.0,1.0,9.254329681396484,2.21025013923645,4.9220290184021
150432,30,1.0030486583709717,1.0030486583709717,1.0059354305267334,0.002886739559471607,1.0,1.0,0.0,0.0,0.0,324,36.98693084716797,fresh_online_exploration,11,15,1.0,1.0,9.298419952392578,2.150989294052124,4.658881664276123
150528,34,1.005368709564209,1.005368709564209,1.0057224035263062,0.0003536992007866502,1.0,1.0,0.0,1.0,0.0,319,36.83607482910156,fresh_online_exploration,11,15,1.0,1.0,9.398246765136719,2.185455560684204,4.7725443840026855
150528,52,1.0022673606872559,1.0022673606872559,1.0025322437286377,0.00026486243586987257,1.0,1.0,0.0,0.0,0.0,314,36.75740051269531,fresh_online_exploration,12,15,1.0,1.0,9.345162391662598,2.2098376750946045,4.863015174865723
150624,71,1.0041528940200806,1.0041528940200806,1.0045708417892456,0.0004179151146672666,1.0,1.0,0.0,0.0,0.0,308,36.64833450317383,fresh_online_exploration,12,15,1.0,1.0,9.272735595703125,2.2089710235595703,5.057249546051025
150624,82,1.0018340349197388,1.0018340349197388,1.0085835456848145,0.006749511230736971,1.0,1.0,0.0,0.0,0.0,319,36.80540084838867,fresh_online_exploration,11,15,1.0,1.0,9.361028671264648,2.173858404159546,4.734525680541992
150720,63,1.0037540197372437,1.0037540197372437,1.0042026042938232,0.00044858583714812994,1.0,1.0,0.0,0.0,0.0,311,36.65805435180664,fresh_online_exploration,12,15,1.0,1.0,9.407980918884277,2.2277894020080566,4.987215995788574
150816,1,1.0005731582641602,1.0005731582641602,1.0006766319274902,0.00010346957424189895,1.0,1.0,0.0,1.0,0.0,318,36.721073150634766,fresh_online_exploration,12,15,1.0,1.0,9.281641960144043,2.202479600906372,4.780989646911621
150816,21,1.0020934343338013,1.0020934343338013,1.0021095275878906,1.6074194718385115e-05,1.0,1.0,0.0,1.0,0.0,314,36.707733154296875,fresh_online_exploration,12,15,1.0,1.0,9.242143630981445,2.175842523574829,4.9007110595703125
150816,80,1.0034180879592896,1.0034180879592896,1.0036184787750244,0.00020035557099618018,1.0,1.0,0.0,1.0,0.0,322,36.92247772216797,fresh_online_exploration,11,15,1.0,1.0,9.319378852844238,2.1845269203186035,4.670100688934326
150912,69,1.0013887882232666,1.0013887882232666,1.0017096996307373,0.0003209484275430441,1.0,1.0,0.0,1.0,0.0,319,36.75273895263672,fresh_online_exploration,12,15,1.0,1.0,9.26907730102539,2.179600477218628,4.702637195587158
151008,88,1.0035933256149292,1.0035933256149292,1.003671646118164,7.82994829933159e-05,1.0,1.0,0.0,0.0,0.0,306,36.50247573852539,fresh_online_exploration,12,15,1.0,1.0,9.34765338897705,2.2586634159088135,5.166027069091797
151104,19,1.0023658275604248,1.0023658275604248,1.0023759603500366,1.0102441592607647e-05,1.0,1.0,0.0,0.0,0.0,303,36.483177185058594,fresh_online_exploration,12,15,1.0,1.0,9.349294662475586,2.2296462059020996,5.239351749420166
151296,53,1.0046619176864624,1.0046619176864624,1.0057101249694824,0.0010481434874236584,1.0,1.0,0.0,0.0,0.0,316,36.746856689453125,fresh_online_exploration,12,15,1.0,1.0,9.32396125793457,2.220959186553955,4.820555686950684
151392,5,1.0019835233688354,1.0019835233688354,1.0023887157440186,0.0004052574804518372,1.0,1.0,0.0,0.0,0.0,313,36.63127517700195,fresh_online_exploration,12,15,1.0,1.0,9.354344367980957,2.1958158016204834,4.919919967651367
151392,79,1.0033164024353027,1.0033164024353027,1.0034778118133545,0.00016134785255417228,1.0,1.0,0.0,0.0,0.0,313,36.58197784423828,fresh_online_exploration,12,15,1.0,1.0,9.373165130615234,2.2050154209136963,4.918481349945068
151488,65,1.0025779008865356,1.0025779008865356,1.004734754562378,0.002156783826649189,1.0,1.0,0.0,0.0,0.0,308,36.58469772338867,fresh_online_exploration,12,15,1.0,1.0,9.281580924987793,2.220733404159546,5.1328654289245605
151680,22,1.0044331550598145,1.0044331550598145,1.0122244358062744,0.007791412994265556,1.0,1.0,0.0,0.0,0.0,309,36.60178756713867,fresh_online_exploration,12,15,1.0,1.0,9.462796211242676,2.231877088546753,5.019613265991211
151872,40,1.0040708780288696,1.0040708780288696,1.0041728019714355,0.00010181275138165802,1.0,1.0,0.0,1.0,0.0,322,36.77272415161133,fresh_online_exploration,12,15,1.0,1.0,9.415639877319336,2.1979687213897705,4.641859531402588
151872,47,1.0030536651611328,1.0030536651611328,1.003241777420044,0.00018810699111782014,1.0,1.0,0.0,0.0,0.0,315,36.73969650268555,fresh_online_exploration,12,15,1.0,1.0,9.405110359191895,2.232496500015259,4.873647689819336
151872,92,1.0040295124053955,1.0040295124053955,1.0040903091430664,6.07423426117748e-05,1.0,1.0,0.0,1.0,0.0,316,36.79301452636719,fresh_online_exploration,12,15,1.0,1.0,9.328706741333008,2.2254104614257812,4.841974258422852
151968,57,1.0005205869674683,1.0005205869674683,1.0005311965942383,1.0636107617756352e-05,1.0,1.0,0.0,1.0,0.0,314,36.568267822265625,fresh_online_exploration,12,15,1.0,1.0,9.366128921508789,2.2526001930236816,4.9097371101379395
151968,74,1.0009944438934326,1.0009944438934326,1.0010097026824951,1.5213788174150977e-05,1.0,1.0,0.0,1.0,0.0,312,36.56409454345703,fresh_online_exploration,12,15,1.0,1.0,9.312240600585938,2.2321958541870117,4.946657180786133
152640,94,1.0005247592926025,1.0005247592926025,1.0005511045455933,2.633037365740165e-05,1.0,1.0,0.0,1.0,0.0,314,36.68105697631836,fresh_online_exploration,12,15,1.0,1.0,9.364303588867188,2.243919610977173,4.876896381378174
152928,6,1.002629041671753,1.002629041671753,1.0033607482910156,0.0007316197734326124,1.0,1.0,0.0,1.0,0.0,323,37.01811599731445,fresh_online_exploration,12,15,1.0,1.0,9.331598281860352,2.216637372970581,4.654856204986572
153024,9,1.0046082735061646,1.0046082735061646,1.0046709775924683,6.274645420489833e-05,1.0,1.0,0.0,1.0,0.0,318,36.813323974609375,fresh_online_exploration,12,15,1.0,1.0,9.407766342163086,2.2342703342437744,4.8187408447265625
153120,89,1.0041996240615845,1.0041996240615845,1.005053162574768,0.0008534989901818335,1.0,1.0,0.0,1.0,0.0,318,36.852935791015625,fresh_online_exploration,12,15,1.0,1.0,9.388921737670898,2.2372708320617676,4.802637577056885
172800,91,1.0016313791275024,1.0016313791275024,1.0021307468414307,0.0004993039183318615,1.0,1.0,0.0,0.0,0.0,298,36.37653350830078,fresh_online_exploration,14,17,1.0,1.0,9.436433792114258,2.6279518604278564,5.39283561706543
174336,39,1.0051929950714111,1.0051929950714111,1.0052173137664795,2.435799251543358e-05,1.0,1.0,0.0,0.0,0.0,301,36.47509002685547,fresh_online_exploration,14,17,1.0,1.0,9.523770332336426,2.636187791824341,5.314993381500244
174432,41,1.0037230253219604,1.0037230253219604,1.0134251117706299,0.009702077135443687,1.0,1.0,0.0,0.0,0.0,302,36.43770980834961,fresh_online_exploration,14,17,1.0,1.0,9.457154273986816,2.632875680923462,5.290484428405762
174816,26,1.0029397010803223,1.0029397010803223,1.0050089359283447,0.0020691566169261932,1.0,1.0,0.0,0.0,0.0,304,36.471370697021484,fresh_online_exploration,14,17,1.0,1.0,9.460010528564453,2.6450979709625244,5.2364277839660645
175200,17,1.0042678117752075,1.0042678117752075,1.0042848587036133,1.699055064818822e-05,1.0,1.0,0.0,0.0,0.0,303,36.613136291503906,fresh_online_exploration,14,17,1.0,1.0,9.459836959838867,2.651773452758789,5.239386558532715
175200,70,1.0025453567504883,1.0025453567504883,1.0026590824127197,0.00011365789396222681,1.0,1.0,0.0,0.0,0.0,301,36.418758392333984,fresh_online_exploration,14,17,1.0,1.0,9.546296119689941,2.665447235107422,5.270101070404053
175392,31,1.002587914466858,1.002587914466858,1.0027049779891968,0.00011711073602782562,1.0,1.0,0.0,0.0,0.0,308,36.51274108886719,fresh_online_exploration,14,17,1.0,1.0,9.515746116638184,2.6607394218444824,5.0044121742248535
175968,2,1.0024076700210571,1.0024076700210571,1.0040061473846436,0.0015984048368409276,1.0,1.0,0.0,0.0,0.0,310,36.656490325927734,fresh_online_exploration,14,17,1.0,1.0,9.473472595214844,2.644029140472412,5.009739875793457
176160,25,1.0034112930297852,1.0034112930297852,1.0036494731903076,0.00023826705000828952,1.0,1.0,0.0,0.0,0.0,306,36.50360107421875,fresh_online_exploration,14,17,1.0,1.0,9.585553169250488,2.6916463375091553,5.118316650390625
176256,32,1.0027471780776978,1.0027471780776978,1.0030927658081055,0.00034554823650978506,1.0,1.0,0.0,0.0,0.0,303,36.49347686767578,fresh_online_exploration,14,17,1.0,1.0,9.484772682189941,2.6828718185424805,5.22985315322876
176448,0,1.003113031387329,1.003113031387329,1.00368070602417,0.0005677194567397237,1.0,1.0,0.0,0.0,0.0,309,36.61064910888672,fresh_online_exploration,14,17,1.0,1.0,9.426870346069336,2.6785595417022705,5.003276824951172
176448,24,1.0035845041275024,1.0035845041275024,1.0036612749099731,7.676141831325367e-05,1.0,1.0,0.0,0.0,0.0,306,36.57853698730469,fresh_online_exploration,14,17,1.0,1.0,9.384910583496094,2.682436227798462,5.143126964569092
176544,68,1.0029761791229248,1.0029761791229248,1.0031840801239014,0.0002079508703900501,1.0,1.0,0.0,0.0,0.0,301,36.36186599731445,fresh_online_exploration,14,17,1.0,1.0,9.542312622070312,2.703753709793091,5.2675371170043945
176640,11,1.004104733467102,1.004104733467102,1.0042502880096436,0.00014562823344022036,1.0,1.0,0.0,0.0,0.0,305,36.49665451049805,fresh_online_exploration,14,17,1.0,1.0,9.591081619262695,2.6477856636047363,5.153419017791748
176736,37,1.0036396980285645,1.0036396980285645,1.003656268119812,1.6582989701419137e-05,1.0,1.0,0.0,0.0,0.0,304,36.49741744995117,fresh_online_exploration,14,17,1.0,1.0,9.447224617004395,2.7131590843200684,5.188376426696777
176832,90,1.0018912553787231,1.0018912553787231,1.0019943714141846,0.00010314854444004595,1.0,1.0,0.0,1.0,0.0,311,36.672645568847656,fresh_online_exploration,14,17,1.0,1.0,9.437390327453613,2.682878017425537,4.972265720367432
176928,81,1.0027424097061157,1.0027424097061157,1.0031030178070068,0.0003606309765018523,1.0,1.0,0.0,0.0,0.0,317,36.845096588134766,fresh_online_exploration,14,17,1.0,1.0,9.44893741607666,2.712172031402588,4.805276870727539
177024,60,1.0011296272277832,1.0011296272277832,1.0014207363128662,0.00029116260702721775,1.0,1.0,0.0,0.0,0.0,315,36.65342330932617,fresh_online_exploration,14,17,1.0,1.0,9.411750793457031,2.6850171089172363,4.8084516525268555
177024,62,1.0033918619155884,1.0033918619155884,1.0035674571990967,0.00017555170052219182,1.0,1.0,0.0,0.0,0.0,307,36.579158782958984,fresh_online_exploration,14,17,1.0,1.0,9.431706428527832,2.710070848464966,5.1249213218688965
177024,73,1.0027439594268799,1.0027439594268799,1.0028328895568848,8.893968333723024e-05,1.0,1.0,0.0,0.0,0.0,301,36.47810363769531,fresh_online_exploration,14,17,1.0,1.0,9.450126647949219,2.7063052654266357,5.288189888000488
177120,3,1.0039561986923218,1.0039561986923218,1.0040977001190186,0.00014160347927827388,1.0,1.0,0.0,1.0,0.0,319,36.894893646240234,fresh_online_exploration,14,17,1.0,1.0,9.356178283691406,2.703594446182251,4.739441871643066
177120,49,1.002650260925293,1.002650260925293,1.008863925933838,0.006213671527802944,1.0,1.0,0.0,0.0,0.0,302,36.52426528930664,fresh_online_exploration,14,17,1.0,1.0,9.565108299255371,2.715146780014038,5.280431270599365
177120,59,1.0035150051116943,1.0035150051116943,1.00387442111969,0.00035939249210059643,1.0,1.0,0.0,0.0,0.0,305,36.4332389831543,fresh_online_exploration,14,17,1.0,1.0,9.559073448181152,2.683638572692871,5.134269714355469
177120,93,1.0022531747817993,1.0022531747817993,1.0022633075714111,1.0093457603943534e-05,1.0,1.0,0.0,0.0,0.0,301,36.43389129638672,fresh_online_exploration,14,17,1.0,1.0,9.535179138183594,2.693329334259033,5.261783599853516
177216,44,1.005113959312439,1.005113959312439,1.0056464672088623,0.0005324973608367145,1.0,1.0,0.0,0.0,0.0,311,36.68320846557617,fresh_online_exploration,14,17,1.0,1.0,9.490791320800781,2.664999008178711,4.968292236328125
177216,48,1.0029150247573853,1.0029150247573853,1.0030471086502075,0.0001320709998253733,1.0,1.0,0.0,0.0,0.0,302,36.384220123291016,fresh_online_exploration,14,17,1.0,1.0,9.508816719055176,2.6897950172424316,5.279666900634766
177312,87,1.0048013925552368,1.0048013925552368,1.0048621892929077,6.08035406912677e-05,1.0,1.0,0.0,1.0,0.0,316,36.72608184814453,fresh_online_exploration,14,17,1.0,1.0,9.458446502685547,2.679312229156494,4.826861381530762
177408,23,1.0020273923873901,1.0020273923873901,1.0020807981491089,5.3402302000904456e-05,1.0,1.0,0.0,0.0,0.0,300,36.386260986328125,fresh_online_exploration,14,17,1.0,1.0,9.503274917602539,2.719426155090332,5.276011943817139
177504,67,1.0006873607635498,1.0006873607635498,1.007659912109375,0.006972606759518385,1.0,1.0,0.0,0.0,0.0,306,36.425445556640625,fresh_online_exploration,14,17,1.0,1.0,9.488163948059082,2.7040884494781494,5.144539833068848
177696,38,1.00357186794281,1.00357186794281,1.007635474205017,0.004063632804900408,1.0,1.0,0.0,0.0,0.0,310,36.655548095703125,fresh_online_exploration,14,17,1.0,1.0,9.636922836303711,2.713913679122925,5.020121097564697
177792,42,1.000752568244934,1.000752568244934,1.0009427070617676,0.00019010073447134346,1.0,1.0,0.0,0.0,0.0,309,36.548095703125,fresh_online_exploration,14,17,1.0,1.0,9.456974983215332,2.713073492050171,5.05046272277832
177792,61,1.000299334526062,1.000299334526062,1.0004452466964722,0.0001459049672121182,1.0,1.0,0.0,1.0,0.0,313,36.644775390625,fresh_online_exploration,14,17,1.0,1.0,9.507268905639648,2.6980140209198,4.919517993927002
177888,12,1.0047584772109985,1.0047584772109985,1.0049569606781006,0.0001984085247386247,1.0,1.0,0.0,0.0,0.0,301,36.47406768798828,fresh_online_exploration,14,17,1.0,1.0,9.563311576843262,2.7208876609802246,5.219917297363281
177888,36,1.0017229318618774,1.0017229318618774,1.01023530960083,0.008512420579791069,1.0,1.0,0.0,0.0,0.0,306,36.5302619934082,fresh_online_exploration,14,17,1.0,1.0,9.554932594299316,2.7225451469421387,5.18493127822876
177888,46,1.003777265548706,1.003777265548706,1.0039048194885254,0.00012760281970258802,1.0,1.0,0.0,1.0,0.0,314,36.74757385253906,fresh_online_exploration,14,17,1.0,1.0,9.365218162536621,2.7040770053863525,4.828908920288086
177888,54,1.0003372430801392,1.0003372430801392,1.0006511211395264,0.0003138507017865777,1.0,1.0,0.0,0.0,0.0,308,36.552310943603516,fresh_online_exploration,14,17,1.0,1.0,9.443263053894043,2.6938834190368652,5.011661052703857
177984,33,1.001895785331726,1.001895785331726,1.0020487308502197,0.0001529494911665097,1.0,1.0,0.0,1.0,0.0,312,36.60485076904297,fresh_online_exploration,14,17,1.0,1.0,9.3910551071167,2.710808038711548,4.910096168518066
177984,77,1.0042574405670166,1.0042574405670166,1.0046459436416626,0.0003884975449182093,1.0,1.0,0.0,0.0,0.0,321,36.8878288269043,fresh_online_exploration,14,17,1.0,1.0,9.6124849319458,2.657672643661499,4.72566556930542
177984,86,1.0021215677261353,1.0021215677261353,1.0022518634796143,0.000130329150124453,1.0,1.0,0.0,1.0,0.0,308,36.597198486328125,fresh_online_exploration,14,17,1.0,1.0,9.435565948486328,2.69807767868042,5.057875156402588
178080,76,1.0050301551818848,1.0050301551818848,1.0050413608551025,1.123880338127492e-05,1.0,1.0,0.0,0.0,0.0,304,36.561439514160156,fresh_online_exploration,14,17,1.0,1.0,9.538729667663574,2.6971232891082764,5.202343463897705
178080,85,1.005496859550476,1.005496859550476,1.006564974784851,0.0010681994026526809,1.0,1.0,0.0,0.0,0.0,315,36.78340530395508,fresh_online_exploration,14,17,1.0,1.0,9.476579666137695,2.674734354019165,4.868403911590576
178176,78,1.004960536956787,1.004960536956787,1.0099124908447266,0.004951947834342718,1.0,1.0,0.0,0.0,0.0,314,36.76419448852539,fresh_online_exploration,14,17,1.0,1.0,9.434391021728516,2.7076773643493652,4.919609546661377
178272,50,1.0030993223190308,1.0030993223190308,1.0032964944839478,0.00019716947281267494,1.0,1.0,0.0,0.0,0.0,311,36.69017791748047,fresh_online_exploration,14,17,1.0,1.0,9.532851219177246,2.692739725112915,4.981457233428955
178368,84,1.0051569938659668,1.0051569938659668,1.0052719116210938,0.0001149461604654789,1.0,1.0,0.0,1.0,0.0,311,36.71089172363281,fresh_online_exploration,14,17,1.0,1.0,9.48173999786377,2.70698618888855,4.970661640167236
178464,7,1.0032780170440674,1.0032780170440674,1.0033059120178223,2.7958098144154064e-05,1.0,1.0,0.0,0.0,0.0,301,36.468719482421875,fresh_online_exploration,14,17,1.0,1.0,9.51271915435791,2.7032618522644043,5.3070878982543945
178560,51,1.0032387971878052,1.0032387971878052,1.003346562385559,0.00010780339653138071,1.0,1.0,0.0,1.0,0.0,309,36.62059020996094,fresh_online_exploration,14,17,1.0,1.0,9.41324520111084,2.7218399047851562,5.0511474609375
178656,20,1.0037646293640137,1.0037646293640137,1.0041033029556274,0.0003387266770005226,1.0,1.0,0.0,0.0,0.0,309,36.68613815307617,fresh_online_exploration,14,17,1.0,1.0,9.49826431274414,2.729179620742798,5.040523529052734
178656,35,1.0021578073501587,1.0021578073501587,1.0142676830291748,0.012109958566725254,1.0,1.0,0.0,0.0,0.0,319,36.823612213134766,fresh_online_exploration,14,17,1.0,1.0,9.432851791381836,2.694040536880493,4.753709316253662
178848,4,1.0016447305679321,1.0016447305679321,1.0097911357879639,0.008146362379193306,1.0,1.0,0.0,0.0,0.0,322,36.80282974243164,fresh_online_exploration,14,17,1.0,1.0,9.39114761352539,2.725299835205078,4.7064032554626465
178848,27,1.0013558864593506,1.0013558864593506,1.0015822649002075,0.00022634424385614693,1.0,1.0,0.0,0.0,0.0,316,36.8013916015625,fresh_online_exploration,14,17,1.0,1.0,9.47475814819336,2.7242047786712646,4.842204570770264
178944,56,1.0023596286773682,1.0023596286773682,1.0024847984313965,0.0001251138310180977,1.0,1.0,0.0,1.0,0.0,309,36.58579635620117,fresh_online_exploration,14,17,1.0,1.0,9.589115142822266,2.728654146194458,5.008547782897949
179040,14,1.0038543939590454,1.0038543939590454,1.003896951675415,4.245550007908605e-05,1.0,1.0,0.0,0.0,0.0,309,36.63422393798828,fresh_online_exploration,14,17,1.0,1.0,9.417567253112793,2.7189078330993652,4.983665466308594
179040,43,1.0034621953964233,1.0034621953964233,1.0044422149658203,0.0009799744002521038,1.0,1.0,0.0,0.0,0.0,313,36.73912811279297,fresh_online_exploration,14,17,1.0,1.0,9.536698341369629,2.6901133060455322,4.924045562744141
179136,58,1.0013877153396606,1.0013877153396606,1.0140140056610107,0.012626192532479763,1.0,1.0,0.0,0.0,0.0,311,36.60673522949219,fresh_online_exploration,14,17,1.0,1.0,9.561300277709961,2.7200393676757812,4.979562282562256
179232,8,1.0017383098602295,1.0017383098602295,1.0020554065704346,0.00031704988214187324,1.0,1.0,0.0,0.0,0.0,312,36.729034423828125,fresh_online_exploration,14,17,1.0,1.0,9.513748168945312,2.7476680278778076,4.922836780548096
179232,66,1.003326177597046,1.003326177597046,1.0034549236297607,0.0001287907944060862,1.0,1.0,0.0,1.0,0.0,313,36.71369552612305,fresh_online_exploration,14,17,1.0,1.0,9.412992477416992,2.7153451442718506,4.92132043838501
179232,72,1.0006253719329834,1.0006253719329834,1.0008275508880615,0.0002021038526436314,1.0,1.0,0.0,1.0,0.0,310,36.68593978881836,fresh_online_exploration,14,17,1.0,1.0,9.532090187072754,2.739809036254883,4.991815090179443
179232,75,1.0036981105804443,1.0036981105804443,1.0039576292037964,0.00025953014846891165,1.0,1.0,0.0,0.0,0.0,313,36.72549057006836,fresh_online_exploration,14,17,1.0,1.0,9.524466514587402,2.7140910625457764,4.921923637390137
179328,13,1.0017383098602295,1.0017383098602295,1.0018091201782227,7.089929567882791e-05,1.0,1.0,0.0,1.0,0.0,311,36.62086486816406,fresh_online_exploration,14,17,1.0,1.0,9.439148902893066,2.733811140060425,5.008282661437988
179328,30,1.0017287731170654,1.0017287731170654,1.00457763671875,0.002848824020475149,1.0,1.0,0.0,0.0,0.0,301,36.4067497253418,fresh_online_exploration,15,17,1.0,1.0,9.488310813903809,2.766188383102417,5.333122253417969
179520,16,1.0034925937652588,1.0034925937652588,1.0051183700561523,0.0016257399693131447,1.0,1.0,0.0,0.0,0.0,322,36.90633773803711,fresh_online_exploration,14,17,1.0,1.0,9.454609870910645,2.7271251678466797,4.627041816711426
179808,10,1.0024815797805786,1.0024815797805786,1.002875566482544,0.0003939663292840123,1.0,1.0,0.0,1.0,0.0,314,36.765159606933594,fresh_online_exploration,14,17,1.0,1.0,9.569393157958984,2.775042772293091,4.9035749435424805
179904,52,1.0053339004516602,1.0053339004516602,1.0055928230285645,0.00025884961360134184,1.0,1.0,0.0,0.0,0.0,306,36.591400146484375,fresh_online_exploration,15,17,1.0,1.0,9.570858001708984,2.7078945636749268,5.112995624542236
179904,83,1.0016788244247437,1.0016788244247437,1.0017753839492798,9.65590588748455e-05,1.0,1.0,0.0,1.0,0.0,318,36.775733947753906,fresh_online_exploration,14,17,1.0,1.0,9.339186668395996,2.721463680267334,4.7616167068481445
180000,95,1.001373529434204,1.001373529434204,1.0015201568603516,0.00014669721713289618,1.0,1.0,0.0,1.0,0.0,312,36.64931106567383,fresh_online_exploration,14,17,1.0,1.0,9.540670394897461,2.751664876937866,4.9442596435546875
180096,71,1.0049078464508057,1.0049078464508057,1.0049247741699219,1.69995182659477e-05,1.0,1.0,0.0,1.0,0.0,307,36.64789581298828,fresh_online_exploration,15,18,1.0,1.0,9.51211166381836,2.7604455947875977,5.0934553146362305
180192,64,1.004094123840332,1.004094123840332,1.0041334629058838,3.940295573556796e-05,1.0,1.0,0.0,1.0,0.0,317,36.76245880126953,fresh_online_exploration,14,18,1.0,1.0,9.523307800292969,2.74159574508667,4.766357898712158
180192,69,1.0037466287612915,1.0037466287612915,1.003763198852539,1.6507667169207707e-05,1.0,1.0,0.0,0.0,0.0,305,36.50013732910156,fresh_online_exploration,15,18,1.0,1.0,9.46987247467041,2.7301273345947266,5.1578450202941895
180192,79,1.0001957416534424,1.0001957416534424,1.0002070665359497,1.1382010598026682e-05,1.0,1.0,0.0,0.0,0.0,300,36.15046691894531,fresh_online_exploration,15,18,1.0,1.0,9.554937362670898,2.7555086612701416,5.31749963760376
180192,82,1.0040441751480103,1.0040441751480103,1.0100769996643066,0.006032745819538832,1.0,1.0,0.0,0.0,0.0,308,36.58296585083008,fresh_online_exploration,15,18,1.0,1.0,9.523649215698242,2.7640419006347656,5.097018241882324
180384,28,1.0003474950790405,1.0003474950790405,1.0007665157318115,0.0004189515602774918,1.0,1.0,0.0,1.0,0.0,314,36.63115692138672,fresh_online_exploration,15,18,1.0,1.0,9.576179504394531,2.7314560413360596,4.837154388427734
180384,55,1.0054107904434204,1.0054107904434204,1.0065069198608398,0.0010961099760606885,1.0,1.0,0.0,0.0,0.0,313,36.73322296142578,fresh_online_exploration,15,18,1.0,1.0,9.630552291870117,2.782653570175171,4.885814189910889
180480,19,1.003625750541687,1.003625750541687,1.0037117004394531,8.586232434026897e-05,1.0,1.0,0.0,0.0,0.0,306,36.60810852050781,fresh_online_exploration,15,18,1.0,1.0,9.58227825164795,2.747253179550171,5.181111812591553
180480,34,1.0041173696517944,1.0041173696517944,1.0044291019439697,0.0003117932064924389,1.0,1.0,0.0,1.0,0.0,312,36.750614166259766,fresh_online_exploration,15,18,1.0,1.0,9.495973587036133,2.729348659515381,4.937785625457764
180480,63,1.0035005807876587,1.0035005807876587,1.0036773681640625,0.0001767795329215005,1.0,1.0,0.0,0.0,0.0,310,36.678672790527344,fresh_online_exploration,15,18,1.0,1.0,9.48466968536377,2.8006997108459473,4.965165138244629
180576,29,1.000174641609192,1.000174641609192,1.0003635883331299,0.000188848192919977,1.0,1.0,0.0,1.0,0.0,319,36.84540939331055,fresh_online_exploration,14,18,1.0,1.0,9.502164840698242,2.733717918395996,4.745019435882568
180576,45,1.0014537572860718,1.0014537572860718,1.001546859741211,9.314616909250617e-05,1.0,1.0,0.0,1.0,0.0,316,36.6732177734375,fresh_online_exploration,15,18,1.0,1.0,9.460596084594727,2.7573142051696777,4.838751792907715
180672,15,1.0047155618667603,1.0047155618667603,1.010427474975586,0.0057118134573102,1.0,1.0,0.0,0.0,0.0,315,36.8630485534668,fresh_online_exploration,15,18,1.0,1.0,9.45864200592041,2.7644686698913574,4.884781360626221
180768,21,1.0048972368240356,1.0048972368240356,1.0050225257873535,0.0001252184883924201,1.0,1.0,0.0,0.0,0.0,312,36.67920684814453,fresh_online_exploration,15,18,1.0,1.0,9.457080841064453,2.752166271209717,4.978093147277832
181056,1,1.005102276802063,1.005102276802063,1.0051324367523193,3.010088585142512e-05,1.0,1.0,0.0,1.0,0.0,315,36.82292938232422,fresh_online_exploration,15,18,1.0,1.0,9.541147232055664,2.7720820903778076,4.870402812957764
181056,5,1.000740647315979,1.000740647315979,1.0007569789886475,1.6328103811247274e-05,1.0,1.0,0.0,1.0,0.0,309,36.54428482055664,fresh_online_exploration,15,18,1.0,1.0,9.450013160705566,2.7541403770446777,5.017853260040283
181152,18,1.0000497102737427,1.0000497102737427,1.0001096725463867,5.9959449572488666e-05,1.0,1.0,0.0,1.0,0.0,322,36.8243522644043,fresh_online_exploration,15,18,1.0,1.0,9.544867515563965,2.74469256401062,4.63871955871582
181152,80,1.0040802955627441,1.0040802955627441,1.0041768550872803,9.659502393333241e-05,1.0,1.0,0.0,1.0,0.0,316,36.81016159057617,fresh_online_exploration,15,18,1.0,1.0,9.520489692687988,2.744159460067749,4.834172248840332
181152,88,1.0037208795547485,1.0037208795547485,1.0038264989852905,0.00010560690134298056,1.0,1.0,0.0,1.0,0.0,314,36.7898063659668,fresh_online_exploration,15,18,1.0,1.0,9.616607666015625,2.762195587158203,4.870457172393799
181344,40,1.0004405975341797,1.0004405975341797,1.0004727840423584,3.2084150006994605e-05,1.0,1.0,0.0,0.0,0.0,307,36.61450958251953,fresh_online_exploration,15,18,1.0,1.0,9.55953311920166,2.7358510494232178,5.036279678344727
181440,22,1.005089282989502,1.005089282989502,1.0052001476287842,0.00011090541374869645,1.0,1.0,0.0,1.0,0.0,310,36.602848052978516,fresh_online_exploration,15,18,1.0,1.0,9.466031074523926,2.791933298110962,4.986663341522217
181536,65,1.0016337633132935,1.0016337633132935,1.0034748315811157,0.0018410509219393134,1.0,1.0,0.0,0.0,0.0,313,36.785438537597656,fresh_online_exploration,15,18,1.0,1.0,9.504473686218262,2.7487354278564453,4.931782245635986
181728,53,1.0036680698394775,1.0036680698394775,1.0044076442718506,0.0007395222201012075,1.0,1.0,0.0,1.0,0.0,317,36.837059020996094,fresh_online_exploration,15,18,1.0,1.0,9.545269012451172,2.738236427307129,4.80257511138916
182304,57,1.005964994430542,1.005964994430542,1.0059764385223389,1.1466379874036647e-05,1.0,1.0,0.0,1.0,0.0,316,36.79043197631836,fresh_online_exploration,15,18,1.0,1.0,9.462669372558594,2.7840499877929688,4.872211933135986
182784,9,1.0009394884109497,1.0009394884109497,1.0011961460113525,0.0002565695613157004,1.0,1.0,0.0,0.0,0.0,310,36.630287170410156,fresh_online_exploration,15,18,1.0,1.0,9.54532527923584,2.7645187377929688,5.053407192230225
182784,92,1.0039106607437134,1.0039106607437134,1.003920078277588,9.39911296882201e-06,1.0,1.0,0.0,1.0,0.0,322,36.83369064331055,fresh_online_exploration,15,18,1.0,1.0,9.376907348632812,2.745638608932495,4.716897487640381
182976,47,1.002010703086853,1.002010703086853,1.0021058320999146,9.513346594758332e-05,1.0,1.0,0.0,1.0,0.0,324,36.87889099121094,fresh_online_exploration,15,18,1.0,1.0,9.495108604431152,2.738996982574463,4.6235246658325195
183264,94,1.0036574602127075,1.0036574602127075,1.0039650201797485,0.00030759157380089164,1.0,1.0,0.0,1.0,0.0,319,36.83453369140625,fresh_online_exploration,15,18,1.0,1.0,9.550304412841797,2.78432035446167,4.699699401855469
183360,74,1.0030875205993652,1.0030875205993652,1.0031665563583374,7.903318328317255e-05,1.0,1.0,0.0,1.0,0.0,327,37.118438720703125,fresh_online_exploration,15,18,1.0,1.0,9.417014122009277,2.8023264408111572,4.540940284729004
183456,89,1.0033262968063354,1.0033262968063354,1.0034804344177246,0.0001542415120638907,1.0,1.0,0.0,1.0,0.0,316,36.797035217285156,fresh_online_exploration,15,18,1.0,1.0,9.350048065185547,2.796290874481201,4.832045555114746
183744,6,1.0019983053207397,1.0019983053207397,1.0022679567337036,0.0002696893934626132,1.0,1.0,0.0,1.0,0.0,321,36.816436767578125,fresh_online_exploration,15,18,1.0,1.0,9.473146438598633,2.7698609828948975,4.683582782745361
201504,91,1.0000839233398438,1.0000839233398438,1.0003423690795898,0.000258375599514693,1.0,1.0,0.0,0.0,0.0,299,36.346309661865234,fresh_online_exploration,17,20,1.0,1.0,9.7116060256958,3.132591724395752,5.23215913772583
203328,39,1.0016746520996094,1.0016746520996094,1.0021471977233887,0.00047246634494513273,1.0,1.0,0.0,0.0,0.0,302,36.528968811035156,fresh_online_exploration,17,20,1.0,1.0,9.674246788024902,3.174839735031128,5.2010369300842285
203808,11,1.0019580125808716,1.0019580125808716,1.0364221334457397,0.034463971853256226,1.0,1.0,0.0,0.0,0.0,283,36.10055160522461,fresh_online_exploration,17,20,0.9983146071434021,0.983146071434021,9.692891120910645,3.1826908588409424,5.701996326446533
204000,26,1.004870057106018,1.004870057106018,1.0069314241409302,0.002061316277831793,1.0,1.0,0.0,0.0,0.0,304,36.572998046875,fresh_online_exploration,17,20,1.0,1.0,9.667305946350098,3.1825153827667236,5.204311847686768
204096,31,1.0011496543884277,1.0011496543884277,1.0011591911315918,9.618885087547824e-06,1.0,1.0,0.0,0.0,0.0,299,36.286109924316406,fresh_online_exploration,17,20,1.0,1.0,9.616036415100098,3.176923990249634,5.326290130615234
204288,70,1.003618597984314,1.003618597984314,1.0037598609924316,0.00014118713443167508,1.0,1.0,0.0,0.0,0.0,303,36.572898864746094,fresh_online_exploration,17,20,1.0,1.0,9.718131065368652,3.137843608856201,5.1775712966918945
204384,41,1.0030946731567383,1.0030946731567383,1.0088757276535034,0.005781031679362059,1.0,1.0,0.0,0.0,0.0,312,36.653228759765625,fresh_online_exploration,17,20,1.0,1.0,9.600214958190918,3.1529266834259033,4.953440189361572
204576,17,1.000043511390686,1.000043511390686,1.0004096031188965,0.00036617464502342045,1.0,1.0,0.0,0.0,0.0,306,36.52979278564453,fresh_online_exploration,17,20,1.0,1.0,9.661396980285645,3.1312384605407715,5.092024803161621
204672,25,1.002732276916504,1.002732276916504,1.002861738204956,0.0001293706736760214,1.0,1.0,0.0,0.0,0.0,297,36.43281173706055,fresh_online_exploration,17,20,1.0,1.0,9.642779350280762,3.1761157512664795,5.357268333435059
205152,2,1.005332589149475,1.005332589149475,1.0053484439849854,1.5842631910345517e-05,1.0,1.0,0.0,0.0,0.0,304,36.57036590576172,fresh_online_exploration,17,20,1.0,1.0,9.574070930480957,3.186812162399292,5.194155693054199
205248,0,1.0001046657562256,1.0001046657562256,1.0001964569091797,9.189124102704227e-05,1.0,1.0,0.0,0.0,0.0,300,36.353363037109375,fresh_online_exploration,17,20,1.0,1.0,9.714329719543457,3.1612250804901123,5.285630226135254
205440,68,1.0014954805374146,1.0014954805374146,1.00162672996521,0.0001312007661908865,1.0,1.0,0.0,0.0,0.0,301,36.43599319458008,fresh_online_exploration,17,20,1.0,1.0,9.640405654907227,3.194383144378662,5.228332042694092
205536,90,1.0011662244796753,1.0011662244796753,1.0012915134429932,0.0001252830115845427,1.0,1.0,0.0,0.0,0.0,299,36.353416442871094,fresh_online_exploration,17,20,1.0,1.0,9.712924003601074,3.1972293853759766,5.267787933349609
206016,24,1.0015078783035278,1.0015078783035278,1.0015792846679688,7.145499694161117e-05,1.0,1.0,0.0,1.0,0.0,308,36.528629302978516,fresh_online_exploration,17,20,1.0,1.0,9.71255111694336,3.1772613525390625,5.029052734375
206016,37,1.0053800344467163,1.0053800344467163,1.0053980350494385,1.8005632227868773e-05,1.0,1.0,0.0,0.0,0.0,305,36.67881393432617,fresh_online_exploration,17,20,1.0,1.0,9.645784378051758,3.167464017868042,5.141129493713379
206112,32,1.002455472946167,1.002455472946167,1.002656102180481,0.00020063960982952267,1.0,1.0,0.0,1.0,0.0,311,36.656394958496094,fresh_online_exploration,17,20,1.0,1.0,9.606757164001465,3.210923194885254,4.922955513000488
206112,62,1.0015507936477661,1.0015507936477661,1.0015671253204346,1.6272188076982275e-05,1.0,1.0,0.0,0.0,0.0,303,36.46361541748047,fresh_online_exploration,17,20,1.0,1.0,9.60421085357666,3.2283899784088135,5.190410614013672
206208,73,1.0018306970596313,1.0018306970596313,1.0018813610076904,5.074810178484768e-05,1.0,1.0,0.0,0.0,0.0,304,36.520042419433594,fresh_online_exploration,17,20,1.0,1.0,9.569475173950195,3.229511022567749,5.185454845428467
206400,44,1.0061999559402466,1.0061999559402466,1.0068854093551636,0.0006853962549939752,1.0,1.0,0.0,0.0,0.0,304,36.608375549316406,fresh_online_exploration,17,20,1.0,1.0,9.667991638183594,3.200613021850586,5.152604103088379
206496,23,1.0004606246948242,1.0004606246948242,1.000842809677124,0.0003822649014182389,1.0,1.0,0.0,0.0,0.0,303,36.401798248291016,fresh_online_exploration,17,20,1.0,1.0,9.652846336364746,3.2113988399505615,5.2234673500061035
206496,48,1.0004041194915771,1.0004041194915771,1.0004150867462158,1.0929345080512576e-05,1.0,1.0,0.0,0.0,0.0,305,36.45664596557617,fresh_online_exploration,17,20,1.0,1.0,9.518193244934082,3.201131820678711,5.179731845855713
206592,3,1.0049917697906494,1.0049917697906494,1.0050413608551025,4.9609909183345735e-05,1.0,1.0,0.0,1.0,0.0,307,36.67383575439453,fresh_online_exploration,17,20,1.0,1.0,9.677177429199219,3.173431396484375,5.0986833572387695
206592,49,1.0029555559158325,1.0029555559158325,1.006821870803833,0.003866292769089341,1.0,1.0,0.0,0.0,0.0,307,36.596370697021484,fresh_online_exploration,17,20,1.0,1.0,9.612699508666992,3.1907918453216553,5.102670669555664
206688,81,1.0044111013412476,1.0044111013412476,1.0046709775924683,0.00025988995912484825,1.0,1.0,0.0,0.0,0.0,310,36.69736099243164,fresh_online_exploration,17,20,1.0,1.0,9.56152629852295,3.2260453701019287,5.0167012214660645
206784,59,1.000571370124817,1.000571370124817,1.0060440301895142,0.0054726735688745975,1.0,1.0,0.0,0.0,0.0,309,36.53963851928711,fresh_online_exploration,17,20,1.0,1.0,9.650313377380371,3.1965737342834473,5.005473613739014
206784,93,1.000110149383545,1.000110149383545,1.0021898746490479,0.0020797771867364645,1.0,1.0,0.0,0.0,0.0,309,36.62139892578125,fresh_online_exploration,17,20,1.0,1.0,9.687474250793457,3.177849054336548,4.9953389167785645
206880,60,1.0016670227050781,1.0016670227050781,1.0018240213394165,0.00015702005475759506,1.0,1.0,0.0,0.0,0.0,311,36.643577575683594,fresh_online_exploration,17,20,1.0,1.0,9.54613208770752,3.222303628921509,4.942248821258545
206880,67,1.0037802457809448,1.0037802457809448,1.0038783550262451,9.813366341404617e-05,1.0,1.0,0.0,0.0,0.0,306,36.586055755615234,fresh_online_exploration,17,20,1.0,1.0,9.616647720336914,3.2247440814971924,5.169513702392578
206976,42,1.0027726888656616,1.0027726888656616,1.002859115600586,8.654211706016213e-05,1.0,1.0,0.0,0.0,0.0,304,36.396156311035156,fresh_online_exploration,17,20,1.0,1.0,9.645057678222656,3.177233934402466,5.174465656280518
207360,50,1.0044878721237183,1.0044878721237183,1.0045136213302612,2.5764516976778395e-05,1.0,1.0,0.0,0.0,0.0,303,36.55643081665039,fresh_online_exploration,17,20,1.0,1.0,9.593522071838379,3.188002109527588,5.227313995361328
207456,36,1.003967046737671,1.003967046737671,1.0078413486480713,0.003874370828270912,1.0,1.0,0.0,0.0,0.0,308,36.59743881225586,fresh_online_exploration,17,20,1.0,1.0,9.60047721862793,3.209951639175415,5.109760284423828
207456,46,1.0001187324523926,1.0001187324523926,1.0004829168319702,0.0003642105730250478,1.0,1.0,0.0,0.0,0.0,308,36.49197769165039,fresh_online_exploration,17,20,1.0,1.0,9.582758903503418,3.20084285736084,5.012913703918457
207456,87,1.0006920099258423,1.0006920099258423,1.0008246898651123,0.00013267544272821397,1.0,1.0,0.0,1.0,0.0,314,36.613529205322266,fresh_online_exploration,17,20,1.0,1.0,9.5331392288208,3.1924824714660645,4.855615139007568
207552,77,1.0013655424118042,1.0013655424118042,1.0013768672943115,1.125301878346363e-05,1.0,1.0,0.0,0.0,0.0,308,36.546878814697266,fresh_online_exploration,17,20,1.0,1.0,9.59568977355957,3.2116148471832275,5.099393844604492
207744,7,1.0014686584472656,1.0014686584472656,1.0014865398406982,1.7848438801593147e-05,1.0,1.0,0.0,0.0,0.0,305,36.46985626220703,fresh_online_exploration,17,20,1.0,1.0,9.589425086975098,3.217883825302124,5.178133487701416
207840,84,1.0010738372802734,1.0010738372802734,1.0015451908111572,0.00047141980030573905,1.0,1.0,0.0,0.0,0.0,307,36.510414123535156,fresh_online_exploration,17,20,1.0,1.0,9.68474006652832,3.2231638431549072,5.064761161804199
207936,33,1.0032099485397339,1.0032099485397339,1.0032477378845215,3.7767080357298255e-05,1.0,1.0,0.0,1.0,0.0,312,36.675235748291016,fresh_online_exploration,17,20,1.0,1.0,9.471694946289062,3.1744720935821533,4.920534133911133
207936,61,1.0047056674957275,1.0047056674957275,1.0047919750213623,8.635356789454818e-05,1.0,1.0,0.0,1.0,0.0,314,36.809326171875,fresh_online_exploration,17,20,1.0,1.0,9.534525871276855,3.191962480545044,4.886251449584961
207936,85,1.0005779266357422,1.0005779266357422,1.0019246339797974,0.0013467012904584408,1.0,1.0,0.0,0.0,0.0,311,36.57335662841797,fresh_online_exploration,17,20,1.0,1.0,9.645330429077148,3.174957513809204,4.961867332458496
208032,20,1.0036636590957642,1.0036636590957642,1.0039292573928833,0.00026563764549791813,1.0,1.0,0.0,0.0,0.0,306,36.50785446166992,fresh_online_exploration,17,20,1.0,1.0,9.63442611694336,3.225485324859619,5.145779609680176
208032,35,1.001035213470459,1.001035213470459,1.0012545585632324,0.00021929480135440826,1.0,1.0,0.0,0.0,0.0,306,36.4990119934082,fresh_online_exploration,17,20,1.0,1.0,9.55983829498291,3.2264297008514404,5.08613395690918
208032,72,1.0006804466247559,1.0006804466247559,1.0007145404815674,3.400809146114625e-05,1.0,1.0,0.0,0.0,0.0,300,36.412506103515625,fresh_online_exploration,17,20,1.0,1.0,9.592732429504395,3.22160267829895,5.293529510498047
208128,14,1.0029493570327759,1.0029493570327759,1.003232717514038,0.0002834367915056646,1.0,1.0,0.0,0.0,0.0,303,36.43928909301758,fresh_online_exploration,17,20,1.0,1.0,9.633787155151367,3.2337377071380615,5.213995933532715
208128,38,1.0048425197601318,1.0048425197601318,1.0067558288574219,0.0019132245797663927,1.0,1.0,0.0,1.0,0.0,317,36.74855422973633,fresh_online_exploration,17,20,1.0,1.0,9.527956008911133,3.188295602798462,4.806267261505127
208128,86,1.0006357431411743,1.0006357431411743,1.0008649826049805,0.0002291530545335263,1.0,1.0,0.0,1.0,0.0,314,36.659095764160156,fresh_online_exploration,17,20,1.0,1.0,9.681129455566406,3.208329677581787,4.890151500701904
208224,12,1.0030239820480347,1.0030239820480347,1.0034420490264893,0.00041806590161286294,1.0,1.0,0.0,0.0,0.0,316,36.83306121826172,fresh_online_exploration,17,20,1.0,1.0,9.623697280883789,3.1991126537323,4.846099853515625
208416,76,1.0050820112228394,1.0050820112228394,1.005462646484375,0.00038067938294261694,1.0,1.0,0.0,1.0,0.0,316,36.747440338134766,fresh_online_exploration,17,20,1.0,1.0,9.667521476745605,3.1821587085723877,4.852720737457275
208512,54,1.003832221031189,1.003832221031189,1.0039927959442139,0.00016059585323091596,1.0,1.0,0.0,1.0,0.0,319,36.850364685058594,fresh_online_exploration,17,20,1.0,1.0,9.573893547058105,3.1964731216430664,4.732283115386963
208512,58,1.0018013715744019,1.0018013715744019,1.0022921562194824,0.0004908734699711204,1.0,1.0,0.0,0.0,0.0,306,36.501949310302734,fresh_online_exploration,17,20,1.0,1.0,9.62020492553711,3.222583770751953,5.133271217346191
208512,78,1.004521369934082,1.004521369934082,1.0164676904678345,0.011946313083171844,1.0,1.0,0.0,0.0,0.0,316,36.75483703613281,fresh_online_exploration,17,20,1.0,1.0,9.612954139709473,3.2185850143432617,4.911699295043945
208704,4,1.00263249874115,1.00263249874115,1.010216474533081,0.007583972532302141,1.0,1.0,0.0,0.0,0.0,311,36.743309020996094,fresh_online_exploration,17,20,1.0,1.0,9.511066436767578,3.199873208999634,5.029233455657959
208704,51,1.0015769004821777,1.0015769004821777,1.001664400100708,8.759663614910096e-05,1.0,1.0,0.0,1.0,0.0,314,36.668277740478516,fresh_online_exploration,17,20,1.0,1.0,9.481667518615723,3.170602798461914,4.888796329498291
208704,56,1.003541350364685,1.003541350364685,1.0036003589630127,5.8997080486733466e-05,1.0,1.0,0.0,0.0,0.0,310,36.69445037841797,fresh_online_exploration,17,20,1.0,1.0,9.738489151000977,3.2371602058410645,5.007969856262207
208896,16,1.0018824338912964,1.0018824338912964,1.0105769634246826,0.008694448508322239,1.0,1.0,0.0,0.0,0.0,306,36.520389556884766,fresh_online_exploration,17,20,1.0,1.0,9.611384391784668,3.194939374923706,5.203295707702637
208992,43,1.003807544708252,1.003807544708252,1.004096269607544,0.0002887692244257778,1.0,1.0,0.0,0.0,0.0,312,36.78433609008789,fresh_online_exploration,17,20,1.0,1.0,9.596885681152344,3.220737934112549,4.919863224029541
209088,10,1.0000487565994263,1.0000487565994263,1.0001788139343262,0.0001301197917200625,1.0,1.0,0.0,0.0,0.0,305,36.389549255371094,fresh_online_exploration,17,20,1.0,1.0,9.587258338928223,3.239068031311035,5.18778657913208
209088,27,1.004425287246704,1.004425287246704,1.0045044422149658,7.908439874881878e-05,1.0,1.0,0.0,1.0,0.0,315,36.72167205810547,fresh_online_exploration,17,20,1.0,1.0,9.570194244384766,3.193871259689331,4.883603096008301
209088,30,1.0018084049224854,1.0018084049224854,1.0050110816955566,0.0032027228735387325,1.0,1.0,0.0,0.0,0.0,310,36.63346862792969,fresh_online_exploration,17,20,1.0,1.0,9.5044584274292,3.248867988586426,5.030223369598389
209280,66,1.0002974271774292,1.0002974271774292,1.0005662441253662,0.0002688677632249892,1.0,1.0,0.0,1.0,0.0,313,36.588722229003906,fresh_online_exploration,17,20,1.0,1.0,9.589217185974121,3.2441112995147705,4.872774124145508
209280,75,1.0008922815322876,1.0008922815322876,1.0009770393371582,8.484570571454242e-05,1.0,1.0,0.0,1.0,0.0,313,36.6513557434082,fresh_online_exploration,17,20,1.0,1.0,9.496246337890625,3.2498693466186523,4.951947212219238
209472,8,1.0006461143493652,1.0006461143493652,1.0011701583862305,0.0005240062600933015,1.0,1.0,0.0,1.0,0.0,315,36.68885803222656,fresh_online_exploration,17,20,1.0,1.0,9.6615571975708,3.238572597503662,4.847011566162109
209472,69,1.0021559000015259,1.0021559000015259,1.0021848678588867,2.8876074793515727e-05,1.0,1.0,0.0,0.0,0.0,305,36.478111267089844,fresh_online_exploration,18,20,1.0,1.0,9.621830940246582,3.2385339736938477,5.140132427215576
209472,79,1.0030843019485474,1.0030843019485474,1.0031838417053223,9.952967229764909e-05,1.0,1.0,0.0,0.0,0.0,305,36.5284538269043,fresh_online_exploration,18,20,1.0,1.0,9.635541915893555,3.2506439685821533,5.136505126953125
209856,13,1.0045311450958252,1.0045311450958252,1.0046131610870361,8.198530849767849e-05,1.0,1.0,0.0,1.0,0.0,318,36.877471923828125,fresh_online_exploration,17,20,1.0,1.0,9.557122230529785,3.252375364303589,4.807914733886719
209856,52,1.0017932653427124,1.0017932653427124,1.007156491279602,0.005363276693969965,1.0,1.0,0.0,0.0,0.0,312,36.65666198730469,fresh_online_exploration,17,20,1.0,1.0,9.702160835266113,3.261723518371582,4.982579231262207
210240,15,1.001531720161438,1.001531720161438,1.0015604496002197,2.8678137823590077e-05,1.0,1.0,0.0,0.0,0.0,308,36.50371170043945,fresh_online_exploration,18,21,1.0,1.0,9.561867713928223,3.2029635906219482,5.072089195251465
210240,82,1.0027689933776855,1.0027689933776855,1.0101637840270996,0.007394856307655573,1.0,1.0,0.0,0.0,0.0,313,36.65520095825195,fresh_online_exploration,18,21,1.0,1.0,9.579147338867188,3.2558908462524414,4.972359657287598
210432,28,1.0022497177124023,1.0022497177124023,1.002530574798584,0.00028096343157812953,1.0,1.0,0.0,1.0,0.0,313,36.675926208496094,fresh_online_exploration,18,21,1.0,1.0,9.636417388916016,3.2246413230895996,4.887667179107666
210528,21,1.0008137226104736,1.0008137226104736,1.0009033679962158,8.958543912740424e-05,1.0,1.0,0.0,1.0,0.0,310,36.67147445678711,fresh_online_exploration,18,21,1.0,1.0,9.618123054504395,3.24446964263916,4.953898906707764
210528,71,1.0046828985214233,1.0046828985214233,1.0049426555633545,0.0002597712154965848,1.0,1.0,0.0,0.0,0.0,317,36.79093551635742,fresh_online_exploration,18,21,1.0,1.0,9.55398941040039,3.2654452323913574,4.797966003417969
210528,95,1.001212477684021,1.001212477684021,1.0013257265090942,0.00011324731895001605,1.0,1.0,0.0,1.0,0.0,318,36.80170440673828,fresh_online_exploration,17,21,1.0,1.0,9.563796043395996,3.2608304023742676,4.805149078369141
210624,64,1.0018532276153564,1.0018532276153564,1.0020443201065063,0.00019109061395283788,1.0,1.0,0.0,1.0,0.0,317,36.722469329833984,fresh_online_exploration,18,21,1.0,1.0,9.655427932739258,3.2433269023895264,4.784447193145752
210816,34,1.004555583000183,1.004555583000183,1.0045908689498901,3.530278991092928e-05,1.0,1.0,0.0,1.0,0.0,316,36.808189392089844,fresh_online_exploration,18,21,1.0,1.0,9.549820899963379,3.233902931213379,4.8264241218566895
210816,45,1.003403663635254,1.003403663635254,1.0036225318908691,0.00021882519649807364,1.0,1.0,0.0,1.0,0.0,315,36.627342224121094,fresh_online_exploration,18,21,1.0,1.0,9.645042419433594,3.295879602432251,4.865255355834961
210912,5,1.0017569065093994,1.0017569065093994,1.0018641948699951,0.00010722920706029981,1.0,1.0,0.0,1.0,0.0,311,36.65772247314453,fresh_online_exploration,18,21,1.0,1.0,9.6193265914917,3.2878925800323486,4.953313827514648
210912,83,1.0015169382095337,1.0015169382095337,1.0016332864761353,0.0001163648848887533,1.0,1.0,0.0,1.0,0.0,323,36.8248405456543,fresh_online_exploration,17,21,1.0,1.0,9.528778076171875,3.255970001220703,4.594603538513184
211008,22,1.0004230737686157,1.0004230737686157,1.0004818439483643,5.867254003533162e-05,1.0,1.0,0.0,0.0,0.0,308,36.5039176940918,fresh_online_exploration,18,21,1.0,1.0,9.496614456176758,3.243290901184082,5.0776214599609375
211008,29,1.0050076246261597,1.0050076246261597,1.005162239074707,0.0001546045095892623,1.0,1.0,0.0,1.0,0.0,317,36.83707046508789,fresh_online_exploration,18,21,1.0,1.0,9.629379272460938,3.3005783557891846,4.832965850830078
211008,63,1.003584861755371,1.003584861755371,1.0038942098617554,0.0003093189443461597,1.0,1.0,0.0,1.0,0.0,318,36.80491256713867,fresh_online_exploration,18,21,1.0,1.0,9.545395851135254,3.251565933227539,4.7861809730529785
211200,80,1.0055502653121948,1.0055502653121948,1.005707859992981,0.00015759043162688613,1.0,1.0,0.0,1.0,0.0,313,36.76335144042969,fresh_online_exploration,18,21,1.0,1.0,9.607073783874512,3.243119239807129,4.979912281036377
211296,18,1.0043551921844482,1.0043551921844482,1.0103249549865723,0.0059698475524783134,1.0,1.0,0.0,0.0,0.0,314,36.704246520996094,fresh_online_exploration,18,21,1.0,1.0,9.608929634094238,3.2435405254364014,4.932286262512207
211296,88,1.0001319646835327,1.0001319646835327,1.0001435279846191,1.1601018741203006e-05,1.0,1.0,0.0,1.0,0.0,314,36.668121337890625,fresh_online_exploration,18,21,1.0,1.0,9.668471336364746,3.2510132789611816,4.868869781494141
211392,55,1.0016059875488281,1.0016059875488281,1.0017919540405273,0.00018601701594889164,1.0,1.0,0.0,1.0,0.0,323,36.93023681640625,fresh_online_exploration,18,21,1.0,1.0,9.637758255004883,3.2371771335601807,4.6394548416137695
211488,19,1.0032265186309814,1.0032265186309814,1.0035045146942139,0.00027800039970315993,1.0,1.0,0.0,1.0,0.0,323,36.92613220214844,fresh_online_exploration,18,21,1.0,1.0,9.624323844909668,3.268338441848755,4.636266708374023
211488,65,1.0043201446533203,1.0043201446533203,1.0074057579040527,0.0030855441000312567,1.0,1.0,0.0,0.0,0.0,312,36.760475158691406,fresh_online_exploration,18,21,1.0,1.0,9.479515075683594,3.271994113922119,4.976014614105225
211680,1,1.002753734588623,1.002753734588623,1.0030417442321777,0.0002880404645111412,1.0,1.0,0.0,1.0,0.0,319,36.84697723388672,fresh_online_exploration,18,21,1.0,1.0,9.609112739562988,3.264488697052002,4.731190204620361
211872,40,1.001712441444397,1.001712441444397,1.0025020837783813,0.0007896363968029618,1.0,1.0,0.0,1.0,0.0,318,36.76254653930664,fresh_online_exploration,18,21,1.0,1.0,9.566849708557129,3.240372896194458,4.761087417602539
212352,53,1.0003479719161987,1.0003479719161987,1.000654697418213,0.00030670108390040696,1.0,1.0,0.0,1.0,0.0,319,36.597251892089844,fresh_online_exploration,18,21,1.0,1.0,9.61374282836914,3.2509970664978027,4.751715183258057
212736,9,1.0044630765914917,1.0044630765914917,1.004683256149292,0.00022025109501555562,1.0,1.0,0.0,1.0,0.0,312,36.77619934082031,fresh_online_exploration,18,21,1.0,1.0,9.65372371673584,3.2607100009918213,4.9690165519714355
212832,94,1.0014420747756958,1.0014420747756958,1.0016318559646606,0.00018976877618115395,1.0,1.0,0.0,0.0,0.0,308,36.528743743896484,fresh_online_exploration,18,21,1.0,1.0,9.669092178344727,3.2860348224639893,5.042521953582764
213120,47,1.000393271446228,1.000393271446228,1.0004026889801025,9.467603376833722e-06,1.0,1.0,0.0,1.0,0.0,314,36.75108337402344,fresh_online_exploration,18,21,1.0,1.0,9.556495666503906,3.2930848598480225,4.909097671508789
213600,57,1.0010207891464233,1.0010207891464233,1.0011451244354248,0.00012439365673344582,1.0,1.0,0.0,1.0,0.0,326,36.82548904418945,fresh_online_exploration,18,21,1.0,1.0,9.575236320495605,3.2728629112243652,4.543543338775635
213888,92,1.0018551349639893,1.0018551349639893,1.0023115873336792,0.0004564114206004888,1.0,1.0,0.0,1.0,0.0,324,36.77693176269531,fresh_online_exploration,18,21,1.0,1.0,9.630669593811035,3.2787086963653564,4.626551151275635
213984,74,1.0037750005722046,1.0037750005722046,1.0043550729751587,0.0005800540675409138,1.0,1.0,0.0,0.0,0.0,319,36.80937576293945,fresh_online_exploration,18,21,1.0,1.0,9.638599395751953,3.2839839458465576,4.741021156311035
214368,89,1.0001912117004395,1.0001912117004395,1.0002648830413818,7.3729817813728e-05,1.0,1.0,0.0,1.0,0.0,322,36.86729431152344,fresh_online_exploration,18,21,1.0,1.0,9.516773223876953,3.3168866634368896,4.615285396575928
215136,6,1.0043259859085083,1.0043259859085083,1.0051194429397583,0.0007934939349070191,1.0,1.0,0.0,1.0,0.0,327,36.96546936035156,fresh_online_exploration,18,21,1.0,1.0,9.532136917114258,3.277900457382202,4.507918834686279
230880,91,1.0028191804885864,1.0028191804885864,1.0031819343566895,0.00036267255200073123,1.0,1.0,0.0,0.0,0.0,306,36.58727264404297,fresh_online_exploration,20,23,1.0,1.0,9.752193450927734,3.534214735031128,5.095846652984619
232224,39,1.0006837844848633,1.0006837844848633,1.0008065700531006,0.00012282324314583093,1.0,1.0,0.0,0.0,0.0,301,36.34912109375,fresh_online_exploration,20,23,1.0,1.0,9.66625690460205,3.544156074523926,5.2736077308654785
233280,70,1.002245545387268,1.002245545387268,1.0024324655532837,0.0001868971885414794,1.0,1.0,0.0,0.0,0.0,302,36.457237243652344,fresh_online_exploration,20,23,1.0,1.0,9.695512771606445,3.562817335128784,5.2214508056640625
233472,26,1.0013056993484497,1.0013056993484497,1.0013172626495361,1.1584151252463926e-05,1.0,1.0,0.0,0.0,0.0,307,36.44805908203125,fresh_online_exploration,20,23,1.0,1.0,9.66634750366211,3.549147367477417,5.077578067779541
233472,31,1.0011228322982788,1.0011228322982788,1.0011951923370361,7.237503450596705e-05,1.0,1.0,0.0,1.0,0.0,306,36.45662307739258,fresh_online_exploration,20,23,1.0,1.0,9.717936515808105,3.5613796710968018,5.058640003204346
233856,25,1.0013819932937622,1.0013819932937622,1.0016045570373535,0.00022256426746025681,1.0,1.0,0.0,0.0,0.0,304,36.4603271484375,fresh_online_exploration,20,23,1.0,1.0,9.797041893005371,3.6112618446350098,5.1803107261657715
234144,17,1.0024948120117188,1.0024948120117188,1.0025975704193115,0.00010278417903464288,1.0,1.0,0.0,1.0,0.0,308,36.57627487182617,fresh_online_exploration,20,23,1.0,1.0,9.673420906066895,3.5932247638702393,5.069627285003662
234240,11,1.000880241394043,1.000880241394043,1.000887155532837,6.881368790345732e-06,1.0,1.0,0.0,1.0,0.0,317,36.666221618652344,fresh_online_exploration,20,23,1.0,1.0,9.63680362701416,3.5458788871765137,4.801877498626709
234336,2,1.0019859075546265,1.0019859075546265,1.001997947692871,1.2069747754139826e-05,1.0,1.0,0.0,0.0,0.0,304,36.483787536621094,fresh_online_exploration,20,23,1.0,1.0,9.687849044799805,3.589965343475342,5.189687728881836
234624,0,1.0050619840621948,1.0050619840621948,1.005263328552246,0.00020136097737122327,1.0,1.0,0.0,0.0,0.0,306,36.53089141845703,fresh_online_exploration,20,23,1.0,1.0,9.699938774108887,3.576857566833496,5.110082149505615
234720,41,1.0003061294555664,1.0003061294555664,1.010555386543274,0.010249132290482521,1.0,1.0,0.0,0.0,0.0,316,36.63412857055664,fresh_online_exploration,20,23,1.0,1.0,9.67532730102539,3.6045331954956055,4.844758987426758
234720,68,1.0057185888290405,1.0057185888290405,1.0057357549667358,1.7179585483972915e-05,1.0,1.0,0.0,0.0,0.0,305,36.61099624633789,fresh_online_exploration,20,23,1.0,1.0,9.746630668640137,3.5823540687561035,5.184969425201416
234912,32,1.0050963163375854,1.0050963163375854,1.0052814483642578,0.0001851183333201334,1.0,1.0,0.0,0.0,0.0,300,36.49433517456055,fresh_online_exploration,20,23,1.0,1.0,9.830695152282715,3.6039741039276123,5.281394004821777
235200,90,1.001451849937439,1.001451849937439,1.001550316810608,9.851004870142788e-05,1.0,1.0,0.0,0.0,0.0,309,36.560081481933594,fresh_online_exploration,20,23,1.0,1.0,9.668209075927734,3.5562877655029297,5.0592241287231445
235488,62,1.001236081123352,1.001236081123352,1.0012739896774292,3.788543472182937e-05,1.0,1.0,0.0,0.0,0.0,306,36.38383865356445,fresh_online_exploration,20,23,1.0,1.0,9.709001541137695,3.5914461612701416,5.102778434753418
235680,37,1.0014630556106567,1.0014630556106567,1.0015556812286377,9.2592257715296e-05,1.0,1.0,0.0,1.0,0.0,309,36.5035514831543,fresh_online_exploration,20,23,1.0,1.0,9.735177040100098,3.5915238857269287,4.987081527709961
235776,24,1.0008370876312256,1.0008370876312256,1.0010101795196533,0.00017310604744125158,1.0,1.0,0.0,1.0,0.0,310,36.642127990722656,fresh_online_exploration,20,23,1.0,1.0,9.738980293273926,3.6098783016204834,4.988138675689697
235776,93,1.0032087564468384,1.0032087564468384,1.0049777030944824,0.001768959336914122,1.0,1.0,0.0,0.0,0.0,302,36.369075775146484,fresh_online_exploration,20,23,1.0,1.0,9.76127815246582,3.6159400939941406,5.284005165100098
235968,3,1.0018370151519775,1.0018370151519775,1.0021276473999023,0.00029069994343444705,1.0,1.0,0.0,0.0,0.0,306,36.50131607055664,fresh_online_exploration,20,23,1.0,1.0,9.80553913116455,3.607666254043579,5.146538734436035
235968,23,1.004074215888977,1.004074215888977,1.004570484161377,0.0004963511601090431,1.0,1.0,0.0,0.0,0.0,307,36.568416595458984,fresh_online_exploration,20,23,1.0,1.0,9.798604965209961,3.626136064529419,5.094573497772217
236064,60,1.0018340349197388,1.0018340349197388,1.0018503665924072,1.628193786018528e-05,1.0,1.0,0.0,0.0,0.0,304,36.50818634033203,fresh_online_exploration,20,23,1.0,1.0,9.7239351272583,3.617769718170166,5.1864776611328125
236064,73,1.0014857053756714,1.0014857053756714,1.0018486976623535,0.00036298215854912996,1.0,1.0,0.0,0.0,0.0,311,36.644142150878906,fresh_online_exploration,20,23,1.0,1.0,9.657326698303223,3.5980734825134277,4.934401988983154
236352,36,1.0037660598754883,1.0037660598754883,1.01069176197052,0.006925725843757391,1.0,1.0,0.0,0.0,0.0,301,36.424354553222656,fresh_online_exploration,20,23,1.0,1.0,9.784902572631836,3.604280710220337,5.2856221199035645
236352,42,1.000374436378479,1.000374436378479,1.000692367553711,0.0003179231134708971,1.0,1.0,0.0,0.0,0.0,306,36.47113037109375,fresh_online_exploration,20,23,1.0,1.0,9.751545906066895,3.584751844406128,5.095639228820801
236352,44,1.001767873764038,1.001767873764038,1.0017781257629395,1.0167393156734761e-05,1.0,1.0,0.0,0.0,0.0,312,36.620155334472656,fresh_online_exploration,20,23,1.0,1.0,9.742963790893555,3.577956199645996,4.9071502685546875
236448,81,1.0026345252990723,1.0026345252990723,1.0027613639831543,0.00012675458856392652,1.0,1.0,0.0,1.0,0.0,310,36.643455505371094,fresh_online_exploration,20,23,1.0,1.0,9.590770721435547,3.5991857051849365,4.9827799797058105
236544,48,1.003794550895691,1.003794550895691,1.0038306713104248,3.615991954575293e-05,1.0,1.0,0.0,1.0,0.0,313,36.61054229736328,fresh_online_exploration,20,23,1.0,1.0,9.732710838317871,3.6010093688964844,4.918665885925293
236544,49,1.0039411783218384,1.0039411783218384,1.0040860176086426,0.0001448400435037911,1.0,1.0,0.0,0.0,0.0,312,36.69725799560547,fresh_online_exploration,20,23,1.0,1.0,9.688347816467285,3.6140193939208984,4.941394329071045
236832,87,1.0015689134597778,1.0015689134597778,1.0016562938690186,8.740733028389513e-05,1.0,1.0,0.0,0.0,0.0,306,36.40264129638672,fresh_online_exploration,20,23,1.0,1.0,9.626569747924805,3.6172642707824707,5.1254730224609375
237120,46,1.0053863525390625,1.0053863525390625,1.0056060552597046,0.0002197107532992959,1.0,1.0,0.0,1.0,0.0,309,36.5930290222168,fresh_online_exploration,20,23,1.0,1.0,9.641087532043457,3.613457202911377,5.007903099060059
237216,59,1.0010918378829956,1.0010918378829956,1.0014188289642334,0.0003270100860390812,1.0,1.0,0.0,0.0,0.0,317,36.631011962890625,fresh_online_exploration,20,23,1.0,1.0,9.764486312866211,3.599970817565918,4.762162208557129
237312,77,1.005289077758789,1.005289077758789,1.0055084228515625,0.00021944013133179396,1.0,1.0,0.0,1.0,0.0,310,36.626739501953125,fresh_online_exploration,20,23,1.0,1.0,9.835125923156738,3.629136562347412,5.071613788604736
237408,78,1.0001177787780762,1.0001177787780762,1.0112318992614746,0.011114059016108513,1.0,1.0,0.0,0.0,0.0,301,36.27405548095703,fresh_online_exploration,20,23,1.0,1.0,9.733845710754395,3.638606071472168,5.3003387451171875
237600,56,1.0011677742004395,1.0011677742004395,1.0012564659118652,8.860581874614581e-05,1.0,1.0,0.0,0.0,0.0,301,36.40637969970703,fresh_online_exploration,20,23,1.0,1.0,9.766008377075195,3.618525981903076,5.243635654449463
237600,61,1.003507375717163,1.003507375717163,1.0036439895629883,0.00013658359239343554,1.0,1.0,0.0,0.0,0.0,309,36.63737106323242,fresh_online_exploration,20,23,1.0,1.0,9.663705825805664,3.6120522022247314,5.059324264526367
237696,84,1.0032440423965454,1.0032440423965454,1.003672480583191,0.00042846566066145897,1.0,1.0,0.0,0.0,0.0,311,36.62446594238281,fresh_online_exploration,20,23,1.0,1.0,9.632712364196777,3.6012871265411377,4.938277721405029
237792,14,1.0009561777114868,1.0009561777114868,1.0011816024780273,0.00022544461535289884,1.0,1.0,0.0,0.0,0.0,309,36.573036193847656,fresh_online_exploration,20,23,1.0,1.0,9.608914375305176,3.637190341949463,4.956132411956787
237792,54,1.0053716897964478,1.0053716897964478,1.0055363178253174,0.00016459476319141686,1.0,1.0,0.0,0.0,0.0,305,36.55252456665039,fresh_online_exploration,20,23,1.0,1.0,9.662193298339844,3.6408956050872803,5.168341159820557
237792,67,1.0009839534759521,1.0009839534759521,1.001333236694336,0.00034932128619402647,1.0,1.0,0.0,1.0,0.0,322,36.833885192871094,fresh_online_exploration,20,23,1.0,1.0,9.718404769897461,3.5934557914733887,4.652625560760498
237792,85,1.0024856328964233,1.0024856328964233,1.0026781558990479,0.00019246453302912414,1.0,1.0,0.0,0.0,0.0,311,36.685264587402344,fresh_online_exploration,20,23,1.0,1.0,9.755158424377441,3.601078987121582,4.895260810852051
237888,76,1.002543330192566,1.002543330192566,1.0025928020477295,4.945810360368341e-05,1.0,1.0,0.0,0.0,0.0,307,36.584293365478516,fresh_online_exploration,20,23,1.0,1.0,9.739652633666992,3.6395046710968018,5.160110950469971
238080,7,1.0041048526763916,1.0041048526763916,1.0132818222045898,0.009176917374134064,1.0,1.0,0.0,0.0,0.0,316,36.820003509521484,fresh_online_exploration,20,23,1.0,1.0,9.770181655883789,3.619964122772217,4.903360843658447
238080,35,1.0010430812835693,1.0010430812835693,1.0016026496887207,0.0005595946568064392,1.0,1.0,0.0,0.0,0.0,313,36.70066833496094,fresh_online_exploration,20,23,1.0,1.0,9.633901596069336,3.5997090339660645,4.902255535125732
238368,12,1.0001767873764038,1.0001767873764038,1.000253677368164,7.686615572310984e-05,1.0,1.0,0.0,1.0,0.0,314,36.59125518798828,fresh_online_exploration,20,23,1.0,1.0,9.74808120727539,3.6232476234436035,4.890474796295166
238368,20,1.005298137664795,1.005298137664795,1.0065953731536865,0.0012971996329724789,1.0,1.0,0.0,0.0,0.0,316,36.84607696533203,fresh_online_exploration,20,23,1.0,1.0,9.694670677185059,3.5997824668884277,4.844120025634766
238368,33,1.0044831037521362,1.0044831037521362,1.0049943923950195,0.0005113355000503361,1.0,1.0,0.0,1.0,0.0,317,36.78126907348633,fresh_online_exploration,20,23,1.0,1.0,9.670495986938477,3.617368221282959,4.8364105224609375
238464,4,1.0006579160690308,1.0006579160690308,1.0084643363952637,0.00780645152553916,1.0,1.0,0.0,0.0,0.0,310,36.57177734375,fresh_online_exploration,20,23,1.0,1.0,9.702200889587402,3.6426174640655518,5.039615631103516
238464,43,1.0008108615875244,1.0008108615875244,1.0011296272277832,0.00031883077463135123,1.0,1.0,0.0,0.0,0.0,307,36.577152252197266,fresh_online_exploration,20,23,1.0,1.0,9.745235443115234,3.640096426010132,5.070765972137451
238464,50,1.001740574836731,1.001740574836731,1.0028724670410156,0.0011318332981318235,1.0,1.0,0.0,0.0,0.0,324,36.88344955444336,fresh_online_exploration,20,23,1.0,1.0,9.7569580078125,3.6097793579101562,4.549921035766602
238560,10,1.0053198337554932,1.0053198337554932,1.0055211782455444,0.00020136195234954357,1.0,1.0,0.0,1.0,0.0,307,36.62356948852539,fresh_online_exploration,20,23,1.0,1.0,9.766144752502441,3.6686689853668213,5.0611186027526855
238560,27,1.0049821138381958,1.0049821138381958,1.0049984455108643,1.6377167412429117e-05,1.0,1.0,0.0,0.0,0.0,307,36.6336669921875,fresh_online_exploration,20,23,1.0,1.0,9.761100769042969,3.640502452850342,5.1481404304504395
238656,58,1.0037564039230347,1.0037564039230347,1.0040416717529297,0.0002853282494470477,1.0,1.0,0.0,1.0,0.0,314,36.794700622558594,fresh_online_exploration,20,23,1.0,1.0,9.674026489257812,3.6236259937286377,4.89689826965332
238848,38,1.0014930963516235,1.0014930963516235,1.0133243799209595,0.01183119136840105,1.0,1.0,0.0,0.0,0.0,320,36.804588317871094,fresh_online_exploration,20,23,1.0,1.0,9.749109268188477,3.631622791290283,4.747247219085693
238848,72,1.0038212537765503,1.0038212537765503,1.003901481628418,8.023229020182043e-05,1.0,1.0,0.0,1.0,0.0,321,36.878623962402344,fresh_online_exploration,20,23,1.0,1.0,9.684247016906738,3.6119415760040283,4.695914268493652
238848,86,1.000719428062439,1.000719428062439,1.0009236335754395,0.0002041947009274736,1.0,1.0,0.0,1.0,0.0,320,36.764530181884766,fresh_online_exploration,20,23,1.0,1.0,9.700288772583008,3.6153128147125244,4.64336633682251
238944,16,1.000228762626648,1.000228762626648,1.0064319372177124,0.0062032132409513,1.0,1.0,0.0,0.0,0.0,313,36.585350036621094,fresh_online_exploration,20,23,1.0,1.0,9.762713432312012,3.6508352756500244,4.906119346618652
239040,51,1.0001169443130493,1.0001169443130493,1.0003998279571533,0.00028287869645282626,1.0,1.0,0.0,0.0,0.0,316,36.726531982421875,fresh_online_exploration,20,23,1.0,1.0,9.653908729553223,3.619189977645874,4.8505377769470215
239520,30,1.0007262229919434,1.0007262229919434,1.0032228231430054,0.002496605273336172,1.0,1.0,0.0,0.0,0.0,317,36.82383728027344,fresh_online_exploration,20,23,1.0,1.0,9.65800952911377,3.6320934295654297,4.845716953277588
239616,69,1.003749132156372,1.003749132156372,1.0040934085845947,0.0003442624874878675,1.0,1.0,0.0,0.0,0.0,314,36.705474853515625,fresh_online_exploration,20,23,1.0,1.0,9.596624374389648,3.629564046859741,4.860969543457031
239712,8,1.0043226480484009,1.0043226480484009,1.004610300064087,0.0002877156366594136,1.0,1.0,0.0,1.0,0.0,315,36.76824951171875,fresh_online_exploration,20,23,1.0,1.0,9.694098472595215,3.642733573913574,4.8488874435424805
239808,21,1.0019688606262207,1.0019688606262207,1.0023648738861084,0.0003959588357247412,1.0,1.0,0.0,0.0,0.0,305,36.4458122253418,fresh_online_exploration,21,23,1.0,1.0,9.676732063293457,3.657416343688965,5.1704559326171875
239808,52,1.0007518529891968,1.0007518529891968,1.0007672309875488,1.5366807929240167e-05,1.0,1.0,0.0,1.0,0.0,312,36.723514556884766,fresh_online_exploration,20,23,1.0,1.0,9.648880004882812,3.6448442935943604,4.952143669128418
239808,66,1.0043734312057495,1.0043734312057495,1.00442636013031,5.290368790156208e-05,1.0,1.0,0.0,1.0,0.0,318,36.862674713134766,fresh_online_exploration,20,23,1.0,1.0,9.681140899658203,3.653698205947876,4.74939489364624
240000,15,1.0037245750427246,1.0037245750427246,1.0093786716461182,0.005653971340507269,1.0,1.0,0.0,0.0,0.0,310,36.665977478027344,fresh_online_exploration,21,23,1.0,1.0,9.682808876037598,3.6745524406433105,5.059291362762451
240000,75,1.0038490295410156,1.0038490295410156,1.0039327144622803,8.367968985112384e-05,1.0,1.0,0.0,1.0,0.0,320,36.90686798095703,fresh_online_exploration,20,23,1.0,1.0,9.65820026397705,3.6297101974487305,4.727632522583008
240288,28,1.0023196935653687,1.0023196935653687,1.0023632049560547,4.361541505204514e-05,1.0,1.0,0.0,1.0,0.0,311,36.59855270385742,fresh_online_exploration,21,24,1.0,1.0,9.785792350769043,3.630596876144409,4.960426330566406
240384,13,1.004734754562378,1.004734754562378,1.004838466644287,0.00010381993342889473,1.0,1.0,0.0,1.0,0.0,318,36.861270904541016,fresh_online_exploration,20,24,1.0,1.0,9.66326904296875,3.645209789276123,4.770170211791992
240480,71,1.0052858591079712,1.0052858591079712,1.005450963973999,0.00016512835281901062,1.0,1.0,0.0,1.0,0.0,312,36.719276428222656,fresh_online_exploration,21,24,1.0,1.0,9.70256233215332,3.6552915573120117,4.920811176300049
240480,79,1.0022168159484863,1.0022168159484863,1.002268671989441,5.186659109313041e-05,1.0,1.0,0.0,1.0,0.0,323,36.781578063964844,fresh_online_exploration,20,24,1.0,1.0,9.7257661819458,3.6495394706726074,4.672301769256592
240576,82,1.0016857385635376,1.0016857385635376,1.0107442140579224,0.009058510884642601,1.0,1.0,0.0,0.0,0.0,316,36.808807373046875,fresh_online_exploration,21,24,1.0,1.0,9.622706413269043,3.671570062637329,4.865987300872803
240768,64,1.0050926208496094,1.0050926208496094,1.0051099061965942,1.7231212041224353e-05,1.0,1.0,0.0,1.0,0.0,314,36.70604705810547,fresh_online_exploration,21,24,1.0,1.0,9.591415405273438,3.6944143772125244,4.944035530090332
240768,95,1.0013220310211182,1.0013220310211182,1.0015218257904053,0.00019981549121439457,1.0,1.0,0.0,1.0,0.0,315,36.648136138916016,fresh_online_exploration,21,24,1.0,1.0,9.68722915649414,3.6626946926116943,4.838506698608398
240864,34,1.0017508268356323,1.0017508268356323,1.001861572265625,0.00011078277020715177,1.0,1.0,0.0,1.0,0.0,313,36.71226501464844,fresh_online_exploration,21,24,1.0,1.0,9.62060260772705,3.6279592514038086,4.933350563049316
240960,29,1.0032072067260742,1.0032072067260742,1.0033615827560425,0.00015437492402270436,1.0,1.0,0.0,0.0,0.0,312,36.626502990722656,fresh_online_exploration,21,24,1.0,1.0,9.80318832397461,3.6385817527770996,4.955986976623535
240960,55,1.0048753023147583,1.0048753023147583,1.0054177045822144,0.0005423643742688,1.0,1.0,0.0,0.0,0.0,308,36.58418273925781,fresh_online_exploration,21,24,1.0,1.0,9.694771766662598,3.678194046020508,5.0874176025390625
240960,83,1.0013771057128906,1.0013771057128906,1.001615047454834,0.00023801525821909308,1.0,1.0,0.0,1.0,0.0,313,36.625484466552734,fresh_online_exploration,21,24,1.0,1.0,9.588251113891602,3.668496608734131,4.904670238494873
241056,22,1.002367377281189,1.002367377281189,1.0024783611297607,0.00011091964552178979,1.0,1.0,0.0,1.0,0.0,313,36.702110290527344,fresh_online_exploration,21,24,1.0,1.0,9.6248140335083,3.6375906467437744,4.9315104484558105
241152,63,1.003804326057434,1.003804326057434,1.004185676574707,0.00038141183904372156,1.0,1.0,0.0,0.0,0.0,314,36.73432922363281,fresh_online_exploration,21,24,1.0,1.0,9.689126968383789,3.6332485675811768,4.87082576751709
241344,5,1.004928708076477,1.004928708076477,1.005028247833252,9.960841271094978e-05,1.0,1.0,0.0,1.0,0.0,317,36.80005645751953,fresh_online_exploration,21,24,1.0,1.0,9.608120918273926,3.669919490814209,4.823051929473877
241344,45,1.0043652057647705,1.0043652057647705,1.0043762922286987,1.1125775017717388e-05,1.0,1.0,0.0,1.0,0.0,318,36.7598991394043,fresh_online_exploration,21,24,1.0,1.0,9.676362037658691,3.644630193710327,4.792409420013428
241440,18,1.0017083883285522,1.0017083883285522,1.0074604749679565,0.005752037279307842,1.0,1.0,0.0,0.0,0.0,314,36.66499328613281,fresh_online_exploration,21,24,1.0,1.0,9.705121994018555,3.681241035461426,4.93674898147583
241536,65,1.0048919916152954,1.0048919916152954,1.0053786039352417,0.00048669971874915063,1.0,1.0,0.0,0.0,0.0,313,36.66584014892578,fresh_online_exploration,21,24,1.0,1.0,9.596576690673828,3.65104079246521,4.902380466461182
241632,80,1.0040181875228882,1.0040181875228882,1.004204273223877,0.00018605163495521992,1.0,1.0,0.0,1.0,0.0,317,36.821998596191406,fresh_online_exploration,21,24,1.0,1.0,9.706558227539062,3.6484122276306152,4.806876182556152
241632,88,1.0019663572311401,1.0019663572311401,1.0020642280578613,9.791413322091103e-05,1.0,1.0,0.0,1.0,0.0,316,36.75493621826172,fresh_online_exploration,21,24,1.0,1.0,9.696145057678223,3.6788735389709473,4.8216400146484375
241728,1,1.0051006078720093,1.0051006078720093,1.0051699876785278,6.938210572116077e-05,1.0,1.0,0.0,1.0,0.0,313,36.76985549926758,fresh_online_exploration,21,24,1.0,1.0,9.740171432495117,3.657005786895752,4.949524879455566
242112,19,1.0004459619522095,1.0004459619522095,1.000701665878296,0.0002557753468863666,1.0,1.0,0.0,1.0,0.0,319,36.80919647216797,fresh_online_exploration,21,24,1.0,1.0,9.64620590209961,3.6543526649475098,4.721173286437988
242880,40,1.0002720355987549,1.0002720355987549,1.0005375146865845,0.00026543138665147126,1.0,1.0,0.0,1.0,0.0,323,36.934608459472656,fresh_online_exploration,21,24,1.0,1.0,9.6382417678833,3.6516921520233154,4.626439571380615
242976,9,1.003342628479004,1.003342628479004,1.003359317779541,1.6767407942097634e-05,1.0,1.0,0.0,1.0,0.0,315,36.64623260498047,fresh_online_exploration,21,24,1.0,1.0,9.70070743560791,3.648541212081909,4.867376804351807
243168,53,1.0016746520996094,1.0016746520996094,1.0018470287322998,0.00017244444461539388,1.0,1.0,0.0,1.0,0.0,321,36.786216735839844,fresh_online_exploration,21,24,1.0,1.0,9.690529823303223,3.685795783996582,4.70461893081665
244032,92,1.0004298686981201,1.0004298686981201,1.0004470348358154,1.709064054011833e-05,1.0,1.0,0.0,1.0,0.0,314,36.584564208984375,fresh_online_exploration,21,24,1.0,1.0,9.749543190002441,3.680617332458496,4.840170860290527
244224,47,1.0004639625549316,1.0004639625549316,1.0008313655853271,0.0003673762548714876,1.0,1.0,0.0,1.0,0.0,324,36.8891487121582,fresh_online_exploration,21,24,1.0,1.0,9.696236610412598,3.699211359024048,4.604158878326416
244224,94,1.0009251832962036,1.0009251832962036,1.0014092922210693,0.0004841736808884889,1.0,1.0,0.0,1.0,0.0,327,36.94228744506836,fresh_online_exploration,21,24,1.0,1.0,9.740609169006348,3.670950174331665,4.493578910827637
244320,57,1.0000762939453125,1.0000762939453125,1.0001436471939087,6.731404573656619e-05,1.0,1.0,0.0,1.0,0.0,320,36.78957748413086,fresh_online_exploration,21,24,1.0,1.0,9.547345161437988,3.6913530826568604,4.757343769073486
244320,89,1.000596523284912,1.000596523284912,1.000612735748291,1.6317762856488116e-05,1.0,1.0,0.0,0.0,0.0,312,36.65420913696289,fresh_online_exploration,21,24,1.0,1.0,9.741500854492188,3.6944375038146973,4.951765060424805
244896,74,1.0016546249389648,1.0016546249389648,1.0017023086547852,4.774669650942087e-05,1.0,1.0,0.0,1.0,0.0,322,36.85127258300781,fresh_online_exploration,21,24,1.0,1.0,9.659856796264648,3.7239832878112793,4.64287805557251
246048,6,1.0000656843185425,1.0000656843185425,1.0004760026931763,0.00041034206515178084,1.0,1.0,0.0,1.0,0.0,322,36.93613052368164,fresh_online_exploration,21,24,1.0,1.0,9.70747184753418,3.6725735664367676,4.637228012084961
260544,91,1.0050748586654663,1.0050748586654663,1.0052580833435059,0.00018318886577617377,1.0,1.0,0.0,1.0,0.0,309,36.68838119506836,fresh_online_exploration,23,26,1.0,1.0,9.79084587097168,3.8303468227386475,5.046494960784912
260640,39,1.0030698776245117,1.0030698776245117,1.00309157371521,2.164812212868128e-05,1.0,1.0,0.0,0.0,0.0,296,36.272804260253906,fresh_online_exploration,23,26,1.0,1.0,9.80025577545166,3.889338493347168,5.397310256958008
262272,26,1.000130534172058,1.000130534172058,1.0001428127288818,1.2246425285411533e-05,1.0,1.0,0.0,0.0,0.0,300,36.362918853759766,fresh_online_exploration,23,26,1.0,1.0,9.75219440460205,3.881059169769287,5.323731422424316
262368,70,1.0021933317184448,1.0021933317184448,1.0023682117462158,0.0001749094226397574,1.0,1.0,0.0,0.0,0.0,303,36.485374450683594,fresh_online_exploration,23,26,1.0,1.0,9.8494291305542,3.881922721862793,5.225057601928711
262464,31,1.0009039640426636,1.0009039640426636,1.0009925365447998,8.860816160449758e-05,1.0,1.0,0.0,0.0,0.0,302,36.38145446777344,fresh_online_exploration,23,26,1.0,1.0,9.741410255432129,3.8882765769958496,5.231769561767578
263520,0,1.0015642642974854,1.0015642642974854,1.0015807151794434,1.637041896174196e-05,1.0,1.0,0.0,0.0,0.0,301,36.46842575073242,fresh_online_exploration,23,26,1.0,1.0,9.793373107910156,3.9139482975006104,5.242898464202881
263520,2,1.005239486694336,1.005239486694336,1.0052521228790283,1.2584836440510117e-05,1.0,1.0,0.0,0.0,0.0,304,36.52558898925781,fresh_online_exploration,23,26,1.0,1.0,9.723949432373047,3.919755697250366,5.201457977294922
263904,17,1.0001415014266968,1.0001415014266968,1.0004055500030518,0.000264136673649773,1.0,1.0,0.0,1.0,0.0,310,36.58261489868164,fresh_online_exploration,23,26,1.0,1.0,9.791644096374512,3.8612992763519287,4.9814839363098145
263904,25,1.0026955604553223,1.0026955604553223,1.002724528312683,2.8933476642123424e-05,1.0,1.0,0.0,1.0,0.0,313,36.64230728149414,fresh_online_exploration,23,26,1.0,1.0,9.779380798339844,3.891409397125244,4.910120964050293
264096,11,1.0004675388336182,1.0004675388336182,1.000685691833496,0.00021807198936585337,1.0,1.0,0.0,0.0,0.0,311,36.52946472167969,fresh_online_exploration,23,26,1.0,1.0,9.827874183654785,3.8873605728149414,4.925122261047363
264192,90,1.0050594806671143,1.0050594806671143,1.0053530931472778,0.0002935980446636677,1.0,1.0,0.0,0.0,0.0,302,36.528533935546875,fresh_online_exploration,23,26,1.0,1.0,9.830238342285156,3.9101014137268066,5.2494096755981445
264288,32,1.0032895803451538,1.0032895803451538,1.003388524055481,9.895639232126996e-05,1.0,1.0,0.0,0.0,0.0,306,36.47597885131836,fresh_online_exploration,23,26,1.0,1.0,9.698199272155762,3.8806779384613037,5.125118732452393
264384,68,1.0018917322158813,1.0018917322158813,1.002098560333252,0.0002068514295388013,1.0,1.0,0.0,1.0,0.0,309,36.552978515625,fresh_online_exploration,23,26,1.0,1.0,9.831714630126953,3.9195685386657715,5.020021438598633
264480,41,1.0037944316864014,1.0037944316864014,1.0117707252502441,0.007976335473358631,1.0,1.0,0.0,0.0,0.0,310,36.60901641845703,fresh_online_exploration,23,26,1.0,1.0,9.705519676208496,3.8991029262542725,5.039880275726318
264576,62,1.0018261671066284,1.0018261671066284,1.0018410682678223,1.484627864556387e-05,1.0,1.0,0.0,0.0,0.0,303,36.38623809814453,fresh_online_exploration,23,26,1.0,1.0,9.811178207397461,3.9234602451324463,5.1920576095581055
264672,37,1.0022186040878296,1.0022186040878296,1.0022335052490234,1.485849224991398e-05,1.0,1.0,0.0,0.0,0.0,302,36.40897750854492,fresh_online_exploration,23,26,1.0,1.0,9.79526424407959,3.8954660892486572,5.245800495147705
265248,23,1.005402684211731,1.005402684211731,1.0054197311401367,1.7092112102545798e-05,1.0,1.0,0.0,0.0,0.0,305,36.63676452636719,fresh_online_exploration,23,26,1.0,1.0,9.818193435668945,3.9102578163146973,5.15548849105835
265248,44,1.001214623451233,1.001214623451233,1.0017791986465454,0.0005645964993163943,1.0,1.0,0.0,0.0,0.0,301,36.393707275390625,fresh_online_exploration,23,26,1.0,1.0,9.811635971069336,3.917992115020752,5.229350566864014
265440,24,1.001997470855713,1.001997470855713,1.0024096965789795,0.0004121453675907105,1.0,1.0,0.0,0.0,0.0,309,36.56828308105469,fresh_online_exploration,23,26,1.0,1.0,9.735247611999512,3.9083852767944336,4.996564865112305
265440,73,1.001079797744751,1.001079797744751,1.001096248626709,1.6531263099750504e-05,1.0,1.0,0.0,0.0,0.0,306,36.4741325378418,fresh_online_exploration,23,26,1.0,1.0,9.776081085205078,3.8958282470703125,5.1144795417785645
265536,3,1.0003639459609985,1.0003639459609985,1.0003807544708252,1.6871288607944734e-05,1.0,1.0,0.0,1.0,0.0,308,36.55297088623047,fresh_online_exploration,23,26,1.0,1.0,9.746867179870605,3.911332368850708,5.029921054840088
265536,60,1.002124547958374,1.002124547958374,1.0023517608642578,0.00022715386876370758,1.0,1.0,0.0,0.0,0.0,307,36.52998733520508,fresh_online_exploration,23,26,1.0,1.0,9.869803428649902,3.8749170303344727,5.046324253082275
265632,49,1.0023958683013916,1.0023958683013916,1.0052852630615234,0.0028892895206809044,1.0,1.0,0.0,0.0,0.0,303,36.47580337524414,fresh_online_exploration,23,26,1.0,1.0,9.81010913848877,3.914604902267456,5.263163089752197
265728,93,1.0020627975463867,1.0020627975463867,1.0022449493408203,0.00018217357865069062,1.0,1.0,0.0,1.0,0.0,312,36.64311218261719,fresh_online_exploration,23,26,1.0,1.0,9.862095832824707,3.903487205505371,4.92772912979126
265824,81,1.0042834281921387,1.0042834281921387,1.012542963027954,0.008259463123977184,1.0,1.0,0.0,0.0,0.0,306,36.604347229003906,fresh_online_exploration,23,26,1.0,1.0,9.735454559326172,3.88420033454895,5.171985149383545
266112,48,1.0019763708114624,1.0019763708114624,1.0023363828659058,0.00035996100632473826,1.0,1.0,0.0,0.0,0.0,308,36.51739501953125,fresh_online_exploration,23,26,1.0,1.0,9.817753791809082,3.899758815765381,5.055572032928467
266304,36,1.0023163557052612,1.0023163557052612,1.008268117904663,0.00595184788107872,1.0,1.0,0.0,0.0,0.0,312,36.77566909790039,fresh_online_exploration,23,26,1.0,1.0,9.711560249328613,3.9103310108184814,4.963044166564941
266304,87,1.0052697658538818,1.0052697658538818,1.0056955814361572,0.00042578732245601714,1.0,1.0,0.0,0.0,0.0,307,36.61315155029297,fresh_online_exploration,23,26,1.0,1.0,9.737849235534668,3.8916175365448,5.083836078643799
266592,42,1.0044864416122437,1.0044864416122437,1.0045039653778076,1.7511181795271114e-05,1.0,1.0,0.0,1.0,0.0,315,36.78168487548828,fresh_online_exploration,23,26,1.0,1.0,9.802000045776367,3.944948434829712,4.867391109466553
266688,59,1.000611424446106,1.000611424446106,1.0007328987121582,0.00012145040091127157,1.0,1.0,0.0,0.0,0.0,307,36.460533142089844,fresh_online_exploration,23,26,1.0,1.0,9.811314582824707,3.911245822906494,5.0944037437438965
266784,46,1.0034544467926025,1.0034544467926025,1.0036462545394897,0.00019179764785803854,1.0,1.0,0.0,1.0,0.0,309,36.608306884765625,fresh_online_exploration,23,26,1.0,1.0,9.700450897216797,3.9580202102661133,5.041393756866455
266880,56,1.0036622285842896,1.0036622285842896,1.003826379776001,0.0001641684357309714,1.0,1.0,0.0,0.0,0.0,305,36.55570983886719,fresh_online_exploration,23,26,1.0,1.0,9.87175464630127,3.9117274284362793,5.175723075866699
266880,67,1.002661943435669,1.002661943435669,1.008690357208252,0.006028379313647747,1.0,1.0,0.0,0.0,0.0,303,36.424644470214844,fresh_online_exploration,23,26,1.0,1.0,9.78957462310791,3.9257020950317383,5.251973628997803
266976,54,1.002956509590149,1.002956509590149,1.0031540393829346,0.00019750716455746442,1.0,1.0,0.0,0.0,0.0,304,36.57188415527344,fresh_online_exploration,23,26,1.0,1.0,9.833707809448242,3.9086878299713135,5.088440418243408
267072,35,1.0030862092971802,1.0030862092971802,1.0135219097137451,0.010435671545565128,1.0,1.0,0.0,0.0,0.0,302,36.44054412841797,fresh_online_exploration,23,26,1.0,1.0,9.802202224731445,3.949899435043335,5.278778553009033
267168,14,1.004357099533081,1.004357099533081,1.0047792196273804,0.0004221404087729752,1.0,1.0,0.0,0.0,0.0,306,36.59766387939453,fresh_online_exploration,23,26,1.0,1.0,9.835005760192871,3.90903377532959,5.110918998718262
267168,76,1.0046684741973877,1.0046684741973877,1.0048340559005737,0.00016559174400754273,1.0,1.0,0.0,0.0,0.0,305,36.447792053222656,fresh_online_exploration,23,26,1.0,1.0,9.833349227905273,3.9323246479034424,5.152219772338867
267360,77,1.004058599472046,1.004058599472046,1.004086971282959,2.8402395400917158e-05,1.0,1.0,0.0,1.0,0.0,313,36.733333587646484,fresh_online_exploration,23,26,1.0,1.0,9.885275840759277,3.9327328205108643,4.956501007080078
267456,85,1.003219485282898,1.003219485282898,1.003678560256958,0.0004589993041008711,1.0,1.0,0.0,0.0,0.0,309,36.66956329345703,fresh_online_exploration,23,26,1.0,1.0,9.772168159484863,3.927828788757324,5.026405334472656
267552,61,1.0002437829971313,1.0002437829971313,1.0003007650375366,5.69696567254141e-05,1.0,1.0,0.0,1.0,0.0,312,36.70873260498047,fresh_online_exploration,23,26,1.0,1.0,9.783038139343262,3.933511734008789,4.930963516235352
267552,78,1.0023354291915894,1.0023354291915894,1.0129767656326294,0.010641326196491718,1.0,1.0,0.0,0.0,0.0,314,36.6651496887207,fresh_online_exploration,23,26,1.0,1.0,9.744317054748535,3.918768882751465,4.911942005157471
267840,84,1.0039970874786377,1.0039970874786377,1.0045899152755737,0.0005928066093474627,1.0,1.0,0.0,1.0,0.0,314,36.72583770751953,fresh_online_exploration,23,26,1.0,1.0,9.815773010253906,3.9110381603240967,4.821982383728027
268032,50,1.0004808902740479,1.0004808902740479,1.0004973411560059,1.6358088032575324e-05,1.0,1.0,0.0,1.0,0.0,308,36.516136169433594,fresh_online_exploration,23,26,1.0,1.0,9.861274719238281,3.948303461074829,5.058173179626465
268224,4,1.0019391775131226,1.0019391775131226,1.0095123052597046,0.0075730518437922,1.0,1.0,0.0,0.0,0.0,310,36.596763610839844,fresh_online_exploration,23,26,1.0,1.0,9.80588150024414,3.9250853061676025,5.077098369598389
268224,7,1.0042322874069214,1.0042322874069214,1.0058244466781616,0.0015922188758850098,1.0,1.0,0.0,0.0,0.0,314,36.754058837890625,fresh_online_exploration,23,26,1.0,1.0,9.850920677185059,3.9162888526916504,4.892611980438232
268224,86,1.005287528038025,1.005287528038025,1.0054094791412354,0.00012201673962408677,1.0,1.0,0.0,0.0,0.0,306,36.61882400512695,fresh_online_exploration,23,26,1.0,1.0,9.644914627075195,3.93581223487854,5.12564754486084
268416,38,1.0013526678085327,1.0013526678085327,1.0083634853363037,0.007010737434029579,1.0,1.0,0.0,0.0,0.0,308,36.534996032714844,fresh_online_exploration,23,26,1.0,1.0,9.807474136352539,3.921804666519165,5.103457927703857
268512,12,1.0019943714141846,1.0019943714141846,1.002467393875122,0.000473085674457252,1.0,1.0,0.0,0.0,0.0,314,36.594451904296875,fresh_online_exploration,23,26,1.0,1.0,9.77132511138916,3.921006917953491,4.913216590881348
268704,20,1.000701904296875,1.000701904296875,1.0007184743881226,1.6549582142033614e-05,1.0,1.0,0.0,1.0,0.0,316,36.7020149230957,fresh_online_exploration,23,26,1.0,1.0,9.617568016052246,3.9367001056671143,4.800094127655029
268704,30,1.0033689737319946,1.0033689737319946,1.0033941268920898,2.5213830667780712e-05,1.0,1.0,0.0,0.0,0.0,304,36.387168884277344,fresh_online_exploration,23,26,1.0,1.0,9.790857315063477,3.9153788089752197,5.183849334716797
268896,58,1.001022458076477,1.001022458076477,1.0024828910827637,0.0014603710733354092,1.0,1.0,0.0,0.0,0.0,315,36.71498489379883,fresh_online_exploration,23,26,1.0,1.0,9.696475982666016,3.946129560470581,4.867551803588867
268896,66,1.000807285308838,1.000807285308838,1.000823736190796,1.6467729437863454e-05,1.0,1.0,0.0,0.0,0.0,303,36.43505096435547,fresh_online_exploration,23,26,1.0,1.0,9.770496368408203,3.9601871967315674,5.181296348571777
268992,8,1.0047523975372314,1.0047523975372314,1.00510573387146,0.0003534034767653793,1.0,1.0,0.0,0.0,0.0,305,36.48704528808594,fresh_online_exploration,23,26,1.0,1.0,9.747811317443848,3.9800426959991455,5.1651997566223145
268992,10,1.0044218301773071,1.0044218301773071,1.0048311948776245,0.0004093530587852001,1.0,1.0,0.0,1.0,0.0,317,36.80899429321289,fresh_online_exploration,23,26,1.0,1.0,9.725744247436523,3.925696611404419,4.785180568695068
268992,16,1.000751256942749,1.000751256942749,1.0033938884735107,0.002642601728439331,1.0,1.0,0.0,0.0,0.0,313,36.63125228881836,fresh_online_exploration,23,26,1.0,1.0,9.68973445892334,3.889444589614868,4.965481758117676
268992,51,1.0027176141738892,1.0027176141738892,1.0027339458465576,1.6280428098980337e-05,1.0,1.0,0.0,1.0,0.0,312,36.74754333496094,fresh_online_exploration,23,26,1.0,1.0,9.754149436950684,3.950441360473633,4.9386749267578125
268992,72,1.0049630403518677,1.0049630403518677,1.005253791809082,0.0002908268943428993,1.0,1.0,0.0,1.0,0.0,314,36.8192138671875,fresh_online_exploration,23,26,1.0,1.0,9.750692367553711,3.928128719329834,4.908905029296875
269088,33,1.005789041519165,1.005789041519165,1.006811499595642,0.0010225629666820168,1.0,1.0,0.0,1.0,0.0,320,36.88310241699219,fresh_online_exploration,23,26,1.0,1.0,9.693480491638184,3.9177591800689697,4.70061731338501
269184,27,1.0034198760986328,1.0034198760986328,1.0045117139816284,0.0010918033076450229,1.0,1.0,0.0,0.0,0.0,319,36.81791687011719,fresh_online_exploration,23,26,1.0,1.0,9.70499038696289,3.905207633972168,4.711860179901123
269280,43,1.0031883716583252,1.0031883716583252,1.004979133605957,0.001790744485333562,1.0,1.0,0.0,0.0,0.0,321,36.83289337158203,fresh_online_exploration,23,26,1.0,1.0,9.794507026672363,3.958254814147949,4.664785385131836
269280,52,1.0007296800613403,1.0007296800613403,1.001123070716858,0.00039340165676549077,1.0,1.0,0.0,0.0,0.0,307,36.48304748535156,fresh_online_exploration,23,26,1.0,1.0,9.693020820617676,3.9720208644866943,5.108947277069092
269376,69,1.0044742822647095,1.0044742822647095,1.004759669303894,0.0002853622427210212,1.0,1.0,0.0,0.0,0.0,310,36.660152435302734,fresh_online_exploration,23,26,1.0,1.0,9.734953880310059,3.957669734954834,4.976324558258057
269376,75,1.001647710800171,1.001647710800171,1.0016653537750244,1.7551195924170315e-05,1.0,1.0,0.0,0.0,0.0,306,36.54019546508789,fresh_online_exploration,23,26,1.0,1.0,9.77586841583252,3.9697024822235107,5.151126384735107
269664,15,1.0001249313354492,1.0001249313354492,1.0001389980316162,1.4083335372561123e-05,1.0,1.0,0.0,0.0,0.0,309,36.560760498046875,fresh_online_exploration,23,26,1.0,1.0,9.785037994384766,3.9606423377990723,5.024618148803711
269760,5,1.0041139125823975,1.0041139125823975,1.0041699409484863,5.597359631792642e-05,1.0,1.0,0.0,0.0,0.0,296,36.34285354614258,fresh_online_exploration,24,26,1.0,1.0,9.730749130249023,3.9577040672302246,5.452784538269043
269760,29,1.0023541450500488,1.0023541450500488,1.0026063919067383,0.0002523227012716234,1.0,1.0,0.0,0.0,0.0,300,36.445106506347656,fresh_online_exploration,24,26,1.0,1.0,9.81617259979248,3.9678006172180176,5.27638053894043
270144,71,1.0030051469802856,1.0030051469802856,1.003208875656128,0.00020366872195154428,1.0,1.0,0.0,0.0,0.0,309,36.52733612060547,fresh_online_exploration,24,27,1.0,1.0,9.7100830078125,3.950216293334961,5.009699821472168
270144,82,1.0020530223846436,1.0020530223846436,1.0083506107330322,0.006297476589679718,1.0,1.0,0.0,0.0,0.0,308,36.559059143066406,fresh_online_exploration,24,27,1.0,1.0,9.706246376037598,3.9731030464172363,5.101096153259277
270336,21,1.0045108795166016,1.0045108795166016,1.0045993328094482,8.846300625009462e-05,1.0,1.0,0.0,1.0,0.0,318,36.84088134765625,fresh_online_exploration,23,27,1.0,1.0,9.750497817993164,3.9363057613372803,4.784980773925781
270432,79,1.0017293691635132,1.0017293691635132,1.0017428398132324,1.3456153283186723e-05,1.0,1.0,0.0,1.0,0.0,312,36.613258361816406,fresh_online_exploration,24,27,1.0,1.0,9.797223091125488,3.940675973892212,4.90914249420166
270624,13,1.0040422677993774,1.0040422677993774,1.0041309595108032,8.870744204614311e-05,1.0,1.0,0.0,1.0,0.0,315,36.77944564819336,fresh_online_exploration,24,27,1.0,1.0,9.750535011291504,3.9641542434692383,4.884537696838379
270624,28,1.0034867525100708,1.0034867525100708,1.0041167736053467,0.0006300518289208412,1.0,1.0,0.0,1.0,0.0,316,36.771263122558594,fresh_online_exploration,24,27,1.0,1.0,9.763853073120117,3.9555511474609375,4.817649841308594
270720,65,1.0001155138015747,1.0001155138015747,1.0027034282684326,0.0025878690648823977,1.0,1.0,0.0,0.0,0.0,304,36.483497619628906,fresh_online_exploration,24,27,1.0,1.0,9.706266403198242,3.9640285968780518,5.221676349639893
270912,45,1.00557541847229,1.00557541847229,1.0058939456939697,0.00031855780980549753,1.0,1.0,0.0,0.0,0.0,308,36.53337097167969,fresh_online_exploration,24,27,1.0,1.0,9.803181648254395,3.9572324752807617,5.091465473175049
271008,63,1.0011507272720337,1.0011507272720337,1.00116765499115,1.7009297152981162e-05,1.0,1.0,0.0,1.0,0.0,311,36.602630615234375,fresh_online_exploration,24,27,1.0,1.0,9.800294876098633,3.972623348236084,4.945845127105713
271008,95,1.004364013671875,1.004364013671875,1.004413366317749,4.937543417327106e-05,1.0,1.0,0.0,1.0,0.0,315,36.83003616333008,fresh_online_exploration,24,27,1.0,1.0,9.848516464233398,3.9563653469085693,4.8968353271484375
271104,34,1.0024584531784058,1.0024584531784058,1.0028908252716064,0.00043243973050266504,1.0,1.0,0.0,1.0,0.0,315,36.747711181640625,fresh_online_exploration,24,27,1.0,1.0,9.693110466003418,3.952044725418091,4.840953826904297
271296,55,1.0005929470062256,1.0005929470062256,1.0115212202072144,0.010928241536021233,1.0,1.0,0.0,0.0,0.0,316,36.69275665283203,fresh_online_exploration,24,27,1.0,1.0,9.92686653137207,3.9627041816711426,4.879374980926514
271392,64,1.0045396089553833,1.0045396089553833,1.0055856704711914,0.001046148594468832,1.0,1.0,0.0,0.0,0.0,319,36.81707000732422,fresh_online_exploration,24,27,1.0,1.0,9.712117195129395,3.945086717605591,4.763415336608887
271392,80,1.0022122859954834,1.0022122859954834,1.0022270679473877,1.47488772199722e-05,1.0,1.0,0.0,0.0,0.0,310,36.559635162353516,fresh_online_exploration,24,27,1.0,1.0,9.755142211914062,3.989429473876953,4.974414825439453
271776,22,1.0054856538772583,1.0054856538772583,1.0058445930480957,0.0003589742409531027,1.0,1.0,0.0,0.0,0.0,320,36.850460052490234,fresh_online_exploration,24,27,1.0,1.0,9.742597579956055,3.9608395099639893,4.719645977020264
271872,83,1.0014406442642212,1.0014406442642212,1.0018458366394043,0.00040523643838241696,1.0,1.0,0.0,0.0,0.0,322,36.856956481933594,fresh_online_exploration,24,27,1.0,1.0,9.66220474243164,3.972693920135498,4.639599323272705
271872,88,1.0027132034301758,1.0027132034301758,1.0031521320343018,0.0004389052337501198,1.0,1.0,0.0,0.0,0.0,315,36.689117431640625,fresh_online_exploration,24,27,1.0,1.0,9.750544548034668,3.9419569969177246,4.843563079833984
272064,18,1.0000643730163574,1.0000643730163574,1.0068244934082031,0.006760068237781525,1.0,1.0,0.0,0.0,0.0,319,36.69708251953125,fresh_online_exploration,24,27,1.0,1.0,9.865182876586914,3.9710092544555664,4.748795986175537
272256,19,1.0018274784088135,1.0018274784088135,1.001910924911499,8.336902101291344e-05,1.0,1.0,0.0,1.0,0.0,314,36.689693450927734,fresh_online_exploration,24,27,1.0,1.0,9.7448148727417,3.9540374279022217,4.878505706787109
272544,1,1.0001009702682495,1.0001009702682495,1.0001944303512573,9.345199941890314e-05,1.0,1.0,0.0,1.0,0.0,321,36.749542236328125,fresh_online_exploration,24,27,1.0,1.0,9.721457481384277,3.977311611175537,4.665078639984131
272928,53,1.0004119873046875,1.0004119873046875,1.0008494853973389,0.0004374296113383025,1.0,1.0,0.0,0.0,0.0,310,36.56647872924805,fresh_online_exploration,24,27,1.0,1.0,9.75033187866211,4.024612903594971,4.973963260650635
273600,9,1.0020833015441895,1.0020833015441895,1.0023581981658936,0.00027491897344589233,1.0,1.0,0.0,1.0,0.0,319,36.824607849121094,fresh_online_exploration,24,27,1.0,1.0,9.800951957702637,3.995650291442871,4.75079345703125
273888,40,1.0031794309616089,1.0031794309616089,1.0033183097839355,0.00013892247807234526,1.0,1.0,0.0,1.0,0.0,323,36.94194030761719,fresh_online_exploration,24,27,1.0,1.0,9.667917251586914,4.010982513427734,4.627702713012695
274560,47,1.0011918544769287,1.0011918544769287,1.0013664960861206,0.00017460522940382361,1.0,1.0,0.0,0.0,0.0,316,36.709693908691406,fresh_online_exploration,24,27,1.0,1.0,9.79813003540039,3.9993441104888916,4.838364124298096
274560,94,1.0025744438171387,1.0025744438171387,1.0028283596038818,0.00025396508863195777,1.0,1.0,0.0,1.0,0.0,316,36.76567077636719,fresh_online_exploration,24,27,1.0,1.0,9.782569885253906,3.9772613048553467,4.840758800506592
274656,92,1.0016236305236816,1.0016236305236816,1.0016330480575562,9.404250704392325e-06,1.0,1.0,0.0,1.0,0.0,319,36.74857711791992,fresh_online_exploration,24,27,1.0,1.0,9.735008239746094,4.027930736541748,4.801077842712402
274752,89,1.0013729333877563,1.0013729333877563,1.0014863014221191,0.00011335247108945623,1.0,1.0,0.0,1.0,0.0,317,36.764129638671875,fresh_online_exploration,24,27,1.0,1.0,9.721378326416016,3.9707930088043213,4.764596939086914
275040,57,1.001731276512146,1.001731276512146,1.0018842220306396,0.00015302287647500634,1.0,1.0,0.0,1.0,0.0,320,36.75657653808594,fresh_online_exploration,24,27,1.0,1.0,9.730559349060059,3.9849190711975098,4.751749038696289
275520,74,1.0047366619110107,1.0047366619110107,1.0047566890716553,2.004306406888645e-05,1.0,1.0,0.0,1.0,0.0,319,36.838523864746094,fresh_online_exploration,24,27,1.0,1.0,9.747105598449707,3.9703667163848877,4.786345958709717
276960,6,1.002724528312683,1.002724528312683,1.0028105974197388,8.606113260611892e-05,1.0,1.0,0.0,1.0,0.0,322,36.83052062988281,fresh_online_exploration,24,27,1.0,1.0,9.685830116271973,4.001443386077881,4.619325160980225
289440,39,1.0038325786590576,1.0038325786590576,1.0041015148162842,0.0002689532993827015,1.0,1.0,0.0,0.0,0.0,300,36.39821243286133,fresh_online_exploration,26,28,1.0,1.0,9.836736679077148,4.116035461425781,5.317986011505127
289440,91,1.0033252239227295,1.0033252239227295,1.0034546852111816,0.0001294129906455055,1.0,1.0,0.0,0.0,0.0,301,36.32366180419922,fresh_online_exploration,26,28,1.0,1.0,9.842238426208496,4.09067440032959,5.29294490814209
291648,31,1.0039942264556885,1.0039942264556885,1.0040647983551025,7.065071986289695e-05,1.0,1.0,0.0,0.0,0.0,304,36.474945068359375,fresh_online_exploration,26,29,1.0,1.0,9.919665336608887,4.126513481140137,5.144858360290527
291744,26,1.0011478662490845,1.0011478662490845,1.003006935119629,0.001859129755757749,1.0,1.0,0.0,0.0,0.0,307,36.450408935546875,fresh_online_exploration,26,29,1.0,1.0,9.805632591247559,4.0983757972717285,5.082932472229004
292128,70,1.0023616552352905,1.0023616552352905,1.011868953704834,0.00950717180967331,1.0,1.0,0.0,0.0,0.0,310,36.58832931518555,fresh_online_exploration,26,29,1.0,1.0,9.789484977722168,4.157034397125244,5.010165691375732
292512,0,1.0015469789505005,1.0015469789505005,1.001563549041748,1.6650728866807185e-05,1.0,1.0,0.0,0.0,0.0,302,36.295257568359375,fresh_online_exploration,26,29,1.0,1.0,9.833012580871582,4.09997034072876,5.221645355224609
292800,90,1.0000993013381958,1.0000993013381958,1.0003507137298584,0.0002514385851100087,1.0,1.0,0.0,0.0,0.0,298,36.26103210449219,fresh_online_exploration,26,29,1.0,1.0,9.940543174743652,4.1434550285339355,5.351559638977051
293184,17,1.0035783052444458,1.0035783052444458,1.0037611722946167,0.00018289171566721052,1.0,1.0,0.0,0.0,0.0,305,36.467525482177734,fresh_online_exploration,26,29,1.0,1.0,9.730267524719238,4.1255083084106445,5.157552242279053
293376,25,1.000637173652649,1.000637173652649,1.0007336139678955,9.644657984608784e-05,1.0,1.0,0.0,0.0,0.0,307,36.48406982421875,fresh_online_exploration,26,29,1.0,1.0,9.855116844177246,4.121196746826172,5.074790000915527
293376,41,1.0001696348190308,1.0001696348190308,1.007260799407959,0.0070911431685090065,1.0,1.0,0.0,0.0,0.0,301,36.38155746459961,fresh_online_exploration,26,29,1.0,1.0,9.80848217010498,4.174976825714111,5.291559219360352
293568,2,1.0035756826400757,1.0035756826400757,1.0037240982055664,0.00014836968330200762,1.0,1.0,0.0,0.0,0.0,313,36.759117126464844,fresh_online_exploration,26,29,1.0,1.0,9.740203857421875,4.109155654907227,4.884496212005615
293568,11,1.0004839897155762,1.0004839897155762,1.0006943941116333,0.00021041141008026898,1.0,1.0,0.0,1.0,0.0,307,36.570213317871094,fresh_online_exploration,26,29,1.0,1.0,9.853299140930176,4.1348114013671875,5.048069000244141
293760,37,1.0004345178604126,1.0004345178604126,1.000499963760376,6.547808879986405e-05,1.0,1.0,0.0,0.0,0.0,303,36.449562072753906,fresh_online_exploration,26,29,1.0,1.0,9.851922988891602,4.133326053619385,5.182198524475098
293760,68,1.0035834312438965,1.0035834312438965,1.0037927627563477,0.00020932384359184653,1.0,1.0,0.0,1.0,0.0,306,36.564788818359375,fresh_online_exploration,26,29,1.0,1.0,9.742223739624023,4.130245685577393,5.117248058319092
293856,32,1.0014541149139404,1.0014541149139404,1.0016529560089111,0.00019882136257365346,1.0,1.0,0.0,0.0,0.0,308,36.56867218017578,fresh_online_exploration,26,29,1.0,1.0,9.819915771484375,4.126646041870117,5.042478561401367
293856,62,1.0049011707305908,1.0049011707305908,1.0049654245376587,6.42494487692602e-05,1.0,1.0,0.0,0.0,0.0,305,36.56425094604492,fresh_online_exploration,26,29,1.0,1.0,9.806209564208984,4.112432479858398,5.141639232635498
294336,23,1.002485752105713,1.002485752105713,1.0027241706848145,0.0002384988038102165,1.0,1.0,0.0,0.0,0.0,303,36.515953063964844,fresh_online_exploration,26,29,1.0,1.0,9.777704238891602,4.155333995819092,5.230592250823975
294336,24,1.002811312675476,1.002811312675476,1.0030741691589355,0.0002628974034450948,1.0,1.0,0.0,0.0,0.0,301,36.366451263427734,fresh_online_exploration,26,29,1.0,1.0,9.911434173583984,4.150803565979004,5.273703098297119
294336,44,1.0039432048797607,1.0039432048797607,1.0043200254440308,0.00037683232221752405,1.0,1.0,0.0,1.0,0.0,303,36.60239791870117,fresh_online_exploration,26,29,1.0,1.0,9.780734062194824,4.158604621887207,5.171401500701904
294432,73,1.004957675933838,1.004957675933838,1.005251169204712,0.0002934797666966915,1.0,1.0,0.0,0.0,0.0,302,36.45588302612305,fresh_online_exploration,26,29,1.0,1.0,9.85799789428711,4.150876045227051,5.2341837882995605
294720,49,1.0041838884353638,1.0041838884353638,1.0041935443878174,9.636479262553621e-06,1.0,1.0,0.0,0.0,0.0,303,36.433319091796875,fresh_online_exploration,26,29,1.0,1.0,9.829303741455078,4.115174293518066,5.200798511505127
294912,60,1.0026434659957886,1.0026434659957886,1.0032520294189453,0.0006084969500079751,1.0,1.0,0.0,0.0,0.0,306,36.530521392822266,fresh_online_exploration,26,29,1.0,1.0,9.861159324645996,4.120638847351074,5.08911657333374
295008,3,1.0016106367111206,1.0016106367111206,1.001645803451538,3.518601442920044e-05,1.0,1.0,0.0,0.0,0.0,307,36.52510070800781,fresh_online_exploration,26,29,1.0,1.0,9.819784164428711,4.1251044273376465,5.111303329467773
295296,93,1.000065803527832,1.000065803527832,1.0003533363342285,0.0002875099016819149,1.0,1.0,0.0,1.0,0.0,308,36.52873229980469,fresh_online_exploration,26,29,1.0,1.0,9.862262725830078,4.155689716339111,5.055397987365723
295680,46,1.004374623298645,1.004374623298645,1.0045764446258545,0.00020182516891509295,1.0,1.0,0.0,0.0,0.0,301,36.505123138427734,fresh_online_exploration,26,29,1.0,1.0,9.876895904541016,4.171817779541016,5.288609027862549
295776,42,1.0043612718582153,1.0043612718582153,1.0049636363983154,0.0006024269387125969,1.0,1.0,0.0,0.0,0.0,304,36.564422607421875,fresh_online_exploration,26,29,1.0,1.0,9.84870719909668,4.171732425689697,5.176525115966797
295872,48,1.0032645463943481,1.0032645463943481,1.0032739639282227,9.364397556055337e-06,1.0,1.0,0.0,1.0,0.0,310,36.51940155029297,fresh_online_exploration,26,29,1.0,1.0,9.816814422607422,4.120402812957764,4.958271503448486
295872,81,1.0035618543624878,1.0035618543624878,1.0038002729415894,0.00023845606483519077,1.0,1.0,0.0,0.0,0.0,313,36.6932258605957,fresh_online_exploration,26,29,1.0,1.0,9.85083293914795,4.1715216636657715,4.912144184112549
295968,54,1.0047670602798462,1.0047670602798462,1.0048854351043701,0.0001183880667667836,1.0,1.0,0.0,0.0,0.0,302,36.431922912597656,fresh_online_exploration,26,29,1.0,1.0,9.89285659790039,4.154397487640381,5.233905792236328
295968,56,1.0048537254333496,1.0048537254333496,1.0051045417785645,0.0002507527533452958,1.0,1.0,0.0,0.0,0.0,303,36.49994659423828,fresh_online_exploration,26,29,1.0,1.0,9.901029586791992,4.138365268707275,5.27975606918335
296064,36,1.0040862560272217,1.0040862560272217,1.0095967054367065,0.0055104829370975494,1.0,1.0,0.0,0.0,0.0,310,36.64949035644531,fresh_online_exploration,26,29,1.0,1.0,9.72635555267334,4.126238822937012,5.01475715637207
296160,84,1.001360535621643,1.001360535621643,1.001410722732544,5.019801392336376e-05,1.0,1.0,0.0,0.0,0.0,295,36.19413757324219,fresh_online_exploration,26,29,1.0,1.0,9.867328643798828,4.171903133392334,5.434513568878174
296256,14,1.0042369365692139,1.0042369365692139,1.0047125816345215,0.0004756520502269268,1.0,1.0,0.0,0.0,0.0,303,36.5438117980957,fresh_online_exploration,26,29,1.0,1.0,9.864484786987305,4.150815963745117,5.230041980743408
296256,59,1.0046014785766602,1.0046014785766602,1.004652738571167,5.1221482863184065e-05,1.0,1.0,0.0,0.0,0.0,308,36.55135726928711,fresh_online_exploration,26,29,1.0,1.0,9.873730659484863,4.138873100280762,5.0875067710876465
296256,77,1.0046055316925049,1.0046055316925049,1.0046167373657227,1.1170316611242015e-05,1.0,1.0,0.0,0.0,0.0,301,36.40449142456055,fresh_online_exploration,26,29,1.0,1.0,9.801331520080566,4.117941856384277,5.339713096618652
296448,61,1.0030772686004639,1.0030772686004639,1.003101110458374,2.37611893680878e-05,1.0,1.0,0.0,0.0,0.0,301,36.404048919677734,fresh_online_exploration,26,29,1.0,1.0,9.896227836608887,4.150597095489502,5.272409439086914
296448,76,1.0036308765411377,1.0036308765411377,1.0039267539978027,0.000295811565592885,1.0,1.0,0.0,0.0,0.0,305,36.51599884033203,fresh_online_exploration,26,29,1.0,1.0,9.879014015197754,4.1424736976623535,5.144873142242432
296736,67,1.0036085844039917,1.0036085844039917,1.0038516521453857,0.00024309317814186215,1.0,1.0,0.0,0.0,0.0,311,36.643821716308594,fresh_online_exploration,26,29,1.0,1.0,9.921171188354492,4.157423496246338,4.993361949920654
296832,78,1.0044394731521606,1.0044394731521606,1.0113582611083984,0.006918754428625107,1.0,1.0,0.0,0.0,0.0,305,36.52216339111328,fresh_online_exploration,26,29,1.0,1.0,9.910590171813965,4.149879455566406,5.165593147277832
296928,85,1.0006029605865479,1.0006029605865479,1.000731110572815,0.00012814614456146955,1.0,1.0,0.0,0.0,0.0,307,36.39691925048828,fresh_online_exploration,26,29,1.0,1.0,9.889028549194336,4.180203914642334,5.074925422668457
297120,35,1.0044701099395752,1.0044701099395752,1.0047402381896973,0.0002701135817915201,1.0,1.0,0.0,0.0,0.0,313,36.63922882080078,fresh_online_exploration,26,29,1.0,1.0,9.79996109008789,4.151834964752197,4.946768283843994
297120,87,1.0022945404052734,1.0022945404052734,1.0023527145385742,5.8112218539463356e-05,1.0,1.0,0.0,1.0,0.0,321,36.765235900878906,fresh_online_exploration,26,29,1.0,1.0,9.73596477508545,4.133656024932861,4.693951606750488
297216,38,1.0047249794006348,1.0047249794006348,1.0056442022323608,0.0009192239958792925,1.0,1.0,0.0,0.0,0.0,300,36.36746597290039,fresh_online_exploration,26,29,1.0,1.0,9.934554100036621,4.188614845275879,5.389563083648682
297312,4,1.0036715269088745,1.0036715269088745,1.0121214389801025,0.008449902758002281,1.0,1.0,0.0,0.0,0.0,303,36.41862106323242,fresh_online_exploration,26,29,1.0,1.0,9.89987850189209,4.14300537109375,5.255524158477783
297504,86,1.0002039670944214,1.0002039670944214,1.0002460479736328,4.198621172690764e-05,1.0,1.0,0.0,0.0,0.0,305,36.424110412597656,fresh_online_exploration,26,29,1.0,1.0,9.879495620727539,4.145557403564453,5.124703407287598
297600,50,1.00038480758667,1.00038480758667,1.0004005432128906,1.5666961189708672e-05,1.0,1.0,0.0,0.0,0.0,308,36.460357666015625,fresh_online_exploration,26,29,1.0,1.0,9.901384353637695,4.147330284118652,5.080478668212891
297888,12,1.0005099773406982,1.0005099773406982,1.000666856765747,0.0001568445295561105,1.0,1.0,0.0,0.0,0.0,306,36.4051628112793,fresh_online_exploration,26,29,1.0,1.0,9.911591529846191,4.171613693237305,5.149620532989502
297984,7,1.0002825260162354,1.0002825260162354,1.0006663799285889,0.00038393709110096097,1.0,1.0,0.0,0.0,0.0,310,36.49863052368164,fresh_online_exploration,26,29,1.0,1.0,9.864115715026855,4.156121253967285,5.046823501586914
298080,58,1.002140998840332,1.002140998840332,1.00260329246521,0.0004622501728590578,1.0,1.0,0.0,0.0,0.0,304,36.50944519042969,fresh_online_exploration,26,29,1.0,1.0,9.858598709106445,4.149230003356934,5.187909126281738
298368,10,1.0004149675369263,1.0004149675369263,1.0004316568374634,1.665269155637361e-05,1.0,1.0,0.0,0.0,0.0,306,36.46568298339844,fresh_online_exploration,26,29,1.0,1.0,9.888711929321289,4.170931816101074,5.114615440368652
298368,72,1.0047005414962769,1.0047005414962769,1.0048178434371948,0.0001172870397567749,1.0,1.0,0.0,1.0,0.0,306,36.58781814575195,fresh_online_exploration,26,29,1.0,1.0,9.923667907714844,4.1754937171936035,5.129254341125488
298464,30,1.0039311647415161,1.0039311647415161,1.0064148902893066,0.0024838277604430914,1.0,1.0,0.0,0.0,0.0,310,36.654258728027344,fresh_online_exploration,26,29,1.0,1.0,9.78344440460205,4.149190425872803,5.0750732421875
298464,33,1.0000886917114258,1.0000886917114258,1.0005360841751099,0.00044741114834323525,1.0,1.0,0.0,0.0,0.0,306,36.45404815673828,fresh_online_exploration,26,29,1.0,1.0,9.79293155670166,4.189480781555176,5.14864444732666
298464,75,1.0004175901412964,1.0004175901412964,1.0004587173461914,4.1225284803658724e-05,1.0,1.0,0.0,0.0,0.0,303,36.440330505371094,fresh_online_exploration,26,29,1.0,1.0,9.789298057556152,4.156428813934326,5.190008640289307
298560,69,1.0024999380111694,1.0024999380111694,1.0028681755065918,0.00036822783295065165,1.0,1.0,0.0,0.0,0.0,304,36.536293029785156,fresh_online_exploration,26,29,1.0,1.0,9.8694429397583,4.157002925872803,5.138360977172852
298656,20,1.0022711753845215,1.0022711753845215,1.0025575160980225,0.00028641227982006967,1.0,1.0,0.0,0.0,0.0,312,36.64104461669922,fresh_online_exploration,26,29,1.0,1.0,9.919268608093262,4.1829047203063965,4.917788982391357
298656,66,1.0025687217712402,1.0025687217712402,1.0029544830322266,0.0003858391719404608,1.0,1.0,0.0,0.0,0.0,310,36.660728454589844,fresh_online_exploration,26,29,1.0,1.0,9.84306526184082,4.170965194702148,4.992740631103516
298752,27,1.0047131776809692,1.0047131776809692,1.0048792362213135,0.000166058904142119,1.0,1.0,0.0,1.0,0.0,308,36.62385177612305,fresh_online_exploration,26,29,1.0,1.0,9.855843544006348,4.140045642852783,5.1002516746521
298752,52,1.0026758909225464,1.0026758909225464,1.0036005973815918,0.0009247072739526629,1.0,1.0,0.0,0.0,0.0,307,36.618980407714844,fresh_online_exploration,26,29,1.0,1.0,9.839938163757324,4.184282302856445,5.063834190368652
298848,8,1.002504587173462,1.002504587173462,1.0025653839111328,6.0738133470295e-05,1.0,1.0,0.0,0.0,0.0,311,36.687294006347656,fresh_online_exploration,26,29,1.0,1.0,9.859269142150879,4.168884754180908,4.990294456481934
298848,51,1.0046919584274292,1.0046919584274292,1.0058698654174805,0.0011779102496802807,1.0,1.0,0.0,0.0,0.0,311,36.63893508911133,fresh_online_exploration,26,29,1.0,1.0,9.89028549194336,4.168063640594482,4.969452857971191
298944,5,1.0045149326324463,1.0045149326324463,1.004543662071228,2.8736185413436033e-05,1.0,1.0,0.0,0.0,0.0,304,36.53485107421875,fresh_online_exploration,26,29,1.0,1.0,9.85837459564209,4.120674133300781,5.204661846160889
299136,16,1.0007153749465942,1.0007153749465942,1.0016932487487793,0.0009779112879186869,1.0,1.0,0.0,0.0,0.0,314,36.60024642944336,fresh_online_exploration,26,29,1.0,1.0,9.824996948242188,4.151959419250488,4.891733169555664
299232,29,1.0042155981063843,1.0042155981063843,1.004256010055542,4.0430197259411216e-05,1.0,1.0,0.0,0.0,0.0,307,36.63642883300781,fresh_online_exploration,26,29,1.0,1.0,9.860991477966309,4.118707656860352,5.071478843688965
299232,71,1.0024969577789307,1.0024969577789307,1.0025525093078613,5.551263893721625e-05,1.0,1.0,0.0,0.0,0.0,303,36.45030975341797,fresh_online_exploration,27,29,1.0,1.0,9.902914047241211,4.175737380981445,5.210043430328369
299328,43,1.0009971857070923,1.0009971857070923,1.001072883605957,7.576768985018134e-05,1.0,1.0,0.0,1.0,0.0,313,36.634429931640625,fresh_online_exploration,26,29,1.0,1.0,9.846328735351562,4.177945613861084,4.916730880737305
299616,82,1.0029031038284302,1.0029031038284302,1.009685754776001,0.006782769691199064,1.0,1.0,0.0,0.0,0.0,307,36.64599609375,fresh_online_exploration,27,29,1.0,1.0,9.919940948486328,4.150085926055908,5.114895820617676
299712,21,1.0036420822143555,1.0036420822143555,1.0039143562316895,0.00027232171851210296,1.0,1.0,0.0,0.0,0.0,306,36.529640197753906,fresh_online_exploration,27,29,1.0,1.0,9.928672790527344,4.195161819458008,5.14119291305542
299712,63,1.000981092453003,1.000981092453003,1.0011818408966064,0.00020080672402400523,1.0,1.0,0.0,0.0,0.0,299,36.293128967285156,fresh_online_exploration,27,29,1.0,1.0,9.953306198120117,4.187681674957275,5.331650733947754
299808,28,1.0004078149795532,1.0004078149795532,1.0006005764007568,0.00019279024854768068,1.0,1.0,0.0,0.0,0.0,304,36.43986129760742,fresh_online_exploration,27,29,1.0,1.0,9.912054061889648,4.182828426361084,5.184856414794922
299904,65,1.0050312280654907,1.0050312280654907,1.0076744556427002,0.0026431952137500048,1.0,1.0,0.0,0.0,0.0,304,36.507041931152344,fresh_online_exploration,27,29,1.0,1.0,9.880693435668945,4.1918535232543945,5.234620571136475
300000,15,1.0034252405166626,1.0034252405166626,1.0035778284072876,0.00015259115025401115,1.0,1.0,0.0,1.0,0.0,316,36.715179443359375,fresh_online_exploration,26,29,1.0,1.0,9.83421802520752,4.182693004608154,4.791138648986816
300000,95,1.0052200555801392,1.0052200555801392,1.0052794218063354,5.936092929914594e-05,1.0,1.0,0.0,0.0,0.0,302,36.51390838623047,fresh_online_exploration,27,29,1.0,1.0,9.836198806762695,4.158863544464111,5.260434627532959
