env_steps,env_index,max_angle,final_angle,cumulative_increase,regression_amount,progress,success,regression_event,stalled,lost_contact,episode_steps,return_value,source,first_policy_version,last_policy_version,quality_score,contact_stability,estimated_value,initial_q,discounted_return
25152,11,1.0021392107009888,1.0021392107009888,1.0021471977233887,7.9865894804243e-06,1.0,1.0,0.0,0.0,0.0,262,35.523033142089844,fresh_online_exploration,0,1,1.0,1.0,9.945158958435059,3.7411866188049316,6.627446174621582
25152,40,1.0006554126739502,1.0006554126739502,1.0006630420684814,7.567126885987818e-06,1.0,1.0,0.0,0.0,0.0,262,35.44712829589844,fresh_online_exploration,0,1,1.0,1.0,10.050215721130371,3.726881504058838,6.74847412109375
25248,42,1.0042529106140137,1.0042529106140137,1.0090162754058838,0.0047633410431444645,1.0,1.0,0.0,0.0,0.0,263,35.59786605834961,fresh_online_exploration,0,1,1.0,1.0,9.986467361450195,3.725503444671631,6.670493125915527
25344,21,1.0001158714294434,1.0001158714294434,1.0001413822174072,2.550497629272286e-05,1.0,1.0,0.0,0.0,0.0,264,35.566036224365234,fresh_online_exploration,0,1,1.0,1.0,9.994955062866211,3.721776247024536,6.521362781524658
25344,54,1.0034531354904175,1.0034531354904175,1.0034854412078857,3.226192347938195e-05,1.0,1.0,0.0,0.0,0.0,264,35.513458251953125,fresh_online_exploration,0,1,1.0,1.0,10.040677070617676,3.735074043273926,6.615690231323242
25344,64,1.000288724899292,1.000288724899292,1.0040404796600342,0.0037518092431128025,1.0,1.0,0.0,0.0,0.0,264,35.55118942260742,fresh_online_exploration,0,1,1.0,1.0,10.00320816040039,3.7418854236602783,6.540504455566406
25440,8,1.0050586462020874,1.0050586462020874,1.0051591396331787,0.00010041130008175969,1.0,1.0,0.0,0.0,0.0,265,35.59398651123047,fresh_online_exploration,0,1,1.0,1.0,10.04316234588623,3.7158453464508057,6.536327362060547
25440,51,1.0011723041534424,1.0011723041534424,1.0053155422210693,0.004143372178077698,1.0,1.0,0.0,0.0,0.0,265,35.62828063964844,fresh_online_exploration,0,1,1.0,1.0,10.01067066192627,3.7078135013580322,6.5100836753845215
25440,72,1.002039909362793,1.002039909362793,1.0020487308502197,8.894252459867857e-06,1.0,1.0,0.0,0.0,0.0,265,35.49930953979492,fresh_online_exploration,0,1,1.0,1.0,10.061819076538086,3.7074954509735107,6.547334671020508
25440,77,1.0042555332183838,1.0042555332183838,1.0182254314422607,0.013969850726425648,1.0,1.0,0.0,0.0,0.0,265,35.602752685546875,fresh_online_exploration,0,1,1.0,1.0,10.06069564819336,3.7530767917633057,6.632816314697266
25536,0,1.0057038068771362,1.0057038068771362,1.0059438943862915,0.00024009709886740893,1.0,1.0,0.0,0.0,0.0,266,35.664756774902344,fresh_online_exploration,0,1,1.0,1.0,10.006224632263184,3.725961446762085,6.477916240692139
25536,34,1.0051614046096802,1.0051614046096802,1.0054614543914795,0.0003000181750394404,1.0,1.0,0.0,0.0,0.0,266,35.55811309814453,fresh_online_exploration,0,1,1.0,1.0,10.046814918518066,3.738346576690674,6.540782928466797
25536,38,1.0047508478164673,1.0047508478164673,1.0047643184661865,1.3432661035039928e-05,1.0,1.0,0.0,0.0,0.0,266,35.58638381958008,fresh_online_exploration,0,1,1.0,1.0,10.073667526245117,3.7398455142974854,6.5050249099731445
25536,62,1.0048226118087769,1.0048226118087769,1.0049232244491577,0.00010060374188469723,1.0,1.0,0.0,0.0,0.0,266,35.6757698059082,fresh_online_exploration,0,1,1.0,1.0,10.06566333770752,3.7565674781799316,6.563904285430908
25536,68,1.0054012537002563,1.0054012537002563,1.006469964981079,0.0010687783360481262,1.0,1.0,0.0,0.0,0.0,266,35.60502624511719,fresh_online_exploration,0,1,1.0,1.0,10.062711715698242,3.741288423538208,6.511917591094971
25536,85,1.003085732460022,1.003085732460022,1.0034929513931274,0.00040719221578910947,1.0,1.0,0.0,0.0,0.0,266,35.68035125732422,fresh_online_exploration,0,1,1.0,1.0,10.00623607635498,3.724618673324585,6.4122114181518555
25536,87,1.0044748783111572,1.0044748783111572,1.008220911026001,0.0037460012827068567,1.0,1.0,0.0,0.0,0.0,266,35.69007873535156,fresh_online_exploration,0,1,1.0,1.0,10.055719375610352,3.739988327026367,6.603018283843994
25536,90,1.0042858123779297,1.0042858123779297,1.005786418914795,0.0015006589237600565,1.0,1.0,0.0,0.0,0.0,266,35.66194152832031,fresh_online_exploration,0,1,1.0,1.0,10.077458381652832,3.75482177734375,6.566157341003418
25632,1,1.0037896633148193,1.0037896633148193,1.004547119140625,0.0007574689225293696,1.0,1.0,0.0,0.0,0.0,267,35.749900817871094,fresh_online_exploration,0,1,1.0,1.0,10.083003044128418,3.7138214111328125,6.422445297241211
25632,3,1.0017609596252441,1.0017609596252441,1.00179123878479,3.0275321478256956e-05,1.0,1.0,0.0,0.0,0.0,267,35.664161682128906,fresh_online_exploration,0,1,1.0,1.0,10.045524597167969,3.738769769668579,6.375176429748535
25632,6,1.0043363571166992,1.0043363571166992,1.0043432712554932,6.876672614453128e-06,1.0,1.0,0.0,0.0,0.0,267,35.6104621887207,fresh_online_exploration,0,1,1.0,1.0,10.100800514221191,3.734633207321167,6.422994613647461
25632,23,1.0044177770614624,1.0044177770614624,1.0046870708465576,0.00026929983869194984,1.0,1.0,0.0,0.0,0.0,267,35.722137451171875,fresh_online_exploration,0,1,1.0,1.0,10.045780181884766,3.7454910278320312,6.458763599395752
25632,32,1.0032435655593872,1.0032435655593872,1.003321886062622,7.831439870642498e-05,1.0,1.0,0.0,0.0,0.0,267,35.69916915893555,fresh_online_exploration,0,1,1.0,1.0,10.019766807556152,3.690436363220215,6.3989410400390625
25632,41,1.0006481409072876,1.0006481409072876,1.0006649494171143,1.6883723219507374e-05,1.0,1.0,0.0,0.0,0.0,267,35.61119079589844,fresh_online_exploration,0,1,1.0,1.0,10.04416561126709,3.728198528289795,6.4131622314453125
25632,43,1.0025486946105957,1.0025486946105957,1.0028467178344727,0.00029805293888784945,1.0,1.0,0.0,0.0,0.0,267,35.64727020263672,fresh_online_exploration,0,1,1.0,1.0,10.06875991821289,3.721815347671509,6.5297112464904785
25632,52,1.0018888711929321,1.0018888711929321,1.0022181272506714,0.00032924982951954007,1.0,1.0,0.0,0.0,0.0,267,35.6135139465332,fresh_online_exploration,0,1,1.0,1.0,10.05102825164795,3.740034818649292,6.525383472442627
25632,58,1.0033069849014282,1.0033069849014282,1.0033166408538818,9.694578693597578e-06,1.0,1.0,0.0,0.0,0.0,267,35.690223693847656,fresh_online_exploration,0,1,1.0,1.0,10.00361442565918,3.7426059246063232,6.38655424118042
25632,73,1.0011485815048218,1.0011485815048218,1.0013885498046875,0.00023985738516785204,1.0,1.0,0.0,0.0,0.0,267,35.624244689941406,fresh_online_exploration,0,1,1.0,1.0,10.053953170776367,3.732639789581299,6.464142322540283
25632,79,1.0006070137023926,1.0006070137023926,1.000706434249878,9.94419606286101e-05,1.0,1.0,0.0,0.0,0.0,267,35.625083923339844,fresh_online_exploration,0,1,1.0,1.0,10.066624641418457,3.710186243057251,6.444620609283447
25632,82,1.003684401512146,1.003684401512146,1.0036952495574951,1.081609934772132e-05,1.0,1.0,0.0,0.0,0.0,267,35.68620681762695,fresh_online_exploration,0,1,1.0,1.0,10.055785179138184,3.7251477241516113,6.4088897705078125
25632,84,1.0018991231918335,1.0018991231918335,1.0076433420181274,0.005744216497987509,1.0,1.0,0.0,0.0,0.0,267,35.68966293334961,fresh_online_exploration,0,1,1.0,1.0,10.079436302185059,3.740124225616455,6.432857990264893
25632,88,1.0013798475265503,1.0013798475265503,1.0014359951019287,5.6122713431250304e-05,1.0,1.0,0.0,0.0,0.0,267,35.63688659667969,fresh_online_exploration,0,1,1.0,1.0,10.071534156799316,3.7354226112365723,6.4644365310668945
25632,95,1.004930019378662,1.004930019378662,1.0073612928390503,0.0024313051253557205,1.0,1.0,0.0,0.0,0.0,267,35.76133728027344,fresh_online_exploration,0,1,1.0,1.0,10.03472900390625,3.707432508468628,6.48806619644165
25728,4,1.0002167224884033,1.0002167224884033,1.0080125331878662,0.007795867510139942,1.0,1.0,0.0,0.0,0.0,268,35.637351989746094,fresh_online_exploration,0,1,1.0,1.0,10.03602123260498,3.707529067993164,6.381897926330566
25728,16,1.0011703968048096,1.0011703968048096,1.0012727975845337,0.00010240863775834441,1.0,1.0,0.0,0.0,0.0,268,35.65959930419922,fresh_online_exploration,0,1,1.0,1.0,10.022012710571289,3.7392685413360596,6.417093276977539
25728,17,1.0023460388183594,1.0023460388183594,1.0113418102264404,0.00899585522711277,1.0,1.0,0.0,0.0,0.0,268,35.66188049316406,fresh_online_exploration,0,1,1.0,1.0,10.065073013305664,3.7336885929107666,6.443903923034668
25728,29,1.0039974451065063,1.0039974451065063,1.0042431354522705,0.00024565192870795727,1.0,1.0,0.0,0.0,0.0,268,35.69706726074219,fresh_online_exploration,0,1,1.0,1.0,10.039741516113281,3.735304594039917,6.404499053955078
25728,31,1.004555106163025,1.004555106163025,1.0046567916870117,0.00010175436909776181,1.0,1.0,0.0,0.0,0.0,268,35.699546813964844,fresh_online_exploration,0,1,1.0,1.0,10.089881896972656,3.7426650524139404,6.4280877113342285
25728,46,1.0038913488388062,1.0038913488388062,1.0041170120239258,0.00022560692741535604,1.0,1.0,0.0,0.0,0.0,268,35.67911911010742,fresh_online_exploration,0,1,1.0,1.0,10.007696151733398,3.7539703845977783,6.37682580947876
25728,48,1.0033149719238281,1.0033149719238281,1.0196969509124756,0.016381775960326195,1.0,1.0,0.0,0.0,0.0,268,35.673675537109375,fresh_online_exploration,0,1,1.0,1.0,10.04140853881836,3.742539405822754,6.491856098175049
25728,76,1.0011740922927856,1.0011740922927856,1.0084404945373535,0.007266439497470856,1.0,1.0,0.0,0.0,0.0,268,35.62800216674805,fresh_online_exploration,0,1,1.0,1.0,10.042947769165039,3.7335710525512695,6.403134346008301
25728,86,1.0033378601074219,1.0033378601074219,1.00342857837677,9.070160012925044e-05,1.0,1.0,0.0,0.0,0.0,268,35.684722900390625,fresh_online_exploration,0,1,1.0,1.0,10.041647911071777,3.745361089706421,6.312021732330322
25728,89,1.0007269382476807,1.0007269382476807,1.0037943124771118,0.0030674049630761147,1.0,1.0,0.0,0.0,0.0,268,35.6612663269043,fresh_online_exploration,0,1,1.0,1.0,10.066953659057617,3.718371629714966,6.424919128417969
25728,94,1.000440001487732,1.000440001487732,1.0004514455795288,1.1464907402114477e-05,1.0,1.0,0.0,0.0,0.0,268,35.63007354736328,fresh_online_exploration,0,1,1.0,1.0,10.1332426071167,3.7369751930236816,6.458128929138184
25824,7,1.0015517473220825,1.0015517473220825,1.0019550323486328,0.00040332810021936893,1.0,1.0,0.0,0.0,0.0,269,35.73342514038086,fresh_online_exploration,0,1,1.0,1.0,10.088855743408203,3.749842882156372,6.362178325653076
25824,10,1.0017201900482178,1.0017201900482178,1.0021198987960815,0.00039972123340703547,1.0,1.0,0.0,0.0,0.0,269,35.67261505126953,fresh_online_exploration,0,1,1.0,1.0,10.010089874267578,3.750741481781006,6.332868576049805
25824,14,1.0052109956741333,1.0052109956741333,1.0053263902664185,0.00011534948862390593,1.0,1.0,0.0,0.0,0.0,269,35.745967864990234,fresh_online_exploration,0,1,1.0,1.0,9.996683120727539,3.7043497562408447,6.396798133850098
25824,15,1.0051952600479126,1.0051952600479126,1.0052307844161987,3.552748603397049e-05,1.0,1.0,0.0,0.0,0.0,269,35.791160583496094,fresh_online_exploration,0,1,1.0,1.0,10.08824348449707,3.734863758087158,6.356149673461914
25824,20,1.0029422044754028,1.0029422044754028,1.0029537677764893,1.1495766557345632e-05,1.0,1.0,0.0,0.0,0.0,269,35.759666442871094,fresh_online_exploration,0,1,1.0,1.0,10.015522956848145,3.7437386512756348,6.355261325836182
25824,25,1.005286693572998,1.005286693572998,1.0054877996444702,0.00020111830963287503,1.0,1.0,0.0,0.0,0.0,269,35.75933074951172,fresh_online_exploration,0,1,1.0,1.0,10.060722351074219,3.737865686416626,6.361550807952881
25824,26,1.0010859966278076,1.0010859966278076,1.013460397720337,0.012374433688819408,1.0,1.0,0.0,0.0,0.0,269,35.67139434814453,fresh_online_exploration,0,1,1.0,1.0,10.064356803894043,3.7243282794952393,6.4072980880737305
25824,28,1.0049049854278564,1.0049049854278564,1.0092169046401978,0.004311935976147652,1.0,1.0,0.0,0.0,0.0,269,35.790225982666016,fresh_online_exploration,0,1,1.0,1.0,10.110291481018066,3.751472234725952,6.4123640060424805
25824,30,1.0016429424285889,1.0016429424285889,1.0141106843948364,0.01246779877692461,1.0,1.0,0.0,0.0,0.0,269,35.66944122314453,fresh_online_exploration,0,1,1.0,1.0,10.064079284667969,3.730064630508423,6.372633457183838
25824,36,1.0056564807891846,1.0056564807891846,1.0060005187988281,0.00034402962774038315,1.0,1.0,0.0,0.0,0.0,269,35.73619079589844,fresh_online_exploration,0,1,1.0,1.0,9.971569061279297,3.738187789916992,6.540922164916992
25824,49,1.0056350231170654,1.0056350231170654,1.0074255466461182,0.0017905478598549962,1.0,1.0,0.0,0.0,0.0,269,35.807960510253906,fresh_online_exploration,0,1,1.0,1.0,10.092621803283691,3.7379157543182373,6.371959209442139
25824,50,1.0007469654083252,1.0007469654083252,1.0053651332855225,0.0046181329526007175,1.0,1.0,0.0,0.0,0.0,269,35.605308532714844,fresh_online_exploration,0,1,1.0,1.0,10.149187088012695,3.705411672592163,6.3951897621154785
25824,53,1.0022027492523193,1.0022027492523193,1.0028955936431885,0.0006929010851308703,1.0,1.0,0.0,0.0,0.0,269,35.723690032958984,fresh_online_exploration,0,1,1.0,1.0,10.039165496826172,3.717803716659546,6.352571487426758
25824,55,1.001373529434204,1.001373529434204,1.0016794204711914,0.00030596807482652366,1.0,1.0,0.0,0.0,0.0,269,35.71107482910156,fresh_online_exploration,0,1,1.0,1.0,10.051316261291504,3.730968952178955,6.381961345672607
25824,56,1.002467155456543,1.002467155456543,1.0046584606170654,0.0021912637166678905,1.0,1.0,0.0,0.0,0.0,269,35.69460678100586,fresh_online_exploration,0,1,1.0,1.0,10.09473705291748,3.7378551959991455,6.390019416809082
25824,57,1.002776861190796,1.002776861190796,1.002925157546997,0.0001482558873249218,1.0,1.0,0.0,0.0,0.0,269,35.69830322265625,fresh_online_exploration,0,1,1.0,1.0,10.069300651550293,3.7445340156555176,6.369871139526367
25824,60,1.0038940906524658,1.0038940906524658,1.004002332687378,0.00010823692718986422,1.0,1.0,0.0,0.0,0.0,269,35.777652740478516,fresh_online_exploration,0,1,1.0,1.0,10.00172233581543,3.7467334270477295,6.3390936851501465
25824,63,1.0035101175308228,1.0035101175308228,1.0051605701446533,0.001650519436225295,1.0,1.0,0.0,0.0,0.0,269,35.768218994140625,fresh_online_exploration,0,1,1.0,1.0,10.11147689819336,3.745811939239502,6.418059349060059
25824,65,1.0037866830825806,1.0037866830825806,1.004197359085083,0.0004107103159185499,1.0,1.0,0.0,0.0,0.0,269,35.72464370727539,fresh_online_exploration,0,1,1.0,1.0,10.063711166381836,3.7303874492645264,6.375240802764893
25824,66,1.005168080329895,1.005168080329895,1.0051758289337158,7.673874279134907e-06,1.0,1.0,0.0,0.0,0.0,269,35.79212951660156,fresh_online_exploration,0,1,1.0,1.0,10.077360153198242,3.731559991836548,6.428410530090332
25824,67,1.0053359270095825,1.0053359270095825,1.0056941509246826,0.0003582308709155768,1.0,1.0,0.0,0.0,0.0,269,35.768280029296875,fresh_online_exploration,0,1,1.0,1.0,10.049766540527344,3.7329065799713135,6.343160152435303
25824,69,1.00343656539917,1.00343656539917,1.013558030128479,0.010121379978954792,1.0,1.0,0.0,0.0,0.0,269,35.65889358520508,fresh_online_exploration,0,1,1.0,1.0,10.041350364685059,3.743713140487671,6.432250022888184
25824,71,1.002833604812622,1.002833604812622,1.003113031387329,0.00027940559084527194,1.0,1.0,0.0,0.0,0.0,269,35.73981857299805,fresh_online_exploration,0,1,1.0,1.0,10.100146293640137,3.732846260070801,6.40260648727417
25824,74,1.003544569015503,1.003544569015503,1.0036592483520508,0.00011463666305644438,1.0,1.0,0.0,0.0,0.0,269,35.754241943359375,fresh_online_exploration,0,1,1.0,1.0,10.056241035461426,3.7399163246154785,6.337468147277832
25824,75,1.0051347017288208,1.0051347017288208,1.0052282810211182,9.357490489492193e-05,1.0,1.0,0.0,0.0,0.0,269,35.73237609863281,fresh_online_exploration,0,1,1.0,1.0,10.043975830078125,3.7420198917388916,6.449649333953857
25824,78,1.0049419403076172,1.0049419403076172,1.004962682723999,2.0726660295622423e-05,1.0,1.0,0.0,0.0,0.0,269,35.74833297729492,fresh_online_exploration,0,1,1.0,1.0,10.090731620788574,3.736032247543335,6.356131553649902
25824,91,1.000285267829895,1.000285267829895,1.0004839897155762,0.00019873323617503047,1.0,1.0,0.0,0.0,0.0,269,35.69484329223633,fresh_online_exploration,0,1,1.0,1.0,10.049738883972168,3.731505870819092,6.360330581665039
25920,2,1.0031458139419556,1.0031458139419556,1.0032867193222046,0.00014087097952142358,1.0,1.0,0.0,0.0,0.0,270,35.778507232666016,fresh_online_exploration,0,1,1.0,1.0,10.07120132446289,3.75403094291687,6.258997440338135
25920,5,1.0025056600570679,1.0025056600570679,1.0025889873504639,8.339662599610165e-05,1.0,1.0,0.0,0.0,0.0,270,35.75298309326172,fresh_online_exploration,0,1,1.0,1.0,10.006826400756836,3.741590976715088,6.327554702758789
25920,12,1.0020750761032104,1.0020750761032104,1.0022480487823486,0.00017305136134382337,1.0,1.0,0.0,0.0,0.0,270,35.71149826049805,fresh_online_exploration,0,1,1.0,1.0,10.106979370117188,3.750763177871704,6.287354469299316
25920,13,1.0038111209869385,1.0038111209869385,1.0043967962265015,0.0005857001524418592,1.0,1.0,0.0,0.0,0.0,270,35.73757553100586,fresh_online_exploration,0,1,1.0,1.0,10.076437950134277,3.7240753173828125,6.313533782958984
25920,18,1.000549554824829,1.000549554824829,1.0008163452148438,0.00026686923229135573,1.0,1.0,0.0,0.0,0.0,270,35.73800277709961,fresh_online_exploration,0,1,1.0,1.0,10.09434700012207,3.717846632003784,6.237421989440918
25920,33,1.0013699531555176,1.0013699531555176,1.003646969795227,0.0022770764771848917,1.0,1.0,0.0,0.0,0.0,270,35.76628112792969,fresh_online_exploration,0,1,1.0,1.0,10.096070289611816,3.740199089050293,6.317500114440918
25920,35,1.0041544437408447,1.0041544437408447,1.0072749853134155,0.0031205955892801285,1.0,1.0,0.0,0.0,0.0,270,35.741092681884766,fresh_online_exploration,0,1,1.0,1.0,10.054778099060059,3.737873077392578,6.368505001068115
25920,47,1.0040024518966675,1.0040024518966675,1.0040934085845947,9.090843377634883e-05,1.0,1.0,0.0,0.0,0.0,270,35.771240234375,fresh_online_exploration,0,1,1.0,1.0,10.094874382019043,3.7308623790740967,6.292851448059082
25920,61,1.003320336341858,1.003320336341858,1.0036609172821045,0.00034054977004416287,1.0,1.0,0.0,0.0,0.0,270,35.733436584472656,fresh_online_exploration,0,1,1.0,1.0,10.082338333129883,3.7445621490478516,6.324130535125732
25920,80,1.0020415782928467,1.0020415782928467,1.0021708011627197,0.00012923256144858897,1.0,1.0,0.0,0.0,0.0,270,35.70805358886719,fresh_online_exploration,0,1,1.0,1.0,10.070123672485352,3.7394869327545166,6.291070938110352
25920,81,1.00016450881958,1.00016450881958,1.000209093093872,4.457907925825566e-05,1.0,1.0,0.0,0.0,0.0,270,35.72040557861328,fresh_online_exploration,0,1,1.0,1.0,10.087213516235352,3.746532917022705,6.240488052368164
26016,22,1.0046008825302124,1.0046008825302124,1.004760980606079,0.0001601605035830289,1.0,1.0,0.0,0.0,0.0,271,35.82493591308594,fresh_online_exploration,0,1,1.0,1.0,10.028018951416016,3.733581304550171,6.287078857421875
26016,39,1.004556655883789,1.004556655883789,1.0105586051940918,0.00600211089476943,1.0,1.0,0.0,0.0,0.0,271,35.77925491333008,fresh_online_exploration,0,1,1.0,1.0,10.090958595275879,3.7264010906219482,6.344244956970215
26016,59,1.0050369501113892,1.0050369501113892,1.0050466060638428,9.623669939173851e-06,1.0,1.0,0.0,0.0,0.0,271,35.81349182128906,fresh_online_exploration,0,1,1.0,1.0,10.160555839538574,3.737424612045288,6.336766719818115
26016,70,1.000658392906189,1.000658392906189,1.007690668106079,0.007032270543277264,1.0,1.0,0.0,0.0,0.0,271,35.70573806762695,fresh_online_exploration,0,1,1.0,1.0,10.093816757202148,3.7157318592071533,6.288896083831787
26016,83,1.0054043531417847,1.0054043531417847,1.0088589191436768,0.0034545287489891052,1.0,1.0,0.0,0.0,0.0,271,35.84797668457031,fresh_online_exploration,0,1,1.0,1.0,10.05514144897461,3.7465035915374756,6.294327735900879
26208,37,1.005180835723877,1.005180835723877,1.0072754621505737,0.0020946741569787264,1.0,1.0,0.0,0.0,0.0,273,35.84042739868164,fresh_online_exploration,0,1,1.0,1.0,10.098298072814941,3.736722469329834,6.196614742279053
49824,90,1.0057483911514282,1.0057483911514282,1.0123142004013062,0.006565878167748451,1.0,1.0,0.0,0.0,0.0,253,35.36400604248047,fresh_online_exploration,1,2,1.0,1.0,9.976505279541016,4.012320041656494,7.2568182945251465
50496,64,1.0047721862792969,1.0047721862792969,1.0050394535064697,0.00026716801221482456,1.0,1.0,0.0,0.0,0.0,262,35.60184097290039,fresh_online_exploration,1,3,1.0,1.0,10.05593490600586,4.031650066375732,6.630483627319336
50784,40,1.001011610031128,1.001011610031128,1.0010230541229248,1.1526612070156261e-05,1.0,1.0,0.0,0.0,0.0,267,35.612770080566406,fresh_online_exploration,1,3,1.0,1.0,10.177659034729004,3.990382194519043,6.449411869049072
50880,8,1.001779556274414,1.001779556274414,1.0068234205245972,0.005043902434408665,1.0,1.0,0.0,0.0,0.0,265,35.520328521728516,fresh_online_exploration,1,3,1.0,1.0,10.158719062805176,4.043756484985352,6.577799320220947
50880,11,1.001779556274414,1.001779556274414,1.0019423961639404,0.0001628734462428838,1.0,1.0,0.0,0.0,0.0,268,35.694053649902344,fresh_online_exploration,1,3,1.0,1.0,10.108221054077148,3.9812207221984863,6.335017681121826
50976,6,1.0056369304656982,1.0056369304656982,1.0057051181793213,6.823566218372434e-05,1.0,1.0,0.0,0.0,0.0,264,35.63105773925781,fresh_online_exploration,1,3,1.0,1.0,10.121298789978027,4.018131732940674,6.6656813621521
50976,42,1.005273699760437,1.005273699760437,1.0054322481155396,0.00015854511002544314,1.0,1.0,0.0,0.0,0.0,268,35.720149993896484,fresh_online_exploration,1,3,1.0,1.0,10.124798774719238,4.013729572296143,6.3754801750183105
51072,21,1.0051919221878052,1.0051919221878052,1.0154023170471191,0.01021043211221695,1.0,1.0,0.0,0.0,0.0,268,35.65910339355469,fresh_online_exploration,1,3,1.0,1.0,10.13375186920166,4.0375285148620605,6.471947193145752
51072,68,1.0032068490982056,1.0032068490982056,1.0032185316085815,1.1639419426501263e-05,1.0,1.0,0.0,0.0,0.0,266,35.59771728515625,fresh_online_exploration,1,3,1.0,1.0,10.154637336730957,4.0356879234313965,6.5624237060546875
51072,72,1.001948595046997,1.001948595046997,1.0019739866256714,2.5424789782846346e-05,1.0,1.0,0.0,0.0,0.0,267,35.615623474121094,fresh_online_exploration,1,3,1.0,1.0,10.161972999572754,4.060293674468994,6.437656402587891
51072,84,1.0002503395080566,1.0002503395080566,1.0015674829483032,0.0013171436730772257,1.0,1.0,0.0,0.0,0.0,265,35.53955841064453,fresh_online_exploration,1,3,1.0,1.0,10.097359657287598,4.04210090637207,6.497006416320801
51168,51,1.0016144514083862,1.0016144514083862,1.0156550407409668,0.014040598645806313,1.0,1.0,0.0,0.0,0.0,268,35.63629150390625,fresh_online_exploration,1,3,1.0,1.0,10.13831615447998,4.033194541931152,6.442770481109619
51168,52,1.0012761354446411,1.0012761354446411,1.0014169216156006,0.00014081737026572227,1.0,1.0,0.0,0.0,0.0,266,35.56986999511719,fresh_online_exploration,1,3,1.0,1.0,10.133581161499023,4.0222978591918945,6.573917865753174
51168,54,1.0052311420440674,1.0052311420440674,1.005270004272461,3.8863770896568894e-05,1.0,1.0,0.0,0.0,0.0,269,35.67424011230469,fresh_online_exploration,1,3,1.0,1.0,10.131592750549316,4.016581058502197,6.424255847930908
51264,38,1.0013800859451294,1.0013800859451294,1.0014021396636963,2.2096082830103114e-05,1.0,1.0,0.0,0.0,0.0,268,35.61653137207031,fresh_online_exploration,1,3,1.0,1.0,10.185033798217773,4.019064426422119,6.453464031219482
51264,48,1.0028061866760254,1.0028061866760254,1.0028166770935059,1.0476856914465316e-05,1.0,1.0,0.0,0.0,0.0,266,35.629066467285156,fresh_online_exploration,1,3,1.0,1.0,10.105033874511719,4.045741081237793,6.476591110229492
51264,69,1.001342535018921,1.001342535018921,1.0014150142669678,7.238089165184647e-05,1.0,1.0,0.0,0.0,0.0,265,35.59088897705078,fresh_online_exploration,1,3,1.0,1.0,10.120527267456055,4.047885894775391,6.475327491760254
51264,77,1.0022026300430298,1.0022026300430298,1.0024312734603882,0.00022865302162244916,1.0,1.0,0.0,0.0,0.0,269,35.759666442871094,fresh_online_exploration,1,3,1.0,1.0,10.117618560791016,4.037276268005371,6.344456672668457
51264,79,1.001502513885498,1.001502513885498,1.0017871856689453,0.00028458493761718273,1.0,1.0,0.0,0.0,0.0,267,35.66952896118164,fresh_online_exploration,1,3,1.0,1.0,10.127673149108887,4.019527435302734,6.372206211090088
51360,0,1.0038715600967407,1.0038715600967407,1.0038893222808838,1.7667762222117744e-05,1.0,1.0,0.0,0.0,0.0,269,35.739131927490234,fresh_online_exploration,1,3,1.0,1.0,10.091876983642578,4.054478168487549,6.39285945892334
51360,4,1.00001859664917,1.00001859664917,1.0004944801330566,0.00047592396731488407,1.0,1.0,0.0,0.0,0.0,267,35.63202667236328,fresh_online_exploration,1,3,1.0,1.0,10.129278182983398,4.060624599456787,6.414167404174805
51360,30,1.0007966756820679,1.0007966756820679,1.0009377002716064,0.00014099177496973425,1.0,1.0,0.0,0.0,0.0,266,35.59783172607422,fresh_online_exploration,1,3,1.0,1.0,10.111248016357422,4.048311710357666,6.429911136627197
51360,34,1.0016586780548096,1.0016586780548096,1.001956582069397,0.0002979460696224123,1.0,1.0,0.0,0.0,0.0,269,35.637367248535156,fresh_online_exploration,1,3,1.0,1.0,10.16480541229248,4.002660751342773,6.372772693634033
51360,43,1.0035563707351685,1.0035563707351685,1.010027527809143,0.0064711421728134155,1.0,1.0,0.0,0.0,0.0,268,35.645179748535156,fresh_online_exploration,1,3,1.0,1.0,10.13867473602295,4.018479347229004,6.494982719421387
51360,46,1.0036064386367798,1.0036064386367798,1.0148768424987793,0.011270424351096153,1.0,1.0,0.0,0.0,0.0,267,35.62761306762695,fresh_online_exploration,1,3,1.0,1.0,10.110130310058594,4.062406539916992,6.493987083435059
51360,62,1.0011731386184692,1.0011731386184692,1.0041944980621338,0.0030214162543416023,1.0,1.0,0.0,0.0,0.0,269,35.65727233886719,fresh_online_exploration,1,3,1.0,1.0,10.193183898925781,4.027081489562988,6.442859649658203
51360,82,1.0026094913482666,1.0026094913482666,1.012495994567871,0.009886656887829304,1.0,1.0,0.0,0.0,0.0,268,35.65298843383789,fresh_online_exploration,1,3,1.0,1.0,10.127375602722168,4.018306732177734,6.395539283752441
51456,23,1.0018311738967896,1.0018311738967896,1.0019561052322388,0.00012491369852796197,1.0,1.0,0.0,0.0,0.0,269,35.66761016845703,fresh_online_exploration,1,3,1.0,1.0,10.14128303527832,4.0195231437683105,6.3648457527160645
51456,28,1.0027929544448853,1.0027929544448853,1.0029644966125488,0.0001715801772661507,1.0,1.0,0.0,0.0,0.0,267,35.69523239135742,fresh_online_exploration,1,3,1.0,1.0,10.130667686462402,4.0431671142578125,6.374723434448242
51456,56,1.0044703483581543,1.0044703483581543,1.0052802562713623,0.000809943419881165,1.0,1.0,0.0,0.0,0.0,267,35.70195770263672,fresh_online_exploration,1,3,1.0,1.0,10.132699012756348,4.01841402053833,6.47570276260376
51456,71,1.000231146812439,1.000231146812439,1.0003407001495361,0.00010958619532175362,1.0,1.0,0.0,0.0,0.0,267,35.634620666503906,fresh_online_exploration,1,3,1.0,1.0,10.149507522583008,4.0520806312561035,6.411556720733643
51456,73,1.0000163316726685,1.0000163316726685,1.0081586837768555,0.008142194710671902,1.0,1.0,0.0,0.0,0.0,269,35.59986114501953,fresh_online_exploration,1,3,1.0,1.0,10.1513032913208,4.016353607177734,6.382381439208984
51456,87,1.0028319358825684,1.0028319358825684,1.006833553314209,0.004001631401479244,1.0,1.0,0.0,0.0,0.0,270,35.728736877441406,fresh_online_exploration,1,3,1.0,1.0,10.17001724243164,4.022133827209473,6.3475775718688965
51552,3,1.0043021440505981,1.0043021440505981,1.0045862197875977,0.00028414660482667387,1.0,1.0,0.0,0.0,0.0,270,35.76905059814453,fresh_online_exploration,1,3,1.0,1.0,10.130940437316895,4.025367259979248,6.316466808319092
51552,10,1.0018311738967896,1.0018311738967896,1.0165419578552246,0.014710668474435806,1.0,1.0,0.0,0.0,0.0,268,35.592063903808594,fresh_online_exploration,1,3,1.0,1.0,10.122385025024414,4.0380754470825195,6.4538445472717285
51552,13,1.0005805492401123,1.0005805492401123,1.0006744861602783,9.398176916874945e-05,1.0,1.0,0.0,0.0,0.0,267,35.635032653808594,fresh_online_exploration,1,3,1.0,1.0,10.104166030883789,4.004441261291504,6.3401103019714355
51552,15,1.0055229663848877,1.0055229663848877,1.005544900894165,2.2003192498232238e-05,1.0,1.0,0.0,0.0,0.0,268,35.73857879638672,fresh_online_exploration,1,3,1.0,1.0,10.122528076171875,4.030391693115234,6.428092956542969
51552,29,1.0022815465927124,1.0022815465927124,1.0024981498718262,0.00021658441983163357,1.0,1.0,0.0,0.0,0.0,269,35.66225814819336,fresh_online_exploration,1,3,1.0,1.0,10.146385192871094,4.0440354347229,6.386772632598877
51552,41,1.001273274421692,1.001273274421692,1.0015335083007812,0.0002603006432764232,1.0,1.0,0.0,0.0,0.0,270,35.72060775756836,fresh_online_exploration,1,3,1.0,1.0,10.143136024475098,4.04135799407959,6.318557262420654
51552,57,1.0032685995101929,1.0032685995101929,1.0064797401428223,0.0032110910397022963,1.0,1.0,0.0,0.0,0.0,268,35.74745178222656,fresh_online_exploration,1,3,1.0,1.0,10.149330139160156,4.025590419769287,6.438218116760254
51552,58,1.000828742980957,1.000828742980957,1.0009353160858154,0.00010655799997039139,1.0,1.0,0.0,0.0,0.0,270,35.67980194091797,fresh_online_exploration,1,3,1.0,1.0,10.153081893920898,4.013472557067871,6.287457466125488
51552,59,1.0058441162109375,1.0058441162109375,1.0059576034545898,0.00011350973363732919,1.0,1.0,0.0,0.0,0.0,266,35.69342803955078,fresh_online_exploration,1,3,1.0,1.0,10.11381721496582,4.027214527130127,6.536807060241699
51552,66,1.00157630443573,1.00157630443573,1.0016711950302124,9.493903780821711e-05,1.0,1.0,0.0,0.0,0.0,268,35.66893005371094,fresh_online_exploration,1,3,1.0,1.0,10.133941650390625,4.052847862243652,6.380451202392578
51552,75,1.004568338394165,1.004568338394165,1.004730224609375,0.00016188198060262948,1.0,1.0,0.0,0.0,0.0,268,35.70738220214844,fresh_online_exploration,1,3,1.0,1.0,10.145564079284668,4.03795862197876,6.417270183563232
51552,86,1.0024105310440063,1.0024105310440063,1.0025831460952759,0.0001726145128486678,1.0,1.0,0.0,0.0,0.0,269,35.69804000854492,fresh_online_exploration,1,3,1.0,1.0,10.118831634521484,4.041998863220215,6.331462383270264
51552,88,1.0045806169509888,1.0045806169509888,1.0045915842056274,1.0941816071863286e-05,1.0,1.0,0.0,0.0,0.0,270,35.77618408203125,fresh_online_exploration,1,3,1.0,1.0,10.13215160369873,4.03919792175293,6.321466445922852
51552,94,1.0005981922149658,1.0005981922149658,1.0077359676361084,0.007137848995625973,1.0,1.0,0.0,0.0,0.0,269,35.595027923583984,fresh_online_exploration,1,3,1.0,1.0,10.146366119384766,4.046609401702881,6.406011581420898
51648,1,1.0025428533554077,1.0025428533554077,1.0041933059692383,0.0016504426021128893,1.0,1.0,0.0,0.0,0.0,271,35.82197570800781,fresh_online_exploration,1,3,1.0,1.0,10.173101425170898,4.03389835357666,6.262532711029053
51648,16,1.0034364461898804,1.0034364461898804,1.0036295652389526,0.00019311440701130778,1.0,1.0,0.0,0.0,0.0,270,35.73065948486328,fresh_online_exploration,1,3,1.0,1.0,10.147574424743652,4.026058673858643,6.325297832489014
51648,20,1.002125859260559,1.002125859260559,1.0037262439727783,0.0016004128847271204,1.0,1.0,0.0,0.0,0.0,269,35.687599182128906,fresh_online_exploration,1,3,1.0,1.0,10.081644058227539,4.0166473388671875,6.399501323699951
51648,26,1.0037555694580078,1.0037555694580078,1.0105262994766235,0.006770780310034752,1.0,1.0,0.0,0.0,0.0,269,35.74531173706055,fresh_online_exploration,1,3,1.0,1.0,10.157468795776367,4.030531883239746,6.470896244049072
51648,36,1.0055251121520996,1.0055251121520996,1.0099010467529297,0.004375962540507317,1.0,1.0,0.0,0.0,0.0,269,35.75229263305664,fresh_online_exploration,1,3,1.0,1.0,10.087007522583008,4.022857189178467,6.3707146644592285
51648,50,1.0030847787857056,1.0030847787857056,1.0031769275665283,9.21356986509636e-05,1.0,1.0,0.0,0.0,0.0,269,35.68125915527344,fresh_online_exploration,1,3,1.0,1.0,10.172290802001953,4.0317840576171875,6.4049906730651855
51648,67,1.003008484840393,1.003008484840393,1.014512538909912,0.01150404755026102,1.0,1.0,0.0,0.0,0.0,269,35.676902770996094,fresh_online_exploration,1,3,1.0,1.0,10.133219718933105,4.066092014312744,6.419118881225586
51648,70,1.003994345664978,1.003994345664978,1.006373405456543,0.0023790060076862574,1.0,1.0,0.0,0.0,0.0,267,35.67152404785156,fresh_online_exploration,1,3,1.0,1.0,10.120424270629883,4.02341890335083,6.503485202789307
51648,89,1.0016785860061646,1.0016785860061646,1.0022387504577637,0.0005601869197562337,1.0,1.0,0.0,0.0,0.0,270,35.74936294555664,fresh_online_exploration,1,3,1.0,1.0,10.159568786621094,4.055736541748047,6.326782703399658
51648,95,1.0035265684127808,1.0035265684127808,1.0060148239135742,0.0024883656296879053,1.0,1.0,0.0,0.0,0.0,271,35.77299499511719,fresh_online_exploration,1,3,1.0,1.0,10.154857635498047,4.022395610809326,6.302704334259033
51744,12,1.0028834342956543,1.0028834342956543,1.0028941631317139,1.0658182873157784e-05,1.0,1.0,0.0,0.0,0.0,269,35.70804977416992,fresh_online_exploration,1,3,1.0,1.0,10.137771606445312,4.010760307312012,6.306760311126709
51744,14,1.0033997297286987,1.0033997297286987,1.0039494037628174,0.0005496155354194343,1.0,1.0,0.0,0.0,0.0,270,35.762733459472656,fresh_online_exploration,1,3,1.0,1.0,10.139342308044434,4.048254489898682,6.3410725593566895
51744,31,1.0054692029953003,1.0054692029953003,1.0065922737121582,0.0011231674579903483,1.0,1.0,0.0,0.0,0.0,271,35.80389404296875,fresh_online_exploration,1,3,1.0,1.0,10.134949684143066,4.0442376136779785,6.339573860168457
51744,32,1.004475474357605,1.004475474357605,1.0047205686569214,0.0002450672909617424,1.0,1.0,0.0,0.0,0.0,272,35.83401107788086,fresh_online_exploration,1,3,1.0,1.0,10.170305252075195,4.0094733238220215,6.229376792907715
51744,47,1.0026772022247314,1.0026772022247314,1.002798080444336,0.00012092910765204579,1.0,1.0,0.0,0.0,0.0,269,35.73969268798828,fresh_online_exploration,1,3,1.0,1.0,10.131332397460938,4.010401248931885,6.3558759689331055
51744,49,1.0020620822906494,1.0020620822906494,1.0021722316741943,0.00011010284652002156,1.0,1.0,0.0,0.0,0.0,270,35.72079849243164,fresh_online_exploration,1,3,1.0,1.0,10.170047760009766,4.0320916175842285,6.297373294830322
51744,55,1.0022733211517334,1.0022733211517334,1.0046197175979614,0.002346392022445798,1.0,1.0,0.0,0.0,0.0,270,35.760986328125,fresh_online_exploration,1,3,1.0,1.0,10.130365371704102,4.031946659088135,6.38845157623291
51744,60,1.0051177740097046,1.0051177740097046,1.0051401853561401,2.2390699086827226e-05,1.0,1.0,0.0,0.0,0.0,270,35.804622650146484,fresh_online_exploration,1,3,1.0,1.0,10.080609321594238,4.034094333648682,6.338261127471924
51744,61,1.0001881122589111,1.0001881122589111,1.0002846717834473,9.654075256548822e-05,1.0,1.0,0.0,0.0,0.0,269,35.67340087890625,fresh_online_exploration,1,3,1.0,1.0,10.143607139587402,4.000757217407227,6.345621585845947
51744,80,1.0007996559143066,1.0007996559143066,1.0070748329162598,0.00627504289150238,1.0,1.0,0.0,0.0,0.0,269,35.70537185668945,fresh_online_exploration,1,3,1.0,1.0,10.184953689575195,4.027737617492676,6.390082359313965
51744,81,1.0037946701049805,1.0037946701049805,1.0039249658584595,0.00013029738329350948,1.0,1.0,0.0,0.0,0.0,269,35.76551055908203,fresh_online_exploration,1,3,1.0,1.0,10.1433687210083,4.014670372009277,6.338565349578857
51744,91,1.0048431158065796,1.0048431158065796,1.0067025423049927,0.0018593044951558113,1.0,1.0,0.0,0.0,0.0,270,35.758270263671875,fresh_online_exploration,1,3,1.0,1.0,10.145206451416016,4.043157577514648,6.328568458557129
51840,33,1.0012919902801514,1.0012919902801514,1.0119975805282593,0.010705581866204739,1.0,1.0,0.0,0.0,0.0,270,35.68732452392578,fresh_online_exploration,1,3,1.0,1.0,10.147037506103516,4.02574348449707,6.382997035980225
51840,53,1.0019274950027466,1.0019274950027466,1.0028724670410156,0.0009449809440411627,1.0,1.0,0.0,0.0,0.0,271,35.76633834838867,fresh_online_exploration,1,3,1.0,1.0,10.113805770874023,4.041779518127441,6.306956768035889
51840,74,1.0017049312591553,1.0017049312591553,1.001722812652588,1.7932428818312474e-05,1.0,1.0,0.0,0.0,0.0,271,35.757957458496094,fresh_online_exploration,1,3,1.0,1.0,10.158267974853516,4.038964748382568,6.250640869140625
51840,76,1.003267526626587,1.003267526626587,1.003697395324707,0.0004299314459785819,1.0,1.0,0.0,0.0,0.0,272,35.87614440917969,fresh_online_exploration,1,3,1.0,1.0,10.139060974121094,4.0415754318237305,6.255054950714111
51840,78,1.0029839277267456,1.0029839277267456,1.003125548362732,0.00014163102605380118,1.0,1.0,0.0,0.0,0.0,271,35.78032302856445,fresh_online_exploration,1,3,1.0,1.0,10.18818187713623,4.02581262588501,6.274173736572266
51936,39,1.0021857023239136,1.0021857023239136,1.0022169351577759,3.122232737950981e-05,1.0,1.0,0.0,0.0,0.0,270,35.7630729675293,fresh_online_exploration,1,3,1.0,1.0,10.192996978759766,4.036623954772949,6.272836208343506
51936,63,1.0011751651763916,1.0011751651763916,1.0089609622955322,0.007785663474351168,1.0,1.0,0.0,0.0,0.0,272,35.74230194091797,fresh_online_exploration,1,3,1.0,1.0,10.172606468200684,4.046950340270996,6.292419910430908
52032,5,1.0000303983688354,1.0000303983688354,1.0027644634246826,0.002733999164775014,1.0,1.0,0.0,0.0,0.0,272,35.74514389038086,fresh_online_exploration,1,3,1.0,1.0,10.127436637878418,4.024766445159912,6.262087345123291
52032,35,1.0053799152374268,1.0053799152374268,1.0078349113464355,0.002455048495903611,1.0,1.0,0.0,0.0,0.0,272,35.849098205566406,fresh_online_exploration,1,3,1.0,1.0,10.140849113464355,4.020458221435547,6.27811861038208
52032,65,1.003420114517212,1.003420114517212,1.004981517791748,0.0015613845316693187,1.0,1.0,0.0,0.0,0.0,273,35.82529067993164,fresh_online_exploration,1,3,1.0,1.0,10.14567756652832,4.044105052947998,6.258300304412842
52128,22,1.0008659362792969,1.0008659362792969,1.0012257099151611,0.0003596905735321343,1.0,1.0,0.0,0.0,0.0,272,35.80967330932617,fresh_online_exploration,1,3,1.0,1.0,10.131296157836914,4.020023345947266,6.202208518981934
52128,37,1.0037490129470825,1.0037490129470825,1.0044479370117188,0.0006988632958382368,1.0,1.0,0.0,0.0,0.0,270,35.762855529785156,fresh_online_exploration,1,3,1.0,1.0,10.144830703735352,4.0061421394348145,6.315386772155762
52224,83,1.0056171417236328,1.0056171417236328,1.0059702396392822,0.00035312428371980786,1.0,1.0,0.0,0.0,0.0,273,35.89604568481445,fresh_online_exploration,1,3,1.0,1.0,10.126198768615723,4.0224103927612305,6.225541591644287
57600,9,0.034200768917798996,0.006892622914165258,0.07458983361721039,0.0676972046494484,0.006892622914165258,0.0,1.0,1.0,1.0,600,1.2285683155059814,fresh_online_exploration,0,3,0.0024124180199578404,0.0,0.33819258213043213,3.747231960296631,0.4901765286922455
57600,19,0.04325712099671364,0.022573543712496758,0.09367239475250244,0.07109884172677994,0.022573543712496758,0.0,1.0,1.0,1.0,600,1.5303072929382324,fresh_online_exploration,0,3,0.007900740299373866,0.0,0.3471675515174866,3.742938756942749,0.5184019804000854
57600,24,0.022997310385107994,4.61358551362423e-09,0.023006606847047806,0.023006608709692955,4.61358551362423e-09,0.0,0.0,1.0,1.0,600,1.0412765741348267,fresh_online_exploration,0,3,1.6147549297684805e-09,0.0,0.36250367760658264,3.7392783164978027,0.46266546845436096
57600,27,0.023351846262812614,6.634226945578803e-09,0.02336771786212921,0.02336771972477436,6.634226945578803e-09,0.0,0.0,1.0,1.0,600,1.0488473176956177,fresh_online_exploration,0,3,2.321979430952581e-09,0.0,0.3584790825843811,3.7459933757781982,0.46398720145225525
57600,44,0.028588593006134033,6.781097905417255e-09,0.028595775365829468,0.028595777228474617,6.781097905417255e-09,0.0,0.0,1.0,1.0,600,1.0419684648513794,fresh_online_exploration,0,3,2.3733842668960392e-09,0.0,0.3307991325855255,3.731182336807251,0.4607108235359192
57600,45,0.04817463457584381,0.028909927234053612,0.08312470465898514,0.05421479046344757,0.028909927234053612,0.0,1.0,1.0,1.0,600,1.6572422981262207,fresh_online_exploration,0,3,0.010118474531918765,0.0,0.3323776125907898,3.7547848224639893,0.4709913432598114
57600,92,0.035412177443504333,0.030071955174207687,0.058921024203300476,0.028849078342318535,0.030071955174207687,0.0,0.0,1.0,1.0,600,1.69301176071167,fresh_online_exploration,0,3,0.01052518431097269,0.0,0.41153326630592346,3.76779842376709,0.48324719071388245
57600,93,0.02126612886786461,6.472871127982671e-09,0.021276436746120453,0.021276433020830154,6.472871127982671e-09,0.0,0.0,1.0,1.0,600,1.050978183746338,fresh_online_exploration,0,3,2.265504894793935e-09,0.0,0.34802961349487305,3.740281105041504,0.4653899669647217
75456,90,1.0028343200683594,1.0028343200683594,1.0029571056365967,0.0001226925669470802,1.0,1.0,0.0,0.0,0.0,267,35.67930603027344,fresh_online_exploration,2,5,1.0,1.0,10.188602447509766,4.2290358543396,6.437873840332031
76032,64,1.001165509223938,1.001165509223938,1.001239538192749,7.409497629851103e-05,1.0,1.0,0.0,0.0,0.0,266,35.666587829589844,fresh_online_exploration,3,5,1.0,1.0,10.147012710571289,4.227095127105713,6.4072065353393555
76512,8,1.0037819147109985,1.0037819147109985,1.0038158893585205,3.403309528948739e-05,1.0,1.0,0.0,0.0,0.0,267,35.624305725097656,fresh_online_exploration,3,5,1.0,1.0,10.203790664672852,4.238314628601074,6.38919734954834
76608,11,1.0027388334274292,1.0027388334274292,1.002769947052002,3.107019801973365e-05,1.0,1.0,0.0,0.0,0.0,268,35.72381591796875,fresh_online_exploration,3,5,1.0,1.0,10.178653717041016,4.250847816467285,6.329102039337158
76704,6,1.00160813331604,1.00160813331604,1.0017178058624268,0.0001096627747756429,1.0,1.0,0.0,0.0,0.0,268,35.67539596557617,fresh_online_exploration,3,5,1.0,1.0,10.228982925415039,4.278407573699951,6.404044151306152
76704,40,1.0002385377883911,1.0002385377883911,1.0002501010894775,1.147725652117515e-05,1.0,1.0,0.0,0.0,0.0,270,35.700687408447266,fresh_online_exploration,3,5,1.0,1.0,10.266592025756836,4.260035991668701,6.323706150054932
76704,42,1.005590796470642,1.005590796470642,1.0059858560562134,0.0003950553364120424,1.0,1.0,0.0,0.0,0.0,268,35.725341796875,fresh_online_exploration,3,5,1.0,1.0,10.167373657226562,4.2670063972473145,6.4494123458862305
76800,46,1.0016998052597046,1.0016998052597046,1.0020840167999268,0.0003843075246550143,1.0,1.0,0.0,0.0,0.0,265,35.58617401123047,fresh_online_exploration,3,5,1.0,1.0,10.12734603881836,4.244813919067383,6.506960391998291
76800,79,1.0006276369094849,1.0006276369094849,1.0038642883300781,0.003236754797399044,1.0,1.0,0.0,0.0,0.0,266,35.62974548339844,fresh_online_exploration,3,5,1.0,1.0,10.1939058303833,4.273946285247803,6.503990650177002
76896,21,1.000139594078064,1.000139594078064,1.0002996921539307,0.00016008281090762466,1.0,1.0,0.0,0.0,0.0,269,35.68760299682617,fresh_online_exploration,3,5,1.0,1.0,10.197690963745117,4.231756687164307,6.255367755889893
76896,38,1.0018727779388428,1.0018727779388428,1.0018842220306396,1.1476916370156687e-05,1.0,1.0,0.0,0.0,0.0,267,35.57535171508789,fresh_online_exploration,3,5,1.0,1.0,10.212723731994629,4.271007061004639,6.487532138824463
76896,52,1.0046089887619019,1.0046089887619019,1.0046260356903076,1.7113516150857322e-05,1.0,1.0,0.0,0.0,0.0,268,35.74595642089844,fresh_online_exploration,3,5,1.0,1.0,10.167093276977539,4.241766452789307,6.409947395324707
76896,68,1.001190423965454,1.001190423965454,1.0012127161026,2.229087294836063e-05,1.0,1.0,0.0,0.0,0.0,269,35.652957916259766,fresh_online_exploration,3,5,1.0,1.0,10.246516227722168,4.2655348777771,6.462267875671387
76896,69,1.001340627670288,1.001340627670288,1.0014111995697021,7.049657142488286e-05,1.0,1.0,0.0,0.0,0.0,267,35.667110443115234,fresh_online_exploration,3,5,1.0,1.0,10.162725448608398,4.2668843269348145,6.346107006072998
76896,84,1.0031764507293701,1.0031764507293701,1.0038166046142578,0.0006402336875908077,1.0,1.0,0.0,0.0,0.0,269,35.71609878540039,fresh_online_exploration,3,5,1.0,1.0,10.18146800994873,4.247799873352051,6.335205078125
76992,3,1.000337839126587,1.000337839126587,1.0027496814727783,0.0024119208101183176,1.0,1.0,0.0,0.0,0.0,265,35.56186294555664,fresh_online_exploration,3,5,1.0,1.0,10.142998695373535,4.255346775054932,6.495329856872559
76992,34,1.0008704662322998,1.0008704662322998,1.0030510425567627,0.0021805146243423223,1.0,1.0,0.0,0.0,0.0,267,35.589019775390625,fresh_online_exploration,3,5,1.0,1.0,10.229104042053223,4.272903919219971,6.463757514953613
76992,48,1.0009595155715942,1.0009595155715942,1.001096487045288,0.00013700741692446172,1.0,1.0,0.0,0.0,0.0,268,35.710853576660156,fresh_online_exploration,3,5,1.0,1.0,10.223588943481445,4.283926486968994,6.340284824371338
76992,51,1.0007662773132324,1.0007662773132324,1.000895619392395,0.00012932355457451195,1.0,1.0,0.0,0.0,0.0,269,35.69866943359375,fresh_online_exploration,3,5,1.0,1.0,10.201143264770508,4.233467102050781,6.313514232635498
76992,77,1.0044604539871216,1.0044604539871216,1.0045875310897827,0.00012707675341516733,1.0,1.0,0.0,0.0,0.0,268,35.78714370727539,fresh_online_exploration,3,5,1.0,1.0,10.128350257873535,4.302920818328857,6.362302303314209
77088,0,1.0042335987091064,1.0042335987091064,1.0043953657150269,0.00016175676137208939,1.0,1.0,0.0,0.0,0.0,268,35.747703552246094,fresh_online_exploration,3,5,1.0,1.0,10.210855484008789,4.248384952545166,6.42620325088501
77088,13,1.0056055784225464,1.0056055784225464,1.009936809539795,0.0043312120251357555,1.0,1.0,0.0,0.0,0.0,266,35.70363998413086,fresh_online_exploration,3,5,1.0,1.0,10.148795127868652,4.263668060302734,6.501646995544434
77088,30,1.005030632019043,1.005030632019043,1.0076751708984375,0.002644598251208663,1.0,1.0,0.0,0.0,0.0,268,35.76953125,fresh_online_exploration,3,5,1.0,1.0,10.18091869354248,4.263952732086182,6.398709774017334
77088,54,1.0001953840255737,1.0001953840255737,1.0002110004425049,1.5558420273009688e-05,1.0,1.0,0.0,0.0,0.0,270,35.65739059448242,fresh_online_exploration,3,5,1.0,1.0,10.260540962219238,4.257725238800049,6.387391090393066
77088,71,1.004137396812439,1.004137396812439,1.005835771560669,0.0016984264366328716,1.0,1.0,0.0,0.0,0.0,267,35.71635055541992,fresh_online_exploration,3,5,1.0,1.0,10.177891731262207,4.253825664520264,6.448881149291992
77184,4,1.004846215248108,1.004846215248108,1.0049550533294678,0.00010876358282985166,1.0,1.0,0.0,0.0,0.0,269,35.79652786254883,fresh_online_exploration,3,5,1.0,1.0,10.187949180603027,4.2512946128845215,6.300291538238525
77184,20,1.000451683998108,1.000451683998108,1.0004677772521973,1.603591226739809e-05,1.0,1.0,0.0,0.0,0.0,266,35.58695983886719,fresh_online_exploration,3,5,1.0,1.0,10.124749183654785,4.2812180519104,6.425370216369629
77184,29,1.0023990869522095,1.0023990869522095,1.002516508102417,0.00011743151117116213,1.0,1.0,0.0,0.0,0.0,267,35.65810012817383,fresh_online_exploration,3,5,1.0,1.0,10.26731014251709,4.280943870544434,6.44030237197876
77184,82,1.0022112131118774,1.0022112131118774,1.0022282600402832,1.711145887384191e-05,1.0,1.0,0.0,0.0,0.0,269,35.70551681518555,fresh_online_exploration,3,5,1.0,1.0,10.196887969970703,4.247926235198975,6.314141750335693
77184,86,1.0007398128509521,1.0007398128509521,1.0008132457733154,7.339603325817734e-05,1.0,1.0,0.0,0.0,0.0,267,35.65257263183594,fresh_online_exploration,3,5,1.0,1.0,10.154579162597656,4.2995123863220215,6.360093116760254
77184,87,1.0043429136276245,1.0043429136276245,1.0046464204788208,0.00030349238659255207,1.0,1.0,0.0,0.0,0.0,268,35.73860549926758,fresh_online_exploration,3,5,1.0,1.0,10.139266014099121,4.249063491821289,6.3475141525268555
77280,15,1.0011801719665527,1.0011801719665527,1.0014493465423584,0.0002692643611226231,1.0,1.0,0.0,0.0,0.0,268,35.689918518066406,fresh_online_exploration,3,5,1.0,1.0,10.184207916259766,4.281912326812744,6.347207546234131
77280,23,1.0029962062835693,1.0029962062835693,1.0065937042236328,0.003597511211410165,1.0,1.0,0.0,0.0,0.0,269,35.757022857666016,fresh_online_exploration,3,5,1.0,1.0,10.217870712280273,4.244236469268799,6.429181098937988
77280,41,1.004733920097351,1.004733920097351,1.0050081014633179,0.00027421695995144546,1.0,1.0,0.0,0.0,0.0,268,35.7270393371582,fresh_online_exploration,3,5,1.0,1.0,10.160816192626953,4.264286518096924,6.39085578918457
77280,43,1.0005249977111816,1.0005249977111816,1.0017874240875244,0.001262435456737876,1.0,1.0,0.0,0.0,0.0,270,35.70454025268555,fresh_online_exploration,3,5,1.0,1.0,10.161209106445312,4.261212348937988,6.351145267486572
77280,56,1.0027788877487183,1.0027788877487183,1.0029264688491821,0.0001475786993978545,1.0,1.0,0.0,0.0,0.0,269,35.6998405456543,fresh_online_exploration,3,5,1.0,1.0,10.220205307006836,4.242238521575928,6.314136981964111
77280,57,1.0037881135940552,1.0037881135940552,1.0039068460464478,0.00011871640163008124,1.0,1.0,0.0,0.0,0.0,268,35.74042510986328,fresh_online_exploration,3,5,1.0,1.0,10.20130729675293,4.2899088859558105,6.361893653869629
77280,62,1.0024927854537964,1.0024927854537964,1.0058236122131348,0.0033307650592178106,1.0,1.0,0.0,0.0,0.0,270,35.74254608154297,fresh_online_exploration,3,5,1.0,1.0,10.256953239440918,4.247110843658447,6.385197162628174
77376,1,1.004652738571167,1.004652738571167,1.007796287536621,0.0031435575801879168,1.0,1.0,0.0,0.0,0.0,268,35.778045654296875,fresh_online_exploration,3,5,1.0,1.0,10.203845024108887,4.2687788009643555,6.479167461395264
77376,66,1.0013670921325684,1.0013670921325684,1.0014796257019043,0.0001125950802816078,1.0,1.0,0.0,0.0,0.0,269,35.7110595703125,fresh_online_exploration,3,5,1.0,1.0,10.193522453308105,4.2804765701293945,6.3028717041015625
77376,73,1.0030417442321777,1.0030417442321777,1.0057876110076904,0.002745953155681491,1.0,1.0,0.0,0.0,0.0,270,35.755306243896484,fresh_online_exploration,3,5,1.0,1.0,10.211912155151367,4.258674144744873,6.398775100708008
77376,75,1.0039652585983276,1.0039652585983276,1.004225254058838,0.0002600860607344657,1.0,1.0,0.0,0.0,0.0,269,35.7238883972168,fresh_online_exploration,3,5,1.0,1.0,10.176671028137207,4.2925543785095215,6.410953998565674
77376,94,1.0048071146011353,1.0048071146011353,1.0048186779022217,1.1527953574841376e-05,1.0,1.0,0.0,0.0,0.0,269,35.72910690307617,fresh_online_exploration,3,5,1.0,1.0,10.260467529296875,4.26991605758667,6.447956085205078
77472,12,1.0036486387252808,1.0036486387252808,1.0118976831436157,0.00824907049536705,1.0,1.0,0.0,0.0,0.0,268,35.684574127197266,fresh_online_exploration,3,5,1.0,1.0,10.179749488830566,4.260188102722168,6.369228363037109
77472,16,1.0001394748687744,1.0001394748687744,1.003537654876709,0.0033981732558459044,1.0,1.0,0.0,0.0,0.0,269,35.667022705078125,fresh_online_exploration,3,5,1.0,1.0,10.23785400390625,4.293817043304443,6.389782905578613
77472,28,1.0019992589950562,1.0019992589950562,1.0054078102111816,0.003408525139093399,1.0,1.0,0.0,0.0,0.0,271,35.772071838378906,fresh_online_exploration,3,5,1.0,1.0,10.261940956115723,4.245913982391357,6.292801856994629
77472,50,1.0000518560409546,1.0000518560409546,1.0026164054870605,0.0025644770357757807,1.0,1.0,0.0,0.0,0.0,269,35.62236022949219,fresh_online_exploration,3,5,1.0,1.0,10.291313171386719,4.27152156829834,6.374524116516113
77472,58,1.0055489540100098,1.0055489540100098,1.0059587955474854,0.00040995824383571744,1.0,1.0,0.0,0.0,0.0,270,35.80683898925781,fresh_online_exploration,3,5,1.0,1.0,10.170466423034668,4.264723777770996,6.302133560180664
77472,59,1.0011491775512695,1.0011491775512695,1.0013008117675781,0.00015171305858530104,1.0,1.0,0.0,0.0,0.0,270,35.7183952331543,fresh_online_exploration,3,5,1.0,1.0,10.207086563110352,4.268893718719482,6.313137054443359
77472,88,1.0051538944244385,1.0051538944244385,1.0090129375457764,0.0038589227478951216,1.0,1.0,0.0,0.0,0.0,270,35.756465911865234,fresh_online_exploration,3,5,1.0,1.0,10.187414169311523,4.290858745574951,6.362452030181885
77472,89,1.0013777017593384,1.0013777017593384,1.0013952255249023,1.7596261386643164e-05,1.0,1.0,0.0,0.0,0.0,269,35.70903015136719,fresh_online_exploration,3,5,1.0,1.0,10.213203430175781,4.288418292999268,6.305391788482666
77472,95,1.0023850202560425,1.0023850202560425,1.0026664733886719,0.0002813830797094852,1.0,1.0,0.0,0.0,0.0,269,35.704437255859375,fresh_online_exploration,3,5,1.0,1.0,10.157236099243164,4.272470474243164,6.35693883895874
77568,32,1.0008305311203003,1.0008305311203003,1.0039640665054321,0.0031335188541561365,1.0,1.0,0.0,0.0,0.0,269,35.69186019897461,fresh_online_exploration,3,5,1.0,1.0,10.235342979431152,4.249924659729004,6.423768520355225
77568,36,1.0007612705230713,1.0007612705230713,1.001356601715088,0.000595332239754498,1.0,1.0,0.0,0.0,0.0,270,35.748050689697266,fresh_online_exploration,3,5,1.0,1.0,10.146656036376953,4.265267848968506,6.269756317138672
77568,61,1.0002069473266602,1.0002069473266602,1.0079931020736694,0.0077862003818154335,1.0,1.0,0.0,0.0,0.0,269,35.64579772949219,fresh_online_exploration,3,5,1.0,1.0,10.232855796813965,4.25390625,6.4091105461120605
77568,63,1.0011876821517944,1.0011876821517944,1.0062048435211182,0.005017025396227837,1.0,1.0,0.0,0.0,0.0,267,35.6646728515625,fresh_online_exploration,3,5,1.0,1.0,10.21750545501709,4.26593542098999,6.523211479187012
77568,67,1.0037894248962402,1.0037894248962402,1.0074834823608398,0.0036941098514944315,1.0,1.0,0.0,0.0,0.0,270,35.75595474243164,fresh_online_exploration,3,5,1.0,1.0,10.178327560424805,4.2832865715026855,6.331181049346924
77568,80,1.0017387866973877,1.0017387866973877,1.0092805624008179,0.007541739847511053,1.0,1.0,0.0,0.0,0.0,269,35.7055549621582,fresh_online_exploration,3,5,1.0,1.0,10.184590339660645,4.281628608703613,6.32780122756958
77664,26,1.0054882764816284,1.0054882764816284,1.0056335926055908,0.00014525774167850614,1.0,1.0,0.0,0.0,0.0,271,35.830963134765625,fresh_online_exploration,3,5,1.0,1.0,10.199127197265625,4.280220985412598,6.335063934326172
77664,31,1.000250220298767,1.000250220298767,1.0003130435943604,6.271740858210251e-05,1.0,1.0,0.0,0.0,0.0,270,35.68806838989258,fresh_online_exploration,3,5,1.0,1.0,10.206842422485352,4.266563892364502,6.310606002807617
77664,49,1.0016742944717407,1.0016742944717407,1.0036799907684326,0.0020056660287082195,1.0,1.0,0.0,0.0,0.0,270,35.74919509887695,fresh_online_exploration,3,5,1.0,1.0,10.19499683380127,4.252056121826172,6.293363571166992
77664,70,1.0045191049575806,1.0045191049575806,1.0046032667160034,8.412522583967075e-05,1.0,1.0,0.0,0.0,0.0,271,35.84693145751953,fresh_online_exploration,3,5,1.0,1.0,10.195887565612793,4.2743635177612305,6.258096218109131
77664,78,1.0008426904678345,1.0008426904678345,1.0010535717010498,0.00021080809528939426,1.0,1.0,0.0,0.0,0.0,269,35.74750518798828,fresh_online_exploration,3,5,1.0,1.0,10.216490745544434,4.282444953918457,6.303569793701172
77760,39,1.0048983097076416,1.0048983097076416,1.004908800125122,1.0592601938697044e-05,1.0,1.0,0.0,0.0,0.0,269,35.76448059082031,fresh_online_exploration,3,5,1.0,1.0,10.218277931213379,4.284855365753174,6.350197792053223
77760,55,1.0035805702209473,1.0035805702209473,1.0040614604949951,0.0004808446974493563,1.0,1.0,0.0,0.0,0.0,271,35.82536315917969,fresh_online_exploration,3,5,1.0,1.0,10.185644149780273,4.261995315551758,6.303163528442383
77760,91,1.0031859874725342,1.0031859874725342,1.007232904434204,0.004047056660056114,1.0,1.0,0.0,0.0,0.0,271,35.801029205322266,fresh_online_exploration,3,5,1.0,1.0,10.225083351135254,4.281821250915527,6.320799827575684
77856,14,1.0050562620162964,1.0050562620162964,1.0052464008331299,0.00019020856416318566,1.0,1.0,0.0,0.0,0.0,272,35.86867904663086,fresh_online_exploration,3,5,1.0,1.0,10.152289390563965,4.245672225952148,6.24291467666626
77856,33,1.0033506155014038,1.0033506155014038,1.003485918045044,0.00013523698726203293,1.0,1.0,0.0,0.0,0.0,271,35.85345458984375,fresh_online_exploration,3,5,1.0,1.0,10.181483268737793,4.246692657470703,6.284017562866211
77856,60,1.0039129257202148,1.0039129257202148,1.0043096542358398,0.0003966856165789068,1.0,1.0,0.0,0.0,0.0,272,35.87228012084961,fresh_online_exploration,3,5,1.0,1.0,10.17427921295166,4.256408214569092,6.243675231933594
77856,74,1.0053707361221313,1.0053707361221313,1.0055932998657227,0.00022261864796746522,1.0,1.0,0.0,0.0,0.0,271,35.8025016784668,fresh_online_exploration,3,5,1.0,1.0,10.202406883239746,4.244053840637207,6.231423854827881
77856,81,1.0005757808685303,1.0005757808685303,1.0043367147445679,0.003760920139029622,1.0,1.0,0.0,0.0,0.0,272,35.79114532470703,fresh_online_exploration,3,5,1.0,1.0,10.229762077331543,4.239070415496826,6.188089370727539
77952,37,1.000011920928955,1.000011920928955,1.0001087188720703,9.671482985140756e-05,1.0,1.0,0.0,0.0,0.0,269,35.69240188598633,fresh_online_exploration,3,5,1.0,1.0,10.231934547424316,4.243831157684326,6.299300193786621
77952,47,1.0032401084899902,1.0032401084899902,1.0089097023010254,0.005669526755809784,1.0,1.0,0.0,0.0,0.0,273,35.83373260498047,fresh_online_exploration,3,5,1.0,1.0,10.219754219055176,4.242274284362793,6.248578071594238
77952,53,1.002087116241455,1.002087116241455,1.008588194847107,0.006501002702862024,1.0,1.0,0.0,0.0,0.0,272,35.8179817199707,fresh_online_exploration,3,5,1.0,1.0,10.207584381103516,4.245279312133789,6.265133857727051
77952,65,1.0010597705841064,1.0010597705841064,1.0053770542144775,0.004317309241741896,1.0,1.0,0.0,0.0,0.0,270,35.76669692993164,fresh_online_exploration,3,5,1.0,1.0,10.173043251037598,4.251007080078125,6.374721527099609
77952,76,1.005370855331421,1.005370855331421,1.0056283473968506,0.00025754011585377157,1.0,1.0,0.0,0.0,0.0,272,35.90033721923828,fresh_online_exploration,3,5,1.0,1.0,10.199454307556152,4.248823165893555,6.284413814544678
78048,35,1.0007312297821045,1.0007312297821045,1.0008299350738525,9.869832138065249e-05,1.0,1.0,0.0,0.0,0.0,271,35.728458404541016,fresh_online_exploration,3,5,1.0,1.0,10.219428062438965,4.286215305328369,6.2573466300964355
78144,83,1.000491976737976,1.000491976737976,1.0007612705230713,0.00026931610773317516,1.0,1.0,0.0,0.0,0.0,270,35.707862854003906,fresh_online_exploration,3,5,1.0,1.0,10.155007362365723,4.269218921661377,6.2943315505981445
78336,5,1.004189372062683,1.004189372062683,1.008910059928894,0.0047206575982272625,1.0,1.0,0.0,0.0,0.0,274,35.891822814941406,fresh_online_exploration,3,5,1.0,1.0,10.17519474029541,4.269955158233643,6.189488410949707
78336,22,1.0054981708526611,1.0054981708526611,1.0057295560836792,0.00023139247787185013,1.0,1.0,0.0,0.0,0.0,273,35.93177032470703,fresh_online_exploration,3,5,1.0,1.0,10.159955978393555,4.264565467834473,6.209531784057617
83136,19,1.0021730661392212,1.0021730661392212,1.004094123840332,0.001921116723679006,1.0,1.0,0.0,0.0,0.0,266,35.591331481933594,fresh_online_exploration,3,6,1.0,1.0,10.145262718200684,4.336321830749512,6.50335693359375
83136,27,1.0047309398651123,1.0047309398651123,1.007495641708374,0.002764700911939144,1.0,1.0,0.0,0.0,0.0,266,35.67985534667969,fresh_online_exploration,3,6,1.0,1.0,10.14758014678955,4.295186996459961,6.4615092277526855
83136,85,0.015399620868265629,1.0527667626547554e-08,0.015409187413752079,0.01540917158126831,1.0527667626547554e-08,0.0,0.0,1.0,1.0,600,1.0433553457260132,fresh_online_exploration,1,6,3.684683669291644e-09,0.0,0.6853551268577576,4.010732650756836,0.46180540323257446
83232,24,1.0030614137649536,1.0030614137649536,1.003069519996643,8.080009138211608e-06,1.0,1.0,0.0,0.0,0.0,267,35.670169830322266,fresh_online_exploration,3,6,1.0,1.0,10.193561553955078,4.335848331451416,6.381100654602051
83232,45,1.0056461095809937,1.0056461095809937,1.0056570768356323,1.095404240913922e-05,1.0,1.0,0.0,0.0,0.0,267,35.724124908447266,fresh_online_exploration,3,6,1.0,1.0,10.202930450439453,4.3328447341918945,6.46881103515625
83232,92,1.0045602321624756,1.0045602321624756,1.004778265953064,0.00021801868570037186,1.0,1.0,0.0,0.0,0.0,267,35.71015930175781,fresh_online_exploration,3,6,1.0,1.0,10.124521255493164,4.346435546875,6.369806289672852
83328,17,0.03839718922972679,2.585332303794985e-08,0.06582015007734299,0.06582011282444,2.585332303794985e-08,0.0,1.0,1.0,1.0,600,1.0980737209320068,fresh_online_exploration,1,6,9.048663063282448e-09,0.0,0.6442623138427734,4.066922187805176,0.46568745374679565
83424,7,0.02854948490858078,0.002070535672828555,0.044535666704177856,0.042465128004550934,0.002070535672828555,0.0,0.0,1.0,1.0,600,1.1403728723526,fresh_online_exploration,1,6,0.0007246874854899942,0.0,0.6934306025505066,4.041531085968018,0.47970619797706604
83424,25,0.0240724366158247,7.705160953719314e-09,0.024082696065306664,0.024082694202661514,7.705160953719314e-09,0.0,0.0,1.0,1.0,600,1.0437203645706177,fresh_online_exploration,1,6,2.69680633380176e-09,0.0,0.6711679100990295,4.043589115142822,0.4643424153327942
83424,93,1.0019952058792114,1.0019952058792114,1.0040054321289062,0.0020101661793887615,1.0,1.0,0.0,0.0,0.0,269,35.688682556152344,fresh_online_exploration,3,6,1.0,1.0,10.1696195602417,4.340758800506592,6.35970401763916
83520,2,0.019471794366836548,7.664807455398659e-09,0.019481882452964783,0.019481880590319633,7.664807455398659e-09,0.0,0.0,1.0,1.0,600,1.0608479976654053,fresh_online_exploration,1,6,2.6826826093895307e-09,0.0,0.6854880452156067,3.988161087036133,0.465211421251297
83520,18,0.01282562967389822,6.475157743324189e-09,0.017824456095695496,0.017824456095695496,6.475157743324189e-09,0.0,0.0,1.0,1.0,600,1.0524734258651733,fresh_online_exploration,1,6,2.2663052101634664e-09,0.0,0.6915577054023743,4.014169692993164,0.48107826709747314
83520,44,1.0041433572769165,1.0041433572769165,1.0041542053222656,1.0832076441147365e-05,1.0,1.0,0.0,0.0,0.0,270,35.737083435058594,fresh_online_exploration,3,6,1.0,1.0,10.21981143951416,4.343445301055908,6.347849369049072
100896,90,1.0049957036972046,1.0049957036972046,1.0051162242889404,0.00012044168397551402,1.0,1.0,0.0,0.0,0.0,265,35.604087829589844,fresh_online_exploration,5,8,1.0,1.0,10.245018005371094,4.440299034118652,6.502617835998535
101280,64,1.0053863525390625,1.0053863525390625,1.0125728845596313,0.007186538074165583,1.0,1.0,0.0,0.0,0.0,263,35.633766174316406,fresh_online_exploration,5,8,1.0,1.0,10.167950630187988,4.469095706939697,6.553195476531982
101568,87,1.0031955242156982,1.0031955242156982,1.0056276321411133,0.002432142151519656,1.0,1.0,0.0,0.0,0.0,254,35.388023376464844,fresh_online_exploration,5,8,1.0,1.0,10.096907615661621,4.504371643066406,7.1311726570129395
101760,8,1.0015870332717896,1.0015870332717896,1.001598834991455,1.1695646207954269e-05,1.0,1.0,0.0,0.0,0.0,263,35.5178108215332,fresh_online_exploration,5,8,1.0,1.0,10.261238098144531,4.489664554595947,6.626461505889893
102240,6,1.0000522136688232,1.0000522136688232,1.000244140625,0.00019194719789084047,1.0,1.0,0.0,0.0,0.0,266,35.57605743408203,fresh_online_exploration,5,8,1.0,1.0,10.32258129119873,4.437191963195801,6.5045881271362305
102336,11,1.004777431488037,1.004777431488037,1.0050382614135742,0.00026076333597302437,1.0,1.0,0.0,0.0,0.0,268,35.72896194458008,fresh_online_exploration,5,8,1.0,1.0,10.266440391540527,4.48844575881958,6.416375637054443
102336,23,1.002267837524414,1.002267837524414,1.005553960800171,0.0032861705403774977,1.0,1.0,0.0,0.0,0.0,261,35.521202087402344,fresh_online_exploration,5,8,1.0,1.0,10.202293395996094,4.512804985046387,6.751143455505371
102336,42,1.0009987354278564,1.0009987354278564,1.0033917427062988,0.0023930694442242384,1.0,1.0,0.0,0.0,0.0,267,35.62336730957031,fresh_online_exploration,5,8,1.0,1.0,10.272978782653809,4.511783123016357,6.427061080932617
102336,79,1.0000677108764648,1.0000677108764648,1.0034022331237793,0.003334451699629426,1.0,1.0,0.0,0.0,0.0,266,35.61804962158203,fresh_online_exploration,5,8,1.0,1.0,10.263206481933594,4.493669509887695,6.482390880584717
102432,34,1.0016130208969116,1.0016130208969116,1.001624584197998,1.1614325558184646e-05,1.0,1.0,0.0,0.0,0.0,265,35.5936164855957,fresh_online_exploration,5,8,1.0,1.0,10.29770278930664,4.474512577056885,6.5379157066345215
102432,46,1.004266619682312,1.004266619682312,1.0103445053100586,0.006077837664633989,1.0,1.0,0.0,0.0,0.0,267,35.70557403564453,fresh_online_exploration,5,8,1.0,1.0,10.213123321533203,4.493373870849609,6.476981163024902
102432,69,1.00385320186615,1.00385320186615,1.0093653202056885,0.005512171890586615,1.0,1.0,0.0,0.0,0.0,266,35.64006805419922,fresh_online_exploration,5,8,1.0,1.0,10.249427795410156,4.470101833343506,6.519851207733154
102528,68,1.0059163570404053,1.0059163570404053,1.0165820121765137,0.010665688663721085,1.0,1.0,0.0,0.0,0.0,267,35.631431579589844,fresh_online_exploration,5,8,1.0,1.0,10.28735637664795,4.470061779022217,6.560257434844971
102528,84,1.003446340560913,1.003446340560913,1.0072705745697021,0.0038242326118052006,1.0,1.0,0.0,0.0,0.0,267,35.71080017089844,fresh_online_exploration,5,8,1.0,1.0,10.292787551879883,4.473970890045166,6.488516330718994
102624,0,1.0038447380065918,1.0038447380065918,1.004004716873169,0.00016006454825401306,1.0,1.0,0.0,0.0,0.0,266,35.66967010498047,fresh_online_exploration,5,8,1.0,1.0,10.277461051940918,4.399740695953369,6.41261100769043
102624,21,1.0036766529083252,1.0036766529083252,1.0037823915481567,0.00010573011968517676,1.0,1.0,0.0,0.0,0.0,268,35.732322692871094,fresh_online_exploration,5,8,1.0,1.0,10.258574485778809,4.491352081298828,6.37716817855835
102624,40,1.0012927055358887,1.0012927055358887,1.0013041496276855,1.1510920558066573e-05,1.0,1.0,0.0,0.0,0.0,270,35.67645263671875,fresh_online_exploration,5,8,1.0,1.0,10.354246139526367,4.471444129943848,6.321066856384277
102624,52,1.0031970739364624,1.0031970739364624,1.0032870769500732,8.99441511137411e-05,1.0,1.0,0.0,0.0,0.0,268,35.68576431274414,fresh_online_exploration,5,8,1.0,1.0,10.275487899780273,4.475721836090088,6.386285781860352
102624,82,1.0018402338027954,1.0018402338027954,1.0056538581848145,0.0038137235678732395,1.0,1.0,0.0,0.0,0.0,265,35.610504150390625,fresh_online_exploration,5,8,1.0,1.0,10.24837589263916,4.518860340118408,6.464695930480957
102624,89,1.003044843673706,1.003044843673706,1.0030888319015503,4.401820115162991e-05,1.0,1.0,0.0,0.0,0.0,262,35.57112121582031,fresh_online_exploration,5,8,1.0,1.0,10.23504638671875,4.473130702972412,6.723817348480225
102720,3,1.0043329000473022,1.0043329000473022,1.0044078826904297,7.502572407247499e-05,1.0,1.0,0.0,0.0,0.0,268,35.746578216552734,fresh_online_exploration,5,8,1.0,1.0,10.264996528625488,4.490489959716797,6.347475528717041
102720,38,1.0040122270584106,1.0040122270584106,1.013250470161438,0.009238069877028465,1.0,1.0,0.0,0.0,0.0,269,35.662113189697266,fresh_online_exploration,5,8,1.0,1.0,10.332290649414062,4.459156513214111,6.372048854827881
102720,48,1.0053011178970337,1.0053011178970337,1.005366325378418,6.526557262986898e-05,1.0,1.0,0.0,0.0,0.0,268,35.75666046142578,fresh_online_exploration,5,8,1.0,1.0,10.284224510192871,4.502812385559082,6.403780937194824
102720,75,1.0031832456588745,1.0031832456588745,1.010435938835144,0.007252731826156378,1.0,1.0,0.0,0.0,0.0,264,35.57332229614258,fresh_online_exploration,5,8,1.0,1.0,10.219341278076172,4.456897258758545,6.639245986938477
102816,4,1.003961443901062,1.003961443901062,1.0040738582611084,0.00011245319910813123,1.0,1.0,0.0,0.0,0.0,267,35.69957733154297,fresh_online_exploration,5,8,1.0,1.0,10.26058292388916,4.483353614807129,6.443828582763672
102816,30,1.0003787279129028,1.0003787279129028,1.007199764251709,0.00682090362533927,1.0,1.0,0.0,0.0,0.0,268,35.670753479003906,fresh_online_exploration,5,8,1.0,1.0,10.325393676757812,4.448564529418945,6.406929016113281
102816,43,1.0041661262512207,1.0041661262512207,1.0063276290893555,0.002161649987101555,1.0,1.0,0.0,0.0,0.0,266,35.65678405761719,fresh_online_exploration,5,8,1.0,1.0,10.278670310974121,4.52816104888916,6.544648170471191
102816,56,1.0021287202835083,1.0021287202835083,1.0027529001235962,0.000624176231212914,1.0,1.0,0.0,0.0,0.0,266,35.628807067871094,fresh_online_exploration,5,8,1.0,1.0,10.260082244873047,4.52029275894165,6.452692985534668
102816,71,1.000781536102295,1.000781536102295,1.0011255741119385,0.0003439992433413863,1.0,1.0,0.0,0.0,0.0,268,35.65510559082031,fresh_online_exploration,5,8,1.0,1.0,10.29597282409668,4.453920364379883,6.299286842346191
102912,13,1.0022079944610596,1.0022079944610596,1.003212571144104,0.0010045968228951097,1.0,1.0,0.0,0.0,0.0,269,35.72490692138672,fresh_online_exploration,5,8,1.0,1.0,10.28238296508789,4.424196243286133,6.315746784210205
102912,66,1.0005937814712524,1.0005937814712524,1.0007201433181763,0.00012638654152397066,1.0,1.0,0.0,0.0,0.0,266,35.58253860473633,fresh_online_exploration,5,8,1.0,1.0,10.263758659362793,4.474376678466797,6.43674898147583
103008,15,1.0024394989013672,1.0024394989013672,1.003784418106079,0.0013449052348732948,1.0,1.0,0.0,0.0,0.0,268,35.69529724121094,fresh_online_exploration,5,8,1.0,1.0,10.26989459991455,4.513823986053467,6.415450096130371
103008,29,1.005392074584961,1.005392074584961,1.005403757095337,1.1599077879509423e-05,1.0,1.0,0.0,0.0,0.0,269,35.749393463134766,fresh_online_exploration,5,8,1.0,1.0,10.341971397399902,4.474626541137695,6.431624889373779
103008,51,1.005021095275879,1.005021095275879,1.005564570426941,0.0005435242201201618,1.0,1.0,0.0,0.0,0.0,271,35.84711456298828,fresh_online_exploration,5,8,1.0,1.0,10.288002014160156,4.514769554138184,6.307267665863037
103008,54,1.0017237663269043,1.0017237663269043,1.0018824338912964,0.00015867884212639183,1.0,1.0,0.0,0.0,0.0,270,35.69171142578125,fresh_online_exploration,5,8,1.0,1.0,10.346686363220215,4.417517185211182,6.303825378417969
103008,62,1.0057519674301147,1.0057519674301147,1.0162291526794434,0.010477110743522644,1.0,1.0,0.0,0.0,0.0,268,35.71942138671875,fresh_online_exploration,5,8,1.0,1.0,10.286206245422363,4.537203311920166,6.454474449157715
103008,67,1.0014665126800537,1.0014665126800537,1.0017608404159546,0.000294377125101164,1.0,1.0,0.0,0.0,0.0,265,35.6040153503418,fresh_online_exploration,5,8,1.0,1.0,10.271127700805664,4.466528415679932,6.452944278717041
103008,86,1.001383900642395,1.001383900642395,1.0016756057739258,0.0002916277153417468,1.0,1.0,0.0,0.0,0.0,269,35.703800201416016,fresh_online_exploration,5,8,1.0,1.0,10.30410099029541,4.489231109619141,6.352687835693359
103104,12,1.0043057203292847,1.0043057203292847,1.0056164264678955,0.0013107111444696784,1.0,1.0,0.0,0.0,0.0,267,35.73734664916992,fresh_online_exploration,5,8,1.0,1.0,10.293806076049805,4.459219455718994,6.434696197509766
103104,32,1.0029840469360352,1.0029840469360352,1.006160020828247,0.003176050027832389,1.0,1.0,0.0,0.0,0.0,266,35.69758605957031,fresh_online_exploration,5,8,1.0,1.0,10.25075912475586,4.462589263916016,6.569967746734619
103104,73,1.0042693614959717,1.0042693614959717,1.0104173421859741,0.00614795321598649,1.0,1.0,0.0,0.0,0.0,268,35.71298599243164,fresh_online_exploration,5,8,1.0,1.0,10.323854446411133,4.432241916656494,6.509649276733398
103104,88,1.0007052421569824,1.0007052421569824,1.0007976293563843,9.238209167961031e-05,1.0,1.0,0.0,0.0,0.0,267,35.6121826171875,fresh_online_exploration,5,8,1.0,1.0,10.273287773132324,4.521820545196533,6.479950428009033
103200,1,1.0038942098617554,1.0038942098617554,1.0073745250701904,0.0034802642185240984,1.0,1.0,0.0,0.0,0.0,269,35.78963088989258,fresh_online_exploration,5,8,1.0,1.0,10.319731712341309,4.4477972984313965,6.359879493713379
103200,28,1.00136399269104,1.00136399269104,1.0102163553237915,0.008852362632751465,1.0,1.0,0.0,0.0,0.0,268,35.621482849121094,fresh_online_exploration,5,8,1.0,1.0,10.278037071228027,4.490523815155029,6.418811321258545
103200,55,1.0043082237243652,1.0043082237243652,1.0053694248199463,0.001061135670170188,1.0,1.0,0.0,0.0,0.0,265,35.69828796386719,fresh_online_exploration,5,8,1.0,1.0,10.175890922546387,4.465957164764404,6.584512710571289
103200,57,1.0050630569458008,1.0050630569458008,1.0070438385009766,0.001980742672458291,1.0,1.0,0.0,0.0,0.0,270,35.81722640991211,fresh_online_exploration,5,8,1.0,1.0,10.29967975616455,4.522634506225586,6.320216178894043
103200,59,1.0031441450119019,1.0031441450119019,1.0045207738876343,0.0013766147894784808,1.0,1.0,0.0,0.0,0.0,268,35.712852478027344,fresh_online_exploration,5,8,1.0,1.0,10.306761741638184,4.497977256774902,6.459444046020508
103200,91,1.0047937631607056,1.0047937631607056,1.005088210105896,0.0002944412699434906,1.0,1.0,0.0,0.0,0.0,265,35.669307708740234,fresh_online_exploration,5,8,1.0,1.0,10.241395950317383,4.477176666259766,6.551063537597656
103200,95,1.003212571144104,1.003212571144104,1.0070154666900635,0.003802905324846506,1.0,1.0,0.0,0.0,0.0,268,35.71220397949219,fresh_online_exploration,5,8,1.0,1.0,10.296295166015625,4.490678787231445,6.435789108276367
103296,16,1.0040079355239868,1.0040079355239868,1.0060532093048096,0.002045280998572707,1.0,1.0,0.0,0.0,0.0,269,35.763671875,fresh_online_exploration,5,8,1.0,1.0,10.261183738708496,4.482154846191406,6.372884273529053
103296,26,1.0055955648422241,1.0055955648422241,1.023344874382019,0.01774951070547104,1.0,1.0,0.0,0.0,0.0,267,35.71681213378906,fresh_online_exploration,5,8,1.0,1.0,10.304929733276367,4.444406509399414,6.56919002532959
103296,41,1.0010005235671997,1.0010005235671997,1.0036799907684326,0.002679496770724654,1.0,1.0,0.0,0.0,0.0,271,35.71686553955078,fresh_online_exploration,5,8,1.0,1.0,10.290067672729492,4.5296244621276855,6.288207054138184
103296,78,1.0002774000167847,1.0002774000167847,1.0027861595153809,0.002508702455088496,1.0,1.0,0.0,0.0,0.0,267,35.63535690307617,fresh_online_exploration,5,8,1.0,1.0,10.288470268249512,4.442532539367676,6.4085845947265625
103296,94,1.0027915239334106,1.0027915239334106,1.002803087234497,1.1571875802474096e-05,1.0,1.0,0.0,0.0,0.0,270,35.677024841308594,fresh_online_exploration,5,8,1.0,1.0,10.361645698547363,4.445952415466309,6.397650718688965
103392,31,1.0027903318405151,1.0027903318405151,1.0029606819152832,0.0001703003072179854,1.0,1.0,0.0,0.0,0.0,268,35.691139221191406,fresh_online_exploration,5,8,1.0,1.0,10.26772403717041,4.4601311683654785,6.404338836669922
103392,58,1.0042476654052734,1.0042476654052734,1.004331350326538,8.368431736016646e-05,1.0,1.0,0.0,0.0,0.0,270,35.80183410644531,fresh_online_exploration,5,8,1.0,1.0,10.280529022216797,4.4815568923950195,6.335771560668945
103392,63,1.0021851062774658,1.0021851062774658,1.0037956237792969,0.0016104860696941614,1.0,1.0,0.0,0.0,0.0,269,35.68748092651367,fresh_online_exploration,5,8,1.0,1.0,10.259204864501953,4.458258152008057,6.388894557952881
103392,70,1.0019301176071167,1.0019301176071167,1.0020432472229004,0.00011319251643726602,1.0,1.0,0.0,0.0,0.0,268,35.72455978393555,fresh_online_exploration,5,8,1.0,1.0,10.2144193649292,4.478196620941162,6.364443778991699
103392,74,1.0010647773742676,1.0010647773742676,1.0012094974517822,0.00014473196642939,1.0,1.0,0.0,0.0,0.0,266,35.61895751953125,fresh_online_exploration,5,8,1.0,1.0,10.278799057006836,4.465310096740723,6.42622184753418
103488,61,1.0011404752731323,1.0011404752731323,1.0012609958648682,0.00012060710287187248,1.0,1.0,0.0,0.0,0.0,270,35.72068786621094,fresh_online_exploration,5,8,1.0,1.0,10.31385612487793,4.46016263961792,6.242682456970215
103584,36,1.0028071403503418,1.0028071403503418,1.013130784034729,0.010323614813387394,1.0,1.0,0.0,0.0,0.0,271,35.7448616027832,fresh_online_exploration,5,8,1.0,1.0,10.24450969696045,4.487383842468262,6.330930233001709
103584,37,1.0033388137817383,1.0033388137817383,1.0036289691925049,0.0002901189145632088,1.0,1.0,0.0,0.0,0.0,267,35.68502426147461,fresh_online_exploration,5,8,1.0,1.0,10.28234577178955,4.484336853027344,6.42154598236084
103584,49,1.0011696815490723,1.0011696815490723,1.001281976699829,0.00011224862100789323,1.0,1.0,0.0,0.0,0.0,270,35.73134994506836,fresh_online_exploration,5,8,1.0,1.0,10.318668365478516,4.467726707458496,6.257486820220947
103680,39,1.0056343078613281,1.0056343078613281,1.0056593418121338,2.4972008759505115e-05,1.0,1.0,0.0,0.0,0.0,270,35.83776092529297,fresh_online_exploration,5,8,1.0,1.0,10.291036605834961,4.495558738708496,6.313588619232178
103680,47,1.005104899406433,1.005104899406433,1.0052144527435303,0.0001095448897103779,1.0,1.0,0.0,0.0,0.0,268,35.737693786621094,fresh_online_exploration,5,8,1.0,1.0,10.28192138671875,4.489745140075684,6.474670886993408
103680,80,1.0015060901641846,1.0015060901641846,1.0096639394760132,0.008157900534570217,1.0,1.0,0.0,0.0,0.0,272,35.764827728271484,fresh_online_exploration,5,8,1.0,1.0,10.340824127197266,4.468052387237549,6.269267559051514
103680,81,1.0052810907363892,1.0052810907363892,1.0063962936401367,0.0011151349171996117,1.0,1.0,0.0,0.0,0.0,269,35.767333984375,fresh_online_exploration,5,8,1.0,1.0,10.285319328308105,4.464668273925781,6.364573001861572
103872,33,1.0009933710098267,1.0009933710098267,1.001266360282898,0.00027297521592117846,1.0,1.0,0.0,0.0,0.0,271,35.75145721435547,fresh_online_exploration,5,8,1.0,1.0,10.3028564453125,4.44529914855957,6.210668087005615
103968,35,1.0056248903274536,1.0056248903274536,1.0062025785446167,0.000577660626731813,1.0,1.0,0.0,0.0,0.0,270,35.761722564697266,fresh_online_exploration,5,8,1.0,1.0,10.293554306030273,4.495048522949219,6.3677978515625
103968,60,1.0054357051849365,1.0054357051849365,1.0077773332595825,0.0023415498435497284,1.0,1.0,0.0,0.0,0.0,272,35.85334396362305,fresh_online_exploration,5,8,1.0,1.0,10.263763427734375,4.4463701248168945,6.27598762512207
104064,76,1.0022608041763306,1.0022608041763306,1.0025031566619873,0.0002423156693112105,1.0,1.0,0.0,0.0,0.0,272,35.8823356628418,fresh_online_exploration,5,8,1.0,1.0,10.288201332092285,4.487860679626465,6.286604881286621
104160,5,1.000004768371582,1.000004768371582,1.0041539669036865,0.004149246029555798,1.0,1.0,0.0,0.0,0.0,269,35.68531799316406,fresh_online_exploration,5,8,1.0,1.0,10.257087707519531,4.504063129425049,6.356902122497559
104160,65,1.003884196281433,1.003884196281433,1.0053222179412842,0.001438067527487874,1.0,1.0,0.0,0.0,0.0,273,35.841346740722656,fresh_online_exploration,5,8,1.0,1.0,10.280755043029785,4.478631973266602,6.247992038726807
104256,53,1.0016504526138306,1.0016504526138306,1.00178861618042,0.0001381570182275027,1.0,1.0,0.0,0.0,0.0,274,35.841819763183594,fresh_online_exploration,5,8,1.0,1.0,10.273144721984863,4.47052001953125,6.142670154571533
104352,22,1.0007847547531128,1.0007847547531128,1.002894639968872,0.0021098852157592773,1.0,1.0,0.0,0.0,0.0,271,35.79582595825195,fresh_online_exploration,5,8,1.0,1.0,10.286666870117188,4.515688896179199,6.239035606384277
104352,83,1.0027246475219727,1.0027246475219727,1.002976655960083,0.00025194138288497925,1.0,1.0,0.0,0.0,0.0,273,35.84730911254883,fresh_online_exploration,5,8,1.0,1.0,10.281010627746582,4.523756980895996,6.146886825561523
108672,27,1.0057216882705688,1.0057216882705688,1.0057353973388672,1.374533439957304e-05,1.0,1.0,0.0,0.0,0.0,266,35.715301513671875,fresh_online_exploration,6,8,1.0,1.0,10.277070999145508,4.526712894439697,6.476425647735596
108672,72,0.03897975757718086,0.013652711175382137,0.05004433915019035,0.03639163076877594,0.013652711175382137,0.0,0.0,1.0,1.0,600,1.3490192890167236,fresh_online_exploration,3,8,0.004778448911383748,0.0,0.7425106167793274,4.241805076599121,0.4593832790851593
108768,24,1.002659559249878,1.002659559249878,1.002698540687561,3.895692134392448e-05,1.0,1.0,0.0,0.0,0.0,266,35.637062072753906,fresh_online_exploration,6,8,1.0,1.0,10.257549285888672,4.4697346687316895,6.50709342956543
108768,85,1.0034443140029907,1.0034443140029907,1.006150484085083,0.0027060438878834248,1.0,1.0,0.0,0.0,0.0,267,35.7303466796875,fresh_online_exploration,6,8,1.0,1.0,10.254657745361328,4.514535427093506,6.45328426361084
108864,17,1.0040761232376099,1.0040761232376099,1.018245816230774,0.01416965015232563,1.0,1.0,0.0,0.0,0.0,266,35.63848114013672,fresh_online_exploration,6,8,1.0,1.0,10.291370391845703,4.547297477722168,6.597699165344238
108864,19,1.0009896755218506,1.0009896755218506,1.0013246536254883,0.00033488345798105,1.0,1.0,0.0,0.0,0.0,268,35.655818939208984,fresh_online_exploration,6,8,1.0,1.0,10.300699234008789,4.478954315185547,6.377481937408447
108960,2,1.0039684772491455,1.0039684772491455,1.0063605308532715,0.002392117166891694,1.0,1.0,0.0,0.0,0.0,265,35.657508850097656,fresh_online_exploration,6,8,1.0,1.0,10.241289138793945,4.568493843078613,6.5306501388549805
108960,25,1.0023499727249146,1.0023499727249146,1.0103679895401,0.00801797490566969,1.0,1.0,0.0,0.0,0.0,266,35.585750579833984,fresh_online_exploration,6,8,1.0,1.0,10.265835762023926,4.541903018951416,6.520878791809082
108960,45,1.0027611255645752,1.0027611255645752,1.0060153007507324,0.003254213137552142,1.0,1.0,0.0,0.0,0.0,268,35.68328857421875,fresh_online_exploration,6,8,1.0,1.0,10.29294204711914,4.517114639282227,6.388620853424072
109152,10,0.03962892293930054,0.03962892293930054,0.05632413923740387,0.016695218160748482,0.03962892293930054,0.0,0.0,1.0,1.0,600,1.8550999164581299,fresh_online_exploration,3,8,0.013870123028755187,0.0,0.7666248083114624,4.264856815338135,0.4750039577484131
109152,93,1.0009586811065674,1.0009586811065674,1.0012993812561035,0.0003407338517718017,1.0,1.0,0.0,0.0,0.0,268,35.66401290893555,fresh_online_exploration,6,8,1.0,1.0,10.261874198913574,4.533702373504639,6.399809837341309
109440,44,1.0026718378067017,1.0026718378067017,1.003117322921753,0.0004455316811800003,1.0,1.0,0.0,0.0,0.0,270,35.70881652832031,fresh_online_exploration,6,8,1.0,1.0,10.303614616394043,4.555708408355713,6.370456218719482
115200,9,0.045280732214450836,0.009957009926438332,0.07846194505691528,0.0685049518942833,0.009957009926438332,0.0,1.0,1.0,1.0,600,1.2946679592132568,fresh_online_exploration,3,9,0.003484953474253416,0.0,0.6945184469223022,4.319605350494385,0.4754158556461334
124800,53,1.0012778043746948,1.0012778043746948,1.001441240310669,0.0001633725332794711,1.0,1.0,0.0,0.0,0.0,214,34.300174713134766,fresh_online_exploration,8,10,1.0,1.0,9.24934196472168,4.682501792907715,8.92544174194336
126144,90,1.0015629529953003,1.0015629529953003,1.0021538734436035,0.0005909178871661425,1.0,1.0,0.0,0.0,0.0,263,35.561134338378906,fresh_online_exploration,8,10,1.0,1.0,10.316003799438477,4.662010669708252,6.6515655517578125
126624,64,1.003350853919983,1.003350853919983,1.0074727535247803,0.00412187073379755,1.0,1.0,0.0,0.0,0.0,264,35.649696350097656,fresh_online_exploration,8,10,1.0,1.0,10.259021759033203,4.619187831878662,6.520654201507568
127104,87,1.0006000995635986,1.0006000995635986,1.0006170272827148,1.697027255431749e-05,1.0,1.0,0.0,0.0,0.0,266,35.612361907958984,fresh_online_exploration,8,10,1.0,1.0,10.30760669708252,4.690378189086914,6.465010166168213
127296,8,1.0011155605316162,1.0011155605316162,1.0012290477752686,0.00011356990580679849,1.0,1.0,0.0,0.0,0.0,266,35.59658432006836,fresh_online_exploration,8,10,1.0,1.0,10.351873397827148,4.661638259887695,6.444341659545898
127488,6,1.0024429559707642,1.0024429559707642,1.003154993057251,0.0007120330701582134,1.0,1.0,0.0,0.0,0.0,263,35.559120178222656,fresh_online_exploration,8,10,1.0,1.0,10.349493026733398,4.645641803741455,6.691114902496338
127968,11,1.0007472038269043,1.0007472038269043,1.0008819103240967,0.00013467605458572507,1.0,1.0,0.0,0.0,0.0,267,35.630470275878906,fresh_online_exploration,8,10,1.0,1.0,10.329671859741211,4.6715407371521,6.407793045043945
128064,69,1.0056978464126587,1.0056978464126587,1.0074126720428467,0.0017147497273981571,1.0,1.0,0.0,0.0,0.0,267,35.71892547607422,fresh_online_exploration,8,10,1.0,1.0,10.299758911132812,4.6614603996276855,6.504547119140625
128064,79,1.0011537075042725,1.0011537075042725,1.0118260383605957,0.01067234668880701,1.0,1.0,0.0,0.0,0.0,268,35.64918899536133,fresh_online_exploration,8,10,1.0,1.0,10.33141040802002,4.678811073303223,6.458168983459473
128064,84,1.0009411573410034,1.0009411573410034,1.0041401386260986,0.0031990285497158766,1.0,1.0,0.0,0.0,0.0,266,35.62727355957031,fresh_online_exploration,8,10,1.0,1.0,10.374533653259277,4.655196666717529,6.466382026672363
128160,3,1.0015716552734375,1.0015716552734375,1.0015909671783447,1.929662721522618e-05,1.0,1.0,0.0,0.0,0.0,265,35.654178619384766,fresh_online_exploration,8,10,1.0,1.0,10.29007339477539,4.681865692138672,6.47857141494751
128160,21,1.0014336109161377,1.0014336109161377,1.0015246868133545,9.105085337068886e-05,1.0,1.0,0.0,0.0,0.0,266,35.65543746948242,fresh_online_exploration,8,10,1.0,1.0,10.342758178710938,4.625634670257568,6.44942569732666
128160,23,1.0017635822296143,1.0017635822296143,1.0024442672729492,0.0006805963348597288,1.0,1.0,0.0,0.0,0.0,269,35.71437072753906,fresh_online_exploration,8,10,1.0,1.0,10.360284805297852,4.657594680786133,6.275716781616211
128160,42,1.0011494159698486,1.0011494159698486,1.001230239868164,8.079544204520062e-05,1.0,1.0,0.0,0.0,0.0,269,35.71681213378906,fresh_online_exploration,8,10,1.0,1.0,10.345643997192383,4.691531658172607,6.3144049644470215
128160,52,1.000560998916626,1.000560998916626,1.0010528564453125,0.0004919613711535931,1.0,1.0,0.0,0.0,0.0,266,35.59528350830078,fresh_online_exploration,8,10,1.0,1.0,10.31036376953125,4.6286396980285645,6.515228271484375
128256,0,1.002144694328308,1.002144694328308,1.0022739171981812,0.00012921297457069159,1.0,1.0,0.0,0.0,0.0,267,35.67526626586914,fresh_online_exploration,8,10,1.0,1.0,10.34603500366211,4.623798847198486,6.360350131988525
128256,34,1.0027040243148804,1.0027040243148804,1.0049232244491577,0.002219235524535179,1.0,1.0,0.0,0.0,0.0,269,35.70808410644531,fresh_online_exploration,8,10,1.0,1.0,10.38209056854248,4.637738227844238,6.342615604400635
128256,46,1.0000388622283936,1.0000388622283936,1.0001170635223389,7.819719758117571e-05,1.0,1.0,0.0,0.0,0.0,269,35.6832275390625,fresh_online_exploration,8,10,1.0,1.0,10.346694946289062,4.631340026855469,6.312296390533447
128256,89,1.003336787223816,1.003336787223816,1.0038150548934937,0.0004782732285093516,1.0,1.0,0.0,0.0,0.0,267,35.72792053222656,fresh_online_exploration,8,10,1.0,1.0,10.33537483215332,4.647618293762207,6.383456230163574
128352,13,1.004675269126892,1.004675269126892,1.006093144416809,0.0014178726123645902,1.0,1.0,0.0,0.0,0.0,265,35.64872360229492,fresh_online_exploration,8,10,1.0,1.0,10.293866157531738,4.651889801025391,6.521743297576904
128352,38,1.0013234615325928,1.0013234615325928,1.001528024673462,0.00020450929878279567,1.0,1.0,0.0,0.0,0.0,267,35.617149353027344,fresh_online_exploration,8,10,1.0,1.0,10.378092765808105,4.681980609893799,6.5094733238220215
128352,68,1.0013970136642456,1.0013970136642456,1.0014443397521973,4.73234940727707e-05,1.0,1.0,0.0,0.0,0.0,269,35.621482849121094,fresh_online_exploration,8,10,1.0,1.0,10.40158748626709,4.657236576080322,6.433372497558594
128448,43,1.0026955604553223,1.0026955604553223,1.0061228275299072,0.0034272593911737204,1.0,1.0,0.0,0.0,0.0,267,35.70118713378906,fresh_online_exploration,8,10,1.0,1.0,10.365296363830566,4.690953254699707,6.500787734985352
128448,82,1.0015580654144287,1.0015580654144287,1.0017008781433105,0.0001429050462320447,1.0,1.0,0.0,0.0,0.0,269,35.697750091552734,fresh_online_exploration,8,10,1.0,1.0,10.34601879119873,4.6290812492370605,6.3170037269592285
128544,4,1.0053863525390625,1.0053863525390625,1.008913278579712,0.0035268007777631283,1.0,1.0,0.0,0.0,0.0,268,35.77998352050781,fresh_online_exploration,8,10,1.0,1.0,10.392584800720215,4.664756774902344,6.432215690612793
128544,48,1.004899024963379,1.004899024963379,1.0049777030944824,7.877166353864595e-05,1.0,1.0,0.0,0.0,0.0,269,35.785709381103516,fresh_online_exploration,8,10,1.0,1.0,10.38199520111084,4.694258213043213,6.347652912139893
128544,71,1.0018831491470337,1.0018831491470337,1.0122828483581543,0.01039960514754057,1.0,1.0,0.0,0.0,0.0,268,35.61860656738281,fresh_online_exploration,8,10,1.0,1.0,10.352394104003906,4.724578857421875,6.4051194190979
128544,75,1.0003156661987305,1.0003156661987305,1.0004191398620605,0.00010344212932977825,1.0,1.0,0.0,0.0,0.0,269,35.62158966064453,fresh_online_exploration,8,10,1.0,1.0,10.367112159729004,4.671923637390137,6.35634183883667
128544,86,1.0016727447509766,1.0016727447509766,1.0030097961425781,0.001337047084234655,1.0,1.0,0.0,0.0,0.0,266,35.63058090209961,fresh_online_exploration,8,10,1.0,1.0,10.325238227844238,4.695634841918945,6.466410160064697
128544,91,1.0010004043579102,1.0010004043579102,1.0010910034179688,9.065862832358107e-05,1.0,1.0,0.0,0.0,0.0,264,35.53916549682617,fresh_online_exploration,8,10,1.0,1.0,10.317203521728516,4.690027236938477,6.609470844268799
128640,40,1.0020982027053833,1.0020982027053833,1.0022404193878174,0.00014219284639693797,1.0,1.0,0.0,0.0,0.0,271,35.6971321105957,fresh_online_exploration,8,10,1.0,1.0,10.426047325134277,4.632999897003174,6.259216785430908
128640,66,1.0028520822525024,1.0028520822525024,1.0029412508010864,8.91376766958274e-05,1.0,1.0,0.0,0.0,0.0,268,35.714935302734375,fresh_online_exploration,8,10,1.0,1.0,10.34433650970459,4.658895015716553,6.437709331512451
128736,15,1.0053850412368774,1.0053850412368774,1.0189476013183594,0.013562582433223724,1.0,1.0,0.0,0.0,0.0,268,35.696937561035156,fresh_online_exploration,8,10,1.0,1.0,10.333138465881348,4.698082447052002,6.460867404937744
128736,28,1.0007609128952026,1.0007609128952026,1.0026636123657227,0.00190274219494313,1.0,1.0,0.0,0.0,0.0,266,35.65013122558594,fresh_online_exploration,8,10,1.0,1.0,10.351317405700684,4.7103986740112305,6.4980669021606445
128736,30,1.0012264251708984,1.0012264251708984,1.001366138458252,0.000139793090056628,1.0,1.0,0.0,0.0,0.0,270,35.708465576171875,fresh_online_exploration,8,10,1.0,1.0,10.357528686523438,4.7134108543396,6.280335426330566
128736,62,1.0037424564361572,1.0037424564361572,1.0083237886428833,0.004581409506499767,1.0,1.0,0.0,0.0,0.0,268,35.69267654418945,fresh_online_exploration,8,10,1.0,1.0,10.36351203918457,4.700518608093262,6.446547985076904
128832,12,1.000457763671875,1.000457763671875,1.0005550384521484,9.726079588290304e-05,1.0,1.0,0.0,0.0,0.0,268,35.645729064941406,fresh_online_exploration,8,10,1.0,1.0,10.351685523986816,4.718657970428467,6.3063507080078125
128832,29,1.0005898475646973,1.0005898475646973,1.0013971328735352,0.0008073178469203413,1.0,1.0,0.0,0.0,0.0,269,35.66494369506836,fresh_online_exploration,8,10,1.0,1.0,10.423727035522461,4.673572540283203,6.390147686004639
128832,32,1.0014344453811646,1.0014344453811646,1.0052027702331543,0.0037682403344660997,1.0,1.0,0.0,0.0,0.0,268,35.651451110839844,fresh_online_exploration,8,10,1.0,1.0,10.333197593688965,4.714119911193848,6.444329738616943
128832,51,1.0022116899490356,1.0022116899490356,1.0069971084594727,0.0047854469157755375,1.0,1.0,0.0,0.0,0.0,269,35.71809005737305,fresh_online_exploration,8,10,1.0,1.0,10.35176944732666,4.702589511871338,6.329453468322754
128832,56,1.0043931007385254,1.0043931007385254,1.0046765804290771,0.00028350146021693945,1.0,1.0,0.0,0.0,0.0,271,35.80720901489258,fresh_online_exploration,8,10,1.0,1.0,10.368603706359863,4.707292079925537,6.258695602416992
128832,57,1.004655361175537,1.004655361175537,1.009292483329773,0.004637136589735746,1.0,1.0,0.0,0.0,0.0,267,35.70127487182617,fresh_online_exploration,8,10,1.0,1.0,10.320941925048828,4.705048561096191,6.498665809631348
128832,59,1.00113046169281,1.00113046169281,1.0052480697631836,0.004117615520954132,1.0,1.0,0.0,0.0,0.0,267,35.64958572387695,fresh_online_exploration,8,10,1.0,1.0,10.359293937683105,4.704019069671631,6.5223870277404785
128832,67,1.0009337663650513,1.0009337663650513,1.001701831817627,0.000768132449593395,1.0,1.0,0.0,0.0,0.0,269,35.66814422607422,fresh_online_exploration,8,10,1.0,1.0,10.357975959777832,4.683948040008545,6.308063507080078
128928,1,1.0040533542633057,1.0040533542633057,1.0044046640396118,0.0003512802068144083,1.0,1.0,0.0,0.0,0.0,268,35.76292037963867,fresh_online_exploration,8,10,1.0,1.0,10.346563339233398,4.698022365570068,6.376437664031982
128928,26,1.0029220581054688,1.0029220581054688,1.0031603574752808,0.00023830440477468073,1.0,1.0,0.0,0.0,0.0,267,35.66645431518555,fresh_online_exploration,8,10,1.0,1.0,10.341337203979492,4.673511028289795,6.4430036544799805
128928,73,1.0002487897872925,1.0002487897872925,1.0032527446746826,0.0030039295088499784,1.0,1.0,0.0,0.0,0.0,269,35.67771530151367,fresh_online_exploration,8,10,1.0,1.0,10.344919204711914,4.716001033782959,6.372239112854004
128928,88,1.0045924186706543,1.0045924186706543,1.0046031475067139,1.0709781236073468e-05,1.0,1.0,0.0,0.0,0.0,269,35.759361267089844,fresh_online_exploration,8,10,1.0,1.0,10.363659858703613,4.71271276473999,6.4314398765563965
128928,95,1.002483606338501,1.002483606338501,1.0169146060943604,0.014430970884859562,1.0,1.0,0.0,0.0,0.0,268,35.71436309814453,fresh_online_exploration,8,10,1.0,1.0,10.32564640045166,4.695090293884277,6.461418151855469
129024,31,1.0051017999649048,1.0051017999649048,1.005281925201416,0.00018016905232798308,1.0,1.0,0.0,0.0,0.0,267,35.755516052246094,fresh_online_exploration,8,10,1.0,1.0,10.307044982910156,4.6725358963012695,6.507372856140137
129024,41,1.001591682434082,1.001591682434082,1.0034620761871338,0.0018704076064750552,1.0,1.0,0.0,0.0,0.0,268,35.691463470458984,fresh_online_exploration,8,10,1.0,1.0,10.332740783691406,4.660671710968018,6.401296615600586
129024,70,1.0015639066696167,1.0015639066696167,1.0048179626464844,0.0032540957909077406,1.0,1.0,0.0,0.0,0.0,267,35.7046012878418,fresh_online_exploration,8,10,1.0,1.0,10.367115020751953,4.672126770019531,6.444393634796143
129120,16,1.0026707649230957,1.0026707649230957,1.0059823989868164,0.003311675740405917,1.0,1.0,0.0,0.0,0.0,269,35.727294921875,fresh_online_exploration,8,10,1.0,1.0,10.375020980834961,4.681164264678955,6.448911190032959
129120,55,1.0034048557281494,1.0034048557281494,1.003784418106079,0.00037959805922582746,1.0,1.0,0.0,0.0,0.0,270,35.7867317199707,fresh_online_exploration,8,10,1.0,1.0,10.26582145690918,4.741291522979736,6.356446743011475
129216,49,1.004360318183899,1.004360318183899,1.0063285827636719,0.0019681775011122227,1.0,1.0,0.0,0.0,0.0,267,35.705326080322266,fresh_online_exploration,8,10,1.0,1.0,10.332637786865234,4.673096179962158,6.4980878829956055
129216,61,1.0041279792785645,1.0041279792785645,1.0042724609375,0.00014445195847656578,1.0,1.0,0.0,0.0,0.0,268,35.760948181152344,fresh_online_exploration,8,10,1.0,1.0,10.334659576416016,4.707001686096191,6.336429119110107
129216,94,1.0016517639160156,1.0016517639160156,1.0017187595367432,6.699777441099286e-05,1.0,1.0,0.0,0.0,0.0,270,35.673973083496094,fresh_online_exploration,8,10,1.0,1.0,10.431396484375,4.685530662536621,6.389164924621582
129312,37,1.0022406578063965,1.0022406578063965,1.004351019859314,0.002110383240506053,1.0,1.0,0.0,0.0,0.0,268,35.69365692138672,fresh_online_exploration,8,10,1.0,1.0,10.357057571411133,4.672121047973633,6.382902145385742
129312,39,1.0050327777862549,1.0050327777862549,1.0078157186508179,0.0027829697355628014,1.0,1.0,0.0,0.0,0.0,267,35.74259948730469,fresh_online_exploration,8,10,1.0,1.0,10.323545455932617,4.700361728668213,6.441481113433838
129312,63,1.0007826089859009,1.0007826089859009,1.0010457038879395,0.00026312738191336393,1.0,1.0,0.0,0.0,0.0,270,35.68954849243164,fresh_online_exploration,8,10,1.0,1.0,10.343235969543457,4.666965961456299,6.33867883682251
129312,78,1.0049687623977661,1.0049687623977661,1.0050487518310547,8.006982534425333e-05,1.0,1.0,0.0,0.0,0.0,271,35.808815002441406,fresh_online_exploration,8,10,1.0,1.0,10.39256763458252,4.6963019371032715,6.281883716583252
129408,58,1.0028822422027588,1.0028822422027588,1.0030367374420166,0.00015448946214746684,1.0,1.0,0.0,0.0,0.0,271,35.749629974365234,fresh_online_exploration,8,10,1.0,1.0,10.378439903259277,4.665391445159912,6.28067684173584
129408,74,1.0012801885604858,1.0012801885604858,1.0017683506011963,0.0004882104694843292,1.0,1.0,0.0,0.0,0.0,271,35.771968841552734,fresh_online_exploration,8,10,1.0,1.0,10.367008209228516,4.637439250946045,6.282028675079346
129408,81,1.000582218170166,1.000582218170166,1.0007061958312988,0.0001238805562024936,1.0,1.0,0.0,0.0,0.0,268,35.68110656738281,fresh_online_exploration,8,10,1.0,1.0,10.331525802612305,4.681756019592285,6.387152194976807
129504,80,1.0037769079208374,1.0037769079208374,1.0040185451507568,0.0002416956122033298,1.0,1.0,0.0,0.0,0.0,269,35.745452880859375,fresh_online_exploration,8,10,1.0,1.0,10.353584289550781,4.688938140869141,6.3038649559021
129600,35,1.0043704509735107,1.0043704509735107,1.0221245288848877,0.017754076048731804,1.0,1.0,0.0,0.0,0.0,267,35.65022659301758,fresh_online_exploration,8,10,1.0,1.0,10.318719863891602,4.6976823806762695,6.505550861358643
129600,47,1.0054106712341309,1.0054106712341309,1.005528450012207,0.00011769355478463694,1.0,1.0,0.0,0.0,0.0,270,35.80596923828125,fresh_online_exploration,8,10,1.0,1.0,10.383469581604004,4.696750640869141,6.371872901916504
129792,33,1.005503535270691,1.005503535270691,1.0159707069396973,0.010467070154845715,1.0,1.0,0.0,0.0,0.0,270,35.807952880859375,fresh_online_exploration,8,10,1.0,1.0,10.352227210998535,4.68314790725708,6.393610954284668
129792,36,1.0045729875564575,1.0045729875564575,1.004897117614746,0.00032408497645519674,1.0,1.0,0.0,0.0,0.0,273,35.90410232543945,fresh_online_exploration,8,10,1.0,1.0,10.324769020080566,4.701791286468506,6.146427154541016
130080,60,1.0049158334732056,1.0049158334732056,1.0052311420440674,0.0003153036814182997,1.0,1.0,0.0,0.0,0.0,272,35.86085510253906,fresh_online_exploration,8,10,1.0,1.0,10.31621265411377,4.710390090942383,6.236888408660889
130176,65,1.0051023960113525,1.0051023960113525,1.0116832256317139,0.00658078957349062,1.0,1.0,0.0,0.0,0.0,271,35.82649612426758,fresh_online_exploration,8,11,1.0,1.0,10.317461967468262,4.774150371551514,6.401013374328613
130176,83,1.001827597618103,1.001827597618103,1.0019142627716064,8.662935579195619e-05,1.0,1.0,0.0,0.0,0.0,269,35.73936462402344,fresh_online_exploration,8,11,1.0,1.0,10.291802406311035,4.706771373748779,6.305491924285889
130272,5,1.0024867057800293,1.0024867057800293,1.0026239156723022,0.0001372439000988379,1.0,1.0,0.0,0.0,0.0,272,35.811622619628906,fresh_online_exploration,8,11,1.0,1.0,10.33244800567627,4.743418216705322,6.304851531982422
130560,22,1.002886176109314,1.002886176109314,1.008159875869751,0.005273795686662197,1.0,1.0,0.0,0.0,0.0,273,35.81014633178711,fresh_online_exploration,8,11,1.0,1.0,10.33946418762207,4.7191901206970215,6.2002692222595215
134304,72,1.0001351833343506,1.0001351833343506,1.0101685523986816,0.010033369064331055,1.0,1.0,0.0,0.0,0.0,267,35.54220199584961,fresh_online_exploration,8,11,1.0,1.0,10.39030647277832,4.719502925872803,6.455905437469482
134400,27,1.0045921802520752,1.0045921802520752,1.0046417713165283,4.952221206622198e-05,1.0,1.0,0.0,0.0,0.0,268,35.753543853759766,fresh_online_exploration,8,11,1.0,1.0,10.36857795715332,4.7252888679504395,6.33891487121582
134496,85,1.0020586252212524,1.0020586252212524,1.0033977031707764,0.001339000416919589,1.0,1.0,0.0,0.0,0.0,268,35.70018005371094,fresh_online_exploration,8,11,1.0,1.0,10.35430908203125,4.733623027801514,6.450817108154297
134592,77,0.03308979421854019,0.0013274014927446842,0.04469485580921173,0.043367449194192886,0.0013274014927446842,0.0,0.0,1.0,1.0,600,1.1302146911621094,fresh_online_exploration,5,11,0.0004645905224606395,0.0,0.5066800713539124,4.516168594360352,0.4643556475639343
134688,24,1.0048004388809204,1.0048004388809204,1.005319595336914,0.0005190834635868669,1.0,1.0,0.0,0.0,0.0,270,35.83453369140625,fresh_online_exploration,8,11,1.0,1.0,10.367743492126465,4.746741771697998,6.392469882965088
134784,20,9.90178159554489e-06,3.2569991148534427e-09,1.930973303387873e-05,1.930648068082519e-05,3.2569991148534427e-09,0.0,0.0,1.0,1.0,600,1.0698267221450806,fresh_online_exploration,5,11,1.139949690198705e-09,0.0,0.5182129144668579,4.479796886444092,0.46430742740631104
134976,10,1.0013928413391113,1.0013928413391113,1.0015668869018555,0.00017403766105417162,1.0,1.0,0.0,0.0,0.0,269,35.65589904785156,fresh_online_exploration,8,11,1.0,1.0,10.372447967529297,4.719224452972412,6.382761001586914
134976,25,1.0018020868301392,1.0018020868301392,1.0020952224731445,0.00029307760996744037,1.0,1.0,0.0,0.0,0.0,271,35.72201919555664,fresh_online_exploration,8,11,1.0,1.0,10.403037071228027,4.747390270233154,6.2280402183532715
135072,2,1.0057510137557983,1.0057510137557983,1.0064163208007812,0.0006654500029981136,1.0,1.0,0.0,0.0,0.0,272,35.845367431640625,fresh_online_exploration,8,11,1.0,1.0,10.362553596496582,4.742208003997803,6.268856048583984
135072,45,1.0018364191055298,1.0018364191055298,1.0020653009414673,0.00022888246166985482,1.0,1.0,0.0,0.0,0.0,272,35.751243591308594,fresh_online_exploration,8,11,1.0,1.0,10.407194137573242,4.769049644470215,6.191268444061279
135072,50,0.04519730806350708,0.02425255998969078,0.050677139312028885,0.026424583047628403,0.02425255998969078,0.0,0.0,1.0,1.0,600,1.5574458837509155,fresh_online_exploration,5,11,0.008488395996391774,0.0,0.47968214750289917,4.494224548339844,0.4557706415653229
135168,93,1.0030252933502197,1.0030252933502197,1.003283977508545,0.0002586940536275506,1.0,1.0,0.0,0.0,0.0,271,35.77232360839844,fresh_online_exploration,8,11,1.0,1.0,10.364691734313965,4.755592346191406,6.317265510559082
135456,14,0.00011922879639314488,1.7956894859949557e-09,0.0002105694729834795,0.0002105676248902455,1.7956894859949557e-09,0.0,0.0,1.0,1.0,600,1.0862958431243896,fresh_online_exploration,5,11,6.284913200982345e-10,0.0,0.5718084573745728,4.4529242515563965,0.47258472442626953
135456,44,1.0004082918167114,1.0004082918167114,1.0004205703735352,1.219663772644708e-05,1.0,1.0,0.0,0.0,0.0,271,35.699337005615234,fresh_online_exploration,8,11,1.0,1.0,10.371051788330078,4.701946258544922,6.230879783630371
140832,92,0.03146329149603844,0.0017429542494937778,0.06521748751401901,0.06347452104091644,0.0017429542494937778,0.0,1.0,1.0,1.0,600,1.1479889154434204,fresh_online_exploration,6,12,0.0006100339873228222,0.0,0.4649447202682495,4.5106706619262695,0.48533016443252563
141024,7,0.02976369671523571,5.150450288482489e-09,0.06197715923190117,0.06197716295719147,5.150450288482489e-09,0.0,1.0,1.0,1.0,600,1.1142022609710693,fresh_online_exploration,6,12,1.802657600968871e-09,0.0,0.4285329580307007,4.559680938720703,0.48205530643463135
141024,9,1.0003492832183838,1.0003492832183838,1.0064616203308105,0.0061122882179915905,1.0,1.0,0.0,0.0,0.0,269,35.63847351074219,fresh_online_exploration,9,12,1.0,1.0,10.397669792175293,4.837454319000244,6.352669715881348
141120,18,0.003951265010982752,7.837988924563888e-09,0.003960430156439543,0.003960421774536371,7.837988924563888e-09,0.0,0.0,1.0,1.0,600,1.073833703994751,fresh_online_exploration,6,12,2.743296123597361e-09,0.0,0.48014169931411743,4.557213306427002,0.47667327523231506
145248,53,1.0021262168884277,1.0021262168884277,1.0022836923599243,0.00015745342534501106,1.0,1.0,0.0,0.0,0.0,213,34.300148010253906,fresh_online_exploration,10,12,1.0,1.0,9.189495086669922,4.8081769943237305,9.000544548034668
151392,90,1.0006756782531738,1.0006756782531738,1.0006871223449707,1.1475761311885435e-05,1.0,1.0,0.0,0.0,0.0,263,35.513710021972656,fresh_online_exploration,10,13,1.0,1.0,10.380706787109375,4.895663261413574,6.656388759613037
152448,64,1.0040745735168457,1.0040745735168457,1.0055725574493408,0.0014980152482166886,1.0,1.0,0.0,0.0,0.0,269,35.74242401123047,fresh_online_exploration,10,13,1.0,1.0,10.377738952636719,4.863858222961426,6.389972686767578
153024,6,1.0006744861602783,1.0006744861602783,1.0009386539459229,0.0002642088511493057,1.0,1.0,0.0,0.0,0.0,266,35.55091094970703,fresh_online_exploration,10,13,1.0,1.0,10.402349472045898,4.866703987121582,6.555495262145996
153024,8,1.0040310621261597,1.0040310621261597,1.005299687385559,0.0012685772962868214,1.0,1.0,0.0,0.0,0.0,268,35.68260192871094,fresh_online_exploration,10,13,1.0,1.0,10.474206924438477,4.887859344482422,6.436831474304199
153120,46,1.0037291049957275,1.0037291049957275,1.0058908462524414,0.0021616737358272076,1.0,1.0,0.0,0.0,0.0,259,35.507606506347656,fresh_online_exploration,10,13,1.0,1.0,10.258877754211426,4.924074172973633,6.840377330780029
153120,87,1.0046027898788452,1.0046027898788452,1.004914402961731,0.00031168025452643633,1.0,1.0,0.0,0.0,0.0,271,35.80490493774414,fresh_online_exploration,10,13,1.0,1.0,10.387158393859863,4.885575771331787,6.3088603019714355
153696,84,1.0022697448730469,1.0022697448730469,1.0055654048919678,0.0032957217190414667,1.0,1.0,0.0,0.0,0.0,267,35.657737731933594,fresh_online_exploration,10,13,1.0,1.0,10.42490005493164,4.916609287261963,6.498043060302734
153792,3,1.0042893886566162,1.0042893886566162,1.0043141841888428,2.4719745852053165e-05,1.0,1.0,0.0,0.0,0.0,267,35.74006652832031,fresh_online_exploration,10,13,1.0,1.0,10.372289657592773,4.929667949676514,6.4405975341796875
153792,34,1.0027756690979004,1.0027756690979004,1.0055571794509888,0.0027814796194434166,1.0,1.0,0.0,0.0,0.0,266,35.6385383605957,fresh_online_exploration,10,13,1.0,1.0,10.398625373840332,4.93713903427124,6.563880920410156
153888,11,1.0038068294525146,1.0038068294525146,1.0038809776306152,7.423015631502494e-05,1.0,1.0,0.0,0.0,0.0,270,35.7564582824707,fresh_online_exploration,10,13,1.0,1.0,10.371855735778809,4.9356513023376465,6.301578998565674
153888,21,1.001510739326477,1.001510739326477,1.0105234384536743,0.009012633003294468,1.0,1.0,0.0,0.0,0.0,268,35.68042755126953,fresh_online_exploration,10,13,1.0,1.0,10.445528984069824,4.918497562408447,6.4416117668151855
153984,38,1.000477910041809,1.000477910041809,1.0004894733428955,1.1454111700004432e-05,1.0,1.0,0.0,0.0,0.0,267,35.547752380371094,fresh_online_exploration,10,13,1.0,1.0,10.426797866821289,4.939946174621582,6.505681991577148
153984,42,1.0031198263168335,1.0031198263168335,1.0049333572387695,0.0018135295249521732,1.0,1.0,0.0,0.0,0.0,269,35.75034713745117,fresh_online_exploration,10,13,1.0,1.0,10.38259506225586,4.896728038787842,6.3773956298828125
153984,52,1.004052996635437,1.004052996635437,1.0046651363372803,0.0006122254417277873,1.0,1.0,0.0,0.0,0.0,269,35.73273468017578,fresh_online_exploration,10,13,1.0,1.0,10.364690780639648,4.937694072723389,6.436974048614502
153984,69,1.0048121213912964,1.0048121213912964,1.0049594640731812,0.00014735496370121837,1.0,1.0,0.0,0.0,0.0,270,35.780906677246094,fresh_online_exploration,10,13,1.0,1.0,10.373503684997559,4.89276123046875,6.293132781982422
153984,89,1.001836895942688,1.001836895942688,1.0022034645080566,0.0003665926051326096,1.0,1.0,0.0,0.0,0.0,268,35.69411849975586,fresh_online_exploration,10,13,1.0,1.0,10.392611503601074,4.940500736236572,6.363162040710449
154080,68,1.0056232213974,1.0056232213974,1.008760690689087,0.003137413179501891,1.0,1.0,0.0,0.0,0.0,268,35.68097686767578,fresh_online_exploration,10,13,1.0,1.0,10.467208862304688,4.91759729385376,6.5452680587768555
154080,71,1.0006484985351562,1.0006484985351562,1.00079345703125,0.0001449405390303582,1.0,1.0,0.0,0.0,0.0,266,35.611534118652344,fresh_online_exploration,10,13,1.0,1.0,10.401721954345703,4.979405403137207,6.5039215087890625
154080,79,1.0028854608535767,1.0028854608535767,1.0057820081710815,0.0028966604731976986,1.0,1.0,0.0,0.0,0.0,271,35.80397033691406,fresh_online_exploration,10,13,1.0,1.0,10.423835754394531,4.888486862182617,6.275451183319092
154176,0,1.0031828880310059,1.0031828880310059,1.008469581604004,0.005286680534482002,1.0,1.0,0.0,0.0,0.0,270,35.78635787963867,fresh_online_exploration,10,13,1.0,1.0,10.415000915527344,4.921960353851318,6.371129989624023
154176,13,1.005271553993225,1.005271553993225,1.0065363645553589,0.0012648090487346053,1.0,1.0,0.0,0.0,0.0,269,35.772613525390625,fresh_online_exploration,10,13,1.0,1.0,10.37031078338623,4.894536018371582,6.3081955909729
154176,23,1.001737356185913,1.001737356185913,1.0068140029907227,0.005076654255390167,1.0,1.0,0.0,0.0,0.0,271,35.776405334472656,fresh_online_exploration,10,13,1.0,1.0,10.446649551391602,4.922972202301025,6.309406280517578
154272,82,1.004626750946045,1.004626750946045,1.0051555633544922,0.0005287643289193511,1.0,1.0,0.0,0.0,0.0,269,35.77363586425781,fresh_online_exploration,10,13,1.0,1.0,10.40365219116211,4.813851833343506,6.340366363525391
154368,4,1.0002306699752808,1.0002306699752808,1.000426173210144,0.00019555202743504196,1.0,1.0,0.0,0.0,0.0,269,35.68962860107422,fresh_online_exploration,10,13,1.0,1.0,10.40093994140625,4.938055038452148,6.315909385681152
154368,43,1.0039777755737305,1.0039777755737305,1.0083625316619873,0.004384723957628012,1.0,1.0,0.0,0.0,0.0,270,35.7767219543457,fresh_online_exploration,10,13,1.0,1.0,10.430009841918945,4.802150249481201,6.434392929077148
154368,48,1.0008472204208374,1.0008472204208374,1.0011355876922607,0.0002883217530325055,1.0,1.0,0.0,0.0,0.0,269,35.699974060058594,fresh_online_exploration,10,13,1.0,1.0,10.414584159851074,4.950448989868164,6.305859565734863
154368,75,1.0047434568405151,1.0047434568405151,1.0141282081604004,0.009384863078594208,1.0,1.0,0.0,0.0,0.0,269,35.76887512207031,fresh_online_exploration,10,13,1.0,1.0,10.423277854919434,4.9396796226501465,6.440563201904297
154464,56,1.0028910636901855,1.0028910636901855,1.006138563156128,0.0032475567422807217,1.0,1.0,0.0,0.0,0.0,267,35.675071716308594,fresh_online_exploration,10,13,1.0,1.0,10.408156394958496,4.921603202819824,6.4995341300964355
154560,12,1.0035074949264526,1.0035074949264526,1.0035182237625122,1.0708635272749234e-05,1.0,1.0,0.0,0.0,0.0,268,35.72601318359375,fresh_online_exploration,10,13,1.0,1.0,10.375767707824707,4.919643878936768,6.400386333465576
154560,26,1.0023219585418701,1.0023219585418701,1.0086479187011719,0.006326031871140003,1.0,1.0,0.0,0.0,0.0,267,35.7152099609375,fresh_online_exploration,10,13,1.0,1.0,10.416170120239258,4.897213459014893,6.472174644470215
154560,29,1.0035779476165771,1.0035779476165771,1.004175066947937,0.0005971305654384196,1.0,1.0,0.0,0.0,0.0,268,35.71000289916992,fresh_online_exploration,10,13,1.0,1.0,10.456488609313965,4.908464431762695,6.427701473236084
154560,30,1.0003352165222168,1.0003352165222168,1.0075361728668213,0.007200957741588354,1.0,1.0,0.0,0.0,0.0,269,35.708465576171875,fresh_online_exploration,10,13,1.0,1.0,10.401527404785156,4.883559703826904,6.373119354248047
154560,59,1.0009766817092896,1.0009766817092896,1.0043216943740845,0.003345007076859474,1.0,1.0,0.0,0.0,0.0,268,35.67539596557617,fresh_online_exploration,10,13,1.0,1.0,10.411062240600586,4.937349796295166,6.430025577545166
154560,66,1.0013493299484253,1.0013493299484253,1.003493070602417,0.0021436738315969706,1.0,1.0,0.0,0.0,0.0,270,35.74556350708008,fresh_online_exploration,10,13,1.0,1.0,10.428750038146973,4.877960205078125,6.2996978759765625
154560,86,1.0039050579071045,1.0039050579071045,1.0091774463653564,0.005272464826703072,1.0,1.0,0.0,0.0,0.0,271,35.800819396972656,fresh_online_exploration,10,13,1.0,1.0,10.419685363769531,4.973250865936279,6.302482604980469
154656,15,1.000551462173462,1.000551462173462,1.0030112266540527,0.002459854818880558,1.0,1.0,0.0,0.0,0.0,270,35.72395706176758,fresh_online_exploration,10,13,1.0,1.0,10.411263465881348,4.897071361541748,6.3099446296691895
154656,28,1.0043914318084717,1.0043914318084717,1.0047197341918945,0.00032825805828906596,1.0,1.0,0.0,0.0,0.0,270,35.80717468261719,fresh_online_exploration,10,13,1.0,1.0,10.3881254196167,4.895612716674805,6.330387115478516
154656,40,1.0045253038406372,1.0045253038406372,1.0049394369125366,0.00041414742008782923,1.0,1.0,0.0,0.0,0.0,271,35.76586151123047,fresh_online_exploration,10,13,1.0,1.0,10.462217330932617,4.86899471282959,6.325671195983887
154656,51,1.0048072338104248,1.0048072338104248,1.0091774463653564,0.004370113369077444,1.0,1.0,0.0,0.0,0.0,269,35.800926208496094,fresh_online_exploration,10,13,1.0,1.0,10.3985595703125,4.9260945320129395,6.376581192016602
154656,55,1.0037508010864258,1.0037508010864258,1.0043432712554932,0.0005923746502958238,1.0,1.0,0.0,0.0,0.0,266,35.755516052246094,fresh_online_exploration,10,13,1.0,1.0,10.233687400817871,4.907168388366699,6.480834007263184
154656,62,1.0018872022628784,1.0018872022628784,1.0070624351501465,0.005175251048058271,1.0,1.0,0.0,0.0,0.0,270,35.74763488769531,fresh_online_exploration,10,13,1.0,1.0,10.46114730834961,4.888607501983643,6.356930732727051
154752,16,1.0009915828704834,1.0009915828704834,1.0011545419692993,0.00016296507965307683,1.0,1.0,0.0,0.0,0.0,267,35.65871810913086,fresh_online_exploration,10,13,1.0,1.0,10.395862579345703,4.908987522125244,6.433500289916992
154752,32,1.0003807544708252,1.0003807544708252,1.0015054941177368,0.0011246948270127177,1.0,1.0,0.0,0.0,0.0,270,35.757328033447266,fresh_online_exploration,10,13,1.0,1.0,10.430974006652832,4.931325435638428,6.250296115875244
154752,67,1.0052378177642822,1.0052378177642822,1.008056402206421,0.0028186116833239794,1.0,1.0,0.0,0.0,0.0,270,35.82841491699219,fresh_online_exploration,10,13,1.0,1.0,10.413875579833984,4.9238715171813965,6.314240455627441
154752,70,1.0022695064544678,1.0022695064544678,1.0023677349090576,9.82439742074348e-05,1.0,1.0,0.0,0.0,0.0,268,35.71221923828125,fresh_online_exploration,10,13,1.0,1.0,10.39441967010498,4.9105000495910645,6.355861663818359
154752,95,1.0025545358657837,1.0025545358657837,1.0059233903884888,0.003368851961567998,1.0,1.0,0.0,0.0,0.0,269,35.7518310546875,fresh_online_exploration,10,13,1.0,1.0,10.37369441986084,4.892688751220703,6.374320983886719
154848,41,1.0021891593933105,1.0021891593933105,1.0022783279418945,8.920837717596442e-05,1.0,1.0,0.0,0.0,0.0,269,35.701908111572266,fresh_online_exploration,10,13,1.0,1.0,10.411386489868164,4.9137139320373535,6.351889610290527
154848,88,1.0025511980056763,1.0025511980056763,1.0044841766357422,0.0019330860814079642,1.0,1.0,0.0,0.0,0.0,270,35.73394775390625,fresh_online_exploration,10,13,1.0,1.0,10.39128589630127,4.899722099304199,6.3692498207092285
154848,91,1.0041427612304688,1.0041427612304688,1.0136547088623047,0.009511842392385006,1.0,1.0,0.0,0.0,0.0,274,35.830238342285156,fresh_online_exploration,10,13,1.0,1.0,10.44286823272705,4.968132495880127,6.204581260681152
154944,73,1.0017426013946533,1.0017426013946533,1.0048587322235107,0.0031160698272287846,1.0,1.0,0.0,0.0,0.0,271,35.74212646484375,fresh_online_exploration,10,13,1.0,1.0,10.459590911865234,4.8941450119018555,6.355277061462402
154944,94,1.0008127689361572,1.0008127689361572,1.0009164810180664,0.00010365021444158629,1.0,1.0,0.0,0.0,0.0,268,35.615169525146484,fresh_online_exploration,10,13,1.0,1.0,10.446572303771973,4.952122688293457,6.460692882537842
155040,31,1.0050914287567139,1.0050914287567139,1.0051956176757812,0.00010425665095681325,1.0,1.0,0.0,0.0,0.0,271,35.821044921875,fresh_online_exploration,10,13,1.0,1.0,10.430485725402832,4.885430812835693,6.2711334228515625
155040,37,1.0047392845153809,1.0047392845153809,1.004833698272705,9.441484871786088e-05,1.0,1.0,0.0,0.0,0.0,268,35.769474029541016,fresh_online_exploration,10,13,1.0,1.0,10.413863182067871,4.917069435119629,6.39045524597168
155136,1,1.004160761833191,1.004160761833191,1.005080223083496,0.0009193396545015275,1.0,1.0,0.0,0.0,0.0,273,35.83984375,fresh_online_exploration,10,13,1.0,1.0,10.396110534667969,4.9033708572387695,6.2415666580200195
155136,74,1.0053309202194214,1.0053309202194214,1.0086982250213623,0.0033672568388283253,1.0,1.0,0.0,0.0,0.0,268,35.733482360839844,fresh_online_exploration,10,13,1.0,1.0,10.401780128479004,4.893033981323242,6.412970066070557
155136,78,1.0007842779159546,1.0007842779159546,1.0011060237884521,0.000321766798151657,1.0,1.0,0.0,0.0,0.0,269,35.67482376098633,fresh_online_exploration,10,13,1.0,1.0,10.406760215759277,4.919564247131348,6.363763332366943
155136,80,1.0032612085342407,1.0032612085342407,1.0038317441940308,0.0005705485818907619,1.0,1.0,0.0,0.0,0.0,267,35.71843338012695,fresh_online_exploration,10,13,1.0,1.0,10.350181579589844,4.9204607009887695,6.432130813598633
155232,39,1.006065845489502,1.006065845489502,1.006136178970337,7.036782335489988e-05,1.0,1.0,0.0,0.0,0.0,270,35.80352020263672,fresh_online_exploration,10,13,1.0,1.0,10.424606323242188,4.937339782714844,6.340880393981934
155232,49,1.0052157640457153,1.0052157640457153,1.0054254531860352,0.00020973948994651437,1.0,1.0,0.0,0.0,0.0,271,35.84970474243164,fresh_online_exploration,10,13,1.0,1.0,10.407529830932617,4.958671569824219,6.282132148742676
155232,61,1.0000759363174438,1.0000759363174438,1.0024151802062988,0.002339222701266408,1.0,1.0,0.0,0.0,0.0,271,35.735267639160156,fresh_online_exploration,10,13,1.0,1.0,10.466383934020996,4.940614700317383,6.201542854309082
155232,63,1.000213623046875,1.000213623046875,1.0007328987121582,0.0005193375400267541,1.0,1.0,0.0,0.0,0.0,270,35.693519592285156,fresh_online_exploration,10,13,1.0,1.0,10.413270950317383,4.952253818511963,6.266534328460693
155424,35,1.0028495788574219,1.0028495788574219,1.0028650760650635,1.5449535567313433e-05,1.0,1.0,0.0,0.0,0.0,269,35.716033935546875,fresh_online_exploration,10,13,1.0,1.0,10.388187408447266,4.929027557373047,6.340120315551758
155424,58,1.0052690505981445,1.0052690505981445,1.0052831172943115,1.4115351405052934e-05,1.0,1.0,0.0,0.0,0.0,271,35.81929016113281,fresh_online_exploration,10,13,1.0,1.0,10.422263145446777,4.885879039764404,6.251997470855713
155424,81,1.0017598867416382,1.0017598867416382,1.001873254776001,0.00011330846609780565,1.0,1.0,0.0,0.0,0.0,271,35.77017593383789,fresh_online_exploration,10,13,1.0,1.0,10.409605979919434,4.890611171722412,6.221665859222412
155616,47,1.0045417547225952,1.0045417547225952,1.0048089027404785,0.0002670903049875051,1.0,1.0,0.0,0.0,0.0,271,35.80560302734375,fresh_online_exploration,10,13,1.0,1.0,10.418183326721191,4.927929401397705,6.301103591918945
155712,33,1.00351083278656,1.00351083278656,1.0036447048187256,0.00013390465755946934,1.0,1.0,0.0,0.0,0.0,270,35.825096130371094,fresh_online_exploration,10,13,1.0,1.0,10.388444900512695,4.891452789306641,6.251073360443115
155808,36,1.0042551755905151,1.0042551755905151,1.0081266164779663,0.003871348686516285,1.0,1.0,0.0,0.0,0.0,271,35.84702682495117,fresh_online_exploration,10,13,1.0,1.0,10.312522888183594,4.862487316131592,6.287570476531982
156288,83,1.0032174587249756,1.0032174587249756,1.0033749341964722,0.0001574728958075866,1.0,1.0,0.0,0.0,0.0,272,35.8430290222168,fresh_online_exploration,11,13,1.0,1.0,10.34972095489502,4.88126802444458,6.230051517486572
156384,65,1.0013242959976196,1.0013242959976196,1.0020499229431152,0.0007255948148667812,1.0,1.0,0.0,0.0,0.0,273,35.80475616455078,fresh_online_exploration,11,13,1.0,1.0,10.355249404907227,4.891580581665039,6.221563339233398
156480,5,1.004940390586853,1.004940390586853,1.0050913095474243,0.00015094301488716155,1.0,1.0,0.0,0.0,0.0,273,35.91065216064453,fresh_online_exploration,11,13,1.0,1.0,10.351212501525879,4.943139553070068,6.263941764831543
156768,22,1.0016409158706665,1.0016409158706665,1.0034804344177246,0.0018394306534901261,1.0,1.0,0.0,0.0,0.0,273,35.86415100097656,fresh_online_exploration,11,13,1.0,1.0,10.347372055053711,4.9678874015808105,6.183165073394775
159840,72,1.0020474195480347,1.0020474195480347,1.0021700859069824,0.00012258486822247505,1.0,1.0,0.0,0.0,0.0,266,35.590919494628906,fresh_online_exploration,11,13,1.0,1.0,10.396769523620605,4.935139179229736,6.41253662109375
160032,27,1.0025626420974731,1.0025626420974731,1.0059163570404053,0.0033538914285600185,1.0,1.0,0.0,0.0,0.0,267,35.688140869140625,fresh_online_exploration,11,13,1.0,1.0,10.393065452575684,4.965884208679199,6.456353187561035
160224,77,1.0042401552200317,1.0042401552200317,1.0042507648468018,1.0622275112837087e-05,1.0,1.0,0.0,0.0,0.0,267,35.695804595947266,fresh_online_exploration,11,14,1.0,1.0,10.350960731506348,4.940627574920654,6.450230598449707
160608,54,0.017944887280464172,0.0032487278804183006,0.01806548982858658,0.014816761016845703,0.0032487278804183006,0.0,0.0,1.0,1.0,600,1.1466996669769287,fresh_online_exploration,8,14,0.0011370547581464052,0.0,0.2713935971260071,4.670779705047607,0.4553599953651428
160608,85,1.0001463890075684,1.0001463890075684,1.0007277727127075,0.0005814057658426464,1.0,1.0,0.0,0.0,0.0,272,35.789817810058594,fresh_online_exploration,11,14,1.0,1.0,10.40287971496582,4.973623275756836,6.191101551055908
160704,10,1.001796841621399,1.001796841621399,1.0067311525344849,0.0049343411810696125,1.0,1.0,0.0,0.0,0.0,268,35.757415771484375,fresh_online_exploration,11,14,1.0,1.0,10.476069450378418,4.894659042358398,6.386485576629639
160800,20,1.0016721487045288,1.0016721487045288,1.0035145282745361,0.0018424857407808304,1.0,1.0,0.0,0.0,0.0,271,35.781097412109375,fresh_online_exploration,11,14,1.0,1.0,10.415435791015625,4.947483062744141,6.237190246582031
160800,50,1.0013275146484375,1.0013275146484375,1.001462697982788,0.00013521953951567411,1.0,1.0,0.0,0.0,0.0,268,35.65032196044922,fresh_online_exploration,11,14,1.0,1.0,10.457818031311035,4.964834213256836,6.375280857086182
160896,45,1.0003724098205566,1.0003724098205566,1.0006054639816284,0.0002330655843252316,1.0,1.0,0.0,0.0,0.0,269,35.647979736328125,fresh_online_exploration,11,14,1.0,1.0,10.44675350189209,4.9373555183410645,6.30654764175415
161088,14,1.000666856765747,1.000666856765747,1.003348469734192,0.002681595040485263,1.0,1.0,0.0,0.0,0.0,267,35.6274528503418,fresh_online_exploration,11,14,1.0,1.0,10.364349365234375,4.985678672790527,6.435454368591309
161088,93,1.0011389255523682,1.0011389255523682,1.0050170421600342,0.0038780863396823406,1.0,1.0,0.0,0.0,0.0,270,35.74916076660156,fresh_online_exploration,11,14,1.0,1.0,10.38923168182373,4.986764907836914,6.354382514953613
161280,44,1.002373218536377,1.002373218536377,1.0023844242095947,1.1130843631690368e-05,1.0,1.0,0.0,0.0,0.0,269,35.70127487182617,fresh_online_exploration,11,14,1.0,1.0,10.419992446899414,4.986295700073242,6.378631114959717
161664,76,0.04623105749487877,0.015141157433390617,0.06072937697172165,0.04558821767568588,0.015141157433390617,0.0,0.0,1.0,1.0,600,1.411388635635376,fresh_online_exploration,8,14,0.005299405101686716,0.0,0.28894761204719543,4.639135837554932,0.4694247543811798
166464,17,0.04331635683774948,3.4679848681662406e-07,0.06541388481855392,0.06541354954242706,3.4679848681662406e-07,0.0,1.0,1.0,1.0,600,1.1108428239822388,fresh_online_exploration,8,14,1.2137947038581843e-07,0.0,0.21616409718990326,4.737308502197266,0.4664138853549957
166464,19,0.04184960946440697,0.01590859889984131,0.06798170506954193,0.05207311362028122,0.01590859889984131,0.0,1.0,1.0,1.0,600,1.4105054140090942,fresh_online_exploration,8,14,0.005568009614944458,0.0,0.22943580150604248,4.702390193939209,0.5265644788742065
166560,92,1.001868724822998,1.001868724822998,1.006097674369812,0.004229035694152117,1.0,1.0,0.0,0.0,0.0,268,35.65411376953125,fresh_online_exploration,12,14,1.0,1.0,10.396316528320312,4.968538761138916,6.383116245269775
166752,9,1.002451777458191,1.002451777458191,1.0053589344024658,0.002907085930928588,1.0,1.0,0.0,0.0,0.0,268,35.65538787841797,fresh_online_exploration,12,14,1.0,1.0,10.44671630859375,4.993107318878174,6.40778112411499
171456,53,1.0045580863952637,1.0045580863952637,1.0046992301940918,0.00014115782687440515,1.0,1.0,0.0,0.0,0.0,273,35.871864318847656,fresh_online_exploration,12,15,1.0,1.0,10.431199073791504,5.060934066772461,6.197861194610596
177120,90,1.0012705326080322,1.0012705326080322,1.0013259649276733,5.541998325497843e-05,1.0,1.0,0.0,0.0,0.0,268,35.62021255493164,fresh_online_exploration,13,15,1.0,1.0,10.466777801513672,5.053903102874756,6.374576568603516
177600,64,1.0049859285354614,1.0049859285354614,1.0114288330078125,0.006442904472351074,1.0,1.0,0.0,0.0,0.0,262,35.56882095336914,fresh_online_exploration,13,15,1.0,1.0,10.348542213439941,5.121984481811523,6.740162372589111
178080,46,1.002232551574707,1.002232551574707,1.0039613246917725,0.0017287591472268105,1.0,1.0,0.0,0.0,0.0,260,35.495399475097656,fresh_online_exploration,13,15,1.0,1.0,10.37844181060791,5.096654891967773,6.773184299468994
178368,6,1.0000190734863281,1.0000190734863281,1.0004775524139404,0.00045846367720514536,1.0,1.0,0.0,0.0,0.0,264,35.54899597167969,fresh_online_exploration,13,15,1.0,1.0,10.45788860321045,5.064376354217529,6.555005073547363
178560,8,1.0013680458068848,1.0013680458068848,1.0078331232070923,0.006465142127126455,1.0,1.0,0.0,0.0,0.0,266,35.590240478515625,fresh_online_exploration,13,15,1.0,1.0,10.497956275939941,5.07627534866333,6.499218940734863
178656,87,1.0004961490631104,1.0004961490631104,1.0042600631713867,0.0037639986258000135,1.0,1.0,0.0,0.0,0.0,266,35.61875915527344,fresh_online_exploration,13,15,1.0,1.0,10.406984329223633,5.123622417449951,6.4777655601501465
179328,3,1.0029445886611938,1.0029445886611938,1.0169178247451782,0.013973308727145195,1.0,1.0,0.0,0.0,0.0,266,35.611846923828125,fresh_online_exploration,13,15,1.0,1.0,10.423748016357422,5.108679294586182,6.504701137542725
179328,69,1.004114031791687,1.004114031791687,1.0077024698257446,0.0035884492099285126,1.0,1.0,0.0,0.0,0.0,264,35.62230682373047,fresh_online_exploration,13,15,1.0,1.0,10.423755645751953,5.061634063720703,6.669773101806641
179424,84,1.004420518875122,1.004420518875122,1.0077544450759888,0.0033339140936732292,1.0,1.0,0.0,0.0,0.0,268,35.749786376953125,fresh_online_exploration,13,15,1.0,1.0,10.445244789123535,5.0394697189331055,6.457676887512207
179520,38,1.003926396369934,1.003926396369934,1.003974199295044,4.7752146201673895e-05,1.0,1.0,0.0,0.0,0.0,266,35.624610900878906,fresh_online_exploration,13,15,1.0,1.0,10.43288803100586,5.042024612426758,6.511462211608887
179616,0,1.0007119178771973,1.0007119178771973,1.0018551349639893,0.00114318763371557,1.0,1.0,0.0,0.0,0.0,265,35.591556549072266,fresh_online_exploration,13,15,1.0,1.0,10.424494743347168,5.045811653137207,6.473609924316406
179616,11,1.0047985315322876,1.0047985315322876,1.0048387050628662,4.0160615753848106e-05,1.0,1.0,0.0,0.0,0.0,268,35.73057556152344,fresh_online_exploration,13,15,1.0,1.0,10.436623573303223,5.0392608642578125,6.3704328536987305
179616,13,1.0057530403137207,1.0057530403137207,1.005831003189087,7.796530553605407e-05,1.0,1.0,0.0,0.0,0.0,265,35.696189880371094,fresh_online_exploration,13,15,1.0,1.0,10.358254432678223,5.0476179122924805,6.446162700653076
179616,34,1.003864049911499,1.003864049911499,1.003875732421875,1.1693847227434162e-05,1.0,1.0,0.0,0.0,0.0,269,35.722774505615234,fresh_online_exploration,13,15,1.0,1.0,10.501779556274414,5.1412224769592285,6.374425411224365
179616,89,1.000004768371582,1.000004768371582,1.0022082328796387,0.002203345764428377,1.0,1.0,0.0,0.0,0.0,267,35.63541030883789,fresh_online_exploration,13,15,1.0,1.0,10.424225807189941,5.0319108963012695,6.3964385986328125
179712,21,1.0007874965667725,1.0007874965667725,1.0089099407196045,0.008122439496219158,1.0,1.0,0.0,0.0,0.0,269,35.68303298950195,fresh_online_exploration,13,15,1.0,1.0,10.439509391784668,5.054598331451416,6.345549583435059
179712,23,1.0004175901412964,1.0004175901412964,1.000618577003479,0.00020097984815947711,1.0,1.0,0.0,0.0,0.0,266,35.57872009277344,fresh_online_exploration,13,15,1.0,1.0,10.422760009765625,5.04302453994751,6.437100410461426
179712,42,1.0026497840881348,1.0026497840881348,1.0079597234725952,0.005309922620654106,1.0,1.0,0.0,0.0,0.0,268,35.73313903808594,fresh_online_exploration,13,15,1.0,1.0,10.460448265075684,5.016803741455078,6.380497932434082
179712,52,1.0043697357177734,1.0043697357177734,1.004758358001709,0.0003887056664098054,1.0,1.0,0.0,0.0,0.0,268,35.71284866333008,fresh_online_exploration,13,15,1.0,1.0,10.426895141601562,5.03621768951416,6.460806369781494
179712,68,1.0028276443481445,1.0028276443481445,1.0028393268585205,1.164666628028499e-05,1.0,1.0,0.0,0.0,0.0,267,35.639060974121094,fresh_online_exploration,13,15,1.0,1.0,10.4893798828125,5.089748382568359,6.4891462326049805
179808,82,1.0013216733932495,1.0013216733932495,1.0043246746063232,0.0030031052883714437,1.0,1.0,0.0,0.0,0.0,266,35.64883804321289,fresh_online_exploration,13,15,1.0,1.0,10.465782165527344,5.151442527770996,6.489638328552246
180000,48,1.0000303983688354,1.0000303983688354,1.0001541376113892,0.00012371446064207703,1.0,1.0,0.0,0.0,0.0,267,35.647090911865234,fresh_online_exploration,13,15,1.0,1.0,10.471550941467285,5.0807318687438965,6.426144599914551
180000,79,1.0010650157928467,1.0010650157928467,1.0044498443603516,0.003384809009730816,1.0,1.0,0.0,0.0,0.0,270,35.7769660949707,fresh_online_exploration,13,15,1.0,1.0,10.423506736755371,5.079094886779785,6.231915473937988
180000,86,1.002054214477539,1.002054214477539,1.0025684833526611,0.0005142168374732137,1.0,1.0,0.0,0.0,0.0,265,35.62923049926758,fresh_online_exploration,13,15,1.0,1.0,10.42487621307373,5.014062881469727,6.504892826080322
180096,4,1.0044217109680176,1.0044217109680176,1.004821538925171,0.0003997181775048375,1.0,1.0,0.0,0.0,0.0,268,35.74799346923828,fresh_online_exploration,13,16,1.0,1.0,10.458991050720215,5.065350532531738,6.299400329589844
180096,29,1.002156138420105,1.002156138420105,1.0022521018981934,9.591360867489129e-05,1.0,1.0,0.0,0.0,0.0,266,35.59800720214844,fresh_online_exploration,13,16,1.0,1.0,10.475665092468262,5.019826889038086,6.4527153968811035
180096,71,1.0028764009475708,1.0028764009475708,1.0030357837677002,0.0001593971683178097,1.0,1.0,0.0,0.0,0.0,271,35.74897766113281,fresh_online_exploration,13,16,1.0,1.0,10.497149467468262,5.115567684173584,6.228976726531982
180096,75,1.0013729333877563,1.0013729333877563,1.0107841491699219,0.00941117387264967,1.0,1.0,0.0,0.0,0.0,268,35.62647247314453,fresh_online_exploration,13,16,1.0,1.0,10.479716300964355,5.057072162628174,6.414559364318848
180192,43,1.0002862215042114,1.0002862215042114,1.0006216764450073,0.0003354940563440323,1.0,1.0,0.0,0.0,0.0,269,35.6557731628418,fresh_online_exploration,13,16,1.0,1.0,10.473546981811523,5.05143928527832,6.347923278808594
180192,56,1.0001901388168335,1.0001901388168335,1.0159728527069092,0.01578274369239807,1.0,1.0,0.0,0.0,0.0,268,35.6259765625,fresh_online_exploration,13,16,1.0,1.0,10.494674682617188,5.0903849601745605,6.49240779876709
180192,66,1.0015594959259033,1.0015594959259033,1.0047788619995117,0.003219245932996273,1.0,1.0,0.0,0.0,0.0,267,35.6535530090332,fresh_online_exploration,13,16,1.0,1.0,10.455954551696777,5.029692649841309,6.483163356781006
180288,12,1.0003770589828491,1.0003770589828491,1.0004972219467163,0.00012012994557153434,1.0,1.0,0.0,0.0,0.0,268,35.66315460205078,fresh_online_exploration,13,16,1.0,1.0,10.437569618225098,5.032470226287842,6.369261741638184
180288,30,1.0065643787384033,1.0065643787384033,1.0138869285583496,0.0073224687948822975,1.0,1.0,0.0,0.0,0.0,268,35.7789306640625,fresh_online_exploration,13,16,1.0,1.0,10.396602630615234,5.015462875366211,6.445725440979004
180288,59,1.0028527975082397,1.0028527975082397,1.0033060312271118,0.0004532527818810195,1.0,1.0,0.0,0.0,0.0,268,35.69679641723633,fresh_online_exploration,13,16,1.0,1.0,10.461446762084961,5.042934417724609,6.3826189041137695
180288,67,1.0045158863067627,1.0045158863067627,1.0046063661575317,9.046185732586309e-05,1.0,1.0,0.0,0.0,0.0,266,35.6961669921875,fresh_online_exploration,13,16,1.0,1.0,10.40892505645752,5.098232269287109,6.469904899597168
180288,70,1.0034528970718384,1.0034528970718384,1.003584861755371,0.00013196867075748742,1.0,1.0,0.0,0.0,0.0,266,35.668731689453125,fresh_online_exploration,13,16,1.0,1.0,10.41989517211914,5.07308292388916,6.480710983276367
180384,26,1.0047706365585327,1.0047706365585327,1.0049762725830078,0.00020568097534123808,1.0,1.0,0.0,0.0,0.0,269,35.78952407836914,fresh_online_exploration,13,16,1.0,1.0,10.449975967407227,5.022557735443115,6.353024959564209
180384,32,1.0013431310653687,1.0013431310653687,1.0013635158538818,2.0281082470319234e-05,1.0,1.0,0.0,0.0,0.0,267,35.65940475463867,fresh_online_exploration,13,16,1.0,1.0,10.420892715454102,5.085757255554199,6.3997578620910645
180384,40,1.0037792921066284,1.0037792921066284,1.0038427114486694,6.343659333651885e-05,1.0,1.0,0.0,0.0,0.0,268,35.72224426269531,fresh_online_exploration,13,16,1.0,1.0,10.50294017791748,5.093236446380615,6.419766426086426
180480,16,1.0016300678253174,1.0016300678253174,1.0198779106140137,0.018247604370117188,1.0,1.0,0.0,0.0,0.0,268,35.638832092285156,fresh_online_exploration,13,16,1.0,1.0,10.424857139587402,5.091756343841553,6.477389812469482
180480,28,1.0050336122512817,1.0050336122512817,1.0057635307312012,0.0007298528216779232,1.0,1.0,0.0,0.0,0.0,269,35.773345947265625,fresh_online_exploration,13,16,1.0,1.0,10.466215133666992,5.108037948608398,6.362829208374023
180480,51,1.000322937965393,1.000322937965393,1.003753423690796,0.00343045755289495,1.0,1.0,0.0,0.0,0.0,269,35.717369079589844,fresh_online_exploration,13,16,1.0,1.0,10.471112251281738,5.091860771179199,6.387444019317627
180480,62,1.0013256072998047,1.0013256072998047,1.001528024673462,0.0002024229324888438,1.0,1.0,0.0,0.0,0.0,269,35.70943069458008,fresh_online_exploration,13,16,1.0,1.0,10.461104393005371,5.085946559906006,6.349180698394775
180480,95,1.0011192560195923,1.0011192560195923,1.0024282932281494,0.001309095649048686,1.0,1.0,0.0,0.0,0.0,268,35.70281219482422,fresh_online_exploration,13,16,1.0,1.0,10.410197257995605,5.082579612731934,6.3425517082214355
180576,15,1.004075288772583,1.004075288772583,1.0041286945343018,5.342652366380207e-05,1.0,1.0,0.0,0.0,0.0,270,35.778839111328125,fresh_online_exploration,13,16,1.0,1.0,10.45508098602295,5.0885844230651855,6.285106658935547
180576,41,1.003117561340332,1.003117561340332,1.0034825801849365,0.0003649558639153838,1.0,1.0,0.0,0.0,0.0,268,35.69260025024414,fresh_online_exploration,13,16,1.0,1.0,10.46583366394043,5.074042320251465,6.455731391906738
180576,91,1.0002243518829346,1.0002243518829346,1.004382848739624,0.00415845587849617,1.0,1.0,0.0,0.0,0.0,268,35.60976791381836,fresh_online_exploration,13,16,1.0,1.0,10.44282054901123,5.061077117919922,6.428277015686035
180672,31,1.0036702156066895,1.0036702156066895,1.0036813020706177,1.1103843462478835e-05,1.0,1.0,0.0,0.0,0.0,267,35.72532653808594,fresh_online_exploration,13,16,1.0,1.0,10.42824935913086,5.106745719909668,6.4533162117004395
180672,37,1.001753807067871,1.001753807067871,1.0054237842559814,0.0036700775381177664,1.0,1.0,0.0,0.0,0.0,267,35.70323944091797,fresh_online_exploration,13,16,1.0,1.0,10.456215858459473,5.103967666625977,6.464864730834961
180672,55,1.0022250413894653,1.0022250413894653,1.002565860748291,0.0003408396150916815,1.0,1.0,0.0,0.0,0.0,271,35.79083251953125,fresh_online_exploration,13,16,1.0,1.0,10.409082412719727,5.096767902374268,6.2934160232543945
180672,78,1.001348614692688,1.001348614692688,1.006467580795288,0.0051189446821808815,1.0,1.0,0.0,0.0,0.0,266,35.639305114746094,fresh_online_exploration,13,16,1.0,1.0,10.451325416564941,5.067493438720703,6.441069602966309
180672,88,1.00575852394104,1.00575852394104,1.0062917470932007,0.0005332854343578219,1.0,1.0,0.0,0.0,0.0,269,35.77824401855469,fresh_online_exploration,13,16,1.0,1.0,10.454648971557617,5.076065540313721,6.400233745574951
180672,94,1.0025179386138916,1.0025179386138916,1.0102450847625732,0.007727059070020914,1.0,1.0,0.0,0.0,0.0,268,35.64985656738281,fresh_online_exploration,13,16,1.0,1.0,10.488746643066406,5.072906970977783,6.4790358543396
180768,73,1.004189372062683,1.004189372062683,1.0042498111724854,6.046934868209064e-05,1.0,1.0,0.0,0.0,0.0,269,35.75468826293945,fresh_online_exploration,13,16,1.0,1.0,10.423237800598145,5.084417819976807,6.386591911315918
180864,49,1.0031073093414307,1.0031073093414307,1.0062057971954346,0.0030986519996076822,1.0,1.0,0.0,0.0,0.0,267,35.74291229248047,fresh_online_exploration,13,16,1.0,1.0,10.47278118133545,5.112452983856201,6.452517986297607
180960,1,1.005412220954895,1.005412220954895,1.0068998336791992,0.001487759524025023,1.0,1.0,0.0,0.0,0.0,269,35.77927017211914,fresh_online_exploration,13,16,1.0,1.0,10.427300453186035,5.0872802734375,6.3914875984191895
180960,61,1.0005321502685547,1.0005321502685547,1.0039350986480713,0.003402883652597666,1.0,1.0,0.0,0.0,0.0,268,35.682979583740234,fresh_online_exploration,13,16,1.0,1.0,10.447027206420898,5.105056285858154,6.368312358856201
180960,74,1.0057392120361328,1.0057392120361328,1.0062087774276733,0.0004696000542026013,1.0,1.0,0.0,0.0,0.0,269,35.80873489379883,fresh_online_exploration,13,16,1.0,1.0,10.452862739562988,5.0586466789245605,6.34461784362793
181056,80,1.0035778284072876,1.0035778284072876,1.0051155090332031,0.0015375992516055703,1.0,1.0,0.0,0.0,0.0,270,35.770423889160156,fresh_online_exploration,13,16,1.0,1.0,10.488691329956055,5.08040714263916,6.300014019012451
181152,58,1.0019603967666626,1.0019603967666626,1.0019714832305908,1.1158768757013604e-05,1.0,1.0,0.0,0.0,0.0,268,35.65342712402344,fresh_online_exploration,13,16,1.0,1.0,10.42805004119873,5.101015090942383,6.422595977783203
181248,47,1.0035747289657593,1.0035747289657593,1.0109881162643433,0.007413463667035103,1.0,1.0,0.0,0.0,0.0,267,35.701820373535156,fresh_online_exploration,13,16,1.0,1.0,10.37867546081543,5.144814491271973,6.485067367553711
181248,63,1.0025893449783325,1.0025893449783325,1.002712607383728,0.00012320787936914712,1.0,1.0,0.0,0.0,0.0,271,35.79859161376953,fresh_online_exploration,13,16,1.0,1.0,10.482874870300293,5.098423480987549,6.345588207244873
181344,35,1.0044323205947876,1.0044323205947876,1.0045936107635498,0.0001613753556739539,1.0,1.0,0.0,0.0,0.0,270,35.81165313720703,fresh_online_exploration,13,16,1.0,1.0,10.459115982055664,5.116246223449707,6.3393235206604
181440,33,1.0052211284637451,1.0052211284637451,1.0053598880767822,0.0001387885567964986,1.0,1.0,0.0,0.0,0.0,268,35.77553939819336,fresh_online_exploration,13,16,1.0,1.0,10.413360595703125,5.134162902832031,6.388483047485352
181440,81,1.0050439834594727,1.0050439834594727,1.0051740407943726,0.00013006215158384293,1.0,1.0,0.0,0.0,0.0,271,35.83613967895508,fresh_online_exploration,13,16,1.0,1.0,10.438288688659668,5.0830488204956055,6.266613960266113
181632,36,1.002685546875,1.002685546875,1.013244867324829,0.01055931393057108,1.0,1.0,0.0,0.0,0.0,269,35.66708755493164,fresh_online_exploration,13,16,1.0,1.0,10.400142669677734,5.1412177085876465,6.406679153442383
182112,83,1.0019770860671997,1.0019770860671997,1.0045771598815918,0.0026001359801739454,1.0,1.0,0.0,0.0,0.0,269,35.7850341796875,fresh_online_exploration,13,16,1.0,1.0,10.408194541931152,5.13041353225708,6.27678108215332
182208,5,1.0011204481124878,1.0011204481124878,1.0013067722320557,0.00018630630802363157,1.0,1.0,0.0,0.0,0.0,268,35.723602294921875,fresh_online_exploration,13,16,1.0,1.0,10.39706039428711,5.11625337600708,6.377837181091309
182496,65,1.0017868280410767,1.0017868280410767,1.0019917488098145,0.0002048988826572895,1.0,1.0,0.0,0.0,0.0,272,35.80643844604492,fresh_online_exploration,13,16,1.0,1.0,10.400416374206543,5.163301944732666,6.234196662902832
185568,77,1.004727840423584,1.004727840423584,1.014770269393921,0.01004257332533598,1.0,1.0,0.0,0.0,0.0,264,35.61316680908203,fresh_online_exploration,14,16,1.0,1.0,10.396268844604492,5.16041374206543,6.6096415519714355
185664,72,1.000750184059143,1.000750184059143,1.0007636547088623,1.3479085282597225e-05,1.0,1.0,0.0,0.0,0.0,269,35.67477798461914,fresh_online_exploration,13,16,1.0,1.0,10.516512870788574,5.10410737991333,6.329390525817871
185856,27,1.0053526163101196,1.0053526163101196,1.0099362134933472,0.0045835780911147594,1.0,1.0,0.0,0.0,0.0,269,35.768409729003906,fresh_online_exploration,13,16,1.0,1.0,10.457985877990723,5.128213405609131,6.360981464385986
186240,85,1.001343846321106,1.001343846321106,1.0015664100646973,0.0002225804200861603,1.0,1.0,0.0,0.0,0.0,267,35.7051887512207,fresh_online_exploration,14,16,1.0,1.0,10.449031829833984,5.118618488311768,6.409150123596191
186336,20,1.0003504753112793,1.0003504753112793,1.0032947063446045,0.0029441739898175,1.0,1.0,0.0,0.0,0.0,266,35.607147216796875,fresh_online_exploration,14,16,1.0,1.0,10.412217140197754,5.134879112243652,6.455255031585693
186336,50,1.0057212114334106,1.0057212114334106,1.0057326555252075,1.1390367944841273e-05,1.0,1.0,0.0,0.0,0.0,266,35.703834533691406,fresh_online_exploration,14,16,1.0,1.0,10.497566223144531,5.120312213897705,6.550577640533447
186432,45,1.0001808404922485,1.0001808404922485,1.001688838005066,0.0015079934382811189,1.0,1.0,0.0,0.0,0.0,266,35.60370635986328,fresh_online_exploration,14,16,1.0,1.0,10.43244457244873,5.108910083770752,6.431581020355225
186432,54,1.0051194429397583,1.0051194429397583,1.005126953125,7.52598589315312e-06,1.0,1.0,0.0,0.0,0.0,269,35.65348434448242,fresh_online_exploration,14,16,1.0,1.0,10.538458824157715,5.1226487159729,6.364373683929443
186432,57,0.021081173792481422,7.156282677556192e-09,0.024134309962391853,0.024134313687682152,7.156282677556192e-09,0.0,0.0,1.0,1.0,600,1.046990990638733,fresh_online_exploration,10,16,2.504698937144667e-09,0.0,0.11923113465309143,4.896870136260986,0.4744003415107727
186624,10,1.003029704093933,1.003029704093933,1.00783109664917,0.004801307804882526,1.0,1.0,0.0,0.0,0.0,270,35.74757766723633,fresh_online_exploration,14,16,1.0,1.0,10.497444152832031,5.102569580078125,6.264200210571289
186624,14,1.0016978979110718,1.0016978979110718,1.001723051071167,2.5181725504808128e-05,1.0,1.0,0.0,0.0,0.0,266,35.67975616455078,fresh_online_exploration,14,16,1.0,1.0,10.37942886352539,5.1525373458862305,6.441064357757568
187008,93,1.0040111541748047,1.0040111541748047,1.004320740699768,0.0003095518914051354,1.0,1.0,0.0,0.0,0.0,270,35.803977966308594,fresh_online_exploration,14,16,1.0,1.0,10.461430549621582,5.134491920471191,6.293694972991943
187104,44,1.0059623718261719,1.0059623718261719,1.0059781074523926,1.5783680282766e-05,1.0,1.0,0.0,0.0,0.0,269,35.77562713623047,fresh_online_exploration,14,16,1.0,1.0,10.479272842407227,5.076955318450928,6.355380535125732
187392,76,1.0038604736328125,1.0038604736328125,1.0038690567016602,8.515507033735048e-06,1.0,1.0,0.0,0.0,0.0,268,35.75505447387695,fresh_online_exploration,14,16,1.0,1.0,10.451827049255371,5.1187591552734375,6.361296653747559
187680,60,0.03717295080423355,0.036427825689315796,0.05240707844495773,0.01597924530506134,0.036427825689315796,0.0,0.0,1.0,1.0,600,1.819557547569275,fresh_online_exploration,10,16,0.012749738991260529,0.0,0.15329737961292267,4.925156116485596,0.47675907611846924
192096,17,1.0034807920455933,1.0034807920455933,1.0141329765319824,0.010652191936969757,1.0,1.0,0.0,0.0,0.0,267,35.660179138183594,fresh_online_exploration,14,17,1.0,1.0,10.453271865844727,5.163581371307373,6.52738618850708
192096,19,1.0050768852233887,1.0050768852233887,1.0051319599151611,5.506716843228787e-05,1.0,1.0,0.0,0.0,0.0,267,35.73640441894531,fresh_online_exploration,14,17,1.0,1.0,10.438711166381836,5.182912826538086,6.363863945007324
192288,24,0.012583461590111256,4.581407253567704e-09,0.012592910788953304,0.012592913582921028,4.581407253567704e-09,0.0,0.0,1.0,1.0,600,1.0558488368988037,fresh_online_exploration,11,17,1.6034925387486965e-09,0.0,0.07521462440490723,4.973826885223389,0.4671311676502228
192480,9,1.0022599697113037,1.0022599697113037,1.0057176351547241,0.003457671729847789,1.0,1.0,0.0,0.0,0.0,268,35.7103157043457,fresh_online_exploration,14,17,1.0,1.0,10.479021072387695,5.1160054206848145,6.405192852020264
192576,25,0.015027392655611038,1.546949768282957e-08,0.015037791803479195,0.015037773177027702,1.546949768282957e-08,0.0,0.0,1.0,1.0,600,1.0527691841125488,fresh_online_exploration,11,17,5.414324188990349e-09,0.0,0.06532029807567596,4.906430244445801,0.46641066670417786
192672,2,0.011704709380865097,7.197919149604104e-09,0.011713942512869835,0.011713938787579536,7.197919149604104e-09,0.0,0.0,1.0,1.0,600,1.0636699199676514,fresh_online_exploration,11,17,2.5192717023614363e-09,0.0,0.04941273108124733,4.943682670593262,0.4661325216293335
197664,53,1.0035549402236938,1.0035549402236938,1.0036720037460327,0.00011709793034242466,1.0,1.0,0.0,0.0,0.0,273,35.83443069458008,fresh_online_exploration,15,17,1.0,1.0,10.415742874145508,5.150136470794678,6.189296722412109
198624,7,0.03095976449549198,0.0016393230762332678,0.06493054330348969,0.06329122185707092,0.0016393230762332678,0.0,1.0,1.0,1.0,600,1.1359535455703735,fresh_online_exploration,12,17,0.0005737630766816437,0.0,0.0329618975520134,4.974208354949951,0.48220714926719666
198720,18,0.01803729683160782,6.875865210531629e-09,0.021634208038449287,0.021634211763739586,6.875865210531629e-09,0.0,0.0,1.0,1.0,600,1.0644370317459106,fresh_online_exploration,12,17,2.40655282368607e-09,0.0,0.06265642493963242,5.018326282501221,0.48195841908454895
202560,90,1.0004464387893677,1.0004464387893677,1.000458002090454,1.1606800399022177e-05,1.0,1.0,0.0,0.0,0.0,265,35.53841018676758,fresh_online_exploration,15,18,1.0,1.0,10.474560737609863,5.070919036865234,6.465950965881348
203232,64,1.0038169622421265,1.0038169622421265,1.0094834566116333,0.005666485987603664,1.0,1.0,0.0,0.0,0.0,267,35.72417068481445,fresh_online_exploration,15,18,1.0,1.0,10.432551383972168,5.058203220367432,6.48079776763916
203712,46,1.0017852783203125,1.0017852783203125,1.0042810440063477,0.0024958266876637936,1.0,1.0,0.0,0.0,0.0,267,35.638492584228516,fresh_online_exploration,15,18,1.0,1.0,10.469934463500977,5.120166301727295,6.457704067230225
204000,6,1.0037466287612915,1.0037466287612915,1.004634141921997,0.0008874362101778388,1.0,1.0,0.0,0.0,0.0,267,35.60244369506836,fresh_online_exploration,15,18,1.0,1.0,10.507752418518066,5.110462188720703,6.5011444091796875
204096,8,1.001588225364685,1.001588225364685,1.0081690549850464,0.006580787245184183,1.0,1.0,0.0,0.0,0.0,266,35.54218292236328,fresh_online_exploration,15,18,1.0,1.0,10.499459266662598,5.122478485107422,6.506414890289307
204384,87,1.0058356523513794,1.0058356523513794,1.0061109066009521,0.00027527473866939545,1.0,1.0,0.0,0.0,0.0,268,35.77280044555664,fresh_online_exploration,15,18,1.0,1.0,10.426426887512207,5.085893630981445,6.443358421325684
205248,3,1.0027168989181519,1.0027168989181519,1.0146698951721191,0.011953029781579971,1.0,1.0,0.0,0.0,0.0,270,35.724735260009766,fresh_online_exploration,15,18,1.0,1.0,10.502942085266113,5.105815410614014,6.3051042556762695
205248,38,1.0029817819595337,1.0029817819595337,1.0029916763305664,9.895199582388159e-06,1.0,1.0,0.0,0.0,0.0,268,35.69828796386719,fresh_online_exploration,15,18,1.0,1.0,10.503910064697266,5.090289115905762,6.372559547424316
205248,69,1.0013386011123657,1.0013386011123657,1.0131008625030518,0.01176217757165432,1.0,1.0,0.0,0.0,0.0,270,35.61981201171875,fresh_online_exploration,15,18,1.0,1.0,10.479814529418945,5.072563648223877,6.366490840911865
205344,0,1.0005130767822266,1.0005130767822266,1.000678539276123,0.0001653999206610024,1.0,1.0,0.0,0.0,0.0,268,35.65657043457031,fresh_online_exploration,15,18,1.0,1.0,10.475386619567871,5.082849502563477,6.320082664489746
205344,34,1.0045140981674194,1.0045140981674194,1.0097694396972656,0.0052553038112819195,1.0,1.0,0.0,0.0,0.0,268,35.6767692565918,fresh_online_exploration,15,18,1.0,1.0,10.533649444580078,5.060248851776123,6.453049182891846
205344,84,1.0054188966751099,1.0054188966751099,1.0087584257125854,0.003339545801281929,1.0,1.0,0.0,0.0,0.0,270,35.78704833984375,fresh_online_exploration,15,18,1.0,1.0,10.519312858581543,5.11661434173584,6.368549346923828
205344,89,1.004507303237915,1.004507303237915,1.0047708749771118,0.0002635333512444049,1.0,1.0,0.0,0.0,0.0,268,35.73198318481445,fresh_online_exploration,15,18,1.0,1.0,10.457327842712402,5.047755718231201,6.383692741394043
205440,52,1.0020538568496704,1.0020538568496704,1.005736231803894,0.003682414535433054,1.0,1.0,0.0,0.0,0.0,268,35.684791564941406,fresh_online_exploration,15,18,1.0,1.0,10.472864151000977,5.131485462188721,6.44468355178833
205440,82,1.000565528869629,1.000565528869629,1.0005824565887451,1.694379716354888e-05,1.0,1.0,0.0,0.0,0.0,267,35.65789031982422,fresh_online_exploration,15,18,1.0,1.0,10.434803009033203,5.091817855834961,6.316174030303955
205536,11,1.002907633781433,1.002907633781433,1.0032973289489746,0.00038970730383880436,1.0,1.0,0.0,0.0,0.0,270,35.767494201660156,fresh_online_exploration,15,18,1.0,1.0,10.50448226928711,5.081602096557617,6.255436897277832
205536,13,1.0001972913742065,1.0001972913742065,1.0006113052368164,0.0004139668890275061,1.0,1.0,0.0,0.0,0.0,270,35.67395782470703,fresh_online_exploration,15,18,1.0,1.0,10.480565071105957,5.040639400482178,6.297625541687012
205536,42,1.0012661218643188,1.0012661218643188,1.001625895500183,0.00035980981192551553,1.0,1.0,0.0,0.0,0.0,269,35.72040557861328,fresh_online_exploration,15,18,1.0,1.0,10.475218772888184,5.12880277633667,6.2825422286987305
205536,68,1.0045901536941528,1.0045901536941528,1.0046017169952393,1.1651925888145342e-05,1.0,1.0,0.0,0.0,0.0,269,35.7021598815918,fresh_online_exploration,15,18,1.0,1.0,10.542460441589355,5.135507583618164,6.4438018798828125
205728,21,1.0016822814941406,1.0016822814941406,1.0018653869628906,0.00018313148757442832,1.0,1.0,0.0,0.0,0.0,271,35.76850891113281,fresh_online_exploration,15,18,1.0,1.0,10.532631874084473,5.156956195831299,6.244779109954834
205728,23,1.005920648574829,1.005920648574829,1.0060145854949951,9.381779818795621e-05,1.0,1.0,0.0,0.0,0.0,271,35.839569091796875,fresh_online_exploration,15,18,1.0,1.0,10.494075775146484,5.124898433685303,6.272085666656494
205728,56,1.005129098892212,1.005129098892212,1.0053691864013672,0.0002400965749984607,1.0,1.0,0.0,0.0,0.0,266,35.70649719238281,fresh_online_exploration,16,18,1.0,1.0,10.468771934509277,5.1379780769348145,6.470792293548584
205728,66,1.0038237571716309,1.0038237571716309,1.0062217712402344,0.002398007782176137,1.0,1.0,0.0,0.0,0.0,266,35.66242980957031,fresh_online_exploration,16,18,1.0,1.0,10.47967529296875,5.164176940917969,6.469269275665283
205824,14,1.0045745372772217,1.0045745372772217,1.0047221183776855,0.00014761858619749546,1.0,1.0,0.0,0.0,0.0,200,33.932918548583984,fresh_online_exploration,16,18,1.0,1.0,8.502564430236816,5.143874168395996,9.63149642944336
205824,71,1.0018278360366821,1.0018278360366821,1.0045959949493408,0.002768161240965128,1.0,1.0,0.0,0.0,0.0,268,35.67271423339844,fresh_online_exploration,16,18,1.0,1.0,10.463628768920898,5.038438320159912,6.365016937255859
205824,86,1.000947117805481,1.000947117805481,1.0012805461883545,0.00033350646845065057,1.0,1.0,0.0,0.0,0.0,269,35.676544189453125,fresh_online_exploration,15,18,1.0,1.0,10.519887924194336,5.122610569000244,6.318220615386963
205920,4,1.0015796422958374,1.0015796422958374,1.0018415451049805,0.0002619145670905709,1.0,1.0,0.0,0.0,0.0,269,35.695858001708984,fresh_online_exploration,16,18,1.0,1.0,10.478456497192383,5.080346584320068,6.284619331359863
205920,48,1.0006440877914429,1.0006440877914429,1.001644253730774,0.0010001763002946973,1.0,1.0,0.0,0.0,0.0,270,35.68791961669922,fresh_online_exploration,15,18,1.0,1.0,10.494986534118652,5.115567207336426,6.2781267166137695
205920,75,1.0000159740447998,1.0000159740447998,1.007420301437378,0.007404281757771969,1.0,1.0,0.0,0.0,0.0,269,35.68931579589844,fresh_online_exploration,16,18,1.0,1.0,10.51736831665039,5.068629741668701,6.400115489959717
206016,43,1.0010249614715576,1.0010249614715576,1.0010418891906738,1.69062059285352e-05,1.0,1.0,0.0,0.0,0.0,269,35.716529846191406,fresh_online_exploration,16,18,1.0,1.0,10.492398262023926,5.148852348327637,6.314536094665527
206112,26,1.0033656358718872,1.0033656358718872,1.006791114807129,0.0034256677608937025,1.0,1.0,0.0,0.0,0.0,268,35.67578887939453,fresh_online_exploration,16,18,1.0,1.0,10.509732246398926,5.101367473602295,6.469066619873047
206112,30,1.0005542039871216,1.0005542039871216,1.0032262802124023,0.0026720191817730665,1.0,1.0,0.0,0.0,0.0,269,35.6729850769043,fresh_online_exploration,16,18,1.0,1.0,10.503252983093262,5.10804557800293,6.325664520263672
206112,79,1.0042909383773804,1.0042909383773804,1.0045913457870483,0.000300376967061311,1.0,1.0,0.0,0.0,0.0,272,35.844058990478516,fresh_online_exploration,15,18,1.0,1.0,10.524542808532715,5.105226039886475,6.2083539962768555
206208,12,1.0047612190246582,1.0047612190246582,1.0049012899398804,0.00014009338337928057,1.0,1.0,0.0,0.0,0.0,270,35.78350067138672,fresh_online_exploration,16,18,1.0,1.0,10.469764709472656,5.101088523864746,6.311108589172363
206208,15,1.0018367767333984,1.0018367767333984,1.0026193857192993,0.000782555784098804,1.0,1.0,0.0,0.0,0.0,267,35.660675048828125,fresh_online_exploration,16,18,1.0,1.0,10.473672866821289,5.193278789520264,6.434671878814697
206208,29,1.0057125091552734,1.0057125091552734,1.0060324668884277,0.0003198758349753916,1.0,1.0,0.0,0.0,0.0,272,35.8311653137207,fresh_online_exploration,16,18,1.0,1.0,10.576860427856445,5.039101600646973,6.288032054901123
206208,40,1.005955457687378,1.005955457687378,1.0061211585998535,0.00016564172983635217,1.0,1.0,0.0,0.0,0.0,269,35.8110466003418,fresh_online_exploration,16,18,1.0,1.0,10.516656875610352,5.121304512023926,6.432952880859375
206208,51,1.0026583671569824,1.0026583671569824,1.0059051513671875,0.0032467618584632874,1.0,1.0,0.0,0.0,0.0,268,35.70701217651367,fresh_online_exploration,16,18,1.0,1.0,10.524617195129395,5.081634521484375,6.464749813079834
206208,59,1.004729151725769,1.004729151725769,1.006218433380127,0.0014892630279064178,1.0,1.0,0.0,0.0,0.0,270,35.74168395996094,fresh_online_exploration,16,18,1.0,1.0,10.510977745056152,5.072836399078369,6.334784030914307
206208,67,1.0026017427444458,1.0026017427444458,1.004786491394043,0.002184715121984482,1.0,1.0,0.0,0.0,0.0,270,35.74810791015625,fresh_online_exploration,16,18,1.0,1.0,10.489042282104492,5.1402459144592285,6.298199653625488
206208,70,1.0044927597045898,1.0044927597045898,1.0046037435531616,0.0001109975200961344,1.0,1.0,0.0,0.0,0.0,270,35.80168533325195,fresh_online_exploration,16,18,1.0,1.0,10.453594207763672,5.115574836730957,6.301339149475098
206304,32,1.0014512538909912,1.0014512538909912,1.0014863014221191,3.498644946375862e-05,1.0,1.0,0.0,0.0,0.0,270,35.72248458862305,fresh_online_exploration,16,18,1.0,1.0,10.482248306274414,5.137025356292725,6.288245677947998
206304,62,1.0030186176300049,1.0030186176300049,1.006455659866333,0.003437014063820243,1.0,1.0,0.0,0.0,0.0,269,35.70307922363281,fresh_online_exploration,16,18,1.0,1.0,10.522339820861816,5.091067314147949,6.434626579284668
206400,37,1.0056865215301514,1.0056865215301514,1.010117530822754,0.0044311159290373325,1.0,1.0,0.0,0.0,0.0,268,35.78138732910156,fresh_online_exploration,16,18,1.0,1.0,10.442874908447266,5.039368629455566,6.397379398345947
206496,16,1.0055601596832275,1.0055601596832275,1.0059361457824707,0.00037589584826491773,1.0,1.0,0.0,0.0,0.0,271,35.823734283447266,fresh_online_exploration,16,18,1.0,1.0,10.484688758850098,5.089827060699463,6.305620193481445
206496,31,1.0016436576843262,1.0016436576843262,1.0028622150421143,0.0012185911182314157,1.0,1.0,0.0,0.0,0.0,269,35.63315963745117,fresh_online_exploration,16,18,1.0,1.0,10.519486427307129,5.0391669273376465,6.376631736755371
206496,41,1.0004287958145142,1.0004287958145142,1.0064303874969482,0.006001637317240238,1.0,1.0,0.0,0.0,0.0,270,35.65626907348633,fresh_online_exploration,16,18,1.0,1.0,10.503067016601562,5.1809163093566895,6.355130195617676
206496,78,1.002081274986267,1.002081274986267,1.0021004676818848,1.9271134078735486e-05,1.0,1.0,0.0,0.0,0.0,269,35.69783401489258,fresh_online_exploration,16,18,1.0,1.0,10.473362922668457,5.012519359588623,6.3275580406188965
206496,91,1.0016320943832397,1.0016320943832397,1.0019190311431885,0.00028689176542684436,1.0,1.0,0.0,0.0,0.0,270,35.704402923583984,fresh_online_exploration,16,18,1.0,1.0,10.494074821472168,5.161374092102051,6.298583984375
206496,95,1.0007054805755615,1.0007054805755615,1.0057263374328613,0.005020864307880402,1.0,1.0,0.0,0.0,0.0,271,35.784400939941406,fresh_online_exploration,16,18,1.0,1.0,10.500913619995117,5.109865188598633,6.319390773773193
206688,73,1.0030885934829712,1.0030885934829712,1.0031723976135254,8.383631211472675e-05,1.0,1.0,0.0,0.0,0.0,270,35.724647521972656,fresh_online_exploration,16,18,1.0,1.0,10.50777530670166,5.083352088928223,6.36361026763916
206688,88,1.0001369714736938,1.0001369714736938,1.0001473426818848,1.0472255780769046e-05,1.0,1.0,0.0,0.0,0.0,271,35.6918830871582,fresh_online_exploration,16,18,1.0,1.0,10.532683372497559,5.050252437591553,6.253044605255127
206688,94,1.0047738552093506,1.0047738552093506,1.0050222873687744,0.0002484043943695724,1.0,1.0,0.0,0.0,0.0,271,35.71411895751953,fresh_online_exploration,16,18,1.0,1.0,10.554966926574707,5.025726795196533,6.336328983306885
206784,1,1.0020817518234253,1.0020817518234253,1.00221586227417,0.00013410266546998173,1.0,1.0,0.0,0.0,0.0,269,35.70448684692383,fresh_online_exploration,16,18,1.0,1.0,10.46320629119873,5.032525539398193,6.344052314758301
206784,55,1.0004684925079346,1.0004684925079346,1.0008392333984375,0.00037066268851049244,1.0,1.0,0.0,0.0,0.0,272,35.80964279174805,fresh_online_exploration,16,18,1.0,1.0,10.409239768981934,5.038208484649658,6.236965656280518
206976,61,1.0053590536117554,1.0053590536117554,1.0083022117614746,0.0029431104194372892,1.0,1.0,0.0,0.0,0.0,271,35.800411224365234,fresh_online_exploration,16,18,1.0,1.0,10.531758308410645,5.024571895599365,6.287056922912598
206976,74,1.0008223056793213,1.0008223056793213,1.0012047290802002,0.00038237354601733387,1.0,1.0,0.0,0.0,0.0,271,35.72162628173828,fresh_online_exploration,16,18,1.0,1.0,10.4873685836792,5.0437421798706055,6.23659610748291
207072,49,1.0035473108291626,1.0035473108291626,1.003820776939392,0.00027345310081727803,1.0,1.0,0.0,0.0,0.0,273,35.840179443359375,fresh_online_exploration,16,18,1.0,1.0,10.523073196411133,5.102174758911133,6.167293548583984
207072,80,1.0025837421417236,1.0025837421417236,1.0043771266937256,0.0017933790804818273,1.0,1.0,0.0,0.0,0.0,271,35.774810791015625,fresh_online_exploration,16,18,1.0,1.0,10.483651161193848,5.108183860778809,6.261468410491943
207168,63,1.0028939247131348,1.0028939247131348,1.0213655233383179,0.018471766263246536,1.0,1.0,0.0,0.0,0.0,270,35.65492630004883,fresh_online_exploration,16,18,1.0,1.0,10.515357971191406,5.121056079864502,6.407715797424316
207264,58,1.000736951828003,1.000736951828003,1.0008790493011475,0.00014208079664967954,1.0,1.0,0.0,0.0,0.0,272,35.726070404052734,fresh_online_exploration,16,18,1.0,1.0,10.53011417388916,5.13205099105835,6.245064735412598
207360,47,1.0032203197479248,1.0032203197479248,1.0032427310943604,2.239902642031666e-05,1.0,1.0,0.0,0.0,0.0,272,35.80773162841797,fresh_online_exploration,16,18,1.0,1.0,10.482780456542969,5.107147216796875,6.238659858703613
207360,81,1.0039887428283691,1.0039887428283691,1.0071508884429932,0.003162250854074955,1.0,1.0,0.0,0.0,0.0,270,35.85370635986328,fresh_online_exploration,16,18,1.0,1.0,10.49090576171875,5.107905864715576,6.303489685058594
207456,33,1.0053625106811523,1.0053625106811523,1.0055567026138306,0.00019413729023654014,1.0,1.0,0.0,0.0,0.0,271,35.8176383972168,fresh_online_exploration,16,18,1.0,1.0,10.501505851745605,5.0818305015563965,6.309751033782959
207648,35,1.0004023313522339,1.0004023313522339,1.0004485845565796,4.626922236639075e-05,1.0,1.0,0.0,0.0,0.0,274,35.80085754394531,fresh_online_exploration,16,18,1.0,1.0,10.486202239990234,5.093302249908447,6.094365119934082
207648,36,1.0001187324523926,1.0001187324523926,1.0004849433898926,0.00036616268334910274,1.0,1.0,0.0,0.0,0.0,271,35.76490783691406,fresh_online_exploration,16,18,1.0,1.0,10.42789077758789,5.026185512542725,6.282867431640625
208320,5,1.004533290863037,1.004533290863037,1.004765510559082,0.0002321302890777588,1.0,1.0,0.0,0.0,0.0,272,35.872344970703125,fresh_online_exploration,16,18,1.0,1.0,10.42054271697998,5.107136249542236,6.3004255294799805
208320,83,1.0033141374588013,1.0033141374588013,1.0067827701568604,0.0034687200095504522,1.0,1.0,0.0,0.0,0.0,273,35.90397262573242,fresh_online_exploration,16,18,1.0,1.0,10.422626495361328,5.1582136154174805,6.183750629425049
208704,65,1.002183198928833,1.002183198928833,1.0072617530822754,0.005078646820038557,1.0,1.0,0.0,0.0,0.0,273,35.826385498046875,fresh_online_exploration,16,18,1.0,1.0,10.47769546508789,5.136462688446045,6.270153522491455
211392,77,1.004886507987976,1.004886507987976,1.0049054622650146,1.8989405361935496e-05,1.0,1.0,0.0,0.0,0.0,269,35.77294921875,fresh_online_exploration,16,19,1.0,1.0,10.478255271911621,5.113205909729004,6.341327667236328
211776,27,1.0006868839263916,1.0006868839263916,1.0007507801055908,6.39510981272906e-05,1.0,1.0,0.0,0.0,0.0,270,35.69416809082031,fresh_online_exploration,16,19,1.0,1.0,10.480860710144043,5.155896186828613,6.264329433441162
211776,72,1.0046249628067017,1.0046249628067017,1.007575273513794,0.002950279973447323,1.0,1.0,0.0,0.0,0.0,272,35.798118591308594,fresh_online_exploration,16,19,1.0,1.0,10.54735279083252,5.084450721740723,6.317582607269287
211968,57,1.0049105882644653,1.0049105882644653,1.0081263780593872,0.00321580795571208,1.0,1.0,0.0,0.0,0.0,266,35.73884582519531,fresh_online_exploration,16,19,1.0,1.0,10.505940437316895,5.135994911193848,6.57310152053833
212160,50,1.0020051002502441,1.0020051002502441,1.0020158290863037,1.0722272236307617e-05,1.0,1.0,0.0,0.0,0.0,269,35.697845458984375,fresh_online_exploration,16,19,1.0,1.0,10.557320594787598,5.162093162536621,6.431525230407715
212160,54,1.0030359029769897,1.0030359029769897,1.003053903579712,1.8047170669888146e-05,1.0,1.0,0.0,0.0,0.0,268,35.659053802490234,fresh_online_exploration,16,19,1.0,1.0,10.533449172973633,5.171570777893066,6.43520450592041
212256,85,1.005412220954895,1.005412220954895,1.0072414875030518,0.0018293018219992518,1.0,1.0,0.0,0.0,0.0,271,35.85710144042969,fresh_online_exploration,16,19,1.0,1.0,10.461082458496094,5.185860633850098,6.318436622619629
212448,45,1.0053737163543701,1.0053737163543701,1.0055220127105713,0.0001483042142353952,1.0,1.0,0.0,0.0,0.0,271,35.807838439941406,fresh_online_exploration,16,19,1.0,1.0,10.522554397583008,5.181753635406494,6.278120040893555
212544,10,1.0033773183822632,1.0033773183822632,1.0081294775009155,0.004752160049974918,1.0,1.0,0.0,0.0,0.0,270,35.79187774658203,fresh_online_exploration,16,19,1.0,1.0,10.479846000671387,5.1711649894714355,6.3299241065979
212832,39,0.026448583230376244,0.00740367965772748,0.02707035094499588,0.019666671752929688,0.00740367965772748,0.0,0.0,1.0,1.0,600,1.2474197149276733,fresh_online_exploration,13,19,0.002591287880204618,0.0,-0.015348625369369984,5.116941928863525,0.4655645787715912
213024,44,1.0014171600341797,1.0014171600341797,1.0014559030532837,3.8710735680069774e-05,1.0,1.0,0.0,0.0,0.0,270,35.7301025390625,fresh_online_exploration,16,19,1.0,1.0,10.466838836669922,5.186858177185059,6.332218647003174
213024,93,1.0058026313781738,1.0058026313781738,1.0061469078063965,0.0003442112647462636,1.0,1.0,0.0,0.0,0.0,271,35.810001373291016,fresh_online_exploration,16,19,1.0,1.0,10.480998039245605,5.240633964538574,6.377840042114258
213600,60,1.0016804933547974,1.0016804933547974,1.0068371295928955,0.0051567163318395615,1.0,1.0,0.0,0.0,0.0,270,35.740535736083984,fresh_online_exploration,16,19,1.0,1.0,10.4348783493042,5.1627607345581055,6.35566520690918
213600,76,1.0029175281524658,1.0029175281524658,1.0063788890838623,0.003461336949840188,1.0,1.0,0.0,0.0,0.0,273,35.86187744140625,fresh_online_exploration,16,19,1.0,1.0,10.407651901245117,5.140575885772705,6.240131378173828
214368,22,0.045300763100385666,0.011288991197943687,0.06495045125484467,0.05366145819425583,0.011288991197943687,0.0,1.0,1.0,1.0,600,1.333345651626587,fresh_online_exploration,13,19,0.003951146919280291,0.0,-0.015956765040755272,5.195108890533447,0.48082804679870605
218208,25,1.0044329166412354,1.0044329166412354,1.004455327987671,2.2443071429734118e-05,1.0,1.0,0.0,0.0,0.0,267,35.711360931396484,fresh_online_exploration,17,19,1.0,1.0,10.476003646850586,5.150775909423828,6.4279913902282715
218304,9,1.0056852102279663,1.0056852102279663,1.0060992240905762,0.00041398630128242075,1.0,1.0,0.0,0.0,0.0,269,35.82195281982422,fresh_online_exploration,17,19,1.0,1.0,10.4946870803833,5.207557201385498,6.369359016418457
218592,2,1.0040003061294556,1.0040003061294556,1.0041414499282837,0.0001411557022947818,1.0,1.0,0.0,0.0,0.0,270,35.75099182128906,fresh_online_exploration,17,19,1.0,1.0,10.477020263671875,5.182321071624756,6.295865058898926
223584,53,1.0030498504638672,1.0030498504638672,1.0053839683532715,0.0023341213818639517,1.0,1.0,0.0,0.0,0.0,270,35.74809265136719,fresh_online_exploration,17,20,1.0,1.0,10.451058387756348,5.156590461730957,6.345959186553955
224160,92,0.038665901869535446,-1.1273817990264945e-10,0.06866899877786636,0.06866900622844696,0.0,0.0,1.0,1.0,1.0,600,1.1113309860229492,fresh_online_exploration,14,20,0.0,0.0,-0.09825019538402557,5.174496173858643,0.48293957114219666
224544,18,1.0025303363800049,1.0025303363800049,1.0028092861175537,0.00027891306672245264,1.0,1.0,0.0,0.0,0.0,269,35.73188018798828,fresh_online_exploration,17,20,1.0,1.0,10.509269714355469,5.182968616485596,6.3134636878967285
226368,90,1.0010522603988647,1.0010522603988647,1.0010638236999512,1.1549747796379961e-05,1.0,1.0,0.0,0.0,0.0,248,35.1324348449707,fresh_online_exploration,18,20,1.0,1.0,10.319689750671387,5.145468711853027,7.374429225921631
228672,83,1.0062849521636963,1.0062849521636963,1.0065619945526123,0.0002770341816358268,1.0,1.0,0.0,0.0,0.0,212,34.38801193237305,fresh_online_exploration,18,20,1.0,1.0,9.381322860717773,5.184936046600342,9.129408836364746
228768,64,1.0032093524932861,1.0032093524932861,1.006636619567871,0.0034273474011570215,1.0,1.0,0.0,0.0,0.0,266,35.65677261352539,fresh_online_exploration,18,20,1.0,1.0,10.49456787109375,5.210136890411377,6.564465045928955
229344,46,1.0051472187042236,1.0051472187042236,1.014367938041687,0.009220830164849758,1.0,1.0,0.0,0.0,0.0,267,35.73109436035156,fresh_online_exploration,18,20,1.0,1.0,10.507946968078613,5.202209949493408,6.5387420654296875
229728,6,1.0015525817871094,1.0015525817871094,1.0016653537750244,0.00011281263141427189,1.0,1.0,0.0,0.0,0.0,268,35.613121032714844,fresh_online_exploration,18,20,1.0,1.0,10.580002784729004,5.154477119445801,6.41157341003418
229728,8,1.0034879446029663,1.0034879446029663,1.0037803649902344,0.00029250700026750565,1.0,1.0,0.0,0.0,0.0,267,35.66572189331055,fresh_online_exploration,18,20,1.0,1.0,10.549023628234863,5.1403679847717285,6.406432628631592
230208,87,1.005445122718811,1.005445122718811,1.0087018013000488,0.0032567004673182964,1.0,1.0,0.0,0.0,0.0,269,35.777862548828125,fresh_online_exploration,18,21,1.0,1.0,10.559438705444336,5.171805381774902,6.4012627601623535
230592,84,1.0030008554458618,1.0030008554458618,1.006486415863037,0.0034854819532483816,1.0,1.0,0.0,0.0,0.0,263,35.595664978027344,fresh_online_exploration,18,21,1.0,1.0,10.496712684631348,5.19698429107666,6.661405563354492
230784,38,1.005368709564209,1.005368709564209,1.0054181814193726,4.943228486808948e-05,1.0,1.0,0.0,0.0,0.0,266,35.6505241394043,fresh_online_exploration,18,21,1.0,1.0,10.515752792358398,5.1693925857543945,6.540698051452637
230784,89,1.0053412914276123,1.0053412914276123,1.0057955980300903,0.00045429228339344263,1.0,1.0,0.0,0.0,0.0,265,35.69292449951172,fresh_online_exploration,18,21,1.0,1.0,10.469682693481445,5.184902191162109,6.545506000518799
230880,0,1.0016440153121948,1.0016440153121948,1.0034327507019043,0.0017888045404106379,1.0,1.0,0.0,0.0,0.0,266,35.66997528076172,fresh_online_exploration,18,21,1.0,1.0,10.475967407226562,5.194561004638672,6.495619773864746
230880,69,1.0043576955795288,1.0043576955795288,1.0075572729110718,0.0031995002645999193,1.0,1.0,0.0,0.0,0.0,267,35.71394348144531,fresh_online_exploration,18,21,1.0,1.0,10.515913009643555,5.173056125640869,6.539924144744873
230976,82,1.0006815195083618,1.0006815195083618,1.0022177696228027,0.0015362623380497098,1.0,1.0,0.0,0.0,0.0,266,35.601356506347656,fresh_online_exploration,18,21,1.0,1.0,10.51363468170166,5.206274032592773,6.495731353759766
231072,52,1.0006418228149414,1.0006418228149414,1.0007315874099731,8.974796946858987e-05,1.0,1.0,0.0,0.0,0.0,267,35.62221145629883,fresh_online_exploration,18,21,1.0,1.0,10.500792503356934,5.211434841156006,6.447483062744141
231168,3,1.0042645931243896,1.0042645931243896,1.0095033645629883,0.005238858517259359,1.0,1.0,0.0,0.0,0.0,270,35.79701614379883,fresh_online_exploration,18,21,1.0,1.0,10.49489688873291,5.1345014572143555,6.295350074768066
231168,34,1.0013996362686157,1.0013996362686157,1.0014111995697021,1.1601741789490916e-05,1.0,1.0,0.0,0.0,0.0,269,35.64177703857422,fresh_online_exploration,18,21,1.0,1.0,10.615925788879395,5.170340061187744,6.355504512786865
231264,4,1.0013314485549927,1.0013314485549927,1.0111653804779053,0.009833690710365772,1.0,1.0,0.0,0.0,0.0,264,35.534202575683594,fresh_online_exploration,18,21,1.0,1.0,10.507039070129395,5.125239849090576,6.5719828605651855
231264,13,1.001381754875183,1.001381754875183,1.0021698474884033,0.0007881566998548806,1.0,1.0,0.0,0.0,0.0,268,35.688873291015625,fresh_online_exploration,18,21,1.0,1.0,10.528489112854004,5.193205833435059,6.347660064697266
231360,11,1.001726508140564,1.001726508140564,1.001835584640503,0.00010907241812674329,1.0,1.0,0.0,0.0,0.0,269,35.710689544677734,fresh_online_exploration,18,21,1.0,1.0,10.524210929870605,5.181970596313477,6.314305782318115
231360,14,1.0035364627838135,1.0035364627838135,1.0035529136657715,1.649115620239172e-05,1.0,1.0,0.0,0.0,0.0,266,35.65286636352539,fresh_online_exploration,18,21,1.0,1.0,10.458610534667969,5.173733234405518,6.4348039627075195
231360,23,1.0008481740951538,1.0008481740951538,1.004304051399231,0.003455894999206066,1.0,1.0,0.0,0.0,0.0,267,35.63250732421875,fresh_online_exploration,18,21,1.0,1.0,10.529467582702637,5.191251754760742,6.47310733795166
231360,43,1.0008611679077148,1.0008611679077148,1.0027366876602173,0.0018755232449620962,1.0,1.0,0.0,0.0,0.0,264,35.51304244995117,fresh_online_exploration,18,21,1.0,1.0,10.504117965698242,5.192647933959961,6.599586009979248
231456,68,1.0041453838348389,1.0041453838348389,1.0041568279266357,1.1513378012750763e-05,1.0,1.0,0.0,0.0,0.0,270,35.703277587890625,fresh_online_exploration,18,21,1.0,1.0,10.551609992980957,5.2107930183410645,6.371781349182129
231552,21,1.00096595287323,1.00096595287323,1.004368782043457,0.003402888076379895,1.0,1.0,0.0,0.0,0.0,269,35.730770111083984,fresh_online_exploration,18,21,1.0,1.0,10.586798667907715,5.188333511352539,6.351657867431641
231552,56,1.0031118392944336,1.0031118392944336,1.0033259391784668,0.00021416613890323788,1.0,1.0,0.0,0.0,0.0,269,35.758872985839844,fresh_online_exploration,18,21,1.0,1.0,10.559208869934082,5.198976516723633,6.363514423370361
231552,86,1.0005824565887451,1.0005824565887451,1.0039663314819336,0.0033837833907455206,1.0,1.0,0.0,0.0,0.0,268,35.6911735534668,fresh_online_exploration,18,21,1.0,1.0,10.546914100646973,5.224304676055908,6.36444616317749
231648,66,1.0054398775100708,1.0054398775100708,1.005805492401123,0.0003657135821413249,1.0,1.0,0.0,0.0,0.0,270,35.81230926513672,fresh_online_exploration,18,21,1.0,1.0,10.520116806030273,5.1936469078063965,6.3130645751953125
231648,71,1.0028578042984009,1.0028578042984009,1.0031248331069946,0.00026704391348175704,1.0,1.0,0.0,0.0,0.0,269,35.72269821166992,fresh_online_exploration,18,21,1.0,1.0,10.502384185791016,5.212785243988037,6.360542297363281
231744,42,1.0014523267745972,1.0014523267745972,1.0020442008972168,0.0005918358801864088,1.0,1.0,0.0,0.0,0.0,273,35.776580810546875,fresh_online_exploration,18,21,1.0,1.0,10.55942153930664,5.176111221313477,6.146998405456543
231744,48,1.0043319463729858,1.0043319463729858,1.0044679641723633,0.00013592767936643213,1.0,1.0,0.0,0.0,0.0,269,35.770328521728516,fresh_online_exploration,18,21,1.0,1.0,10.553543090820312,5.141784191131592,6.324923038482666
231744,51,1.0009331703186035,1.0009331703186035,1.0040489435195923,0.003115701489150524,1.0,1.0,0.0,0.0,0.0,266,35.58009338378906,fresh_online_exploration,18,21,1.0,1.0,10.512175559997559,5.205114364624023,6.56632137298584
231744,75,1.0001895427703857,1.0001895427703857,1.0028514862060547,0.0026619022246450186,1.0,1.0,0.0,0.0,0.0,269,35.658260345458984,fresh_online_exploration,18,21,1.0,1.0,10.561227798461914,5.157004356384277,6.36456823348999
231744,79,1.0038363933563232,1.0038363933563232,1.0039944648742676,0.00015801205881871283,1.0,1.0,0.0,0.0,0.0,267,35.72551727294922,fresh_online_exploration,18,21,1.0,1.0,10.491083145141602,5.095417499542236,6.419735908508301
231936,12,1.0058828592300415,1.0058828592300415,1.0059640407562256,8.115871605696157e-05,1.0,1.0,0.0,0.0,0.0,268,35.76397705078125,fresh_online_exploration,18,21,1.0,1.0,10.528203010559082,5.2177019119262695,6.410620212554932
231936,32,1.0022045373916626,1.0022045373916626,1.0053499937057495,0.003145465860143304,1.0,1.0,0.0,0.0,0.0,267,35.662086486816406,fresh_online_exploration,18,21,1.0,1.0,10.492586135864258,5.218147277832031,6.51265287399292
231936,70,1.0031300783157349,1.0031300783157349,1.0321904420852661,0.029060374945402145,1.0,1.0,0.0,0.0,0.0,268,35.64606857299805,fresh_online_exploration,18,21,0.9935828864574433,0.9358288645744324,10.512354850769043,5.187207221984863,6.481126308441162
232032,15,1.0027954578399658,1.0027954578399658,1.0133130550384521,0.010517656803131104,1.0,1.0,0.0,0.0,0.0,269,35.72657012939453,fresh_online_exploration,18,21,1.0,1.0,10.517903327941895,5.177890777587891,6.38657283782959
232032,26,1.0005789995193481,1.0005789995193481,1.001870036125183,0.001291054766625166,1.0,1.0,0.0,0.0,0.0,270,35.692474365234375,fresh_online_exploration,18,21,1.0,1.0,10.532581329345703,5.139049530029297,6.3433837890625
232032,41,1.0013951063156128,1.0013951063156128,1.0069180727005005,0.00552299665287137,1.0,1.0,0.0,0.0,0.0,266,35.60449981689453,fresh_online_exploration,18,21,1.0,1.0,10.52432918548584,5.155567646026611,6.5019145011901855
232032,59,1.0028618574142456,1.0028618574142456,1.0029797554016113,0.00011799718049587682,1.0,1.0,0.0,0.0,0.0,269,35.69843292236328,fresh_online_exploration,18,21,1.0,1.0,10.535232543945312,5.230278491973877,6.386404991149902
232032,67,1.0048563480377197,1.0048563480377197,1.006664752960205,0.001808357541449368,1.0,1.0,0.0,0.0,0.0,269,35.78800964355469,fresh_online_exploration,18,21,1.0,1.0,10.545291900634766,5.202934741973877,6.394691467285156
232032,78,1.0008783340454102,1.0008783340454102,1.0044976472854614,0.0036192764528095722,1.0,1.0,0.0,0.0,0.0,266,35.66182327270508,fresh_online_exploration,18,21,1.0,1.0,10.493305206298828,5.1758856773376465,6.515322208404541
232128,29,1.0023119449615479,1.0023119449615479,1.0023832321166992,7.125328556867316e-05,1.0,1.0,0.0,0.0,0.0,270,35.7127685546875,fresh_online_exploration,18,21,1.0,1.0,10.612855911254883,5.253666400909424,6.319416522979736
232128,30,1.000514030456543,1.000514030456543,1.000669002532959,0.00015487076598219573,1.0,1.0,0.0,0.0,0.0,271,35.73173904418945,fresh_online_exploration,18,21,1.0,1.0,10.557735443115234,5.102292060852051,6.211130619049072
232128,62,1.005468487739563,1.005468487739563,1.005935788154602,0.00046727960580028594,1.0,1.0,0.0,0.0,0.0,269,35.77653503417969,fresh_online_exploration,18,21,1.0,1.0,10.494482040405273,5.216411590576172,6.354798316955566
232128,91,1.0054265260696411,1.0054265260696411,1.0060988664627075,0.0006723796250298619,1.0,1.0,0.0,0.0,0.0,267,35.73957824707031,fresh_online_exploration,18,21,1.0,1.0,10.474766731262207,5.162650108337402,6.463143348693848
232224,37,1.0024082660675049,1.0024082660675049,1.00620436668396,0.0037959646433591843,1.0,1.0,0.0,0.0,0.0,269,35.702125549316406,fresh_online_exploration,18,21,1.0,1.0,10.539737701416016,5.186676025390625,6.389650344848633
232224,40,1.0042641162872314,1.0042641162872314,1.0042896270751953,2.550685530877672e-05,1.0,1.0,0.0,0.0,0.0,271,35.757118225097656,fresh_online_exploration,18,21,1.0,1.0,10.593088150024414,5.191640377044678,6.361927032470703
232224,95,1.0030713081359863,1.0030713081359863,1.003480315208435,0.0004090074507985264,1.0,1.0,0.0,0.0,0.0,268,35.72311782836914,fresh_online_exploration,18,21,1.0,1.0,10.474976539611816,5.175809383392334,6.418995380401611
232320,31,1.0020365715026855,1.0020365715026855,1.0020473003387451,1.068821620719973e-05,1.0,1.0,0.0,0.0,0.0,269,35.6563720703125,fresh_online_exploration,18,21,1.0,1.0,10.534419059753418,5.153725624084473,6.353095054626465
232416,16,1.003881573677063,1.003881573677063,1.0072152614593506,0.0033336570486426353,1.0,1.0,0.0,0.0,0.0,270,35.80387496948242,fresh_online_exploration,18,21,1.0,1.0,10.519845962524414,5.180924892425537,6.414958953857422
232512,55,1.000812292098999,1.000812292098999,1.001020908355713,0.00020853153546340764,1.0,1.0,0.0,0.0,0.0,268,35.72335433959961,fresh_online_exploration,18,21,1.0,1.0,10.406757354736328,5.1848297119140625,6.399829864501953
232512,88,1.0022841691970825,1.0022841691970825,1.0022950172424316,1.0868563549593091e-05,1.0,1.0,0.0,0.0,0.0,269,35.669677734375,fresh_online_exploration,18,21,1.0,1.0,10.553351402282715,5.179205894470215,6.402717113494873
232608,73,1.0027397871017456,1.0027397871017456,1.012243390083313,0.009503569453954697,1.0,1.0,0.0,0.0,0.0,270,35.73379898071289,fresh_online_exploration,18,21,1.0,1.0,10.545519828796387,5.161142826080322,6.312452793121338
232704,1,1.0045422315597534,1.0045422315597534,1.0189602375030518,0.01441808883100748,1.0,1.0,0.0,0.0,0.0,270,35.755558013916016,fresh_online_exploration,18,21,1.0,1.0,10.501800537109375,5.18876838684082,6.41345739364624
232704,94,1.0041897296905518,1.0041897296905518,1.0144438743591309,0.010254289954900742,1.0,1.0,0.0,0.0,0.0,271,35.7215576171875,fresh_online_exploration,18,21,1.0,1.0,10.578330993652344,5.1757636070251465,6.387852668762207
232896,74,1.0053566694259644,1.0053566694259644,1.0086393356323242,0.00328251114115119,1.0,1.0,0.0,0.0,0.0,270,35.86833572387695,fresh_online_exploration,18,21,1.0,1.0,10.558348655700684,5.1593828201293945,6.387534141540527
232896,80,1.0007622241973877,1.0007622241973877,1.0011579990386963,0.00039573683170601726,1.0,1.0,0.0,0.0,0.0,269,35.67389678955078,fresh_online_exploration,18,21,1.0,1.0,10.562493324279785,5.09989595413208,6.324158191680908
233088,49,1.0043987035751343,1.0043987035751343,1.0064475536346436,0.0020487860310822725,1.0,1.0,0.0,0.0,0.0,271,35.83475875854492,fresh_online_exploration,18,21,1.0,1.0,10.550028800964355,5.062586307525635,6.284257411956787
233088,61,1.0040732622146606,1.0040732622146606,1.0054707527160645,0.0013975813053548336,1.0,1.0,0.0,0.0,0.0,272,35.801456451416016,fresh_online_exploration,18,21,1.0,1.0,10.585986137390137,5.159275054931641,6.245816230773926
233088,63,1.0043357610702515,1.0043357610702515,1.0044447183609009,0.00010895211744355038,1.0,1.0,0.0,0.0,0.0,270,35.77505874633789,fresh_online_exploration,18,21,1.0,1.0,10.555154800415039,5.172426700592041,6.334498882293701
233184,58,1.0001236200332642,1.0001236200332642,1.0003297328948975,0.00020607950864359736,1.0,1.0,0.0,0.0,0.0,270,35.680145263671875,fresh_online_exploration,18,21,1.0,1.0,10.543334007263184,5.171182632446289,6.2822489738464355
233280,47,1.0015872716903687,1.0015872716903687,1.0044066905975342,0.002819393528625369,1.0,1.0,0.0,0.0,0.0,270,35.73869705200195,fresh_online_exploration,18,21,1.0,1.0,10.536759376525879,5.1834516525268555,6.398489475250244
233280,81,1.0046947002410889,1.0046947002410889,1.0116276741027832,0.006932967808097601,1.0,1.0,0.0,0.0,0.0,270,35.8687744140625,fresh_online_exploration,18,21,1.0,1.0,10.48538589477539,5.188569068908691,6.363123416900635
233568,33,1.0054198503494263,1.0054198503494263,1.008841872215271,0.0034220656380057335,1.0,1.0,0.0,0.0,0.0,272,35.87477493286133,fresh_online_exploration,18,21,1.0,1.0,10.55466079711914,5.170867443084717,6.252723693847656
233568,35,1.0016499757766724,1.0016499757766724,1.0017857551574707,0.00013587391003966331,1.0,1.0,0.0,0.0,0.0,270,35.757484436035156,fresh_online_exploration,18,21,1.0,1.0,10.506653785705566,5.252662658691406,6.330084323883057
233664,36,1.001254677772522,1.001254677772522,1.0013518333435059,9.719288937048987e-05,1.0,1.0,0.0,0.0,0.0,271,35.79716491699219,fresh_online_exploration,18,21,1.0,1.0,10.478677749633789,5.245768070220947,6.310958385467529
234432,5,1.0037422180175781,1.0037422180175781,1.0054025650024414,0.0016603060066699982,1.0,1.0,0.0,0.0,0.0,272,35.90386962890625,fresh_online_exploration,18,21,1.0,1.0,10.425853729248047,5.233235836029053,6.312015056610107
234816,65,1.000345230102539,1.000345230102539,1.0006718635559082,0.0003266691928729415,1.0,1.0,0.0,0.0,0.0,272,35.76715850830078,fresh_online_exploration,18,21,1.0,1.0,10.47889232635498,5.23199987411499,6.234466075897217
237600,27,1.0003710985183716,1.0003710985183716,1.0005321502685547,0.0001609615865163505,1.0,1.0,0.0,0.0,0.0,269,35.6890869140625,fresh_online_exploration,19,21,1.0,1.0,10.557682991027832,5.195068359375,6.294100761413574
237600,54,1.0058156251907349,1.0058156251907349,1.0058345794677734,1.9023358618142083e-05,1.0,1.0,0.0,0.0,0.0,265,35.684417724609375,fresh_online_exploration,19,21,1.0,1.0,10.567896842956543,5.188145637512207,6.539218425750732
237600,57,1.0039924383163452,1.0039924383163452,1.0074999332427979,0.003507607849314809,1.0,1.0,0.0,0.0,0.0,267,35.72101974487305,fresh_online_exploration,19,21,1.0,1.0,10.547916412353516,5.256196975708008,6.4489288330078125
237792,72,1.0060938596725464,1.0060938596725464,1.0065925121307373,0.0004985738196410239,1.0,1.0,0.0,0.0,0.0,271,35.79096221923828,fresh_online_exploration,19,21,1.0,1.0,10.592561721801758,5.24154806137085,6.340694904327393
237792,85,1.0012974739074707,1.0012974739074707,1.0013149976730347,1.7526586816529743e-05,1.0,1.0,0.0,0.0,0.0,266,35.648292541503906,fresh_online_exploration,19,21,1.0,1.0,10.436015129089355,5.216999053955078,6.456171035766602
238080,28,0.02892169915139675,1.2320455766712257e-08,0.04553815349936485,0.04553815349936485,1.2320455766712257e-08,0.0,0.0,1.0,1.0,600,1.1155219078063965,fresh_online_exploration,16,21,4.31215951834929e-09,0.0,-0.13254576921463013,5.108882904052734,0.4745781421661377
238176,10,1.0000025033950806,1.0000025033950806,1.0001667737960815,0.0001642775459913537,1.0,1.0,0.0,0.0,0.0,267,35.63301086425781,fresh_online_exploration,19,21,1.0,1.0,10.51147747039795,5.194007873535156,6.384965419769287
238272,45,1.0030032396316528,1.0030032396316528,1.0030269622802734,2.3664499167352915e-05,1.0,1.0,0.0,0.0,0.0,269,35.710628509521484,fresh_online_exploration,19,21,1.0,1.0,10.50416088104248,5.209757328033447,6.347290515899658
238656,39,1.0046560764312744,1.0046560764312744,1.0124866962432861,0.00783068872988224,1.0,1.0,0.0,0.0,0.0,269,35.74159240722656,fresh_online_exploration,19,21,1.0,1.0,10.509132385253906,5.186514854431152,6.3749542236328125
238752,44,1.001450777053833,1.001450777053833,1.0015370845794678,8.631788659840822e-05,1.0,1.0,0.0,0.0,0.0,268,35.62834930419922,fresh_online_exploration,19,21,1.0,1.0,10.491793632507324,5.168679237365723,6.438316822052002
238944,93,1.0012685060501099,1.0012685060501099,1.0145525932312012,0.013283913023769855,1.0,1.0,0.0,0.0,0.0,270,35.72670364379883,fresh_online_exploration,19,21,1.0,1.0,10.499030113220215,5.175483703613281,6.366588115692139
239520,60,1.002811074256897,1.002811074256897,1.002905011177063,9.39641977311112e-05,1.0,1.0,0.0,0.0,0.0,270,35.77705383300781,fresh_online_exploration,19,21,1.0,1.0,10.456534385681152,5.176290512084961,6.313865661621094
240000,76,1.0049304962158203,1.0049304962158203,1.007131814956665,0.002201362745836377,1.0,1.0,0.0,0.0,0.0,275,35.961326599121094,fresh_online_exploration,19,21,1.0,1.0,10.468770980834961,5.196377754211426,6.176211357116699
240288,22,1.005467176437378,1.005467176437378,1.0100486278533936,0.004581469111144543,1.0,1.0,0.0,0.0,0.0,270,35.85981369018555,fresh_online_exploration,19,22,1.0,1.0,10.463709831237793,5.148931980133057,6.3209967613220215
243936,20,0.01362719014286995,7.842980487282603e-09,0.013636636547744274,0.013636631891131401,7.842980487282603e-09,0.0,0.0,1.0,1.0,600,1.0668493509292603,fresh_online_exploration,16,22,2.745043170548911e-09,0.0,-0.14512458443641663,5.146800518035889,0.5081385970115662
244416,9,1.0019795894622803,1.0019795894622803,1.0021088123321533,0.0001293360983254388,1.0,1.0,0.0,0.0,0.0,272,35.773048400878906,fresh_online_exploration,19,22,1.0,1.0,10.567901611328125,5.163754463195801,6.18319034576416
244416,25,1.0015206336975098,1.0015206336975098,1.0018972158432007,0.000376627198420465,1.0,1.0,0.0,0.0,0.0,273,35.78532028198242,fresh_online_exploration,19,22,1.0,1.0,10.58073616027832,5.190321445465088,6.150904655456543
244608,2,1.0036725997924805,1.0036725997924805,1.0040501356124878,0.00037756565143354237,1.0,1.0,0.0,0.0,0.0,271,35.85340881347656,fresh_online_exploration,19,22,1.0,1.0,10.509949684143066,5.1723175048828125,6.309170722961426
249408,53,1.0044481754302979,1.0044481754302979,1.004469871520996,2.170975312765222e-05,1.0,1.0,0.0,0.0,0.0,269,35.795005798339844,fresh_online_exploration,20,22,1.0,1.0,10.457820892333984,5.277872085571289,6.353538513183594
249696,17,0.03332551568746567,1.1249819825698282e-10,0.040762778371572495,0.040762778371572495,1.1249819825698282e-10,0.0,0.0,1.0,1.0,600,1.1086161136627197,fresh_online_exploration,17,22,3.937436938994399e-11,0.0,-0.1727442443370819,5.1689252853393555,0.46584126353263855
249696,19,0.04239678010344505,0.016605429351329803,0.04753977805376053,0.030934350565075874,0.016605429351329803,0.0,0.0,1.0,1.0,600,1.4338186979293823,fresh_online_exploration,17,22,0.0058119002729654316,0.0,-0.17393356561660767,5.19905424118042,0.4652017652988434
249888,24,7.338984869420528e-05,4.585363644338258e-09,8.662034088047221e-05,8.661574975121766e-05,4.585363644338258e-09,0.0,0.0,1.0,1.0,600,1.0698566436767578,fresh_online_exploration,17,22,1.6048772755183905e-09,0.0,-0.16402894258499146,5.195339202880859,0.4644552171230316
251808,90,1.0030791759490967,1.0030791759490967,1.00312077999115,4.160618846071884e-05,1.0,1.0,0.0,0.0,0.0,265,35.58246612548828,fresh_online_exploration,20,22,1.0,1.0,10.516597747802734,5.202475547790527,6.629960536956787
254400,64,1.003517746925354,1.003517746925354,1.0036206245422363,0.00010287811164744198,1.0,1.0,0.0,0.0,0.0,267,35.6384391784668,fresh_online_exploration,20,22,1.0,1.0,10.489232063293457,5.290701866149902,6.445785999298096
254976,83,1.0002706050872803,1.0002706050872803,1.0022857189178467,0.0020150344353169203,1.0,1.0,0.0,0.0,0.0,274,35.85023880004883,fresh_online_exploration,20,22,1.0,1.0,10.47680377960205,5.274388790130615,6.127906799316406
255072,6,1.0004074573516846,1.0004074573516846,1.0010472536087036,0.0006398221594281495,1.0,1.0,0.0,0.0,0.0,264,35.49702835083008,fresh_online_exploration,20,22,1.0,1.0,10.467695236206055,5.331334590911865,6.581807613372803
255168,46,1.0052988529205322,1.0052988529205322,1.0091938972473145,0.003895070869475603,1.0,1.0,0.0,0.0,0.0,269,35.755008697509766,fresh_online_exploration,20,22,1.0,1.0,10.524670600891113,5.274534225463867,6.460299015045166
255360,8,1.0045397281646729,1.0045397281646729,1.0046031475067139,6.342516280710697e-05,1.0,1.0,0.0,0.0,0.0,267,35.634605407714844,fresh_online_exploration,20,22,1.0,1.0,10.502636909484863,5.312210559844971,6.4477972984313965
255552,87,1.0020731687545776,1.0020731687545776,1.0039609670639038,0.0018877844559028745,1.0,1.0,0.0,0.0,0.0,264,35.57374954223633,fresh_online_exploration,21,22,1.0,1.0,10.466200828552246,5.3138108253479,6.55981969833374
256224,7,0.035503536462783813,0.008902491070330143,0.04915744066238403,0.040254950523376465,0.008902491070330143,0.0,0.0,1.0,1.0,600,1.2791154384613037,fresh_online_exploration,17,22,0.00311587187461555,0.0,-0.17711392045021057,5.164846897125244,0.48037782311439514
256320,89,1.0020278692245483,1.0020278692245483,1.0021079778671265,8.007603173609823e-05,1.0,1.0,0.0,0.0,0.0,266,35.6385612487793,fresh_online_exploration,21,22,1.0,1.0,10.451961517333984,5.1407151222229,6.441695213317871
256512,38,1.0014570951461792,1.0014570951461792,1.00150465965271,4.748882565763779e-05,1.0,1.0,0.0,0.0,0.0,268,35.566429138183594,fresh_online_exploration,21,22,1.0,1.0,10.527595520019531,5.1513352394104,6.363322734832764
256512,84,1.0008344650268555,1.0008344650268555,1.0042386054992676,0.003404176328331232,1.0,1.0,0.0,0.0,0.0,270,35.710968017578125,fresh_online_exploration,21,22,1.0,1.0,10.540117263793945,5.3084397315979,6.31739616394043
256608,69,1.0010473728179932,1.0010473728179932,1.0010895729064941,4.210717088426463e-05,1.0,1.0,0.0,0.0,0.0,268,35.66259002685547,fresh_online_exploration,21,22,1.0,1.0,10.483574867248535,5.249837875366211,6.333033561706543
256704,0,1.0027294158935547,1.0027294158935547,1.0028913021087646,0.0001618769601918757,1.0,1.0,0.0,0.0,0.0,269,35.70071029663086,fresh_online_exploration,21,22,1.0,1.0,10.500895500183105,5.251835346221924,6.347214221954346
256800,3,1.0044718980789185,1.0044718980789185,1.0044864416122437,1.4555484085576609e-05,1.0,1.0,0.0,0.0,0.0,267,35.689300537109375,fresh_online_exploration,21,22,1.0,1.0,10.496844291687012,5.218926429748535,6.405810832977295
256800,13,1.0035831928253174,1.0035831928253174,1.0043123960494995,0.0007291924557648599,1.0,1.0,0.0,0.0,0.0,266,35.65602111816406,fresh_online_exploration,21,22,1.0,1.0,10.479753494262695,5.227851867675781,6.50492000579834
256800,34,1.003993034362793,1.003993034362793,1.0040056705474854,1.2626521311176475e-05,1.0,1.0,0.0,0.0,0.0,267,35.644142150878906,fresh_online_exploration,21,22,1.0,1.0,10.544657707214355,5.21860933303833,6.4489288330078125
256896,4,1.0028173923492432,1.0028173923492432,1.0029621124267578,0.00014465836284216493,1.0,1.0,0.0,0.0,0.0,267,35.6815299987793,fresh_online_exploration,21,22,1.0,1.0,10.47987174987793,5.243522644042969,6.386647701263428
257088,23,1.0011060237884521,1.0011060237884521,1.0046758651733398,0.0035698004066944122,1.0,1.0,0.0,0.0,0.0,268,35.67993927001953,fresh_online_exploration,21,22,1.0,1.0,10.528242111206055,5.292380332946777,6.424167633056641
257088,86,1.0000274181365967,1.0000274181365967,1.0002734661102295,0.0002460796677041799,1.0,1.0,0.0,0.0,0.0,266,35.572975158691406,fresh_online_exploration,21,22,1.0,1.0,10.503376960754395,5.255175590515137,6.422821521759033
257184,11,1.002062201499939,1.002062201499939,1.0187187194824219,0.01665641739964485,1.0,1.0,0.0,0.0,0.0,269,35.60364532470703,fresh_online_exploration,21,22,1.0,1.0,10.532862663269043,5.262070655822754,6.392056465148926
257184,71,1.000815510749817,1.000815510749817,1.015432596206665,0.01461699977517128,1.0,1.0,0.0,0.0,0.0,266,35.619178771972656,fresh_online_exploration,21,22,1.0,1.0,10.45060920715332,5.254728317260742,6.508653163909912
257280,43,1.0048778057098389,1.0048778057098389,1.0080561637878418,0.003178355982527137,1.0,1.0,0.0,0.0,0.0,270,35.77476119995117,fresh_online_exploration,21,22,1.0,1.0,10.550189971923828,5.261499881744385,6.392770290374756
257280,52,1.001961350440979,1.001961350440979,1.00223970413208,0.0002783563395496458,1.0,1.0,0.0,0.0,0.0,273,35.77097702026367,fresh_online_exploration,21,22,1.0,1.0,10.569153785705566,5.204024314880371,6.212616443634033
257280,82,1.005400538444519,1.005400538444519,1.0058867931365967,0.00048632046673446894,1.0,1.0,0.0,0.0,0.0,274,35.858795166015625,fresh_online_exploration,21,22,1.0,1.0,10.57412052154541,5.165890693664551,6.154128074645996
257376,42,1.0052142143249512,1.0052142143249512,1.005462884902954,0.00024869799381121993,1.0,1.0,0.0,0.0,0.0,267,35.689697265625,fresh_online_exploration,21,22,1.0,1.0,10.506082534790039,5.253909587860107,6.478860855102539
257376,68,1.005307674407959,1.005307674407959,1.0143887996673584,0.009081204421818256,1.0,1.0,0.0,0.0,0.0,270,35.70892333984375,fresh_online_exploration,21,22,1.0,1.0,10.546398162841797,5.326296806335449,6.416045188903809
257376,75,1.0000498294830322,1.0000498294830322,1.001394510269165,0.0013447531964629889,1.0,1.0,0.0,0.0,0.0,267,35.570465087890625,fresh_online_exploration,21,22,1.0,1.0,10.502838134765625,5.268089294433594,6.448266506195068
257376,79,1.001792550086975,1.001792550086975,1.0019378662109375,0.00014542278950102627,1.0,1.0,0.0,0.0,0.0,267,35.64433288574219,fresh_online_exploration,21,22,1.0,1.0,10.462444305419922,5.246030807495117,6.425135612487793
257472,56,1.0060275793075562,1.0060275793075562,1.0065581798553467,0.0005304963560774922,1.0,1.0,0.0,0.0,0.0,270,35.79352569580078,fresh_online_exploration,21,22,1.0,1.0,10.510990142822266,5.257931709289551,6.358388423919678
257472,66,1.0011245012283325,1.0011245012283325,1.0056809186935425,0.004556374624371529,1.0,1.0,0.0,0.0,0.0,269,35.671905517578125,fresh_online_exploration,21,22,1.0,1.0,10.536865234375,5.249700546264648,6.348929405212402
257568,21,1.0038598775863647,1.0038598775863647,1.010829210281372,0.006969278212636709,1.0,1.0,0.0,0.0,0.0,271,35.76636505126953,fresh_online_exploration,21,22,1.0,1.0,10.545304298400879,5.265718936920166,6.3247785568237305
257568,48,1.0053458213806152,1.0053458213806152,1.005357265472412,1.1409029866626952e-05,1.0,1.0,0.0,0.0,0.0,269,35.77730941772461,fresh_online_exploration,21,22,1.0,1.0,10.5112943649292,5.24884033203125,6.369597434997559
257568,70,1.002697229385376,1.002697229385376,1.0051846504211426,0.0024874636437743902,1.0,1.0,0.0,0.0,0.0,267,35.679115295410156,fresh_online_exploration,21,22,1.0,1.0,10.459602355957031,5.245649814605713,6.416399002075195
257760,41,1.0000367164611816,1.0000367164611816,1.0000523328781128,1.5624749721609987e-05,1.0,1.0,0.0,0.0,0.0,268,35.64098358154297,fresh_online_exploration,21,22,1.0,1.0,10.517213821411133,5.267498970031738,6.36083459854126
257760,59,1.000461459159851,1.000461459159851,1.0005707740783691,0.0001093534956453368,1.0,1.0,0.0,0.0,0.0,268,35.633975982666016,fresh_online_exploration,21,22,1.0,1.0,10.49813175201416,5.233617782592773,6.349094390869141
257856,29,1.0038979053497314,1.0038979053497314,1.003909707069397,1.1786816685344093e-05,1.0,1.0,0.0,0.0,0.0,268,35.69319152832031,fresh_online_exploration,21,22,1.0,1.0,10.519165992736816,5.238648414611816,6.388388156890869
257856,32,1.0030187368392944,1.0030187368392944,1.0032689571380615,0.00025022763293236494,1.0,1.0,0.0,0.0,0.0,270,35.730812072753906,fresh_online_exploration,21,22,1.0,1.0,10.495841026306152,5.235289096832275,6.303065299987793
257856,51,1.0040210485458374,1.0040210485458374,1.0072178840637207,0.0031968234106898308,1.0,1.0,0.0,0.0,0.0,272,35.8447265625,fresh_online_exploration,21,22,1.0,1.0,10.558769226074219,5.249200820922852,6.282870769500732
257952,30,1.0044342279434204,1.0044342279434204,1.0048342943191528,0.000400086137233302,1.0,1.0,0.0,0.0,0.0,269,35.7674560546875,fresh_online_exploration,21,22,1.0,1.0,10.473968505859375,5.259115695953369,6.300058364868164
257952,40,1.0007925033569336,1.0007925033569336,1.0008187294006348,2.6302530386601575e-05,1.0,1.0,0.0,0.0,0.0,268,35.63779067993164,fresh_online_exploration,21,22,1.0,1.0,10.560049057006836,5.227556228637695,6.378868103027344
257952,67,1.003006935119629,1.003006935119629,1.0095503330230713,0.0065433550626039505,1.0,1.0,0.0,0.0,0.0,270,35.71710205078125,fresh_online_exploration,21,22,1.0,1.0,10.535025596618652,5.2615814208984375,6.302431106567383
258048,91,1.00184965133667,1.00184965133667,1.004096508026123,0.002246825722977519,1.0,1.0,0.0,0.0,0.0,270,35.67911148071289,fresh_online_exploration,21,22,1.0,1.0,10.530010223388672,5.235237121582031,6.287444591522217
258048,95,1.0002537965774536,1.0002537965774536,1.0029683113098145,0.00271454150788486,1.0,1.0,0.0,0.0,0.0,269,35.68251419067383,fresh_online_exploration,21,22,1.0,1.0,10.50715446472168,5.270567893981934,6.310545921325684
258144,12,1.005150318145752,1.005150318145752,1.0053800344467163,0.00022973665909375995,1.0,1.0,0.0,0.0,0.0,273,35.84151077270508,fresh_online_exploration,21,22,1.0,1.0,10.530351638793945,5.229986190795898,6.200073719024658
258144,26,1.0023391246795654,1.0023391246795654,1.0028119087219238,0.0004728078783955425,1.0,1.0,0.0,0.0,0.0,272,35.768470764160156,fresh_online_exploration,21,22,1.0,1.0,10.522093772888184,5.216273784637451,6.208772659301758
258144,31,1.0003160238265991,1.0003160238265991,1.0010569095611572,0.0007409511017613113,1.0,1.0,0.0,0.0,0.0,269,35.651649475097656,fresh_online_exploration,21,22,1.0,1.0,10.518412590026855,5.250117301940918,6.317821502685547
258144,62,1.0044280290603638,1.0044280290603638,1.0144388675689697,0.010010702535510063,1.0,1.0,0.0,0.0,0.0,271,35.722923278808594,fresh_online_exploration,21,22,1.0,1.0,10.540888786315918,5.2601237297058105,6.374179840087891
258240,15,1.0033637285232544,1.0033637285232544,1.0037651062011719,0.00040132427238859236,1.0,1.0,0.0,0.0,0.0,273,35.80442810058594,fresh_online_exploration,21,22,1.0,1.0,10.549311637878418,5.297632694244385,6.102489948272705
258240,73,1.0054572820663452,1.0054572820663452,1.0055824518203735,0.0001251505163963884,1.0,1.0,0.0,0.0,0.0,267,35.703651428222656,fresh_online_exploration,21,22,1.0,1.0,10.4764404296875,5.280461311340332,6.432150840759277
258240,78,1.0023367404937744,1.0023367404937744,1.0024399757385254,0.00010323096648789942,1.0,1.0,0.0,0.0,0.0,273,35.790523529052734,fresh_online_exploration,21,22,1.0,1.0,10.551758766174316,5.263347625732422,6.158657550811768
258432,88,1.0016201734542847,1.0016201734542847,1.001673698425293,5.35370345460251e-05,1.0,1.0,0.0,0.0,0.0,270,35.687076568603516,fresh_online_exploration,21,22,1.0,1.0,10.538418769836426,5.250302314758301,6.375696659088135
258528,16,1.0052658319473267,1.0052658319473267,1.005389928817749,0.00012406309542711824,1.0,1.0,0.0,0.0,0.0,272,35.84475326538086,fresh_online_exploration,21,22,1.0,1.0,10.56723690032959,5.311435222625732,6.225007057189941
258624,94,1.0017542839050293,1.0017542839050293,1.0020761489868164,0.0003217869671061635,1.0,1.0,0.0,0.0,0.0,270,35.65586471557617,fresh_online_exploration,21,22,1.0,1.0,10.593805313110352,5.3192877769470215,6.324014186859131
258720,1,1.0007965564727783,1.0007965564727783,1.0010796785354614,0.0002831175515893847,1.0,1.0,0.0,0.0,0.0,271,35.77312469482422,fresh_online_exploration,21,22,1.0,1.0,10.452250480651855,5.323005676269531,6.235809803009033
258720,61,1.0039631128311157,1.0039631128311157,1.005899429321289,0.0019362355815246701,1.0,1.0,0.0,0.0,0.0,267,35.67072296142578,fresh_online_exploration,21,22,1.0,1.0,10.524365425109863,5.2490692138671875,6.412178993225098
258816,74,1.000193476676941,1.000193476676941,1.001192569732666,0.0009991072583943605,1.0,1.0,0.0,0.0,0.0,270,35.73454666137695,fresh_online_exploration,21,22,1.0,1.0,10.538951873779297,5.221879959106445,6.307443618774414
259008,63,1.0008621215820312,1.0008621215820312,1.0041768550872803,0.0033147011417895555,1.0,1.0,0.0,0.0,0.0,270,35.701927185058594,fresh_online_exploration,21,22,1.0,1.0,10.56386661529541,5.254378795623779,6.372537612915039
259008,80,1.0021828413009644,1.0021828413009644,1.0035927295684814,0.0014098116662353277,1.0,1.0,0.0,0.0,0.0,272,35.759552001953125,fresh_online_exploration,21,22,1.0,1.0,10.548518180847168,5.236450672149658,6.201171875
259104,81,1.0013458728790283,1.0013458728790283,1.0014350414276123,8.916736260289326e-05,1.0,1.0,0.0,0.0,0.0,269,35.69821548461914,fresh_online_exploration,21,22,1.0,1.0,10.527861595153809,5.332735538482666,6.319645881652832
259200,49,1.005326509475708,1.005326509475708,1.0071452856063843,0.0018187753157690167,1.0,1.0,0.0,0.0,0.0,272,35.84820556640625,fresh_online_exploration,21,22,1.0,1.0,10.514182090759277,5.2593607902526855,6.239902019500732
259296,33,1.0032333135604858,1.0032333135604858,1.007023572921753,0.0037903471384197474,1.0,1.0,0.0,0.0,0.0,268,35.70986557006836,fresh_online_exploration,21,22,1.0,1.0,10.487896919250488,5.2259016036987305,6.428618907928467
259296,47,1.0010935068130493,1.0010935068130493,1.0012660026550293,0.00017239835869986564,1.0,1.0,0.0,0.0,0.0,271,35.74014663696289,fresh_online_exploration,21,22,1.0,1.0,10.485097885131836,5.3060078620910645,6.258934497833252
259296,58,1.0054082870483398,1.0054082870483398,1.0056025981903076,0.00019442688790149987,1.0,1.0,0.0,0.0,0.0,272,35.839866638183594,fresh_online_exploration,21,22,1.0,1.0,10.547651290893555,5.141479015350342,6.274932861328125
259584,36,1.0030711889266968,1.0030711889266968,1.0030827522277832,1.1531712516443804e-05,1.0,1.0,0.0,0.0,0.0,270,35.76105499267578,fresh_online_exploration,21,22,1.0,1.0,10.474310874938965,5.297685623168945,6.255186557769775
259680,35,1.0054160356521606,1.0054160356521606,1.0138742923736572,0.008458154276013374,1.0,1.0,0.0,0.0,0.0,272,35.85102462768555,fresh_online_exploration,21,22,1.0,1.0,10.520755767822266,5.235110759735107,6.279618263244629
260448,5,1.0015312433242798,1.0015312433242798,1.0152266025543213,0.013695458881556988,1.0,1.0,0.0,0.0,0.0,271,35.75889587402344,fresh_online_exploration,21,23,1.0,1.0,10.436591148376465,5.248542308807373,6.302283763885498
260640,65,1.0050913095474243,1.0050913095474243,1.0106089115142822,0.005517586600035429,1.0,1.0,0.0,0.0,0.0,269,35.989532470703125,fresh_online_exploration,21,23,1.0,1.0,10.379012107849121,5.262020587921143,6.24190616607666
263136,54,1.0000038146972656,1.0000038146972656,1.0000152587890625,1.1457643267931417e-05,1.0,1.0,0.0,0.0,0.0,266,35.573997497558594,fresh_online_exploration,21,23,1.0,1.0,10.548992156982422,5.208258152008057,6.484318733215332
263424,27,1.0024141073226929,1.0024141073226929,1.002459168434143,4.505565084400587e-05,1.0,1.0,0.0,0.0,0.0,269,35.74702453613281,fresh_online_exploration,21,23,1.0,1.0,10.522866249084473,5.2294158935546875,6.340188026428223
263520,72,1.0048507452011108,1.0048507452011108,1.0050292015075684,0.00017838558414950967,1.0,1.0,0.0,0.0,0.0,268,35.68901824951172,fresh_online_exploration,21,23,1.0,1.0,10.554662704467773,5.2641143798828125,6.4030537605285645
263616,57,1.0049091577529907,1.0049091577529907,1.005126714706421,0.00021761201787739992,1.0,1.0,0.0,0.0,0.0,271,35.82737731933594,fresh_online_exploration,21,23,1.0,1.0,10.554819107055664,5.193469524383545,6.239674091339111
263712,10,1.0034981966018677,1.0034981966018677,1.0186328887939453,0.015134703367948532,1.0,1.0,0.0,0.0,0.0,266,35.649940490722656,fresh_online_exploration,21,23,1.0,1.0,10.560785293579102,5.2400054931640625,6.5653839111328125
263808,45,1.0002896785736084,1.0002896785736084,1.000378131866455,8.849703590385616e-05,1.0,1.0,0.0,0.0,0.0,266,35.58500671386719,fresh_online_exploration,21,23,1.0,1.0,10.499687194824219,5.196322441101074,6.469826698303223
263808,85,1.0005730390548706,1.0005730390548706,1.0010298490524292,0.00045679297181777656,1.0,1.0,0.0,0.0,0.0,271,35.758304595947266,fresh_online_exploration,21,23,1.0,1.0,10.535053253173828,5.265345573425293,6.249383926391602
264096,28,1.0014538764953613,1.0014538764953613,1.0019326210021973,0.000478733069030568,1.0,1.0,0.0,0.0,0.0,271,35.75250244140625,fresh_online_exploration,21,23,1.0,1.0,10.578447341918945,5.320315361022949,6.289330959320068
264480,39,1.0053116083145142,1.0053116083145142,1.0053514242172241,3.9823709812480956e-05,1.0,1.0,0.0,0.0,0.0,269,35.81927490234375,fresh_online_exploration,21,23,1.0,1.0,10.523826599121094,5.269916534423828,6.359146595001221
264864,44,1.0055410861968994,1.0055410861968994,1.0059072971343994,0.0003661412629298866,1.0,1.0,0.0,0.0,0.0,272,35.84090042114258,fresh_online_exploration,21,23,1.0,1.0,10.54226303100586,5.212218761444092,6.307521343231201
264864,93,1.0031431913375854,1.0031431913375854,1.0036535263061523,0.0005103480652906001,1.0,1.0,0.0,0.0,0.0,270,35.78950500488281,fresh_online_exploration,21,23,1.0,1.0,10.464827537536621,5.2684102058410645,6.316534519195557
265248,60,1.005682110786438,1.005682110786438,1.0056917667388916,9.750091521709692e-06,1.0,1.0,0.0,0.0,0.0,268,35.80519104003906,fresh_online_exploration,21,23,1.0,1.0,10.438502311706543,5.266762733459473,6.412176132202148
266304,76,1.0049017667770386,1.0049017667770386,1.0092315673828125,0.0043298532254993916,1.0,1.0,0.0,0.0,0.0,274,35.93525695800781,fresh_online_exploration,21,23,1.0,1.0,10.501848220825195,5.282122611999512,6.262471675872803
266400,22,1.0038542747497559,1.0038542747497559,1.0099599361419678,0.006105766631662846,1.0,1.0,0.0,0.0,0.0,272,35.88092041015625,fresh_online_exploration,22,23,1.0,1.0,10.48876953125,5.288180351257324,6.2946977615356445
268992,77,0.017921198159456253,0.017921198159456253,0.018253954127430916,0.0003327566373627633,0.017921198159456253,0.0,0.0,1.0,1.0,600,1.4419596195220947,fresh_online_exploration,19,23,0.006272419355809689,0.0,-0.18273469805717468,5.096987724304199,0.4656015634536743
269760,20,1.000948429107666,1.000948429107666,1.0018928050994873,0.0009444824536330998,1.0,1.0,0.0,0.0,0.0,269,35.71628189086914,fresh_online_exploration,22,23,1.0,1.0,10.520743370056152,5.245954513549805,6.324648380279541
269760,50,0.09881310909986496,0.08685808628797531,0.0992380753159523,0.012379993684589863,0.08685808628797531,0.0,0.0,1.0,1.0,600,2.814950704574585,fresh_online_exploration,19,23,0.03040033020079136,0.0,-0.21972490847110748,5.204320430755615,0.4615246653556824
270336,9,1.0018905401229858,1.0018905401229858,1.0023491382598877,0.00045863850391469896,1.0,1.0,0.0,0.0,0.0,270,35.712120056152344,fresh_online_exploration,22,24,1.0,1.0,10.572890281677246,5.171963691711426,6.348227500915527
270432,25,1.0036309957504272,1.0036309957504272,1.0043635368347168,0.0007326093036681414,1.0,1.0,0.0,0.0,0.0,271,35.82405090332031,fresh_online_exploration,22,24,1.0,1.0,10.554696083068848,5.1409125328063965,6.281547546386719
270528,2,1.0049102306365967,1.0049102306365967,1.0056897401809692,0.0007795224664732814,1.0,1.0,0.0,0.0,0.0,270,35.809722900390625,fresh_online_exploration,22,24,1.0,1.0,10.503158569335938,5.31318473815918,6.353969573974609
275232,19,1.0004820823669434,1.0004820823669434,1.000496745109558,1.4694625861011446e-05,1.0,1.0,0.0,0.0,0.0,266,35.602481842041016,fresh_online_exploration,22,24,1.0,1.0,10.530364036560059,5.176097393035889,6.444901466369629
275424,24,1.000998854637146,1.000998854637146,1.001683235168457,0.0006843704031780362,1.0,1.0,0.0,0.0,0.0,266,35.6303825378418,fresh_online_exploration,22,24,1.0,1.0,10.492904663085938,5.194323539733887,6.467151641845703
275520,17,1.0046056509017944,1.0046056509017944,1.005613923072815,0.001008272753097117,1.0,1.0,0.0,0.0,0.0,269,35.775882720947266,fresh_online_exploration,22,24,1.0,1.0,10.551005363464355,5.1724324226379395,6.3584418296813965
275712,53,1.0043230056762695,1.0043230056762695,1.0053737163543701,0.001050674240104854,1.0,1.0,0.0,0.0,0.0,274,35.891876220703125,fresh_online_exploration,22,24,1.0,1.0,10.506889343261719,5.173223972320557,6.1954731941223145
277344,90,1.0031472444534302,1.0031472444534302,1.003169298171997,2.2077478206483647e-05,1.0,1.0,0.0,0.0,0.0,266,35.658294677734375,fresh_online_exploration,22,24,1.0,1.0,10.54803466796875,5.253085613250732,6.520394325256348
280224,64,1.0004955530166626,1.0004955530166626,1.0097687244415283,0.009273145347833633,1.0,1.0,0.0,0.0,0.0,269,35.64957046508789,fresh_online_exploration,22,24,1.0,1.0,10.574487686157227,5.210103988647461,6.400217056274414
280800,6,1.0024203062057495,1.0024203062057495,1.0037081241607666,0.0012878646375611424,1.0,1.0,0.0,0.0,0.0,268,35.61167907714844,fresh_online_exploration,22,24,1.0,1.0,10.600885391235352,5.216644287109375,6.401700019836426
280896,8,1.0037415027618408,1.0037415027618408,1.0037531852722168,1.1680729585350491e-05,1.0,1.0,0.0,0.0,0.0,266,35.62896728515625,fresh_online_exploration,22,24,1.0,1.0,10.575913429260254,5.211972236633301,6.495184898376465
280896,46,1.0012515783309937,1.0012515783309937,1.002732515335083,0.0014809799613431096,1.0,1.0,0.0,0.0,0.0,268,35.65824508666992,fresh_online_exploration,22,24,1.0,1.0,10.496920585632324,5.187855243682861,6.442025661468506
280992,87,1.0015020370483398,1.0015020370483398,1.0019164085388184,0.0004143220721744001,1.0,1.0,0.0,0.0,0.0,265,35.560508728027344,fresh_online_exploration,22,24,1.0,1.0,10.522014617919922,5.231293678283691,6.557740688323975
281184,83,1.0038334131240845,1.0038334131240845,1.0100177526474,0.006184251978993416,1.0,1.0,0.0,0.0,0.0,273,35.917633056640625,fresh_online_exploration,22,24,1.0,1.0,10.551277160644531,5.1917619705200195,6.2224345207214355
281760,92,0.040513817220926285,0.020937127992510796,0.05612137168645859,0.03518424555659294,0.020937127992510796,0.0,0.0,1.0,1.0,600,1.5257527828216553,fresh_online_exploration,20,24,0.0073279947973787785,0.0,-0.23946592211723328,5.186710834503174,0.48346689343452454
282048,89,1.0048339366912842,1.0048339366912842,1.0051195621490479,0.0002856880601029843,1.0,1.0,0.0,0.0,0.0,268,35.729095458984375,fresh_online_exploration,22,24,1.0,1.0,10.535547256469727,5.191486835479736,6.381115913391113
282144,18,0.03146509826183319,0.008837975561618805,0.044211018830537796,0.0353730246424675,0.008837975561618805,0.0,0.0,1.0,1.0,600,1.2522618770599365,fresh_online_exploration,20,24,0.0030932914465665816,0.0,-0.2615169882774353,5.201778888702393,0.4800201654434204
282144,69,1.0028374195098877,1.0028374195098877,1.011496663093567,0.008659262210130692,1.0,1.0,0.0,0.0,0.0,266,35.61858367919922,fresh_online_exploration,22,24,1.0,1.0,10.496796607971191,5.140204906463623,6.542129039764404
282144,84,1.0037037134170532,1.0037037134170532,1.0037797689437866,7.60304756113328e-05,1.0,1.0,0.0,0.0,0.0,267,35.71692657470703,fresh_online_exploration,22,24,1.0,1.0,10.524076461791992,5.148509502410889,6.3773040771484375
282336,0,1.0010066032409668,1.0010066032409668,1.0010247230529785,1.812015580071602e-05,1.0,1.0,0.0,0.0,0.0,267,35.64710998535156,fresh_online_exploration,22,24,1.0,1.0,10.516940116882324,5.165234565734863,6.418351650238037
282336,38,1.001143217086792,1.001143217086792,1.0011917352676392,4.850631739827804e-05,1.0,1.0,0.0,0.0,0.0,269,35.61091232299805,fresh_online_exploration,22,24,1.0,1.0,10.64486312866211,5.15602970123291,6.405019760131836
282432,3,1.0031245946884155,1.0031245946884155,1.0031821727752686,5.765680180047639e-05,1.0,1.0,0.0,0.0,0.0,267,35.629981994628906,fresh_online_exploration,22,24,1.0,1.0,10.540528297424316,5.148090839385986,6.488626480102539
282432,13,1.004643201828003,1.004643201828003,1.004823923110962,0.0001807764929253608,1.0,1.0,0.0,0.0,0.0,267,35.67749786376953,fresh_online_exploration,22,24,1.0,1.0,10.499123573303223,5.155910968780518,6.489090442657471
282432,86,1.0046998262405396,1.0046998262405396,1.0047814846038818,8.168799104169011e-05,1.0,1.0,0.0,0.0,0.0,264,35.62092208862305,fresh_online_exploration,22,24,1.0,1.0,10.511462211608887,5.119931697845459,6.558714389801025
282624,82,1.0007562637329102,1.0007562637329102,1.0007954835891724,3.9239464967977256e-05,1.0,1.0,0.0,0.0,0.0,264,35.5198974609375,fresh_online_exploration,22,24,1.0,1.0,10.52428913116455,5.091327667236328,6.581465244293213
282720,11,1.0000616312026978,1.0000616312026978,1.0003392696380615,0.00027756186318583786,1.0,1.0,0.0,0.0,0.0,266,35.611602783203125,fresh_online_exploration,22,24,1.0,1.0,10.543252944946289,5.1023383140563965,6.415374755859375
282720,34,1.0014479160308838,1.0014479160308838,1.0017507076263428,0.0003027801285497844,1.0,1.0,0.0,0.0,0.0,270,35.710357666015625,fresh_online_exploration,22,24,1.0,1.0,10.596734046936035,5.0941009521484375,6.322166442871094
282816,4,1.0030946731567383,1.0030946731567383,1.0034141540527344,0.0003194179153069854,1.0,1.0,0.0,0.0,0.0,270,35.73375701904297,fresh_online_exploration,22,24,1.0,1.0,10.58851146697998,5.167942523956299,6.25961971282959
282912,43,1.0013426542282104,1.0013426542282104,1.001745343208313,0.0004027223912999034,1.0,1.0,0.0,0.0,0.0,267,35.63520812988281,fresh_online_exploration,22,24,1.0,1.0,10.502945899963379,5.133222579956055,6.456378936767578
283008,42,1.0041519403457642,1.0041519403457642,1.0042426586151123,9.0762012405321e-05,1.0,1.0,0.0,0.0,0.0,267,35.67150115966797,fresh_online_exploration,22,24,1.0,1.0,10.516253471374512,5.089615821838379,6.432590961456299
283008,52,1.0037751197814941,1.0037751197814941,1.007022500038147,0.003247402608394623,1.0,1.0,0.0,0.0,0.0,268,35.726539611816406,fresh_online_exploration,22,24,1.0,1.0,10.574361801147461,5.1218156814575195,6.457831382751465
283104,71,1.003548264503479,1.003548264503479,1.0046865940093994,0.0011383178643882275,1.0,1.0,0.0,0.0,0.0,270,35.771270751953125,fresh_online_exploration,22,24,1.0,1.0,10.571146011352539,5.064751148223877,6.309543609619141
283104,79,1.0014036893844604,1.0014036893844604,1.0023587942123413,0.0009551018010824919,1.0,1.0,0.0,0.0,0.0,268,35.67479705810547,fresh_online_exploration,22,24,1.0,1.0,10.51654052734375,5.101648807525635,6.365145206451416
283200,56,1.003251314163208,1.003251314163208,1.003494143486023,0.00024282715457957238,1.0,1.0,0.0,0.0,0.0,268,35.69136428833008,fresh_online_exploration,22,24,1.0,1.0,10.571325302124023,5.054328918457031,6.38124942779541
283296,23,1.0026718378067017,1.0026718378067017,1.019371509552002,0.01669987663626671,1.0,1.0,0.0,0.0,0.0,273,35.79901885986328,fresh_online_exploration,22,24,1.0,1.0,10.60212516784668,5.121567249298096,6.274230480194092
283296,68,1.0051636695861816,1.0051636695861816,1.0083658695220947,0.0032021524384617805,1.0,1.0,0.0,0.0,0.0,270,35.737388610839844,fresh_online_exploration,22,24,1.0,1.0,10.602943420410156,5.111810684204102,6.442614555358887
283392,51,1.002450942993164,1.002450942993164,1.0057282447814941,0.0032773383427411318,1.0,1.0,0.0,0.0,0.0,266,35.62696075439453,fresh_online_exploration,22,24,1.0,1.0,10.57075023651123,5.1803436279296875,6.5130615234375
283392,70,1.0028163194656372,1.0028163194656372,1.0050511360168457,0.0022347373887896538,1.0,1.0,0.0,0.0,0.0,269,35.755619049072266,fresh_online_exploration,22,24,1.0,1.0,10.523050308227539,5.080984592437744,6.346862316131592
283488,29,1.0051358938217163,1.0051358938217163,1.0052415132522583,0.0001056439577951096,1.0,1.0,0.0,0.0,0.0,267,35.62895965576172,fresh_online_exploration,22,24,1.0,1.0,10.582578659057617,5.149728298187256,6.448720455169678
283488,41,1.0009784698486328,1.0009784698486328,1.0009968280792236,1.827574124035891e-05,1.0,1.0,0.0,0.0,0.0,268,35.6435546875,fresh_online_exploration,22,24,1.0,1.0,10.538057327270508,5.177798271179199,6.377407073974609
283488,48,1.00230073928833,1.00230073928833,1.0027130842208862,0.00041233154479414225,1.0,1.0,0.0,0.0,0.0,270,35.72146987915039,fresh_online_exploration,22,24,1.0,1.0,10.588973045349121,5.104981899261475,6.253233909606934
283488,66,1.003718614578247,1.003718614578247,1.0124598741531372,0.00874123815447092,1.0,1.0,0.0,0.0,0.0,271,35.73298645019531,fresh_online_exploration,22,24,1.0,1.0,10.568965911865234,5.057075500488281,6.3226237297058105
283488,75,1.003443956375122,1.003443956375122,1.0064754486083984,0.0030316307675093412,1.0,1.0,0.0,0.0,0.0,272,35.78282165527344,fresh_online_exploration,22,24,1.0,1.0,10.592844009399414,5.0945329666137695,6.246136665344238
283680,21,1.003482699394226,1.003482699394226,1.003732442855835,0.0002497627283446491,1.0,1.0,0.0,0.0,0.0,272,35.764251708984375,fresh_online_exploration,22,24,1.0,1.0,10.60219669342041,5.093992710113525,6.243949890136719
283680,30,1.0003665685653687,1.0003665685653687,1.0005567073822021,0.00019014837744180113,1.0,1.0,0.0,0.0,0.0,268,35.66692352294922,fresh_online_exploration,22,24,1.0,1.0,10.56748104095459,5.1386308670043945,6.30538272857666
283680,32,1.0023633241653442,1.0023633241653442,1.0025643110275269,0.00020101018890272826,1.0,1.0,0.0,0.0,0.0,269,35.755699157714844,fresh_online_exploration,22,24,1.0,1.0,10.54333209991455,5.170444488525391,6.293227195739746
283680,59,1.0032340288162231,1.0032340288162231,1.0069222450256348,0.0036882117856293917,1.0,1.0,0.0,0.0,0.0,270,35.731285095214844,fresh_online_exploration,22,24,1.0,1.0,10.604735374450684,5.166470527648926,6.390133857727051
283680,67,1.0027505159378052,1.0027505159378052,1.0028469562530518,9.653744928073138e-05,1.0,1.0,0.0,0.0,0.0,268,35.687110900878906,fresh_online_exploration,22,24,1.0,1.0,10.57987117767334,5.134162425994873,6.339573383331299
283680,91,1.001112461090088,1.001112461090088,1.0012238025665283,0.00011137690307805315,1.0,1.0,0.0,0.0,0.0,267,35.6328239440918,fresh_online_exploration,22,24,1.0,1.0,10.533008575439453,5.142961025238037,6.442095756530762
283872,12,1.0031198263168335,1.0031198263168335,1.0033025741577148,0.00018268982239533216,1.0,1.0,0.0,0.0,0.0,268,35.69975662231445,fresh_online_exploration,22,24,1.0,1.0,10.572884559631348,5.088572025299072,6.375007629394531
283872,31,1.0039207935333252,1.0039207935333252,1.0039314031600952,1.0624014066706877e-05,1.0,1.0,0.0,0.0,0.0,268,35.69650650024414,fresh_online_exploration,22,24,1.0,1.0,10.564336776733398,5.046831130981445,6.470791816711426
283968,26,1.0008318424224854,1.0008318424224854,1.0041399002075195,0.0033080049324780703,1.0,1.0,0.0,0.0,0.0,269,35.69281768798828,fresh_online_exploration,22,24,1.0,1.0,10.571316719055176,5.071725845336914,6.452508926391602
283968,40,1.0022931098937988,1.0022931098937988,1.005081057548523,0.002787943696603179,1.0,1.0,0.0,0.0,0.0,271,35.746864318847656,fresh_online_exploration,22,24,1.0,1.0,10.628059387207031,5.146498680114746,6.270350933074951
283968,62,1.004371166229248,1.004371166229248,1.0074530839920044,0.0030818721279501915,1.0,1.0,0.0,0.0,0.0,269,35.75741958618164,fresh_online_exploration,22,24,1.0,1.0,10.631464004516602,5.054897308349609,6.4247870445251465
284160,15,1.0022251605987549,1.0022251605987549,1.0023889541625977,0.0001638345274841413,1.0,1.0,0.0,0.0,0.0,270,35.707611083984375,fresh_online_exploration,22,24,1.0,1.0,10.594719886779785,5.1271653175354,6.279286861419678
284160,73,1.0024406909942627,1.0024406909942627,1.0043094158172607,0.0018687767442315817,1.0,1.0,0.0,0.0,0.0,270,35.72722625732422,fresh_online_exploration,22,24,1.0,1.0,10.555822372436523,5.161033630371094,6.326540946960449
284160,78,1.0016460418701172,1.0016460418701172,1.0118809938430786,0.010235032066702843,1.0,1.0,0.0,0.0,0.0,270,35.6828727722168,fresh_online_exploration,22,24,1.0,1.0,10.57347583770752,5.1451191902160645,6.35986328125
284544,16,1.0000478029251099,1.0000478029251099,1.0121955871582031,0.012147707864642143,1.0,1.0,0.0,0.0,0.0,271,35.63410568237305,fresh_online_exploration,22,24,1.0,1.0,10.578773498535156,5.1121931076049805,6.3494462966918945
284544,74,1.001485824584961,1.001485824584961,1.0045742988586426,0.003088542725890875,1.0,1.0,0.0,0.0,0.0,268,35.69143295288086,fresh_online_exploration,22,24,1.0,1.0,10.601236343383789,5.105076789855957,6.388535022735596
284544,88,1.0006517171859741,1.0006517171859741,1.0006811618804932,2.9360402550082654e-05,1.0,1.0,0.0,0.0,0.0,272,35.69526672363281,fresh_online_exploration,22,24,1.0,1.0,10.598650932312012,5.070382595062256,6.288626194000244
284544,94,1.0040454864501953,1.0040454864501953,1.004197597503662,0.00015213161532301456,1.0,1.0,0.0,0.0,0.0,270,35.7302131652832,fresh_online_exploration,22,24,1.0,1.0,10.601604461669922,5.055580139160156,6.316071510314941
284640,1,1.0024056434631348,1.0024056434631348,1.0025749206542969,0.000169289211044088,1.0,1.0,0.0,0.0,0.0,270,35.742862701416016,fresh_online_exploration,22,24,1.0,1.0,10.576560020446777,5.061037063598633,6.3041605949401855
284640,81,1.0018690824508667,1.0018690824508667,1.00645911693573,0.0045899986289441586,1.0,1.0,0.0,0.0,0.0,266,35.6368408203125,fresh_online_exploration,22,24,1.0,1.0,10.559587478637695,5.0861101150512695,6.505312919616699
284928,63,1.0012379884719849,1.0012379884719849,1.0062777996063232,0.005039868410676718,1.0,1.0,0.0,0.0,0.0,270,35.704097747802734,fresh_online_exploration,22,24,1.0,1.0,10.59128189086914,5.103308200836182,6.382007598876953
284928,80,1.0019246339797974,1.0019246339797974,1.0020513534545898,0.00012681660882662982,1.0,1.0,0.0,0.0,0.0,270,35.71307373046875,fresh_online_exploration,22,24,1.0,1.0,10.612113952636719,5.065361976623535,6.261011600494385
285024,47,1.001481294631958,1.001481294631958,1.0016098022460938,0.00012844589946325868,1.0,1.0,0.0,0.0,0.0,268,35.67522430419922,fresh_online_exploration,22,24,1.0,1.0,10.509051322937012,5.122628211975098,6.422384262084961
285120,49,1.0027837753295898,1.0027837753295898,1.0029165744781494,0.0001328226935584098,1.0,1.0,0.0,0.0,0.0,270,35.756282806396484,fresh_online_exploration,22,24,1.0,1.0,10.594799995422363,5.178769588470459,6.292277812957764
285216,33,1.0047895908355713,1.0047895908355713,1.0049991607666016,0.0002095738163916394,1.0,1.0,0.0,0.0,0.0,270,35.794105529785156,fresh_online_exploration,22,24,1.0,1.0,10.543399810791016,5.1192498207092285,6.280410289764404
285216,58,1.0033289194107056,1.0033289194107056,1.0034277439117432,9.888810745906085e-05,1.0,1.0,0.0,0.0,0.0,270,35.72782516479492,fresh_online_exploration,22,24,1.0,1.0,10.582795143127441,5.125033855438232,6.295893669128418
285600,36,1.0046651363372803,1.0046651363372803,1.0056545734405518,0.0009894517716020346,1.0,1.0,0.0,0.0,0.0,271,35.831085205078125,fresh_online_exploration,22,24,1.0,1.0,10.477571487426758,5.172280788421631,6.267312049865723
285888,35,1.002859354019165,1.002859354019165,1.0028702020645142,1.0852677405637223e-05,1.0,1.0,0.0,0.0,0.0,273,35.81631088256836,fresh_online_exploration,22,24,1.0,1.0,10.602221488952637,5.161582946777344,6.183067798614502
286848,5,1.0025829076766968,1.0025829076766968,1.0052385330200195,0.0026555429212749004,1.0,1.0,0.0,0.0,0.0,275,35.87505340576172,fresh_online_exploration,23,24,1.0,1.0,10.472590446472168,5.136829376220703,6.174201011657715
286944,65,1.0048346519470215,1.0048346519470215,1.0051400661468506,0.00030544211040250957,1.0,1.0,0.0,0.0,0.0,274,35.89219284057617,fresh_online_exploration,23,24,1.0,1.0,10.515604972839355,5.14938497543335,6.220290660858154
288960,14,0.009934744797647,1.0230829516899576e-08,0.009961117058992386,0.009961104951798916,1.0230829516899576e-08,0.0,0.0,1.0,1.0,600,1.0668853521347046,fresh_online_exploration,21,24,3.5807903309148514e-09,0.0,-0.22793050110340118,5.272473335266113,0.47088631987571716
289056,27,1.004429817199707,1.004429817199707,1.0044403076171875,1.0552154890319798e-05,1.0,1.0,0.0,0.0,0.0,267,35.7054443359375,fresh_online_exploration,23,24,1.0,1.0,10.5623197555542,5.18230676651001,6.397402763366699
289248,10,1.0058186054229736,1.0058186054229736,1.0060139894485474,0.0001953920436790213,1.0,1.0,0.0,0.0,0.0,266,35.72826385498047,fresh_online_exploration,23,24,1.0,1.0,10.534049987792969,5.124710559844971,6.481090545654297
289248,45,1.0019296407699585,1.0019296407699585,1.0024664402008057,0.0005368735291995108,1.0,1.0,0.0,0.0,0.0,265,35.572975158691406,fresh_online_exploration,23,24,1.0,1.0,10.543020248413086,5.112767219543457,6.592558860778809
289248,57,1.0032234191894531,1.0032234191894531,1.0075527429580688,0.004329359158873558,1.0,1.0,0.0,0.0,0.0,267,35.626976013183594,fresh_online_exploration,23,24,1.0,1.0,10.539596557617188,5.135813236236572,6.503823280334473
289248,85,1.001391887664795,1.001391887664795,1.002232313156128,0.0008404349791817367,1.0,1.0,0.0,0.0,0.0,265,35.614986419677734,fresh_online_exploration,23,24,1.0,1.0,10.505109786987305,5.111905097961426,6.521467685699463
289344,72,1.0023752450942993,1.0023752450942993,1.0024582147598267,8.296895248349756e-05,1.0,1.0,0.0,0.0,0.0,269,35.661781311035156,fresh_online_exploration,23,24,1.0,1.0,10.66952896118164,5.108133316040039,6.323005676269531
289824,37,0.041811201721429825,0.030197354033589363,0.05173208937048912,0.021534739062190056,0.030197354033589363,0.0,0.0,1.0,1.0,600,1.6834064722061157,fresh_online_exploration,21,24,0.010569073911756276,0.0,-0.2512318789958954,5.265114784240723,0.47429031133651733
289920,28,1.0028584003448486,1.0028584003448486,1.0057568550109863,0.002898422535508871,1.0,1.0,0.0,0.0,0.0,269,35.73746871948242,fresh_online_exploration,23,24,1.0,1.0,10.58620834350586,5.125610828399658,6.347348690032959
290112,39,1.004178524017334,1.004178524017334,1.004201054573059,2.258460699522402e-05,1.0,1.0,0.0,0.0,0.0,267,35.689048767089844,fresh_online_exploration,23,24,1.0,1.0,10.548929214477539,5.160653114318848,6.427066802978516
290112,55,0.046685025095939636,0.01819804310798645,0.0626891702413559,0.04449113458395004,0.01819804310798645,0.0,0.0,1.0,1.0,600,1.4618364572525024,fresh_online_exploration,21,24,0.006369315087795258,0.0,-0.2387263923883438,5.2645134925842285,0.47835370898246765
290208,44,1.0007004737854004,1.0007004737854004,1.0044927597045898,0.0037922998890280724,1.0,1.0,0.0,0.0,0.0,264,35.51335906982422,fresh_online_exploration,23,24,1.0,1.0,10.504183769226074,5.105799198150635,6.631165504455566
290688,93,1.0035492181777954,1.0035492181777954,1.0066372156143188,0.003087964141741395,1.0,1.0,0.0,0.0,0.0,269,35.74578857421875,fresh_online_exploration,23,24,1.0,1.0,10.541318893432617,5.1035542488098145,6.375115871429443
291072,60,1.0029802322387695,1.0029802322387695,1.003011703491211,3.155880403937772e-05,1.0,1.0,0.0,0.0,0.0,269,35.71274185180664,fresh_online_exploration,23,24,1.0,1.0,10.48897933959961,5.171422481536865,6.360428333282471
292128,76,1.0005812644958496,1.0005812644958496,1.000953197479248,0.00037196255289018154,1.0,1.0,0.0,0.0,0.0,269,35.780731201171875,fresh_online_exploration,23,24,1.0,1.0,10.48995304107666,5.192845344543457,6.376888751983643
292224,22,1.0016716718673706,1.0016716718673706,1.0116684436798096,0.009996788576245308,1.0,1.0,0.0,0.0,0.0,269,35.71090316772461,fresh_online_exploration,23,24,1.0,1.0,10.56673812866211,5.202614784240723,6.413708209991455
294720,77,1.0056324005126953,1.0056324005126953,1.013948917388916,0.008316549472510815,1.0,1.0,0.0,0.0,0.0,268,35.718265533447266,fresh_online_exploration,23,24,1.0,1.0,10.552496910095215,5.08551025390625,6.454651355743408
295296,50,1.0018582344055176,1.0018582344055176,1.001887559890747,2.9369635740295053e-05,1.0,1.0,0.0,0.0,0.0,266,35.543460845947266,fresh_online_exploration,23,24,1.0,1.0,10.593966484069824,5.239239692687988,6.528010845184326
296160,25,1.0024138689041138,1.0024138689041138,1.0095808506011963,0.00716693140566349,1.0,1.0,0.0,0.0,0.0,268,35.674461364746094,fresh_online_exploration,24,24,1.0,1.0,10.554754257202148,5.279363632202148,6.405279159545898
296352,2,1.0053694248199463,1.0053694248199463,1.0056508779525757,0.0002814604958985001,1.0,1.0,0.0,0.0,0.0,269,35.784202575683594,fresh_online_exploration,24,24,1.0,1.0,10.560894966125488,5.3417134284973145,6.393580436706543
