env_steps,env_index,max_angle,final_angle,cumulative_increase,regression_amount,progress,success,regression_event,stalled,lost_contact,episode_steps,return_value,source,first_policy_version,last_policy_version,quality_score,contact_stability,estimated_value,initial_q,discounted_return
25920,83,1.0034126043319702,1.0034126043319702,1.0249778032302856,0.021565377712249756,1.0,1.0,0.0,0.0,0.0,270,35.736671447753906,fresh_online_exploration,0,2,0.9994382023811341,0.9943820238113403,9.534819602966309,2.0993165969848633,6.374606609344482
26016,31,1.0028539896011353,1.0028539896011353,1.0200443267822266,0.01719023287296295,1.0,1.0,0.0,0.0,0.0,271,35.813873291015625,fresh_online_exploration,0,2,1.0,1.0,9.549367904663086,2.079603433609009,6.332466125488281
26112,56,1.001696228981018,1.001696228981018,1.0043562650680542,0.002660045400261879,1.0,1.0,0.0,0.0,0.0,272,35.75006866455078,fresh_online_exploration,0,2,1.0,1.0,9.54566764831543,2.0836920738220215,6.28862190246582
26112,73,1.001896619796753,1.001896619796753,1.0276663303375244,0.02577001415193081,1.0,1.0,0.0,0.0,0.0,272,35.802581787109375,fresh_online_exploration,0,2,1.0,1.0,9.521199226379395,2.082181692123413,6.308597564697266
26208,65,1.0019919872283936,1.0019919872283936,1.002120018005371,0.00012795710063073784,1.0,1.0,0.0,0.0,0.0,273,35.841548919677734,fresh_online_exploration,0,2,1.0,1.0,9.473729133605957,2.092433452606201,6.244271278381348
26208,75,1.0037782192230225,1.0037782192230225,1.0079392194747925,0.004161026794463396,1.0,1.0,0.0,0.0,0.0,273,35.8590202331543,fresh_online_exploration,0,2,1.0,1.0,9.517549514770508,2.0947535037994385,6.222666263580322
26304,22,1.0057131052017212,1.0057131052017212,1.0064175128936768,0.0007043062942102551,1.0,1.0,0.0,0.0,0.0,274,35.90993881225586,fresh_online_exploration,0,2,1.0,1.0,9.511061668395996,2.0881259441375732,6.228750228881836
26304,25,1.001907467842102,1.001907467842102,1.001960277557373,5.277702439343557e-05,1.0,1.0,0.0,0.0,0.0,274,35.8314323425293,fresh_online_exploration,0,2,1.0,1.0,9.514995574951172,2.103969097137451,6.2516913414001465
26304,43,1.0037548542022705,1.0037548542022705,1.0185258388519287,0.014771037735044956,1.0,1.0,0.0,0.0,0.0,274,35.91267395019531,fresh_online_exploration,0,2,1.0,1.0,9.466436386108398,2.120877265930176,6.2390971183776855
26304,94,1.0052430629730225,1.0052430629730225,1.0107388496398926,0.00549581553786993,1.0,1.0,0.0,0.0,0.0,274,35.934906005859375,fresh_online_exploration,0,2,1.0,1.0,9.49705982208252,2.0965285301208496,6.217703819274902
26400,10,1.0004208087921143,1.0004208087921143,1.0004429817199707,2.2163807443575934e-05,1.0,1.0,0.0,0.0,0.0,275,35.85164260864258,fresh_online_exploration,0,2,1.0,1.0,9.482621192932129,2.0825977325439453,6.139490604400635
26400,29,1.0012425184249878,1.0012425184249878,1.0043282508850098,0.0030857028905302286,1.0,1.0,0.0,0.0,0.0,275,35.86659240722656,fresh_online_exploration,0,2,1.0,1.0,9.387869834899902,2.0900986194610596,6.168380260467529
26400,30,1.0013841390609741,1.0013841390609741,1.0071840286254883,0.005799813661724329,1.0,1.0,0.0,0.0,0.0,275,35.8853759765625,fresh_online_exploration,0,2,1.0,1.0,9.519281387329102,2.0800414085388184,6.169014930725098
26400,90,1.000420093536377,1.000420093536377,1.0043036937713623,0.003883675206452608,1.0,1.0,0.0,0.0,0.0,275,35.85148239135742,fresh_online_exploration,0,2,1.0,1.0,9.517974853515625,2.1251416206359863,6.1689453125
26400,93,1.002988338470459,1.002988338470459,1.0183329582214355,0.015344593673944473,1.0,1.0,0.0,0.0,0.0,275,35.89515686035156,fresh_online_exploration,0,2,1.0,1.0,9.461867332458496,2.1065216064453125,6.177178859710693
26496,5,1.0015149116516113,1.0015149116516113,1.0044890642166138,0.002974151400849223,1.0,1.0,0.0,0.0,0.0,276,35.928001403808594,fresh_online_exploration,0,2,1.0,1.0,9.439785957336426,2.07873797416687,6.1011528968811035
26496,8,1.0031911134719849,1.0031911134719849,1.011648416519165,0.008457382209599018,1.0,1.0,0.0,0.0,0.0,276,35.91421890258789,fresh_online_exploration,0,2,1.0,1.0,9.43957233428955,2.0838825702667236,6.14950704574585
26496,12,1.002571702003479,1.002571702003479,1.0086071491241455,0.006035367026925087,1.0,1.0,0.0,0.0,0.0,276,35.914764404296875,fresh_online_exploration,0,2,1.0,1.0,9.452364921569824,2.0870893001556396,6.131867408752441
26496,13,1.0040775537490845,1.0040775537490845,1.0080760717391968,0.003998585510998964,1.0,1.0,0.0,0.0,0.0,276,35.97618103027344,fresh_online_exploration,0,2,1.0,1.0,9.452972412109375,2.0789132118225098,6.1658549308776855
26496,26,1.000591516494751,1.000591516494751,1.0042922496795654,0.0037007397040724754,1.0,1.0,0.0,0.0,0.0,276,35.54963302612305,fresh_online_exploration,0,2,1.0,1.0,9.454751968383789,2.090226411819458,5.720728874206543
26496,27,1.0024607181549072,1.0024607181549072,1.0027927160263062,0.0003320032556075603,1.0,1.0,0.0,0.0,0.0,276,35.94590377807617,fresh_online_exploration,0,2,1.0,1.0,9.51119613647461,2.089181423187256,6.1219329833984375
26496,79,1.003777265548706,1.003777265548706,1.0118204355239868,0.008043141104280949,1.0,1.0,0.0,0.0,0.0,276,35.990142822265625,fresh_online_exploration,0,2,1.0,1.0,9.509867668151855,2.0927741527557373,6.148420333862305
26496,87,1.0006638765335083,1.0006638765335083,1.0010465383529663,0.00038268257048912346,1.0,1.0,0.0,0.0,0.0,276,35.59160614013672,fresh_online_exploration,0,2,1.0,1.0,9.6670560836792,2.112820625305176,5.683370590209961
26496,89,1.0009914636611938,1.0009914636611938,1.0010099411010742,1.8512460883357562e-05,1.0,1.0,0.0,0.0,0.0,276,35.907562255859375,fresh_online_exploration,0,2,1.0,1.0,9.444158554077148,2.0843727588653564,6.113160133361816
26496,95,1.003037452697754,1.003037452697754,1.0031187534332275,8.128817717079073e-05,1.0,1.0,0.0,0.0,0.0,276,35.940826416015625,fresh_online_exploration,0,2,1.0,1.0,9.432107925415039,2.0713531970977783,6.153103828430176
26592,9,1.0024057626724243,1.0024057626724243,1.0025050640106201,9.918430441757664e-05,1.0,1.0,0.0,0.0,0.0,277,35.91149139404297,fresh_online_exploration,0,2,1.0,1.0,9.417547225952148,2.0789172649383545,6.088243007659912
26592,34,1.000579833984375,1.000579833984375,1.0005886554718018,8.842966963129584e-06,1.0,1.0,0.0,0.0,0.0,277,35.9099006652832,fresh_online_exploration,0,2,1.0,1.0,9.397265434265137,2.1045947074890137,6.105859279632568
26592,36,1.0041199922561646,1.0041199922561646,1.0041372776031494,1.729194264044054e-05,1.0,1.0,0.0,0.0,0.0,277,35.987892150878906,fresh_online_exploration,0,2,1.0,1.0,9.431573867797852,2.086643695831299,6.1123456954956055
26592,37,1.0000848770141602,1.0000848770141602,1.0003232955932617,0.00023844234237913042,1.0,1.0,0.0,0.0,0.0,277,35.85900115966797,fresh_online_exploration,0,2,1.0,1.0,9.48696231842041,2.089708089828491,6.051541328430176
26592,39,1.003122091293335,1.003122091293335,1.013790249824524,0.010668295435607433,1.0,1.0,0.0,0.0,0.0,277,35.931915283203125,fresh_online_exploration,0,2,1.0,1.0,9.426855087280273,2.095501661300659,6.104152202606201
26592,47,1.0007081031799316,1.0007081031799316,1.000715970993042,7.894103873695713e-06,1.0,1.0,0.0,0.0,0.0,277,35.93480682373047,fresh_online_exploration,0,2,1.0,1.0,9.475292205810547,2.080420970916748,6.092225074768066
26592,51,1.0016874074935913,1.0016874074935913,1.019972324371338,0.0182848758995533,1.0,1.0,0.0,0.0,0.0,277,35.937171936035156,fresh_online_exploration,0,2,1.0,1.0,9.429404258728027,2.0537612438201904,6.105676651000977
26592,54,1.000387191772461,1.000387191772461,1.0004758834838867,8.864868868840858e-05,1.0,1.0,0.0,0.0,0.0,277,35.55902099609375,fresh_online_exploration,0,2,1.0,1.0,9.436091423034668,2.100527286529541,5.653411865234375
26592,58,1.0018951892852783,1.0018951892852783,1.005509614944458,0.0036144147161394358,1.0,1.0,0.0,0.0,0.0,277,35.94235610961914,fresh_online_exploration,0,2,1.0,1.0,9.4900541305542,2.084942579269409,6.055418968200684
26592,62,1.0030471086502075,1.0030471086502075,1.0030553340911865,8.321477253048215e-06,1.0,1.0,0.0,0.0,0.0,277,35.94427490234375,fresh_online_exploration,0,2,1.0,1.0,9.416722297668457,2.0898492336273193,6.1185622215271
26592,63,1.0011531114578247,1.0011531114578247,1.0013806819915771,0.00022761612490285188,1.0,1.0,0.0,0.0,0.0,277,35.912357330322266,fresh_online_exploration,0,2,1.0,1.0,9.442404747009277,2.1032495498657227,6.111600399017334
26592,69,1.0010886192321777,1.0010886192321777,1.0054214000701904,0.004332749173045158,1.0,1.0,0.0,0.0,0.0,277,35.911190032958984,fresh_online_exploration,0,2,1.0,1.0,9.36373233795166,2.0779387950897217,6.084477424621582
26592,88,1.0045655965805054,1.0045655965805054,1.0045840740203857,1.844678081397433e-05,1.0,1.0,0.0,0.0,0.0,277,35.98860168457031,fresh_online_exploration,0,2,1.0,1.0,9.449429512023926,2.085428476333618,6.11754846572876
26592,91,1.0049796104431152,1.0049796104431152,1.008490800857544,0.0035110677126795053,1.0,1.0,0.0,0.0,0.0,277,35.99314498901367,fresh_online_exploration,0,2,1.0,1.0,9.524628639221191,2.0748367309570312,6.132900238037109
26688,11,1.0048967599868774,1.0048967599868774,1.007359266281128,0.0024624993093311787,1.0,1.0,0.0,0.0,0.0,278,35.638309478759766,fresh_online_exploration,0,2,1.0,1.0,9.56116008758545,2.098092794418335,5.623895645141602
26688,17,1.0063396692276,1.0063396692276,1.0068106651306152,0.00047104532131925225,1.0,1.0,0.0,0.0,0.0,278,35.61560821533203,fresh_online_exploration,0,2,1.0,1.0,9.48023509979248,2.096804618835449,5.588803768157959
26688,21,1.0051862001419067,1.0051862001419067,1.0054986476898193,0.00031248744926415384,1.0,1.0,0.0,0.0,0.0,278,36.0503044128418,fresh_online_exploration,0,2,1.0,1.0,9.495343208312988,2.0944736003875732,6.07436466217041
26688,24,1.0007840394973755,1.0007840394973755,1.0009758472442627,0.00019186982535757124,1.0,1.0,0.0,0.0,0.0,278,35.59320068359375,fresh_online_exploration,0,2,1.0,1.0,9.579094886779785,2.0827808380126953,5.581151008605957
26688,45,1.0052224397659302,1.0052224397659302,1.0090594291687012,0.003837086260318756,1.0,1.0,0.0,0.0,0.0,278,36.056819915771484,fresh_online_exploration,0,2,1.0,1.0,9.459463119506836,2.075949192047119,6.158473968505859
26688,68,1.0050022602081299,1.0050022602081299,1.0230048894882202,0.018002649769186974,1.0,1.0,0.0,0.0,0.0,278,35.99951934814453,fresh_online_exploration,0,2,1.0,1.0,9.461606979370117,2.1202080249786377,6.075870037078857
26688,70,1.0006422996520996,1.0006422996520996,1.00068199634552,3.969246245105751e-05,1.0,1.0,0.0,0.0,0.0,278,35.87343215942383,fresh_online_exploration,0,2,1.0,1.0,9.423903465270996,2.089371681213379,6.086461067199707
26688,76,1.0012972354888916,1.0012972354888916,1.0051207542419434,0.003823449369519949,1.0,1.0,0.0,0.0,0.0,278,35.95037078857422,fresh_online_exploration,0,2,1.0,1.0,9.37009334564209,2.092529296875,6.073564052581787
26784,4,1.0053480863571167,1.0053480863571167,1.0053578615188599,9.824411790759768e-06,1.0,1.0,0.0,0.0,0.0,279,35.63005065917969,fresh_online_exploration,0,2,1.0,1.0,9.490339279174805,2.0804615020751953,5.537257671356201
26784,18,1.0026121139526367,1.0026121139526367,1.002622127532959,9.967643563868478e-06,1.0,1.0,0.0,0.0,0.0,279,35.55502700805664,fresh_online_exploration,0,2,1.0,1.0,9.516701698303223,2.0824296474456787,5.50149393081665
26784,50,1.006221055984497,1.006221055984497,1.0064672231674194,0.0002462076663505286,1.0,1.0,0.0,0.0,0.0,279,35.71343231201172,fresh_online_exploration,0,2,1.0,1.0,9.418510437011719,2.0900537967681885,5.598162651062012
26784,71,1.0007483959197998,1.0007483959197998,1.0007562637329102,7.87559383752523e-06,1.0,1.0,0.0,0.0,0.0,279,35.5964241027832,fresh_online_exploration,0,2,1.0,1.0,9.509134292602539,2.099123001098633,5.525595188140869
26784,80,1.0035336017608643,1.0035336017608643,1.0035483837127686,1.4711676158185583e-05,1.0,1.0,0.0,0.0,0.0,279,35.689918518066406,fresh_online_exploration,0,2,1.0,1.0,9.60308837890625,2.093874454498291,5.615143299102783
26784,81,1.00263512134552,1.00263512134552,1.0026427507400513,7.651489795534872e-06,1.0,1.0,0.0,0.0,0.0,279,35.96310806274414,fresh_online_exploration,0,2,1.0,1.0,9.296024322509766,2.074446201324463,6.020350456237793
26784,84,1.0014101266860962,1.0014101266860962,1.0014232397079468,1.3117734852130525e-05,1.0,1.0,0.0,0.0,0.0,279,35.660743713378906,fresh_online_exploration,0,2,1.0,1.0,9.511866569519043,2.1316487789154053,5.550300121307373
26784,85,1.0054571628570557,1.0054571628570557,1.0055956840515137,0.0001385863870382309,1.0,1.0,0.0,0.0,0.0,279,35.76567077636719,fresh_online_exploration,0,2,1.0,1.0,9.57498550415039,2.0951361656188965,5.623709678649902
26880,14,1.0062578916549683,1.0062578916549683,1.0066099166870117,0.00035206566099077463,1.0,1.0,0.0,0.0,0.0,280,36.134498596191406,fresh_online_exploration,0,2,1.0,1.0,9.40432357788086,2.0828046798706055,5.99708890914917
26880,32,1.0040035247802734,1.0040035247802734,1.0041004419326782,9.691933519206941e-05,1.0,1.0,0.0,0.0,0.0,280,36.1443977355957,fresh_online_exploration,0,2,1.0,1.0,9.413996696472168,2.082387924194336,6.052249431610107
26880,66,1.0054160356521606,1.0054160356521606,1.0057789087295532,0.0003628786653280258,1.0,1.0,0.0,0.0,0.0,280,36.110015869140625,fresh_online_exploration,0,2,1.0,1.0,9.473190307617188,2.0845208168029785,6.0161848068237305
26880,77,1.0006769895553589,1.0006769895553589,1.0007526874542236,7.572479080408812e-05,1.0,1.0,0.0,0.0,0.0,280,36.014896392822266,fresh_online_exploration,0,2,1.0,1.0,9.444709777832031,2.081205368041992,5.976676940917969
26880,92,1.0039896965026855,1.0039896965026855,1.004167079925537,0.00017739585018716753,1.0,1.0,0.0,0.0,0.0,280,35.66381072998047,fresh_online_exploration,0,2,1.0,1.0,9.567805290222168,2.0743095874786377,5.516446590423584
26976,0,1.0010924339294434,1.0010924339294434,1.0011072158813477,1.4879414266033564e-05,1.0,1.0,0.0,0.0,0.0,281,36.0599250793457,fresh_online_exploration,0,2,1.0,1.0,9.310309410095215,2.073183059692383,5.964955806732178
26976,2,1.0023225545883179,1.0023225545883179,1.0039085149765015,0.0015859921695664525,1.0,1.0,0.0,0.0,0.0,281,35.66242218017578,fresh_online_exploration,0,2,1.0,1.0,9.467720031738281,2.101520538330078,5.4749531745910645
26976,16,1.0025187730789185,1.0025187730789185,1.002578854560852,6.007762931403704e-05,1.0,1.0,0.0,0.0,0.0,281,35.702423095703125,fresh_online_exploration,0,2,1.0,1.0,9.437080383300781,2.0768258571624756,5.499302387237549
26976,35,1.0032227039337158,1.0032227039337158,1.0033788681030273,0.00015625516243744642,1.0,1.0,0.0,0.0,0.0,281,36.04771423339844,fresh_online_exploration,0,2,1.0,1.0,9.374323844909668,2.112121820449829,5.9440412521362305
26976,40,1.005203127861023,1.005203127861023,1.0052112340927124,8.06952994025778e-06,1.0,1.0,0.0,0.0,0.0,281,35.76880645751953,fresh_online_exploration,0,2,1.0,1.0,9.506391525268555,2.114011287689209,5.5203728675842285
26976,86,1.004167079925537,1.004167079925537,1.0066752433776855,0.0025081199128180742,1.0,1.0,0.0,0.0,0.0,281,35.754981994628906,fresh_online_exploration,0,2,1.0,1.0,9.611109733581543,2.0922656059265137,5.560992240905762
27072,6,1.0022000074386597,1.0022000074386597,1.006908655166626,0.004708669614046812,1.0,1.0,0.0,0.0,0.0,282,36.140682220458984,fresh_online_exploration,0,2,1.0,1.0,9.325828552246094,2.0861523151397705,5.944471836090088
27072,23,1.0037845373153687,1.0037845373153687,1.0045509338378906,0.000766450772061944,1.0,1.0,0.0,0.0,0.0,282,36.08389663696289,fresh_online_exploration,0,2,1.0,1.0,9.378809928894043,2.1215686798095703,5.943442344665527
27072,33,1.001591444015503,1.001591444015503,1.001664400100708,7.288469350896776e-05,1.0,1.0,0.0,0.0,0.0,282,36.031166076660156,fresh_online_exploration,0,2,1.0,1.0,9.308914184570312,2.0816032886505127,5.909755706787109
27072,42,1.000644564628601,1.000644564628601,1.0010347366333008,0.0003902353055309504,1.0,1.0,0.0,0.0,0.0,282,35.589576721191406,fresh_online_exploration,0,2,1.0,1.0,9.484699249267578,2.083880662918091,5.403050899505615
27072,55,1.0003056526184082,1.0003056526184082,1.000314474105835,8.741621968511026e-06,1.0,1.0,0.0,0.0,0.0,282,35.6113395690918,fresh_online_exploration,0,2,1.0,1.0,9.459485054016113,2.119292974472046,5.443353176116943
27072,67,1.0013571977615356,1.0013571977615356,1.0020251274108887,0.0006679258076474071,1.0,1.0,0.0,0.0,0.0,282,35.67023468017578,fresh_online_exploration,0,2,1.0,1.0,9.417840003967285,2.081026315689087,5.465987682342529
27072,82,1.0040605068206787,1.0040605068206787,1.0041255950927734,6.505133205791935e-05,1.0,1.0,0.0,0.0,0.0,282,36.050899505615234,fresh_online_exploration,0,2,1.0,1.0,9.291994094848633,2.0781140327453613,5.923953533172607
27168,15,1.0045733451843262,1.0045733451843262,1.0047245025634766,0.0001511579321231693,1.0,1.0,0.0,0.0,0.0,283,35.753570556640625,fresh_online_exploration,0,2,1.0,1.0,9.426497459411621,2.0822744369506836,5.415196895599365
27168,19,1.005139946937561,1.005139946937561,1.005162239074707,2.222251168859657e-05,1.0,1.0,0.0,0.0,0.0,283,35.797691345214844,fresh_online_exploration,0,2,1.0,1.0,9.48390007019043,2.09993839263916,5.445219993591309
27168,49,1.004191279411316,1.004191279411316,1.0088670253753662,0.0046757920645177364,1.0,1.0,0.0,0.0,0.0,283,36.13555145263672,fresh_online_exploration,0,2,1.0,1.0,9.3174409866333,2.0689239501953125,5.9250807762146
27168,53,1.0062041282653809,1.0062041282653809,1.0062134265899658,9.24301548366202e-06,1.0,1.0,0.0,0.0,0.0,283,35.792869567871094,fresh_online_exploration,0,2,1.0,1.0,9.337573051452637,2.094499349594116,5.440028190612793
27168,57,1.0040258169174194,1.0040258169174194,1.0148634910583496,0.010837718844413757,1.0,1.0,0.0,0.0,0.0,283,35.831172943115234,fresh_online_exploration,0,2,1.0,1.0,9.451974868774414,2.1043334007263184,5.457537651062012
27168,74,1.001623511314392,1.001623511314392,1.0016655921936035,4.2031049815705046e-05,1.0,1.0,0.0,0.0,0.0,283,35.61530303955078,fresh_online_exploration,0,2,1.0,1.0,9.53681468963623,2.0848162174224854,5.451812744140625
27264,1,1.0029889345169067,1.0029889345169067,1.0030051469802856,1.6222114936681464e-05,1.0,1.0,0.0,0.0,0.0,284,35.74943923950195,fresh_online_exploration,0,2,1.0,1.0,9.393169403076172,2.098581314086914,5.378348350524902
27264,20,1.001814842224121,1.001814842224121,1.0018336772918701,1.8913522580987774e-05,1.0,1.0,0.0,0.0,0.0,284,35.670928955078125,fresh_online_exploration,0,2,1.0,1.0,9.492959976196289,2.1145241260528564,5.327116966247559
27264,41,1.000954031944275,1.000954031944275,1.0009983777999878,4.431965862750076e-05,1.0,1.0,0.0,0.0,0.0,284,35.73106384277344,fresh_online_exploration,0,2,1.0,1.0,9.582992553710938,2.0966646671295166,5.428491592407227
27264,46,1.004446268081665,1.004446268081665,1.005661129951477,0.001214870484545827,1.0,1.0,0.0,0.0,0.0,284,35.875518798828125,fresh_online_exploration,0,2,1.0,1.0,9.452415466308594,2.0993218421936035,5.463046550750732
27264,59,1.0011790990829468,1.0011790990829468,1.0011935234069824,1.4527580788126215e-05,1.0,1.0,0.0,0.0,0.0,284,35.69075393676758,fresh_online_exploration,0,2,1.0,1.0,9.40571403503418,2.087092876434326,5.362353801727295
27264,61,1.005410075187683,1.005410075187683,1.0054244995117188,1.4410678886633832e-05,1.0,1.0,0.0,0.0,0.0,284,35.771488189697266,fresh_online_exploration,0,2,1.0,1.0,9.392719268798828,2.0967516899108887,5.421611309051514
27264,64,1.0011811256408691,1.0011811256408691,1.0011967420578003,1.5634030205546878e-05,1.0,1.0,0.0,0.0,0.0,284,35.73109436035156,fresh_online_exploration,0,2,1.0,1.0,9.387150764465332,2.0741353034973145,5.372101783752441
27264,72,1.0053406953811646,1.0053406953811646,1.005349040031433,8.326726856466848e-06,1.0,1.0,0.0,0.0,0.0,284,36.15781021118164,fresh_online_exploration,0,2,1.0,1.0,9.277968406677246,2.0894775390625,5.863626956939697
27264,78,1.0037692785263062,1.0037692785263062,1.00435471534729,0.0005855042836628854,1.0,1.0,0.0,0.0,0.0,284,36.10417938232422,fresh_online_exploration,0,2,1.0,1.0,9.414008140563965,2.097777843475342,5.86898946762085
27360,38,1.0025571584701538,1.0025571584701538,1.0026392936706543,8.22274450911209e-05,1.0,1.0,0.0,0.0,0.0,285,35.761497497558594,fresh_online_exploration,0,2,1.0,1.0,9.517349243164062,2.089721202850342,5.383505821228027
27360,44,1.0061808824539185,1.0061808824539185,1.0062739849090576,9.316201612818986e-05,1.0,1.0,0.0,0.0,0.0,285,35.75950241088867,fresh_online_exploration,0,2,1.0,1.0,9.416247367858887,2.1168317794799805,5.342048645019531
27360,48,1.0063766241073608,1.0063766241073608,1.0064297914505005,5.307817627908662e-05,1.0,1.0,0.0,0.0,0.0,285,35.85017776489258,fresh_online_exploration,0,2,1.0,1.0,9.394575119018555,2.092487096786499,5.363321781158447
27456,3,1.0016897916793823,1.0016897916793823,1.001705288887024,1.548220097902231e-05,1.0,1.0,0.0,0.0,0.0,286,35.725013732910156,fresh_online_exploration,0,2,1.0,1.0,9.432365417480469,2.0839943885803223,5.279903411865234
27456,7,1.0046744346618652,1.0046744346618652,1.0046846866607666,1.018775856209686e-05,1.0,1.0,0.0,0.0,0.0,286,35.794830322265625,fresh_online_exploration,0,2,1.0,1.0,9.33027458190918,2.0809061527252197,5.33868408203125
27456,52,1.0049594640731812,1.0049594640731812,1.0050501823425293,9.08003348740749e-05,1.0,1.0,0.0,0.0,0.0,286,36.15193176269531,fresh_online_exploration,0,2,1.0,1.0,9.315290451049805,2.076855421066284,5.7807817459106445
27552,60,1.0021916627883911,1.0021916627883911,1.0022059679031372,1.4324520634545479e-05,1.0,1.0,0.0,0.0,0.0,287,35.83349609375,fresh_online_exploration,0,2,1.0,1.0,9.452223777770996,2.0995700359344482,5.322544097900391
27936,28,1.0043243169784546,1.0043243169784546,1.0043582916259766,3.404617018532008e-05,1.0,1.0,0.0,0.0,0.0,291,35.942970275878906,fresh_online_exploration,0,2,1.0,1.0,9.32693099975586,2.075985908508301,5.193022727966309
52320,89,1.0018848180770874,1.0018848180770874,1.0268168449401855,0.024931807070970535,1.0,1.0,0.0,0.0,0.0,269,35.4095344543457,fresh_online_exploration,2,4,1.0,1.0,9.86518669128418,2.6778197288513184,5.994509220123291
52416,83,1.0048493146896362,1.0048493146896362,1.0049688816070557,0.00011951994383707643,1.0,1.0,0.0,0.0,0.0,276,35.999263763427734,fresh_online_exploration,2,4,1.0,1.0,9.631647109985352,2.6682119369506836,6.169002532958984
52608,13,1.0054348707199097,1.0054348707199097,1.0172889232635498,0.011853877454996109,1.0,1.0,0.0,0.0,0.0,272,35.4932861328125,fresh_online_exploration,2,4,1.0,1.0,9.844865798950195,2.6763651371002197,5.806540012359619
52608,75,1.004155158996582,1.004155158996582,1.0082569122314453,0.004101733211427927,1.0,1.0,0.0,0.0,0.0,275,35.92075729370117,fresh_online_exploration,2,4,1.0,1.0,9.687372207641602,2.6877565383911133,6.193410873413086
52800,63,1.000411033630371,1.000411033630371,1.0066239833831787,0.006212790030986071,1.0,1.0,0.0,0.0,0.0,273,35.460166931152344,fresh_online_exploration,2,4,1.0,1.0,9.630940437316895,2.684004306793213,5.759745121002197
52800,73,1.0033965110778809,1.0033965110778809,1.003420352935791,2.388565189903602e-05,1.0,1.0,0.0,0.0,0.0,278,35.65422821044922,fresh_online_exploration,2,4,1.0,1.0,9.87354850769043,2.692591905593872,5.647603988647461
52800,77,1.0024993419647217,1.0024993419647217,1.019606590270996,0.017107320949435234,1.0,1.0,0.0,0.0,0.0,270,35.750030517578125,fresh_online_exploration,2,4,1.0,1.0,9.73534107208252,2.6649255752563477,6.324737071990967
52800,86,1.0040760040283203,1.0040760040283203,1.0046888589859009,0.0006128298700787127,1.0,1.0,0.0,0.0,0.0,269,35.405757904052734,fresh_online_exploration,2,4,1.0,1.0,9.52507495880127,2.6742300987243652,6.007832050323486
52800,95,1.0046164989471436,1.0046164989471436,1.0099513530731201,0.0053347875364124775,1.0,1.0,0.0,0.0,0.0,274,35.898216247558594,fresh_online_exploration,2,4,1.0,1.0,9.733366966247559,2.6744489669799805,6.286408424377441
52896,24,1.0001554489135742,1.0001554489135742,1.0031920671463013,0.0030365732964128256,1.0,1.0,0.0,0.0,0.0,273,35.805206298828125,fresh_online_exploration,2,4,1.0,1.0,9.691405296325684,2.6896684169769287,6.211174011230469
52896,76,1.0002371072769165,1.0002371072769165,1.0002737045288086,3.657105116872117e-05,1.0,1.0,0.0,0.0,0.0,273,35.80792999267578,fresh_online_exploration,2,4,1.0,1.0,9.716928482055664,2.6697604656219482,6.253952980041504
52992,29,1.000071406364441,1.000071406364441,1.0001895427703857,0.00011814305617008358,1.0,1.0,0.0,0.0,0.0,277,35.90277862548828,fresh_online_exploration,2,4,1.0,1.0,9.626777648925781,2.6858692169189453,6.085958003997803
52992,31,1.0014007091522217,1.0014007091522217,1.0014667510986328,6.611917342524976e-05,1.0,1.0,0.0,0.0,0.0,281,36.01469039916992,fresh_online_exploration,2,4,1.0,1.0,9.69153118133545,2.6560659408569336,5.943958282470703
52992,40,1.0025639533996582,1.0025639533996582,1.0168052911758423,0.014241357333958149,1.0,1.0,0.0,0.0,0.0,271,35.79893493652344,fresh_online_exploration,2,4,1.0,1.0,9.696314811706543,2.6695516109466553,6.322219371795654
52992,81,1.0021907091140747,1.0021907091140747,1.016340732574463,0.014150052331387997,1.0,1.0,0.0,0.0,0.0,273,35.823970794677734,fresh_online_exploration,2,4,1.0,1.0,9.705845832824707,2.6491544246673584,6.2234392166137695
53088,56,1.0034615993499756,1.0034615993499756,1.0050451755523682,0.001583630801178515,1.0,1.0,0.0,0.0,0.0,281,36.05316162109375,fresh_online_exploration,2,4,1.0,1.0,9.646988868713379,2.68642258644104,5.9523024559021
53088,68,1.0009589195251465,1.0009589195251465,1.0009676218032837,8.663259905006271e-06,1.0,1.0,0.0,0.0,0.0,275,35.84395217895508,fresh_online_exploration,2,4,1.0,1.0,9.720874786376953,2.6825220584869385,6.188071250915527
53184,26,1.000510334968567,1.000510334968567,1.0005207061767578,1.0367681170464493e-05,1.0,1.0,0.0,0.0,0.0,278,35.89985656738281,fresh_online_exploration,2,4,1.0,1.0,9.600225448608398,2.6632866859436035,6.056429386138916
53184,43,1.004563331604004,1.004563331604004,1.0047307014465332,0.00016735459212213755,1.0,1.0,0.0,0.0,0.0,280,36.04585266113281,fresh_online_exploration,2,4,1.0,1.0,9.625113487243652,2.6542723178863525,5.983921051025391
53184,79,1.0001729726791382,1.0001729726791382,1.0001962184906006,2.327201764273923e-05,1.0,1.0,0.0,0.0,0.0,278,35.94084930419922,fresh_online_exploration,2,4,1.0,1.0,9.672163009643555,2.6729252338409424,6.073890209197998
53184,90,1.0050839185714722,1.0050839185714722,1.0051465034484863,6.257492350414395e-05,1.0,1.0,0.0,0.0,0.0,279,36.086936950683594,fresh_online_exploration,2,4,1.0,1.0,9.64531135559082,2.666640520095825,6.0305399894714355
53184,91,1.0029308795928955,1.0029308795928955,1.0061743259429932,0.003243411658331752,1.0,1.0,0.0,0.0,0.0,277,35.9693717956543,fresh_online_exploration,2,4,1.0,1.0,9.67048168182373,2.6647086143493652,6.193680763244629
53280,2,1.0047060251235962,1.0047060251235962,1.0228266716003418,0.018120629712939262,1.0,1.0,0.0,0.0,0.0,274,35.8890266418457,fresh_online_exploration,2,4,1.0,1.0,9.689345359802246,2.6660714149475098,6.244556427001953
53280,22,1.0002217292785645,1.0002217292785645,1.000302791595459,8.112557407002896e-05,1.0,1.0,0.0,0.0,0.0,281,35.665008544921875,fresh_online_exploration,2,4,1.0,1.0,9.768712997436523,2.6689186096191406,5.505293846130371
53280,27,1.0001816749572754,1.0001816749572754,1.000196099281311,1.4425694644160103e-05,1.0,1.0,0.0,0.0,0.0,279,35.656463623046875,fresh_online_exploration,2,4,1.0,1.0,9.706377983093262,2.677248239517212,5.5717878341674805
53280,30,1.005313754081726,1.005313754081726,1.009143352508545,0.0038296515122056007,1.0,1.0,0.0,0.0,0.0,280,36.07286071777344,fresh_online_exploration,2,4,1.0,1.0,9.626949310302734,2.6703274250030518,6.079165935516357
53280,32,1.0008432865142822,1.0008432865142822,1.0008516311645508,8.261069524451159e-06,1.0,1.0,0.0,0.0,0.0,275,35.89420700073242,fresh_online_exploration,2,4,1.0,1.0,9.675630569458008,2.668830156326294,6.219482421875
53280,37,1.0011725425720215,1.0011725425720215,1.0214476585388184,0.020275214686989784,1.0,1.0,0.0,0.0,0.0,278,35.92854690551758,fresh_online_exploration,2,4,1.0,1.0,9.607672691345215,2.6810200214385986,6.057474136352539
53280,66,1.0002505779266357,1.0002505779266357,1.0004631280899048,0.00021254947932902724,1.0,1.0,0.0,0.0,0.0,275,35.831443786621094,fresh_online_exploration,2,4,1.0,1.0,9.704466819763184,2.686696767807007,6.171370983123779
53280,69,1.0049389600753784,1.0049389600753784,1.0299632549285889,0.02502422221004963,1.0,1.0,0.0,0.0,0.0,278,35.730010986328125,fresh_online_exploration,2,4,1.0,1.0,9.692466735839844,2.661613702774048,5.640897274017334
53280,84,1.004589557647705,1.004589557647705,1.0074334144592285,0.0028439101297408342,1.0,1.0,0.0,0.0,0.0,276,35.915584564208984,fresh_online_exploration,2,4,1.0,1.0,9.63116455078125,2.623595952987671,6.1816487312316895
53376,4,1.0003607273101807,1.0003607273101807,1.0003684759140015,7.752082638035063e-06,1.0,1.0,0.0,0.0,0.0,277,35.942115783691406,fresh_online_exploration,2,4,1.0,1.0,9.641209602355957,2.664238452911377,6.082595348358154
53376,71,1.0025001764297485,1.0025001764297485,1.0025393962860107,3.9260332414414734e-05,1.0,1.0,0.0,0.0,0.0,277,35.942466735839844,fresh_online_exploration,2,4,1.0,1.0,9.608278274536133,2.6434710025787354,6.116082191467285
53376,82,1.0022588968276978,1.0022588968276978,1.0185846090316772,0.01632581278681755,1.0,1.0,0.0,0.0,0.0,274,35.8833122253418,fresh_online_exploration,2,4,1.0,1.0,9.665908813476562,2.6580798625946045,6.214456558227539
53472,9,1.0029851198196411,1.0029851198196411,1.0073533058166504,0.004368254914879799,1.0,1.0,0.0,0.0,0.0,280,35.97524642944336,fresh_online_exploration,2,4,1.0,1.0,9.610146522521973,2.711270570755005,5.998828411102295
53472,12,1.0015676021575928,1.0015676021575928,1.0015771389007568,9.464420145377517e-06,1.0,1.0,0.0,0.0,0.0,281,35.673988342285156,fresh_online_exploration,2,4,1.0,1.0,9.646907806396484,2.686012029647827,5.50468635559082
53472,14,1.003172755241394,1.003172755241394,1.0031886100769043,1.586305552336853e-05,1.0,1.0,0.0,0.0,0.0,277,35.500816345214844,fresh_online_exploration,2,4,1.0,1.0,9.878999710083008,2.6791346073150635,5.574212551116943
53472,17,1.0050323009490967,1.0050323009490967,1.005218505859375,0.00018624041695147753,1.0,1.0,0.0,0.0,0.0,279,35.618438720703125,fresh_online_exploration,2,4,1.0,1.0,9.674921989440918,2.676112174987793,5.564560413360596
53472,39,1.005757451057434,1.005757451057434,1.005772352218628,1.4838007700745948e-05,1.0,1.0,0.0,0.0,0.0,280,36.04981231689453,fresh_online_exploration,2,4,1.0,1.0,9.647040367126465,2.6579973697662354,5.982551097869873
53472,50,1.002840518951416,1.002840518951416,1.0034101009368896,0.0005696454900316894,1.0,1.0,0.0,0.0,0.0,278,35.51066970825195,fresh_online_exploration,2,4,1.0,1.0,9.708931922912598,2.6544384956359863,5.551367282867432
53472,70,1.0047087669372559,1.0047087669372559,1.0048153400421143,0.0001066528056981042,1.0,1.0,0.0,0.0,0.0,279,35.98860168457031,fresh_online_exploration,2,4,1.0,1.0,9.607378005981445,2.676872968673706,6.08724308013916
53472,72,1.0038541555404663,1.0038541555404663,1.0126028060913086,0.008748692460358143,1.0,1.0,0.0,0.0,0.0,273,35.87678527832031,fresh_online_exploration,2,4,1.0,1.0,9.703193664550781,2.6777071952819824,6.253711223602295
53472,93,1.0031144618988037,1.0031144618988037,1.007131576538086,0.004017116967588663,1.0,1.0,0.0,0.0,0.0,282,36.03693389892578,fresh_online_exploration,2,4,1.0,1.0,9.597946166992188,2.6988344192504883,5.921761512756348
53568,8,1.0022417306900024,1.0022417306900024,1.00230073928833,5.892317130928859e-05,1.0,1.0,0.0,0.0,0.0,282,36.04390335083008,fresh_online_exploration,2,4,1.0,1.0,9.552976608276367,2.6814253330230713,5.924930095672607
53568,21,1.0008662939071655,1.0008662939071655,1.0009716749191284,0.0001053453961503692,1.0,1.0,0.0,0.0,0.0,280,35.99936294555664,fresh_online_exploration,2,4,1.0,1.0,9.62233829498291,2.671530246734619,6.0213165283203125
53568,23,1.0026090145111084,1.0026090145111084,1.0056989192962646,0.0030900631099939346,1.0,1.0,0.0,0.0,0.0,276,35.86687469482422,fresh_online_exploration,2,4,1.0,1.0,9.682156562805176,2.652273654937744,6.157350540161133
53568,42,1.0029126405715942,1.0029126405715942,1.0029239654541016,1.1350580280122813e-05,1.0,1.0,0.0,0.0,0.0,276,35.93191146850586,fresh_online_exploration,2,4,1.0,1.0,9.661115646362305,2.700669288635254,6.096270561218262
53568,92,1.0006393194198608,1.0006393194198608,1.005395531654358,0.004756232723593712,1.0,1.0,0.0,0.0,0.0,278,35.91427230834961,fresh_online_exploration,2,4,1.0,1.0,9.614904403686523,2.6868112087249756,6.040414810180664
53664,11,1.0003153085708618,1.0003153085708618,1.000331163406372,1.5819536201888695e-05,1.0,1.0,0.0,0.0,0.0,281,35.67481994628906,fresh_online_exploration,2,4,1.0,1.0,9.677144050598145,2.699328899383545,5.496751308441162
53664,18,1.0018222332000732,1.0018222332000732,1.0019819736480713,0.00015975823043845594,1.0,1.0,0.0,0.0,0.0,280,35.58794021606445,fresh_online_exploration,2,4,1.0,1.0,9.702272415161133,2.6678879261016846,5.49444580078125
53664,38,1.001283884048462,1.001283884048462,1.0145988464355469,0.013314982876181602,1.0,1.0,0.0,0.0,0.0,274,35.81926727294922,fresh_online_exploration,2,4,1.0,1.0,9.689595222473145,2.6545650959014893,6.171664237976074
53664,51,1.002949833869934,1.002949833869934,1.003560185432434,0.0006103380001150072,1.0,1.0,0.0,0.0,0.0,282,36.076114654541016,fresh_online_exploration,2,4,1.0,1.0,9.612577438354492,2.6722700595855713,5.9596757888793945
53664,58,1.0020989179611206,1.0020989179611206,1.0061684846878052,0.0040695820935070515,1.0,1.0,0.0,0.0,0.0,282,36.05094528198242,fresh_online_exploration,2,4,1.0,1.0,9.632798194885254,2.6741278171539307,5.903751850128174
53664,67,1.003231406211853,1.003231406211853,1.007228136062622,0.003996705170720816,1.0,1.0,0.0,0.0,0.0,277,35.98186111450195,fresh_online_exploration,2,4,1.0,1.0,9.655328750610352,2.6850199699401855,6.120184898376465
53664,88,1.0035983324050903,1.0035983324050903,1.0039411783218384,0.00034286698792129755,1.0,1.0,0.0,0.0,0.0,282,35.7265625,fresh_online_exploration,2,4,1.0,1.0,9.628995895385742,2.683500289916992,5.450771331787109
53760,5,1.0048234462738037,1.0048234462738037,1.0062403678894043,0.0014168850611895323,1.0,1.0,0.0,0.0,0.0,284,35.78739929199219,fresh_online_exploration,2,4,1.0,1.0,9.715998649597168,2.6828575134277344,5.381309509277344
53760,45,1.00480055809021,1.00480055809021,1.004814863204956,1.4237311006581876e-05,1.0,1.0,0.0,0.0,0.0,282,35.78219223022461,fresh_online_exploration,2,4,1.0,1.0,9.728999137878418,2.65307354927063,5.499181747436523
53760,48,1.0038031339645386,1.0038031339645386,1.004010796546936,0.00020766278612427413,1.0,1.0,0.0,0.0,0.0,275,35.91740798950195,fresh_online_exploration,2,4,1.0,1.0,9.715063095092773,2.6668481826782227,6.176377773284912
53760,64,1.0041288137435913,1.0041288137435913,1.0079036951065063,0.0037748210597783327,1.0,1.0,0.0,0.0,0.0,276,35.95711135864258,fresh_online_exploration,2,4,1.0,1.0,9.63021469116211,2.6816632747650146,6.157498836517334
53760,87,1.0019961595535278,1.0019961595535278,1.0026440620422363,0.0006478191935457289,1.0,1.0,0.0,0.0,0.0,284,35.70481872558594,fresh_online_exploration,2,4,1.0,1.0,9.676350593566895,2.698108673095703,5.399332046508789
53856,10,1.001281976699829,1.001281976699829,1.0013084411621094,2.6482381144887768e-05,1.0,1.0,0.0,0.0,0.0,286,35.80449676513672,fresh_online_exploration,2,4,1.0,1.0,9.685158729553223,2.6871895790100098,5.388363361358643
53856,33,1.0036389827728271,1.0036389827728271,1.0129129886627197,0.00927397795021534,1.0,1.0,0.0,0.0,0.0,279,35.69068908691406,fresh_online_exploration,2,4,1.0,1.0,9.666139602661133,2.6847786903381348,5.565561294555664
53856,36,1.0037437677383423,1.0037437677383423,1.0037604570388794,1.6700867490726523e-05,1.0,1.0,0.0,0.0,0.0,284,35.73975372314453,fresh_online_exploration,2,4,1.0,1.0,9.645276069641113,2.68146014213562,5.372262477874756
53856,49,1.0045818090438843,1.0045818090438843,1.0085707902908325,0.003989092074334621,1.0,1.0,0.0,0.0,0.0,278,36.03652572631836,fresh_online_exploration,2,4,1.0,1.0,9.667031288146973,2.6896164417266846,6.163471221923828
53856,52,1.0003241300582886,1.0003241300582886,1.0042484998703003,0.003924347460269928,1.0,1.0,0.0,0.0,0.0,275,35.771827697753906,fresh_online_exploration,2,4,1.0,1.0,9.656744956970215,2.7275261878967285,6.143496036529541
53856,54,1.003428339958191,1.003428339958191,1.0034711360931396,4.2777788621606305e-05,1.0,1.0,0.0,0.0,0.0,284,35.72840881347656,fresh_online_exploration,2,4,1.0,1.0,9.645727157592773,2.668760299682617,5.368628978729248
53856,65,1.0000338554382324,1.0000338554382324,1.0000426769256592,8.922054803406354e-06,1.0,1.0,0.0,0.0,0.0,288,35.76167678833008,fresh_online_exploration,2,4,1.0,1.0,9.562618255615234,2.6740543842315674,5.2271575927734375
54048,16,1.0023493766784668,1.0023493766784668,1.0023598670959473,1.0574115549388807e-05,1.0,1.0,0.0,0.0,0.0,282,36.045066833496094,fresh_online_exploration,2,4,1.0,1.0,9.552024841308594,2.6708474159240723,5.933609485626221
54048,25,1.0015145540237427,1.0015145540237427,1.0015623569488525,4.780953167937696e-05,1.0,1.0,0.0,0.0,0.0,289,35.8487548828125,fresh_online_exploration,2,4,1.0,1.0,9.664168357849121,2.665238380432129,5.258793830871582
54048,47,1.0052918195724487,1.0052918195724487,1.005299687385559,7.879674740252085e-06,1.0,1.0,0.0,0.0,0.0,286,35.81944274902344,fresh_online_exploration,2,4,1.0,1.0,9.59660816192627,2.6881344318389893,5.304782390594482
54048,57,1.0050685405731201,1.0050685405731201,1.005083441734314,1.4939568245608825e-05,1.0,1.0,0.0,0.0,0.0,280,36.04187774658203,fresh_online_exploration,2,4,1.0,1.0,9.608811378479004,2.6954190731048584,6.0271687507629395
54048,61,1.004885196685791,1.004885196685791,1.0049002170562744,1.5060988516779616e-05,1.0,1.0,0.0,0.0,0.0,279,36.0703010559082,fresh_online_exploration,2,4,1.0,1.0,9.624198913574219,2.700411558151245,6.078274250030518
54048,74,1.0041582584381104,1.0041582584381104,1.0088791847229004,0.004720939323306084,1.0,1.0,0.0,0.0,0.0,280,35.63068771362305,fresh_online_exploration,2,4,1.0,1.0,9.776926040649414,2.687633991241455,5.496105194091797
54048,94,1.0001676082611084,1.0001676082611084,1.0001813173294067,1.3703872355108615e-05,1.0,1.0,0.0,0.0,0.0,289,35.84224319458008,fresh_online_exploration,2,4,1.0,1.0,9.625147819519043,2.6758413314819336,5.278414249420166
54144,0,1.0061577558517456,1.0061577558517456,1.006281852722168,0.00012406674795784056,1.0,1.0,0.0,0.0,0.0,283,36.215362548828125,fresh_online_exploration,2,4,1.0,1.0,9.58682918548584,2.681119918823242,5.9089131355285645
54144,6,1.0053654909133911,1.0053654909133911,1.0065844058990479,0.0012189724948257208,1.0,1.0,0.0,0.0,0.0,282,36.14503479003906,fresh_online_exploration,2,4,1.0,1.0,9.59045696258545,2.665924072265625,5.947574615478516
54144,15,1.0036524534225464,1.0036524534225464,1.0076237916946411,0.00397129263728857,1.0,1.0,0.0,0.0,0.0,281,36.08674621582031,fresh_online_exploration,2,4,1.0,1.0,9.659624099731445,2.6923277378082275,5.960456848144531
54144,20,1.0021700859069824,1.0021700859069824,1.0022073984146118,3.729480886249803e-05,1.0,1.0,0.0,0.0,0.0,280,35.562828063964844,fresh_online_exploration,2,4,1.0,1.0,9.76904010772705,2.683350086212158,5.492739200592041
54144,34,1.0026434659957886,1.0026434659957886,1.002651333808899,7.865728548495099e-06,1.0,1.0,0.0,0.0,0.0,287,36.17192077636719,fresh_online_exploration,2,4,1.0,1.0,9.549884796142578,2.662325859069824,5.751509666442871
54144,80,1.001558780670166,1.001558780670166,1.001747727394104,0.00018895541143137962,1.0,1.0,0.0,0.0,0.0,285,35.7423095703125,fresh_online_exploration,2,4,1.0,1.0,9.56118392944336,2.6651878356933594,5.365541934967041
54240,3,1.0004658699035645,1.0004658699035645,1.0005600452423096,9.417142427992076e-05,1.0,1.0,0.0,0.0,0.0,279,35.944664001464844,fresh_online_exploration,2,4,1.0,1.0,9.704214096069336,2.6933963298797607,5.990813255310059
54240,62,1.0038777589797974,1.0038777589797974,1.0038974285125732,1.9721250282600522e-05,1.0,1.0,0.0,0.0,0.0,288,35.83204650878906,fresh_online_exploration,2,4,1.0,1.0,9.60208511352539,2.691512107849121,5.259853363037109
54240,78,1.0013190507888794,1.0013190507888794,1.0019567012786865,0.0006376482197083533,1.0,1.0,0.0,0.0,0.0,281,36.0284538269043,fresh_online_exploration,2,4,1.0,1.0,9.549983024597168,2.6644928455352783,6.001587867736816
54336,19,1.0037786960601807,1.0037786960601807,1.0037882328033447,9.469512406212743e-06,1.0,1.0,0.0,0.0,0.0,283,35.745948791503906,fresh_online_exploration,2,4,1.0,1.0,9.61621379852295,2.698572874069214,5.4088873863220215
54336,59,1.0003002882003784,1.0003002882003784,1.0003801584243774,7.985930278664455e-05,1.0,1.0,0.0,0.0,0.0,282,35.67329025268555,fresh_online_exploration,2,4,1.0,1.0,9.725738525390625,2.6754140853881836,5.474201679229736
54336,85,1.0007823705673218,1.0007823705673218,1.000917911529541,0.00013548778952099383,1.0,1.0,0.0,0.0,0.0,287,35.8071403503418,fresh_online_exploration,2,4,1.0,1.0,9.681557655334473,2.663454055786133,5.322352886199951
54432,55,1.0049161911010742,1.0049161911010742,1.004932165145874,1.5991707186913118e-05,1.0,1.0,0.0,0.0,0.0,285,35.83449935913086,fresh_online_exploration,2,4,1.0,1.0,9.61768913269043,2.6734163761138916,5.344895839691162
54528,1,1.0018999576568604,1.0018999576568604,1.0019174814224243,1.7537064195494168e-05,1.0,1.0,0.0,0.0,0.0,284,35.63371276855469,fresh_online_exploration,2,4,1.0,1.0,9.676782608032227,2.68369197845459,5.360561847686768
54528,35,1.0062347650527954,1.0062347650527954,1.0062507390975952,1.594413879502099e-05,1.0,1.0,0.0,0.0,0.0,287,35.837257385253906,fresh_online_exploration,2,4,1.0,1.0,9.57226276397705,2.639411687850952,5.272519588470459
54528,60,1.0023953914642334,1.0023953914642334,1.0025126934051514,0.00011734381405403838,1.0,1.0,0.0,0.0,0.0,281,35.663352966308594,fresh_online_exploration,2,4,1.0,1.0,9.775171279907227,2.709221124649048,5.470299243927002
54720,7,1.004392147064209,1.004392147064209,1.0044002532958984,8.099200385913718e-06,1.0,1.0,0.0,0.0,0.0,284,35.768733978271484,fresh_online_exploration,2,4,1.0,1.0,9.589363098144531,2.7089831829071045,5.403924942016602
54912,41,1.005342721939087,1.005342721939087,1.0054528713226318,0.0001101119487429969,1.0,1.0,0.0,0.0,0.0,288,35.88482666015625,fresh_online_exploration,2,4,1.0,1.0,9.594003677368164,2.682049512863159,5.26120662689209
55008,44,1.0011848211288452,1.0011848211288452,1.001267910003662,8.313314901897684e-05,1.0,1.0,0.0,0.0,0.0,288,35.784568786621094,fresh_online_exploration,2,4,1.0,1.0,9.529891967773438,2.6895291805267334,5.221776008605957
55008,46,1.0044025182724,1.0044025182724,1.0045983791351318,0.0001957901695277542,1.0,1.0,0.0,0.0,0.0,289,35.93390655517578,fresh_online_exploration,2,4,1.0,1.0,9.636018753051758,2.6787025928497314,5.233889579772949
55104,53,1.003153681755066,1.003153681755066,1.0031626224517822,8.952618372859433e-06,1.0,1.0,0.0,0.0,0.0,291,35.87727355957031,fresh_online_exploration,2,4,1.0,1.0,9.519638061523438,2.686720848083496,5.143266677856445
55200,28,1.0027388334274292,1.0027388334274292,1.002798318862915,5.954883818048984e-05,1.0,1.0,0.0,0.0,0.0,284,36.12044906616211,fresh_online_exploration,2,4,1.0,1.0,9.545083999633789,2.6745753288269043,5.865978717803955
78720,76,1.0033328533172607,1.0033328533172607,1.0151097774505615,0.01177691575139761,1.0,1.0,0.0,0.0,0.0,269,35.76129150390625,fresh_online_exploration,4,6,1.0,1.0,9.879181861877441,2.9960334300994873,6.4039082527160645
79200,24,1.0016930103302002,1.0016930103302002,1.005347728729248,0.003654640633612871,1.0,1.0,0.0,0.0,0.0,274,35.8394660949707,fresh_online_exploration,4,6,1.0,1.0,9.83492374420166,2.99918532371521,6.17966890335083
79296,89,1.0000598430633545,1.0000598430633545,1.0003631114959717,0.0003031642991118133,1.0,1.0,0.0,0.0,0.0,281,35.96623229980469,fresh_online_exploration,4,6,1.0,1.0,9.7153959274292,3.0373971462249756,5.90326452255249
79392,63,1.0041382312774658,1.0041382312774658,1.0226489305496216,0.018510568886995316,1.0,1.0,0.0,0.0,0.0,277,35.97580337524414,fresh_online_exploration,4,6,1.0,1.0,9.782232284545898,2.9717273712158203,6.067356109619141
79488,2,1.0039036273956299,1.0039036273956299,1.0197010040283203,0.01579737290740013,1.0,1.0,0.0,0.0,0.0,273,35.470157623291016,fresh_online_exploration,4,6,1.0,1.0,9.898624420166016,2.9710068702697754,5.757701873779297
79488,43,1.0034626722335815,1.0034626722335815,1.008148193359375,0.004685659427195787,1.0,1.0,0.0,0.0,0.0,274,35.837135314941406,fresh_online_exploration,4,6,1.0,1.0,9.795754432678223,3.0131404399871826,6.219807147979736
79488,73,1.004928708076477,1.004928708076477,1.0050103664398193,8.162597077898681e-05,1.0,1.0,0.0,0.0,0.0,278,35.621925354003906,fresh_online_exploration,4,6,1.0,1.0,9.91193962097168,2.963982105255127,5.605815887451172
79488,91,1.0010143518447876,1.0010143518447876,1.0013861656188965,0.0003718325460795313,1.0,1.0,0.0,0.0,0.0,274,35.90660858154297,fresh_online_exploration,4,6,1.0,1.0,9.843592643737793,2.9914519786834717,6.201035499572754
79584,11,1.0002795457839966,1.0002795457839966,1.006005048751831,0.005725526250898838,1.0,1.0,0.0,0.0,0.0,270,35.71751022338867,fresh_online_exploration,4,6,1.0,1.0,9.842643737792969,3.01485276222229,6.3271164894104
79584,75,1.0010733604431152,1.0010733604431152,1.00577974319458,0.004706311505287886,1.0,1.0,0.0,0.0,0.0,281,36.052223205566406,fresh_online_exploration,4,6,1.0,1.0,9.645750045776367,2.988044023513794,5.931950092315674
79680,29,1.0002496242523193,1.0002496242523193,1.0002611875534058,1.156159760284936e-05,1.0,1.0,0.0,0.0,0.0,278,35.89094543457031,fresh_online_exploration,4,6,1.0,1.0,9.785263061523438,3.0256106853485107,5.986716270446777
79680,56,1.003413438796997,1.003413438796997,1.003488540649414,7.510933210141957e-05,1.0,1.0,0.0,0.0,0.0,277,35.883975982666016,fresh_online_exploration,4,6,1.0,1.0,9.788422584533691,2.984145164489746,6.065029144287109
79776,83,1.00078547000885,1.00078547000885,1.0066919326782227,0.0059064822271466255,1.0,1.0,0.0,0.0,0.0,285,36.08241653442383,fresh_online_exploration,4,6,1.0,1.0,9.581160545349121,2.9069833755493164,5.769536972045898
79776,86,1.004671335220337,1.004671335220337,1.0050593614578247,0.00038797446177341044,1.0,1.0,0.0,0.0,0.0,281,36.090614318847656,fresh_online_exploration,4,6,1.0,1.0,9.740345001220703,2.9633233547210693,5.989020347595215
79872,50,1.0022159814834595,1.0022159814834595,1.0162196159362793,0.014003674499690533,1.0,1.0,0.0,0.0,0.0,275,35.82891845703125,fresh_online_exploration,4,6,1.0,1.0,9.82135009765625,2.990164279937744,6.128338813781738
79872,95,1.0002833604812622,1.0002833604812622,1.0003001689910889,1.6801059246063232e-05,1.0,1.0,0.0,0.0,0.0,282,35.60472869873047,fresh_online_exploration,4,6,1.0,1.0,9.73105525970459,2.979297637939453,5.415009021759033
80064,4,1.0049822330474854,1.0049822330474854,1.0049898624420166,7.652390195289627e-06,1.0,1.0,0.0,0.0,0.0,278,36.05651092529297,fresh_online_exploration,4,6,1.0,1.0,9.779346466064453,2.9887843132019043,6.0814714431762695
80064,9,1.0039699077606201,1.0039699077606201,1.0078424215316772,0.003872426226735115,1.0,1.0,0.0,0.0,0.0,277,35.96610641479492,fresh_online_exploration,4,6,1.0,1.0,9.724764823913574,2.975106716156006,6.1326117515563965
80064,17,1.0011169910430908,1.0011169910430908,1.001225471496582,0.00010852482955669984,1.0,1.0,0.0,0.0,0.0,277,35.87610626220703,fresh_online_exploration,4,6,1.0,1.0,9.756311416625977,2.974562406539917,6.069464683532715
80064,71,1.0015265941619873,1.0015265941619873,1.0016210079193115,9.442847658647224e-05,1.0,1.0,0.0,0.0,0.0,278,35.93193435668945,fresh_online_exploration,4,6,1.0,1.0,9.729296684265137,2.995098829269409,6.0619330406188965
80064,77,1.001616358757019,1.001616358757019,1.001624584197998,8.219852134061512e-06,1.0,1.0,0.0,0.0,0.0,284,35.69233322143555,fresh_online_exploration,4,6,1.0,1.0,9.724605560302734,2.956367015838623,5.353318214416504
80064,84,1.0061532258987427,1.0061532258987427,1.0061886310577393,3.539383760653436e-05,1.0,1.0,0.0,0.0,0.0,279,36.08753967285156,fresh_online_exploration,4,6,1.0,1.0,9.721673965454102,3.001415252685547,6.036016464233398
80064,88,1.0046790838241577,1.0046790838241577,1.008700966835022,0.004021830856800079,1.0,1.0,0.0,0.0,0.0,275,35.97624588012695,fresh_online_exploration,4,6,1.0,1.0,9.781205177307129,2.9855639934539795,6.243574619293213
80160,37,1.0056577920913696,1.0056577920913696,1.010063648223877,0.004405783489346504,1.0,1.0,0.0,0.0,0.0,280,36.03849792480469,fresh_online_exploration,4,7,1.0,1.0,9.607318878173828,2.958768129348755,5.9874067306518555
80160,38,1.0034940242767334,1.0034940242767334,1.0111799240112305,0.007685867603868246,1.0,1.0,0.0,0.0,0.0,276,35.93817138671875,fresh_online_exploration,4,7,1.0,1.0,9.795797348022461,3.021543025970459,6.1141839027404785
80160,40,1.000285267829895,1.000285267829895,1.0118257999420166,0.011540581472218037,1.0,1.0,0.0,0.0,0.0,283,36.0001335144043,fresh_online_exploration,4,7,1.0,1.0,9.650445938110352,2.990123987197876,5.846355438232422
80160,67,1.0016659498214722,1.0016659498214722,1.005632996559143,0.003967062570154667,1.0,1.0,0.0,0.0,0.0,276,35.90488815307617,fresh_online_exploration,4,7,1.0,1.0,9.776948928833008,3.004225015640259,6.129241466522217
80256,13,1.0022326707839966,1.0022326707839966,1.0061674118041992,0.003934807144105434,1.0,1.0,0.0,0.0,0.0,288,36.17583084106445,fresh_online_exploration,4,7,1.0,1.0,9.536322593688965,2.978111982345581,5.7164387702941895
80256,22,1.003827691078186,1.003827691078186,1.0073606967926025,0.0035329544916749,1.0,1.0,0.0,0.0,0.0,281,36.052276611328125,fresh_online_exploration,4,7,1.0,1.0,9.70434284210205,2.9743664264678955,5.971192359924316
80256,32,1.0047924518585205,1.0047924518585205,1.0072593688964844,0.00246700388379395,1.0,1.0,0.0,0.0,0.0,281,36.096946716308594,fresh_online_exploration,4,7,1.0,1.0,9.73741626739502,2.9627130031585693,5.97978401184082
80256,69,1.0045796632766724,1.0045796632766724,1.0046234130859375,4.365682980278507e-05,1.0,1.0,0.0,0.0,0.0,281,35.76497268676758,fresh_online_exploration,4,7,1.0,1.0,9.863743782043457,2.995211601257324,5.529947280883789
80256,81,1.004878044128418,1.004878044128418,1.0049006938934326,2.2725487724528648e-05,1.0,1.0,0.0,0.0,0.0,284,35.80663299560547,fresh_online_exploration,4,7,1.0,1.0,9.723674774169922,2.996424436569214,5.3907365798950195
80448,23,1.005568027496338,1.005568027496338,1.0092103481292725,0.003642273833975196,1.0,1.0,0.0,0.0,0.0,280,36.04901885986328,fresh_online_exploration,4,7,1.0,1.0,9.692996978759766,3.0406582355499268,5.985654830932617
80448,27,1.0027111768722534,1.0027111768722534,1.0067424774169922,0.004031210672110319,1.0,1.0,0.0,0.0,0.0,283,36.103458404541016,fresh_online_exploration,4,7,1.0,1.0,9.636359214782715,2.9708335399627686,5.904033660888672
80448,31,1.0023937225341797,1.0023937225341797,1.0065228939056396,0.004129130393266678,1.0,1.0,0.0,0.0,0.0,286,36.135162353515625,fresh_online_exploration,4,7,1.0,1.0,9.672253608703613,2.9940848350524902,5.784929275512695
80448,33,1.0040334463119507,1.0040334463119507,1.023881196975708,0.019847895950078964,1.0,1.0,0.0,0.0,0.0,277,35.943092346191406,fresh_online_exploration,4,7,1.0,1.0,9.72679615020752,2.970796585083008,6.114336967468262
80448,79,1.0043573379516602,1.0043573379516602,1.0044286251068115,7.124371768441051e-05,1.0,1.0,0.0,0.0,0.0,284,36.179100036621094,fresh_online_exploration,4,7,1.0,1.0,9.678594589233398,2.9880621433258057,5.883299827575684
80448,90,1.0007140636444092,1.0007140636444092,1.0013186931610107,0.0006045579211786389,1.0,1.0,0.0,0.0,0.0,284,35.72826385498047,fresh_online_exploration,4,7,1.0,1.0,9.720285415649414,3.011260509490967,5.401035308837891
80544,16,1.0025914907455444,1.0025914907455444,1.002610445022583,1.899804556160234e-05,1.0,1.0,0.0,0.0,0.0,276,35.90644836425781,fresh_online_exploration,4,7,1.0,1.0,9.808382987976074,2.9815142154693604,6.1186370849609375
80544,48,1.004940390586853,1.004940390586853,1.0054268836975098,0.00048645606148056686,1.0,1.0,0.0,0.0,0.0,279,36.002750396728516,fresh_online_exploration,4,7,1.0,1.0,9.79662036895752,3.0177061557769775,6.043007850646973
80544,49,1.0009534358978271,1.0009534358978271,1.0051360130310059,0.004182564560323954,1.0,1.0,0.0,0.0,0.0,278,35.97075653076172,fresh_online_exploration,4,7,1.0,1.0,9.803899765014648,2.9961178302764893,6.1084818840026855
80544,58,1.0001611709594727,1.0001611709594727,1.0001695156097412,8.302580681629479e-06,1.0,1.0,0.0,0.0,0.0,280,35.97379684448242,fresh_online_exploration,4,7,1.0,1.0,9.681493759155273,3.001277446746826,6.004397392272949
80544,59,1.003068208694458,1.003068208694458,1.0152795314788818,0.012211184948682785,1.0,1.0,0.0,0.0,0.0,273,35.84920883178711,fresh_online_exploration,4,7,1.0,1.0,9.81208610534668,2.9794912338256836,6.2324323654174805
80544,68,1.003358244895935,1.003358244895935,1.0108506679534912,0.007492346223443747,1.0,1.0,0.0,0.0,0.0,286,35.82115173339844,fresh_online_exploration,4,7,1.0,1.0,9.560786247253418,2.993530750274658,5.345609664916992
80544,70,1.0054420232772827,1.0054420232772827,1.0085656642913818,0.0031236137729138136,1.0,1.0,0.0,0.0,0.0,282,36.01374816894531,fresh_online_exploration,4,7,1.0,1.0,9.769826889038086,2.9907288551330566,5.94912576675415
80640,85,1.0017225742340088,1.0017225742340088,1.0276405811309814,0.02591796964406967,1.0,1.0,0.0,0.0,0.0,274,35.86763381958008,fresh_online_exploration,4,7,1.0,1.0,9.793911933898926,2.998019218444824,6.176830768585205
80736,6,1.0036413669586182,1.0036413669586182,1.0072414875030518,0.003600269788876176,1.0,1.0,0.0,0.0,0.0,277,36.012210845947266,fresh_online_exploration,4,7,1.0,1.0,9.855493545532227,3.0210461616516113,6.14104700088501
80736,8,1.0021690130233765,1.0021690130233765,1.0021772384643555,8.18365515442565e-06,1.0,1.0,0.0,0.0,0.0,283,36.064186096191406,fresh_online_exploration,4,7,1.0,1.0,9.677051544189453,3.0301005840301514,5.8947553634643555
80736,25,1.0030289888381958,1.0030289888381958,1.0030782222747803,4.9218702770303935e-05,1.0,1.0,0.0,0.0,0.0,278,35.66986846923828,fresh_online_exploration,4,7,1.0,1.0,9.819479942321777,3.0126352310180664,5.640836238861084
80736,92,1.001539945602417,1.001539945602417,1.012786626815796,0.011246678419411182,1.0,1.0,0.0,0.0,0.0,283,35.7296257019043,fresh_online_exploration,4,7,1.0,1.0,9.782552719116211,3.035607099533081,5.396275043487549
80832,39,1.0022727251052856,1.0022727251052856,1.0023678541183472,9.514860721537843e-05,1.0,1.0,0.0,0.0,0.0,285,36.11040496826172,fresh_online_exploration,4,7,1.0,1.0,9.63280963897705,3.018662452697754,5.831238746643066
80832,47,1.0038459300994873,1.0038459300994873,1.0039243698120117,7.844982610549778e-05,1.0,1.0,0.0,0.0,0.0,279,36.05686950683594,fresh_online_exploration,4,7,1.0,1.0,9.783427238464355,2.9896183013916016,6.007768154144287
80832,52,1.003685712814331,1.003685712814331,1.0081894397735596,0.004503690637648106,1.0,1.0,0.0,0.0,0.0,281,35.986263275146484,fresh_online_exploration,4,7,1.0,1.0,9.678522109985352,2.9947009086608887,5.952833652496338
80832,64,1.0042779445648193,1.0042779445648193,1.0202839374542236,0.016006028279662132,1.0,1.0,0.0,0.0,0.0,282,35.79375076293945,fresh_online_exploration,4,7,1.0,1.0,9.76379108428955,3.0174641609191895,5.534976959228516
80832,93,1.0020179748535156,1.0020179748535156,1.003456711769104,0.0014387221308425069,1.0,1.0,0.0,0.0,0.0,285,35.78944778442383,fresh_online_exploration,4,7,1.0,1.0,9.787201881408691,2.974242925643921,5.387099266052246
80832,94,1.002724528312683,1.002724528312683,1.0027384757995605,1.3915831004851498e-05,1.0,1.0,0.0,0.0,0.0,279,35.963218688964844,fresh_online_exploration,4,7,1.0,1.0,9.781841278076172,2.9961884021759033,6.005674362182617
80928,20,1.0045948028564453,1.0045948028564453,1.00515615940094,0.0005613136454485357,1.0,1.0,0.0,0.0,0.0,279,36.05234909057617,fresh_online_exploration,4,7,1.0,1.0,9.777976036071777,3.029015064239502,6.031196594238281
80928,26,1.0026321411132812,1.0026321411132812,1.0026415586471558,9.398516340297647e-06,1.0,1.0,0.0,0.0,0.0,289,36.154197692871094,fresh_online_exploration,4,7,1.0,1.0,9.527815818786621,3.0052621364593506,5.70990514755249
80928,42,1.0041744709014893,1.0041744709014893,1.0041890144348145,1.4603956515202299e-05,1.0,1.0,0.0,0.0,0.0,285,35.81099319458008,fresh_online_exploration,4,7,1.0,1.0,9.790322303771973,3.0488758087158203,5.376076698303223
80928,82,1.0035505294799805,1.0035505294799805,1.0035929679870605,4.240984344505705e-05,1.0,1.0,0.0,0.0,0.0,287,35.83351516723633,fresh_online_exploration,4,7,1.0,1.0,9.726557731628418,2.976733684539795,5.2699432373046875
81024,3,1.0048233270645142,1.0048233270645142,1.005407452583313,0.0005841007805429399,1.0,1.0,0.0,0.0,0.0,279,35.64375686645508,fresh_online_exploration,4,7,1.0,1.0,9.877607345581055,3.015700578689575,5.565873622894287
81024,5,1.0011788606643677,1.0011788606643677,1.0013079643249512,0.00012910919031128287,1.0,1.0,0.0,0.0,0.0,284,35.701988220214844,fresh_online_exploration,4,7,1.0,1.0,9.778071403503418,3.0225818157196045,5.365346908569336
81024,14,1.004186749458313,1.004186749458313,1.0041954517364502,8.632147910248023e-06,1.0,1.0,0.0,0.0,0.0,287,35.88905334472656,fresh_online_exploration,4,7,1.0,1.0,9.713225364685059,2.983999252319336,5.32863712310791
81024,30,1.0028973817825317,1.0028973817825317,1.0062847137451172,0.003387328702956438,1.0,1.0,0.0,0.0,0.0,289,36.22986602783203,fresh_online_exploration,4,7,1.0,1.0,9.618494033813477,2.9786837100982666,5.702493667602539
81024,46,1.0029054880142212,1.0029054880142212,1.013343095779419,0.010437614284455776,1.0,1.0,0.0,0.0,0.0,271,35.364166259765625,fresh_online_exploration,4,7,1.0,1.0,9.974771499633789,3.0188345909118652,5.764444351196289
81024,72,1.004004716873169,1.004004716873169,1.0042167901992798,0.0002120738208759576,1.0,1.0,0.0,0.0,0.0,287,35.837284088134766,fresh_online_exploration,4,7,1.0,1.0,9.778644561767578,2.9752070903778076,5.30884313583374
81120,18,1.0038355588912964,1.0038355588912964,1.0092487335205078,0.005413140170276165,1.0,1.0,0.0,0.0,0.0,286,36.15532302856445,fresh_online_exploration,4,7,1.0,1.0,9.584479331970215,3.0106570720672607,5.732351303100586
81120,19,1.0014303922653198,1.0014303922653198,1.007155179977417,0.00572467315942049,1.0,1.0,0.0,0.0,0.0,279,35.550540924072266,fresh_online_exploration,4,7,1.0,1.0,9.802413940429688,2.9782986640930176,5.500777244567871
81120,35,1.0034912824630737,1.0034912824630737,1.0035617351531982,7.039959018584341e-05,1.0,1.0,0.0,0.0,0.0,277,36.00699234008789,fresh_online_exploration,4,7,1.0,1.0,9.738252639770508,2.986198902130127,6.1001176834106445
81120,66,1.0023669004440308,1.0023669004440308,1.0025041103363037,0.00013713602675125003,1.0,1.0,0.0,0.0,0.0,290,36.24981689453125,fresh_online_exploration,4,7,1.0,1.0,9.618733406066895,2.9788050651550293,5.666143894195557
81120,87,1.0024113655090332,1.0024113655090332,1.0024325847625732,2.1165746147744358e-05,1.0,1.0,0.0,0.0,0.0,285,35.68829345703125,fresh_online_exploration,4,7,1.0,1.0,9.769477844238281,3.0246403217315674,5.31467342376709
81216,12,1.0032901763916016,1.0032901763916016,1.003298044204712,7.825994543964043e-06,1.0,1.0,0.0,0.0,0.0,289,35.83007049560547,fresh_online_exploration,4,7,1.0,1.0,9.604150772094727,2.994168996810913,5.208048343658447
81216,36,1.0040929317474365,1.0040929317474365,1.0041416883468628,4.8776022595120594e-05,1.0,1.0,0.0,0.0,0.0,285,35.85288619995117,fresh_online_exploration,4,7,1.0,1.0,9.779219627380371,2.991892099380493,5.397769451141357
81216,45,1.0025497674942017,1.0025497674942017,1.0025657415390015,1.5983932826202363e-05,1.0,1.0,0.0,0.0,0.0,286,35.82094192504883,fresh_online_exploration,4,7,1.0,1.0,9.773002624511719,3.0238661766052246,5.365378379821777
81216,51,1.0052011013031006,1.0052011013031006,1.0057809352874756,0.0005797946359962225,1.0,1.0,0.0,0.0,0.0,287,35.89258575439453,fresh_online_exploration,4,7,1.0,1.0,9.724759101867676,3.0184946060180664,5.3010358810424805
81216,55,1.0024983882904053,1.0024983882904053,1.0025395154953003,4.1097002394963056e-05,1.0,1.0,0.0,0.0,0.0,279,35.652435302734375,fresh_online_exploration,4,7,1.0,1.0,9.806317329406738,3.035550594329834,5.554137229919434
81216,57,1.0026984214782715,1.0026984214782715,1.0027134418487549,1.5069386790855788e-05,1.0,1.0,0.0,0.0,0.0,283,35.70996856689453,fresh_online_exploration,4,7,1.0,1.0,9.862921714782715,3.0219125747680664,5.420440196990967
81312,15,1.0029927492141724,1.0029927492141724,1.0030014514923096,8.693718882568646e-06,1.0,1.0,0.0,0.0,0.0,283,35.7801399230957,fresh_online_exploration,4,7,1.0,1.0,9.768399238586426,3.0199508666992188,5.4267578125
81312,21,1.0018987655639648,1.0018987655639648,1.004072904586792,0.002174134599044919,1.0,1.0,0.0,0.0,0.0,289,35.82142639160156,fresh_online_exploration,4,7,1.0,1.0,9.61152172088623,3.0527682304382324,5.189638614654541
81312,28,1.004178762435913,1.004178762435913,1.0174534320831299,0.013274597004055977,1.0,1.0,0.0,0.0,0.0,272,35.86033630371094,fresh_online_exploration,4,7,1.0,1.0,9.843567848205566,3.02764630317688,6.2469801902771
81312,54,1.003286600112915,1.003286600112915,1.0036009550094604,0.0003143133653793484,1.0,1.0,0.0,0.0,0.0,286,35.807708740234375,fresh_online_exploration,4,7,1.0,1.0,9.796760559082031,2.9598331451416016,5.327120304107666
81408,0,1.0044578313827515,1.0044578313827515,1.004472017288208,1.4210890185495373e-05,1.0,1.0,0.0,0.0,0.0,284,36.183677673339844,fresh_online_exploration,4,7,1.0,1.0,9.601845741271973,3.036944627761841,5.882072448730469
81408,62,1.002212405204773,1.002212405204773,1.0048871040344238,0.0026747346855700016,1.0,1.0,0.0,0.0,0.0,283,36.09586715698242,fresh_online_exploration,4,7,1.0,1.0,9.648820877075195,3.028123617172241,5.880039215087891
81408,74,1.002610445022583,1.002610445022583,1.0026274919509888,1.708214585960377e-05,1.0,1.0,0.0,0.0,0.0,285,35.67524337768555,fresh_online_exploration,4,7,1.0,1.0,9.840707778930664,3.002821445465088,5.329730033874512
81504,41,1.005069375038147,1.005069375038147,1.0109317302703857,0.005862236488610506,1.0,1.0,0.0,0.0,0.0,277,35.60601806640625,fresh_online_exploration,4,7,1.0,1.0,9.936846733093262,3.0401132106781006,5.613961219787598
81600,78,1.000889539718628,1.000889539718628,1.0014519691467285,0.0005623921169899404,1.0,1.0,0.0,0.0,0.0,285,36.08241271972656,fresh_online_exploration,4,7,1.0,1.0,9.651205062866211,3.0300164222717285,5.804645538330078
81600,80,1.0027498006820679,1.0027498006820679,1.0034751892089844,0.0007254232186824083,1.0,1.0,0.0,0.0,0.0,286,35.8102912902832,fresh_online_exploration,4,7,1.0,1.0,9.712913513183594,3.048567295074463,5.329145431518555
81696,65,1.0002119541168213,1.0002119541168213,1.0003035068511963,9.16194258024916e-05,1.0,1.0,0.0,0.0,0.0,290,35.81414794921875,fresh_online_exploration,4,7,1.0,1.0,9.66441822052002,3.013364315032959,5.171225070953369
81792,10,1.0036038160324097,1.0036038160324097,1.0036125183105469,8.752957910473924e-06,1.0,1.0,0.0,0.0,0.0,291,35.88441467285156,fresh_online_exploration,4,7,1.0,1.0,9.645113945007324,2.9942123889923096,5.152189254760742
81792,34,1.0048543214797974,1.0048543214797974,1.0048632621765137,9.002435945149045e-06,1.0,1.0,0.0,0.0,0.0,288,36.184486389160156,fresh_online_exploration,4,7,1.0,1.0,9.5813570022583,3.0407748222351074,5.721411228179932
81792,61,1.0004652738571167,1.0004652738571167,1.0013518333435059,0.0008865456911735237,1.0,1.0,0.0,0.0,0.0,289,35.78413772583008,fresh_online_exploration,4,7,1.0,1.0,9.657005310058594,3.003394842147827,5.178284168243408
81984,53,1.0027570724487305,1.0027570724487305,1.003305435180664,0.0005483307759277523,1.0,1.0,0.0,0.0,0.0,280,36.02819061279297,fresh_online_exploration,4,7,1.0,1.0,9.707263946533203,3.01643705368042,5.968973636627197
81984,60,1.0006273984909058,1.0006273984909058,1.0013246536254883,0.0006973219569772482,1.0,1.0,0.0,0.0,0.0,286,35.7508659362793,fresh_online_exploration,4,7,1.0,1.0,9.741397857666016,2.9897587299346924,5.291357517242432
82272,44,1.0019822120666504,1.0019822120666504,1.0031306743621826,0.0011483890702947974,1.0,1.0,0.0,0.0,0.0,284,35.69743347167969,fresh_online_exploration,4,7,1.0,1.0,9.697630882263184,3.017280101776123,5.342794418334961
82656,7,1.0014119148254395,1.0014119148254395,1.001420021057129,8.018208063731436e-06,1.0,1.0,0.0,0.0,0.0,291,35.92079544067383,fresh_online_exploration,4,7,1.0,1.0,9.737430572509766,3.0037364959716797,5.209975719451904
82752,1,1.0039381980895996,1.0039381980895996,1.0039541721343994,1.5913747120066546e-05,1.0,1.0,0.0,0.0,0.0,294,35.95934295654297,fresh_online_exploration,4,7,1.0,1.0,9.564179420471191,3.000370502471924,5.056145668029785
105024,76,1.0031070709228516,1.0031070709228516,1.003253698348999,0.00014658289728686213,1.0,1.0,0.0,0.0,0.0,274,35.923583984375,fresh_online_exploration,6,9,1.0,1.0,10.02645492553711,3.39634108543396,6.217249393463135
105504,91,1.002192735671997,1.002192735671997,1.0092673301696777,0.00707461079582572,1.0,1.0,0.0,0.0,0.0,271,35.82339859008789,fresh_online_exploration,6,9,1.0,1.0,10.056795120239258,3.4463183879852295,6.322810649871826
105696,29,1.00484037399292,1.00484037399292,1.0049057006835938,6.524127820739523e-05,1.0,1.0,0.0,0.0,0.0,271,35.848751068115234,fresh_online_exploration,6,9,1.0,1.0,9.959490776062012,3.397493600845337,6.330263614654541
105888,11,1.001906156539917,1.001906156539917,1.0019207000732422,1.4591139915864915e-05,1.0,1.0,0.0,0.0,0.0,274,35.885101318359375,fresh_online_exploration,6,9,1.0,1.0,9.975906372070312,3.4150729179382324,6.20443058013916
105888,63,1.00400710105896,1.00400710105896,1.004016637802124,9.52821210375987e-06,1.0,1.0,0.0,0.0,0.0,276,35.93537521362305,fresh_online_exploration,6,9,1.0,1.0,9.86747932434082,3.4157447814941406,6.158063888549805
105984,2,1.0009528398513794,1.0009528398513794,1.0009613037109375,8.434090887021739e-06,1.0,1.0,0.0,0.0,0.0,276,35.89482879638672,fresh_online_exploration,6,9,1.0,1.0,10.000832557678223,3.458998441696167,6.117344856262207
105984,56,1.0046838521957397,1.0046838521957397,1.0046913623809814,7.520395229221322e-06,1.0,1.0,0.0,0.0,0.0,274,35.88176345825195,fresh_online_exploration,6,9,1.0,1.0,10.005946159362793,3.3738222122192383,6.225340843200684
106176,24,1.0023882389068604,1.0023882389068604,1.0023964643478394,8.22191395855043e-06,1.0,1.0,0.0,0.0,0.0,281,36.05430221557617,fresh_online_exploration,6,9,1.0,1.0,9.900776863098145,3.4014337062835693,5.942622184753418
106176,37,1.0050911903381348,1.0050911903381348,1.018140435218811,0.013049129396677017,1.0,1.0,0.0,0.0,0.0,271,35.821441650390625,fresh_online_exploration,7,9,1.0,1.0,9.99888801574707,3.4227211475372314,6.323416709899902
106176,43,1.0017231702804565,1.0017231702804565,1.0020923614501953,0.0003691276942845434,1.0,1.0,0.0,0.0,0.0,278,35.954837799072266,fresh_online_exploration,6,9,1.0,1.0,9.954883575439453,3.4342494010925293,6.01117467880249
106176,73,1.0023210048675537,1.0023210048675537,1.0023300647735596,9.059596777660772e-06,1.0,1.0,0.0,0.0,0.0,278,35.542320251464844,fresh_online_exploration,6,9,1.0,1.0,10.061079978942871,3.4529449939727783,5.534621238708496
106176,75,1.0052467584609985,1.0052467584609985,1.0052664279937744,1.972127574845217e-05,1.0,1.0,0.0,0.0,0.0,277,35.5918083190918,fresh_online_exploration,6,9,1.0,1.0,10.023118019104004,3.398817300796509,5.636025428771973
106176,83,1.0041742324829102,1.0041742324829102,1.0043890476226807,0.00021481336443684995,1.0,1.0,0.0,0.0,0.0,275,35.95726013183594,fresh_online_exploration,6,9,1.0,1.0,9.95939826965332,3.4300248622894287,6.132380962371826
106272,86,1.0009028911590576,1.0009028911590576,1.0009124279022217,9.529763701721095e-06,1.0,1.0,0.0,0.0,0.0,276,35.88022232055664,fresh_online_exploration,6,9,1.0,1.0,9.961648941040039,3.4073567390441895,6.1020731925964355
106464,89,1.0045632123947144,1.0045632123947144,1.0045729875564575,9.781039807421621e-06,1.0,1.0,0.0,0.0,0.0,283,35.79109573364258,fresh_online_exploration,6,9,1.0,1.0,9.95799446105957,3.3874387741088867,5.4571852684021
106560,69,1.0023120641708374,1.0023120641708374,1.0059095621109009,0.0035975172650069,1.0,1.0,0.0,0.0,0.0,274,35.933502197265625,fresh_online_exploration,7,9,1.0,1.0,10.051770210266113,3.435040235519409,6.223665237426758
106560,81,1.0010453462600708,1.0010453462600708,1.0010530948638916,7.788069524394814e-06,1.0,1.0,0.0,0.0,0.0,274,35.85584259033203,fresh_online_exploration,7,9,1.0,1.0,9.99677848815918,3.431696891784668,6.197089672088623
106560,88,1.0007615089416504,1.0007615089416504,1.0009171962738037,0.00015579078171867877,1.0,1.0,0.0,0.0,0.0,276,35.506195068359375,fresh_online_exploration,6,9,1.0,1.0,9.955865859985352,3.4549498558044434,5.681600570678711
106656,38,1.00546133518219,1.00546133518219,1.0056006908416748,0.00013942511577624828,1.0,1.0,0.0,0.0,0.0,276,36.00909423828125,fresh_online_exploration,7,9,1.0,1.0,9.992210388183594,3.4232940673828125,6.129085540771484
106656,50,1.00211763381958,1.00211763381958,1.0022127628326416,9.502322791377082e-05,1.0,1.0,0.0,0.0,0.0,279,35.594600677490234,fresh_online_exploration,6,9,1.0,1.0,9.849267959594727,3.4396355152130127,5.5687479972839355
106656,58,1.0039823055267334,1.0039823055267334,1.0039911270141602,8.882759175321553e-06,1.0,1.0,0.0,0.0,0.0,272,35.875267028808594,fresh_online_exploration,7,9,1.0,1.0,10.045294761657715,3.4846062660217285,6.306212425231934
106656,93,1.0029540061950684,1.0029540061950684,1.0097577571868896,0.006803699769079685,1.0,1.0,0.0,0.0,0.0,269,35.425567626953125,fresh_online_exploration,7,9,1.0,1.0,9.836641311645508,3.4454493522644043,5.986159801483154
106752,17,1.0026556253433228,1.0026556253433228,1.0027315616607666,7.592508336529136e-05,1.0,1.0,0.0,0.0,0.0,278,35.62257385253906,fresh_online_exploration,6,9,1.0,1.0,10.05781364440918,3.4658021926879883,5.580320358276367
106848,23,1.0052775144577026,1.0052775144577026,1.0054683685302734,0.00019078458717558533,1.0,1.0,0.0,0.0,0.0,275,35.89956283569336,fresh_online_exploration,7,9,1.0,1.0,9.996834754943848,3.4222280979156494,6.161852836608887
106848,47,1.0025808811187744,1.0025808811187744,1.0025887489318848,7.878516044002026e-06,1.0,1.0,0.0,0.0,0.0,271,35.793243408203125,fresh_online_exploration,7,9,1.0,1.0,10.047557830810547,3.43827486038208,6.327081680297852
106848,70,1.0034083127975464,1.0034083127975464,1.0092823505401611,0.005874013528227806,1.0,1.0,0.0,0.0,0.0,274,35.84696960449219,fresh_online_exploration,7,9,1.0,1.0,10.018184661865234,3.4554450511932373,6.220827102661133
106944,16,1.001603126525879,1.001603126525879,1.0016140937805176,1.091177182388492e-05,1.0,1.0,0.0,0.0,0.0,275,35.90215301513672,fresh_online_exploration,7,9,1.0,1.0,9.968918800354004,3.4712319374084473,6.1983819007873535
106944,32,1.0026217699050903,1.0026217699050903,1.0144902467727661,0.01186832133680582,1.0,1.0,0.0,0.0,0.0,278,35.989112854003906,fresh_online_exploration,7,9,1.0,1.0,9.978997230529785,3.428797960281372,6.083915710449219
106944,67,1.00387704372406,1.00387704372406,1.0245158672332764,0.020638510584831238,1.0,1.0,0.0,0.0,0.0,279,35.65300750732422,fresh_online_exploration,7,9,1.0,1.0,10.112837791442871,3.4387047290802,5.608407974243164
106944,77,1.0045113563537598,1.0045113563537598,1.0045520067214966,4.0643328247824684e-05,1.0,1.0,0.0,0.0,0.0,280,35.645660400390625,fresh_online_exploration,6,9,1.0,1.0,10.005716323852539,3.463852643966675,5.501360893249512
106944,79,1.0015223026275635,1.0015223026275635,1.00715970993042,0.0056372880935668945,1.0,1.0,0.0,0.0,0.0,276,35.93049621582031,fresh_online_exploration,7,9,1.0,1.0,10.012835502624512,3.42458438873291,6.133989334106445
106944,84,1.0009517669677734,1.0009517669677734,1.0009608268737793,9.050550943356939e-06,1.0,1.0,0.0,0.0,0.0,280,35.63106155395508,fresh_online_exploration,6,9,1.0,1.0,9.999385833740234,3.45723295211792,5.495553970336914
106944,95,1.0021164417266846,1.0021164417266846,1.0021313428878784,1.4854312212264631e-05,1.0,1.0,0.0,0.0,0.0,282,35.75013732910156,fresh_online_exploration,6,9,1.0,1.0,9.805821418762207,3.424049139022827,5.5493292808532715
107040,4,1.005331039428711,1.005331039428711,1.005556583404541,0.000225575509830378,1.0,1.0,0.0,0.0,0.0,281,36.12327575683594,fresh_online_exploration,6,9,1.0,1.0,9.934442520141602,3.4403798580169678,5.933978080749512
107040,40,1.0010954141616821,1.0010954141616821,1.0011062622070312,1.0832372026925441e-05,1.0,1.0,0.0,0.0,0.0,280,35.629661560058594,fresh_online_exploration,7,9,1.0,1.0,10.053295135498047,3.4340455532073975,5.495014190673828
107232,13,1.006060004234314,1.006060004234314,1.0060710906982422,1.1153918421769049e-05,1.0,1.0,0.0,0.0,0.0,281,35.746849060058594,fresh_online_exploration,7,9,1.0,1.0,9.958324432373047,3.4596831798553467,5.476357936859131
107232,22,1.0037739276885986,1.0037739276885986,1.0070630311965942,0.0032890639267861843,1.0,1.0,0.0,0.0,0.0,281,36.09669494628906,fresh_online_exploration,7,9,1.0,1.0,9.923288345336914,3.4527337551116943,5.930984020233154
107232,31,1.0034139156341553,1.0034139156341553,1.0034300088882446,1.603451164555736e-05,1.0,1.0,0.0,0.0,0.0,279,35.68562698364258,fresh_online_exploration,7,9,1.0,1.0,10.003142356872559,3.427694320678711,5.546309947967529
107232,49,1.001283049583435,1.001283049583435,1.002779245376587,0.0014961006818339229,1.0,1.0,0.0,0.0,0.0,278,35.97078323364258,fresh_online_exploration,7,9,1.0,1.0,10.049586296081543,3.431865692138672,6.096158981323242
107232,52,1.0037540197372437,1.0037540197372437,1.005505919456482,0.001751866191625595,1.0,1.0,0.0,0.0,0.0,275,35.8198356628418,fresh_online_exploration,7,9,1.0,1.0,10.027532577514648,3.4542739391326904,6.170413494110107
107232,68,1.0015277862548828,1.0015277862548828,1.001536250114441,8.46745660965098e-06,1.0,1.0,0.0,0.0,0.0,278,35.9334602355957,fresh_online_exploration,7,9,1.0,1.0,9.964993476867676,3.4424660205841064,6.054780960083008
107328,9,1.0045139789581299,1.0045139789581299,1.008462905883789,0.0039488784968853,1.0,1.0,0.0,0.0,0.0,284,35.78421401977539,fresh_online_exploration,6,9,1.0,1.0,9.98279857635498,3.470162868499756,5.425412654876709
107328,25,1.004365086555481,1.004365086555481,1.0132453441619873,0.00888030230998993,1.0,1.0,0.0,0.0,0.0,277,35.68588638305664,fresh_online_exploration,7,9,1.0,1.0,9.99422836303711,3.3893725872039795,5.672366142272949
107328,33,1.00385320186615,1.00385320186615,1.0039162635803223,6.314484926406294e-05,1.0,1.0,0.0,0.0,0.0,280,35.66059875488281,fresh_online_exploration,7,9,1.0,1.0,9.939902305603027,3.408254861831665,5.545179843902588
107424,0,1.0003695487976074,1.0003695487976074,1.004470944404602,0.004101403523236513,1.0,1.0,0.0,0.0,0.0,271,35.80937576293945,fresh_online_exploration,7,9,1.0,1.0,10.065428733825684,3.421382188796997,6.328824043273926
107520,28,1.0008161067962646,1.0008161067962646,1.0008314847946167,1.5321811588364653e-05,1.0,1.0,0.0,0.0,0.0,273,35.85717010498047,fresh_online_exploration,7,9,1.0,1.0,10.022770881652832,3.4468915462493896,6.199464797973633
107520,39,1.0059843063354492,1.0059843063354492,1.005998969078064,1.4650196135335136e-05,1.0,1.0,0.0,0.0,0.0,278,35.660125732421875,fresh_online_exploration,7,9,1.0,1.0,9.946224212646484,3.4388434886932373,5.636106491088867
107520,42,1.005005955696106,1.005005955696106,1.0050145387649536,8.580703251936939e-06,1.0,1.0,0.0,0.0,0.0,277,36.005008697509766,fresh_online_exploration,7,9,1.0,1.0,9.970354080200195,3.4266295433044434,6.110677242279053
107520,64,1.0055692195892334,1.0055692195892334,1.0055859088897705,1.6612535546300933e-05,1.0,1.0,0.0,0.0,0.0,278,36.030906677246094,fresh_online_exploration,7,9,1.0,1.0,10.013463020324707,3.4208967685699463,6.079984664916992
107520,66,1.0017082691192627,1.0017082691192627,1.0083396434783936,0.006631373893469572,1.0,1.0,0.0,0.0,0.0,275,35.49978256225586,fresh_online_exploration,7,9,1.0,1.0,10.028116226196289,3.4581451416015625,5.665165901184082
107520,78,1.0006471872329712,1.0006471872329712,1.011043906211853,0.010396743193268776,1.0,1.0,0.0,0.0,0.0,270,35.70869445800781,fresh_online_exploration,7,9,1.0,1.0,10.0540132522583,3.404172897338867,6.340991497039795
107616,3,1.0066670179367065,1.0066670179367065,1.0087265968322754,0.002059652004390955,1.0,1.0,0.0,0.0,0.0,277,35.56766891479492,fresh_online_exploration,7,9,1.0,1.0,10.08874225616455,3.4404563903808594,5.5959577560424805
107616,5,1.003541350364685,1.003541350364685,1.0068409442901611,0.0032994935754686594,1.0,1.0,0.0,0.0,0.0,277,35.96289825439453,fresh_online_exploration,7,9,1.0,1.0,9.937285423278809,3.4484035968780518,6.071568965911865
107616,27,1.0050561428070068,1.0050561428070068,1.0054115056991577,0.00035540046519599855,1.0,1.0,0.0,0.0,0.0,283,35.816280364990234,fresh_online_exploration,7,9,1.0,1.0,9.9664306640625,3.417504072189331,5.456818580627441
107616,30,1.0010336637496948,1.0010336637496948,1.002997636795044,0.0019640347454696894,1.0,1.0,0.0,0.0,0.0,277,35.62445068359375,fresh_online_exploration,7,9,1.0,1.0,9.934064865112305,3.423099994659424,5.70632266998291
107616,82,1.003218650817871,1.003218650817871,1.0097713470458984,0.006552800536155701,1.0,1.0,0.0,0.0,0.0,278,35.977821350097656,fresh_online_exploration,7,9,1.0,1.0,9.88789176940918,3.4326887130737305,6.008598327636719
107616,90,1.0005959272384644,1.0005959272384644,1.0009946823120117,0.00039874771027825773,1.0,1.0,0.0,0.0,0.0,283,35.7366828918457,fresh_online_exploration,7,9,1.0,1.0,9.900341033935547,3.3868165016174316,5.420337677001953
107712,6,1.0054335594177246,1.0054335594177246,1.0103261470794678,0.004892504774034023,1.0,1.0,0.0,0.0,0.0,281,36.14029312133789,fresh_online_exploration,7,9,1.0,1.0,9.995268821716309,3.3761141300201416,5.976510524749756
107712,12,1.0022435188293457,1.0022435188293457,1.0074608325958252,0.005217411555349827,1.0,1.0,0.0,0.0,0.0,276,35.89500427246094,fresh_online_exploration,7,9,1.0,1.0,9.934981346130371,3.4504358768463135,6.157776355743408
107712,46,1.0039575099945068,1.0039575099945068,1.0091450214385986,0.005187492351979017,1.0,1.0,0.0,0.0,0.0,278,36.03976058959961,fresh_online_exploration,7,9,1.0,1.0,10.021160125732422,3.441981554031372,6.0478739738464355
107712,48,1.0016528367996216,1.0016528367996216,1.0018818378448486,0.00022897747112438083,1.0,1.0,0.0,0.0,0.0,283,35.695560455322266,fresh_online_exploration,7,9,1.0,1.0,9.937962532043457,3.4521374702453613,5.395480155944824
107808,14,1.0036290884017944,1.0036290884017944,1.0092380046844482,0.005608915351331234,1.0,1.0,0.0,0.0,0.0,279,36.035675048828125,fresh_online_exploration,7,9,1.0,1.0,9.932844161987305,3.427968740463257,5.973689079284668
107808,85,1.000542163848877,1.000542163848877,1.00055730342865,1.5131151485547889e-05,1.0,1.0,0.0,0.0,0.0,283,35.717220306396484,fresh_online_exploration,7,9,1.0,1.0,10.050162315368652,3.448028564453125,5.434410095214844
107904,15,1.0013238191604614,1.0013238191604614,1.0014985799789429,0.00017475095228292048,1.0,1.0,0.0,0.0,0.0,277,35.90425109863281,fresh_online_exploration,7,9,1.0,1.0,9.947415351867676,3.4565751552581787,6.084009647369385
107904,26,1.0010215044021606,1.0010215044021606,1.001030683517456,9.116542059928179e-06,1.0,1.0,0.0,0.0,0.0,281,35.947635650634766,fresh_online_exploration,7,9,1.0,1.0,9.912907600402832,3.4386184215545654,5.930496692657471
107904,72,1.0023243427276611,1.0023243427276611,1.005467414855957,0.003143082605674863,1.0,1.0,0.0,0.0,0.0,280,36.02765655517578,fresh_online_exploration,7,9,1.0,1.0,10.006516456604004,3.442686080932617,5.986072063446045
107904,74,1.0024148225784302,1.0024148225784302,1.0060629844665527,0.003648185171186924,1.0,1.0,0.0,0.0,0.0,276,35.87605285644531,fresh_online_exploration,7,9,1.0,1.0,10.002009391784668,3.413094997406006,6.1063761711120605
108000,8,1.00184166431427,1.00184166431427,1.0019844770431519,0.0001427828537998721,1.0,1.0,0.0,0.0,0.0,284,35.72130584716797,fresh_online_exploration,7,9,1.0,1.0,9.995665550231934,3.3898391723632812,5.372603416442871
108000,19,1.0027735233306885,1.0027735233306885,1.002814531326294,4.094339965377003e-05,1.0,1.0,0.0,0.0,0.0,280,35.55415344238281,fresh_online_exploration,7,9,1.0,1.0,10.016474723815918,3.438443183898926,5.480336666107178
108000,54,1.001699447631836,1.001699447631836,1.0072342157363892,0.005534799303859472,1.0,1.0,0.0,0.0,0.0,278,35.89845275878906,fresh_online_exploration,7,9,1.0,1.0,9.972606658935547,3.453325033187866,6.064660549163818
108000,92,1.0009106397628784,1.0009106397628784,1.0010008811950684,9.031152148963884e-05,1.0,1.0,0.0,0.0,0.0,284,35.705116271972656,fresh_online_exploration,7,9,1.0,1.0,9.986809730529785,3.3965823650360107,5.372361183166504
108000,94,1.0030237436294556,1.0030237436294556,1.004005789756775,0.0009820767445489764,1.0,1.0,0.0,0.0,0.0,283,36.10179901123047,fresh_online_exploration,7,9,1.0,1.0,9.896936416625977,3.4418036937713623,5.8725690841674805
108096,18,1.0040007829666138,1.0040007829666138,1.0040733814239502,7.266139436978847e-05,1.0,1.0,0.0,0.0,0.0,281,35.710723876953125,fresh_online_exploration,7,9,1.0,1.0,9.97826862335205,3.4660329818725586,5.466775894165039
108096,21,1.0001970529556274,1.0001970529556274,1.0002069473266602,9.839004633249715e-06,1.0,1.0,0.0,0.0,0.0,279,35.925472259521484,fresh_online_exploration,7,9,1.0,1.0,9.973730087280273,3.4468929767608643,5.983758926391602
108192,59,1.0056307315826416,1.0056307315826416,1.0056451559066772,1.4463703337241895e-05,1.0,1.0,0.0,0.0,0.0,288,35.86487579345703,fresh_online_exploration,7,9,1.0,1.0,9.80737590789795,3.4515888690948486,5.239469528198242
108192,71,1.0051391124725342,1.0051391124725342,1.00514817237854,9.138077075476758e-06,1.0,1.0,0.0,0.0,0.0,293,35.97652053833008,fresh_online_exploration,6,9,1.0,1.0,9.7863187789917,3.4530463218688965,5.085144996643066
108288,41,1.0001354217529297,1.0001354217529297,1.0015825033187866,0.001447139191441238,1.0,1.0,0.0,0.0,0.0,279,35.554107666015625,fresh_online_exploration,7,9,1.0,1.0,10.047439575195312,3.410533905029297,5.498353481292725
108288,45,1.0004521608352661,1.0004521608352661,1.009246826171875,0.00879474263638258,1.0,1.0,0.0,0.0,0.0,282,36.024208068847656,fresh_online_exploration,7,9,1.0,1.0,9.885605812072754,3.46991229057312,5.910085201263428
108288,61,1.0020283460617065,1.0020283460617065,1.006324291229248,0.0042958613485097885,1.0,1.0,0.0,0.0,0.0,276,35.923606872558594,fresh_online_exploration,7,9,1.0,1.0,9.967679023742676,3.390015125274658,6.165852069854736
108384,35,1.0031468868255615,1.0031468868255615,1.0031614303588867,1.453459572076099e-05,1.0,1.0,0.0,0.0,0.0,284,35.783599853515625,fresh_online_exploration,7,9,1.0,1.0,10.017553329467773,3.4416372776031494,5.423458576202393
108480,80,1.005333662033081,1.005333662033081,1.0053514242172241,1.7748794562066905e-05,1.0,1.0,0.0,0.0,0.0,280,36.076107025146484,fresh_online_exploration,7,9,1.0,1.0,9.892960548400879,3.3966469764709473,6.0280561447143555
108480,87,1.0026506185531616,1.0026506185531616,1.0027375221252441,8.690438698977232e-05,1.0,1.0,0.0,0.0,0.0,285,35.748252868652344,fresh_online_exploration,7,9,1.0,1.0,9.925602912902832,3.4345767498016357,5.342042922973633
108576,10,1.003720998764038,1.003720998764038,1.0037288665771484,7.871570232964586e-06,1.0,1.0,0.0,0.0,0.0,279,36.04010009765625,fresh_online_exploration,7,9,1.0,1.0,9.934492111206055,3.374918222427368,6.0480637550354
108576,36,1.0011203289031982,1.0011203289031982,1.0011284351348877,8.12152666185284e-06,1.0,1.0,0.0,0.0,0.0,285,35.71628189086914,fresh_online_exploration,7,9,1.0,1.0,9.940508842468262,3.45485782623291,5.313376426696777
108576,51,1.0054607391357422,1.0054607391357422,1.0062615871429443,0.0008007461437955499,1.0,1.0,0.0,0.0,0.0,285,35.838287353515625,fresh_online_exploration,7,9,1.0,1.0,9.996756553649902,3.4210357666015625,5.3856964111328125
108576,53,1.0047951936721802,1.0047951936721802,1.0091629028320312,0.004367585759609938,1.0,1.0,0.0,0.0,0.0,277,35.95598220825195,fresh_online_exploration,7,9,1.0,1.0,9.926486015319824,3.4455132484436035,6.098114013671875
108672,20,1.0048551559448242,1.0048551559448242,1.0048645734786987,9.435148967895657e-06,1.0,1.0,0.0,0.0,0.0,289,35.89708709716797,fresh_online_exploration,7,9,1.0,1.0,9.86618423461914,3.4324324131011963,5.239977836608887
108672,57,1.005822777748108,1.005822777748108,1.0058369636535645,1.409831293130992e-05,1.0,1.0,0.0,0.0,0.0,286,35.86442565917969,fresh_online_exploration,7,9,1.0,1.0,9.917277336120605,3.445533514022827,5.3426666259765625
108864,34,1.0024113655090332,1.0024113655090332,1.0024216175079346,1.0251532330585178e-05,1.0,1.0,0.0,0.0,0.0,282,35.7261962890625,fresh_online_exploration,7,9,1.0,1.0,9.897290229797363,3.363762378692627,5.4759297370910645
108864,62,1.0045357942581177,1.0045357942581177,1.0045602321624756,2.4480968932039104e-05,1.0,1.0,0.0,0.0,0.0,286,35.76934814453125,fresh_online_exploration,7,9,1.0,1.0,9.912885665893555,3.4333767890930176,5.29591703414917
108960,55,1.00201416015625,1.00201416015625,1.002051591873169,3.740091051440686e-05,1.0,1.0,0.0,0.0,0.0,289,35.79934310913086,fresh_online_exploration,7,9,1.0,1.0,9.96023941040039,3.4529786109924316,5.226258277893066
109152,60,1.0029466152191162,1.0029466152191162,1.0029613971710205,1.472865005780477e-05,1.0,1.0,0.0,0.0,0.0,283,35.7197380065918,fresh_online_exploration,7,9,1.0,1.0,10.005648612976074,3.4568355083465576,5.400402069091797
109152,65,1.0026443004608154,1.0026443004608154,1.0027048587799072,6.051689706509933e-05,1.0,1.0,0.0,0.0,0.0,286,35.80567932128906,fresh_online_exploration,7,9,1.0,1.0,9.991194725036621,3.458808422088623,5.328756332397461
109248,7,1.0020291805267334,1.0020291805267334,1.0020627975463867,3.355567605467513e-05,1.0,1.0,0.0,0.0,0.0,277,35.52268600463867,fresh_online_exploration,7,9,1.0,1.0,10.033248901367188,3.4602861404418945,5.612420558929443
109824,44,1.0060540437698364,1.0060540437698364,1.006118893623352,6.484711775556207e-05,1.0,1.0,0.0,0.0,0.0,287,35.7708854675293,fresh_online_exploration,7,9,1.0,1.0,9.934550285339355,3.415466070175171,5.2544403076171875
110304,1,1.0007057189941406,1.0007057189941406,1.0007140636444092,8.42194367578486e-06,1.0,1.0,0.0,0.0,0.0,287,35.74305725097656,fresh_online_exploration,7,10,1.0,1.0,9.918828964233398,3.4726598262786865,5.247034072875977
131808,76,1.0007274150848389,1.0007274150848389,1.000821590423584,9.42155602388084e-05,1.0,1.0,0.0,0.0,0.0,279,35.64657974243164,fresh_online_exploration,9,11,1.0,1.0,10.110403060913086,3.7771449089050293,5.554047107696533
132192,29,1.0054525136947632,1.0054525136947632,1.0113778114318848,0.005925423465669155,1.0,1.0,0.0,0.0,0.0,276,35.604408264160156,fresh_online_exploration,9,11,1.0,1.0,10.139408111572266,3.767136812210083,5.649623870849609
132288,89,1.0042779445648193,1.0042779445648193,1.0158791542053223,0.011601373553276062,1.0,1.0,0.0,0.0,0.0,269,35.75590515136719,fresh_online_exploration,9,11,1.0,1.0,10.134421348571777,3.781895160675049,6.360503196716309
132288,91,1.0050925016403198,1.0050925016403198,1.008662462234497,0.003570051398128271,1.0,1.0,0.0,0.0,0.0,279,36.097312927246094,fresh_online_exploration,9,11,1.0,1.0,10.078851699829102,3.739743947982788,6.056697845458984
132480,56,1.0011223554611206,1.0011223554611206,1.001157283782959,3.5027631383854896e-05,1.0,1.0,0.0,0.0,0.0,276,35.894466400146484,fresh_online_exploration,9,11,1.0,1.0,10.149627685546875,3.769042491912842,6.0980544090271
132672,63,1.0021686553955078,1.0021686553955078,1.0059889554977417,0.0038204018492251635,1.0,1.0,0.0,0.0,0.0,279,35.97705841064453,fresh_online_exploration,9,11,1.0,1.0,10.039865493774414,3.7453603744506836,6.04033899307251
132768,86,1.0034418106079102,1.0034418106079102,1.005163311958313,0.0017215245170518756,1.0,1.0,0.0,0.0,0.0,276,35.53236389160156,fresh_online_exploration,9,11,1.0,1.0,10.058575630187988,3.762922525405884,5.636618614196777
132864,2,1.0036557912826538,1.0036557912826538,1.0130876302719116,0.009431871585547924,1.0,1.0,0.0,0.0,0.0,280,36.01658630371094,fresh_online_exploration,9,11,1.0,1.0,10.060673713684082,3.772825002670288,5.989811420440674
132864,43,1.0010735988616943,1.0010735988616943,1.0231209993362427,0.0220473725348711,1.0,1.0,0.0,0.0,0.0,278,35.913516998291016,fresh_online_exploration,9,11,0.9994382023811341,0.9943820238113403,10.05599594116211,3.7525641918182373,6.010913848876953
132864,83,1.0056785345077515,1.0056785345077515,1.0115137100219727,0.0058351922780275345,1.0,1.0,0.0,0.0,0.0,278,36.06572723388672,fresh_online_exploration,9,11,1.0,1.0,10.135347366333008,3.7470600605010986,6.066361427307129
133056,11,1.003056287765503,1.003056287765503,1.0030725002288818,1.623874413780868e-05,1.0,1.0,0.0,0.0,0.0,283,35.734619140625,fresh_online_exploration,9,11,1.0,1.0,10.044763565063477,3.7572319507598877,5.410385608673096
133056,37,1.0066746473312378,1.0066746473312378,1.0068244934082031,0.0001498720666859299,1.0,1.0,0.0,0.0,0.0,280,36.11859130859375,fresh_online_exploration,9,11,1.0,1.0,9.996292114257812,3.7577314376831055,6.01362419128418
133056,68,1.0054851770401,1.0054851770401,1.0276570320129395,0.022172046825289726,1.0,1.0,0.0,0.0,0.0,269,35.48802185058594,fresh_online_exploration,9,11,1.0,1.0,10.066976547241211,3.7711946964263916,6.028687477111816
133248,23,1.000705361366272,1.000705361366272,1.000758409500122,5.3059800848132e-05,1.0,1.0,0.0,0.0,0.0,275,35.850975036621094,fresh_online_exploration,9,11,1.0,1.0,10.086915969848633,3.8376107215881348,6.149937152862549
133344,69,1.0055789947509766,1.0055789947509766,1.0055947303771973,1.5802879715920426e-05,1.0,1.0,0.0,0.0,0.0,279,35.71751403808594,fresh_online_exploration,9,11,1.0,1.0,10.096531867980957,3.760950803756714,5.569613456726074
133344,95,1.0052214860916138,1.0052214860916138,1.007098913192749,0.0018775314092636108,1.0,1.0,0.0,0.0,0.0,275,35.94812774658203,fresh_online_exploration,9,11,1.0,1.0,10.109339714050293,3.785186767578125,6.207584381103516
133440,49,1.0028971433639526,1.0028971433639526,1.00294029712677,4.3140487832715735e-05,1.0,1.0,0.0,0.0,0.0,273,35.866661071777344,fresh_online_exploration,9,11,1.0,1.0,10.191720962524414,3.784693717956543,6.290225982666016
133440,73,1.0041860342025757,1.0041860342025757,1.015662670135498,0.011476515792310238,1.0,1.0,0.0,0.0,0.0,284,35.77489471435547,fresh_online_exploration,9,11,1.0,1.0,10.10265064239502,3.7597784996032715,5.3815765380859375
133440,93,1.0040404796600342,1.0040404796600342,1.0041755437850952,0.00013504657545126975,1.0,1.0,0.0,0.0,0.0,279,36.02418899536133,fresh_online_exploration,9,11,1.0,1.0,9.997509956359863,3.815418243408203,6.026904106140137
133536,17,1.0033674240112305,1.0033674240112305,1.0034468173980713,7.945320248836651e-05,1.0,1.0,0.0,0.0,0.0,279,35.96827697753906,fresh_online_exploration,9,11,1.0,1.0,10.027180671691895,3.7798573970794678,6.026880741119385
133536,24,1.0001016855239868,1.0001016855239868,1.0002318620681763,0.00013017421588301659,1.0,1.0,0.0,0.0,0.0,285,35.72697830200195,fresh_online_exploration,9,11,1.0,1.0,10.033713340759277,3.785057544708252,5.301139831542969
133536,31,1.002558708190918,1.002558708190918,1.0211493968963623,0.01859058439731598,1.0,1.0,0.0,0.0,0.0,274,35.8679313659668,fresh_online_exploration,9,11,1.0,1.0,10.10517692565918,3.7784385681152344,6.230526447296143
133536,50,1.0010079145431519,1.0010079145431519,1.0011487007141113,0.00014086994633544236,1.0,1.0,0.0,0.0,0.0,280,35.96854019165039,fresh_online_exploration,9,11,1.0,1.0,10.055736541748047,3.7817912101745605,5.9590654373168945
133536,58,1.0013188123703003,1.0013188123703003,1.0030133724212646,0.0016945358365774155,1.0,1.0,0.0,0.0,0.0,280,36.028316497802734,fresh_online_exploration,9,11,1.0,1.0,9.978693008422852,3.762362480163574,6.005550384521484
133536,70,1.0043892860412598,1.0043892860412598,1.0100245475769043,0.005635140463709831,1.0,1.0,0.0,0.0,0.0,278,35.940895080566406,fresh_online_exploration,9,11,1.0,1.0,10.080400466918945,3.8094592094421387,6.0766143798828125
133632,77,1.0032230615615845,1.0032230615615845,1.0032362937927246,1.327384052274283e-05,1.0,1.0,0.0,0.0,0.0,278,35.98536682128906,fresh_online_exploration,9,11,1.0,1.0,10.083823204040527,3.749136209487915,6.038898944854736
133632,84,1.0009357929229736,1.0009357929229736,1.000948429107666,1.2686392437899485e-05,1.0,1.0,0.0,0.0,0.0,278,35.96110534667969,fresh_online_exploration,9,11,1.0,1.0,10.089354515075684,3.7552742958068848,6.052838325500488
133728,16,1.0053517818450928,1.0053517818450928,1.0053606033325195,8.792438165983185e-06,1.0,1.0,0.0,0.0,0.0,279,36.03813171386719,fresh_online_exploration,9,11,1.0,1.0,10.052138328552246,3.7705798149108887,6.008746147155762
133728,67,1.0001261234283447,1.0001261234283447,1.0109837055206299,0.010857678018510342,1.0,1.0,0.0,0.0,0.0,279,35.92448043823242,fresh_online_exploration,9,11,1.0,1.0,10.085646629333496,3.755636692047119,5.9379658699035645
133728,75,1.0044267177581787,1.0044267177581787,1.0047295093536377,0.0003027751517947763,1.0,1.0,0.0,0.0,0.0,287,35.81266403198242,fresh_online_exploration,9,11,1.0,1.0,9.979386329650879,3.7454991340637207,5.265895843505859
133824,79,1.0032987594604492,1.0032987594604492,1.006304383277893,0.0030056429095566273,1.0,1.0,0.0,0.0,0.0,280,36.037322998046875,fresh_online_exploration,9,11,1.0,1.0,10.027046203613281,3.7732093334198,6.001917839050293
133920,15,1.000745177268982,1.000745177268982,1.0133934020996094,0.012648229487240314,1.0,1.0,0.0,0.0,0.0,271,35.41411590576172,fresh_online_exploration,9,11,1.0,1.0,10.20434284210205,3.814573287963867,5.790002822875977
133920,25,1.001964807510376,1.001964807510376,1.0056931972503662,0.003728322684764862,1.0,1.0,0.0,0.0,0.0,277,35.948909759521484,fresh_online_exploration,9,11,1.0,1.0,10.14059066772461,3.791569471359253,6.098431587219238
133920,81,1.0019186735153198,1.0019186735153198,1.0019583702087402,3.969793033320457e-05,1.0,1.0,0.0,0.0,0.0,285,35.734092712402344,fresh_online_exploration,9,11,1.0,1.0,10.01293659210205,3.793947219848633,5.3161234855651855
134016,4,1.0028190612792969,1.0028190612792969,1.0028276443481445,8.531721505278256e-06,1.0,1.0,0.0,0.0,0.0,281,36.10417938232422,fresh_online_exploration,9,11,1.0,1.0,9.98421859741211,3.761204481124878,5.929645538330078
134016,22,1.002624750137329,1.002624750137329,1.0026357173919678,1.1016342796210665e-05,1.0,1.0,0.0,0.0,0.0,279,36.04005813598633,fresh_online_exploration,9,11,1.0,1.0,10.071544647216797,3.7663192749023438,5.985263824462891
134016,52,1.0015435218811035,1.0015435218811035,1.0015531778335571,9.640220923756715e-06,1.0,1.0,0.0,0.0,0.0,279,35.89799118041992,fresh_online_exploration,9,11,1.0,1.0,10.047747611999512,3.7826902866363525,6.0114898681640625
134016,88,1.0001165866851807,1.0001165866851807,1.0037765502929688,0.00365997152402997,1.0,1.0,0.0,0.0,0.0,286,36.083030700683594,fresh_online_exploration,9,11,1.0,1.0,9.998727798461914,3.7696332931518555,5.756640911102295
134016,90,1.0016469955444336,1.0016469955444336,1.0047049522399902,0.0030578903388231993,1.0,1.0,0.0,0.0,0.0,275,35.888492584228516,fresh_online_exploration,9,11,1.0,1.0,10.087813377380371,3.804882764816284,6.205683708190918
134112,13,1.0051381587982178,1.0051381587982178,1.0051466226577759,8.463324775220826e-06,1.0,1.0,0.0,0.0,0.0,280,35.684635162353516,fresh_online_exploration,9,11,1.0,1.0,10.15463924407959,3.7995412349700928,5.53400993347168
134208,14,1.0049983263015747,1.0049983263015747,1.0136480331420898,0.008649739436805248,1.0,1.0,0.0,0.0,0.0,275,35.6002311706543,fresh_online_exploration,9,11,1.0,1.0,10.172104835510254,3.801833152770996,5.681421279907227
134208,33,1.002868413925171,1.002868413925171,1.0031839609146118,0.0003155702434014529,1.0,1.0,0.0,0.0,0.0,280,35.65383529663086,fresh_online_exploration,9,11,1.0,1.0,10.037064552307129,3.7751550674438477,5.518733024597168
134208,38,1.002922773361206,1.002922773361206,1.002939224243164,1.6358921129722148e-05,1.0,1.0,0.0,0.0,0.0,287,35.74085235595703,fresh_online_exploration,9,11,1.0,1.0,10.015801429748535,3.76786208152771,5.257719039916992
134208,39,1.002165675163269,1.002165675163269,1.0030083656311035,0.0008425982668995857,1.0,1.0,0.0,0.0,0.0,278,35.91925048828125,fresh_online_exploration,9,11,1.0,1.0,9.983609199523926,3.811131238937378,6.056582450866699
134208,54,1.0044801235198975,1.0044801235198975,1.0263183116912842,0.021838199347257614,1.0,1.0,0.0,0.0,0.0,273,35.845760345458984,fresh_online_exploration,9,11,1.0,1.0,10.101814270019531,3.7371459007263184,6.2587995529174805
134304,9,1.0056142807006836,1.0056142807006836,1.0057752132415771,0.00016100393258966506,1.0,1.0,0.0,0.0,0.0,281,36.07643508911133,fresh_online_exploration,9,11,1.0,1.0,10.020956039428711,3.7842025756835938,5.958959102630615
134304,40,1.0043076276779175,1.0043076276779175,1.0043156147003174,7.981333510542754e-06,1.0,1.0,0.0,0.0,0.0,284,35.774169921875,fresh_online_exploration,9,11,1.0,1.0,10.09132194519043,3.7970848083496094,5.3878984451293945
134304,59,1.0000277757644653,1.0000277757644653,1.0076360702514648,0.0076083471067249775,1.0,1.0,0.0,0.0,0.0,272,35.78486251831055,fresh_online_exploration,9,11,1.0,1.0,10.086380004882812,3.7909843921661377,6.213962554931641
134304,74,1.0027490854263306,1.0027490854263306,1.0178232192993164,0.015074273571372032,1.0,1.0,0.0,0.0,0.0,275,35.934200286865234,fresh_online_exploration,9,11,1.0,1.0,10.090065956115723,3.7929108142852783,6.1643877029418945
134304,82,1.0005052089691162,1.0005052089691162,1.000683069229126,0.00017781300994101912,1.0,1.0,0.0,0.0,0.0,278,35.93868637084961,fresh_online_exploration,9,11,1.0,1.0,10.101994514465332,3.798365354537964,6.027257919311523
134400,18,1.0040689706802368,1.0040689706802368,1.0125749111175537,0.008505946956574917,1.0,1.0,0.0,0.0,0.0,274,35.52899932861328,fresh_online_exploration,9,11,1.0,1.0,10.151087760925293,3.807588815689087,5.700857162475586
134400,27,1.0003830194473267,1.0003830194473267,1.0017430782318115,0.0013599884696304798,1.0,1.0,0.0,0.0,0.0,279,35.962867736816406,fresh_online_exploration,9,11,1.0,1.0,10.106988906860352,3.7862091064453125,6.0015411376953125
134400,32,1.0045143365859985,1.0045143365859985,1.004526972770691,1.265596984012518e-05,1.0,1.0,0.0,0.0,0.0,286,36.26946258544922,fresh_online_exploration,9,11,1.0,1.0,10.03081226348877,3.784646987915039,5.829021453857422
134400,42,1.0056744813919067,1.0056744813919067,1.0056853294372559,1.0917595318460371e-05,1.0,1.0,0.0,0.0,0.0,280,35.70873260498047,fresh_online_exploration,9,11,1.0,1.0,10.106219291687012,3.8102762699127197,5.505006790161133
134496,8,1.0051796436309814,1.0051796436309814,1.0224519968032837,0.017272599041461945,1.0,1.0,0.0,0.0,0.0,276,35.68668746948242,fresh_online_exploration,9,11,1.0,1.0,10.1404447555542,3.7585136890411377,5.6962971687316895
134496,48,1.0051519870758057,1.0051519870758057,1.00541353225708,0.00026149500627070665,1.0,1.0,0.0,0.0,0.0,279,36.02989959716797,fresh_online_exploration,9,11,1.0,1.0,10.062891960144043,3.819054126739502,6.033468246459961
134592,6,1.0045191049575806,1.0045191049575806,1.0079829692840576,0.0034639211371541023,1.0,1.0,0.0,0.0,0.0,280,36.107704162597656,fresh_online_exploration,9,11,1.0,1.0,10.038581848144531,3.827854871749878,6.073077201843262
134592,30,1.0051863193511963,1.0051863193511963,1.008957862854004,0.0037714671343564987,1.0,1.0,0.0,0.0,0.0,281,36.07375717163086,fresh_online_exploration,9,11,1.0,1.0,10.074454307556152,3.7649447917938232,5.943080902099609
134592,47,1.0055361986160278,1.0055361986160278,1.0055444240570068,8.158543096214999e-06,1.0,1.0,0.0,0.0,0.0,289,35.91435623168945,fresh_online_exploration,9,11,1.0,1.0,9.975319862365723,3.8065946102142334,5.236993789672852
134592,64,1.00485360622406,1.00485360622406,1.0048969984054565,4.3380699935369194e-05,1.0,1.0,0.0,0.0,0.0,282,35.766815185546875,fresh_online_exploration,9,11,1.0,1.0,10.056503295898438,3.8298773765563965,5.476921558380127
134592,66,1.0041464567184448,1.0041464567184448,1.006780743598938,0.0026343856006860733,1.0,1.0,0.0,0.0,0.0,282,35.79683303833008,fresh_online_exploration,9,11,1.0,1.0,10.06640911102295,3.800675392150879,5.509880542755127
134592,72,1.0031636953353882,1.0031636953353882,1.009127140045166,0.005963501054793596,1.0,1.0,0.0,0.0,0.0,278,35.96672821044922,fresh_online_exploration,9,11,1.0,1.0,10.01125717163086,3.789614677429199,6.088150978088379
134688,5,1.000441312789917,1.000441312789917,1.0012370347976685,0.0007957516936585307,1.0,1.0,0.0,0.0,0.0,282,36.02272033691406,fresh_online_exploration,9,11,1.0,1.0,10.046900749206543,3.781863212585449,5.90820837020874
134688,46,1.0015754699707031,1.0015754699707031,1.0066149234771729,0.005039410665631294,1.0,1.0,0.0,0.0,0.0,281,36.043846130371094,fresh_online_exploration,9,11,1.0,1.0,10.067731857299805,3.8308730125427246,5.976548194885254
134688,92,1.0033572912216187,1.0033572912216187,1.007667064666748,0.004309927113354206,1.0,1.0,0.0,0.0,0.0,278,35.99165344238281,fresh_online_exploration,9,11,1.0,1.0,10.062372207641602,3.758037805557251,6.082705020904541
134784,0,1.0045558214187622,1.0045558214187622,1.0085852146148682,0.004029446747153997,1.0,1.0,0.0,0.0,0.0,285,36.1319580078125,fresh_online_exploration,9,11,1.0,1.0,9.976292610168457,3.807316780090332,5.8274431228637695
134784,12,1.0012716054916382,1.0012716054916382,1.0069968700408936,0.005725200287997723,1.0,1.0,0.0,0.0,0.0,282,36.01679992675781,fresh_online_exploration,9,11,1.0,1.0,10.024934768676758,3.820188283920288,5.891397953033447
134784,19,1.0019029378890991,1.0019029378890991,1.0019108057022095,7.923687917354982e-06,1.0,1.0,0.0,0.0,0.0,279,35.98091125488281,fresh_online_exploration,9,11,1.0,1.0,10.001669883728027,3.7454893589019775,5.970080852508545
134784,26,1.0030912160873413,1.0030912160873413,1.0164132118225098,0.013322053477168083,1.0,1.0,0.0,0.0,0.0,280,35.97124481201172,fresh_online_exploration,9,11,1.0,1.0,10.000454902648926,3.8062069416046143,5.993838310241699
134784,78,1.003460168838501,1.003460168838501,1.0035996437072754,0.0001395127910654992,1.0,1.0,0.0,0.0,0.0,284,35.744937896728516,fresh_online_exploration,9,11,1.0,1.0,10.027152061462402,3.8191027641296387,5.40316104888916
134880,34,1.0049993991851807,1.0049993991851807,1.0219486951828003,0.016949404031038284,1.0,1.0,0.0,0.0,0.0,271,35.78888702392578,fresh_online_exploration,9,11,1.0,1.0,10.102287292480469,3.785172700881958,6.312578201293945
134880,94,1.004996418952942,1.004996418952942,1.0091677904129028,0.004171374719589949,1.0,1.0,0.0,0.0,0.0,280,36.08353042602539,fresh_online_exploration,9,11,1.0,1.0,10.059650421142578,3.761056423187256,6.003146171569824
134976,3,1.0061991214752197,1.0061991214752197,1.0062611103057861,6.201823998708278e-05,1.0,1.0,0.0,0.0,0.0,285,35.80723190307617,fresh_online_exploration,9,11,1.0,1.0,10.071691513061523,3.7963790893554688,5.359212875366211
134976,21,1.002922773361206,1.002922773361206,1.023085594177246,0.02016294188797474,1.0,1.0,0.0,0.0,0.0,280,35.98480987548828,fresh_online_exploration,9,11,1.0,1.0,10.000585556030273,3.796083688735962,5.904125213623047
135072,28,1.0052523612976074,1.0052523612976074,1.0052629709243774,1.0615578503347933e-05,1.0,1.0,0.0,0.0,0.0,287,35.73305130004883,fresh_online_exploration,9,11,1.0,1.0,10.007984161376953,3.818059206008911,5.231123924255371
135072,71,1.0041477680206299,1.0041477680206299,1.0083425045013428,0.004194698296487331,1.0,1.0,0.0,0.0,0.0,280,36.03726577758789,fresh_online_exploration,9,11,1.0,1.0,9.999157905578613,3.8093862533569336,5.949356555938721
135168,36,1.0009257793426514,1.0009257793426514,1.002039909362793,0.0011141970753669739,1.0,1.0,0.0,0.0,0.0,277,35.91335678100586,fresh_online_exploration,9,11,1.0,1.0,10.09603214263916,3.790555000305176,6.074803352355957
135168,57,1.0013593435287476,1.0013593435287476,1.0053634643554688,0.004004102200269699,1.0,1.0,0.0,0.0,0.0,276,35.89206314086914,fresh_online_exploration,9,11,1.0,1.0,10.156463623046875,3.8449954986572266,6.097605228424072
135168,85,1.004072904586792,1.004072904586792,1.004087209701538,1.4277986338129267e-05,1.0,1.0,0.0,0.0,0.0,285,36.14149475097656,fresh_online_exploration,9,11,1.0,1.0,9.970137596130371,3.7881338596343994,5.821756362915039
135264,80,1.0005927085876465,1.0005927085876465,1.0139657258987427,0.013373084366321564,1.0,1.0,0.0,0.0,0.0,279,35.93090057373047,fresh_online_exploration,9,11,1.0,1.0,10.0679349899292,3.8154661655426025,5.994176864624023
135456,55,1.0001224279403687,1.0001224279403687,1.0083677768707275,0.008245330303907394,1.0,1.0,0.0,0.0,0.0,276,35.880332946777344,fresh_online_exploration,9,11,1.0,1.0,10.054433822631836,3.832681655883789,6.151671886444092
135552,41,1.0051144361495972,1.0051144361495972,1.0051236152648926,9.200472049997188e-06,1.0,1.0,0.0,0.0,0.0,284,35.751976013183594,fresh_online_exploration,9,11,1.0,1.0,10.051432609558105,3.801332473754883,5.377806663513184
135552,53,1.0033259391784668,1.0033259391784668,1.00333833694458,1.2318674635025673e-05,1.0,1.0,0.0,0.0,0.0,281,35.645225524902344,fresh_online_exploration,9,11,1.0,1.0,10.086819648742676,3.804739236831665,5.453625679016113
135744,10,1.0053472518920898,1.0053472518920898,1.00540292263031,5.5656550102867186e-05,1.0,1.0,0.0,0.0,0.0,283,35.72419738769531,fresh_online_exploration,9,11,1.0,1.0,10.025168418884277,3.773775339126587,5.398900032043457
135744,61,1.003833532333374,1.003833532333374,1.0040563344955444,0.00022276990057434887,1.0,1.0,0.0,0.0,0.0,286,35.79011535644531,fresh_online_exploration,9,11,1.0,1.0,10.113012313842773,3.7876009941101074,5.346380710601807
135744,87,1.0037823915481567,1.0037823915481567,1.0076844692230225,0.00390192330814898,1.0,1.0,0.0,0.0,0.0,284,36.101661682128906,fresh_online_exploration,9,11,1.0,1.0,10.02401065826416,3.8101420402526855,5.879772186279297
135840,35,1.0040444135665894,1.0040444135665894,1.004058599472046,1.4191535228746943e-05,1.0,1.0,0.0,0.0,0.0,286,35.748966217041016,fresh_online_exploration,9,11,1.0,1.0,10.03707504272461,3.8109705448150635,5.2889814376831055
136032,7,1.0008403062820435,1.0008403062820435,1.0008494853973389,9.157413842331152e-06,1.0,1.0,0.0,0.0,0.0,279,35.63174819946289,fresh_online_exploration,9,11,1.0,1.0,10.056679725646973,3.8005495071411133,5.585195064544678
136032,45,1.0060640573501587,1.0060640573501587,1.0060781240463257,1.4038101653568447e-05,1.0,1.0,0.0,0.0,0.0,289,35.88955307006836,fresh_online_exploration,9,11,1.0,1.0,10.021851539611816,3.788451671600342,5.262775421142578
136032,60,1.0051156282424927,1.0051156282424927,1.0120816230773926,0.006966060027480125,1.0,1.0,0.0,0.0,0.0,280,36.072349548339844,fresh_online_exploration,9,11,1.0,1.0,10.04983139038086,3.768557071685791,5.975992679595947
136032,62,1.0027103424072266,1.0027103424072266,1.0027186870574951,8.283306669909507e-06,1.0,1.0,0.0,0.0,0.0,283,35.73747253417969,fresh_online_exploration,9,11,1.0,1.0,10.022186279296875,3.788027763366699,5.410247802734375
136128,51,1.0031311511993408,1.0031311511993408,1.0037435293197632,0.0006124035571701825,1.0,1.0,0.0,0.0,0.0,287,35.876976013183594,fresh_online_exploration,9,11,1.0,1.0,9.985529899597168,3.78121018409729,5.34731388092041
136224,20,1.0020948648452759,1.0020948648452759,1.002135992050171,4.118723518331535e-05,1.0,1.0,0.0,0.0,0.0,287,35.71835708618164,fresh_online_exploration,9,11,1.0,1.0,10.074403762817383,3.8565869331359863,5.244000434875488
136224,44,1.0044066905975342,1.0044066905975342,1.0126229524612427,0.008216344751417637,1.0,1.0,0.0,0.0,0.0,275,35.903038024902344,fresh_online_exploration,9,11,1.0,1.0,10.107369422912598,3.8424439430236816,6.1833176612854
136416,65,1.0035595893859863,1.0035595893859863,1.0036234855651855,6.38030469417572e-05,1.0,1.0,0.0,0.0,0.0,284,35.714576721191406,fresh_online_exploration,9,11,1.0,1.0,10.154288291931152,3.7984769344329834,5.356418609619141
137376,1,1.0000956058502197,1.0000956058502197,1.0046191215515137,0.004523419309407473,1.0,1.0,0.0,0.0,0.0,282,36.0126953125,fresh_online_exploration,10,11,1.0,1.0,10.000986099243164,3.848893880844116,5.877957820892334
158496,76,1.002503752708435,1.002503752708435,1.0025572776794434,5.346635225578211e-05,1.0,1.0,0.0,0.0,0.0,278,35.97510528564453,fresh_online_exploration,11,13,1.0,1.0,10.153868675231934,3.9701974391937256,6.050686836242676
158784,29,1.0026780366897583,1.0026780366897583,1.0027012825012207,2.3186883481685072e-05,1.0,1.0,0.0,0.0,0.0,277,35.913551330566406,fresh_online_exploration,11,13,1.0,1.0,10.086711883544922,3.9814138412475586,6.118717193603516
158976,91,1.0014241933822632,1.0014241933822632,1.0071828365325928,0.0057586668990552425,1.0,1.0,0.0,0.0,0.0,278,35.973960876464844,fresh_online_exploration,11,13,1.0,1.0,10.117137908935547,3.981224536895752,6.09527063369751
159264,11,1.0038686990737915,1.0038686990737915,1.0083863735198975,0.004517795518040657,1.0,1.0,0.0,0.0,0.0,273,35.88658142089844,fresh_online_exploration,11,13,1.0,1.0,10.224957466125488,4.003648281097412,6.21662712097168
159360,84,1.0052632093429565,1.0052632093429565,1.0093449354171753,0.004081742372363806,1.0,1.0,0.0,0.0,0.0,268,35.408390045166016,fresh_online_exploration,11,13,1.0,1.0,10.09897518157959,3.970421314239502,6.0309247970581055
159648,43,1.0029722452163696,1.0029722452163696,1.0069599151611328,0.003987696021795273,1.0,1.0,0.0,0.0,0.0,279,35.98202896118164,fresh_online_exploration,11,13,1.0,1.0,10.151208877563477,4.0159912109375,6.008689880371094
159648,58,1.0023577213287354,1.0023577213287354,1.0086406469345093,0.006282918620854616,1.0,1.0,0.0,0.0,0.0,272,35.84073257446289,fresh_online_exploration,11,13,1.0,1.0,10.21142578125,3.9866576194763184,6.262458324432373
159648,86,1.0013794898986816,1.0013794898986816,1.0013937950134277,1.4224577171262354e-05,1.0,1.0,0.0,0.0,0.0,280,36.00122833251953,fresh_online_exploration,11,13,1.0,1.0,10.123091697692871,3.9489641189575195,5.983824253082275
159744,24,1.0020211935043335,1.0020211935043335,1.0112050771713257,0.00918390229344368,1.0,1.0,0.0,0.0,0.0,273,35.82541275024414,fresh_online_exploration,11,13,1.0,1.0,10.20231819152832,3.9707159996032715,6.213742733001709
159744,37,1.0052486658096313,1.0052486658096313,1.0070279836654663,0.001779328566044569,1.0,1.0,0.0,0.0,0.0,278,35.638282775878906,fresh_online_exploration,11,13,1.0,1.0,10.179675102233887,3.9669222831726074,5.566716194152832
159936,2,1.0010027885437012,1.0010027885437012,1.0010380744934082,3.5284829209558666e-05,1.0,1.0,0.0,0.0,0.0,282,36.008140563964844,fresh_online_exploration,11,13,1.0,1.0,10.107332229614258,3.9826323986053467,5.8981099128723145
159936,56,1.0039235353469849,1.0039235353469849,1.0040168762207031,9.341927943751216e-05,1.0,1.0,0.0,0.0,0.0,286,35.89909362792969,fresh_online_exploration,11,13,1.0,1.0,10.082529067993164,4.025839805603027,5.383665561676025
159936,89,1.0021677017211914,1.0021677017211914,1.0036580562591553,0.0014904661802574992,1.0,1.0,0.0,0.0,0.0,288,35.796661376953125,fresh_online_exploration,11,13,1.0,1.0,10.07347297668457,3.9486145973205566,5.257570743560791
160032,54,1.0028982162475586,1.0028982162475586,1.0318341255187988,0.028936075046658516,1.0,1.0,0.0,0.0,0.0,269,35.720577239990234,fresh_online_exploration,11,13,1.0,1.0,10.188767433166504,3.9661128520965576,6.337255954742432
160032,69,1.00247061252594,1.00247061252594,1.008057713508606,0.005587130319327116,1.0,1.0,0.0,0.0,0.0,278,36.02805709838867,fresh_online_exploration,11,13,1.0,1.0,10.162720680236816,3.9968860149383545,6.049972057342529
160032,70,1.001121997833252,1.001121997833252,1.0012133121490479,9.123138443101197e-05,1.0,1.0,0.0,0.0,0.0,276,35.83966827392578,fresh_online_exploration,11,13,1.0,1.0,10.197306632995605,3.9780938625335693,6.0934929847717285
160032,95,1.0002883672714233,1.0002883672714233,1.000418782234192,0.00013041566126048565,1.0,1.0,0.0,0.0,0.0,278,35.88817596435547,fresh_online_exploration,11,13,1.0,1.0,10.139128684997559,3.973834276199341,6.045328617095947
160128,63,1.0046757459640503,1.0046757459640503,1.0076041221618652,0.0029281950555741787,1.0,1.0,0.0,0.0,0.0,286,36.182342529296875,fresh_online_exploration,11,14,1.0,1.0,9.97424030303955,4.025272846221924,5.810948371887207
160320,17,1.003703236579895,1.003703236579895,1.0038180351257324,0.00011472418555058539,1.0,1.0,0.0,0.0,0.0,279,35.98581314086914,fresh_online_exploration,11,14,1.0,1.0,10.11072063446045,3.9658660888671875,6.073007583618164
160320,49,1.0025088787078857,1.0025088787078857,1.0061314105987549,0.003622553776949644,1.0,1.0,0.0,0.0,0.0,280,36.04532241821289,fresh_online_exploration,11,14,1.0,1.0,10.214232444763184,4.007453918457031,6.000787734985352
160320,73,1.0024819374084473,1.0024819374084473,1.002492904663086,1.1063044439652003e-05,1.0,1.0,0.0,0.0,0.0,280,36.04384994506836,fresh_online_exploration,11,14,1.0,1.0,10.073931694030762,4.016297340393066,5.936810493469238
160416,22,1.0025092363357544,1.0025092363357544,1.00252103805542,1.1821934094768949e-05,1.0,1.0,0.0,0.0,0.0,275,35.5401611328125,fresh_online_exploration,11,14,1.0,1.0,9.950525283813477,4.002365589141846,5.747487545013428
160416,25,1.0042760372161865,1.0042760372161865,1.0076464414596558,0.0033703616354614496,1.0,1.0,0.0,0.0,0.0,276,35.914791107177734,fresh_online_exploration,11,14,1.0,1.0,10.171485900878906,3.991222858428955,6.144517421722412
160416,93,1.0064351558685303,1.0064351558685303,1.0064438581466675,8.739180884731468e-06,1.0,1.0,0.0,0.0,0.0,281,35.787620544433594,fresh_online_exploration,11,14,1.0,1.0,10.051956176757812,4.003567218780518,5.570204734802246
160512,50,1.0045843124389648,1.0045843124389648,1.0086606740951538,0.004076382145285606,1.0,1.0,0.0,0.0,0.0,281,36.061641693115234,fresh_online_exploration,11,14,1.0,1.0,10.176406860351562,3.979628562927246,5.9769062995910645
160512,79,1.0047590732574463,1.0047590732574463,1.0075950622558594,0.0028360472060739994,1.0,1.0,0.0,0.0,0.0,278,36.0616455078125,fresh_online_exploration,11,14,1.0,1.0,10.169994354248047,3.957671880722046,6.110430717468262
160608,31,1.0026744604110718,1.0026744604110718,1.0068773031234741,0.004202814307063818,1.0,1.0,0.0,0.0,0.0,282,36.07902526855469,fresh_online_exploration,11,14,1.0,1.0,10.15604305267334,3.962834119796753,5.918908596038818
160608,81,1.0043853521347046,1.0043853521347046,1.02211332321167,0.017728053033351898,1.0,1.0,0.0,0.0,0.0,278,35.98250961303711,fresh_online_exploration,11,14,1.0,1.0,10.163644790649414,4.014612674713135,6.082517623901367
160608,83,1.0056263208389282,1.0056263208389282,1.0057485103607178,0.00012217016774229705,1.0,1.0,0.0,0.0,0.0,289,35.904808044433594,fresh_online_exploration,11,14,1.0,1.0,10.053752899169922,3.970860719680786,5.2580766677856445
160704,4,1.0043226480484009,1.0043226480484009,1.004421591758728,9.892728849081323e-05,1.0,1.0,0.0,0.0,0.0,278,36.01784896850586,fresh_online_exploration,11,14,1.0,1.0,10.132863998413086,4.020317554473877,6.065832614898682
160800,14,1.00274658203125,1.00274658203125,1.0027598142623901,1.3186220712668728e-05,1.0,1.0,0.0,0.0,0.0,277,35.983184814453125,fresh_online_exploration,11,14,1.0,1.0,10.17375659942627,3.971031665802002,6.102400779724121
160800,67,1.0016313791275024,1.0016313791275024,1.0017313957214355,0.00010007627861341462,1.0,1.0,0.0,0.0,0.0,282,36.07883834838867,fresh_online_exploration,11,14,1.0,1.0,10.10710334777832,4.00111722946167,5.903206825256348
160800,68,1.0022488832473755,1.0022488832473755,1.0053682327270508,0.0031193047761917114,1.0,1.0,0.0,0.0,0.0,289,36.194488525390625,fresh_online_exploration,11,14,1.0,1.0,10.029561042785645,3.9541051387786865,5.647057056427002
160800,75,1.0046297311782837,1.0046297311782837,1.005328893661499,0.0006991096306592226,1.0,1.0,0.0,0.0,0.0,282,36.13105773925781,fresh_online_exploration,11,14,1.0,1.0,10.134557723999023,3.997295618057251,5.93699836730957
160800,77,1.0032373666763306,1.0032373666763306,1.0034184455871582,0.00018111242388840765,1.0,1.0,0.0,0.0,0.0,283,36.0643196105957,fresh_online_exploration,11,14,1.0,1.0,10.140503883361816,3.977409601211548,5.856161117553711
160896,15,1.0036221742630005,1.0036221742630005,1.0048441886901855,0.0012220254866406322,1.0,1.0,0.0,0.0,0.0,281,36.01984405517578,fresh_online_exploration,11,14,1.0,1.0,10.139042854309082,4.009884357452393,5.9080729484558105
160896,18,1.0038219690322876,1.0038219690322876,1.0096931457519531,0.005871269386261702,1.0,1.0,0.0,0.0,0.0,276,35.950599670410156,fresh_online_exploration,11,14,1.0,1.0,10.147261619567871,3.9979889392852783,6.141132831573486
160896,33,1.003976821899414,1.003976821899414,1.0039966106414795,1.98429206648143e-05,1.0,1.0,0.0,0.0,0.0,278,35.63160705566406,fresh_online_exploration,11,14,1.0,1.0,10.129448890686035,3.9856464862823486,5.613211631774902
160896,39,1.0010011196136475,1.0010011196136475,1.0010156631469727,1.4477067452389747e-05,1.0,1.0,0.0,0.0,0.0,278,35.927310943603516,fresh_online_exploration,11,14,1.0,1.0,10.147216796875,3.988927125930786,6.092681884765625
160896,47,1.005216121673584,1.005216121673584,1.0238850116729736,0.0186688844114542,1.0,1.0,0.0,0.0,0.0,274,35.948448181152344,fresh_online_exploration,11,14,1.0,1.0,10.189142227172852,3.946777820587158,6.231457710266113
160896,52,1.003757357597351,1.003757357597351,1.0037667751312256,9.47933403949719e-06,1.0,1.0,0.0,0.0,0.0,280,35.93755340576172,fresh_online_exploration,11,14,1.0,1.0,10.120101928710938,4.012979030609131,6.01655912399292
160992,0,1.0024486780166626,1.0024486780166626,1.0048508644104004,0.0024021659046411514,1.0,1.0,0.0,0.0,0.0,273,35.463138580322266,fresh_online_exploration,11,14,1.0,1.0,10.232666015625,3.958397626876831,5.71198034286499
160992,23,1.0014407634735107,1.0014407634735107,1.0016124248504639,0.00017165299504995346,1.0,1.0,0.0,0.0,0.0,289,36.15830612182617,fresh_online_exploration,11,14,1.0,1.0,9.988936424255371,3.9857449531555176,5.622249603271484
160992,38,1.0011357069015503,1.0011357069015503,1.001154899597168,1.9231618352932855e-05,1.0,1.0,0.0,0.0,0.0,279,35.9481201171875,fresh_online_exploration,11,14,1.0,1.0,10.135469436645508,3.9798500537872314,5.990754127502441
161088,82,1.001556634902954,1.001556634902954,1.0015872716903687,3.06418260151986e-05,1.0,1.0,0.0,0.0,0.0,279,35.98087692260742,fresh_online_exploration,11,14,1.0,1.0,10.091185569763184,4.004861354827881,5.946299076080322
161088,88,1.0025650262832642,1.0025650262832642,1.0064038038253784,0.0038388147950172424,1.0,1.0,0.0,0.0,0.0,282,36.01332092285156,fresh_online_exploration,11,14,1.0,1.0,10.122157096862793,4.01835823059082,5.920158863067627
161088,90,1.003569483757019,1.003569483757019,1.0035783052444458,8.85095778357936e-06,1.0,1.0,0.0,0.0,0.0,282,36.07172393798828,fresh_online_exploration,11,14,1.0,1.0,10.070852279663086,3.9967918395996094,5.929110527038574
161184,21,1.0007555484771729,1.0007555484771729,1.026869773864746,0.02611430175602436,1.0,1.0,0.0,0.0,0.0,273,35.722442626953125,fresh_online_exploration,11,14,1.0,1.0,10.127678871154785,3.998274564743042,6.204715728759766
161184,46,1.0043781995773315,1.0043781995773315,1.0256388187408447,0.021260501816868782,1.0,1.0,0.0,0.0,0.0,276,35.971553802490234,fresh_online_exploration,11,14,1.0,1.0,10.202263832092285,4.009148120880127,6.142028331756592
161184,64,1.00315523147583,1.00315523147583,1.0074574947357178,0.004302342422306538,1.0,1.0,0.0,0.0,0.0,277,35.95680236816406,fresh_online_exploration,11,14,1.0,1.0,10.116595268249512,4.003062725067139,6.099808216094971
161280,8,1.0037364959716797,1.0037364959716797,1.003772497177124,3.5928555007558316e-05,1.0,1.0,0.0,0.0,0.0,279,36.0320930480957,fresh_online_exploration,11,14,1.0,1.0,10.134271621704102,4.0001020431518555,6.0415215492248535
161280,12,1.0009300708770752,1.0009300708770752,1.0207774639129639,0.019847633317112923,1.0,1.0,0.0,0.0,0.0,276,35.842525482177734,fresh_online_exploration,11,14,1.0,1.0,10.113653182983398,3.971179246902466,6.142342567443848
161280,13,1.0042510032653809,1.0042510032653809,1.0042612552642822,1.0178548109252006e-05,1.0,1.0,0.0,0.0,0.0,283,35.711978912353516,fresh_online_exploration,11,14,1.0,1.0,10.169623374938965,3.988485813140869,5.423339366912842
161376,16,1.0001806020736694,1.0001806020736694,1.0005393028259277,0.0003587673418223858,1.0,1.0,0.0,0.0,0.0,288,36.174644470214844,fresh_online_exploration,11,14,1.0,1.0,10.024161338806152,4.025119781494141,5.68086051940918
161376,26,1.00386643409729,1.00386643409729,1.0038822889328003,1.582872573635541e-05,1.0,1.0,0.0,0.0,0.0,277,35.974151611328125,fresh_online_exploration,11,14,1.0,1.0,10.176796913146973,3.9724154472351074,6.094368934631348
161376,72,1.002231478691101,1.002231478691101,1.0033565759658813,0.0011250540846958756,1.0,1.0,0.0,0.0,0.0,279,35.941280364990234,fresh_online_exploration,11,14,1.0,1.0,10.127504348754883,3.9764795303344727,5.9703264236450195
161472,3,1.0014680624008179,1.0014680624008179,1.0214335918426514,0.019965413957834244,1.0,1.0,0.0,0.0,0.0,276,35.89915084838867,fresh_online_exploration,11,14,1.0,1.0,10.186569213867188,4.016178607940674,6.143063068389893
161472,9,1.0015398263931274,1.0015398263931274,1.0018800497055054,0.00034020081511698663,1.0,1.0,0.0,0.0,0.0,283,36.02583312988281,fresh_online_exploration,11,14,1.0,1.0,10.064621925354004,3.9924473762512207,5.894423007965088
161472,42,1.0045884847640991,1.0045884847640991,1.0086774826049805,0.00408889539539814,1.0,1.0,0.0,0.0,0.0,282,36.0970458984375,fresh_online_exploration,11,14,1.0,1.0,10.138805389404297,4.011022567749023,5.8984551429748535
161568,30,1.0058130025863647,1.0058130025863647,1.0058518648147583,3.888472565449774e-05,1.0,1.0,0.0,0.0,0.0,281,36.083457946777344,fresh_online_exploration,11,14,1.0,1.0,10.13011360168457,3.978215217590332,5.960061073303223
161568,59,1.0031485557556152,1.0031485557556152,1.003166675567627,1.8101767636835575e-05,1.0,1.0,0.0,0.0,0.0,284,35.6710090637207,fresh_online_exploration,11,14,1.0,1.0,10.10670280456543,4.034586429595947,5.335170745849609
161664,34,1.0011348724365234,1.0011348724365234,1.0051647424697876,0.004029827192425728,1.0,1.0,0.0,0.0,0.0,279,35.89817810058594,fresh_online_exploration,11,14,1.0,1.0,10.060870170593262,4.006555080413818,6.017594814300537
161664,40,1.000261664390564,1.000261664390564,1.0002710819244385,9.410384336661082e-06,1.0,1.0,0.0,0.0,0.0,285,35.67609786987305,fresh_online_exploration,11,14,1.0,1.0,10.113370895385742,4.003437519073486,5.293106555938721
161664,78,1.005255937576294,1.005255937576294,1.018064022064209,0.012808156199753284,1.0,1.0,0.0,0.0,0.0,280,35.997093200683594,fresh_online_exploration,11,14,1.0,1.0,10.112579345703125,3.9893970489501953,6.019269943237305
161664,92,1.005940318107605,1.005940318107605,1.005952000617981,1.170357791124843e-05,1.0,1.0,0.0,0.0,0.0,281,35.709232330322266,fresh_online_exploration,11,14,1.0,1.0,10.199676513671875,4.022017002105713,5.46657657623291
161856,5,1.0007997751235962,1.0007997751235962,1.0088975429534912,0.00809773150831461,1.0,1.0,0.0,0.0,0.0,283,35.68277359008789,fresh_online_exploration,11,14,1.0,1.0,10.110164642333984,4.038408279418945,5.397191524505615
161856,32,1.0016800165176392,1.0016800165176392,1.0051095485687256,0.0034295222721993923,1.0,1.0,0.0,0.0,0.0,286,36.178409576416016,fresh_online_exploration,11,14,1.0,1.0,10.070682525634766,3.9935836791992188,5.795046806335449
161952,48,1.0051699876785278,1.0051699876785278,1.0055134296417236,0.0003434332029428333,1.0,1.0,0.0,0.0,0.0,286,35.8524284362793,fresh_online_exploration,11,14,1.0,1.0,10.158580780029297,3.969285488128662,5.320511341094971
161952,57,1.0010685920715332,1.0010685920715332,1.0079264640808105,0.006857823580503464,1.0,1.0,0.0,0.0,0.0,279,35.930965423583984,fresh_online_exploration,11,14,1.0,1.0,10.147974014282227,3.94075083732605,6.010126113891602
161952,80,1.0017229318618774,1.0017229318618774,1.0022847652435303,0.0005617939168587327,1.0,1.0,0.0,0.0,0.0,278,35.58940887451172,fresh_online_exploration,11,14,1.0,1.0,10.15645694732666,4.005466461181641,5.582719802856445
161952,94,1.004116177558899,1.004116177558899,1.015808343887329,0.011692141182720661,1.0,1.0,0.0,0.0,0.0,282,35.78578186035156,fresh_online_exploration,11,14,1.0,1.0,10.1409912109375,4.006797790527344,5.471132278442383
162048,27,1.0000221729278564,1.0000221729278564,1.0028762817382812,0.0028541474603116512,1.0,1.0,0.0,0.0,0.0,288,36.13727569580078,fresh_online_exploration,11,14,1.0,1.0,10.006488800048828,3.970518112182617,5.693473815917969
162240,28,1.0025994777679443,1.0025994777679443,1.0026551485061646,5.564020830206573e-05,1.0,1.0,0.0,0.0,0.0,283,35.748287200927734,fresh_online_exploration,11,14,1.0,1.0,10.15188980102539,4.059972286224365,5.439279079437256
162336,6,1.0046828985214233,1.0046828985214233,1.0059401988983154,0.0012572320410981774,1.0,1.0,0.0,0.0,0.0,289,36.31632614135742,fresh_online_exploration,11,14,1.0,1.0,10.001461029052734,3.9684367179870605,5.6953020095825195
162336,19,1.0044341087341309,1.0044341087341309,1.0044420957565308,7.953628482937347e-06,1.0,1.0,0.0,0.0,0.0,287,35.869384765625,fresh_online_exploration,11,14,1.0,1.0,10.05080509185791,3.9893863201141357,5.308232307434082
162432,66,1.0012118816375732,1.0012118816375732,1.0013377666473389,0.00012589077232405543,1.0,1.0,0.0,0.0,0.0,290,35.825645446777344,fresh_online_exploration,11,14,1.0,1.0,10.025131225585938,3.9612550735473633,5.194365978240967
162432,71,1.0039230585098267,1.0039230585098267,1.0039522647857666,2.9268481739563867e-05,1.0,1.0,0.0,0.0,0.0,285,36.11521911621094,fresh_online_exploration,11,14,1.0,1.0,10.029175758361816,4.040896415710449,5.754349231719971
162432,74,1.0019785165786743,1.0019785165786743,1.001994252204895,1.5719437215011567e-05,1.0,1.0,0.0,0.0,0.0,293,35.8895378112793,fresh_online_exploration,11,14,1.0,1.0,10.012519836425781,3.9913904666900635,5.068499565124512
162528,20,1.0053216218948364,1.0053216218948364,1.0124672651290894,0.007145701441913843,1.0,1.0,0.0,0.0,0.0,274,35.90114974975586,fresh_online_exploration,11,14,1.0,1.0,10.146207809448242,4.017087459564209,6.212013244628906
162528,35,1.000863790512085,1.000863790512085,1.0264487266540527,0.025585126131772995,1.0,1.0,0.0,0.0,0.0,278,35.619041442871094,fresh_online_exploration,11,14,1.0,1.0,10.14748764038086,4.023392677307129,5.611441612243652
162624,10,1.0001853704452515,1.0001853704452515,1.0053479671478271,0.005162516608834267,1.0,1.0,0.0,0.0,0.0,280,35.9702033996582,fresh_online_exploration,11,14,1.0,1.0,10.12842082977295,4.049881935119629,5.976344108581543
162624,51,1.0050435066223145,1.0050435066223145,1.0095436573028564,0.004500075709074736,1.0,1.0,0.0,0.0,0.0,276,36.01032257080078,fresh_online_exploration,11,14,1.0,1.0,10.221386909484863,4.02960729598999,6.149989128112793
162720,36,1.0035971403121948,1.0035971403121948,1.0045504570007324,0.0009533276315778494,1.0,1.0,0.0,0.0,0.0,287,36.197208404541016,fresh_online_exploration,11,14,1.0,1.0,10.073395729064941,3.949270486831665,5.7490034103393555
162720,87,1.0009924173355103,1.0009924173355103,1.004500389099121,0.003507863264530897,1.0,1.0,0.0,0.0,0.0,281,35.98820114135742,fresh_online_exploration,11,14,1.0,1.0,10.110047340393066,4.05397891998291,5.956501483917236
162816,7,1.0049492120742798,1.0049492120742798,1.009784460067749,0.0048353844322264194,1.0,1.0,0.0,0.0,0.0,279,35.72439193725586,fresh_online_exploration,11,14,1.0,1.0,10.133071899414062,3.9816477298736572,5.619081974029541
162816,45,1.005135178565979,1.005135178565979,1.0051556825637817,2.050056900770869e-05,1.0,1.0,0.0,0.0,0.0,279,36.062599182128906,fresh_online_exploration,11,14,1.0,1.0,10.13707447052002,3.972223997116089,6.048662185668945
162912,60,1.000701665878296,1.000701665878296,1.0051608085632324,0.0044591533951461315,1.0,1.0,0.0,0.0,0.0,280,35.97925567626953,fresh_online_exploration,11,14,1.0,1.0,10.120932579040527,3.9730207920074463,5.967473030090332
162912,62,1.0009247064590454,1.0009247064590454,1.0030487775802612,0.002124087419360876,1.0,1.0,0.0,0.0,0.0,280,35.93029022216797,fresh_online_exploration,11,14,1.0,1.0,10.11768627166748,3.9938316345214844,5.962817192077637
163104,41,1.001242756843567,1.001242756843567,1.0014896392822266,0.00024695738102309406,1.0,1.0,0.0,0.0,0.0,287,35.76813888549805,fresh_online_exploration,11,14,1.0,1.0,10.07457447052002,4.002170562744141,5.254383087158203
163104,85,1.0045799016952515,1.0045799016952515,1.0048222541809082,0.00024239940103143454,1.0,1.0,0.0,0.0,0.0,291,35.950477600097656,fresh_online_exploration,11,14,1.0,1.0,10.075743675231934,3.946585178375244,5.2095417976379395
163296,53,1.0031123161315918,1.0031123161315918,1.0031200647354126,7.773855941195507e-06,1.0,1.0,0.0,0.0,0.0,289,36.228515625,fresh_online_exploration,11,14,1.0,1.0,10.002585411071777,3.9977078437805176,5.657394886016846
163296,61,1.0005508661270142,1.0005508661270142,1.0005667209625244,1.5888512280071154e-05,1.0,1.0,0.0,0.0,0.0,287,35.776405334472656,fresh_online_exploration,11,14,1.0,1.0,9.975175857543945,4.025567054748535,5.281475067138672
163392,55,1.0063151121139526,1.0063151121139526,1.00642991065979,0.00011485350842121989,1.0,1.0,0.0,0.0,0.0,291,35.876808166503906,fresh_online_exploration,11,14,1.0,1.0,10.093583106994629,4.019748210906982,5.154454708099365
163584,44,1.0040329694747925,1.0040329694747925,1.0042206048965454,0.00018764073320198804,1.0,1.0,0.0,0.0,0.0,285,35.75691223144531,fresh_online_exploration,11,14,1.0,1.0,10.182083129882812,4.0685834884643555,5.356709957122803
163776,65,1.0023773908615112,1.0023773908615112,1.0024348497390747,5.743855217588134e-05,1.0,1.0,0.0,0.0,0.0,285,36.1336555480957,fresh_online_exploration,11,14,1.0,1.0,10.06291675567627,3.9978573322296143,5.8057451248168945
164928,1,1.0008010864257812,1.0008010864257812,1.0008907318115234,8.9613939053379e-05,1.0,1.0,0.0,0.0,0.0,287,36.15191650390625,fresh_online_exploration,11,14,1.0,1.0,10.0278959274292,4.039853096008301,5.758919715881348
185088,91,1.0032997131347656,1.0032997131347656,1.0214927196502686,0.018192972987890244,1.0,1.0,0.0,0.0,0.0,272,35.819034576416016,fresh_online_exploration,13,16,1.0,1.0,10.287306785583496,4.229413986206055,6.328455448150635
185376,76,1.0046944618225098,1.0046944618225098,1.0047059059143066,1.146456997958012e-05,1.0,1.0,0.0,0.0,0.0,280,36.094703674316406,fresh_online_exploration,13,16,1.0,1.0,10.198007583618164,4.236669063568115,6.010749816894531
185856,84,1.00533127784729,1.00533127784729,1.0053447484970093,1.3466747077472974e-05,1.0,1.0,0.0,0.0,0.0,276,35.97248458862305,fresh_online_exploration,13,16,1.0,1.0,10.201197624206543,4.254976749420166,6.141077995300293
186048,29,1.0030596256256104,1.0030596256256104,1.0030689239501953,9.28005283640232e-06,1.0,1.0,0.0,0.0,0.0,284,36.05098342895508,fresh_online_exploration,13,16,1.0,1.0,10.124983787536621,4.254237651824951,5.854532718658447
186144,11,1.0026806592941284,1.0026806592941284,1.0027320384979248,5.134318780619651e-05,1.0,1.0,0.0,0.0,0.0,280,35.946346282958984,fresh_online_exploration,13,16,1.0,1.0,10.198878288269043,4.239287376403809,6.017092704772949
186144,63,1.006513237953186,1.006513237953186,1.006578803062439,6.551270780619234e-05,1.0,1.0,0.0,0.0,0.0,271,35.52798843383789,fresh_online_exploration,14,16,1.0,1.0,10.021026611328125,4.306534767150879,5.971857070922852
186240,24,1.003829002380371,1.003829002380371,1.0038411617279053,1.2185145351395477e-05,1.0,1.0,0.0,0.0,0.0,276,35.8922233581543,fresh_online_exploration,13,16,1.0,1.0,10.199705123901367,4.297569274902344,6.156294345855713
186336,86,1.0004405975341797,1.0004405975341797,1.0004594326019287,1.8855176676879637e-05,1.0,1.0,0.0,0.0,0.0,278,35.899208068847656,fresh_online_exploration,13,16,1.0,1.0,10.235304832458496,4.285396099090576,6.039206027984619
186432,2,1.0038321018218994,1.0038321018218994,1.0053119659423828,0.0014799241907894611,1.0,1.0,0.0,0.0,0.0,276,35.58407974243164,fresh_online_exploration,13,16,1.0,1.0,10.306007385253906,4.2453436851501465,5.6543989181518555
186432,93,1.0030189752578735,1.0030189752578735,1.006974220275879,0.003955124877393246,1.0,1.0,0.0,0.0,0.0,271,35.76981735229492,fresh_online_exploration,14,16,1.0,1.0,10.21371841430664,4.2697882652282715,6.296454429626465
186528,95,1.0019766092300415,1.0019766092300415,1.0019911527633667,1.453872573620174e-05,1.0,1.0,0.0,0.0,0.0,276,35.87867736816406,fresh_online_exploration,13,16,1.0,1.0,10.218160629272461,4.271754264831543,6.139827728271484
186624,49,1.00148606300354,1.00148606300354,1.0014959573745728,9.874932402453851e-06,1.0,1.0,0.0,0.0,0.0,274,35.83684539794922,fresh_online_exploration,14,16,1.0,1.0,10.319001197814941,4.25358772277832,6.25330924987793
186624,56,1.0059980154037476,1.0059980154037476,1.0095264911651611,0.003528538392856717,1.0,1.0,0.0,0.0,0.0,278,35.982120513916016,fresh_online_exploration,13,16,1.0,1.0,10.274022102355957,4.2397050857543945,6.074410438537598
186912,58,1.0033894777297974,1.0033894777297974,1.0074477195739746,0.004058203659951687,1.0,1.0,0.0,0.0,0.0,284,36.11328125,fresh_online_exploration,13,16,1.0,1.0,10.193746566772461,4.25098991394043,5.854415416717529
186912,69,1.0031137466430664,1.0031137466430664,1.0031731128692627,5.934619184699841e-05,1.0,1.0,0.0,0.0,0.0,280,35.64113998413086,fresh_online_exploration,13,16,1.0,1.0,10.174421310424805,4.241820812225342,5.514810562133789
187008,43,1.0049229860305786,1.0049229860305786,1.005065679550171,0.00014275903231464326,1.0,1.0,0.0,0.0,0.0,285,35.8156852722168,fresh_online_exploration,13,16,1.0,1.0,10.158172607421875,4.27998685836792,5.350414276123047
187008,75,1.000133752822876,1.000133752822876,1.0198371410369873,0.019703738391399384,1.0,1.0,0.0,0.0,0.0,273,35.787384033203125,fresh_online_exploration,14,16,1.0,1.0,10.27686882019043,4.246657371520996,6.207064151763916
187104,33,1.0025886297225952,1.0025886297225952,1.023730993270874,0.02114233188331127,1.0,1.0,0.0,0.0,0.0,273,35.81532287597656,fresh_online_exploration,14,16,0.9994413435459137,0.994413435459137,10.20592212677002,4.29102897644043,6.250594139099121
187104,37,1.0026905536651611,1.0026905536651611,1.0027239322662354,3.346187440911308e-05,1.0,1.0,0.0,0.0,0.0,285,35.76958465576172,fresh_online_exploration,13,16,1.0,1.0,10.179393768310547,4.275944232940674,5.363692760467529
187104,70,1.001908779144287,1.001908779144287,1.0019659996032715,5.7248260418418795e-05,1.0,1.0,0.0,0.0,0.0,282,36.03400421142578,fresh_online_exploration,13,16,1.0,1.0,10.249531745910645,4.27355432510376,5.9230451583862305
187104,73,1.004525065422058,1.004525065422058,1.0045888423919678,6.383124127751216e-05,1.0,1.0,0.0,0.0,0.0,279,35.98754119873047,fresh_online_exploration,14,16,1.0,1.0,10.18992805480957,4.221745014190674,6.071873188018799
187200,89,1.00254487991333,1.00254487991333,1.0047636032104492,0.0022187326103448868,1.0,1.0,0.0,0.0,0.0,284,35.703285217285156,fresh_online_exploration,13,16,1.0,1.0,10.133306503295898,4.242260456085205,5.3488054275512695
187296,13,1.0010733604431152,1.0010733604431152,1.0011138916015625,4.0485199860995635e-05,1.0,1.0,0.0,0.0,0.0,271,35.7420539855957,fresh_online_exploration,14,16,1.0,1.0,10.28616714477539,4.246525287628174,6.303659439086914
187296,17,1.0001392364501953,1.0001392364501953,1.0002493858337402,0.00011015758354915306,1.0,1.0,0.0,0.0,0.0,281,35.63497543334961,fresh_online_exploration,14,16,1.0,1.0,10.097084999084473,4.224710941314697,5.477615833282471
187296,23,1.0014697313308716,1.0014697313308716,1.0051970481872559,0.0037274204660207033,1.0,1.0,0.0,0.0,0.0,274,35.785865783691406,fresh_online_exploration,14,16,1.0,1.0,10.313470840454102,4.26043176651001,6.141600608825684
187296,31,1.0001863241195679,1.0001863241195679,1.0002578496932983,7.15350397513248e-05,1.0,1.0,0.0,0.0,0.0,278,35.87266159057617,fresh_online_exploration,14,16,1.0,1.0,10.223697662353516,4.281169414520264,6.057978630065918
187392,68,1.0057400465011597,1.0057400465011597,1.0100176334381104,0.004277646075934172,1.0,1.0,0.0,0.0,0.0,277,35.62237548828125,fresh_online_exploration,14,16,1.0,1.0,10.036971092224121,4.250758647918701,5.710812568664551
187392,79,1.0014835596084595,1.0014835596084595,1.0014917850494385,8.199619514925871e-06,1.0,1.0,0.0,0.0,0.0,280,36.004638671875,fresh_online_exploration,14,16,1.0,1.0,10.22214412689209,4.3115105628967285,6.033386707305908
187488,8,1.0042780637741089,1.0042780637741089,1.0043061971664429,2.8162448870716617e-05,1.0,1.0,0.0,0.0,0.0,273,35.8841438293457,fresh_online_exploration,14,16,1.0,1.0,10.297606468200684,4.25564432144165,6.281038761138916
187488,50,1.001144289970398,1.001144289970398,1.0013227462768555,0.000178436646820046,1.0,1.0,0.0,0.0,0.0,281,35.623146057128906,fresh_online_exploration,14,16,1.0,1.0,10.159770011901855,4.314833641052246,5.465409755706787
187584,3,1.0033118724822998,1.0033118724822998,1.0179545879364014,0.014642964117228985,1.0,1.0,0.0,0.0,0.0,272,35.80463790893555,fresh_online_exploration,14,16,1.0,1.0,10.280387878417969,4.287134170532227,6.282735824584961
187584,18,1.0056573152542114,1.0056573152542114,1.0109882354736328,0.005330922082066536,1.0,1.0,0.0,0.0,0.0,278,35.96923828125,fresh_online_exploration,14,16,1.0,1.0,10.22176742553711,4.311230182647705,6.122781753540039
187584,38,1.0044012069702148,1.0044012069702148,1.0128185749053955,0.00841723382472992,1.0,1.0,0.0,0.0,0.0,277,35.92440414428711,fresh_online_exploration,14,16,1.0,1.0,10.137533187866211,4.242191791534424,6.086067199707031
187680,54,1.0017094612121582,1.0017094612121582,1.001721978187561,1.2521964890765958e-05,1.0,1.0,0.0,0.0,0.0,288,35.76274490356445,fresh_online_exploration,13,16,1.0,1.0,10.165855407714844,4.270829677581787,5.223730564117432
187680,83,1.0050609111785889,1.0050609111785889,1.005070686340332,9.861712896963581e-06,1.0,1.0,0.0,0.0,0.0,282,35.71218490600586,fresh_online_exploration,14,16,1.0,1.0,10.20852279663086,4.263726711273193,5.40015983581543
187776,25,1.002805471420288,1.002805471420288,1.0028702020645142,6.473519169958308e-05,1.0,1.0,0.0,0.0,0.0,285,35.80000686645508,fresh_online_exploration,14,16,1.0,1.0,10.268221855163574,4.277406215667725,5.458999156951904
187776,47,1.0008292198181152,1.0008292198181152,1.0020811557769775,0.0012518831063061953,1.0,1.0,0.0,0.0,0.0,280,35.979469299316406,fresh_online_exploration,14,16,1.0,1.0,10.241145133972168,4.291131973266602,5.9813151359558105
187776,90,1.0035748481750488,1.0035748481750488,1.0038540363311768,0.00027921557193621993,1.0,1.0,0.0,0.0,0.0,278,35.97870635986328,fresh_online_exploration,14,16,1.0,1.0,10.21314811706543,4.288896083831787,6.061653137207031
187872,39,1.0003236532211304,1.0003236532211304,1.000339388847351,1.5720524970674887e-05,1.0,1.0,0.0,0.0,0.0,281,36.01299285888672,fresh_online_exploration,14,16,1.0,1.0,10.207132339477539,4.282209396362305,5.973293781280518
187872,72,1.001059889793396,1.001059889793396,1.0050673484802246,0.004007379058748484,1.0,1.0,0.0,0.0,0.0,276,35.90155029296875,fresh_online_exploration,14,16,1.0,1.0,10.235133171081543,4.308727264404297,6.166120529174805
187872,88,1.0040826797485352,1.0040826797485352,1.0051989555358887,0.0011162884766235948,1.0,1.0,0.0,0.0,0.0,279,35.951107025146484,fresh_online_exploration,14,16,1.0,1.0,10.221504211425781,4.2768168449401855,6.058694839477539
187968,15,1.0004665851593018,1.0004665851593018,1.0004866123199463,1.9964665625593625e-05,1.0,1.0,0.0,0.0,0.0,282,35.64030838012695,fresh_online_exploration,14,16,1.0,1.0,10.191532135009766,4.294713020324707,5.407881259918213
187968,22,1.0040340423583984,1.0040340423583984,1.0040686130523682,3.4606517147039995e-05,1.0,1.0,0.0,0.0,0.0,287,35.838287353515625,fresh_online_exploration,14,16,1.0,1.0,10.142629623413086,4.26352071762085,5.313033103942871
187968,52,1.0039148330688477,1.0039148330688477,1.0069271326065063,0.0030123309697955847,1.0,1.0,0.0,0.0,0.0,282,35.99858474731445,fresh_online_exploration,14,16,1.0,1.0,10.177982330322266,4.285297393798828,5.95420503616333
188064,16,1.0049012899398804,1.0049012899398804,1.005814790725708,0.0009134632418863475,1.0,1.0,0.0,0.0,0.0,278,35.567779541015625,fresh_online_exploration,14,16,1.0,1.0,10.246198654174805,4.297975540161133,5.5613908767700195
188064,67,1.0042940378189087,1.0042940378189087,1.0062084197998047,0.0019144013058394194,1.0,1.0,0.0,0.0,0.0,284,35.74802780151367,fresh_online_exploration,14,16,1.0,1.0,10.13924503326416,4.24468994140625,5.360220432281494
188064,77,1.003301739692688,1.003301739692688,1.019216537475586,0.015914736315608025,1.0,1.0,0.0,0.0,0.0,284,35.79109191894531,fresh_online_exploration,14,16,1.0,1.0,10.175049781799316,4.26719331741333,5.398461818695068
188064,82,1.0005178451538086,1.0005178451538086,1.010180950164795,0.00966305285692215,1.0,1.0,0.0,0.0,0.0,281,35.586647033691406,fresh_online_exploration,14,16,1.0,1.0,10.274598121643066,4.2975897789001465,5.441870212554932
188160,0,1.0058139562606812,1.0058139562606812,1.0058501958847046,3.624022792791948e-05,1.0,1.0,0.0,0.0,0.0,283,36.18073654174805,fresh_online_exploration,14,16,1.0,1.0,10.21275520324707,4.256088733673096,5.902761936187744
188160,4,1.005686640739441,1.005686640739441,1.0057039260864258,1.7308904716628604e-05,1.0,1.0,0.0,0.0,0.0,286,35.79319763183594,fresh_online_exploration,14,16,1.0,1.0,10.130171775817871,4.275496006011963,5.29766321182251
188160,26,1.0037035942077637,1.0037035942077637,1.0037484169006348,4.475550667848438e-05,1.0,1.0,0.0,0.0,0.0,279,35.87051773071289,fresh_online_exploration,14,16,1.0,1.0,10.181355476379395,4.291177749633789,6.071662425994873
188160,34,1.0044896602630615,1.0044896602630615,1.026063084602356,0.021573401987552643,1.0,1.0,0.0,0.0,0.0,276,35.8948860168457,fresh_online_exploration,14,16,1.0,1.0,10.183372497558594,4.23781156539917,6.178737640380859
188160,48,1.005568027496338,1.005568027496338,1.0101397037506104,0.00457171443849802,1.0,1.0,0.0,0.0,0.0,273,35.82666778564453,fresh_online_exploration,14,16,1.0,1.0,10.205534934997559,4.276362419128418,6.285046577453613
188256,46,1.0029280185699463,1.0029280185699463,1.002941608428955,1.3609563211502973e-05,1.0,1.0,0.0,0.0,0.0,282,36.07209014892578,fresh_online_exploration,14,16,1.0,1.0,10.184284210205078,4.264253616333008,5.924142837524414
188352,14,1.0045526027679443,1.0045526027679443,1.0048754215240479,0.00032283220207318664,1.0,1.0,0.0,0.0,0.0,287,35.80303955078125,fresh_online_exploration,14,16,1.0,1.0,10.180046081542969,4.235529899597168,5.264043807983398
188352,78,1.0029237270355225,1.0029237270355225,1.003014087677002,9.038379357662052e-05,1.0,1.0,0.0,0.0,0.0,278,35.90031051635742,fresh_online_exploration,14,16,1.0,1.0,10.238526344299316,4.272091865539551,6.067078590393066
188352,81,1.0023963451385498,1.0023963451385498,1.0024399757385254,4.355261262389831e-05,1.0,1.0,0.0,0.0,0.0,289,35.82536697387695,fresh_online_exploration,14,16,1.0,1.0,10.208070755004883,4.251947402954102,5.248551368713379
188448,32,1.003991961479187,1.003991961479187,1.0078744888305664,0.0038826726377010345,1.0,1.0,0.0,0.0,0.0,277,35.98680114746094,fresh_online_exploration,14,16,1.0,1.0,10.281630516052246,4.226422309875488,6.1666646003723145
188448,40,1.006664752960205,1.006664752960205,1.0066721439361572,7.38816106604645e-06,1.0,1.0,0.0,0.0,0.0,279,36.095909118652344,fresh_online_exploration,14,16,1.0,1.0,10.262861251831055,4.2846360206604,6.044841289520264
188448,42,1.0042519569396973,1.0042519569396973,1.0078330039978027,0.0035810365807265043,1.0,1.0,0.0,0.0,0.0,281,36.09040069580078,fresh_online_exploration,14,16,1.0,1.0,10.181029319763184,4.290942668914795,5.979331016540527
188544,9,1.0064637660980225,1.0064637660980225,1.006525993347168,6.224354729056358e-05,1.0,1.0,0.0,0.0,0.0,282,35.753543853759766,fresh_online_exploration,14,16,1.0,1.0,10.202478408813477,4.292098045349121,5.467656135559082
188544,21,1.0048357248306274,1.0048357248306274,1.0051608085632324,0.0003251532034482807,1.0,1.0,0.0,0.0,0.0,285,35.76123809814453,fresh_online_exploration,14,16,1.0,1.0,10.14515495300293,4.26253080368042,5.355323791503906
188544,94,1.0018268823623657,1.0018268823623657,1.006584644317627,0.0047578345984220505,1.0,1.0,0.0,0.0,0.0,277,35.59807205200195,fresh_online_exploration,14,16,1.0,1.0,10.309064865112305,4.2917914390563965,5.664529323577881
188640,51,1.000730037689209,1.000730037689209,1.014726161956787,0.013995961286127567,1.0,1.0,0.0,0.0,0.0,271,35.745887756347656,fresh_online_exploration,14,16,1.0,1.0,10.287583351135254,4.309798717498779,6.319950103759766
188640,64,1.001014232635498,1.001014232635498,1.0010302066802979,1.588343729963526e-05,1.0,1.0,0.0,0.0,0.0,286,35.72858428955078,fresh_online_exploration,14,16,1.0,1.0,10.143413543701172,4.260409355163574,5.301684856414795
188736,12,1.0063977241516113,1.0063977241516113,1.0065292119979858,0.00013149171718396246,1.0,1.0,0.0,0.0,0.0,286,35.76909637451172,fresh_online_exploration,14,16,1.0,1.0,10.223403930664062,4.2358078956604,5.325077533721924
188736,71,1.0029324293136597,1.0029324293136597,1.0029411315917969,8.663250810059253e-06,1.0,1.0,0.0,0.0,0.0,274,35.86311340332031,fresh_online_exploration,14,16,1.0,1.0,10.258216857910156,4.2884907722473145,6.204819679260254
188832,74,1.002547264099121,1.002547264099121,1.0139178037643433,0.011370565742254257,1.0,1.0,0.0,0.0,0.0,275,35.75569534301758,fresh_online_exploration,14,16,1.0,1.0,10.210305213928223,4.314583778381348,6.178619384765625
188832,92,1.0028764009475708,1.0028764009475708,1.002964973449707,8.850547601468861e-05,1.0,1.0,0.0,0.0,0.0,283,35.64918518066406,fresh_online_exploration,14,16,1.0,1.0,10.28168773651123,4.2826151847839355,5.385380268096924
188928,28,1.0044026374816895,1.0044026374816895,1.0084218978881836,0.004019220359623432,1.0,1.0,0.0,0.0,0.0,278,36.01836395263672,fresh_online_exploration,14,16,1.0,1.0,10.202664375305176,4.243476390838623,6.041928768157959
189024,5,1.0044409036636353,1.0044409036636353,1.0076727867126465,0.0032319019082933664,1.0,1.0,0.0,0.0,0.0,283,36.12549591064453,fresh_online_exploration,14,16,1.0,1.0,10.17416763305664,4.236660480499268,5.8815484046936035
189024,57,1.004711389541626,1.004711389541626,1.004765510559082,5.401810267358087e-05,1.0,1.0,0.0,0.0,0.0,282,35.71919631958008,fresh_online_exploration,14,16,1.0,1.0,10.26113224029541,4.2858147621154785,5.470189094543457
189024,59,1.0044910907745361,1.0044910907745361,1.0045826435089111,9.149758261628449e-05,1.0,1.0,0.0,0.0,0.0,286,35.830467224121094,fresh_online_exploration,14,16,1.0,1.0,10.173377990722656,4.286569118499756,5.307356357574463
189120,19,1.00286066532135,1.00286066532135,1.0039443969726562,0.0010837398003786802,1.0,1.0,0.0,0.0,0.0,279,36.008628845214844,fresh_online_exploration,14,16,1.0,1.0,10.212397575378418,4.266617774963379,6.071361064910889
189120,27,1.0048927068710327,1.0048927068710327,1.0053064823150635,0.000413862697314471,1.0,1.0,0.0,0.0,0.0,282,35.75077819824219,fresh_online_exploration,14,16,1.0,1.0,10.211278915405273,4.28865909576416,5.4497389793396
189120,30,1.000415325164795,1.000415325164795,1.0006425380706787,0.0002272053388878703,1.0,1.0,0.0,0.0,0.0,287,35.739437103271484,fresh_online_exploration,14,16,1.0,1.0,10.16319751739502,4.274919509887695,5.291179656982422
189216,6,1.0047060251235962,1.0047060251235962,1.0049093961715698,0.00020336292800493538,1.0,1.0,0.0,0.0,0.0,280,36.128875732421875,fresh_online_exploration,14,16,1.0,1.0,10.308732986450195,4.298829078674316,6.002803325653076
189216,80,1.002950668334961,1.002950668334961,1.0029622316360474,1.1595818250498269e-05,1.0,1.0,0.0,0.0,0.0,284,35.64619827270508,fresh_online_exploration,14,16,1.0,1.0,10.223616600036621,4.290872097015381,5.378808498382568
189312,36,1.0058385133743286,1.0058385133743286,1.0059667825698853,0.00012825321755371988,1.0,1.0,0.0,0.0,0.0,277,36.03587341308594,fresh_online_exploration,14,16,1.0,1.0,10.271709442138672,4.275454521179199,6.090593338012695
189600,35,1.0030120611190796,1.0030120611190796,1.0078434944152832,0.004831287078559399,1.0,1.0,0.0,0.0,0.0,282,36.02683639526367,fresh_online_exploration,14,16,1.0,1.0,10.177974700927734,4.29937744140625,5.919520854949951
189600,85,1.002328872680664,1.002328872680664,1.0033501386642456,0.0010212791385129094,1.0,1.0,0.0,0.0,0.0,276,35.484073638916016,fresh_online_exploration,14,16,1.0,1.0,10.359947204589844,4.2690911293029785,5.6307597160339355
189696,87,1.0014944076538086,1.0014944076538086,1.0016613006591797,0.0001669129414949566,1.0,1.0,0.0,0.0,0.0,281,35.990753173828125,fresh_online_exploration,14,16,1.0,1.0,10.210379600524902,4.294341564178467,5.977798938751221
189792,61,1.003889799118042,1.003889799118042,1.0045971870422363,0.000707457831595093,1.0,1.0,0.0,0.0,0.0,276,35.944984436035156,fresh_online_exploration,14,16,1.0,1.0,10.220821380615234,4.301102161407471,6.175217628479004
189984,45,1.0029747486114502,1.0029747486114502,1.0029890537261963,1.43434608617099e-05,1.0,1.0,0.0,0.0,0.0,283,35.79880142211914,fresh_online_exploration,14,16,1.0,1.0,10.26291561126709,4.291064739227295,5.524880886077881
189984,62,1.0027854442596436,1.0027854442596436,1.002794861793518,9.404898264619987e-06,1.0,1.0,0.0,0.0,0.0,282,35.72177505493164,fresh_online_exploration,14,16,1.0,1.0,10.190836906433105,4.286207675933838,5.479345321655273
189984,66,1.001649260520935,1.001649260520935,1.0016653537750244,1.6035310181905515e-05,1.0,1.0,0.0,0.0,0.0,287,35.7828483581543,fresh_online_exploration,14,16,1.0,1.0,10.084579467773438,4.288581371307373,5.280506610870361
190080,55,1.0039482116699219,1.0039482116699219,1.0042924880981445,0.0003442903107497841,1.0,1.0,0.0,0.0,0.0,278,35.97957229614258,fresh_online_exploration,14,16,1.0,1.0,10.276193618774414,4.308566093444824,6.10660457611084
190080,60,1.0045377016067505,1.0045377016067505,1.0046579837799072,0.00012036103726131842,1.0,1.0,0.0,0.0,0.0,283,36.11689758300781,fresh_online_exploration,14,16,1.0,1.0,10.16942310333252,4.293929100036621,5.934638977050781
190272,7,1.0056496858596802,1.0056496858596802,1.0057015419006348,5.176212653168477e-05,1.0,1.0,0.0,0.0,0.0,286,36.164947509765625,fresh_online_exploration,14,17,1.0,1.0,10.152352333068848,4.295590877532959,5.790414810180664
190272,20,1.0046939849853516,1.0046939849853516,1.0047121047973633,1.8178900063503534e-05,1.0,1.0,0.0,0.0,0.0,289,35.897613525390625,fresh_online_exploration,14,17,1.0,1.0,10.117645263671875,4.320446014404297,5.232241630554199
190368,41,1.005663275718689,1.005663275718689,1.007755160331726,0.0020918776281177998,1.0,1.0,0.0,0.0,0.0,284,35.759437561035156,fresh_online_exploration,14,17,1.0,1.0,10.21734619140625,4.283355236053467,5.35584831237793
190464,10,1.0006040334701538,1.0006040334701538,1.0007264614105225,0.00012237057671882212,1.0,1.0,0.0,0.0,0.0,290,35.8380126953125,fresh_online_exploration,14,17,1.0,1.0,10.099363327026367,4.297179698944092,5.176356792449951
190464,53,1.0048452615737915,1.0048452615737915,1.0053222179412842,0.00047689606435596943,1.0,1.0,0.0,0.0,0.0,283,36.0999755859375,fresh_online_exploration,14,17,1.0,1.0,10.154403686523438,4.3060760498046875,5.881577014923096
190848,44,1.0054638385772705,1.0054638385772705,1.0054726600646973,8.883731425157748e-06,1.0,1.0,0.0,0.0,0.0,284,35.866207122802734,fresh_online_exploration,14,17,1.0,1.0,10.183372497558594,4.291695594787598,5.429393768310547
191232,1,1.0005524158477783,1.0005524158477783,1.0032877922058105,0.002735261805355549,1.0,1.0,0.0,0.0,0.0,274,35.87175750732422,fresh_online_exploration,14,17,1.0,1.0,10.283576011657715,4.316736221313477,6.198849201202393
191520,65,1.0054805278778076,1.0054805278778076,1.0054895877838135,9.130832040682435e-06,1.0,1.0,0.0,0.0,0.0,289,35.84629821777344,fresh_online_exploration,14,17,1.0,1.0,10.163801193237305,4.303354263305664,5.214038372039795
211776,76,1.0033396482467651,1.0033396482467651,1.0034141540527344,7.455845479853451e-05,1.0,1.0,0.0,0.0,0.0,275,35.942298889160156,fresh_online_exploration,16,18,1.0,1.0,10.25948715209961,4.517783164978027,6.180158615112305
212256,84,1.0012145042419434,1.0012145042419434,1.005250096321106,0.00403559161350131,1.0,1.0,0.0,0.0,0.0,275,35.495643615722656,fresh_online_exploration,16,18,1.0,1.0,10.27405834197998,4.531614303588867,5.688272953033447
212256,91,1.0038580894470215,1.0038580894470215,1.0043188333511353,0.0004607296141330153,1.0,1.0,0.0,0.0,0.0,283,36.12863540649414,fresh_online_exploration,16,18,1.0,1.0,10.257256507873535,4.538297176361084,5.941107273101807
212448,63,1.0051343441009521,1.0051343441009521,1.0216779708862305,0.016543682664632797,1.0,1.0,0.0,0.0,0.0,274,35.90234375,fresh_online_exploration,16,18,1.0,1.0,10.298039436340332,4.544184684753418,6.2188801765441895
212832,29,1.0009121894836426,1.0009121894836426,1.0044801235198975,0.0035679778084158897,1.0,1.0,0.0,0.0,0.0,279,35.95929718017578,fresh_online_exploration,16,18,1.0,1.0,10.262640953063965,4.495332717895508,6.003404140472412
212928,24,1.0004042387008667,1.0004042387008667,1.0008975267410278,0.0004932896699756384,1.0,1.0,0.0,0.0,0.0,278,35.543087005615234,fresh_online_exploration,16,18,1.0,1.0,10.355414390563965,4.502769947052002,5.5938310623168945
213024,72,1.0021246671676636,1.0021246671676636,1.002147912979126,2.3287409931072034e-05,1.0,1.0,0.0,0.0,0.0,262,35.24800109863281,fresh_online_exploration,16,18,1.0,1.0,10.175211906433105,4.557808876037598,6.273421287536621
213216,11,1.0002156496047974,1.0002156496047974,1.0002522468566895,3.669499346869998e-05,1.0,1.0,0.0,0.0,0.0,282,35.65562057495117,fresh_online_exploration,16,18,1.0,1.0,10.230720520019531,4.523102760314941,5.448700904846191
213216,58,1.0053447484970093,1.0053447484970093,1.0249748229980469,0.01963004656136036,1.0,1.0,0.0,0.0,0.0,274,35.943702697753906,fresh_online_exploration,16,18,1.0,1.0,10.31363296508789,4.531808853149414,6.267739772796631
213216,93,1.0017879009246826,1.0017879009246826,1.0018036365509033,1.5664903912693262e-05,1.0,1.0,0.0,0.0,0.0,279,35.99292755126953,fresh_online_exploration,16,18,1.0,1.0,10.281421661376953,4.528038501739502,6.015897750854492
213216,95,1.001824975013733,1.001824975013733,1.0025966167449951,0.0007716252584941685,1.0,1.0,0.0,0.0,0.0,278,35.54115295410156,fresh_online_exploration,16,18,1.0,1.0,10.240843772888184,4.50158166885376,5.568694591522217
213408,86,1.0019549131393433,1.0019549131393433,1.0034894943237305,0.001534665236249566,1.0,1.0,0.0,0.0,0.0,282,36.041603088378906,fresh_online_exploration,16,18,1.0,1.0,10.283515930175781,4.497812271118164,5.904145240783691
213504,2,1.0039936304092407,1.0039936304092407,1.0042309761047363,0.0002374387695454061,1.0,1.0,0.0,0.0,0.0,282,35.71489715576172,fresh_online_exploration,16,18,1.0,1.0,10.230031967163086,4.517811298370361,5.465507984161377
213504,69,1.0023558139801025,1.0023558139801025,1.0182507038116455,0.01589491218328476,1.0,1.0,0.0,0.0,0.0,277,35.61125946044922,fresh_online_exploration,16,18,1.0,1.0,10.260444641113281,4.532726764678955,5.638116836547852
213504,89,1.0044870376586914,1.0044870376586914,1.0251564979553223,0.02066945470869541,1.0,1.0,0.0,0.0,0.0,274,35.88942337036133,fresh_online_exploration,16,18,1.0,1.0,10.301698684692383,4.524667263031006,6.241524696350098
213600,17,1.0028623342514038,1.0028623342514038,1.002981424331665,0.00011905609426321462,1.0,1.0,0.0,0.0,0.0,274,35.520957946777344,fresh_online_exploration,16,18,1.0,1.0,10.332401275634766,4.535645961761475,5.732596397399902
213600,33,1.0006240606307983,1.0006240606307983,1.000664234161377,4.017371611553244e-05,1.0,1.0,0.0,0.0,0.0,276,35.866844177246094,fresh_online_exploration,16,18,1.0,1.0,10.303380966186523,4.533126354217529,6.108928203582764
213696,49,1.0018360614776611,1.0018360614776611,1.0026345252990723,0.0007983763935044408,1.0,1.0,0.0,0.0,0.0,282,35.753517150878906,fresh_online_exploration,16,18,1.0,1.0,10.320528984069824,4.525491237640381,5.466383934020996
213888,47,1.0020242929458618,1.0020242929458618,1.0242500305175781,0.022225644439458847,1.0,1.0,0.0,0.0,0.0,272,35.83441925048828,fresh_online_exploration,16,18,0.9994382023811341,0.9943820238113403,10.329572677612305,4.532071113586426,6.3023810386657715
213984,70,1.001853346824646,1.001853346824646,1.0052871704101562,0.0034338091500103474,1.0,1.0,0.0,0.0,0.0,280,35.92485427856445,fresh_online_exploration,16,18,1.0,1.0,10.265740394592285,4.505339622497559,6.011048793792725
213984,75,1.0007473230361938,1.0007473230361938,1.0041098594665527,0.0033625937066972256,1.0,1.0,0.0,0.0,0.0,281,36.05088806152344,fresh_online_exploration,16,18,1.0,1.0,10.233489990234375,4.504675388336182,5.947205543518066
214080,8,1.0024964809417725,1.0024964809417725,1.0025346279144287,3.808422479778528e-05,1.0,1.0,0.0,0.0,0.0,277,35.591495513916016,fresh_online_exploration,16,18,1.0,1.0,10.373852729797363,4.501325607299805,5.595473289489746
214080,23,1.0038611888885498,1.0038611888885498,1.0038772821426392,1.6067258911789395e-05,1.0,1.0,0.0,0.0,0.0,279,35.961849212646484,fresh_online_exploration,16,18,1.0,1.0,10.266203880310059,4.528334617614746,6.041252136230469
214080,37,1.000075101852417,1.000075101852417,1.0000947713851929,1.965837145689875e-05,1.0,1.0,0.0,0.0,0.0,281,35.95594024658203,fresh_online_exploration,16,18,1.0,1.0,10.215716361999512,4.538961410522461,5.898305892944336
214080,56,1.0059081315994263,1.0059081315994263,1.0083261728286743,0.0024180402979254723,1.0,1.0,0.0,0.0,0.0,286,36.15531539916992,fresh_online_exploration,16,18,1.0,1.0,10.20712661743164,4.522059917449951,5.811523914337158
214176,18,1.0050750970840454,1.0050750970840454,1.0051651000976562,9.007581684272736e-05,1.0,1.0,0.0,0.0,0.0,277,35.979061126708984,fresh_online_exploration,16,18,1.0,1.0,10.265030860900879,4.5605292320251465,6.102312088012695
214176,31,1.0037598609924316,1.0037598609924316,1.0062581300735474,0.0024983298499137163,1.0,1.0,0.0,0.0,0.0,280,35.60795211791992,fresh_online_exploration,16,18,1.0,1.0,10.257137298583984,4.509250164031982,5.510201930999756
214176,79,1.001688003540039,1.001688003540039,1.0045133829116821,0.002825358184054494,1.0,1.0,0.0,0.0,0.0,279,36.03323745727539,fresh_online_exploration,16,18,1.0,1.0,10.312942504882812,4.556575298309326,6.033520698547363
214272,13,1.0048729181289673,1.0048729181289673,1.0048835277557373,1.0643330824677832e-05,1.0,1.0,0.0,0.0,0.0,281,35.65925216674805,fresh_online_exploration,16,18,1.0,1.0,10.267389297485352,4.529422760009766,5.444969654083252
214272,43,1.0032695531845093,1.0032695531845093,1.0033029317855835,3.341180126881227e-05,1.0,1.0,0.0,0.0,0.0,284,35.76676940917969,fresh_online_exploration,16,18,1.0,1.0,10.260677337646484,4.504975318908691,5.372554302215576
214368,73,1.0017348527908325,1.0017348527908325,1.001774549484253,3.9733356970828027e-05,1.0,1.0,0.0,0.0,0.0,284,35.748321533203125,fresh_online_exploration,16,18,1.0,1.0,10.317853927612305,4.54065465927124,5.407336235046387
214368,81,1.001223087310791,1.001223087310791,1.0012671947479248,4.4111435272498056e-05,1.0,1.0,0.0,0.0,0.0,271,35.787193298339844,fresh_online_exploration,16,18,1.0,1.0,10.31962776184082,4.524710178375244,6.306174278259277
214368,83,1.0052417516708374,1.0052417516708374,1.0054357051849365,0.00019391565001569688,1.0,1.0,0.0,0.0,0.0,278,35.58329772949219,fresh_online_exploration,16,18,1.0,1.0,10.412225723266602,4.513541221618652,5.566386699676514
214464,14,1.003261923789978,1.003261923789978,1.036927342414856,0.033665452152490616,1.0,1.0,0.0,0.0,0.0,272,35.79182052612305,fresh_online_exploration,16,18,1.0,1.0,10.241331100463867,4.514095783233643,6.306224822998047
214464,25,1.0018023252487183,1.0018023252487183,1.0018219947814941,1.971433994185645e-05,1.0,1.0,0.0,0.0,0.0,278,35.9556999206543,fresh_online_exploration,16,18,1.0,1.0,10.271036148071289,4.524810314178467,6.046152114868164
214464,52,1.0046379566192627,1.0046379566192627,1.0046491622924805,1.1244665984122548e-05,1.0,1.0,0.0,0.0,0.0,276,35.93208694458008,fresh_online_exploration,16,18,1.0,1.0,10.289555549621582,4.485566139221191,6.183887958526611
214464,67,1.0053693056106567,1.0053693056106567,1.0277159214019775,0.02234669215977192,1.0,1.0,0.0,0.0,0.0,275,35.608177185058594,fresh_online_exploration,16,18,1.0,1.0,10.395642280578613,4.539337635040283,5.713188171386719
214560,48,1.0019855499267578,1.0019855499267578,1.018306016921997,0.01632043719291687,1.0,1.0,0.0,0.0,0.0,275,35.87747573852539,fresh_online_exploration,16,18,1.0,1.0,10.30575942993164,4.541775703430176,6.144962787628174
214560,50,1.0016353130340576,1.0016353130340576,1.0024281740188599,0.0007928238483145833,1.0,1.0,0.0,0.0,0.0,282,35.68096160888672,fresh_online_exploration,16,18,1.0,1.0,10.205363273620605,4.507330894470215,5.460833549499512
214656,77,1.0025196075439453,1.0025196075439453,1.0123600959777832,0.009840382263064384,1.0,1.0,0.0,0.0,0.0,277,35.617835998535156,fresh_online_exploration,16,18,1.0,1.0,10.32724666595459,4.536590576171875,5.616418838500977
214656,82,1.001352310180664,1.001352310180664,1.0018205642700195,0.00046826215111650527,1.0,1.0,0.0,0.0,0.0,277,35.56587600708008,fresh_online_exploration,16,18,1.0,1.0,10.357049942016602,4.551772594451904,5.596717834472656
214656,90,1.002550482749939,1.002550482749939,1.00318443775177,0.0006339544197544456,1.0,1.0,0.0,0.0,0.0,280,36.039066314697266,fresh_online_exploration,16,18,1.0,1.0,10.278043746948242,4.519554615020752,6.010560035705566
214752,32,1.0023082494735718,1.0023082494735718,1.0057954788208008,0.0034871960524469614,1.0,1.0,0.0,0.0,0.0,274,35.91602325439453,fresh_online_exploration,16,18,1.0,1.0,10.40201187133789,4.5471014976501465,6.213573455810547
214752,38,1.002772331237793,1.002772331237793,1.0027998685836792,2.7493088055052795e-05,1.0,1.0,0.0,0.0,0.0,283,35.74797058105469,fresh_online_exploration,16,18,1.0,1.0,10.290979385375977,4.565698146820068,5.406063079833984
214752,39,1.0045992136001587,1.0045992136001587,1.00870680809021,0.004107667598873377,1.0,1.0,0.0,0.0,0.0,280,36.07850646972656,fresh_online_exploration,16,18,1.0,1.0,10.224828720092773,4.5656657218933105,6.033647060394287
214752,71,1.0051149129867554,1.0051149129867554,1.0127782821655273,0.0076635233126580715,1.0,1.0,0.0,0.0,0.0,271,35.87824249267578,fresh_online_exploration,16,18,1.0,1.0,10.299226760864258,4.529818058013916,6.318130016326904
214752,88,1.0020118951797485,1.0020118951797485,1.0020246505737305,1.2776688890880905e-05,1.0,1.0,0.0,0.0,0.0,280,35.707923889160156,fresh_online_exploration,16,18,1.0,1.0,10.208154678344727,4.5653862953186035,5.5990705490112305
214848,0,1.0056413412094116,1.0056413412094116,1.0196640491485596,0.014022675342857838,1.0,1.0,0.0,0.0,0.0,278,35.98919677734375,fresh_online_exploration,16,18,1.0,1.0,10.259503364562988,4.543300628662109,6.073862075805664
214848,22,1.0024052858352661,1.0024052858352661,1.002434492111206,2.9168240871513262e-05,1.0,1.0,0.0,0.0,0.0,280,36.05824279785156,fresh_online_exploration,16,18,1.0,1.0,10.24729061126709,4.504725456237793,5.995943069458008
214848,68,1.0033211708068848,1.0033211708068848,1.003331184387207,1.0123535503225867e-05,1.0,1.0,0.0,0.0,0.0,286,35.832027435302734,fresh_online_exploration,16,18,1.0,1.0,10.223864555358887,4.520561695098877,5.348442077636719
214944,3,1.0025261640548706,1.0025261640548706,1.0025694370269775,4.3293810449540615e-05,1.0,1.0,0.0,0.0,0.0,285,35.7435417175293,fresh_online_exploration,16,18,1.0,1.0,10.350994110107422,4.5750555992126465,5.361088752746582
214944,34,1.0034458637237549,1.0034458637237549,1.005388855934143,0.0019429875537753105,1.0,1.0,0.0,0.0,0.0,279,36.00352478027344,fresh_online_exploration,16,18,1.0,1.0,10.2590913772583,4.529849529266357,6.044516563415527
214944,46,1.001835823059082,1.001835823059082,1.002070426940918,0.00023453112225979567,1.0,1.0,0.0,0.0,0.0,278,35.984375,fresh_online_exploration,16,18,1.0,1.0,10.320321083068848,4.519618511199951,6.075772762298584
214944,54,1.001309871673584,1.001309871673584,1.0014662742614746,0.00015642969810869545,1.0,1.0,0.0,0.0,0.0,284,35.64130401611328,fresh_online_exploration,16,18,1.0,1.0,10.321457862854004,4.487926959991455,5.3617401123046875
215040,16,1.0040169954299927,1.0040169954299927,1.0040485858917236,3.154620935674757e-05,1.0,1.0,0.0,0.0,0.0,281,35.719417572021484,fresh_online_exploration,16,18,1.0,1.0,10.312725067138672,4.528207302093506,5.47364616394043
215040,21,1.0053213834762573,1.0053213834762573,1.0054354667663574,0.00011412278399802744,1.0,1.0,0.0,0.0,0.0,276,35.98863220214844,fresh_online_exploration,16,18,1.0,1.0,10.29767894744873,4.5279316902160645,6.141780376434326
215040,36,1.00295090675354,1.00295090675354,1.0103833675384521,0.007432439364492893,1.0,1.0,0.0,0.0,0.0,268,35.757713317871094,fresh_online_exploration,16,18,1.0,1.0,10.383023262023926,4.54152774810791,6.451796531677246
215136,5,1.0002824068069458,1.0002824068069458,1.0221552848815918,0.021872932091355324,1.0,1.0,0.0,0.0,0.0,272,35.76293182373047,fresh_online_exploration,16,18,1.0,1.0,10.304047584533691,4.5691094398498535,6.26370906829834
215232,15,1.0000516176223755,1.0000516176223755,1.000279426574707,0.00022784735483583063,1.0,1.0,0.0,0.0,0.0,284,35.665672302246094,fresh_online_exploration,16,18,1.0,1.0,10.281060218811035,4.517693996429443,5.376751899719238
215232,26,1.001422643661499,1.001422643661499,1.0016292333602905,0.00020663118630181998,1.0,1.0,0.0,0.0,0.0,282,36.03638458251953,fresh_online_exploration,16,18,1.0,1.0,10.287455558776855,4.538205146789551,5.922397613525391
215328,78,1.0050231218338013,1.0050231218338013,1.0098189115524292,0.004795745015144348,1.0,1.0,0.0,0.0,0.0,281,36.09765625,fresh_online_exploration,16,18,1.0,1.0,10.291804313659668,4.518424987792969,5.976673126220703
215424,40,1.002153754234314,1.002153754234314,1.003861427307129,0.0017076239455491304,1.0,1.0,0.0,0.0,0.0,281,35.60073471069336,fresh_online_exploration,16,18,1.0,1.0,10.340203285217285,4.555420398712158,5.460521697998047
215520,4,1.0062706470489502,1.0062706470489502,1.0062804222106934,9.825794222706463e-06,1.0,1.0,0.0,0.0,0.0,285,35.80615997314453,fresh_online_exploration,16,18,1.0,1.0,10.255147933959961,4.551315784454346,5.3367204666137695
215520,28,1.003912091255188,1.003912091255188,1.0174379348754883,0.013525789603590965,1.0,1.0,0.0,0.0,0.0,277,35.96692657470703,fresh_online_exploration,16,18,1.0,1.0,10.246809005737305,4.547790050506592,6.068587779998779
215520,64,1.0065139532089233,1.0065139532089233,1.0067369937896729,0.00022299058036878705,1.0,1.0,0.0,0.0,0.0,280,36.01751708984375,fresh_online_exploration,16,18,1.0,1.0,10.2978515625,4.524651050567627,6.010639190673828
215616,51,1.0040770769119263,1.0040770769119263,1.0046534538269043,0.0005764217930845916,1.0,1.0,0.0,0.0,0.0,281,36.109622955322266,fresh_online_exploration,16,18,1.0,1.0,10.244673728942871,4.514369487762451,5.9932403564453125
215616,94,1.0019985437393188,1.0019985437393188,1.002011775970459,1.326437086390797e-05,1.0,1.0,0.0,0.0,0.0,282,36.089176177978516,fresh_online_exploration,16,18,1.0,1.0,10.302384376525879,4.513479709625244,5.9145355224609375
215712,27,1.0011370182037354,1.0011370182037354,1.00126314163208,0.00012616819003596902,1.0,1.0,0.0,0.0,0.0,277,35.60209274291992,fresh_online_exploration,16,18,1.0,1.0,10.31593132019043,4.535243511199951,5.660510063171387
215712,92,1.0000710487365723,1.0000710487365723,1.0003712177276611,0.00030016162781976163,1.0,1.0,0.0,0.0,0.0,280,35.60237503051758,fresh_online_exploration,16,18,1.0,1.0,10.319798469543457,4.52620267868042,5.485774993896484
215808,12,1.0017656087875366,1.0017656087875366,1.0018298625946045,6.414265953935683e-05,1.0,1.0,0.0,0.0,0.0,282,35.67339324951172,fresh_online_exploration,16,18,1.0,1.0,10.271574020385742,4.548105716705322,5.428215980529785
215808,42,1.0033992528915405,1.0033992528915405,1.0034644603729248,6.513061816804111e-05,1.0,1.0,0.0,0.0,0.0,285,35.727142333984375,fresh_online_exploration,16,18,1.0,1.0,10.276089668273926,4.5525054931640625,5.303009033203125
216000,9,1.0039225816726685,1.0039225816726685,1.0039472579956055,2.4678003683220595e-05,1.0,1.0,0.0,0.0,0.0,286,35.82545471191406,fresh_online_exploration,16,18,1.0,1.0,10.23080825805664,4.526494026184082,5.319315433502197
216096,30,1.0040428638458252,1.0040428638458252,1.004057765007019,1.489207807026105e-05,1.0,1.0,0.0,0.0,0.0,281,35.742618560791016,fresh_online_exploration,16,18,1.0,1.0,10.318255424499512,4.544914722442627,5.548849582672119
216096,55,1.0064966678619385,1.0064966678619385,1.020988941192627,0.014492359943687916,1.0,1.0,0.0,0.0,0.0,271,35.48814392089844,fresh_online_exploration,16,18,1.0,1.0,10.387529373168945,4.508012771606445,5.850649833679199
216096,61,1.0049259662628174,1.0049259662628174,1.0185394287109375,0.013613472692668438,1.0,1.0,0.0,0.0,0.0,274,35.58074951171875,fresh_online_exploration,16,18,1.0,1.0,10.32813549041748,4.549100399017334,5.757237434387207
216096,87,1.0017669200897217,1.0017669200897217,1.019223928451538,0.01745687425136566,1.0,1.0,0.0,0.0,0.0,275,35.88389587402344,fresh_online_exploration,16,18,1.0,1.0,10.308621406555176,4.531787872314453,6.189065933227539
216192,35,1.0021125078201294,1.0021125078201294,1.002126932144165,1.4344776900543366e-05,1.0,1.0,0.0,0.0,0.0,277,35.93897247314453,fresh_online_exploration,16,18,1.0,1.0,10.292914390563965,4.542733669281006,6.0953593254089355
216192,80,1.001421332359314,1.001421332359314,1.0015462636947632,0.00012493747635744512,1.0,1.0,0.0,0.0,0.0,281,35.68003463745117,fresh_online_exploration,16,18,1.0,1.0,10.327912330627441,4.560571193695068,5.500518798828125
216288,6,1.0041508674621582,1.0041508674621582,1.0046511888504028,0.0005003416445106268,1.0,1.0,0.0,0.0,0.0,282,36.16780471801758,fresh_online_exploration,16,18,1.0,1.0,10.245983123779297,4.556375026702881,5.958566665649414
216288,57,1.002719521522522,1.002719521522522,1.015401840209961,0.012682395055890083,1.0,1.0,0.0,0.0,0.0,284,35.790504455566406,fresh_online_exploration,16,18,1.0,1.0,10.278287887573242,4.544300079345703,5.405707836151123
216288,85,1.0034772157669067,1.0034772157669067,1.0035072565078735,3.0034247174626216e-05,1.0,1.0,0.0,0.0,0.0,278,35.641231536865234,fresh_online_exploration,16,18,1.0,1.0,10.330477714538574,4.584866523742676,5.572859764099121
216384,19,1.0030534267425537,1.0030534267425537,1.0032318830490112,0.00017843054956756532,1.0,1.0,0.0,0.0,0.0,284,36.13840103149414,fresh_online_exploration,16,18,1.0,1.0,10.253499984741211,4.541769504547119,5.801405906677246
216384,59,1.0004942417144775,1.0004942417144775,1.0005254745483398,3.129213291686028e-05,1.0,1.0,0.0,0.0,0.0,285,35.70826721191406,fresh_online_exploration,16,18,1.0,1.0,10.253653526306152,4.544605731964111,5.329352855682373
216480,74,1.002583622932434,1.002583622932434,1.0025992393493652,1.5681849617976695e-05,1.0,1.0,0.0,0.0,0.0,288,35.793922424316406,fresh_online_exploration,16,18,1.0,1.0,10.263493537902832,4.5496087074279785,5.2356858253479
216672,10,1.002958059310913,1.002958059310913,1.0134577751159668,0.010499738156795502,1.0,1.0,0.0,0.0,0.0,273,35.84804153442383,fresh_online_exploration,17,18,1.0,1.0,10.325605392456055,4.535467624664307,6.241191387176514
216768,53,1.0050735473632812,1.0050735473632812,1.0118199586868286,0.006746360566467047,1.0,1.0,0.0,0.0,0.0,274,35.49708557128906,fresh_online_exploration,17,18,1.0,1.0,10.395719528198242,4.546395778656006,5.688145637512207
216960,45,1.0048235654830933,1.0048235654830933,1.0087666511535645,0.0039430223405361176,1.0,1.0,0.0,0.0,0.0,281,36.11640930175781,fresh_online_exploration,16,18,1.0,1.0,10.290706634521484,4.5566205978393555,5.984168529510498
216960,60,1.0011194944381714,1.0011194944381714,1.0011560916900635,3.663628740468994e-05,1.0,1.0,0.0,0.0,0.0,280,36.00825881958008,fresh_online_exploration,16,18,1.0,1.0,10.303557395935059,4.5190019607543945,5.963029861450195
217248,66,1.0030238628387451,1.0030238628387451,1.0030384063720703,1.4509850188915152e-05,1.0,1.0,0.0,0.0,0.0,284,35.739498138427734,fresh_online_exploration,16,18,1.0,1.0,10.308343887329102,4.560035228729248,5.398554801940918
217344,44,1.0027822256088257,1.0027822256088257,1.0242295265197754,0.021447258070111275,1.0,1.0,0.0,0.0,0.0,276,35.95114517211914,fresh_online_exploration,17,18,1.0,1.0,10.334365844726562,4.5490875244140625,6.138706684112549
217536,7,1.0050913095474243,1.0050913095474243,1.0051891803741455,9.788130410015583e-05,1.0,1.0,0.0,0.0,0.0,284,35.79829406738281,fresh_online_exploration,17,18,1.0,1.0,10.20432186126709,4.515232563018799,5.392768859863281
217632,20,1.001863718032837,1.001863718032837,1.0018731355667114,9.420404239790514e-06,1.0,1.0,0.0,0.0,0.0,285,35.74639129638672,fresh_online_exploration,17,18,1.0,1.0,10.262853622436523,4.5328521728515625,5.327334880828857
217728,62,1.0058088302612305,1.0058088302612305,1.0059564113616943,0.00014756411837879568,1.0,1.0,0.0,0.0,0.0,289,35.94248962402344,fresh_online_exploration,16,18,1.0,1.0,10.235356330871582,4.584691524505615,5.249213218688965
217824,41,1.0017390251159668,1.0017390251159668,1.0017483234405518,9.359194336866494e-06,1.0,1.0,0.0,0.0,0.0,286,35.759307861328125,fresh_online_exploration,17,18,1.0,1.0,10.22150707244873,4.565817356109619,5.292274475097656
217824,65,1.0054466724395752,1.0054466724395752,1.011190414428711,0.005743655376136303,1.0,1.0,0.0,0.0,0.0,274,35.91078186035156,fresh_online_exploration,17,18,1.0,1.0,10.364370346069336,4.530432224273682,6.201976776123047
218784,1,1.000795841217041,1.000795841217041,1.0008127689361572,1.6963109374046326e-05,1.0,1.0,0.0,0.0,0.0,287,35.71809005737305,fresh_online_exploration,17,18,1.0,1.0,10.268230438232422,4.608653545379639,5.255283355712891
238080,72,1.0024359226226807,1.0024359226226807,1.002445101737976,9.201597094943281e-06,1.0,1.0,0.0,0.0,0.0,261,35.19568634033203,fresh_online_exploration,18,20,1.0,1.0,10.28062915802002,4.665609359741211,6.339591979980469
238176,76,1.0024795532226562,1.0024795532226562,1.0065686702728271,0.004089199006557465,1.0,1.0,0.0,0.0,0.0,275,35.904632568359375,fresh_online_exploration,18,20,1.0,1.0,10.28149127960205,4.640464782714844,6.188503742218018
238272,63,1.0062580108642578,1.0062580108642578,1.0079364776611328,0.0016783690080046654,1.0,1.0,0.0,0.0,0.0,269,35.515098571777344,fresh_online_exploration,18,20,1.0,1.0,10.221956253051758,4.652755260467529,6.0543389320373535
238464,84,1.0039159059524536,1.0039159059524536,1.0039575099945068,4.153615373070352e-05,1.0,1.0,0.0,0.0,0.0,273,35.828670501708984,fresh_online_exploration,18,20,1.0,1.0,10.269886016845703,4.642175674438477,6.264334678649902
238656,91,1.0009342432022095,1.0009342432022095,1.0013675689697266,0.0004333032120484859,1.0,1.0,0.0,0.0,0.0,275,35.91216278076172,fresh_online_exploration,18,20,1.0,1.0,10.384157180786133,4.658756732940674,6.219455242156982
238848,11,1.0027141571044922,1.0027141571044922,1.0077240467071533,0.005009797401726246,1.0,1.0,0.0,0.0,0.0,267,35.71963119506836,fresh_online_exploration,18,20,1.0,1.0,10.347349166870117,4.62111759185791,6.47489595413208
238944,93,1.0025140047073364,1.0025140047073364,1.0038983821868896,0.0013844410423189402,1.0,1.0,0.0,0.0,0.0,268,35.37858581542969,fresh_online_exploration,18,20,1.0,1.0,10.155999183654785,4.651583671569824,6.0495924949646
239328,29,1.0005205869674683,1.0005205869674683,1.0005322694778442,1.168724429589929e-05,1.0,1.0,0.0,0.0,0.0,276,35.87386703491211,fresh_online_exploration,18,20,1.0,1.0,10.28702163696289,4.686092376708984,6.109372138977051
239424,24,1.0005301237106323,1.0005301237106323,1.0008878707885742,0.00035777295124717057,1.0,1.0,0.0,0.0,0.0,276,35.885066986083984,fresh_online_exploration,18,20,1.0,1.0,10.317144393920898,4.645492076873779,6.129555702209473
239424,58,1.0029103755950928,1.0029103755950928,1.0035760402679443,0.000665658968500793,1.0,1.0,0.0,0.0,0.0,273,35.48888397216797,fresh_online_exploration,18,20,1.0,1.0,10.423652648925781,4.65488338470459,5.747147560119629
239616,2,1.0040771961212158,1.0040771961212158,1.0261374711990356,0.022060232236981392,1.0,1.0,0.0,0.0,0.0,272,35.82624435424805,fresh_online_exploration,18,20,0.9994382023811341,0.9943820238113403,10.36337947845459,4.6389336585998535,6.297037601470947
239616,89,1.0006239414215088,1.0006239414215088,1.0021004676818848,0.0014765621162950993,1.0,1.0,0.0,0.0,0.0,272,35.464691162109375,fresh_online_exploration,18,20,1.0,1.0,10.357402801513672,4.633487701416016,5.8114848136901855
239712,69,1.0038964748382568,1.0038964748382568,1.0039104223251343,1.3995749213790987e-05,1.0,1.0,0.0,0.0,0.0,273,35.87458419799805,fresh_online_exploration,18,20,1.0,1.0,10.364097595214844,4.643108367919922,6.281208038330078
240192,86,1.002341389656067,1.002341389656067,1.0060415267944336,0.0037002430763095617,1.0,1.0,0.0,0.0,0.0,279,35.97710418701172,fresh_online_exploration,18,21,1.0,1.0,10.244375228881836,4.6706624031066895,6.023586273193359
240192,95,1.002581000328064,1.002581000328064,1.0076576471328735,0.0050766970962285995,1.0,1.0,0.0,0.0,0.0,281,35.687828063964844,fresh_online_exploration,18,21,1.0,1.0,10.241683006286621,4.622013092041016,5.50902795791626
240288,70,1.0035218000411987,1.0035218000411987,1.0035889148712158,6.703193503199145e-05,1.0,1.0,0.0,0.0,0.0,274,35.84364700317383,fresh_online_exploration,18,21,1.0,1.0,10.359917640686035,4.660877704620361,6.250611782073975
240288,75,1.003221869468689,1.003221869468689,1.003326177597046,0.00010436494630994275,1.0,1.0,0.0,0.0,0.0,274,35.86929702758789,fresh_online_exploration,18,21,1.0,1.0,10.297957420349121,4.6364898681640625,6.181582450866699
240384,47,1.0023844242095947,1.0023844242095947,1.002743124961853,0.0003586797683965415,1.0,1.0,0.0,0.0,0.0,276,35.95802307128906,fresh_online_exploration,18,21,1.0,1.0,10.367108345031738,4.677789688110352,6.118093967437744
240480,13,1.0012938976287842,1.0012938976287842,1.0040910243988037,0.002797179389744997,1.0,1.0,0.0,0.0,0.0,273,35.81721878051758,fresh_online_exploration,18,21,1.0,1.0,10.355720520019531,4.65664529800415,6.2586445808410645
240480,23,1.0046228170394897,1.0046228170394897,1.0046563148498535,3.3397522201994434e-05,1.0,1.0,0.0,0.0,0.0,275,35.85175323486328,fresh_online_exploration,18,21,1.0,1.0,10.272860527038574,4.637688636779785,6.137045860290527
240480,49,1.0037819147109985,1.0037819147109985,1.0065505504608154,0.0027687475085258484,1.0,1.0,0.0,0.0,0.0,279,36.04438781738281,fresh_online_exploration,18,21,1.0,1.0,10.373279571533203,4.649149417877197,6.064348220825195
240576,8,1.0027251243591309,1.0027251243591309,1.0068979263305664,0.004172867629677057,1.0,1.0,0.0,0.0,0.0,276,35.86615753173828,fresh_online_exploration,18,21,1.0,1.0,10.280852317810059,4.616319179534912,6.1555986404418945
240576,31,1.000227451324463,1.000227451324463,1.0003182888031006,9.090693492908031e-05,1.0,1.0,0.0,0.0,0.0,275,35.86152267456055,fresh_online_exploration,18,21,1.0,1.0,10.345129013061523,4.665118217468262,6.171173095703125
240576,43,1.0048388242721558,1.0048388242721558,1.0110135078430176,0.006174826994538307,1.0,1.0,0.0,0.0,0.0,274,35.531089782714844,fresh_online_exploration,18,21,1.0,1.0,10.454276084899902,4.638620376586914,5.728453159332275
240576,52,1.0011935234069824,1.0011935234069824,1.001204490661621,1.0958425264107063e-05,1.0,1.0,0.0,0.0,0.0,272,35.75897216796875,fresh_online_exploration,18,21,1.0,1.0,10.363204002380371,4.628222942352295,6.29823637008667
240576,79,1.0011004209518433,1.0011004209518433,1.0011110305786133,1.0536984518694226e-05,1.0,1.0,0.0,0.0,0.0,275,35.91469192504883,fresh_online_exploration,18,21,1.0,1.0,10.349498748779297,4.651610851287842,6.19911003112793
240672,17,1.003824234008789,1.003824234008789,1.0114455223083496,0.007621359080076218,1.0,1.0,0.0,0.0,0.0,282,35.741355895996094,fresh_online_exploration,18,21,1.0,1.0,10.27248764038086,4.663240432739258,5.494634628295898
240672,18,1.0039739608764648,1.0039739608764648,1.003982663154602,8.707917913852725e-06,1.0,1.0,0.0,0.0,0.0,276,35.968326568603516,fresh_online_exploration,18,21,1.0,1.0,10.293120384216309,4.667941570281982,6.13295841217041
240672,22,1.0025092363357544,1.0025092363357544,1.0081069469451904,0.005597590934485197,1.0,1.0,0.0,0.0,0.0,269,35.73767852783203,fresh_online_exploration,18,21,1.0,1.0,10.309524536132812,4.661771774291992,6.3907341957092285
240672,37,1.0037784576416016,1.0037784576416016,1.0074868202209473,0.0037083844654262066,1.0,1.0,0.0,0.0,0.0,277,35.93572235107422,fresh_online_exploration,18,21,1.0,1.0,10.303986549377441,4.612646579742432,6.085143089294434
240672,56,1.005009412765503,1.005009412765503,1.0050196647644043,1.034947854350321e-05,1.0,1.0,0.0,0.0,0.0,277,35.9456787109375,fresh_online_exploration,18,21,1.0,1.0,10.329808235168457,4.646570682525635,6.125124931335449
240672,77,1.0014636516571045,1.0014636516571045,1.0110018253326416,0.009538219310343266,1.0,1.0,0.0,0.0,0.0,271,35.46541976928711,fresh_online_exploration,18,21,1.0,1.0,10.432039260864258,4.632047176361084,5.839918613433838
240768,32,1.0012263059616089,1.0012263059616089,1.0178974866867065,0.016671154648065567,1.0,1.0,0.0,0.0,0.0,271,35.802547454833984,fresh_online_exploration,18,21,1.0,1.0,10.373048782348633,4.673402309417725,6.375645160675049
240960,33,1.000078558921814,1.000078558921814,1.0001558065414429,7.724369061179459e-05,1.0,1.0,0.0,0.0,0.0,285,35.697566986083984,fresh_online_exploration,18,21,1.0,1.0,10.166644096374512,4.668564319610596,5.346012592315674
240960,48,1.0059401988983154,1.0059401988983154,1.0064656734466553,0.0005254801944829524,1.0,1.0,0.0,0.0,0.0,275,35.972232818603516,fresh_online_exploration,18,21,1.0,1.0,10.34499454498291,4.666811943054199,6.159831523895264
240960,83,1.000878095626831,1.000878095626831,1.0009994506835938,0.00012135570432292297,1.0,1.0,0.0,0.0,0.0,277,35.8541259765625,fresh_online_exploration,18,21,1.0,1.0,10.318799018859863,4.639742374420166,6.048895359039307
241056,15,1.0006532669067383,1.0006532669067383,1.007596731185913,0.006943434476852417,1.0,1.0,0.0,0.0,0.0,269,35.6910285949707,fresh_online_exploration,18,21,1.0,1.0,10.357865333557129,4.697152614593506,6.349363803863525
241056,25,1.003652572631836,1.003652572631836,1.0141115188598633,0.01045895554125309,1.0,1.0,0.0,0.0,0.0,277,35.935935974121094,fresh_online_exploration,18,21,1.0,1.0,10.287138938903809,4.634186744689941,6.12472677230835
241152,71,1.0008602142333984,1.0008602142333984,1.005443811416626,0.004583556205034256,1.0,1.0,0.0,0.0,0.0,275,35.581565856933594,fresh_online_exploration,18,21,1.0,1.0,10.330888748168945,4.661935806274414,5.727684497833252
241248,67,1.0003937482833862,1.0003937482833862,1.0004236698150635,2.9840566639904864e-05,1.0,1.0,0.0,0.0,0.0,279,35.96502685546875,fresh_online_exploration,18,21,1.0,1.0,10.2845458984375,4.600592613220215,6.026845932006836
241248,82,1.0011509656906128,1.0011509656906128,1.0011848211288452,3.384808951523155e-05,1.0,1.0,0.0,0.0,0.0,277,35.9304313659668,fresh_online_exploration,18,21,1.0,1.0,10.310317039489746,4.651803970336914,6.114537715911865
241248,90,1.0049809217453003,1.0049809217453003,1.0088962316513062,0.003915253560990095,1.0,1.0,0.0,0.0,0.0,277,36.02648162841797,fresh_online_exploration,18,21,1.0,1.0,10.279178619384766,4.629717826843262,6.201891899108887
241344,14,1.0008805990219116,1.0008805990219116,1.001119613647461,0.00023898540530353785,1.0,1.0,0.0,0.0,0.0,280,35.537391662597656,fresh_online_exploration,18,21,1.0,1.0,10.369847297668457,4.6321845054626465,5.500512599945068
241344,39,1.0052341222763062,1.0052341222763062,1.0053313970565796,9.725864219944924e-05,1.0,1.0,0.0,0.0,0.0,277,36.03483963012695,fresh_online_exploration,18,21,1.0,1.0,10.363409042358398,4.647220134735107,6.141936779022217
241344,68,1.00193452835083,1.00193452835083,1.0058190822601318,0.0038844598457217216,1.0,1.0,0.0,0.0,0.0,276,35.89029312133789,fresh_online_exploration,18,21,1.0,1.0,10.276613235473633,4.673882484436035,6.17540168762207
241440,26,1.0014058351516724,1.0014058351516724,1.0133479833602905,0.011942209675908089,1.0,1.0,0.0,0.0,0.0,273,35.44364929199219,fresh_online_exploration,18,21,1.0,1.0,10.319820404052734,4.694791316986084,5.750590801239014
241536,46,1.0044870376586914,1.0044870376586914,1.0050325393676758,0.0005454212659969926,1.0,1.0,0.0,0.0,0.0,277,35.523582458496094,fresh_online_exploration,18,21,1.0,1.0,10.427752494812012,4.64365816116333,5.611218452453613
241632,34,1.001824140548706,1.001824140548706,1.0018322467803955,8.08728418633109e-06,1.0,1.0,0.0,0.0,0.0,278,35.972171783447266,fresh_online_exploration,18,21,1.0,1.0,10.297741889953613,4.665866374969482,6.098033905029297
241632,73,1.0051106214523315,1.0051106214523315,1.0051203966140747,9.770014003152028e-06,1.0,1.0,0.0,0.0,0.0,284,35.79819107055664,fresh_online_exploration,18,21,1.0,1.0,10.324898719787598,4.635278224945068,5.410140037536621
241728,3,1.0042781829833984,1.0042781829833984,1.0042866468429565,8.437359610979911e-06,1.0,1.0,0.0,0.0,0.0,279,35.628883361816406,fresh_online_exploration,18,21,1.0,1.0,10.421961784362793,4.649370193481445,5.523490905761719
241824,5,1.002439022064209,1.002439022064209,1.0059230327606201,0.0034839243162423372,1.0,1.0,0.0,0.0,0.0,278,35.996009826660156,fresh_online_exploration,18,21,1.0,1.0,10.302456855773926,4.640535354614258,6.084392070770264
241824,36,1.0019035339355469,1.0019035339355469,1.0019183158874512,1.481655090174172e-05,1.0,1.0,0.0,0.0,0.0,279,35.620506286621094,fresh_online_exploration,18,21,1.0,1.0,10.310064315795898,4.677466869354248,5.548279762268066
241824,50,1.001980185508728,1.001980185508728,1.0021934509277344,0.0002132628724211827,1.0,1.0,0.0,0.0,0.0,284,35.67164611816406,fresh_online_exploration,18,21,1.0,1.0,10.319430351257324,4.691681861877441,5.3355841636657715
241824,54,1.0063843727111816,1.0063843727111816,1.0063936710357666,9.220486390404403e-06,1.0,1.0,0.0,0.0,0.0,280,35.69566345214844,fresh_online_exploration,18,21,1.0,1.0,10.324563026428223,4.645440101623535,5.582780838012695
241824,81,1.0005370378494263,1.0005370378494263,1.0005757808685303,3.879844371112995e-05,1.0,1.0,0.0,0.0,0.0,286,35.74331283569336,fresh_online_exploration,18,21,1.0,1.0,10.215863227844238,4.651402473449707,5.306069850921631
241824,88,1.0003013610839844,1.0003013610839844,1.0006524324417114,0.0003511231334414333,1.0,1.0,0.0,0.0,0.0,282,35.70915222167969,fresh_online_exploration,18,21,1.0,1.0,10.267353057861328,4.650747299194336,5.508403778076172
241920,21,1.004841923713684,1.004841923713684,1.0048651695251465,2.318852966709528e-05,1.0,1.0,0.0,0.0,0.0,280,36.072410583496094,fresh_online_exploration,18,21,1.0,1.0,10.293871879577637,4.676209926605225,6.026047706604004
241920,27,1.0005615949630737,1.0005615949630737,1.016793966293335,0.016232483088970184,1.0,1.0,0.0,0.0,0.0,273,35.83243179321289,fresh_online_exploration,18,21,1.0,1.0,10.400373458862305,4.689861297607422,6.255157470703125
241920,94,1.0028512477874756,1.0028512477874756,1.0074429512023926,0.004591729491949081,1.0,1.0,0.0,0.0,0.0,274,35.8567008972168,fresh_online_exploration,18,21,1.0,1.0,10.332332611083984,4.691572189331055,6.200467586517334
242016,0,1.0039769411087036,1.0039769411087036,1.0039927959442139,1.581642936798744e-05,1.0,1.0,0.0,0.0,0.0,283,35.702301025390625,fresh_online_exploration,18,21,1.0,1.0,10.350813865661621,4.667551517486572,5.406993389129639
242112,40,1.0054175853729248,1.0054175853729248,1.0275976657867432,0.022180035710334778,1.0,1.0,0.0,0.0,0.0,278,35.98921203613281,fresh_online_exploration,18,21,1.0,1.0,10.317451477050781,4.661441802978516,6.078041076660156
242112,64,1.0001721382141113,1.0001721382141113,1.000282883644104,0.00011073263885919005,1.0,1.0,0.0,0.0,0.0,277,35.89860534667969,fresh_online_exploration,18,21,1.0,1.0,10.313697814941406,4.634786128997803,6.131280422210693
242208,38,1.0044819116592407,1.0044819116592407,1.0044896602630615,7.760768312436994e-06,1.0,1.0,0.0,0.0,0.0,286,35.81349563598633,fresh_online_exploration,18,21,1.0,1.0,10.286348342895508,4.677536487579346,5.333268165588379
242304,12,1.004995346069336,1.004995346069336,1.0050530433654785,5.762866203440353e-05,1.0,1.0,0.0,0.0,0.0,276,35.973628997802734,fresh_online_exploration,18,21,1.0,1.0,10.309487342834473,4.675429344177246,6.167633056640625
242304,16,1.0045944452285767,1.0045944452285767,1.004608154296875,1.3742008377448656e-05,1.0,1.0,0.0,0.0,0.0,284,35.82768630981445,fresh_online_exploration,18,21,1.0,1.0,10.337018013000488,4.662646293640137,5.4711995124816895
242304,92,1.004067301750183,1.004067301750183,1.0081360340118408,0.0040687560103833675,1.0,1.0,0.0,0.0,0.0,277,35.94007873535156,fresh_online_exploration,18,21,1.0,1.0,10.347647666931152,4.677245616912842,6.118531703948975
242400,4,1.0057063102722168,1.0057063102722168,1.00571608543396,9.737954314914532e-06,1.0,1.0,0.0,0.0,0.0,280,35.64072799682617,fresh_online_exploration,18,21,1.0,1.0,10.379155158996582,4.635776519775391,5.498561859130859
242400,51,1.0050504207611084,1.0050504207611084,1.0050592422485352,8.737257303437218e-06,1.0,1.0,0.0,0.0,0.0,279,36.0821418762207,fresh_online_exploration,18,21,1.0,1.0,10.26028060913086,4.680174827575684,6.101389408111572
242400,78,1.004693627357483,1.004693627357483,1.0059434175491333,0.0012497768038883805,1.0,1.0,0.0,0.0,0.0,282,36.07464599609375,fresh_online_exploration,18,21,1.0,1.0,10.39243221282959,4.683438777923584,5.8930182456970215
242496,28,1.0018446445465088,1.0018446445465088,1.0018541812896729,9.60602210398065e-06,1.0,1.0,0.0,0.0,0.0,281,35.6271858215332,fresh_online_exploration,18,21,1.0,1.0,10.32740306854248,4.6393208503723145,5.448698997497559
242496,30,1.0046663284301758,1.0046663284301758,1.0049726963043213,0.0003064228221774101,1.0,1.0,0.0,0.0,0.0,275,35.87978744506836,fresh_online_exploration,18,21,1.0,1.0,10.338203430175781,4.664797306060791,6.177538871765137
242496,35,1.0039068460464478,1.0039068460464478,1.0039929151535034,8.609674114268273e-05,1.0,1.0,0.0,0.0,0.0,274,35.91815185546875,fresh_online_exploration,18,21,1.0,1.0,10.388038635253906,4.652684211730957,6.221420764923096
242496,42,1.0005114078521729,1.0005114078521729,1.000539779663086,2.8367885533953086e-05,1.0,1.0,0.0,0.0,0.0,278,35.925941467285156,fresh_online_exploration,18,21,1.0,1.0,10.268598556518555,4.684574127197266,6.0076212882995605
242688,87,1.0040053129196167,1.0040053129196167,1.0040719509124756,6.65913030388765e-05,1.0,1.0,0.0,0.0,0.0,277,35.961002349853516,fresh_online_exploration,18,21,1.0,1.0,10.377838134765625,4.664205551147461,6.095620632171631
242880,9,1.0053712129592896,1.0053712129592896,1.005383014678955,1.1797597835538909e-05,1.0,1.0,0.0,0.0,0.0,280,35.6669921875,fresh_online_exploration,18,21,1.0,1.0,10.309080123901367,4.700066089630127,5.5239152908325195
243072,53,1.0010088682174683,1.0010088682174683,1.0010167360305786,7.83410359872505e-06,1.0,1.0,0.0,0.0,0.0,274,35.88123321533203,fresh_online_exploration,18,21,1.0,1.0,10.393587112426758,4.6896233558654785,6.182057857513428
243072,74,1.0006946325302124,1.0006946325302124,1.0007777214050293,8.301753405248746e-05,1.0,1.0,0.0,0.0,0.0,277,35.49407196044922,fresh_online_exploration,18,21,1.0,1.0,10.392874717712402,4.691769599914551,5.602456092834473
243168,6,1.003170371055603,1.003170371055603,1.0045006275177002,0.0013301954604685307,1.0,1.0,0.0,0.0,0.0,280,36.03288269042969,fresh_online_exploration,18,21,1.0,1.0,10.31827163696289,4.7159929275512695,6.007342338562012
243168,45,1.0039383172988892,1.0039383172988892,1.0099952220916748,0.006056927610188723,1.0,1.0,0.0,0.0,0.0,273,35.51604461669922,fresh_online_exploration,18,21,1.0,1.0,10.479835510253906,4.72661828994751,5.76832389831543
243168,80,1.0011948347091675,1.0011948347091675,1.0012197494506836,2.4883529476937838e-05,1.0,1.0,0.0,0.0,0.0,281,35.684879302978516,fresh_online_exploration,18,21,1.0,1.0,10.288004875183105,4.652512073516846,5.515773773193359
243456,59,1.0031110048294067,1.0031110048294067,1.0032124519348145,0.00010137227945961058,1.0,1.0,0.0,0.0,0.0,282,35.65331268310547,fresh_online_exploration,18,21,1.0,1.0,10.374034881591797,4.678447723388672,5.401493549346924
243456,61,1.0013718605041504,1.0013718605041504,1.0013878345489502,1.607202648301609e-05,1.0,1.0,0.0,0.0,0.0,285,35.70207214355469,fresh_online_exploration,18,21,1.0,1.0,10.249131202697754,4.656221866607666,5.3447184562683105
243456,66,1.002411127090454,1.002411127090454,1.0179059505462646,0.015494804829359055,1.0,1.0,0.0,0.0,0.0,273,35.88233947753906,fresh_online_exploration,18,21,1.0,1.0,10.350181579589844,4.653857707977295,6.275965213775635
243552,55,1.0026130676269531,1.0026130676269531,1.0149099826812744,0.012296890839934349,1.0,1.0,0.0,0.0,0.0,286,35.862945556640625,fresh_online_exploration,18,21,1.0,1.0,10.31644058227539,4.660347938537598,5.479860305786133
243552,57,1.000734567642212,1.000734567642212,1.0007505416870117,1.6026533558033407e-05,1.0,1.0,0.0,0.0,0.0,284,35.68748474121094,fresh_online_exploration,18,21,1.0,1.0,10.30613899230957,4.707995414733887,5.359655857086182
243552,60,1.0030792951583862,1.0030792951583862,1.0062973499298096,0.0032179963309317827,1.0,1.0,0.0,0.0,0.0,277,35.97806167602539,fresh_online_exploration,18,21,1.0,1.0,10.348780632019043,4.72080659866333,6.072358131408691
243648,85,1.005854606628418,1.005854606628418,1.0058703422546387,1.5728053767816164e-05,1.0,1.0,0.0,0.0,0.0,285,35.841064453125,fresh_online_exploration,18,21,1.0,1.0,10.407522201538086,4.732419013977051,5.43591833114624
243744,19,1.0047907829284668,1.0047907829284668,1.004872441291809,8.167343185050413e-05,1.0,1.0,0.0,0.0,0.0,285,35.71725082397461,fresh_online_exploration,18,21,1.0,1.0,10.319015502929688,4.655836582183838,5.309355735778809
243840,10,1.0028165578842163,1.0028165578842163,1.002879023551941,6.246761040529236e-05,1.0,1.0,0.0,0.0,0.0,283,35.715118408203125,fresh_online_exploration,18,21,1.0,1.0,10.41732406616211,4.638373851776123,5.437638759613037
243840,44,1.0034174919128418,1.0034174919128418,1.0034255981445312,8.163065103872214e-06,1.0,1.0,0.0,0.0,0.0,276,35.95507049560547,fresh_online_exploration,18,21,1.0,1.0,10.323084831237793,4.704031467437744,6.151350975036621
244224,62,1.000189185142517,1.000189185142517,1.0002622604370117,7.301444566110149e-05,1.0,1.0,0.0,0.0,0.0,276,35.87632751464844,fresh_online_exploration,18,21,1.0,1.0,10.362945556640625,4.683197021484375,6.143529891967773
244320,41,1.002514362335205,1.002514362335205,1.0119318962097168,0.009417383000254631,1.0,1.0,0.0,0.0,0.0,276,35.90972137451172,fresh_online_exploration,18,21,1.0,1.0,10.331499099731445,4.699069023132324,6.115522384643555
244512,7,1.0049184560775757,1.0049184560775757,1.0049283504486084,9.954246706911363e-06,1.0,1.0,0.0,0.0,0.0,281,35.67544174194336,fresh_online_exploration,18,21,1.0,1.0,10.21290397644043,4.690141201019287,5.529531002044678
244608,20,1.0029462575912476,1.0029462575912476,1.002955675125122,9.434800631424878e-06,1.0,1.0,0.0,0.0,0.0,281,35.683433532714844,fresh_online_exploration,18,21,1.0,1.0,10.358804702758789,4.687983989715576,5.502151966094971
244704,65,1.00032377243042,1.00032377243042,1.0003339052200317,1.012892880680738e-05,1.0,1.0,0.0,0.0,0.0,280,35.60735321044922,fresh_online_exploration,18,21,1.0,1.0,10.323171615600586,4.709262371063232,5.463066101074219
245568,1,1.0035954713821411,1.0035954713821411,1.022185206413269,0.018589798361063004,1.0,1.0,0.0,0.0,0.0,279,35.655303955078125,fresh_online_exploration,18,21,1.0,1.0,10.461953163146973,4.71476411819458,5.592978477478027
265056,76,1.0047188997268677,1.0047188997268677,1.0163134336471558,0.011594437062740326,1.0,1.0,0.0,0.0,0.0,280,35.716796875,fresh_online_exploration,20,23,1.0,1.0,10.372384071350098,4.856309413909912,5.532809734344482
265344,91,1.001515507698059,1.001515507698059,1.0020127296447754,0.0004971887683495879,1.0,1.0,0.0,0.0,0.0,278,36.003684997558594,fresh_online_exploration,20,23,1.0,1.0,10.37083625793457,4.858346462249756,6.024834632873535
265536,63,1.0022467374801636,1.0022467374801636,1.002441167831421,0.00019439349125605077,1.0,1.0,0.0,0.0,0.0,284,36.10877990722656,fresh_online_exploration,20,23,1.0,1.0,10.260340690612793,4.796389579772949,5.818532466888428
265536,84,1.0010758638381958,1.0010758638381958,1.0082659721374512,0.007190109230577946,1.0,1.0,0.0,0.0,0.0,282,35.658164978027344,fresh_online_exploration,20,23,1.0,1.0,10.298237800598145,4.832986354827881,5.459862232208252
265536,93,1.0033096075057983,1.0033096075057983,1.019449234008789,0.01613975316286087,1.0,1.0,0.0,0.0,0.0,277,35.94768524169922,fresh_online_exploration,20,23,1.0,1.0,10.35920524597168,4.825466632843018,6.127452850341797
265824,72,1.003929615020752,1.003929615020752,1.0039393901824951,9.768115887709428e-06,1.0,1.0,0.0,0.0,0.0,289,35.885772705078125,fresh_online_exploration,20,23,1.0,1.0,10.30951976776123,4.795917510986328,5.24517822265625
265920,11,1.0024065971374512,1.0024065971374512,1.0024981498718262,9.163775393972173e-05,1.0,1.0,0.0,0.0,0.0,282,35.72615432739258,fresh_online_exploration,20,23,1.0,1.0,10.331461906433105,4.841464996337891,5.462296485900879
266304,29,1.0035202503204346,1.0035202503204346,1.0035631656646729,4.283117959857918e-05,1.0,1.0,0.0,0.0,0.0,281,36.0086669921875,fresh_online_exploration,20,23,1.0,1.0,10.290151596069336,4.8319807052612305,5.9601240158081055
266400,2,1.0057240724563599,1.0057240724563599,1.0057837963104248,5.976620377623476e-05,1.0,1.0,0.0,0.0,0.0,279,36.07780456542969,fresh_online_exploration,20,23,1.0,1.0,10.330477714538574,4.83619499206543,6.052705764770508
266400,58,1.0024032592773438,1.0024032592773438,1.0024428367614746,3.955766442231834e-05,1.0,1.0,0.0,0.0,0.0,281,35.63657760620117,fresh_online_exploration,20,23,1.0,1.0,10.358184814453125,4.866231441497803,5.4689435958862305
266592,89,1.0012261867523193,1.0012261867523193,1.0012459754943848,1.9800181689788587e-05,1.0,1.0,0.0,0.0,0.0,281,36.04378128051758,fresh_online_exploration,20,23,1.0,1.0,10.257673263549805,4.831552982330322,5.917352199554443
266688,70,1.0038683414459229,1.0038683414459229,1.005897045135498,0.0020286221988499165,1.0,1.0,0.0,0.0,0.0,275,35.51909255981445,fresh_online_exploration,21,23,1.0,1.0,10.359087944030762,4.863183975219727,5.7361555099487305
266880,49,1.0007096529006958,1.0007096529006958,1.0007214546203613,1.1729130164894741e-05,1.0,1.0,0.0,0.0,0.0,275,35.88068771362305,fresh_online_exploration,21,23,1.0,1.0,10.435677528381348,4.8442912101745605,6.19108772277832
266880,69,1.0035052299499512,1.0035052299499512,1.0036078691482544,0.00010260856652166694,1.0,1.0,0.0,0.0,0.0,283,36.13295364379883,fresh_online_exploration,20,23,1.0,1.0,10.311089515686035,4.811745643615723,5.845443248748779
266976,52,1.005279302597046,1.005279302597046,1.0053032636642456,2.3995977244339883e-05,1.0,1.0,0.0,0.0,0.0,275,35.92166519165039,fresh_online_exploration,21,23,1.0,1.0,10.368692398071289,4.843272686004639,6.187876224517822
266976,71,1.0024343729019165,1.0024343729019165,1.0252304077148438,0.022795971482992172,1.0,1.0,0.0,0.0,0.0,269,35.73381805419922,fresh_online_exploration,21,23,1.0,1.0,10.37651538848877,4.83695125579834,6.355785369873047
266976,75,1.000132441520691,1.000132441520691,1.0041186809539795,0.003986300900578499,1.0,1.0,0.0,0.0,0.0,278,35.94976806640625,fresh_online_exploration,21,23,1.0,1.0,10.30749225616455,4.860930919647217,5.992124080657959
267072,24,1.0048418045043945,1.0048418045043945,1.0048513412475586,9.562042578181718e-06,1.0,1.0,0.0,0.0,0.0,288,35.85157775878906,fresh_online_exploration,20,23,1.0,1.0,10.246321678161621,4.870711803436279,5.25009298324585
267168,18,1.0024185180664062,1.0024185180664062,1.002669095993042,0.0002506052260287106,1.0,1.0,0.0,0.0,0.0,276,35.92888259887695,fresh_online_exploration,21,23,1.0,1.0,10.37768268585205,4.850817680358887,6.127274513244629
267168,86,1.0028020143508911,1.0028020143508911,1.0035407543182373,0.0007388140074908733,1.0,1.0,0.0,0.0,0.0,281,35.72465515136719,fresh_online_exploration,21,23,1.0,1.0,10.352097511291504,4.814213752746582,5.505101203918457
267264,33,1.0052932500839233,1.0052932500839233,1.0079209804534912,0.0026278470177203417,1.0,1.0,0.0,0.0,0.0,274,35.559654235839844,fresh_online_exploration,21,23,1.0,1.0,10.386052131652832,4.869044780731201,5.766628265380859
267264,43,1.0005549192428589,1.0005549192428589,1.0016930103302002,0.0011381498770788312,1.0,1.0,0.0,0.0,0.0,278,35.90152359008789,fresh_online_exploration,21,23,1.0,1.0,10.365190505981445,4.863368034362793,6.010458946228027
267264,77,1.0047775506973267,1.0047775506973267,1.0086777210235596,0.0039000981487333775,1.0,1.0,0.0,0.0,0.0,277,35.99687576293945,fresh_online_exploration,21,23,1.0,1.0,10.412518501281738,4.826730728149414,6.134914398193359
267360,26,1.00564706325531,1.00564706325531,1.032646656036377,0.026999300345778465,1.0,1.0,0.0,0.0,0.0,270,35.5381965637207,fresh_online_exploration,21,23,1.0,1.0,10.401259422302246,4.861618995666504,5.969870567321777
267360,32,1.005383014678955,1.005383014678955,1.0054216384887695,3.86306710424833e-05,1.0,1.0,0.0,0.0,0.0,277,36.086875915527344,fresh_online_exploration,21,23,1.0,1.0,10.395552635192871,4.85532808303833,6.182127952575684
267360,47,1.0003423690795898,1.0003423690795898,1.0003879070281982,4.546574564301409e-05,1.0,1.0,0.0,0.0,0.0,281,35.59068298339844,fresh_online_exploration,21,23,1.0,1.0,10.374698638916016,4.839046001434326,5.425418376922607
267360,68,1.0015201568603516,1.0015201568603516,1.0126442909240723,0.011124073527753353,1.0,1.0,0.0,0.0,0.0,271,35.777748107910156,fresh_online_exploration,21,23,1.0,1.0,10.430521011352539,4.902161598205566,6.299553871154785
267456,23,1.004349708557129,1.004349708557129,1.0076415538787842,0.003291963366791606,1.0,1.0,0.0,0.0,0.0,281,36.024085998535156,fresh_online_exploration,21,23,1.0,1.0,10.357877731323242,4.856596946716309,5.922460556030273
267648,48,1.0021134614944458,1.0021134614944458,1.0123660564422607,0.010252526961266994,1.0,1.0,0.0,0.0,0.0,278,35.9068603515625,fresh_online_exploration,21,23,1.0,1.0,10.305938720703125,4.867377758026123,6.067474842071533
267744,17,1.002325415611267,1.002325415611267,1.0024266242980957,0.00010122271487489343,1.0,1.0,0.0,0.0,0.0,282,35.64904022216797,fresh_online_exploration,21,23,1.0,1.0,10.290803909301758,4.858285427093506,5.435556888580322
267744,39,1.0032825469970703,1.0032825469970703,1.0100563764572144,0.006773789878934622,1.0,1.0,0.0,0.0,0.0,275,35.918548583984375,fresh_online_exploration,21,23,1.0,1.0,10.361275672912598,4.876582145690918,6.174770832061768
267840,15,1.0010050535202026,1.0010050535202026,1.0069886445999146,0.005983602721244097,1.0,1.0,0.0,0.0,0.0,279,35.509544372558594,fresh_online_exploration,21,23,1.0,1.0,10.40802001953125,4.874751567840576,5.506346702575684
267840,31,1.0004273653030396,1.0004273653030396,1.0005176067352295,9.022807353176177e-05,1.0,1.0,0.0,0.0,0.0,284,36.099754333496094,fresh_online_exploration,21,23,1.0,1.0,10.314692497253418,4.875472068786621,5.8309807777404785
267936,13,1.0038138628005981,1.0038138628005981,1.0038228034973145,8.987061846710276e-06,1.0,1.0,0.0,0.0,0.0,286,35.77522659301758,fresh_online_exploration,21,23,1.0,1.0,10.283902168273926,4.873409748077393,5.319561004638672
267936,56,1.005632758140564,1.005632758140564,1.0056426525115967,9.903938916977495e-06,1.0,1.0,0.0,0.0,0.0,284,35.8101806640625,fresh_online_exploration,21,23,1.0,1.0,10.381104469299316,4.834968090057373,5.445291996002197
267936,95,1.0037147998809814,1.0037147998809814,1.0037641525268555,4.928450653096661e-05,1.0,1.0,0.0,0.0,0.0,289,35.84271240234375,fresh_online_exploration,21,23,1.0,1.0,10.24415111541748,4.813948631286621,5.218077659606934
268128,5,1.0018494129180908,1.0018494129180908,1.0019893646240234,0.00014003724209032953,1.0,1.0,0.0,0.0,0.0,274,35.889888763427734,fresh_online_exploration,21,23,1.0,1.0,10.347097396850586,4.871988296508789,6.234298229217529
268128,50,1.0041425228118896,1.0041425228118896,1.0042285919189453,8.606624032836407e-05,1.0,1.0,0.0,0.0,0.0,274,35.899452209472656,fresh_online_exploration,21,23,1.0,1.0,10.365950584411621,4.87896728515625,6.255432605743408
268128,81,1.0015097856521606,1.0015097856521606,1.004991054534912,0.003481360385194421,1.0,1.0,0.0,0.0,0.0,274,35.791770935058594,fresh_online_exploration,21,23,1.0,1.0,10.39400863647461,4.8824615478515625,6.136642932891846
268224,40,1.003759503364563,1.003759503364563,1.0081756114959717,0.004416108597069979,1.0,1.0,0.0,0.0,0.0,272,35.85857009887695,fresh_online_exploration,21,23,1.0,1.0,10.378336906433105,4.851864814758301,6.306702613830566
268320,37,1.0035403966903687,1.0035403966903687,1.0035500526428223,9.68851145444205e-06,1.0,1.0,0.0,0.0,0.0,288,35.84123229980469,fresh_online_exploration,21,23,1.0,1.0,10.292612075805664,4.83461332321167,5.248309135437012
268416,8,1.0060979127883911,1.0060979127883911,1.0069605112075806,0.0008625430637039244,1.0,1.0,0.0,0.0,0.0,290,35.91900634765625,fresh_online_exploration,21,23,1.0,1.0,10.278043746948242,4.854204177856445,5.190087795257568
268416,25,1.0021324157714844,1.0021324157714844,1.002205491065979,7.309952343348414e-05,1.0,1.0,0.0,0.0,0.0,285,35.77180862426758,fresh_online_exploration,21,23,1.0,1.0,10.298791885375977,4.873353958129883,5.345950126647949
268512,14,1.0014846324920654,1.0014846324920654,1.0022692680358887,0.0007846181397326291,1.0,1.0,0.0,0.0,0.0,283,35.74455642700195,fresh_online_exploration,21,23,1.0,1.0,10.34760570526123,4.90207052230835,5.498835563659668
268512,79,1.001373529434204,1.001373529434204,1.0014325380325317,5.900119140278548e-05,1.0,1.0,0.0,0.0,0.0,291,36.284873962402344,fresh_online_exploration,21,23,1.0,1.0,10.288106918334961,4.8576340675354,5.6364874839782715
268512,83,1.0011223554611206,1.0011223554611206,1.0011348724365234,1.2567423254949972e-05,1.0,1.0,0.0,0.0,0.0,287,35.7684211730957,fresh_online_exploration,21,23,1.0,1.0,10.291609764099121,4.848776817321777,5.290555953979492
268512,90,1.0004210472106934,1.0004210472106934,1.0048307180404663,0.004409721586853266,1.0,1.0,0.0,0.0,0.0,284,36.06371307373047,fresh_online_exploration,21,23,1.0,1.0,10.325862884521484,4.8562469482421875,5.805690765380859
268608,22,1.004206895828247,1.004206895828247,1.0042166709899902,9.736462743603624e-06,1.0,1.0,0.0,0.0,0.0,291,35.954288482666016,fresh_online_exploration,21,23,1.0,1.0,10.24315357208252,4.833985805511475,5.224389553070068
268608,36,1.004110336303711,1.004110336303711,1.0041255950927734,1.533020804345142e-05,1.0,1.0,0.0,0.0,0.0,279,36.04734802246094,fresh_online_exploration,21,23,1.0,1.0,10.338371276855469,4.869161128997803,6.051009178161621
268800,28,1.0055625438690186,1.0055625438690186,1.0249009132385254,0.019338300451636314,1.0,1.0,0.0,0.0,0.0,274,35.56089782714844,fresh_online_exploration,21,23,1.0,1.0,10.485142707824707,4.843225479125977,5.7286248207092285
268800,67,1.0029575824737549,1.0029575824737549,1.0029706954956055,1.3197542102716397e-05,1.0,1.0,0.0,0.0,0.0,287,35.78411102294922,fresh_online_exploration,21,23,1.0,1.0,10.336106300354004,4.866984844207764,5.276361465454102
268800,73,1.0005600452423096,1.0005600452423096,1.000679612159729,0.00011956769594689831,1.0,1.0,0.0,0.0,0.0,283,36.04325866699219,fresh_online_exploration,21,23,1.0,1.0,10.268773078918457,4.870166301727295,5.856106281280518
268800,82,1.0030332803726196,1.0030332803726196,1.003065586090088,3.22871892421972e-05,1.0,1.0,0.0,0.0,0.0,287,35.78889465332031,fresh_online_exploration,21,23,1.0,1.0,10.3402099609375,4.853306770324707,5.258462905883789
268896,3,1.0000382661819458,1.0000382661819458,1.000180721282959,0.0001424025685992092,1.0,1.0,0.0,0.0,0.0,283,35.6397590637207,fresh_online_exploration,21,23,1.0,1.0,10.366429328918457,4.845679759979248,5.374187469482422
268896,27,1.0060948133468628,1.0060948133468628,1.0076663494110107,0.0015715392073616385,1.0,1.0,0.0,0.0,0.0,281,35.71369552612305,fresh_online_exploration,21,23,1.0,1.0,10.39592170715332,4.870046138763428,5.497694492340088
268896,30,1.0006103515625,1.0006103515625,1.0006554126739502,4.497904592426494e-05,1.0,1.0,0.0,0.0,0.0,275,35.86653137207031,fresh_online_exploration,21,23,1.0,1.0,10.403632164001465,4.852025032043457,6.179832935333252
268896,46,1.003157615661621,1.003157615661621,1.0063097476959229,0.003152056597173214,1.0,1.0,0.0,0.0,0.0,285,36.16926574707031,fresh_online_exploration,21,23,1.0,1.0,10.310391426086426,4.845940113067627,5.819169998168945
268896,64,1.004516839981079,1.004516839981079,1.004535436630249,1.8556271243141964e-05,1.0,1.0,0.0,0.0,0.0,279,36.047874450683594,fresh_online_exploration,21,23,1.0,1.0,10.301483154296875,4.858888626098633,6.033292770385742
268896,88,1.004962682723999,1.004962682723999,1.0097644329071045,0.004801908973604441,1.0,1.0,0.0,0.0,0.0,282,36.11051559448242,fresh_online_exploration,21,23,1.0,1.0,10.334155082702637,4.881335735321045,5.9457807540893555
268992,4,1.0039801597595215,1.0039801597595215,1.003993034362793,1.2948935363965575e-05,1.0,1.0,0.0,0.0,0.0,277,35.485355377197266,fresh_online_exploration,21,23,1.0,1.0,10.439881324768066,4.894752025604248,5.55673360824585
268992,21,1.002753496170044,1.002753496170044,1.0027940273284912,4.0419592551188543e-05,1.0,1.0,0.0,0.0,0.0,282,36.02653503417969,fresh_online_exploration,21,23,1.0,1.0,10.283758163452148,4.867252349853516,5.873077392578125
268992,92,1.0010048151016235,1.0010048151016235,1.0018258094787598,0.0008210792439058423,1.0,1.0,0.0,0.0,0.0,278,35.88107681274414,fresh_online_exploration,21,23,1.0,1.0,10.334674835205078,4.887451171875,6.045271873474121
268992,94,1.0051840543746948,1.0051840543746948,1.0054724216461182,0.000288364477455616,1.0,1.0,0.0,0.0,0.0,282,35.726749420166016,fresh_online_exploration,21,23,1.0,1.0,10.364001274108887,4.8909220695495605,5.438014507293701
269088,34,1.0006743669509888,1.0006743669509888,1.0008018016815186,0.0001273739180760458,1.0,1.0,0.0,0.0,0.0,286,35.753841400146484,fresh_online_exploration,21,23,1.0,1.0,10.24168586730957,4.883761405944824,5.340297698974609
269088,51,1.0021319389343262,1.0021319389343262,1.0022447109222412,0.00011276274017291144,1.0,1.0,0.0,0.0,0.0,278,36.0030517578125,fresh_online_exploration,21,23,1.0,1.0,10.379302024841309,4.888053894042969,6.092414855957031
269184,42,1.0041810274124146,1.0041810274124146,1.004361629486084,0.00018058069690596312,1.0,1.0,0.0,0.0,0.0,278,36.00865936279297,fresh_online_exploration,21,23,1.0,1.0,10.323530197143555,4.857989311218262,6.042717456817627
269184,53,1.0001553297042847,1.0001553297042847,1.0166009664535522,0.01644565537571907,1.0,1.0,0.0,0.0,0.0,272,35.74781799316406,fresh_online_exploration,21,23,1.0,1.0,10.352065086364746,4.8819427490234375,6.291065216064453
269184,54,1.0037740468978882,1.0037740468978882,1.0038518905639648,7.788547372911125e-05,1.0,1.0,0.0,0.0,0.0,285,35.816280364990234,fresh_online_exploration,21,23,1.0,1.0,10.341655731201172,4.864845275878906,5.419229030609131
269280,87,1.00253427028656,1.00253427028656,1.0062170028686523,0.0036826864816248417,1.0,1.0,0.0,0.0,0.0,277,35.96181869506836,fresh_online_exploration,21,23,1.0,1.0,10.355191230773926,4.883119583129883,6.156927585601807
269568,9,1.006603717803955,1.006603717803955,1.0066379308700562,3.422593727009371e-05,1.0,1.0,0.0,0.0,0.0,278,36.064842224121094,fresh_online_exploration,21,23,1.0,1.0,10.420345306396484,4.898874282836914,6.084003925323486
269568,61,1.0028704404830933,1.0028704404830933,1.0243043899536133,0.021434124559164047,1.0,1.0,0.0,0.0,0.0,272,35.84911346435547,fresh_online_exploration,21,23,0.9994413435459137,0.994413435459137,10.388192176818848,4.841681480407715,6.310208797454834
269856,12,1.0040512084960938,1.0040512084960938,1.0040619373321533,1.0615061000862624e-05,1.0,1.0,0.0,0.0,0.0,287,35.772369384765625,fresh_online_exploration,21,23,1.0,1.0,10.308178901672363,4.859275817871094,5.293289661407471
269856,16,1.0036144256591797,1.0036144256591797,1.003622055053711,7.689525773457717e-06,1.0,1.0,0.0,0.0,0.0,287,35.84935760498047,fresh_online_exploration,21,23,1.0,1.0,10.260994911193848,4.851831912994385,5.325072288513184
269856,38,1.0059956312179565,1.0059956312179565,1.0060045719146729,8.989920388557948e-06,1.0,1.0,0.0,0.0,0.0,288,35.86556625366211,fresh_online_exploration,21,23,1.0,1.0,10.260408401489258,4.874343395233154,5.272479057312012
269856,60,1.0030884742736816,1.0030884742736816,1.0094269514083862,0.0063384948298335075,1.0,1.0,0.0,0.0,0.0,274,35.89146423339844,fresh_online_exploration,21,23,1.0,1.0,10.414430618286133,4.886953353881836,6.203040599822998
270048,0,1.0001431703567505,1.0001431703567505,1.0001599788665771,1.6855972717166878e-05,1.0,1.0,0.0,0.0,0.0,292,35.75311279296875,fresh_online_exploration,21,23,1.0,1.0,10.319238662719727,4.874707221984863,5.088861465454102
270048,78,1.0046132802963257,1.0046132802963257,1.0046275854110718,1.430232896382222e-05,1.0,1.0,0.0,0.0,0.0,288,36.238197326660156,fresh_online_exploration,21,23,1.0,1.0,10.348322868347168,4.890072345733643,5.710917949676514
270144,80,1.0039726495742798,1.0039726495742798,1.0039887428283691,1.6166306522791274e-05,1.0,1.0,0.0,0.0,0.0,281,36.071990966796875,fresh_online_exploration,21,24,1.0,1.0,10.328164100646973,4.8579792976379395,5.985179901123047
270240,35,1.0019938945770264,1.0019938945770264,1.0020098686218262,1.597025948285591e-05,1.0,1.0,0.0,0.0,0.0,289,35.767921447753906,fresh_online_exploration,21,24,1.0,1.0,10.379898071289062,4.868041515350342,5.229232311248779
270240,59,1.0024980306625366,1.0024980306625366,1.0056679248809814,0.0031699026003479958,1.0,1.0,0.0,0.0,0.0,279,36.003822326660156,fresh_online_exploration,21,24,1.0,1.0,10.281166076660156,4.835904121398926,6.002828121185303
270528,7,1.0052357912063599,1.0052357912063599,1.0087496042251587,0.003513837931677699,1.0,1.0,0.0,0.0,0.0,271,35.492122650146484,fresh_online_exploration,21,24,1.0,1.0,10.38907241821289,4.901208400726318,5.914628028869629
270624,66,1.00049889087677,1.00049889087677,1.00051748752594,1.859680014604237e-05,1.0,1.0,0.0,0.0,0.0,283,35.66182327270508,fresh_online_exploration,21,24,1.0,1.0,10.347336769104004,4.851406097412109,5.425023555755615
270720,74,1.0052086114883423,1.0052086114883423,1.0053222179412842,0.00011351412103977054,1.0,1.0,0.0,0.0,0.0,288,35.8707275390625,fresh_online_exploration,21,24,1.0,1.0,10.293413162231445,4.854671001434326,5.280728816986084
270912,6,1.0018755197525024,1.0018755197525024,1.0029051303863525,0.0010296822292730212,1.0,1.0,0.0,0.0,0.0,289,35.891265869140625,fresh_online_exploration,21,24,1.0,1.0,10.319222450256348,4.839343070983887,5.279155254364014
271008,57,1.0031884908676147,1.0031884908676147,1.0032047033309937,1.6226731531787664e-05,1.0,1.0,0.0,0.0,0.0,286,35.781944274902344,fresh_online_exploration,21,24,1.0,1.0,10.326571464538574,4.888556957244873,5.346783638000488
271104,55,1.002022624015808,1.002022624015808,1.0020394325256348,1.6853211491252296e-05,1.0,1.0,0.0,0.0,0.0,287,35.80725860595703,fresh_online_exploration,21,24,1.0,1.0,10.27478313446045,4.89100456237793,5.298320770263672
271200,10,1.0049190521240234,1.0049190521240234,1.0049268007278442,7.739647116977721e-06,1.0,1.0,0.0,0.0,0.0,285,35.79477310180664,fresh_online_exploration,21,24,1.0,1.0,10.31462574005127,4.901773929595947,5.370025157928467
271200,44,1.003481149673462,1.003481149673462,1.0034892559051514,8.109139344014693e-06,1.0,1.0,0.0,0.0,0.0,285,35.80097961425781,fresh_online_exploration,21,24,1.0,1.0,10.337356567382812,4.922837257385254,5.404329299926758
271200,85,1.0022501945495605,1.0022501945495605,1.002268671989441,1.846284794737585e-05,1.0,1.0,0.0,0.0,0.0,287,35.77613067626953,fresh_online_exploration,21,24,1.0,1.0,10.292337417602539,4.879271984100342,5.283576011657715
271296,45,1.0047061443328857,1.0047061443328857,1.0047364234924316,3.034847031813115e-05,1.0,1.0,0.0,0.0,0.0,293,35.95195007324219,fresh_online_exploration,21,24,1.0,1.0,10.236126899719238,4.8515448570251465,5.0821943283081055
271392,20,1.0012884140014648,1.0012884140014648,1.0015833377838135,0.0002949714835267514,1.0,1.0,0.0,0.0,0.0,279,36.07426452636719,fresh_online_exploration,21,24,1.0,1.0,10.30497932434082,4.85420560836792,6.038804054260254
271488,41,1.0063384771347046,1.0063384771347046,1.0064501762390137,0.00011176715634064749,1.0,1.0,0.0,0.0,0.0,283,35.75087356567383,fresh_online_exploration,21,24,1.0,1.0,10.39169692993164,4.900689125061035,5.393515586853027
271584,62,1.0015040636062622,1.0015040636062622,1.0017757415771484,0.00027163411141373217,1.0,1.0,0.0,0.0,0.0,285,36.122039794921875,fresh_online_exploration,21,24,1.0,1.0,10.32917594909668,4.898937225341797,5.798802375793457
271680,19,1.0056324005126953,1.0056324005126953,1.0056431293487549,1.0808091246872209e-05,1.0,1.0,0.0,0.0,0.0,291,35.844547271728516,fresh_online_exploration,21,24,1.0,1.0,10.272192001342773,4.867648601531982,5.121565341949463
272064,65,1.0034966468811035,1.0034966468811035,1.007387638092041,0.0038911409210413694,1.0,1.0,0.0,0.0,0.0,285,36.17591094970703,fresh_online_exploration,21,24,1.0,1.0,10.331585884094238,4.870978832244873,5.815852642059326
272640,1,1.00151526927948,1.00151526927948,1.0016989707946777,0.0001836225128499791,1.0,1.0,0.0,0.0,0.0,282,35.676841735839844,fresh_online_exploration,21,24,1.0,1.0,10.39254379272461,4.873839855194092,5.435496807098389
291648,76,1.0001553297042847,1.0001553297042847,1.0180845260620117,0.017929047346115112,1.0,1.0,0.0,0.0,0.0,277,35.56073760986328,fresh_online_exploration,23,25,1.0,1.0,10.357337951660156,5.006316661834717,5.6299567222595215
291936,84,1.0019458532333374,1.0019458532333374,1.0019550323486328,9.229544957634062e-06,1.0,1.0,0.0,0.0,0.0,275,35.94255065917969,fresh_online_exploration,23,25,1.0,1.0,10.356366157531738,4.990580081939697,6.143158912658691
292128,72,1.0009801387786865,1.0009801387786865,1.012754201889038,0.011774149723351002,1.0,1.0,0.0,0.0,0.0,274,35.874481201171875,fresh_online_exploration,23,25,1.0,1.0,10.398118019104004,4.965709686279297,6.182331562042236
292128,93,1.0023828744888306,1.0023828744888306,1.0035465955734253,0.001163699897006154,1.0,1.0,0.0,0.0,0.0,277,35.96636199951172,fresh_online_exploration,23,25,1.0,1.0,10.399538040161133,4.973520755767822,6.071492671966553
292224,91,1.0009410381317139,1.0009410381317139,1.001358151435852,0.0004170905740465969,1.0,1.0,0.0,0.0,0.0,280,36.066253662109375,fresh_online_exploration,23,25,1.0,1.0,10.379382133483887,4.991564750671387,6.031216144561768
292704,69,1.0019460916519165,1.0019460916519165,1.0119351148605347,0.009989072568714619,1.0,1.0,0.0,0.0,0.0,269,35.75364685058594,fresh_online_exploration,23,25,1.0,1.0,10.421001434326172,5.006167411804199,6.406394004821777
292704,89,1.004488468170166,1.004488468170166,1.0076184272766113,0.003129890887066722,1.0,1.0,0.0,0.0,0.0,272,35.54722595214844,fresh_online_exploration,23,25,1.0,1.0,10.303221702575684,4.973495006561279,5.862372875213623
292800,68,1.0045757293701172,1.0045757293701172,1.0181342363357544,0.013558680191636086,1.0,1.0,0.0,0.0,0.0,265,35.346778869628906,fresh_online_exploration,23,25,1.0,1.0,10.40750503540039,5.0083208084106445,6.131710052490234
292992,58,1.000284194946289,1.000284194946289,1.0006699562072754,0.0003857220581267029,1.0,1.0,0.0,0.0,0.0,277,35.91264724731445,fresh_online_exploration,23,25,1.0,1.0,10.458847045898438,5.0220112800598145,6.066372394561768
293088,63,1.003347396850586,1.003347396850586,1.0110528469085693,0.007705386728048325,1.0,1.0,0.0,0.0,0.0,287,35.831207275390625,fresh_online_exploration,23,25,1.0,1.0,10.257631301879883,5.013629913330078,5.27817964553833
293088,86,1.004799246788025,1.004799246788025,1.0088849067687988,0.004085534252226353,1.0,1.0,0.0,0.0,0.0,270,35.8382682800293,fresh_online_exploration,23,25,1.0,1.0,10.407759666442871,4.994086742401123,6.357614517211914
293280,11,1.0007259845733643,1.0007259845733643,1.0007402896881104,1.424023139406927e-05,1.0,1.0,0.0,0.0,0.0,285,35.73601531982422,fresh_online_exploration,23,25,1.0,1.0,10.325247764587402,5.011111259460449,5.338271141052246
293280,29,1.0031768083572388,1.0031768083572388,1.0065338611602783,0.0033569985534995794,1.0,1.0,0.0,0.0,0.0,281,36.02235412597656,fresh_online_exploration,23,25,1.0,1.0,10.326939582824707,4.974160194396973,5.9323649406433105
293280,49,1.0017842054367065,1.0017842054367065,1.0053571462631226,0.0035729301162064075,1.0,1.0,0.0,0.0,0.0,275,35.8907470703125,fresh_online_exploration,23,25,1.0,1.0,10.418652534484863,5.031722068786621,6.203403472900391
293280,77,1.0012319087982178,1.0012319087982178,1.014031171798706,0.012799336574971676,1.0,1.0,0.0,0.0,0.0,271,35.35945129394531,fresh_online_exploration,23,25,1.0,1.0,10.55583381652832,5.000681400299072,5.816593170166016
293472,22,1.0042285919189453,1.0042285919189453,1.0222477912902832,0.018019340932369232,1.0,1.0,0.0,0.0,0.0,259,35.203834533691406,fresh_online_exploration,23,25,1.0,1.0,10.412820816040039,5.058859348297119,6.388777732849121
293568,2,1.0005680322647095,1.0005680322647095,1.0007002353668213,0.0001322032476309687,1.0,1.0,0.0,0.0,0.0,283,36.030189514160156,fresh_online_exploration,23,25,1.0,1.0,10.321964263916016,5.0115838050842285,5.850476264953613
293568,17,1.0053045749664307,1.0053045749664307,1.0230839252471924,0.01777954213321209,1.0,1.0,0.0,0.0,0.0,269,35.453365325927734,fresh_online_exploration,23,25,1.0,1.0,10.473101615905762,4.998826503753662,5.964970588684082
293856,18,1.00449800491333,1.00449800491333,1.0146747827529907,0.010176925919950008,1.0,1.0,0.0,0.0,0.0,278,35.63841247558594,fresh_online_exploration,23,25,1.0,1.0,10.527213096618652,4.992365837097168,5.61832857131958
293952,26,1.0048301219940186,1.0048301219940186,1.006840705871582,0.002010566182434559,1.0,1.0,0.0,0.0,0.0,277,35.96054458618164,fresh_online_exploration,23,25,1.0,1.0,10.362510681152344,5.008766174316406,6.091509819030762
294048,24,1.0037336349487305,1.0037336349487305,1.0038366317749023,0.00010305871546734124,1.0,1.0,0.0,0.0,0.0,281,35.60581970214844,fresh_online_exploration,23,25,1.0,1.0,10.459297180175781,5.009989261627197,5.4692888259887695
294048,52,1.002027988433838,1.002027988433838,1.0020372867584229,9.309210327046458e-06,1.0,1.0,0.0,0.0,0.0,282,35.97771453857422,fresh_online_exploration,23,25,1.0,1.0,10.250726699829102,5.019410610198975,5.877202987670898
294144,31,1.0013158321380615,1.0013158321380615,1.012783408164978,0.01146756112575531,1.0,1.0,0.0,0.0,0.0,274,35.558902740478516,fresh_online_exploration,23,25,1.0,1.0,10.414215087890625,4.984105587005615,5.773524761199951
294144,70,1.0011074542999268,1.0011074542999268,1.001434564590454,0.0003270561865065247,1.0,1.0,0.0,0.0,0.0,286,36.08229064941406,fresh_online_exploration,23,25,1.0,1.0,10.404313087463379,5.047243595123291,5.779685974121094
294240,32,1.0031710863113403,1.0031710863113403,1.0058050155639648,0.0026340335607528687,1.0,1.0,0.0,0.0,0.0,280,36.10154342651367,fresh_online_exploration,23,25,1.0,1.0,10.378779411315918,4.984649658203125,6.017128944396973
294240,47,1.0016931295394897,1.0016931295394897,1.0041784048080444,0.0024853073991835117,1.0,1.0,0.0,0.0,0.0,280,35.99057388305664,fresh_online_exploration,23,25,1.0,1.0,10.337929725646973,5.002478122711182,5.981249809265137
294240,75,1.0007294416427612,1.0007294416427612,1.0019025802612305,0.001173166441731155,1.0,1.0,0.0,0.0,0.0,284,35.69097900390625,fresh_online_exploration,23,25,1.0,1.0,10.302972793579102,5.0365424156188965,5.359526634216309
294336,33,1.0019888877868652,1.0019888877868652,1.0021370649337769,0.0001481465733377263,1.0,1.0,0.0,0.0,0.0,282,36.0678596496582,fresh_online_exploration,23,25,1.0,1.0,10.336503982543945,4.9931864738464355,5.905488967895508
294432,71,1.0060456991195679,1.0060456991195679,1.0061321258544922,8.645692287245765e-05,1.0,1.0,0.0,0.0,0.0,286,35.808837890625,fresh_online_exploration,23,25,1.0,1.0,10.37157154083252,5.033304214477539,5.310205459594727
294624,8,1.0027377605438232,1.0027377605438232,1.004805564880371,0.0020677270367741585,1.0,1.0,0.0,0.0,0.0,273,35.79911804199219,fresh_online_exploration,23,25,1.0,1.0,10.383651733398438,5.013960361480713,6.229465484619141
294816,14,1.002691626548767,1.002691626548767,1.0172288417816162,0.01453720685094595,1.0,1.0,0.0,0.0,0.0,274,35.49642562866211,fresh_online_exploration,23,25,1.0,1.0,10.481949806213379,5.025826454162598,5.701240539550781
294816,15,1.0043060779571533,1.0043060779571533,1.0154058933258057,0.011099749244749546,1.0,1.0,0.0,0.0,0.0,281,35.70252990722656,fresh_online_exploration,23,25,1.0,1.0,10.457859992980957,4.998339653015137,5.476319313049316
294816,23,1.0021963119506836,1.0021963119506836,1.0023432970046997,0.00014696671860292554,1.0,1.0,0.0,0.0,0.0,285,35.8314323425293,fresh_online_exploration,23,25,1.0,1.0,10.327132225036621,5.0163164138793945,5.365937232971191
294912,43,1.0034058094024658,1.0034058094024658,1.0034139156341553,8.004907613212708e-06,1.0,1.0,0.0,0.0,0.0,288,35.877906799316406,fresh_online_exploration,23,25,1.0,1.0,10.268006324768066,5.0116682052612305,5.270925521850586
295008,4,1.0027369260787964,1.0027369260787964,1.0089558362960815,0.0062188985757529736,1.0,1.0,0.0,0.0,0.0,271,35.73210525512695,fresh_online_exploration,23,25,1.0,1.0,10.394662857055664,5.068231582641602,6.2567362785339355
295008,37,1.0013669729232788,1.0013669729232788,1.0014688968658447,0.00010196656512562186,1.0,1.0,0.0,0.0,0.0,278,35.9563102722168,fresh_online_exploration,23,25,1.0,1.0,10.36371898651123,5.014389991760254,6.049447536468506
295008,48,1.0026499032974243,1.0026499032974243,1.0026588439941406,8.882077054295223e-06,1.0,1.0,0.0,0.0,0.0,285,35.78573989868164,fresh_online_exploration,23,25,1.0,1.0,10.344200134277344,5.036087512969971,5.367081642150879
295008,50,1.002834439277649,1.002834439277649,1.003066062927246,0.00023160631826613098,1.0,1.0,0.0,0.0,0.0,280,35.58671951293945,fresh_online_exploration,23,25,1.0,1.0,10.369717597961426,5.026546001434326,5.515957832336426
295008,56,1.0010638236999512,1.0010638236999512,1.0011897087097168,0.0001258465345017612,1.0,1.0,0.0,0.0,0.0,282,35.95812225341797,fresh_online_exploration,23,25,1.0,1.0,10.400145530700684,5.045060634613037,5.898726940155029
295104,5,1.0021247863769531,1.0021247863769531,1.0021693706512451,4.4618976971833035e-05,1.0,1.0,0.0,0.0,0.0,281,35.65473556518555,fresh_online_exploration,23,25,1.0,1.0,10.431190490722656,5.020700931549072,5.492486476898193
295104,39,1.005860686302185,1.005860686302185,1.006134271621704,0.00027353904442861676,1.0,1.0,0.0,0.0,0.0,285,36.17741394042969,fresh_online_exploration,23,25,1.0,1.0,10.337244987487793,5.02272891998291,5.8531012535095215
295200,13,1.0026077032089233,1.0026077032089233,1.0026166439056396,8.931236152420752e-06,1.0,1.0,0.0,0.0,0.0,284,35.714263916015625,fresh_online_exploration,23,25,1.0,1.0,10.356407165527344,5.022541046142578,5.38896369934082
295200,40,1.0043307542800903,1.0043307542800903,1.0048620700836182,0.0005312442081049085,1.0,1.0,0.0,0.0,0.0,281,36.08069610595703,fresh_online_exploration,23,25,1.0,1.0,10.357259750366211,5.012913227081299,5.940285682678223
295200,83,1.000089168548584,1.000089168548584,1.0029518604278564,0.002862686524167657,1.0,1.0,0.0,0.0,0.0,278,35.93282699584961,fresh_online_exploration,23,25,1.0,1.0,10.37308120727539,5.020538330078125,6.00817346572876
295296,79,1.00234854221344,1.00234854221344,1.0082762241363525,0.005927734542638063,1.0,1.0,0.0,0.0,0.0,279,36.022953033447266,fresh_online_exploration,23,25,1.0,1.0,10.379047393798828,5.019859790802002,6.093901634216309
295296,90,1.0003572702407837,1.0003572702407837,1.0038976669311523,0.003540400881320238,1.0,1.0,0.0,0.0,0.0,279,35.98387908935547,fresh_online_exploration,23,25,1.0,1.0,10.416617393493652,5.041242599487305,6.014199733734131
295392,3,1.0022697448730469,1.0022697448730469,1.016121745109558,0.013851961120963097,1.0,1.0,0.0,0.0,0.0,276,35.90797805786133,fresh_online_exploration,23,25,1.0,1.0,10.430035591125488,5.023324966430664,6.103332042694092
295392,73,1.005358338356018,1.005358338356018,1.0053766965866089,1.8368948076386005e-05,1.0,1.0,0.0,0.0,0.0,277,36.007904052734375,fresh_online_exploration,23,25,1.0,1.0,10.381643295288086,5.015838146209717,6.068207263946533
295392,88,1.0034942626953125,1.0034942626953125,1.0035464763641357,5.21803813171573e-05,1.0,1.0,0.0,0.0,0.0,276,35.91798400878906,fresh_online_exploration,23,25,1.0,1.0,10.394923210144043,5.023687839508057,6.173088073730469
295488,81,1.00303316116333,1.00303316116333,1.0030765533447266,4.338339203968644e-05,1.0,1.0,0.0,0.0,0.0,285,35.74113464355469,fresh_online_exploration,23,25,1.0,1.0,10.370386123657227,5.028656005859375,5.327911376953125
295488,95,1.0037052631378174,1.0037052631378174,1.0038037300109863,9.841883729677647e-05,1.0,1.0,0.0,0.0,0.0,287,36.19205093383789,fresh_online_exploration,23,25,1.0,1.0,10.249079704284668,5.0425825119018555,5.691048622131348
295584,51,1.0039466619491577,1.0039466619491577,1.0045192241668701,0.0005724995862692595,1.0,1.0,0.0,0.0,0.0,276,35.99213790893555,fresh_online_exploration,23,25,1.0,1.0,10.367116928100586,5.032250881195068,6.173227310180664
295584,94,1.0022965669631958,1.0022965669631958,1.0087813138961792,0.006484705954790115,1.0,1.0,0.0,0.0,0.0,277,35.90767288208008,fresh_online_exploration,23,25,1.0,1.0,10.39399528503418,5.066767692565918,6.043551445007324
295680,28,1.0065815448760986,1.0065815448760986,1.0065912008285522,9.603860235074535e-06,1.0,1.0,0.0,0.0,0.0,280,35.704063415527344,fresh_online_exploration,23,25,1.0,1.0,10.39610767364502,5.0149760246276855,5.49866247177124
295872,21,1.0046255588531494,1.0046255588531494,1.0056698322296143,0.0010443230858072639,1.0,1.0,0.0,0.0,0.0,280,35.61846923828125,fresh_online_exploration,23,25,1.0,1.0,10.416836738586426,5.048573970794678,5.512325286865234
295872,25,1.0020915269851685,1.0020915269851685,1.0021753311157227,8.380584768019617e-05,1.0,1.0,0.0,0.0,0.0,286,35.76697540283203,fresh_online_exploration,23,25,1.0,1.0,10.323532104492188,5.010092735290527,5.301645755767822
295872,36,1.002172827720642,1.002172827720642,1.0021809339523315,8.140067620843183e-06,1.0,1.0,0.0,0.0,0.0,284,35.693878173828125,fresh_online_exploration,23,25,1.0,1.0,10.331340789794922,5.072438716888428,5.3686604499816895
295872,67,1.0051997900009155,1.0051997900009155,1.0061463117599487,0.0009465455077588558,1.0,1.0,0.0,0.0,0.0,282,35.765403747558594,fresh_online_exploration,23,25,1.0,1.0,10.273003578186035,5.016295909881592,5.506170272827148
295968,27,1.000898838043213,1.000898838043213,1.0009076595306396,8.872762919054367e-06,1.0,1.0,0.0,0.0,0.0,282,35.693756103515625,fresh_online_exploration,23,25,1.0,1.0,10.400995254516602,5.013789653778076,5.469366073608398
296064,30,1.0067048072814941,1.0067048072814941,1.0070340633392334,0.0003292250621598214,1.0,1.0,0.0,0.0,0.0,283,35.78936767578125,fresh_online_exploration,23,25,1.0,1.0,10.46057415008545,5.015636444091797,5.448599815368652
296064,46,1.0051136016845703,1.0051136016845703,1.0052789449691772,0.00016530434368178248,1.0,1.0,0.0,0.0,0.0,283,35.68904113769531,fresh_online_exploration,23,25,1.0,1.0,10.470613479614258,5.017013072967529,5.396489143371582
296160,9,1.0013262033462524,1.0013262033462524,1.0055804252624512,0.004254189319908619,1.0,1.0,0.0,0.0,0.0,277,35.92451477050781,fresh_online_exploration,23,25,1.0,1.0,10.419740676879883,5.022457599639893,6.087729454040527
296160,54,1.0060020685195923,1.0060020685195923,1.0102788209915161,0.004276656545698643,1.0,1.0,0.0,0.0,0.0,281,36.090248107910156,fresh_online_exploration,23,25,1.0,1.0,10.390034675598145,5.012296676635742,5.9789323806762695
296160,64,1.0039033889770508,1.0039033889770508,1.003967523574829,6.406944885384291e-05,1.0,1.0,0.0,0.0,0.0,284,36.17772674560547,fresh_online_exploration,23,25,1.0,1.0,10.332186698913574,5.010939121246338,5.844641208648682
296256,38,1.003722071647644,1.003722071647644,1.0138585567474365,0.010136645287275314,1.0,1.0,0.0,0.0,0.0,275,35.47216033935547,fresh_online_exploration,23,25,1.0,1.0,10.477404594421387,5.044906139373779,5.665805339813232
296256,53,1.0030144453048706,1.0030144453048706,1.0030255317687988,1.1156436812598258e-05,1.0,1.0,0.0,0.0,0.0,282,35.667274475097656,fresh_online_exploration,23,25,1.0,1.0,10.375737190246582,5.038185119628906,5.422812461853027
296256,82,1.0024001598358154,1.0024001598358154,1.0024850368499756,8.493740460835397e-05,1.0,1.0,0.0,0.0,0.0,286,35.787654876708984,fresh_online_exploration,23,25,1.0,1.0,10.352444648742676,5.002379894256592,5.29276180267334
296352,12,1.0008859634399414,1.0008859634399414,1.0188074111938477,0.01792149432003498,1.0,1.0,0.0,0.0,0.0,276,35.857120513916016,fresh_online_exploration,23,25,1.0,1.0,10.368377685546875,5.019494533538818,6.1260223388671875
296448,0,1.0009820461273193,1.0009820461273193,1.0009961128234863,1.412095116393175e-05,1.0,1.0,0.0,0.0,0.0,275,35.87390899658203,fresh_online_exploration,23,25,1.0,1.0,10.401939392089844,5.043540000915527,6.163387298583984
296448,16,1.0015307664871216,1.0015307664871216,1.005587100982666,0.004056413657963276,1.0,1.0,0.0,0.0,0.0,277,35.92549133300781,fresh_online_exploration,23,25,1.0,1.0,10.339298248291016,5.046902179718018,6.116575717926025
296448,61,1.00565767288208,1.00565767288208,1.0137503147125244,0.008092532865703106,1.0,1.0,0.0,0.0,0.0,280,36.12160110473633,fresh_online_exploration,23,25,1.0,1.0,10.353645324707031,5.035128593444824,6.025256156921387
296448,92,1.000319004058838,1.000319004058838,1.0044710636138916,0.00415211683139205,1.0,1.0,0.0,0.0,0.0,286,35.730037689208984,fresh_online_exploration,23,25,1.0,1.0,10.3766508102417,5.083811283111572,5.273438930511475
296544,35,1.0034089088439941,1.0034089088439941,1.003440260887146,3.1363844755105674e-05,1.0,1.0,0.0,0.0,0.0,274,35.92107391357422,fresh_online_exploration,24,25,1.0,1.0,10.369375228881836,5.077032566070557,6.206506252288818
296544,42,1.0038762092590332,1.0038762092590332,1.0038858652114868,9.651398613641504e-06,1.0,1.0,0.0,0.0,0.0,285,35.78761291503906,fresh_online_exploration,23,25,1.0,1.0,10.340975761413574,5.021080017089844,5.35515832901001
296640,7,1.001723051071167,1.001723051071167,1.0102163553237915,0.0084933340549469,1.0,1.0,0.0,0.0,0.0,272,35.774436950683594,fresh_online_exploration,24,25,1.0,1.0,10.363967895507812,5.026758193969727,6.240723609924316
296736,34,1.0015108585357666,1.0015108585357666,1.001520037651062,9.214946658175904e-06,1.0,1.0,0.0,0.0,0.0,288,36.19680404663086,fresh_online_exploration,23,25,1.0,1.0,10.329895973205566,5.02345609664917,5.691840648651123
296736,87,1.0065929889678955,1.0065929889678955,1.0068302154541016,0.0002372439921600744,1.0,1.0,0.0,0.0,0.0,286,35.830291748046875,fresh_online_exploration,23,25,1.0,1.0,10.407937049865723,5.038997650146484,5.33634614944458
297024,78,1.0053704977035522,1.0053704977035522,1.005851149559021,0.00048065977171063423,1.0,1.0,0.0,0.0,0.0,281,35.6915168762207,fresh_online_exploration,23,25,1.0,1.0,10.319986343383789,5.030825138092041,5.523306369781494
297024,80,1.0000089406967163,1.0000089406967163,1.0000240802764893,1.5204996088868938e-05,1.0,1.0,0.0,0.0,0.0,280,35.60468292236328,fresh_online_exploration,24,25,1.0,1.0,10.441936492919922,5.001558780670166,5.5412211418151855
297120,60,1.0040870904922485,1.0040870904922485,1.0043883323669434,0.00030129114747978747,1.0,1.0,0.0,0.0,0.0,284,36.20520782470703,fresh_online_exploration,23,25,1.0,1.0,10.3244047164917,5.040091037750244,5.855851650238037
297504,55,1.0047030448913574,1.0047030448913574,1.0049564838409424,0.0002534138911869377,1.0,1.0,0.0,0.0,0.0,275,35.92864990234375,fresh_online_exploration,24,25,1.0,1.0,10.435227394104004,5.032964706420898,6.16245174407959
297600,20,1.0027436017990112,1.0027436017990112,1.0205602645874023,0.017816675826907158,1.0,1.0,0.0,0.0,0.0,273,35.7951545715332,fresh_online_exploration,24,25,1.0,1.0,10.3256254196167,5.047921180725098,6.279886245727539
297600,59,1.005192518234253,1.005192518234253,1.0053719282150269,0.00017939222743734717,1.0,1.0,0.0,0.0,0.0,285,35.8073616027832,fresh_online_exploration,24,25,1.0,1.0,10.409014701843262,5.0683770179748535,5.35659122467041
297600,74,1.005785346031189,1.005785346031189,1.0058382749557495,5.289775799610652e-05,1.0,1.0,0.0,0.0,0.0,280,35.67699432373047,fresh_online_exploration,24,25,1.0,1.0,10.44638442993164,5.025327205657959,5.499629497528076
297792,41,1.0032120943069458,1.0032120943069458,1.0230940580368042,0.01988193579018116,1.0,1.0,0.0,0.0,0.0,274,35.918983459472656,fresh_online_exploration,24,25,1.0,1.0,10.44050407409668,5.00461483001709,6.204096794128418
298176,57,1.0017656087875366,1.0017656087875366,1.0063655376434326,0.004599895793944597,1.0,1.0,0.0,0.0,0.0,283,36.020572662353516,fresh_online_exploration,24,25,1.0,1.0,10.343830108642578,5.064435958862305,5.882516384124756
298176,66,1.0004613399505615,1.0004613399505615,1.0006003379821777,0.0001389550743624568,1.0,1.0,0.0,0.0,0.0,287,35.7530517578125,fresh_online_exploration,24,25,1.0,1.0,10.359599113464355,5.032960891723633,5.309647560119629
298272,10,1.0019328594207764,1.0019328594207764,1.006319522857666,0.004386696498841047,1.0,1.0,0.0,0.0,0.0,282,36.06515121459961,fresh_online_exploration,24,25,1.0,1.0,10.350885391235352,5.046085834503174,5.893520355224609
298464,45,1.0021114349365234,1.0021114349365234,1.0071954727172852,0.0050839330069720745,1.0,1.0,0.0,0.0,0.0,283,35.70350646972656,fresh_online_exploration,24,25,1.0,1.0,10.410223960876465,4.976608753204346,5.41278600692749
298560,6,1.0059462785720825,1.0059462785720825,1.006080150604248,0.00013383265468291938,1.0,1.0,0.0,0.0,0.0,288,36.35681915283203,fresh_online_exploration,24,25,1.0,1.0,10.315757751464844,4.967816352844238,5.788604259490967
298560,19,1.0055590867996216,1.0055590867996216,1.0143741369247437,0.008815145120024681,1.0,1.0,0.0,0.0,0.0,280,35.72560119628906,fresh_online_exploration,24,25,1.0,1.0,10.421457290649414,5.029007911682129,5.551699161529541
298656,65,1.0024728775024414,1.0024728775024414,1.0025670528411865,9.417162073077634e-05,1.0,1.0,0.0,0.0,0.0,277,35.90799331665039,fresh_online_exploration,24,25,1.0,1.0,10.34615707397461,5.038656711578369,6.092883110046387
298752,44,1.0043439865112305,1.0043439865112305,1.0044255256652832,8.146867185132578e-05,1.0,1.0,0.0,0.0,0.0,287,35.814029693603516,fresh_online_exploration,24,25,1.0,1.0,10.346376419067383,5.056434154510498,5.26765775680542
298752,62,1.0047279596328735,1.0047279596328735,1.0047372579574585,9.30217811401235e-06,1.0,1.0,0.0,0.0,0.0,283,35.72859573364258,fresh_online_exploration,24,25,1.0,1.0,10.384657859802246,5.032853603363037,5.408803939819336
298848,85,1.0031652450561523,1.0031652450561523,1.0031793117523193,1.4144586202746723e-05,1.0,1.0,0.0,0.0,0.0,288,36.2365837097168,fresh_online_exploration,24,25,1.0,1.0,10.260798454284668,5.043426036834717,5.729752540588379
299712,1,1.0011303424835205,1.0011303424835205,1.0011465549468994,1.6208818124141544e-05,1.0,1.0,0.0,0.0,0.0,282,35.65363311767578,fresh_online_exploration,24,25,1.0,1.0,10.421566009521484,5.0407633781433105,5.4368696212768555
