env_steps,env_index,max_angle,final_angle,cumulative_increase,regression_amount,progress,success,regression_event,stalled,lost_contact,episode_steps,return_value,source,first_policy_version,last_policy_version,quality_score,contact_stability,estimated_value,initial_q,discounted_return
25920,83,1.0033527612686157,1.0033527612686157,1.0249179601669312,0.021565377712249756,1.0,1.0,0.0,0.0,0.0,270,35.73506546020508,fresh_online_exploration,0,2,0.9994382023811341,0.9943820238113403,9.534904479980469,2.0993165969848633,6.375072956085205
26016,31,1.0035452842712402,1.0035452842712402,1.020735502243042,0.01719023287296295,1.0,1.0,0.0,0.0,0.0,271,35.82734680175781,fresh_online_exploration,0,2,1.0,1.0,9.548097610473633,2.079603433609009,6.333366394042969
26112,56,1.0033085346221924,1.0033085346221924,1.0059685707092285,0.002660045400261879,1.0,1.0,0.0,0.0,0.0,272,35.78271484375,fresh_online_exploration,0,2,1.0,1.0,9.545973777770996,2.0836920738220215,6.290847301483154
26112,73,1.001077651977539,1.001077651977539,1.0268477201461792,0.02577001415193081,1.0,1.0,0.0,0.0,0.0,272,35.785621643066406,fresh_online_exploration,0,2,1.0,1.0,9.5224027633667,2.082181692123413,6.307046890258789
26208,22,1.0008102655410767,1.0008102655410767,1.0015145540237427,0.0007043062942102551,1.0,1.0,0.0,0.0,0.0,273,35.78873825073242,fresh_online_exploration,0,2,1.0,1.0,9.509586334228516,2.0881259441375732,6.227339267730713
26208,43,1.0006009340286255,1.0006009340286255,1.0153717994689941,0.014771037735044956,1.0,1.0,0.0,0.0,0.0,273,35.82426071166992,fresh_online_exploration,0,2,1.0,1.0,9.464893341064453,2.120877265930176,6.242652893066406
26208,65,1.0043846368789673,1.0043846368789673,1.0045125484466553,0.00012795710063073784,1.0,1.0,0.0,0.0,0.0,273,35.88962173461914,fresh_online_exploration,0,2,1.0,1.0,9.476211547851562,2.092433452606201,6.248144149780273
26208,75,1.000486135482788,1.000486135482788,1.004647135734558,0.004161026794463396,1.0,1.0,0.0,0.0,0.0,273,35.79354476928711,fresh_online_exploration,0,2,1.0,1.0,9.521759033203125,2.0947535037994385,6.220931529998779
26304,25,1.0043251514434814,1.0043251514434814,1.004377841949463,5.277702439343557e-05,1.0,1.0,0.0,0.0,0.0,274,35.87867736816406,fresh_online_exploration,0,2,1.0,1.0,9.51270866394043,2.103969097137451,6.259565830230713
26304,30,1.0012245178222656,1.0012245178222656,1.0070242881774902,0.005799813661724329,1.0,1.0,0.0,0.0,0.0,274,35.85408401489258,fresh_online_exploration,0,2,1.0,1.0,9.51224136352539,2.0800414085388184,6.173556327819824
26304,94,1.0038940906524658,1.0038940906524658,1.009389877319336,0.00549581553786993,1.0,1.0,0.0,0.0,0.0,274,35.90592575073242,fresh_online_exploration,0,2,1.0,1.0,9.495184898376465,2.0965285301208496,6.214974403381348
26400,13,1.0003316402435303,1.0003316402435303,1.0043301582336426,0.003998585510998964,1.0,1.0,0.0,0.0,0.0,275,35.87819290161133,fresh_online_exploration,0,2,1.0,1.0,9.452141761779785,2.0789132118225098,6.1662211418151855
26400,29,1.0026763677597046,1.0026763677597046,1.0057621002197266,0.0030857028905302286,1.0,1.0,0.0,0.0,0.0,275,35.89574432373047,fresh_online_exploration,0,2,1.0,1.0,9.386696815490723,2.0900986194610596,6.1755051612854
26400,79,1.0006221532821655,1.0006221532821655,1.0086653232574463,0.008043141104280949,1.0,1.0,0.0,0.0,0.0,275,35.903480529785156,fresh_online_exploration,0,2,1.0,1.0,9.50780200958252,2.0927741527557373,6.1504669189453125
26400,93,1.0061198472976685,1.0061198472976685,1.0214643478393555,0.015344593673944473,1.0,1.0,0.0,0.0,0.0,275,35.95802307128906,fresh_online_exploration,0,2,1.0,1.0,9.461577415466309,2.1065216064453125,6.182431221008301
26496,5,1.002701997756958,1.002701997756958,1.0056761503219604,0.002974151400849223,1.0,1.0,0.0,0.0,0.0,276,35.95027160644531,fresh_online_exploration,0,2,1.0,1.0,9.436813354492188,2.07873797416687,6.100197792053223
26496,8,1.0024043321609497,1.0024043321609497,1.0108616352081299,0.008457382209599018,1.0,1.0,0.0,0.0,0.0,276,35.898555755615234,fresh_online_exploration,0,2,1.0,1.0,9.43989086151123,2.0838825702667236,6.148217678070068
26496,10,1.0026538372039795,1.0026538372039795,1.002676010131836,2.2163807443575934e-05,1.0,1.0,0.0,0.0,0.0,276,35.92111587524414,fresh_online_exploration,0,2,1.0,1.0,9.488245010375977,2.0825977325439453,6.1367034912109375
26496,12,1.0029100179672241,1.0029100179672241,1.0089452266693115,0.006035367026925087,1.0,1.0,0.0,0.0,0.0,276,35.923126220703125,fresh_online_exploration,0,2,1.0,1.0,9.455967903137207,2.0870893001556396,6.1377410888671875
26496,26,1.0032525062561035,1.0032525062561035,1.006953239440918,0.0037007397040724754,1.0,1.0,0.0,0.0,0.0,276,35.60209655761719,fresh_online_exploration,0,2,1.0,1.0,9.452298164367676,2.090226411819458,5.724853038787842
26496,27,1.0003224611282349,1.0003224611282349,1.0006544589996338,0.0003320032556075603,1.0,1.0,0.0,0.0,0.0,276,35.900634765625,fresh_online_exploration,0,2,1.0,1.0,9.510711669921875,2.089181423187256,6.119852542877197
26496,90,1.0055135488510132,1.0055135488510132,1.0093971490859985,0.003883675206452608,1.0,1.0,0.0,0.0,0.0,276,35.979637145996094,fresh_online_exploration,0,2,1.0,1.0,9.523662567138672,2.1251416206359863,6.171945571899414
26496,95,1.0037976503372192,1.0037976503372192,1.0038789510726929,8.128817717079073e-05,1.0,1.0,0.0,0.0,0.0,276,35.95844268798828,fresh_online_exploration,0,2,1.0,1.0,9.433063507080078,2.0713531970977783,6.153085708618164
26592,36,1.0023037195205688,1.0023037195205688,1.0023210048675537,1.729194264044054e-05,1.0,1.0,0.0,0.0,0.0,277,35.94984436035156,fresh_online_exploration,0,2,1.0,1.0,9.432352066040039,2.086643695831299,6.107556343078613
26592,37,1.0040005445480347,1.0040005445480347,1.0042389631271362,0.00023844234237913042,1.0,1.0,0.0,0.0,0.0,277,35.93909454345703,fresh_online_exploration,0,2,1.0,1.0,9.486130714416504,2.089708089828491,6.056991100311279
26592,39,1.0003719329833984,1.0003719329833984,1.011040210723877,0.010668295435607433,1.0,1.0,0.0,0.0,0.0,277,35.877220153808594,fresh_online_exploration,0,2,1.0,1.0,9.42646598815918,2.095501661300659,6.1018476486206055
26592,45,1.0007981061935425,1.0007981061935425,1.004635214805603,0.003837086260318756,1.0,1.0,0.0,0.0,0.0,277,35.94615936279297,fresh_online_exploration,0,2,1.0,1.0,9.460124969482422,2.075949192047119,6.15853214263916
26592,47,1.0035597085952759,1.0035597085952759,1.0035676956176758,7.894103873695713e-06,1.0,1.0,0.0,0.0,0.0,277,35.9892692565918,fresh_online_exploration,0,2,1.0,1.0,9.46947956085205,2.080420970916748,6.093112945556641
26592,50,1.000919222831726,1.000919222831726,1.0011653900146484,0.0002462076663505286,1.0,1.0,0.0,0.0,0.0,277,35.56397247314453,fresh_online_exploration,0,2,1.0,1.0,9.409757614135742,2.0900537967681885,5.605712890625
26592,54,1.000632643699646,1.000632643699646,1.0007212162017822,8.864868868840858e-05,1.0,1.0,0.0,0.0,0.0,277,35.56280517578125,fresh_online_exploration,0,2,1.0,1.0,9.438730239868164,2.100527286529541,5.653609275817871
26592,58,1.0013383626937866,1.0013383626937866,1.0049527883529663,0.0036144147161394358,1.0,1.0,0.0,0.0,0.0,277,35.93146514892578,fresh_online_exploration,0,2,1.0,1.0,9.485555648803711,2.084942579269409,6.052883625030518
26592,62,1.0054084062576294,1.0054084062576294,1.005416750907898,8.321477253048215e-06,1.0,1.0,0.0,0.0,0.0,277,35.99267578125,fresh_online_exploration,0,2,1.0,1.0,9.418354034423828,2.0898492336273193,6.122640132904053
26592,63,1.0008665323257446,1.0008665323257446,1.001094102859497,0.00022761612490285188,1.0,1.0,0.0,0.0,0.0,277,35.904903411865234,fresh_online_exploration,0,2,1.0,1.0,9.438508987426758,2.1032495498657227,6.11048698425293
26592,69,1.0039303302764893,1.0039303302764893,1.008263111114502,0.004332749173045158,1.0,1.0,0.0,0.0,0.0,277,35.9697265625,fresh_online_exploration,0,2,1.0,1.0,9.367694854736328,2.0779387950897217,6.0892863273620605
26592,70,1.0017447471618652,1.0017447471618652,1.0017844438552856,3.969246245105751e-05,1.0,1.0,0.0,0.0,0.0,277,35.869258880615234,fresh_online_exploration,0,2,1.0,1.0,9.420954704284668,2.089371681213379,6.094886779785156
26592,85,1.0007702112197876,1.0007702112197876,1.0009088516235352,0.0001385863870382309,1.0,1.0,0.0,0.0,0.0,277,35.628623962402344,fresh_online_exploration,0,2,1.0,1.0,9.570599555969238,2.0951361656188965,5.632377624511719
26592,87,1.003421664237976,1.003421664237976,1.0038044452667236,0.00038268257048912346,1.0,1.0,0.0,0.0,0.0,277,35.66999435424805,fresh_online_exploration,0,2,1.0,1.0,9.660698890686035,2.112820625305176,5.679998874664307
26592,88,1.0037935972213745,1.0037935972213745,1.0038120746612549,1.844678081397433e-05,1.0,1.0,0.0,0.0,0.0,277,35.97460174560547,fresh_online_exploration,0,2,1.0,1.0,9.449817657470703,2.085428476333618,6.113833904266357
26592,89,1.003191351890564,1.003191351890564,1.0032098293304443,1.8512460883357562e-05,1.0,1.0,0.0,0.0,0.0,277,35.97502517700195,fresh_online_exploration,0,2,1.0,1.0,9.444890022277832,2.0843727588653564,6.106988430023193
26592,91,1.0059070587158203,1.0059070587158203,1.00941801071167,0.0035110677126795053,1.0,1.0,0.0,0.0,0.0,277,36.01219940185547,fresh_online_exploration,0,2,1.0,1.0,9.525262832641602,2.0748367309570312,6.13284969329834
26688,9,1.0061832666397095,1.0061832666397095,1.0062824487686157,9.918430441757664e-05,1.0,1.0,0.0,0.0,0.0,278,36.011138916015625,fresh_online_exploration,0,2,1.0,1.0,9.42397689819336,2.0789172649383545,6.08903694152832
26688,11,1.0062031745910645,1.0062031745910645,1.008665680885315,0.0024624993093311787,1.0,1.0,0.0,0.0,0.0,278,35.66381072998047,fresh_online_exploration,0,2,1.0,1.0,9.562963485717773,2.098092794418335,5.6254167556762695
26688,17,1.004928469657898,1.004928469657898,1.005399465560913,0.00047104532131925225,1.0,1.0,0.0,0.0,0.0,278,35.58470153808594,fresh_online_exploration,0,2,1.0,1.0,9.479108810424805,2.096804618835449,5.584955215454102
26688,34,1.0030722618103027,1.0030722618103027,1.0030810832977295,8.842966963129584e-06,1.0,1.0,0.0,0.0,0.0,278,35.98012161254883,fresh_online_exploration,0,2,1.0,1.0,9.392958641052246,2.1045947074890137,6.110003471374512
26688,51,1.0041236877441406,1.0041236877441406,1.0224084854125977,0.0182848758995533,1.0,1.0,0.0,0.0,0.0,278,36.0096435546875,fresh_online_exploration,0,2,1.0,1.0,9.430465698242188,2.0537612438201904,6.103574275970459
26688,68,1.0022026300430298,1.0022026300430298,1.0202052593231201,0.018002649769186974,1.0,1.0,0.0,0.0,0.0,278,35.94438552856445,fresh_online_exploration,0,2,1.0,1.0,9.466569900512695,2.1202080249786377,6.07198429107666
26688,80,1.0001201629638672,1.0001201629638672,1.0001349449157715,1.4711676158185583e-05,1.0,1.0,0.0,0.0,0.0,278,35.597625732421875,fresh_online_exploration,0,2,1.0,1.0,9.609323501586914,2.093874454498291,5.616217613220215
26688,84,1.0026432275772095,1.0026432275772095,1.00265634059906,1.3117734852130525e-05,1.0,1.0,0.0,0.0,0.0,278,35.656394958496094,fresh_online_exploration,0,2,1.0,1.0,9.51031494140625,2.1316487789154053,5.572542190551758
26784,4,1.004886507987976,1.004886507987976,1.0048964023590088,9.824411790759768e-06,1.0,1.0,0.0,0.0,0.0,279,35.62118148803711,fresh_online_exploration,0,2,1.0,1.0,9.489869117736816,2.0804615020751953,5.537632942199707
26784,21,1.0037460327148438,1.0037460327148438,1.004058599472046,0.00031248744926415384,1.0,1.0,0.0,0.0,0.0,279,36.045433044433594,fresh_online_exploration,0,2,1.0,1.0,9.506202697753906,2.0944736003875732,6.0691118240356445
26784,24,1.0040665864944458,1.0040665864944458,1.004258394241333,0.00019186982535757124,1.0,1.0,0.0,0.0,0.0,279,35.67912673950195,fresh_online_exploration,0,2,1.0,1.0,9.589788436889648,2.0827808380126953,5.585663795471191
26784,76,1.0044978857040405,1.0044978857040405,1.0083212852478027,0.003823449369519949,1.0,1.0,0.0,0.0,0.0,279,36.03784942626953,fresh_online_exploration,0,2,1.0,1.0,9.376141548156738,2.092529296875,6.077363967895508
26784,81,1.002568244934082,1.002568244934082,1.0025758743286133,7.651489795534872e-06,1.0,1.0,0.0,0.0,0.0,279,35.96210861206055,fresh_online_exploration,0,2,1.0,1.0,9.295364379882812,2.074446201324463,6.018594264984131
26880,14,1.0053174495697021,1.0053174495697021,1.0056695938110352,0.00035206566099077463,1.0,1.0,0.0,0.0,0.0,280,36.115478515625,fresh_online_exploration,0,2,1.0,1.0,9.40401840209961,2.0828046798706055,5.997365474700928
26880,18,1.0049185752868652,1.0049185752868652,1.0049285888671875,9.967542609956581e-06,1.0,1.0,0.0,0.0,0.0,280,35.62163543701172,fresh_online_exploration,0,2,1.0,1.0,9.52444839477539,2.0824296474456787,5.497254371643066
26880,32,1.0051952600479126,1.0051952600479126,1.0052921772003174,9.691933519206941e-05,1.0,1.0,0.0,0.0,0.0,280,36.1673698425293,fresh_online_exploration,0,2,1.0,1.0,9.413456916809082,2.082387924194336,6.053205490112305
26880,40,1.0027215480804443,1.0027215480804443,1.0027296543121338,8.06952994025778e-06,1.0,1.0,0.0,0.0,0.0,280,35.69495391845703,fresh_online_exploration,0,2,1.0,1.0,9.507868766784668,2.114011287689209,5.522895336151123
26880,66,1.0054875612258911,1.0054875612258911,1.0058504343032837,0.0003628786653280258,1.0,1.0,0.0,0.0,0.0,280,36.11199951171875,fresh_online_exploration,0,2,1.0,1.0,9.47082233428955,2.0845208168029785,6.016663551330566
26880,77,1.0013595819473267,1.0013595819473267,1.0014352798461914,7.572479080408812e-05,1.0,1.0,0.0,0.0,0.0,280,36.02986145019531,fresh_online_exploration,0,2,1.0,1.0,9.443608283996582,2.081205368041992,5.977211952209473
26880,92,1.0062189102172852,1.0062189102172852,1.0063962936401367,0.00017739585018716753,1.0,1.0,0.0,0.0,0.0,280,35.70756530761719,fresh_online_exploration,0,2,1.0,1.0,9.567192077636719,2.0743095874786377,5.518128395080566
26976,2,1.005059838294983,1.005059838294983,1.006645917892456,0.0015859921695664525,1.0,1.0,0.0,0.0,0.0,281,35.71580505371094,fresh_online_exploration,0,2,1.0,1.0,9.468159675598145,2.101520538330078,5.469671249389648
26976,16,1.0019149780273438,1.0019149780273438,1.0019797086715698,6.475528789451346e-05,1.0,1.0,0.0,0.0,0.0,281,35.69589614868164,fresh_online_exploration,0,2,1.0,1.0,9.445596694946289,2.0768258571624756,5.4825286865234375
26976,35,1.0043786764144897,1.0043786764144897,1.0045349597930908,0.00015625516243744642,1.0,1.0,0.0,0.0,0.0,281,36.07008743286133,fresh_online_exploration,0,2,1.0,1.0,9.372712135314941,2.112121820449829,5.9453020095825195
26976,71,1.0032970905303955,1.0032970905303955,1.0033049583435059,7.87559383752523e-06,1.0,1.0,0.0,0.0,0.0,281,35.69389724731445,fresh_online_exploration,0,2,1.0,1.0,9.515056610107422,2.099123001098633,5.505774974822998
26976,74,1.0024974346160889,1.0024974346160889,1.0025393962860107,4.203089702059515e-05,1.0,1.0,0.0,0.0,0.0,281,35.58753967285156,fresh_online_exploration,0,2,1.0,1.0,9.536766052246094,2.0848162174224854,5.475948810577393
26976,86,1.0019967555999756,1.0019967555999756,1.004504919052124,0.0025081199128180742,1.0,1.0,0.0,0.0,0.0,281,35.71000671386719,fresh_online_exploration,0,2,1.0,1.0,9.61861801147461,2.0922656059265137,5.554410457611084
27072,0,1.0047483444213867,1.0047483444213867,1.0047632455825806,1.4879414266033564e-05,1.0,1.0,0.0,0.0,0.0,282,36.15814971923828,fresh_online_exploration,0,2,1.0,1.0,9.314208030700684,2.073183059692383,5.9619975090026855
27072,6,1.004975438117981,1.004975438117981,1.0096840858459473,0.004708669614046812,1.0,1.0,0.0,0.0,0.0,282,36.1976318359375,fresh_online_exploration,0,2,1.0,1.0,9.325346946716309,2.0861523151397705,5.949950218200684
27072,15,1.0026487112045288,1.0026487112045288,1.0027998685836792,0.00015115799033083022,1.0,1.0,0.0,0.0,0.0,282,35.692222595214844,fresh_online_exploration,0,2,1.0,1.0,9.423468589782715,2.0822744369506836,5.424785614013672
27072,19,1.0010074377059937,1.0010074377059937,1.0010297298431396,2.222236798843369e-05,1.0,1.0,0.0,0.0,0.0,282,35.68800735473633,fresh_online_exploration,0,2,1.0,1.0,9.497426986694336,2.09993839263916,5.44435453414917
27072,23,1.0018891096115112,1.0018891096115112,1.0026555061340332,0.000766450772061944,1.0,1.0,0.0,0.0,0.0,282,36.04661178588867,fresh_online_exploration,0,2,1.0,1.0,9.38408374786377,2.1215686798095703,5.941338539123535
27072,33,1.0007679462432861,1.0007679462432861,1.0008407831192017,7.288469350896776e-05,1.0,1.0,0.0,0.0,0.0,282,36.014564514160156,fresh_online_exploration,0,2,1.0,1.0,9.311861038208008,2.0816032886505127,5.91080379486084
27072,42,1.0044143199920654,1.0044143199920654,1.0048046112060547,0.0003902348689734936,1.0,1.0,0.0,0.0,0.0,282,35.664588928222656,fresh_online_exploration,0,2,1.0,1.0,9.485132217407227,2.083880662918091,5.4095659255981445
27072,53,1.0004020929336548,1.0004020929336548,1.0004112720489502,9.242824489774648e-06,1.0,1.0,0.0,0.0,0.0,282,35.655582427978516,fresh_online_exploration,0,2,1.0,1.0,9.335287094116211,2.094499349594116,5.439508438110352
27072,55,1.0006523132324219,1.0006523132324219,1.0006611347198486,8.741566489334218e-06,1.0,1.0,0.0,0.0,0.0,282,35.617095947265625,fresh_online_exploration,0,2,1.0,1.0,9.457015991210938,2.119292974472046,5.445040702819824
27072,57,1.0012325048446655,1.0012325048446655,1.0120701789855957,0.010837718844413757,1.0,1.0,0.0,0.0,0.0,282,35.755577087402344,fresh_online_exploration,0,2,1.0,1.0,9.450151443481445,2.1043334007263184,5.463871002197266
27072,67,1.0034449100494385,1.0034449100494385,1.0041128396987915,0.0006679256330244243,1.0,1.0,0.0,0.0,0.0,282,35.70942306518555,fresh_online_exploration,0,2,1.0,1.0,9.430668830871582,2.081026315689087,5.466777324676514
27072,82,1.0022286176681519,1.0022286176681519,1.002293586730957,6.505133205791935e-05,1.0,1.0,0.0,0.0,0.0,282,36.01649475097656,fresh_online_exploration,0,2,1.0,1.0,9.289481163024902,2.0781140327453613,5.919548511505127
27168,49,1.0029150247573853,1.0029150247573853,1.0075907707214355,0.0046757920645177364,1.0,1.0,0.0,0.0,0.0,283,36.11091613769531,fresh_online_exploration,0,2,1.0,1.0,9.315469741821289,2.0689239501953125,5.921898365020752
27168,78,1.0015325546264648,1.0015325546264648,1.0021181106567383,0.0005855042836628854,1.0,1.0,0.0,0.0,0.0,283,36.037200927734375,fresh_online_exploration,0,2,1.0,1.0,9.408510208129883,2.097777843475342,5.880020618438721
27264,1,1.0038541555404663,1.0038541555404663,1.0038703680038452,1.6221787518588826e-05,1.0,1.0,0.0,0.0,0.0,284,35.766075134277344,fresh_online_exploration,0,2,1.0,1.0,9.394201278686523,2.098581314086914,5.378332138061523
27264,20,1.0003999471664429,1.0003999471664429,1.0004189014434814,1.891334068204742e-05,1.0,1.0,0.0,0.0,0.0,284,35.64321517944336,fresh_online_exploration,0,2,1.0,1.0,9.49277114868164,2.1145241260528564,5.327191352844238
27264,38,1.0003652572631836,1.0003652572631836,1.000427007675171,6.181321805343032e-05,1.0,1.0,0.0,0.0,0.0,284,35.694923400878906,fresh_online_exploration,0,2,1.0,1.0,9.516623497009277,2.089721202850342,5.385654449462891
27264,44,1.0003271102905273,1.0003271102905273,1.0004230737686157,9.59054013947025e-05,1.0,1.0,0.0,0.0,0.0,284,35.62180709838867,fresh_online_exploration,0,2,1.0,1.0,9.413293838500977,2.1168317794799805,5.3374810218811035
27264,46,1.002321481704712,1.002321481704712,1.003536343574524,0.001214870484545827,1.0,1.0,0.0,0.0,0.0,284,35.83452606201172,fresh_online_exploration,0,2,1.0,1.0,9.456388473510742,2.0993218421936035,5.455448150634766
27264,59,1.0031094551086426,1.0031094551086426,1.0031239986419678,1.4527592611557338e-05,1.0,1.0,0.0,0.0,0.0,284,35.72914123535156,fresh_online_exploration,0,2,1.0,1.0,9.406123161315918,2.087092876434326,5.364560127258301
27264,61,1.0012180805206299,1.0012180805206299,1.0012325048446655,1.4410678886633832e-05,1.0,1.0,0.0,0.0,0.0,284,35.68578338623047,fresh_online_exploration,0,2,1.0,1.0,9.39605712890625,2.0967516899108887,5.418428897857666
27264,64,1.0038645267486572,1.0038645267486572,1.0038801431655884,1.5634033843525685e-05,1.0,1.0,0.0,0.0,0.0,284,35.78643035888672,fresh_online_exploration,0,2,1.0,1.0,9.384293556213379,2.0741353034973145,5.371272087097168
27264,72,1.0044752359390259,1.0044752359390259,1.0044835805892944,8.326726856466848e-06,1.0,1.0,0.0,0.0,0.0,284,36.14201736450195,fresh_online_exploration,0,2,1.0,1.0,9.27861499786377,2.0894775390625,5.861411094665527
27360,7,1.0043739080429077,1.0043739080429077,1.0045050382614136,0.00013113352179061621,1.0,1.0,0.0,0.0,0.0,285,35.769771575927734,fresh_online_exploration,0,2,1.0,1.0,9.322938919067383,2.0809061527252197,5.348383903503418
27360,48,1.005257487297058,1.005257487297058,1.0053143501281738,5.695061190635897e-05,1.0,1.0,0.0,0.0,0.0,285,35.828147888183594,fresh_online_exploration,0,2,1.0,1.0,9.394906997680664,2.092487096786499,5.364417552947998
27456,41,1.0043399333953857,1.0043399333953857,1.0043842792510986,4.431944398675114e-05,1.0,1.0,0.0,0.0,0.0,286,35.843788146972656,fresh_online_exploration,0,2,1.0,1.0,9.581158638000488,2.0966646671295166,5.4131059646606445
27456,52,1.000866413116455,1.000866413116455,1.0009572505950928,9.08003348740749e-05,1.0,1.0,0.0,0.0,0.0,286,36.068721771240234,fresh_online_exploration,0,2,1.0,1.0,9.318221092224121,2.076855421066284,5.770561218261719
27552,3,1.0056666135787964,1.0056666135787964,1.0056756734848022,9.069422048924025e-06,1.0,1.0,0.0,0.0,0.0,287,35.82633972167969,fresh_online_exploration,0,2,1.0,1.0,9.434414863586426,2.0839943885803223,5.280961990356445
27552,60,1.0025625228881836,1.0025625228881836,1.0025768280029297,1.4324520634545479e-05,1.0,1.0,0.0,0.0,0.0,287,35.84101867675781,fresh_online_exploration,0,2,1.0,1.0,9.451676368713379,2.0995700359344482,5.325582981109619
27840,28,1.0058597326278687,1.0058597326278687,1.0058774948120117,1.7685790226096287e-05,1.0,1.0,0.0,0.0,0.0,290,35.953548431396484,fresh_online_exploration,0,2,1.0,1.0,9.323838233947754,2.075985908508301,5.211346626281738
52032,73,1.0047053098678589,1.0047053098678589,1.0047273635864258,2.2004986021784134e-05,1.0,1.0,0.0,0.0,0.0,270,35.85541915893555,fresh_online_exploration,2,2,1.0,1.0,9.697027206420898,2.6668684482574463,6.37372350692749
52320,83,1.0002515316009521,1.0002515316009521,1.0003514289855957,9.99375552055426e-05,1.0,1.0,0.0,0.0,0.0,275,35.88968276977539,fresh_online_exploration,2,2,1.0,1.0,9.57508373260498,2.6641290187835693,6.1814141273498535
52704,31,1.0031073093414307,1.0031073093414307,1.0031259059906006,1.864756086433772e-05,1.0,1.0,0.0,0.0,0.0,278,35.971492767333984,fresh_online_exploration,2,2,1.0,1.0,9.620495796203613,2.6684718132019043,6.074034214019775
52800,22,1.005611538887024,1.005611538887024,1.0090663433074951,0.00345478393137455,1.0,1.0,0.0,0.0,0.0,277,36.045684814453125,fresh_online_exploration,2,2,1.0,1.0,9.606597900390625,2.631657361984253,6.113914966583252
52800,27,1.002882719039917,1.002882719039917,1.0065760612487793,0.003693229518830776,1.0,1.0,0.0,0.0,0.0,274,35.865753173828125,fresh_online_exploration,2,2,1.0,1.0,9.574946403503418,2.62467885017395,6.175880432128906
52800,70,1.0042273998260498,1.0042273998260498,1.0183970928192139,0.014169784262776375,1.0,1.0,0.0,0.0,0.0,273,35.83264923095703,fresh_online_exploration,2,2,1.0,1.0,9.612543106079102,2.699538469314575,6.2955427169799805
52800,79,1.0046427249908447,1.0046427249908447,1.0089173316955566,0.004274660721421242,1.0,1.0,0.0,0.0,0.0,275,35.95542907714844,fresh_online_exploration,2,2,1.0,1.0,9.639490127563477,2.688368320465088,6.229474067687988
52800,81,1.0040028095245361,1.0040028095245361,1.0162769556045532,0.012274053879082203,1.0,1.0,0.0,0.0,0.0,271,35.82140350341797,fresh_online_exploration,2,2,1.0,1.0,9.648568153381348,2.6255154609680176,6.260375022888184
52992,50,1.0013856887817383,1.0013856887817383,1.023146629333496,0.02176082879304886,1.0,1.0,0.0,0.0,0.0,275,35.479515075683594,fresh_online_exploration,2,2,1.0,1.0,9.6853666305542,2.6722099781036377,5.68809700012207
52992,63,1.0038405656814575,1.0038405656814575,1.01027512550354,0.006434503477066755,1.0,1.0,0.0,0.0,0.0,275,35.57143020629883,fresh_online_exploration,2,2,1.0,1.0,9.517719268798828,2.6709272861480713,5.74661111831665
52992,69,1.0016690492630005,1.0016690492630005,1.010715365409851,0.009046349674463272,1.0,1.0,0.0,0.0,0.0,275,35.846946716308594,fresh_online_exploration,2,2,1.0,1.0,9.575339317321777,2.660637855529785,6.147040367126465
52992,76,1.0035789012908936,1.0035789012908936,1.0035866498947144,7.768228897475637e-06,1.0,1.0,0.0,0.0,0.0,273,35.884883880615234,fresh_online_exploration,2,2,1.0,1.0,9.657747268676758,2.6091010570526123,6.2570672035217285
53088,5,1.0003793239593506,1.0003793239593506,1.0021815299987793,0.0018021527212113142,1.0,1.0,0.0,0.0,0.0,277,35.91518020629883,fresh_online_exploration,2,2,1.0,1.0,9.605443954467773,2.6302313804626465,6.102973937988281
53088,10,1.0007299184799194,1.0007299184799194,1.010200023651123,0.009470146149396896,1.0,1.0,0.0,0.0,0.0,277,35.53642272949219,fresh_online_exploration,2,2,1.0,1.0,9.72061824798584,2.6292755603790283,5.633204936981201
53088,30,1.001574993133545,1.001574993133545,1.0053331851959229,0.0037582283839583397,1.0,1.0,0.0,0.0,0.0,279,35.97389221191406,fresh_online_exploration,2,2,1.0,1.0,9.55109977722168,2.674750328063965,6.048040390014648
53088,56,1.0038315057754517,1.0038315057754517,1.0072284936904907,0.003397064283490181,1.0,1.0,0.0,0.0,0.0,281,36.05207061767578,fresh_online_exploration,2,2,1.0,1.0,9.563432693481445,2.6605165004730225,5.982076168060303
53088,68,1.0028048753738403,1.0028048753738403,1.0028347969055176,2.985417449963279e-05,1.0,1.0,0.0,0.0,0.0,275,35.883338928222656,fresh_online_exploration,2,2,1.0,1.0,9.662164688110352,2.683638334274292,6.192534446716309
53088,84,1.0022088289260864,1.0022088289260864,1.0022166967391968,7.861906851758249e-06,1.0,1.0,0.0,0.0,0.0,275,35.85134506225586,fresh_online_exploration,2,2,1.0,1.0,9.572826385498047,2.6745412349700928,6.203718662261963
53088,89,1.004791259765625,1.004791259765625,1.0088307857513428,0.004039505030959845,1.0,1.0,0.0,0.0,0.0,276,35.55217742919922,fresh_online_exploration,2,2,1.0,1.0,9.70091724395752,2.6720693111419678,5.665903568267822
53184,4,1.0020244121551514,1.0020244121551514,1.0020322799682617,7.85199154051952e-06,1.0,1.0,0.0,0.0,0.0,275,35.933876037597656,fresh_online_exploration,2,2,1.0,1.0,9.556447982788086,2.6355931758880615,6.149257659912109
53184,13,1.0054517984390259,1.0054517984390259,1.0055522918701172,0.00010047007526736706,1.0,1.0,0.0,0.0,0.0,279,36.05621337890625,fresh_online_exploration,2,2,1.0,1.0,9.60112190246582,2.6971752643585205,6.033232688903809
53184,75,1.0016286373138428,1.0016286373138428,1.0016893148422241,6.0652499087154865e-05,1.0,1.0,0.0,0.0,0.0,281,35.64613342285156,fresh_online_exploration,2,2,1.0,1.0,9.640824317932129,2.658900499343872,5.457891941070557
53184,91,1.002458930015564,1.002458930015564,1.0057215690612793,0.0032625712919980288,1.0,1.0,0.0,0.0,0.0,277,35.964229583740234,fresh_online_exploration,2,2,1.0,1.0,9.6109037399292,2.6565680503845215,6.142474174499512
53280,26,1.0034067630767822,1.0034067630767822,1.0060992240905762,0.002692473353818059,1.0,1.0,0.0,0.0,0.0,279,35.99169921875,fresh_online_exploration,2,2,1.0,1.0,9.540926933288574,2.613097906112671,6.031861305236816
53280,51,1.0000619888305664,1.0000619888305664,1.0007741451263428,0.0007122396491467953,1.0,1.0,0.0,0.0,0.0,277,35.87400817871094,fresh_online_exploration,2,2,1.0,1.0,9.558610916137695,2.6760168075561523,6.073647499084473
53376,29,1.0039981603622437,1.0039981603622437,1.0042452812194824,0.00024708342971280217,1.0,1.0,0.0,0.0,0.0,281,36.05503845214844,fresh_online_exploration,2,2,1.0,1.0,9.50285816192627,2.6852080821990967,5.89096736907959
53376,32,1.000128149986267,1.000128149986267,1.002740502357483,0.0026123912539333105,1.0,1.0,0.0,0.0,0.0,276,35.972084045410156,fresh_online_exploration,2,2,1.0,1.0,9.657008171081543,2.6757500171661377,6.154211044311523
53376,43,1.000937819480896,1.000937819480896,1.0009723901748657,3.4549637348391116e-05,1.0,1.0,0.0,0.0,0.0,283,35.6785774230957,fresh_online_exploration,2,2,1.0,1.0,9.506543159484863,2.6385579109191895,5.395585060119629
53376,66,1.0045104026794434,1.0045104026794434,1.004570722579956,6.025518450769596e-05,1.0,1.0,0.0,0.0,0.0,276,35.966129302978516,fresh_online_exploration,2,2,1.0,1.0,9.666415214538574,2.683330535888672,6.169459342956543
53376,88,1.004621982574463,1.004621982574463,1.0092122554779053,0.004590269643813372,1.0,1.0,0.0,0.0,0.0,279,35.702613830566406,fresh_online_exploration,2,2,1.0,1.0,9.588974952697754,2.6851794719696045,5.595856189727783
53376,92,1.000411033630371,1.000411033630371,1.0059874057769775,0.005576493218541145,1.0,1.0,0.0,0.0,0.0,276,35.866127014160156,fresh_online_exploration,2,2,1.0,1.0,9.575002670288086,2.6930317878723145,6.127336502075195
53376,93,1.000609040260315,1.000609040260315,1.0006768703460693,6.788570317439735e-05,1.0,1.0,0.0,0.0,0.0,281,35.98923873901367,fresh_online_exploration,2,2,1.0,1.0,9.52153205871582,2.6979405879974365,5.952306747436523
53376,95,1.0035079717636108,1.0035079717636108,1.00356924533844,6.127059168647975e-05,1.0,1.0,0.0,0.0,0.0,280,35.6837158203125,fresh_online_exploration,2,2,1.0,1.0,9.670381546020508,2.6250369548797607,5.511029243469238
53472,82,1.0035200119018555,1.0035200119018555,1.0035676956176758,4.773379987454973e-05,1.0,1.0,0.0,0.0,0.0,275,35.93358612060547,fresh_online_exploration,2,2,1.0,1.0,9.598758697509766,2.6422324180603027,6.183411598205566
53568,14,1.0020335912704468,1.0020335912704468,1.002049446105957,1.586972393852193e-05,1.0,1.0,0.0,0.0,0.0,278,35.50080108642578,fresh_online_exploration,2,2,1.0,1.0,9.770779609680176,2.690674304962158,5.519811153411865
53568,17,1.003991723060608,1.003991723060608,1.0041061639785767,0.00011446236749179661,1.0,1.0,0.0,0.0,0.0,280,35.666831970214844,fresh_online_exploration,2,2,1.0,1.0,9.594390869140625,2.677553653717041,5.544155597686768
53568,25,1.0052841901779175,1.0052841901779175,1.007583737373352,0.002299573039636016,1.0,1.0,0.0,0.0,0.0,284,36.118778228759766,fresh_online_exploration,2,2,1.0,1.0,9.534345626831055,2.6684703826904297,5.885650634765625
53568,36,1.000844120979309,1.000844120979309,1.0009607076644897,0.00011659754090942442,1.0,1.0,0.0,0.0,0.0,281,35.62836456298828,fresh_online_exploration,2,2,1.0,1.0,9.685285568237305,2.6722629070281982,5.452728748321533
53568,37,1.0014005899429321,1.0014005899429321,1.0014533996582031,5.280611730995588e-05,1.0,1.0,0.0,0.0,0.0,281,35.99430847167969,fresh_online_exploration,2,2,1.0,1.0,9.51296615600586,2.6784238815307617,5.893397331237793
53568,74,1.0032739639282227,1.0032739639282227,1.0032885074615479,1.4586618817702401e-05,1.0,1.0,0.0,0.0,0.0,277,35.929473876953125,fresh_online_exploration,2,2,1.0,1.0,9.63906478881836,2.6700398921966553,6.102361679077148
53568,87,1.0013965368270874,1.0013965368270874,1.0101277828216553,0.008731294423341751,1.0,1.0,0.0,0.0,0.0,281,36.01740264892578,fresh_online_exploration,2,2,1.0,1.0,9.577678680419922,2.662041187286377,6.009554386138916
53568,90,1.0028321743011475,1.0028321743011475,1.0073579549789429,0.004525744356215,1.0,1.0,0.0,0.0,0.0,282,36.07420349121094,fresh_online_exploration,2,2,1.0,1.0,9.53833293914795,2.6349027156829834,5.953645706176758
53664,8,1.0035816431045532,1.0035816431045532,1.008100986480713,0.004519355949014425,1.0,1.0,0.0,0.0,0.0,283,36.09003829956055,fresh_online_exploration,2,2,1.0,1.0,9.481115341186523,2.634141206741333,5.903860569000244
53664,12,1.0051387548446655,1.0051387548446655,1.00569486618042,0.0005560474237427115,1.0,1.0,0.0,0.0,0.0,283,35.753395080566406,fresh_online_exploration,2,2,1.0,1.0,9.56226921081543,2.629361629486084,5.412220478057861
53664,23,1.0001459121704102,1.0001459121704102,1.0033488273620605,0.003202842315658927,1.0,1.0,0.0,0.0,0.0,277,35.86662292480469,fresh_online_exploration,2,2,1.0,1.0,9.599273681640625,2.6350154876708984,6.103486061096191
53664,24,1.0054413080215454,1.0054413080215454,1.0054512023925781,9.859871170192491e-06,1.0,1.0,0.0,0.0,0.0,280,35.69523239135742,fresh_online_exploration,2,2,1.0,1.0,9.61584186553955,2.6154286861419678,5.499068260192871
53664,40,1.0049190521240234,1.0049190521240234,1.0049426555633545,2.367188426433131e-05,1.0,1.0,0.0,0.0,0.0,279,36.03901672363281,fresh_online_exploration,2,2,1.0,1.0,9.590295791625977,2.6716856956481934,6.033500671386719
53760,0,1.000450611114502,1.000450611114502,1.0138359069824219,0.013385459780693054,1.0,1.0,0.0,0.0,0.0,278,35.93658447265625,fresh_online_exploration,2,2,1.0,1.0,9.560402870178223,2.6666605472564697,6.034701347351074
53760,38,1.0030176639556885,1.0030176639556885,1.0139751434326172,0.01095746923238039,1.0,1.0,0.0,0.0,0.0,276,35.91115951538086,fresh_online_exploration,2,2,1.0,1.0,9.583283424377441,2.6762795448303223,6.1131768226623535
53760,39,1.005611538887024,1.005611538887024,1.0151786804199219,0.009567191824316978,1.0,1.0,0.0,0.0,0.0,283,36.104576110839844,fresh_online_exploration,2,2,1.0,1.0,9.573057174682617,2.6539433002471924,5.918649196624756
53760,45,1.000531554222107,1.000531554222107,1.0005496740341187,1.8112170437234454e-05,1.0,1.0,0.0,0.0,0.0,283,35.65760803222656,fresh_online_exploration,2,2,1.0,1.0,9.591054916381836,2.689945697784424,5.387317180633545
53760,48,1.0023117065429688,1.0023117065429688,1.0057637691497803,0.0034520982299000025,1.0,1.0,0.0,0.0,0.0,275,35.889434814453125,fresh_online_exploration,2,2,1.0,1.0,9.624110221862793,2.6550545692443848,6.160096645355225
53760,49,1.0031676292419434,1.0031676292419434,1.0072715282440186,0.004103951156139374,1.0,1.0,0.0,0.0,0.0,277,36.029457092285156,fresh_online_exploration,2,2,1.0,1.0,9.608503341674805,2.679602861404419,6.16664457321167
53760,58,1.00140380859375,1.00140380859375,1.0032596588134766,0.0018559078453108668,1.0,1.0,0.0,0.0,0.0,283,35.693031311035156,fresh_online_exploration,2,2,1.0,1.0,9.644773483276367,2.6704492568969727,5.397902965545654
53760,67,1.001807689666748,1.001807689666748,1.0060932636260986,0.0042856186628341675,1.0,1.0,0.0,0.0,0.0,278,35.980072021484375,fresh_online_exploration,2,2,1.0,1.0,9.597906112670898,2.6697514057159424,6.037116050720215
53856,11,1.0025684833526611,1.0025684833526611,1.0025845766067505,1.6060339476098306e-05,1.0,1.0,0.0,0.0,0.0,283,35.777549743652344,fresh_online_exploration,2,2,1.0,1.0,9.583039283752441,2.6990926265716553,5.439319610595703
53856,18,1.003420352935791,1.003420352935791,1.0035406351089478,0.00012027093180222437,1.0,1.0,0.0,0.0,0.0,281,36.04750442504883,fresh_online_exploration,2,2,1.0,1.0,9.531733512878418,2.6570303440093994,5.933880805969238
53856,20,1.0029332637786865,1.0029332637786865,1.0078308582305908,0.004897525999695063,1.0,1.0,0.0,0.0,0.0,277,35.577842712402344,fresh_online_exploration,2,2,1.0,1.0,9.745850563049316,2.680805206298828,5.596985816955566
53856,54,1.0012959241867065,1.0012959241867065,1.0013830661773682,8.718862954992801e-05,1.0,1.0,0.0,0.0,0.0,284,35.68285369873047,fresh_online_exploration,2,2,1.0,1.0,9.516937255859375,2.6629221439361572,5.380995273590088
53856,65,1.0000941753387451,1.0000941753387451,1.0001018047332764,7.653447028133087e-06,1.0,1.0,0.0,0.0,0.0,288,35.78583908081055,fresh_online_exploration,2,2,1.0,1.0,9.6502103805542,2.64544415473938,5.283666133880615
53856,77,1.0052756071090698,1.0052756071090698,1.005289077758789,1.3457140084938146e-05,1.0,1.0,0.0,0.0,0.0,281,35.75764465332031,fresh_online_exploration,2,2,1.0,1.0,9.636242866516113,2.667775869369507,5.520810604095459
53952,2,1.0022706985473633,1.0022706985473633,1.0028587579727173,0.0005880888784304261,1.0,1.0,0.0,0.0,0.0,281,35.67720031738281,fresh_online_exploration,2,2,1.0,1.0,9.646480560302734,2.6519827842712402,5.492267608642578
53952,15,1.0017303228378296,1.0017303228378296,1.001819372177124,8.90226147021167e-05,1.0,1.0,0.0,0.0,0.0,280,35.587947845458984,fresh_online_exploration,2,2,1.0,1.0,9.664589881896973,2.6817479133605957,5.51088285446167
53952,61,1.0002765655517578,1.0002765655517578,1.0002906322479248,1.4041272152098827e-05,1.0,1.0,0.0,0.0,0.0,278,35.9542121887207,fresh_online_exploration,2,2,1.0,1.0,9.55390739440918,2.6959147453308105,6.073288917541504
53952,64,1.0003795623779297,1.0003795623779297,1.0054702758789062,0.0050906827673316,1.0,1.0,0.0,0.0,0.0,278,35.94295883178711,fresh_online_exploration,2,2,1.0,1.0,9.569290161132812,2.6797292232513428,6.062938213348389
54048,33,1.0014785528182983,1.0014785528182983,1.0017296075820923,0.0002510301419533789,1.0,1.0,0.0,0.0,0.0,281,35.97956085205078,fresh_online_exploration,2,2,1.0,1.0,9.546379089355469,2.66933012008667,5.942018032073975
54048,52,1.0048891305923462,1.0048891305923462,1.005013108253479,0.000123965393868275,1.0,1.0,0.0,0.0,0.0,277,35.886749267578125,fresh_online_exploration,2,2,1.0,1.0,9.60141372680664,2.680023670196533,6.102316856384277
54048,86,1.000294804573059,1.000294804573059,1.0034971237182617,0.003202280728146434,1.0,1.0,0.0,0.0,0.0,282,35.614662170410156,fresh_online_exploration,2,2,1.0,1.0,9.527216911315918,2.6625776290893555,5.423064231872559
54144,9,1.0054997205734253,1.0054997205734253,1.005509614944458,9.915276677929796e-06,1.0,1.0,0.0,0.0,0.0,286,35.79963684082031,fresh_online_exploration,2,2,1.0,1.0,9.573029518127441,2.6658363342285156,5.312023639678955
54240,6,1.0021708011627197,1.0021708011627197,1.0031852722167969,0.001014446490444243,1.0,1.0,0.0,0.0,0.0,283,36.11454391479492,fresh_online_exploration,2,2,1.0,1.0,9.489141464233398,2.649977445602417,5.894047737121582
54240,42,1.006007194519043,1.006007194519043,1.006016731262207,9.57703832682455e-06,1.0,1.0,0.0,0.0,0.0,283,35.80693054199219,fresh_online_exploration,2,2,1.0,1.0,9.563898086547852,2.685636281967163,5.451319694519043
54240,47,1.0009089708328247,1.0009089708328247,1.0009169578552246,7.913079571153503e-06,1.0,1.0,0.0,0.0,0.0,288,35.770816802978516,fresh_online_exploration,2,2,1.0,1.0,9.50702953338623,2.686929225921631,5.249350547790527
54240,62,1.0038232803344727,1.0038232803344727,1.003875732421875,5.25018222106155e-05,1.0,1.0,0.0,0.0,0.0,288,35.83108139038086,fresh_online_exploration,2,2,1.0,1.0,9.538670539855957,2.684502363204956,5.245769023895264
54240,71,1.0029739141464233,1.0029739141464233,1.003006100654602,3.2154373911907896e-05,1.0,1.0,0.0,0.0,0.0,284,35.72122573852539,fresh_online_exploration,2,2,1.0,1.0,9.544288635253906,2.6587555408477783,5.359167575836182
54240,72,1.0034490823745728,1.0034490823745728,1.0038208961486816,0.0003718953812494874,1.0,1.0,0.0,0.0,0.0,281,36.09830856323242,fresh_online_exploration,2,2,1.0,1.0,9.587910652160645,2.6754419803619385,5.955204486846924
54240,85,1.0044726133346558,1.0044726133346558,1.0044867992401123,1.413566860719584e-05,1.0,1.0,0.0,0.0,0.0,288,35.91693115234375,fresh_online_exploration,2,2,1.0,1.0,9.61396598815918,2.661769151687622,5.334565162658691
54240,94,1.0016791820526123,1.0016791820526123,1.0016915798187256,1.2457858247216791e-05,1.0,1.0,0.0,0.0,0.0,291,35.90514373779297,fresh_online_exploration,2,2,1.0,1.0,9.55757999420166,2.6839210987091064,5.216458320617676
54336,19,1.0006717443466187,1.0006717443466187,1.0006794929504395,7.75540502218064e-06,1.0,1.0,0.0,0.0,0.0,284,35.723777770996094,fresh_online_exploration,2,2,1.0,1.0,9.525144577026367,2.66143536567688,5.369458198547363
54336,53,1.0047223567962646,1.0047223567962646,1.0119746923446655,0.007252341136336327,1.0,1.0,0.0,0.0,0.0,284,35.675289154052734,fresh_online_exploration,2,2,1.0,1.0,9.598893165588379,2.6500210762023926,5.351406097412109
54336,80,1.0021463632583618,1.0021463632583618,1.0022327899932861,8.646235073683783e-05,1.0,1.0,0.0,0.0,0.0,288,35.76301574707031,fresh_online_exploration,2,2,1.0,1.0,9.546103477478027,2.6579222679138184,5.230401992797852
54528,21,1.000282645225525,1.000282645225525,1.000456690788269,0.00017402064986526966,1.0,1.0,0.0,0.0,0.0,289,35.828514099121094,fresh_online_exploration,2,2,1.0,1.0,9.668490409851074,2.6292154788970947,5.221564292907715
54528,34,1.0028722286224365,1.0028722286224365,1.0028798580169678,7.6211817940929905e-06,1.0,1.0,0.0,0.0,0.0,290,36.250633239746094,fresh_online_exploration,2,2,1.0,1.0,9.404741287231445,2.662858247756958,5.645263671875
54528,46,1.0034725666046143,1.0034725666046143,1.0036348104476929,0.00016224943101406097,1.0,1.0,0.0,0.0,0.0,284,36.15515899658203,fresh_online_exploration,2,2,1.0,1.0,9.509597778320312,2.6767988204956055,5.847928047180176
54528,55,1.0035982131958008,1.0035982131958008,1.003626823425293,2.8608643333427608e-05,1.0,1.0,0.0,0.0,0.0,286,35.819725036621094,fresh_online_exploration,2,2,1.0,1.0,9.551111221313477,2.657343626022339,5.310772895812988
54624,35,1.0029062032699585,1.0029062032699585,1.0029473304748535,4.1233288357034326e-05,1.0,1.0,0.0,0.0,0.0,288,35.79389953613281,fresh_online_exploration,2,2,1.0,1.0,9.513700485229492,2.6251800060272217,5.224529266357422
54624,44,1.0009255409240723,1.0009255409240723,1.0010462999343872,0.00012076264101779088,1.0,1.0,0.0,0.0,0.0,285,36.07978820800781,fresh_online_exploration,2,2,1.0,1.0,9.409333229064941,2.6747117042541504,5.7680206298828125
54720,16,1.001749873161316,1.001749873161316,1.001758098602295,8.190458174794912e-06,1.0,1.0,0.0,0.0,0.0,289,35.88514709472656,fresh_online_exploration,2,2,1.0,1.0,9.509593963623047,2.656728744506836,5.257965087890625
54720,60,1.001025915145874,1.001025915145874,1.0010390281677246,1.3200849934946746e-05,1.0,1.0,0.0,0.0,0.0,283,35.71002960205078,fresh_online_exploration,2,2,1.0,1.0,9.613053321838379,2.7135634422302246,5.438503265380859
54720,78,1.0031818151474,1.0031818151474,1.0033776760101318,0.00019581128435675055,1.0,1.0,0.0,0.0,0.0,287,36.199466705322266,fresh_online_exploration,2,2,1.0,1.0,9.487452507019043,2.680267333984375,5.758683681488037
54816,1,1.0061265230178833,1.0061265230178833,1.0061432123184204,1.6716203390387818e-05,1.0,1.0,0.0,0.0,0.0,287,35.83851623535156,fresh_online_exploration,2,2,1.0,1.0,9.585079193115234,2.681706428527832,5.302350997924805
54816,7,1.0031425952911377,1.0031425952911377,1.00315260887146,9.960068382497411e-06,1.0,1.0,0.0,0.0,0.0,286,35.75343322753906,fresh_online_exploration,2,2,1.0,1.0,9.482934951782227,2.65303897857666,5.320820331573486
54816,57,1.0036143064498901,1.0036143064498901,1.003743052482605,0.0001287848863285035,1.0,1.0,0.0,0.0,0.0,289,35.85560607910156,fresh_online_exploration,2,2,1.0,1.0,9.497118949890137,2.649587631225586,5.206333160400391
54816,59,1.0054758787155151,1.0054758787155151,1.0055510997772217,7.526235276600346e-05,1.0,1.0,0.0,0.0,0.0,287,35.848533630371094,fresh_online_exploration,2,2,1.0,1.0,9.530678749084473,2.672882318496704,5.301932334899902
54912,3,1.0056558847427368,1.0056558847427368,1.005671739578247,1.589783641975373e-05,1.0,1.0,0.0,0.0,0.0,285,35.741111755371094,fresh_online_exploration,2,2,1.0,1.0,9.60470962524414,2.7100627422332764,5.292410373687744
55008,28,1.0037914514541626,1.0037914514541626,1.003840684890747,4.9235313781537116e-05,1.0,1.0,0.0,0.0,0.0,283,36.14379119873047,fresh_online_exploration,2,2,1.0,1.0,9.51651668548584,2.6584620475769043,5.862494468688965
55008,41,1.0040521621704102,1.0040521621704102,1.0040619373321533,9.823034815781284e-06,1.0,1.0,0.0,0.0,0.0,287,35.80854797363281,fresh_online_exploration,2,2,1.0,1.0,9.482892036437988,2.6770687103271484,5.2444000244140625
78528,73,1.0039761066436768,1.0039761066436768,1.0040690898895264,9.290778689319268e-05,1.0,1.0,0.0,0.0,0.0,276,35.59294128417969,fresh_online_exploration,2,4,1.0,1.0,9.815755844116211,2.542668104171753,5.674097061157227
78720,84,1.0006662607192993,1.0006662607192993,1.0006811618804932,1.484139465901535e-05,1.0,1.0,0.0,0.0,0.0,267,35.34867858886719,fresh_online_exploration,2,4,1.0,1.0,9.511042594909668,2.5877163410186768,6.160182952880859
78912,4,1.0032902956008911,1.0032902956008911,1.0129928588867188,0.009702548384666443,1.0,1.0,0.0,0.0,0.0,268,35.75139617919922,fresh_online_exploration,2,4,1.0,1.0,9.740720748901367,2.55977463722229,6.409647464752197
79008,22,1.00480055809021,1.00480055809021,1.0291121006011963,0.02431161142885685,1.0,1.0,0.0,0.0,0.0,273,35.88467025756836,fresh_online_exploration,2,4,1.0,1.0,9.711370468139648,2.6344380378723145,6.270196437835693
79200,91,1.00446617603302,1.00446617603302,1.0211338996887207,0.016667693853378296,1.0,1.0,0.0,0.0,0.0,271,35.922908782958984,fresh_online_exploration,2,4,1.0,1.0,9.841458320617676,2.5491042137145996,6.401183128356934
79296,63,1.0039137601852417,1.0039137601852417,1.009992003440857,0.006078196689486504,1.0,1.0,0.0,0.0,0.0,274,35.55000686645508,fresh_online_exploration,2,4,1.0,1.0,9.489645004272461,2.580960273742676,5.834933757781982
79296,83,1.0003613233566284,1.0003613233566284,1.0009084939956665,0.0005471832701005042,1.0,1.0,0.0,0.0,0.0,281,35.9825325012207,fresh_online_exploration,2,4,1.0,1.0,9.61389446258545,2.5783302783966064,5.895971298217773
79392,76,1.0006208419799805,1.0006208419799805,1.000702977180481,8.218850416596979e-05,1.0,1.0,0.0,0.0,0.0,275,35.512657165527344,fresh_online_exploration,2,4,1.0,1.0,9.765036582946777,2.579922676086426,5.67149543762207
79392,81,1.0052341222763062,1.0052341222763062,1.0079705715179443,0.0027363640256226063,1.0,1.0,0.0,0.0,0.0,277,36.02146911621094,fresh_online_exploration,2,4,1.0,1.0,9.61107063293457,2.6134583950042725,6.127262592315674
79488,70,1.0029551982879639,1.0029551982879639,1.0061542987823486,0.003199137980118394,1.0,1.0,0.0,0.0,0.0,278,35.92089080810547,fresh_online_exploration,2,4,1.0,1.0,9.699131965637207,2.6290524005889893,6.076717376708984
79584,43,1.0034958124160767,1.0034958124160767,1.0035455226898193,4.96904322062619e-05,1.0,1.0,0.0,0.0,0.0,273,35.84919738769531,fresh_online_exploration,2,4,1.0,1.0,9.694825172424316,2.5768439769744873,6.217966556549072
79584,56,1.003489375114441,1.003489375114441,1.0035227537155151,3.3365722629241645e-05,1.0,1.0,0.0,0.0,0.0,276,35.902122497558594,fresh_online_exploration,2,4,1.0,1.0,9.69775390625,2.5827651023864746,6.122082710266113
79776,5,1.002030611038208,1.002030611038208,1.0059635639190674,0.003932946361601353,1.0,1.0,0.0,0.0,0.0,278,35.97340774536133,fresh_online_exploration,2,4,1.0,1.0,9.612709045410156,2.599531888961792,6.057184219360352
79776,24,1.0004534721374512,1.0004534721374512,1.014911413192749,0.014457996003329754,1.0,1.0,0.0,0.0,0.0,272,35.81450653076172,fresh_online_exploration,2,4,1.0,1.0,9.703694343566895,2.5853259563446045,6.30720329284668
79776,50,1.0041738748550415,1.0041738748550415,1.0042369365692139,6.301295798039064e-05,1.0,1.0,0.0,0.0,0.0,279,35.609405517578125,fresh_online_exploration,2,4,1.0,1.0,9.612381935119629,2.5910212993621826,5.5424604415893555
79872,10,1.0044916868209839,1.0044916868209839,1.0083096027374268,0.0038178276736289263,1.0,1.0,0.0,0.0,0.0,279,35.61272430419922,fresh_online_exploration,2,4,1.0,1.0,9.7250394821167,2.5849061012268066,5.520418643951416
79872,90,1.0034528970718384,1.0034528970718384,1.0069303512573242,0.0034774825908243656,1.0,1.0,0.0,0.0,0.0,274,35.89693832397461,fresh_online_exploration,2,4,1.0,1.0,9.67074203491211,2.587007761001587,6.195898056030273
79968,17,1.0029312372207642,1.0029312372207642,1.0069899559020996,0.004058783408254385,1.0,1.0,0.0,0.0,0.0,275,35.896240234375,fresh_online_exploration,2,4,1.0,1.0,9.702767372131348,2.5921788215637207,6.169569969177246
79968,75,1.0043364763259888,1.0043364763259888,1.019948959350586,0.015612512826919556,1.0,1.0,0.0,0.0,0.0,279,36.02983093261719,fresh_online_exploration,2,4,1.0,1.0,9.615118980407715,2.5828521251678467,6.042880058288574
79968,88,1.0023980140686035,1.0023980140686035,1.0024073123931885,9.332694389740936e-06,1.0,1.0,0.0,0.0,0.0,277,35.645843505859375,fresh_online_exploration,2,4,1.0,1.0,9.75406551361084,2.587394952774048,5.684788703918457
79968,92,1.004732370376587,1.004732370376587,1.0136464834213257,0.008914118632674217,1.0,1.0,0.0,0.0,0.0,277,35.57557678222656,fresh_online_exploration,2,4,1.0,1.0,9.84708023071289,2.5880277156829834,5.619561195373535
79968,95,1.005446195602417,1.005446195602417,1.0054614543914795,1.520992191217374e-05,1.0,1.0,0.0,0.0,0.0,277,36.00273132324219,fresh_online_exploration,2,4,1.0,1.0,9.592290878295898,2.5649538040161133,6.092352390289307
80064,13,1.0031979084014893,1.0031979084014893,1.0115818977355957,0.008383875712752342,1.0,1.0,0.0,0.0,0.0,280,35.609493255615234,fresh_online_exploration,2,4,1.0,1.0,9.624505043029785,2.5613574981689453,5.4814133644104
80064,29,1.0050339698791504,1.0050339698791504,1.0068798065185547,0.0018457927508279681,1.0,1.0,0.0,0.0,0.0,278,35.9884033203125,fresh_online_exploration,2,4,1.0,1.0,9.618643760681152,2.593916893005371,6.051419734954834
80064,32,1.0058892965316772,1.0058892965316772,1.0061472654342651,0.000257949490332976,1.0,1.0,0.0,0.0,0.0,278,36.058528900146484,fresh_online_exploration,2,4,1.0,1.0,9.707463264465332,2.592266321182251,6.07020902633667
80064,48,1.0000571012496948,1.0000571012496948,1.0027304887771606,0.002673365641385317,1.0,1.0,0.0,0.0,0.0,274,35.74384689331055,fresh_online_exploration,2,4,1.0,1.0,9.589138984680176,2.5740976333618164,6.158371925354004
80064,51,1.0036624670028687,1.0036624670028687,1.0043455362319946,0.0006830766797065735,1.0,1.0,0.0,0.0,0.0,279,36.07602310180664,fresh_online_exploration,2,4,1.0,1.0,9.671951293945312,2.5617802143096924,6.079418182373047
80064,69,1.0030100345611572,1.0030100345611572,1.0030241012573242,1.4024003576196264e-05,1.0,1.0,0.0,0.0,0.0,282,35.683258056640625,fresh_online_exploration,2,4,1.0,1.0,9.655312538146973,2.5564606189727783,5.464842796325684
80064,74,1.0058962106704712,1.0058962106704712,1.0244596004486084,0.018563512712717056,1.0,1.0,0.0,0.0,0.0,276,35.65869140625,fresh_online_exploration,2,4,1.0,1.0,9.758453369140625,2.5599205493927,5.699849605560303
80064,79,1.0050365924835205,1.0050365924835205,1.00504469871521,8.050395990721881e-06,1.0,1.0,0.0,0.0,0.0,284,36.22108840942383,fresh_online_exploration,2,4,1.0,1.0,9.598488807678223,2.608743906021118,5.919049263000488
80064,89,1.0031192302703857,1.0031192302703857,1.0037364959716797,0.0006172146531753242,1.0,1.0,0.0,0.0,0.0,281,35.69070053100586,fresh_online_exploration,2,4,1.0,1.0,9.612284660339355,2.5872690677642822,5.482057571411133
80064,93,1.0012786388397217,1.0012786388397217,1.0045058727264404,0.0032271600794047117,1.0,1.0,0.0,0.0,0.0,278,35.95163345336914,fresh_online_exploration,2,4,1.0,1.0,9.571288108825684,2.5812292098999023,6.108856201171875
80160,8,1.001299500465393,1.001299500465393,1.0145639181137085,0.01326422207057476,1.0,1.0,0.0,0.0,0.0,276,35.878334045410156,fresh_online_exploration,2,5,1.0,1.0,9.603682518005371,2.5842390060424805,6.124913692474365
80160,25,1.0012125968933105,1.0012125968933105,1.001296877861023,8.427359716733918e-05,1.0,1.0,0.0,0.0,0.0,277,35.946380615234375,fresh_online_exploration,2,5,1.0,1.0,9.750720977783203,2.588778495788574,6.103017807006836
80160,66,1.0047444105148315,1.0047444105148315,1.0122779607772827,0.0075335754081606865,1.0,1.0,0.0,0.0,0.0,279,35.57924270629883,fresh_online_exploration,2,5,1.0,1.0,9.74800968170166,2.588623046875,5.535434722900391
80256,27,1.005381464958191,1.005381464958191,1.0056886672973633,0.0003072946856264025,1.0,1.0,0.0,0.0,0.0,286,35.848243713378906,fresh_online_exploration,2,5,1.0,1.0,9.597546577453613,2.6214325428009033,5.339226722717285
80256,38,1.0024527311325073,1.0024527311325073,1.003238320350647,0.0007856151205487549,1.0,1.0,0.0,0.0,0.0,276,35.95379638671875,fresh_online_exploration,2,5,1.0,1.0,9.621566772460938,2.5639853477478027,6.118796348571777
80256,47,1.0043649673461914,1.0043649673461914,1.006469964981079,0.0021050383802503347,1.0,1.0,0.0,0.0,0.0,271,35.86293411254883,fresh_online_exploration,2,5,1.0,1.0,9.700105667114258,2.5714378356933594,6.283598899841309
80256,67,1.0046896934509277,1.0046896934509277,1.005096197128296,0.0004065083048772067,1.0,1.0,0.0,0.0,0.0,276,35.96247863769531,fresh_online_exploration,2,5,1.0,1.0,9.60827350616455,2.5711452960968018,6.164695739746094
80352,31,1.006169080734253,1.006169080734253,1.0091495513916016,0.0029804673977196217,1.0,1.0,0.0,0.0,0.0,288,35.78995895385742,fresh_online_exploration,2,5,1.0,1.0,9.573951721191406,2.527190685272217,5.274896621704102
80352,49,1.0018987655639648,1.0018987655639648,1.0051642656326294,0.0032654772512614727,1.0,1.0,0.0,0.0,0.0,277,35.978397369384766,fresh_online_exploration,2,5,1.0,1.0,9.710691452026367,2.5640270709991455,6.122098922729492
80352,68,1.000579833984375,1.000579833984375,1.0005985498428345,1.873878136393614e-05,1.0,1.0,0.0,0.0,0.0,284,36.04121017456055,fresh_online_exploration,2,5,1.0,1.0,9.499134063720703,2.5936949253082275,5.84375
80448,23,1.0019041299819946,1.0019041299819946,1.001914143562317,1.0033028956968337e-05,1.0,1.0,0.0,0.0,0.0,279,35.97565460205078,fresh_online_exploration,2,5,1.0,1.0,9.590558052062988,2.587423801422119,6.016964435577393
80448,30,1.0018669366836548,1.0018669366836548,1.0019593238830566,9.246336412616074e-05,1.0,1.0,0.0,0.0,0.0,285,36.134674072265625,fresh_online_exploration,2,5,1.0,1.0,9.529979705810547,2.6012892723083496,5.832833290100098
80448,87,1.0019484758377075,1.0019484758377075,1.012449026107788,0.0105006517842412,1.0,1.0,0.0,0.0,0.0,280,35.626644134521484,fresh_online_exploration,2,5,1.0,1.0,9.749861717224121,2.5975186824798584,5.532557964324951
80544,2,1.0038498640060425,1.0038498640060425,1.005008578300476,0.0011587007902562618,1.0,1.0,0.0,0.0,0.0,277,35.57269287109375,fresh_online_exploration,2,5,1.0,1.0,9.836012840270996,2.599724531173706,5.60451602935791
80544,18,1.0024937391281128,1.0024937391281128,1.0080064535140991,0.005512788891792297,1.0,1.0,0.0,0.0,0.0,278,35.930580139160156,fresh_online_exploration,2,5,1.0,1.0,9.572737693786621,2.5641980171203613,6.054563045501709
80640,26,1.0010499954223633,1.0010499954223633,1.0010906457901,4.0657687350176275e-05,1.0,1.0,0.0,0.0,0.0,285,36.0156364440918,fresh_online_exploration,2,5,1.0,1.0,9.474916458129883,2.5552871227264404,5.776029109954834
80640,37,1.0038691759109497,1.0038691759109497,1.0038782358169556,9.073064575204626e-06,1.0,1.0,0.0,0.0,0.0,282,35.71678161621094,fresh_online_exploration,2,5,1.0,1.0,9.648260116577148,2.5849502086639404,5.4758148193359375
80640,40,1.0035276412963867,1.0035276412963867,1.0036089420318604,8.123813313432038e-05,1.0,1.0,0.0,0.0,0.0,281,35.66506576538086,fresh_online_exploration,2,5,1.0,1.0,9.731645584106445,2.5722572803497314,5.476339340209961
80640,58,1.0033925771713257,1.0033925771713257,1.003404140472412,1.166020410892088e-05,1.0,1.0,0.0,0.0,0.0,280,36.04170227050781,fresh_online_exploration,2,5,1.0,1.0,9.593022346496582,2.5989532470703125,5.973022937774658
80736,54,1.0036036968231201,1.0036036968231201,1.006112813949585,0.0025090298149734735,1.0,1.0,0.0,0.0,0.0,280,35.636756896972656,fresh_online_exploration,2,5,1.0,1.0,9.738519668579102,2.540827512741089,5.5670857429504395
80832,35,1.0013080835342407,1.0013080835342407,1.0143486261367798,0.013040542602539062,1.0,1.0,0.0,0.0,0.0,273,35.84053039550781,fresh_online_exploration,2,5,1.0,1.0,9.664223670959473,2.5963330268859863,6.251159191131592
80832,65,1.0041083097457886,1.0041083097457886,1.0082979202270508,0.00418965145945549,1.0,1.0,0.0,0.0,0.0,281,36.11766052246094,fresh_online_exploration,2,5,1.0,1.0,9.564136505126953,2.5991597175598145,5.963805675506592
80832,77,1.0010321140289307,1.0010321140289307,1.0010958909988403,6.377004319801927e-05,1.0,1.0,0.0,0.0,0.0,281,36.0211181640625,fresh_online_exploration,2,5,1.0,1.0,9.666154861450195,2.5725953578948975,5.909763336181641
80832,82,1.0051844120025635,1.0051844120025635,1.0052518844604492,6.742982077412307e-05,1.0,1.0,0.0,0.0,0.0,285,35.80632019042969,fresh_online_exploration,2,5,1.0,1.0,9.683233261108398,2.594083547592163,5.342084884643555
80928,9,1.0031657218933105,1.0031657218933105,1.0031747817993164,8.991081813292112e-06,1.0,1.0,0.0,0.0,0.0,279,35.625057220458984,fresh_online_exploration,2,5,1.0,1.0,9.722201347351074,2.634967803955078,5.581797122955322
80928,12,1.0050379037857056,1.0050379037857056,1.0050454139709473,7.534029009548249e-06,1.0,1.0,0.0,0.0,0.0,284,35.81483459472656,fresh_online_exploration,2,5,1.0,1.0,9.595062255859375,2.583444833755493,5.396264553070068
80928,14,1.003578543663025,1.003578543663025,1.0035884380340576,9.95605660136789e-06,1.0,1.0,0.0,0.0,0.0,285,35.76914596557617,fresh_online_exploration,2,5,1.0,1.0,9.574487686157227,2.586723566055298,5.345353126525879
80928,39,1.0002187490463257,1.0002187490463257,1.0003130435943604,9.431721991859376e-05,1.0,1.0,0.0,0.0,0.0,283,36.00261306762695,fresh_online_exploration,2,5,1.0,1.0,9.537723541259766,2.575324773788452,5.861438751220703
80928,55,1.003698706626892,1.003698706626892,1.0044467449188232,0.0007480115746147931,1.0,1.0,0.0,0.0,0.0,275,35.950008392333984,fresh_online_exploration,2,5,1.0,1.0,9.666399955749512,2.6247787475585938,6.226595878601074
80928,80,1.005013108253479,1.005013108253479,1.0050578117370605,4.4612235797103494e-05,1.0,1.0,0.0,0.0,0.0,277,36.05075454711914,fresh_online_exploration,2,5,1.0,1.0,9.684715270996094,2.592942953109741,6.142414569854736
81024,11,1.0049166679382324,1.0049166679382324,1.0049779415130615,6.126116204541177e-05,1.0,1.0,0.0,0.0,0.0,283,35.78447723388672,fresh_online_exploration,2,5,1.0,1.0,9.615093231201172,2.566279888153076,5.419912815093994
81024,20,1.0032212734222412,1.0032212734222412,1.0032305717468262,9.262203093385324e-06,1.0,1.0,0.0,0.0,0.0,283,35.77342987060547,fresh_online_exploration,2,5,1.0,1.0,9.770936012268066,2.5847373008728027,5.462660789489746
81024,72,1.002456545829773,1.002456545829773,1.0080013275146484,0.005544859915971756,1.0,1.0,0.0,0.0,0.0,279,35.59925842285156,fresh_online_exploration,2,5,1.0,1.0,9.703630447387695,2.597669839859009,5.547677516937256
81024,86,1.0051462650299072,1.0051462650299072,1.0051562786102295,9.996321750804782e-06,1.0,1.0,0.0,0.0,0.0,281,35.759700775146484,fresh_online_exploration,2,5,1.0,1.0,9.652507781982422,2.596167802810669,5.529790878295898
81120,0,1.0027544498443604,1.0027544498443604,1.0027704238891602,1.5913719835225493e-05,1.0,1.0,0.0,0.0,0.0,285,35.73114776611328,fresh_online_exploration,2,5,1.0,1.0,9.561638832092285,2.5790200233459473,5.312675476074219
81120,6,1.005589485168457,1.005589485168457,1.0066334009170532,0.0010438605677336454,1.0,1.0,0.0,0.0,0.0,280,36.1673698425293,fresh_online_exploration,2,5,1.0,1.0,9.678274154663086,2.5755317211151123,6.083941459655762
81120,52,1.0010466575622559,1.0010466575622559,1.0020086765289307,0.0009621038916520774,1.0,1.0,0.0,0.0,0.0,282,35.96520233154297,fresh_online_exploration,2,5,1.0,1.0,9.563175201416016,2.599365472793579,5.959661483764648
81120,57,1.0022088289260864,1.0022088289260864,1.0073049068450928,0.005096085369586945,1.0,1.0,0.0,0.0,0.0,274,35.89554977416992,fresh_online_exploration,2,5,1.0,1.0,9.71722412109375,2.6115221977233887,6.252297878265381
81216,3,1.0037795305252075,1.0037795305252075,1.0041477680206299,0.0003681392699945718,1.0,1.0,0.0,0.0,0.0,274,35.9026985168457,fresh_online_exploration,2,5,1.0,1.0,9.686741828918457,2.631500005722046,6.206512451171875
81216,15,1.0048620700836182,1.0048620700836182,1.0049083232879639,4.621332118404098e-05,1.0,1.0,0.0,0.0,0.0,284,35.76311492919922,fresh_online_exploration,2,5,1.0,1.0,9.614449501037598,2.586411952972412,5.3844804763793945
81216,36,1.0035510063171387,1.0035510063171387,1.0035685300827026,1.755377888912335e-05,1.0,1.0,0.0,0.0,0.0,288,35.76094055175781,fresh_online_exploration,2,5,1.0,1.0,9.649709701538086,2.5915377140045166,5.220359802246094
81216,45,1.0059746503829956,1.0059746503829956,1.0060019493103027,2.7325313567416742e-05,1.0,1.0,0.0,0.0,0.0,286,35.825828552246094,fresh_online_exploration,2,5,1.0,1.0,9.594253540039062,2.580580234527588,5.31640625
81216,64,1.0017493963241577,1.0017493963241577,1.0017650127410889,1.552607682242524e-05,1.0,1.0,0.0,0.0,0.0,284,35.7594108581543,fresh_online_exploration,2,5,1.0,1.0,9.609745979309082,2.598040819168091,5.424729824066162
81312,46,1.0045901536941528,1.0045901536941528,1.0047190189361572,0.0001288226922042668,1.0,1.0,0.0,0.0,0.0,279,36.069732666015625,fresh_online_exploration,2,5,1.0,1.0,9.666474342346191,2.609872817993164,6.015843391418457
81312,71,1.0037357807159424,1.0037357807159424,1.0051636695861816,0.0014278232119977474,1.0,1.0,0.0,0.0,0.0,282,35.64863586425781,fresh_online_exploration,2,5,1.0,1.0,9.743485450744629,2.5766611099243164,5.400675296783447
81312,85,1.0042675733566284,1.0042675733566284,1.0063142776489258,0.0020468018483370543,1.0,1.0,0.0,0.0,0.0,282,36.1180419921875,fresh_online_exploration,2,5,1.0,1.0,9.657878875732422,2.569689989089966,5.90800142288208
81504,59,1.0017266273498535,1.0017266273498535,1.0044498443603516,0.0027232079301029444,1.0,1.0,0.0,0.0,0.0,278,35.97637176513672,fresh_online_exploration,2,5,1.0,1.0,9.660147666931152,2.5849740505218506,6.0423665046691895
81504,60,1.0031721591949463,1.0031721591949463,1.0031870603561401,1.4944313988962676e-05,1.0,1.0,0.0,0.0,0.0,279,36.044029235839844,fresh_online_exploration,2,5,1.0,1.0,9.6014404296875,2.6012165546417236,6.045978546142578
81504,61,1.0007286071777344,1.0007286071777344,1.0007927417755127,6.407314504031092e-05,1.0,1.0,0.0,0.0,0.0,287,35.7024040222168,fresh_online_exploration,2,5,1.0,1.0,9.609469413757324,2.581944704055786,5.26792049407959
81600,7,1.004823923110962,1.004823923110962,1.0185825824737549,0.013758525252342224,1.0,1.0,0.0,0.0,0.0,279,35.976505279541016,fresh_online_exploration,2,5,1.0,1.0,9.60738468170166,2.5953152179718018,6.020348072052002
81600,33,1.003728985786438,1.003728985786438,1.003929615020752,0.00020065576245542616,1.0,1.0,0.0,0.0,0.0,287,35.80738830566406,fresh_online_exploration,2,5,1.0,1.0,9.602686882019043,2.581397771835327,5.295162677764893
81600,42,1.0032305717468262,1.0032305717468262,1.0032432079315186,1.2677808626904152e-05,1.0,1.0,0.0,0.0,0.0,285,35.75733184814453,fresh_online_exploration,2,5,1.0,1.0,9.66869831085205,2.573216676712036,5.328794956207275
81600,94,1.0048036575317383,1.0048036575317383,1.0048868656158447,8.320482447743416e-05,1.0,1.0,0.0,0.0,0.0,285,35.8665885925293,fresh_online_exploration,2,5,1.0,1.0,9.705575942993164,2.6023900508880615,5.422313213348389
81696,19,1.0032423734664917,1.0032423734664917,1.0032509565353394,8.582315786043182e-06,1.0,1.0,0.0,0.0,0.0,285,35.712127685546875,fresh_online_exploration,2,5,1.0,1.0,9.654885292053223,2.5940024852752686,5.329618453979492
81696,34,1.0005196332931519,1.0005196332931519,1.0005431175231934,2.3400250938721e-05,1.0,1.0,0.0,0.0,0.0,283,35.66710662841797,fresh_online_exploration,2,5,1.0,1.0,9.552689552307129,2.6009111404418945,5.413455963134766
81696,53,1.0049071311950684,1.0049071311950684,1.0049169063568115,9.816524652705994e-06,1.0,1.0,0.0,0.0,0.0,285,35.769351959228516,fresh_online_exploration,2,5,1.0,1.0,9.595598220825195,2.594125270843506,5.347148895263672
81792,21,1.0023620128631592,1.0023620128631592,1.0026764869689941,0.00031453394331038,1.0,1.0,0.0,0.0,0.0,284,36.14350891113281,fresh_online_exploration,2,5,1.0,1.0,9.52210521697998,2.6239335536956787,5.838837146759033
81792,62,1.001796841621399,1.001796841621399,1.0018061399459839,9.286946806241758e-06,1.0,1.0,0.0,0.0,0.0,287,35.772735595703125,fresh_online_exploration,2,5,1.0,1.0,9.585122108459473,2.5712082386016846,5.271735668182373
82080,16,1.003873348236084,1.003873348236084,1.0042204856872559,0.000347212771885097,1.0,1.0,0.0,0.0,0.0,285,35.843650817871094,fresh_online_exploration,2,5,1.0,1.0,9.737098693847656,2.63020396232605,5.419694423675537
82176,28,1.0033472776412964,1.0033472776412964,1.0034047365188599,5.747965769842267e-05,1.0,1.0,0.0,0.0,0.0,283,35.75026321411133,fresh_online_exploration,2,5,1.0,1.0,9.63029956817627,2.630380153656006,5.388408184051514
82272,78,1.0058239698410034,1.0058239698410034,1.0058389902114868,1.50320984175778e-05,1.0,1.0,0.0,0.0,0.0,287,35.89118957519531,fresh_online_exploration,2,5,1.0,1.0,9.463579177856445,2.6068809032440186,5.338030815124512
82368,1,1.0014395713806152,1.0014395713806152,1.0014545917510986,1.4914933672116604e-05,1.0,1.0,0.0,0.0,0.0,287,36.20323181152344,fresh_online_exploration,2,5,1.0,1.0,9.531623840332031,2.599280834197998,5.770205020904541
82368,44,1.0012880563735962,1.0012880563735962,1.0013833045959473,9.524769120616838e-05,1.0,1.0,0.0,0.0,0.0,289,35.85152053833008,fresh_online_exploration,2,5,1.0,1.0,9.505514144897461,2.596740961074829,5.231822967529297
82464,41,1.002363681793213,1.002363681793213,1.0024499893188477,8.628963405499235e-05,1.0,1.0,0.0,0.0,0.0,286,35.695621490478516,fresh_online_exploration,2,5,1.0,1.0,9.715848922729492,2.639479160308838,5.260031700134277
104640,84,1.0016484260559082,1.0016484260559082,1.0091352462768555,0.00748683325946331,1.0,1.0,0.0,0.0,0.0,270,35.433101654052734,fresh_online_exploration,4,7,1.0,1.0,9.735492706298828,3.1289687156677246,5.936685562133789
104736,73,1.001880168914795,1.001880168914795,1.0059731006622314,0.004092908930033445,1.0,1.0,0.0,0.0,0.0,273,35.84254837036133,fresh_online_exploration,4,7,1.0,1.0,9.866029739379883,3.045515298843384,6.2488508224487305
105120,4,1.0003470182418823,1.0003470182418823,1.0110725164413452,0.010725519619882107,1.0,1.0,0.0,0.0,0.0,273,35.80040740966797,fresh_online_exploration,4,7,1.0,1.0,9.850370407104492,3.067138671875,6.197691440582275
105600,81,1.0036574602127075,1.0036574602127075,1.0252825021743774,0.02162507362663746,1.0,1.0,0.0,0.0,0.0,273,35.885955810546875,fresh_online_exploration,4,7,1.0,1.0,9.916035652160645,3.0752973556518555,6.263204097747803
105888,63,1.000649094581604,1.000649094581604,1.0006593465805054,1.0257173016725574e-05,1.0,1.0,0.0,0.0,0.0,277,35.88587188720703,fresh_online_exploration,4,7,1.0,1.0,9.722243309020996,3.0682857036590576,6.110091686248779
105888,91,1.0028109550476074,1.0028109550476074,1.006447672843933,0.0036366553977131844,1.0,1.0,0.0,0.0,0.0,278,36.01637268066406,fresh_online_exploration,4,7,1.0,1.0,9.874648094177246,3.0886261463165283,6.070290565490723
105984,22,1.0014280080795288,1.0014280080795288,1.002228021621704,0.0007999641820788383,1.0,1.0,0.0,0.0,0.0,281,36.000282287597656,fresh_online_exploration,4,7,1.0,1.0,9.788274765014648,3.0883383750915527,5.9452362060546875
105984,56,1.0034801959991455,1.0034801959991455,1.007025957107544,0.0035458439961075783,1.0,1.0,0.0,0.0,0.0,275,35.853065490722656,fresh_online_exploration,4,7,1.0,1.0,9.867094993591309,3.1137118339538574,6.212221145629883
106176,70,1.0043933391571045,1.0043933391571045,1.0084826946258545,0.0040893456898629665,1.0,1.0,0.0,0.0,0.0,278,35.97909927368164,fresh_online_exploration,4,7,1.0,1.0,9.81319522857666,3.1428005695343018,6.069869041442871
106272,76,1.000793695449829,1.000793695449829,1.0009108781814575,0.00011717285087797791,1.0,1.0,0.0,0.0,0.0,280,35.654579162597656,fresh_online_exploration,4,7,1.0,1.0,9.855378150939941,3.0818030834198,5.496931552886963
106368,17,1.0003225803375244,1.0003225803375244,1.0164796113967896,0.016157085075974464,1.0,1.0,0.0,0.0,0.0,275,35.82292938232422,fresh_online_exploration,4,7,1.0,1.0,9.812176704406738,3.0768582820892334,6.117954730987549
106368,69,1.0005924701690674,1.0005924701690674,1.0006072521209717,1.4816459952271543e-05,1.0,1.0,0.0,0.0,0.0,274,35.83863830566406,fresh_online_exploration,4,7,1.0,1.0,9.891277313232422,3.1300225257873535,6.205040454864502
106464,2,1.0048872232437134,1.0048872232437134,1.0202358961105347,0.015348815359175205,1.0,1.0,0.0,0.0,0.0,270,35.818359375,fresh_online_exploration,5,7,1.0,1.0,9.902456283569336,3.109637975692749,6.36508846282959
106464,24,1.0038552284240723,1.0038552284240723,1.011089563369751,0.007234365679323673,1.0,1.0,0.0,0.0,0.0,278,35.583396911621094,fresh_online_exploration,4,7,1.0,1.0,9.90694808959961,3.0764806270599365,5.563486576080322
106464,83,1.000134825706482,1.000134825706482,1.0001473426818848,1.2559097740449943e-05,1.0,1.0,0.0,0.0,0.0,283,35.640594482421875,fresh_online_exploration,4,7,1.0,1.0,9.793931007385254,3.1086413860321045,5.398026943206787
106656,29,1.003334641456604,1.003334641456604,1.0058987140655518,0.0025641480460762978,1.0,1.0,0.0,0.0,0.0,277,35.901702880859375,fresh_online_exploration,4,7,1.0,1.0,9.79556941986084,3.117384433746338,6.085780620574951
106656,50,1.000811219215393,1.000811219215393,1.001037359237671,0.00022608437575399876,1.0,1.0,0.0,0.0,0.0,280,35.94549560546875,fresh_online_exploration,4,7,1.0,1.0,9.73715591430664,3.0842819213867188,5.987116813659668
106656,79,1.0012096166610718,1.0012096166610718,1.0015103816986084,0.0003007327322848141,1.0,1.0,0.0,0.0,0.0,277,35.94306945800781,fresh_online_exploration,4,7,1.0,1.0,9.912056922912598,3.1379237174987793,6.08524227142334
106656,88,1.0046900510787964,1.0046900510787964,1.0046985149383545,8.528570106136613e-06,1.0,1.0,0.0,0.0,0.0,278,35.70124816894531,fresh_online_exploration,4,7,1.0,1.0,9.82926082611084,3.0813565254211426,5.661786079406738
106752,95,1.0000799894332886,1.0000799894332886,1.0000942945480347,1.4308140634966549e-05,1.0,1.0,0.0,0.0,0.0,279,35.92505645751953,fresh_online_exploration,4,7,1.0,1.0,9.764113426208496,3.0966451168060303,6.034660339355469
106848,27,1.0008717775344849,1.0008717775344849,1.0048587322235107,0.0039869677275419235,1.0,1.0,0.0,0.0,0.0,277,35.91061019897461,fresh_online_exploration,5,7,1.0,1.0,9.816969871520996,3.1291768550872803,6.0956244468688965
106848,30,1.0045069456100464,1.0045069456100464,1.0137691497802734,0.0092621436342597,1.0,1.0,0.0,0.0,0.0,275,35.893985748291016,fresh_online_exploration,5,7,1.0,1.0,9.897577285766602,3.1191182136535645,6.196337699890137
106848,51,1.0028663873672485,1.0028663873672485,1.0070643424987793,0.0041979774832725525,1.0,1.0,0.0,0.0,0.0,279,36.00371551513672,fresh_online_exploration,4,7,1.0,1.0,9.847381591796875,3.1285901069641113,6.033725261688232
106848,52,1.0037564039230347,1.0037564039230347,1.004642367362976,0.0008859290974214673,1.0,1.0,0.0,0.0,0.0,268,35.41114044189453,fresh_online_exploration,5,7,1.0,1.0,9.854353904724121,3.1248629093170166,6.000676155090332
106848,74,1.0055755376815796,1.0055755376815796,1.0055913925170898,1.5783858543727547e-05,1.0,1.0,0.0,0.0,0.0,279,35.70854187011719,fresh_online_exploration,4,7,1.0,1.0,9.887964248657227,3.149857521057129,5.598814964294434
106848,75,1.0041500329971313,1.0041500329971313,1.0072773694992065,0.003127377713099122,1.0,1.0,0.0,0.0,0.0,280,36.05656814575195,fresh_online_exploration,4,7,1.0,1.0,9.776860237121582,3.0752756595611572,5.984842777252197
106944,58,1.0022919178009033,1.0022919178009033,1.0170066356658936,0.014714693650603294,1.0,1.0,0.0,0.0,0.0,274,35.58213806152344,fresh_online_exploration,5,7,1.0,1.0,9.97908878326416,3.1274712085723877,5.717487812042236
107040,5,1.0045708417892456,1.0045708417892456,1.004690408706665,0.00011951219494221732,1.0,1.0,0.0,0.0,0.0,284,35.82447814941406,fresh_online_exploration,4,7,1.0,1.0,9.865290641784668,3.056718111038208,5.433050155639648
107040,13,1.0048251152038574,1.0048251152038574,1.0050814151763916,0.000256338098552078,1.0,1.0,0.0,0.0,0.0,281,36.104461669921875,fresh_online_exploration,4,7,1.0,1.0,9.78161334991455,3.129883289337158,5.949214935302734
107040,54,1.0002210140228271,1.0002210140228271,1.0076379776000977,0.007416973356157541,1.0,1.0,0.0,0.0,0.0,274,35.770877838134766,fresh_online_exploration,5,7,1.0,1.0,9.852648735046387,3.0706160068511963,6.190359592437744
107136,43,1.0015686750411987,1.0015686750411987,1.0015790462493896,1.0379556442785542e-05,1.0,1.0,0.0,0.0,0.0,287,35.80912399291992,fresh_online_exploration,4,7,1.0,1.0,9.820938110351562,3.09774112701416,5.292574882507324
107136,90,1.0006500482559204,1.0006500482559204,1.0012180805206299,0.0005680759204551578,1.0,1.0,0.0,0.0,0.0,284,35.75186538696289,fresh_online_exploration,4,7,1.0,1.0,9.70571517944336,3.108877420425415,5.426609516143799
107136,93,1.0009751319885254,1.0009751319885254,1.000988245010376,1.310457446379587e-05,1.0,1.0,0.0,0.0,0.0,282,35.70164108276367,fresh_online_exploration,4,7,1.0,1.0,9.893383979797363,3.1164803504943848,5.489145755767822
107232,25,1.0055677890777588,1.0055677890777588,1.0057071447372437,0.00013932655565440655,1.0,1.0,0.0,0.0,0.0,282,36.14067840576172,fresh_online_exploration,5,7,1.0,1.0,9.816579818725586,3.0799384117126465,5.956371307373047
107232,31,1.0035794973373413,1.0035794973373413,1.0035932064056396,1.3673051398654934e-05,1.0,1.0,0.0,0.0,0.0,280,36.057159423828125,fresh_online_exploration,5,7,1.0,1.0,9.812809944152832,3.120309352874756,6.038705825805664
107232,49,1.0039979219436646,1.0039979219436646,1.004697561264038,0.000699641474056989,1.0,1.0,0.0,0.0,0.0,280,36.08949279785156,fresh_online_exploration,5,7,1.0,1.0,9.905531883239746,3.115039348602295,6.0330305099487305
107328,40,1.0038613080978394,1.0038613080978394,1.0038833618164062,2.1975447452859953e-05,1.0,1.0,0.0,0.0,0.0,278,35.66455078125,fresh_online_exploration,5,7,1.0,1.0,9.896889686584473,3.105057716369629,5.594337463378906
107328,66,1.0037808418273926,1.0037808418273926,1.0037970542907715,1.6191526810871437e-05,1.0,1.0,0.0,0.0,0.0,283,35.72134017944336,fresh_online_exploration,5,7,1.0,1.0,9.773491859436035,3.083738327026367,5.410717010498047
107328,68,1.0010085105895996,1.0010085105895996,1.0010192394256592,1.0778048817883246e-05,1.0,1.0,0.0,0.0,0.0,281,36.010990142822266,fresh_online_exploration,5,7,1.0,1.0,9.693748474121094,3.1241331100463867,5.9402337074279785
107328,89,1.0039974451065063,1.0039974451065063,1.0046755075454712,0.0006781024276278913,1.0,1.0,0.0,0.0,0.0,284,35.751853942871094,fresh_online_exploration,4,7,1.0,1.0,9.804515838623047,3.1484451293945312,5.374424457550049
107328,92,1.005873680114746,1.005873680114746,1.0059758424758911,0.00010214840585831553,1.0,1.0,0.0,0.0,0.0,285,35.831451416015625,fresh_online_exploration,4,7,1.0,1.0,9.859757423400879,3.0783329010009766,5.358620643615723
107424,8,1.0004723072052002,1.0004723072052002,1.0005079507827759,3.5615292290458456e-05,1.0,1.0,0.0,0.0,0.0,284,35.678993225097656,fresh_online_exploration,5,7,1.0,1.0,9.832952499389648,3.09674334526062,5.352316379547119
107424,32,1.002795934677124,1.002795934677124,1.0051074028015137,0.0023115298245102167,1.0,1.0,0.0,0.0,0.0,285,36.1917724609375,fresh_online_exploration,4,7,1.0,1.0,9.690913200378418,3.113997459411621,5.878239631652832
107424,37,1.0019831657409668,1.0019831657409668,1.0020527839660645,6.9668676587753e-05,1.0,1.0,0.0,0.0,0.0,279,36.01181411743164,fresh_online_exploration,5,7,1.0,1.0,9.805765151977539,3.1286063194274902,6.044888973236084
107424,47,1.0054963827133179,1.0054963827133179,1.0055058002471924,9.488820069236681e-06,1.0,1.0,0.0,0.0,0.0,283,35.76499938964844,fresh_online_exploration,5,7,1.0,1.0,9.879926681518555,3.1366469860076904,5.436257839202881
107424,86,1.0025172233581543,1.0025172233581543,1.0025262832641602,9.052773748408072e-06,1.0,1.0,0.0,0.0,0.0,275,35.88633346557617,fresh_online_exploration,5,7,1.0,1.0,9.790777206420898,3.093510389328003,6.182199954986572
107520,10,1.0016003847122192,1.0016003847122192,1.0018119812011719,0.00021158027811907232,1.0,1.0,0.0,0.0,0.0,288,35.80458068847656,fresh_online_exploration,4,7,1.0,1.0,9.74797248840332,3.0851447582244873,5.262660026550293
107520,12,1.0043669939041138,1.0043669939041138,1.0269551277160645,0.022588131949305534,1.0,1.0,0.0,0.0,0.0,277,35.9392204284668,fresh_online_exploration,5,7,0.9994444429874421,0.9944444298744202,9.814534187316895,3.107865333557129,6.119146823883057
107520,38,1.005887746810913,1.005887746810913,1.0060884952545166,0.00020068595767952502,1.0,1.0,0.0,0.0,0.0,284,35.781044006347656,fresh_online_exploration,5,7,1.0,1.0,9.842223167419434,3.111035108566284,5.384469985961914
107520,48,1.0006251335144043,1.0006251335144043,1.000811219215393,0.00018610485130921006,1.0,1.0,0.0,0.0,0.0,286,35.81129837036133,fresh_online_exploration,4,7,1.0,1.0,9.823392868041992,3.123534679412842,5.361588954925537
107520,67,1.0013034343719482,1.0013034343719482,1.0060410499572754,0.004737613257020712,1.0,1.0,0.0,0.0,0.0,284,36.159358978271484,fresh_online_exploration,5,7,1.0,1.0,9.791831970214844,3.1181044578552246,5.7820658683776855
107616,6,1.000382423400879,1.000382423400879,1.0067739486694336,0.006391572766005993,1.0,1.0,0.0,0.0,0.0,276,35.884735107421875,fresh_online_exploration,5,7,1.0,1.0,9.855210304260254,3.1374008655548096,6.132896423339844
107616,18,1.0010311603546143,1.0010311603546143,1.0011272430419922,9.610710549168289e-05,1.0,1.0,0.0,0.0,0.0,282,35.68569564819336,fresh_online_exploration,5,7,1.0,1.0,9.843757629394531,3.0911624431610107,5.4227752685546875
107616,20,1.0010006427764893,1.0010006427764893,1.0045098066329956,0.0035091813188046217,1.0,1.0,0.0,0.0,0.0,277,35.905670166015625,fresh_online_exploration,5,7,1.0,1.0,9.824793815612793,3.080371856689453,6.073703289031982
107616,77,1.0044101476669312,1.0044101476669312,1.0075650215148926,0.0031548794358968735,1.0,1.0,0.0,0.0,0.0,279,36.06035232543945,fresh_online_exploration,5,7,1.0,1.0,9.794609069824219,3.1103694438934326,6.03273868560791
107616,87,1.0025572776794434,1.0025572776794434,1.0031976699829102,0.0006403551669791341,1.0,1.0,0.0,0.0,0.0,283,35.74139404296875,fresh_online_exploration,5,7,1.0,1.0,9.804061889648438,3.1152772903442383,5.436260223388672
107712,0,1.001457691192627,1.001457691192627,1.0039112567901611,0.002453527180477977,1.0,1.0,0.0,0.0,0.0,277,35.5162467956543,fresh_online_exploration,5,7,1.0,1.0,9.930673599243164,3.1504833698272705,5.576016902923584
107712,3,1.0016480684280396,1.0016480684280396,1.0177041292190552,0.016056064516305923,1.0,1.0,0.0,0.0,0.0,276,35.91510772705078,fresh_online_exploration,5,7,1.0,1.0,9.883451461791992,3.112915515899658,6.103974342346191
107712,15,1.00527822971344,1.00527822971344,1.0280861854553223,0.022807860746979713,1.0,1.0,0.0,0.0,0.0,276,35.974708557128906,fresh_online_exploration,5,7,0.9994382023811341,0.9943820238113403,9.810874938964844,3.116586923599243,6.138176918029785
107808,39,1.005616545677185,1.005616545677185,1.0056443214416504,2.7697766199707985e-05,1.0,1.0,0.0,0.0,0.0,280,35.740318298339844,fresh_online_exploration,5,7,1.0,1.0,9.831459999084473,3.0863289833068848,5.568958282470703
107808,55,1.0008912086486816,1.0008912086486816,1.002729892730713,0.0018386159790679812,1.0,1.0,0.0,0.0,0.0,280,35.62699890136719,fresh_online_exploration,5,7,1.0,1.0,9.872119903564453,3.0664567947387695,5.5100908279418945
107808,65,1.0035734176635742,1.0035734176635742,1.0035876035690308,1.4187392480380367e-05,1.0,1.0,0.0,0.0,0.0,281,35.628562927246094,fresh_online_exploration,5,7,1.0,1.0,9.86988353729248,3.108761787414551,5.467193126678467
107808,82,1.0033986568450928,1.0033986568450928,1.007010579109192,0.003611983498558402,1.0,1.0,0.0,0.0,0.0,281,36.099178314208984,fresh_online_exploration,5,7,1.0,1.0,9.784564971923828,3.102989673614502,5.940971374511719
107904,26,1.0013054609298706,1.0013054609298706,1.0013165473937988,1.1021245882147923e-05,1.0,1.0,0.0,0.0,0.0,284,35.98324966430664,fresh_online_exploration,5,7,1.0,1.0,9.714131355285645,3.1321916580200195,5.828031063079834
107904,57,1.0018366575241089,1.0018366575241089,1.019829511642456,0.01799280382692814,1.0,1.0,0.0,0.0,0.0,279,35.905487060546875,fresh_online_exploration,5,7,1.0,1.0,9.790485382080078,3.099135398864746,5.969164848327637
108000,23,1.0028250217437744,1.0028250217437744,1.0171282291412354,0.014303120784461498,1.0,1.0,0.0,0.0,0.0,287,35.91204071044922,fresh_online_exploration,5,7,1.0,1.0,9.782315254211426,3.11751389503479,5.358024597167969
108000,46,1.0039366483688354,1.0039366483688354,1.0077358484268188,0.0037991423159837723,1.0,1.0,0.0,0.0,0.0,278,36.00170135498047,fresh_online_exploration,5,7,1.0,1.0,9.819424629211426,3.094923496246338,6.079601764678955
108000,72,1.0037425756454468,1.0037425756454468,1.0037500858306885,7.432148322550347e-06,1.0,1.0,0.0,0.0,0.0,281,36.08224868774414,fresh_online_exploration,5,7,1.0,1.0,9.780645370483398,3.1141109466552734,5.959925651550293
108096,9,1.0018130540847778,1.0018130540847778,1.0018415451049805,2.851800491043832e-05,1.0,1.0,0.0,0.0,0.0,283,35.70940399169922,fresh_online_exploration,5,7,1.0,1.0,9.768021583557129,3.0973854064941406,5.427831649780273
108096,35,1.0061416625976562,1.0061416625976562,1.006188154220581,4.6456651034532115e-05,1.0,1.0,0.0,0.0,0.0,284,35.79461669921875,fresh_online_exploration,5,7,1.0,1.0,9.855545043945312,3.115020513534546,5.394365310668945
108096,36,1.0026713609695435,1.0026713609695435,1.0029115676879883,0.0002401295059826225,1.0,1.0,0.0,0.0,0.0,280,36.018653869628906,fresh_online_exploration,5,7,1.0,1.0,9.712390899658203,3.1250669956207275,5.908059120178223
108288,7,1.0062464475631714,1.0062464475631714,1.006258249282837,1.1775905477406923e-05,1.0,1.0,0.0,0.0,0.0,278,35.566795349121094,fresh_online_exploration,5,7,1.0,1.0,9.889768600463867,3.121285915374756,5.57495641708374
108288,11,1.0059229135513306,1.0059229135513306,1.0059388875961304,1.5992962289601564e-05,1.0,1.0,0.0,0.0,0.0,284,35.83344650268555,fresh_online_exploration,5,7,1.0,1.0,9.804520606994629,3.112861394882202,5.407269477844238
108288,14,1.003635287284851,1.003635287284851,1.0036499500274658,1.470526785851689e-05,1.0,1.0,0.0,0.0,0.0,285,35.835205078125,fresh_online_exploration,5,7,1.0,1.0,9.810964584350586,3.101088047027588,5.39018440246582
108288,80,1.003176212310791,1.003176212310791,1.0032497644424438,7.358280709013343e-05,1.0,1.0,0.0,0.0,0.0,285,35.78367233276367,fresh_online_exploration,5,7,1.0,1.0,9.737822532653809,3.0852344036102295,5.39325475692749
108384,59,1.0011036396026611,1.0011036396026611,1.0043364763259888,0.0032328639645129442,1.0,1.0,0.0,0.0,0.0,280,35.97752380371094,fresh_online_exploration,5,7,1.0,1.0,9.713973045349121,3.1148886680603027,5.967249870300293
108384,61,1.0028557777404785,1.0028557777404785,1.002897024154663,4.129388980800286e-05,1.0,1.0,0.0,0.0,0.0,280,36.059837341308594,fresh_online_exploration,5,7,1.0,1.0,9.812548637390137,3.111206531524658,5.995489120483398
108480,33,1.0013726949691772,1.0013726949691772,1.0054517984390259,0.004079076927155256,1.0,1.0,0.0,0.0,0.0,280,35.967674255371094,fresh_online_exploration,5,7,1.0,1.0,9.731197357177734,3.15120792388916,6.013176441192627
108480,64,1.0006091594696045,1.0006091594696045,1.000624656677246,1.5441590221598744e-05,1.0,1.0,0.0,0.0,0.0,284,35.71472930908203,fresh_online_exploration,5,7,1.0,1.0,9.824188232421875,3.0867764949798584,5.370052814483643
108576,60,1.0021342039108276,1.0021342039108276,1.0107918977737427,0.00865771435201168,1.0,1.0,0.0,0.0,0.0,282,36.03837585449219,fresh_online_exploration,5,7,1.0,1.0,9.75155258178711,3.1039187908172607,5.889761447906494
108672,45,1.0006604194641113,1.0006604194641113,1.005127191543579,0.004466833546757698,1.0,1.0,0.0,0.0,0.0,286,36.1455192565918,fresh_online_exploration,5,7,1.0,1.0,9.663871765136719,3.1375300884246826,5.707828044891357
108768,28,1.0039600133895874,1.0039600133895874,1.0040682554244995,0.00010827289224835113,1.0,1.0,0.0,0.0,0.0,277,35.94812774658203,fresh_online_exploration,5,7,1.0,1.0,9.839317321777344,3.0918827056884766,6.083251953125
108768,62,1.0040695667266846,1.0040695667266846,1.0041229724884033,5.348136255634017e-05,1.0,1.0,0.0,0.0,0.0,281,36.11570358276367,fresh_online_exploration,5,7,1.0,1.0,9.78153133392334,3.115307331085205,5.96646785736084
108768,85,1.0036500692367554,1.0036500692367554,1.0041322708129883,0.0004822799819521606,1.0,1.0,0.0,0.0,0.0,286,35.824256896972656,fresh_online_exploration,5,7,1.0,1.0,9.83987045288086,3.1114330291748047,5.327435493469238
108768,94,1.0048303604125977,1.0048303604125977,1.0048415660858154,1.1260039173066616e-05,1.0,1.0,0.0,0.0,0.0,283,36.12968063354492,fresh_online_exploration,5,7,1.0,1.0,9.694761276245117,3.128568649291992,5.877979755401611
108864,78,1.0021268129348755,1.0021268129348755,1.0021617412567139,3.485134948277846e-05,1.0,1.0,0.0,0.0,0.0,277,35.55855941772461,fresh_online_exploration,5,7,1.0,1.0,9.9049654006958,3.129960775375366,5.634727954864502
108960,34,1.0036048889160156,1.0036048889160156,1.0036141872406006,9.360102922073565e-06,1.0,1.0,0.0,0.0,0.0,284,35.783878326416016,fresh_online_exploration,5,7,1.0,1.0,9.744229316711426,3.136889696121216,5.425364017486572
108960,53,1.0028693675994873,1.0028693675994873,1.0029051303863525,3.581305281841196e-05,1.0,1.0,0.0,0.0,0.0,284,35.78130340576172,fresh_online_exploration,5,7,1.0,1.0,9.79603385925293,3.104849100112915,5.390442371368408
109056,21,1.0002456903457642,1.0002456903457642,1.0011310577392578,0.0008853108156472445,1.0,1.0,0.0,0.0,0.0,284,35.74759292602539,fresh_online_exploration,5,7,1.0,1.0,9.839530944824219,3.1049435138702393,5.392864227294922
109248,16,1.0008374452590942,1.0008374452590942,1.0011463165283203,0.00030882516875863075,1.0,1.0,0.0,0.0,0.0,283,36.07197570800781,fresh_online_exploration,5,7,1.0,1.0,9.823797225952148,3.1175596714019775,5.862837791442871
109248,19,1.0006980895996094,1.0006980895996094,1.0007081031799316,9.906848390528467e-06,1.0,1.0,0.0,0.0,0.0,287,35.753658294677734,fresh_online_exploration,5,7,1.0,1.0,9.785194396972656,3.105619430541992,5.271469593048096
109248,42,1.0051099061965942,1.0051099061965942,1.0052322149276733,0.000122326600831002,1.0,1.0,0.0,0.0,0.0,288,35.87409210205078,fresh_online_exploration,5,7,1.0,1.0,9.831718444824219,3.1403398513793945,5.24833345413208
109248,71,1.0032399892807007,1.0032399892807007,1.0032926797866821,5.263971979729831e-05,1.0,1.0,0.0,0.0,0.0,291,35.897464752197266,fresh_online_exploration,5,7,1.0,1.0,9.669700622558594,3.0925676822662354,5.1429643630981445
109728,41,1.0036712884902954,1.0036712884902954,1.0094101428985596,0.005738821346312761,1.0,1.0,0.0,0.0,0.0,284,35.72797775268555,fresh_online_exploration,5,7,1.0,1.0,9.848776817321777,3.1371355056762695,5.329019069671631
109824,44,1.0057271718978882,1.0057271718978882,1.0057365894317627,9.488051546213683e-06,1.0,1.0,0.0,0.0,0.0,286,35.85707092285156,fresh_online_exploration,5,7,1.0,1.0,9.839958190917969,3.1184885501861572,5.34507417678833
110208,1,1.0039905309677124,1.0039905309677124,1.0040283203125,3.779761027544737e-05,1.0,1.0,0.0,0.0,0.0,290,35.85145568847656,fresh_online_exploration,5,8,1.0,1.0,9.78253173828125,3.110283851623535,5.1830668449401855
131136,84,1.0044262409210205,1.0044262409210205,1.012397050857544,0.007971036247909069,1.0,1.0,0.0,0.0,0.0,276,35.937713623046875,fresh_online_exploration,7,10,1.0,1.0,9.936126708984375,3.4589953422546387,6.145415782928467
131712,73,1.003480315208435,1.003480315208435,1.003694772720337,0.00021442932484205812,1.0,1.0,0.0,0.0,0.0,281,36.07817840576172,fresh_online_exploration,7,10,1.0,1.0,10.018497467041016,3.457803726196289,5.9618635177612305
132192,56,1.0038866996765137,1.0038866996765137,1.0062495470046997,0.0023629069328308105,1.0,1.0,0.0,0.0,0.0,273,35.834720611572266,fresh_online_exploration,7,10,1.0,1.0,10.045215606689453,3.4832653999328613,6.277895450592041
132192,81,1.0038074254989624,1.0038074254989624,1.003875732421875,6.837263208581135e-05,1.0,1.0,0.0,0.0,0.0,277,36.003509521484375,fresh_online_exploration,7,10,1.0,1.0,9.934885025024414,3.493757724761963,6.116899490356445
132384,4,1.0053791999816895,1.0053791999816895,1.0053902864456177,1.1121763236587867e-05,1.0,1.0,0.0,0.0,0.0,284,35.7594108581543,fresh_online_exploration,7,10,1.0,1.0,9.94701862335205,3.4646248817443848,5.3900346755981445
132384,22,1.0046510696411133,1.0046510696411133,1.0046920776367188,4.09875538025517e-05,1.0,1.0,0.0,0.0,0.0,275,35.568763732910156,fresh_online_exploration,7,10,1.0,1.0,9.879240036010742,3.4845938682556152,5.751433849334717
132672,69,1.0029306411743164,1.0029306411743164,1.0030049085617065,7.429876131936908e-05,1.0,1.0,0.0,0.0,0.0,274,35.912384033203125,fresh_online_exploration,7,10,1.0,1.0,10.013769149780273,3.4619388580322266,6.205513000488281
132768,63,1.0043715238571167,1.0043715238571167,1.0083365440368652,0.003965054638683796,1.0,1.0,0.0,0.0,0.0,280,36.02818298339844,fresh_online_exploration,7,10,1.0,1.0,9.97381591796875,3.500520944595337,6.00217342376709
133056,13,1.0037047863006592,1.0037047863006592,1.0037126541137695,7.8188932093326e-06,1.0,1.0,0.0,0.0,0.0,271,35.839176177978516,fresh_online_exploration,7,10,1.0,1.0,10.101407051086426,3.539703845977783,6.335052013397217
133056,70,1.0007123947143555,1.0007123947143555,1.000983476638794,0.0002710533735807985,1.0,1.0,0.0,0.0,0.0,280,35.91377258300781,fresh_online_exploration,7,10,1.0,1.0,9.95552921295166,3.4797792434692383,6.0238447189331055
133152,91,1.000588059425354,1.000588059425354,1.0010337829589844,0.0004456882306840271,1.0,1.0,0.0,0.0,0.0,284,36.19159698486328,fresh_online_exploration,7,10,1.0,1.0,9.964447021484375,3.5035855770111084,5.849318981170654
133248,79,1.0039724111557007,1.0039724111557007,1.0123529434204102,0.008380552753806114,1.0,1.0,0.0,0.0,0.0,277,35.987709045410156,fresh_online_exploration,7,10,1.0,1.0,10.01145076751709,3.4962995052337646,6.1340250968933105
133248,95,1.002475380897522,1.002475380897522,1.0025453567504883,7.007328531472012e-05,1.0,1.0,0.0,0.0,0.0,276,35.933197021484375,fresh_online_exploration,7,10,1.0,1.0,10.008722305297852,3.532416582107544,6.161635875701904
133344,17,1.0011680126190186,1.0011680126190186,1.0012714862823486,0.00010344133625039831,1.0,1.0,0.0,0.0,0.0,281,35.65792465209961,fresh_online_exploration,7,10,1.0,1.0,9.90261459350586,3.487349033355713,5.489965438842773
133344,43,1.0009632110595703,1.0009632110595703,1.0110886096954346,0.010125227272510529,1.0,1.0,0.0,0.0,0.0,273,35.772396087646484,fresh_online_exploration,7,10,1.0,1.0,10.052958488464355,3.5535216331481934,6.184384346008301
133440,2,1.0050252676010132,1.0050252676010132,1.0087172985076904,0.003691999474540353,1.0,1.0,0.0,0.0,0.0,281,36.054351806640625,fresh_online_exploration,7,10,1.0,1.0,9.98884391784668,3.4885010719299316,5.9963860511779785
133440,27,1.0005028247833252,1.0005028247833252,1.0045802593231201,0.004077523481100798,1.0,1.0,0.0,0.0,0.0,277,35.913787841796875,fresh_online_exploration,7,10,1.0,1.0,10.047784805297852,3.5368549823760986,6.073119640350342
133440,49,1.0029131174087524,1.0029131174087524,1.006723165512085,0.0038101361133158207,1.0,1.0,0.0,0.0,0.0,273,35.86107635498047,fresh_online_exploration,7,10,1.0,1.0,10.146718978881836,3.5207269191741943,6.272425651550293
133536,76,1.0024443864822388,1.0024443864822388,1.0024960041046143,5.152434823685326e-05,1.0,1.0,0.0,0.0,0.0,284,36.10442352294922,fresh_online_exploration,7,10,1.0,1.0,9.940053939819336,3.497014045715332,5.815671920776367
133632,3,1.0019614696502686,1.0019614696502686,1.0071302652359009,0.005168825853615999,1.0,1.0,0.0,0.0,0.0,270,35.741092681884766,fresh_online_exploration,7,10,1.0,1.0,10.018418312072754,3.5243301391601562,6.364245891571045
133632,24,1.001897931098938,1.001897931098938,1.0020201206207275,0.00012216001050546765,1.0,1.0,0.0,0.0,0.0,283,35.67852783203125,fresh_online_exploration,7,10,1.0,1.0,9.984230041503906,3.468902826309204,5.4055023193359375
133632,50,1.0019654035568237,1.0019654035568237,1.0021933317184448,0.00022796202392783016,1.0,1.0,0.0,0.0,0.0,281,35.95554733276367,fresh_online_exploration,7,10,1.0,1.0,9.959733963012695,3.4951436519622803,5.962656021118164
133728,18,1.001155138015747,1.001155138015747,1.005725622177124,0.004570444114506245,1.0,1.0,0.0,0.0,0.0,272,35.34062576293945,fresh_online_exploration,7,10,1.0,1.0,10.171363830566406,3.4883928298950195,5.723561763763428
133728,68,1.0045015811920166,1.0045015811920166,1.00636625289917,0.0018646972021088004,1.0,1.0,0.0,0.0,0.0,275,35.63768005371094,fresh_online_exploration,7,10,1.0,1.0,9.853968620300293,3.5371549129486084,5.814488887786865
133728,74,1.0026092529296875,1.0026092529296875,1.002624273300171,1.4963254216127098e-05,1.0,1.0,0.0,0.0,0.0,280,36.01525115966797,fresh_online_exploration,7,10,1.0,1.0,10.017239570617676,3.5285592079162598,5.978916645050049
133824,15,1.0034781694412231,1.0034781694412231,1.0243232250213623,0.020845094695687294,1.0,1.0,0.0,0.0,0.0,272,35.80658721923828,fresh_online_exploration,7,10,1.0,1.0,10.047646522521973,3.528207540512085,6.274563312530518
133824,29,1.0043931007385254,1.0043931007385254,1.0072029829025269,0.0028099387418478727,1.0,1.0,0.0,0.0,0.0,283,36.12465286254883,fresh_online_exploration,7,10,1.0,1.0,9.908750534057617,3.4551451206207275,5.891862869262695
133824,72,1.0011659860610962,1.0011659860610962,1.013423204421997,0.012257210910320282,1.0,1.0,0.0,0.0,0.0,269,35.71818542480469,fresh_online_exploration,7,10,1.0,1.0,10.022977828979492,3.4796478748321533,6.395051002502441
133824,83,1.0021605491638184,1.0021605491638184,1.002349615097046,0.00018913236272055656,1.0,1.0,0.0,0.0,0.0,285,35.743133544921875,fresh_online_exploration,7,10,1.0,1.0,10.005796432495117,3.5013463497161865,5.324575424194336
133920,5,1.0034579038619995,1.0034579038619995,1.0075409412384033,0.0040830522775650024,1.0,1.0,0.0,0.0,0.0,280,36.04539489746094,fresh_online_exploration,7,10,1.0,1.0,9.972254753112793,3.518381357192993,5.995209693908691
133920,52,1.0051950216293335,1.0051950216293335,1.0054001808166504,0.00020504173880908638,1.0,1.0,0.0,0.0,0.0,282,36.061187744140625,fresh_online_exploration,7,10,1.0,1.0,9.964348793029785,3.5272183418273926,5.959419250488281
133920,66,1.0027382373809814,1.0027382373809814,1.0168832540512085,0.014144991524517536,1.0,1.0,0.0,0.0,0.0,277,35.95381164550781,fresh_online_exploration,7,10,1.0,1.0,10.022528648376465,3.538691759109497,6.099219799041748
133920,75,1.0027124881744385,1.0027124881744385,1.007465124130249,0.004752738866955042,1.0,1.0,0.0,0.0,0.0,282,35.66512680053711,fresh_online_exploration,7,10,1.0,1.0,10.001604080200195,3.5318849086761475,5.435351371765137
133920,93,1.0046727657318115,1.0046727657318115,1.0083012580871582,0.0036286856047809124,1.0,1.0,0.0,0.0,0.0,279,36.06041717529297,fresh_online_exploration,7,10,1.0,1.0,9.961127281188965,3.5487725734710693,6.0557966232299805
134016,37,1.005581259727478,1.005581259727478,1.007246732711792,0.0016655721701681614,1.0,1.0,0.0,0.0,0.0,277,35.598751068115234,fresh_online_exploration,7,10,1.0,1.0,10.090676307678223,3.529209613800049,5.597977638244629
134016,51,1.002966046333313,1.002966046333313,1.0064750909805298,0.003509022295475006,1.0,1.0,0.0,0.0,0.0,283,36.09349822998047,fresh_online_exploration,7,10,1.0,1.0,9.890887260437012,3.5251169204711914,5.896402359008789
134016,54,1.0035537481307983,1.0035537481307983,1.0036370754241943,8.331173739861697e-05,1.0,1.0,0.0,0.0,0.0,281,35.663330078125,fresh_online_exploration,7,10,1.0,1.0,10.034574508666992,3.5316145420074463,5.4797210693359375
134112,36,1.0005804300308228,1.0005804300308228,1.009268045425415,0.008687672205269337,1.0,1.0,0.0,0.0,0.0,271,35.743492126464844,fresh_online_exploration,7,10,1.0,1.0,10.042250633239746,3.5168635845184326,6.330915451049805
134112,88,1.002905249595642,1.002905249595642,1.0068538188934326,0.003948506433516741,1.0,1.0,0.0,0.0,0.0,286,36.14632797241211,fresh_online_exploration,7,10,1.0,1.0,9.903685569763184,3.463264226913452,5.79256534576416
134208,30,1.0033786296844482,1.0033786296844482,1.003537893295288,0.00015927226922940463,1.0,1.0,0.0,0.0,0.0,285,35.77701950073242,fresh_online_exploration,7,10,1.0,1.0,9.990289688110352,3.5348246097564697,5.323941707611084
134208,31,1.0030450820922852,1.0030450820922852,1.0032660961151123,0.00022101095237303525,1.0,1.0,0.0,0.0,0.0,281,35.77001190185547,fresh_online_exploration,7,10,1.0,1.0,10.035786628723145,3.5205812454223633,5.562105178833008
134208,67,1.0050384998321533,1.0050384998321533,1.0169751644134521,0.011936667375266552,1.0,1.0,0.0,0.0,0.0,278,35.68803787231445,fresh_online_exploration,7,10,1.0,1.0,10.00666618347168,3.569988489151001,5.6360039710998535
134304,8,1.0043556690216064,1.0043556690216064,1.0045232772827148,0.00016759650316089392,1.0,1.0,0.0,0.0,0.0,280,35.638511657714844,fresh_online_exploration,7,10,1.0,1.0,10.104829788208008,3.524569034576416,5.512538909912109
134304,25,1.0024573802947998,1.0024573802947998,1.002511739730835,5.4304200602928177e-05,1.0,1.0,0.0,0.0,0.0,282,35.717193603515625,fresh_online_exploration,7,10,1.0,1.0,10.003996849060059,3.5190279483795166,5.45998477935791
134304,48,1.005405306816101,1.005405306816101,1.0093508958816528,0.003945616073906422,1.0,1.0,0.0,0.0,0.0,279,36.01536560058594,fresh_online_exploration,7,10,1.0,1.0,9.961345672607422,3.553473711013794,6.065760612487793
134304,86,1.0053660869598389,1.0053660869598389,1.00546133518219,9.52872505877167e-05,1.0,1.0,0.0,0.0,0.0,280,36.131996154785156,fresh_online_exploration,7,10,1.0,1.0,9.958911895751953,3.5209403038024902,6.005003452301025
134304,92,1.0020434856414795,1.0020434856414795,1.0021528005599976,0.00010933598241535947,1.0,1.0,0.0,0.0,0.0,281,36.03696060180664,fresh_online_exploration,7,10,1.0,1.0,9.924345016479492,3.5168676376342773,5.965558052062988
134400,23,1.0005006790161133,1.0005006790161133,1.006584882736206,0.006084057968109846,1.0,1.0,0.0,0.0,0.0,275,35.774658203125,fresh_online_exploration,7,10,1.0,1.0,10.059494018554688,3.509021282196045,6.114870071411133
134400,57,1.0001380443572998,1.0001380443572998,1.0010432004928589,0.0009051604429259896,1.0,1.0,0.0,0.0,0.0,276,35.85899353027344,fresh_online_exploration,7,10,1.0,1.0,10.013579368591309,3.559990167617798,6.136822700500488
134400,58,1.0046381950378418,1.0046381950378418,1.0046722888946533,3.417306288611144e-05,1.0,1.0,0.0,0.0,0.0,286,36.21566390991211,fresh_online_exploration,7,10,1.0,1.0,9.86121940612793,3.470334529876709,5.772000312805176
134400,89,1.0007896423339844,1.0007896423339844,1.0027689933776855,0.0019792707171291113,1.0,1.0,0.0,0.0,0.0,282,35.66050338745117,fresh_online_exploration,7,10,1.0,1.0,10.026033401489258,3.5563764572143555,5.426687240600586
134400,90,1.0026100873947144,1.0026100873947144,1.002678394317627,6.828111509094015e-05,1.0,1.0,0.0,0.0,0.0,284,35.76545715332031,fresh_online_exploration,7,10,1.0,1.0,9.999709129333496,3.50950026512146,5.389388084411621
134496,7,1.0028769969940186,1.0028769969940186,1.01450514793396,0.011628188192844391,1.0,1.0,0.0,0.0,0.0,273,35.79534149169922,fresh_online_exploration,7,10,1.0,1.0,10.056079864501953,3.53300142288208,6.265686511993408
134496,12,1.0053884983062744,1.0053884983062744,1.0098540782928467,0.004465427249670029,1.0,1.0,0.0,0.0,0.0,281,36.092742919921875,fresh_online_exploration,7,10,1.0,1.0,9.954394340515137,3.55973482131958,6.019073486328125
134496,65,1.0009247064590454,1.0009247064590454,1.0009334087371826,8.694769348949194e-06,1.0,1.0,0.0,0.0,0.0,278,35.94660186767578,fresh_online_exploration,7,10,1.0,1.0,10.048516273498535,3.5253703594207764,6.053333759307861
134592,32,1.0032179355621338,1.0032179355621338,1.0032262802124023,8.243788215622772e-06,1.0,1.0,0.0,0.0,0.0,283,36.11788558959961,fresh_online_exploration,7,10,1.0,1.0,9.909401893615723,3.4981000423431396,5.931754112243652
134592,39,1.000013828277588,1.000013828277588,1.0000345706939697,2.079419937217608e-05,1.0,1.0,0.0,0.0,0.0,279,35.94751739501953,fresh_online_exploration,7,10,1.0,1.0,9.911580085754395,3.5150458812713623,5.997854232788086
134688,40,1.0034935474395752,1.0034935474395752,1.0035817623138428,8.827589772408828e-05,1.0,1.0,0.0,0.0,0.0,285,35.7723274230957,fresh_online_exploration,7,10,1.0,1.0,9.996488571166992,3.521786689758301,5.378551483154297
134688,77,1.0045264959335327,1.0045264959335327,1.0045421123504639,1.5561814507236704e-05,1.0,1.0,0.0,0.0,0.0,282,35.7332649230957,fresh_online_exploration,7,10,1.0,1.0,10.032448768615723,3.4927690029144287,5.454520225524902
134784,59,1.0028393268585205,1.0028393268585205,1.0071582794189453,0.004318894352763891,1.0,1.0,0.0,0.0,0.0,275,35.84025573730469,fresh_online_exploration,7,10,1.0,1.0,9.957942962646484,3.5369062423706055,6.108399391174316
134784,61,1.0031428337097168,1.0031428337097168,1.0195497274398804,0.016406947746872902,1.0,1.0,0.0,0.0,0.0,275,35.93942642211914,fresh_online_exploration,7,10,1.0,1.0,10.009883880615234,3.5475289821624756,6.158018112182617
134880,6,1.0014400482177734,1.0014400482177734,1.0029160976409912,0.0014761225320398808,1.0,1.0,0.0,0.0,0.0,284,36.15626525878906,fresh_online_exploration,7,10,1.0,1.0,9.955035209655762,3.509692668914795,5.890707492828369
134880,9,1.004949688911438,1.004949688911438,1.0049593448638916,9.661151125328615e-06,1.0,1.0,0.0,0.0,0.0,279,35.67579650878906,fresh_online_exploration,7,10,1.0,1.0,9.95570182800293,3.5386059284210205,5.548351287841797
134880,26,1.0057811737060547,1.0057811737060547,1.017514705657959,0.011733484454452991,1.0,1.0,0.0,0.0,0.0,281,36.07421112060547,fresh_online_exploration,7,10,1.0,1.0,9.922017097473145,3.558403253555298,5.995244979858398
134880,46,1.0005663633346558,1.0005663633346558,1.0006628036499023,9.63827915256843e-05,1.0,1.0,0.0,0.0,0.0,280,35.957088470458984,fresh_online_exploration,7,10,1.0,1.0,9.990728378295898,3.5105466842651367,5.958765983581543
134976,47,1.0051132440567017,1.0051132440567017,1.0051467418670654,3.3564905606908724e-05,1.0,1.0,0.0,0.0,0.0,287,35.86084747314453,fresh_online_exploration,7,10,1.0,1.0,9.9967041015625,3.5343053340911865,5.302329063415527
135072,11,1.005508303642273,1.005508303642273,1.005666971206665,0.00015876395627856255,1.0,1.0,0.0,0.0,0.0,279,36.07474899291992,fresh_online_exploration,7,10,1.0,1.0,10.027174949645996,3.5475802421569824,6.047856330871582
135072,38,1.0057919025421143,1.0057919025421143,1.0057995319366455,7.629065294167958e-06,1.0,1.0,0.0,0.0,0.0,287,35.82197570800781,fresh_online_exploration,7,10,1.0,1.0,9.946213722229004,3.5724222660064697,5.280272006988525
135072,55,1.003345012664795,1.003345012664795,1.0035245418548584,0.0001795872813090682,1.0,1.0,0.0,0.0,0.0,284,35.754085540771484,fresh_online_exploration,7,10,1.0,1.0,9.962397575378418,3.5341525077819824,5.3869524002075195
135072,87,1.0063263177871704,1.0063263177871704,1.0064356327056885,0.00010935319005511701,1.0,1.0,0.0,0.0,0.0,286,36.196685791015625,fresh_online_exploration,7,10,1.0,1.0,9.921463966369629,3.479633331298828,5.824443340301514
135168,10,1.0013035535812378,1.0013035535812378,1.0013115406036377,8.007103133422788e-06,1.0,1.0,0.0,0.0,0.0,288,35.81718444824219,fresh_online_exploration,7,10,1.0,1.0,9.903454780578613,3.5490636825561523,5.280763149261475
135264,20,1.0039862394332886,1.0039862394332886,1.0041396617889404,0.00015342778351623565,1.0,1.0,0.0,0.0,0.0,288,35.77556610107422,fresh_online_exploration,7,10,1.0,1.0,10.076936721801758,3.500587224960327,5.235865592956543
135264,35,1.0003347396850586,1.0003347396850586,1.0003488063812256,1.400182463839883e-05,1.0,1.0,0.0,0.0,0.0,283,35.69394302368164,fresh_online_exploration,7,10,1.0,1.0,10.040505409240723,3.5341501235961914,5.445307731628418
135264,62,1.0020674467086792,1.0020674467086792,1.0021083354949951,4.088083005626686e-05,1.0,1.0,0.0,0.0,0.0,276,35.89385986328125,fresh_online_exploration,7,10,1.0,1.0,9.956439018249512,3.5802533626556396,6.131458759307861
135264,80,1.0031306743621826,1.0031306743621826,1.012446403503418,0.009315768256783485,1.0,1.0,0.0,0.0,0.0,281,36.04433059692383,fresh_online_exploration,7,10,1.0,1.0,9.90468978881836,3.537416934967041,5.993941307067871
135360,0,1.0031012296676636,1.0031012296676636,1.0032939910888672,0.0001926763798110187,1.0,1.0,0.0,0.0,0.0,288,35.84376525878906,fresh_online_exploration,7,10,1.0,1.0,9.9024019241333,3.5491511821746826,5.259753704071045
135360,45,1.0025182962417603,1.0025182962417603,1.0111347436904907,0.008616508916020393,1.0,1.0,0.0,0.0,0.0,278,35.95136260986328,fresh_online_exploration,7,10,1.0,1.0,10.001709938049316,3.5600860118865967,6.062917232513428
135360,64,1.0024534463882446,1.0024534463882446,1.0024690628051758,1.5623298168065958e-05,1.0,1.0,0.0,0.0,0.0,280,35.680965423583984,fresh_online_exploration,7,10,1.0,1.0,9.994569778442383,3.538724184036255,5.5213236808776855
135552,28,1.0033233165740967,1.0033233165740967,1.0073740482330322,0.004050783812999725,1.0,1.0,0.0,0.0,0.0,279,35.987579345703125,fresh_online_exploration,7,10,1.0,1.0,9.910300254821777,3.5591671466827393,5.9926910400390625
135552,82,1.00395667552948,1.00395667552948,1.0041024684906006,0.0001458575134165585,1.0,1.0,0.0,0.0,0.0,289,35.919342041015625,fresh_online_exploration,7,10,1.0,1.0,9.95404052734375,3.5264596939086914,5.255677700042725
135648,14,1.0027576684951782,1.0027576684951782,1.002884864807129,0.0001272557128686458,1.0,1.0,0.0,0.0,0.0,285,35.75931930541992,fresh_online_exploration,7,10,1.0,1.0,10.022662162780762,3.5385749340057373,5.310077667236328
135840,33,1.0050017833709717,1.0050017833709717,1.008501648902893,0.0034999398048967123,1.0,1.0,0.0,0.0,0.0,285,35.88412857055664,fresh_online_exploration,7,10,1.0,1.0,9.8845796585083,3.543606758117676,5.451964855194092
135840,60,1.004926085472107,1.004926085472107,1.0050592422485352,0.00013315970136318356,1.0,1.0,0.0,0.0,0.0,284,35.82143020629883,fresh_online_exploration,7,10,1.0,1.0,9.961602210998535,3.462097644805908,5.406656265258789
135936,34,1.0002049207687378,1.0002049207687378,1.00021493434906,1.0033487342298031e-05,1.0,1.0,0.0,0.0,0.0,281,35.668270111083984,fresh_online_exploration,7,10,1.0,1.0,9.993819236755371,3.570915460586548,5.498800277709961
135936,53,1.0044569969177246,1.0044569969177246,1.0163142681121826,0.011857141740620136,1.0,1.0,0.0,0.0,0.0,281,35.748573303222656,fresh_online_exploration,7,10,1.0,1.0,10.03458023071289,3.5333168506622314,5.515057563781738
135936,94,1.0033191442489624,1.0033191442489624,1.0037121772766113,0.000393054389860481,1.0,1.0,0.0,0.0,0.0,283,36.13682174682617,fresh_online_exploration,7,10,1.0,1.0,9.935307502746582,3.5812032222747803,5.874486923217773
136032,16,1.004599928855896,1.004599928855896,1.0046122074127197,1.2253407476237044e-05,1.0,1.0,0.0,0.0,0.0,279,36.035465240478516,fresh_online_exploration,7,10,1.0,1.0,10.00142765045166,3.5713002681732178,6.012515068054199
136128,71,1.0000743865966797,1.0000743865966797,1.0001823902130127,0.00010806705540744588,1.0,1.0,0.0,0.0,0.0,280,35.942344665527344,fresh_online_exploration,7,10,1.0,1.0,9.960649490356445,3.5637362003326416,5.937577247619629
136128,78,1.0033060312271118,1.0033060312271118,1.0033676624298096,6.16226316196844e-05,1.0,1.0,0.0,0.0,0.0,284,36.104217529296875,fresh_online_exploration,7,10,1.0,1.0,10.004152297973633,3.519691228866577,5.871908187866211
136128,85,1.005018711090088,1.005018711090088,1.0054998397827148,0.0004810631216969341,1.0,1.0,0.0,0.0,0.0,285,35.883262634277344,fresh_online_exploration,7,10,1.0,1.0,9.980823516845703,3.57574462890625,5.373354911804199
136224,21,1.002670168876648,1.002670168876648,1.0032646656036377,0.0005944413132965565,1.0,1.0,0.0,0.0,0.0,283,35.678775787353516,fresh_online_exploration,7,10,1.0,1.0,10.019598960876465,3.56706166267395,5.378212928771973
136224,44,1.0048084259033203,1.0048084259033203,1.0050203800201416,0.00021192265558056533,1.0,1.0,0.0,0.0,0.0,275,35.934837341308594,fresh_online_exploration,7,10,1.0,1.0,10.036870002746582,3.5296103954315186,6.1964569091796875
136320,19,1.001115322113037,1.001115322113037,1.0011241436004639,8.803653145150747e-06,1.0,1.0,0.0,0.0,0.0,282,35.67409896850586,fresh_online_exploration,7,10,1.0,1.0,9.991154670715332,3.5707650184631348,5.424830913543701
136416,42,1.0040429830551147,1.0040429830551147,1.004134178161621,9.124634379986674e-05,1.0,1.0,0.0,0.0,0.0,283,35.74852752685547,fresh_online_exploration,7,10,1.0,1.0,10.065732955932617,3.5585858821868896,5.432193756103516
137184,41,1.0039169788360596,1.0039169788360596,1.003936767578125,1.974775477719959e-05,1.0,1.0,0.0,0.0,0.0,286,35.785743713378906,fresh_online_exploration,7,10,1.0,1.0,10.001607894897461,3.5619959831237793,5.292617321014404
137664,1,1.0004513263702393,1.0004513263702393,1.0005234479904175,7.216747326310724e-05,1.0,1.0,0.0,0.0,0.0,286,35.739959716796875,fresh_online_exploration,8,10,1.0,1.0,10.011503219604492,3.5718183517456055,5.326981544494629
157728,84,1.0022597312927246,1.0022597312927246,1.0022685527801514,8.905549293558579e-06,1.0,1.0,0.0,0.0,0.0,277,35.972259521484375,fresh_online_exploration,10,12,1.0,1.0,10.040178298950195,3.813936471939087,6.087381839752197
158592,81,1.0018081665039062,1.0018081665039062,1.0222370624542236,0.020428912714123726,1.0,1.0,0.0,0.0,0.0,275,35.86851501464844,fresh_online_exploration,10,12,1.0,1.0,10.077595710754395,3.820920705795288,6.184571266174316
158688,73,1.0011448860168457,1.0011448860168457,1.0011541843414307,9.358003808301874e-06,1.0,1.0,0.0,0.0,0.0,281,35.638526916503906,fresh_online_exploration,10,12,1.0,1.0,10.11122989654541,3.880047082901001,5.46838903427124
158976,22,1.0050486326217651,1.0050486326217651,1.0208308696746826,0.015782292932271957,1.0,1.0,0.0,0.0,0.0,277,35.9875373840332,fresh_online_exploration,10,12,1.0,1.0,10.038190841674805,3.8469290733337402,6.1142168045043945
158976,91,1.002228856086731,1.002228856086731,1.0063989162445068,0.00417006341740489,1.0,1.0,0.0,0.0,0.0,269,35.78242492675781,fresh_online_exploration,10,12,1.0,1.0,10.196633338928223,3.9156455993652344,6.406299591064453
159264,4,1.0041606426239014,1.0041606426239014,1.0043652057647705,0.00020457644131965935,1.0,1.0,0.0,0.0,0.0,280,36.05138397216797,fresh_online_exploration,10,12,1.0,1.0,10.07432746887207,3.8445231914520264,5.970973968505859
159264,56,1.0009351968765259,1.0009351968765259,1.0011310577392578,0.00019582676759455353,1.0,1.0,0.0,0.0,0.0,282,36.027259826660156,fresh_online_exploration,10,12,1.0,1.0,10.067606925964355,3.8565673828125,5.904115200042725
159360,70,1.0033371448516846,1.0033371448516846,1.0033676624298096,3.0543251341441646e-05,1.0,1.0,0.0,0.0,0.0,274,35.85829162597656,fresh_online_exploration,10,12,1.0,1.0,10.159649848937988,3.882869243621826,6.240000247955322
159648,13,1.0034520626068115,1.0034520626068115,1.006510853767395,0.003058725269511342,1.0,1.0,0.0,0.0,0.0,277,35.97279357910156,fresh_online_exploration,10,12,1.0,1.0,10.110694885253906,3.8816113471984863,6.102410793304443
159648,69,1.001841425895691,1.001841425895691,1.001994252204895,0.0001528335560578853,1.0,1.0,0.0,0.0,0.0,281,35.68614959716797,fresh_online_exploration,10,12,1.0,1.0,10.078377723693848,3.9052374362945557,5.484409332275391
159936,43,1.0015761852264404,1.0015761852264404,1.0088382959365845,0.0072621069848537445,1.0,1.0,0.0,0.0,0.0,277,35.51503372192383,fresh_online_exploration,10,12,1.0,1.0,10.180983543395996,3.888282299041748,5.607959747314453
159936,76,1.002874732017517,1.002874732017517,1.0066840648651123,0.003809442510828376,1.0,1.0,0.0,0.0,0.0,275,35.92664337158203,fresh_online_exploration,10,12,1.0,1.0,10.142976760864258,3.9137511253356934,6.171719551086426
160032,49,1.0053520202636719,1.0053520202636719,1.006770372390747,0.0014183010207489133,1.0,1.0,0.0,0.0,0.0,277,36.03532028198242,fresh_online_exploration,10,12,1.0,1.0,10.14622974395752,3.8758766651153564,6.157308578491211
160032,50,1.0037710666656494,1.0037710666656494,1.0300310850143433,0.02626015990972519,1.0,1.0,0.0,0.0,0.0,275,35.87962341308594,fresh_online_exploration,10,12,0.9983425438404083,0.9834254384040833,10.127551078796387,3.8910341262817383,6.206490516662598
160128,2,1.0030512809753418,1.0030512809753418,1.0037548542022705,0.0007034661248326302,1.0,1.0,0.0,0.0,0.0,278,35.97999572753906,fresh_online_exploration,10,13,1.0,1.0,10.060429573059082,3.8941256999969482,6.090239524841309
160128,63,1.0011928081512451,1.0011928081512451,1.0012072324752808,1.443496785213938e-05,1.0,1.0,0.0,0.0,0.0,285,36.11974334716797,fresh_online_exploration,10,13,1.0,1.0,9.926748275756836,3.8498480319976807,5.827871322631836
160128,79,1.003477692604065,1.003477692604065,1.0065922737121582,0.003114609979093075,1.0,1.0,0.0,0.0,0.0,280,36.09941864013672,fresh_online_exploration,10,13,1.0,1.0,10.04297924041748,3.8917787075042725,6.051361083984375
160320,17,1.000523567199707,1.000523567199707,1.0006837844848633,0.00016010782564990222,1.0,1.0,0.0,0.0,0.0,281,36.00628662109375,fresh_online_exploration,10,13,1.0,1.0,10.089360237121582,3.8801677227020264,5.9321393966674805
160320,29,1.0026264190673828,1.0026264190673828,1.0055861473083496,0.0029597145039588213,1.0,1.0,0.0,0.0,0.0,276,35.86888885498047,fresh_online_exploration,10,13,1.0,1.0,10.024425506591797,3.9045591354370117,6.140072345733643
160320,74,1.0007444620132446,1.0007444620132446,1.0193531513214111,0.018608836457133293,1.0,1.0,0.0,0.0,0.0,277,35.913116455078125,fresh_online_exploration,10,13,1.0,1.0,10.070808410644531,3.899484157562256,6.081843376159668
160320,95,1.0052902698516846,1.0052902698516846,1.0053054094314575,1.5103400983207393e-05,1.0,1.0,0.0,0.0,0.0,282,36.095008850097656,fresh_online_exploration,10,13,1.0,1.0,10.053800582885742,3.859217643737793,5.938469409942627
160416,18,1.0035724639892578,1.0035724639892578,1.0036840438842773,0.00011151687067467719,1.0,1.0,0.0,0.0,0.0,278,36.0168342590332,fresh_online_exploration,10,13,1.0,1.0,10.102378845214844,3.897693157196045,6.031485557556152
160512,37,1.0000252723693848,1.0000252723693848,1.0000332593917847,7.97220036474755e-06,1.0,1.0,0.0,0.0,0.0,276,35.91053771972656,fresh_online_exploration,10,13,1.0,1.0,10.071900367736816,3.923068046569824,6.131210803985596
160512,88,1.0027059316635132,1.0027059316635132,1.010831594467163,0.008125641383230686,1.0,1.0,0.0,0.0,0.0,275,35.54279327392578,fresh_online_exploration,10,13,1.0,1.0,10.15753173828125,3.898015022277832,5.742941379547119
160608,15,1.0021114349365234,1.0021114349365234,1.0064241886138916,0.004312687553465366,1.0,1.0,0.0,0.0,0.0,279,36.01931381225586,fresh_online_exploration,10,13,1.0,1.0,10.177813529968262,3.8791277408599854,6.029508113861084
160608,51,1.000917911529541,1.000917911529541,1.0015010833740234,0.0005831603775732219,1.0,1.0,0.0,0.0,0.0,277,35.9290657043457,fresh_online_exploration,10,13,1.0,1.0,10.104219436645508,3.9003329277038574,6.085323810577393
160608,52,1.005103588104248,1.005103588104248,1.0080657005310059,0.0029620288405567408,1.0,1.0,0.0,0.0,0.0,278,35.957130432128906,fresh_online_exploration,10,13,1.0,1.0,10.10643196105957,3.8879849910736084,6.061347007751465
160608,72,1.0024583339691162,1.0024583339691162,1.002466082572937,7.765484042465687e-06,1.0,1.0,0.0,0.0,0.0,279,35.947471618652344,fresh_online_exploration,10,13,1.0,1.0,10.056597709655762,3.8680152893066406,6.04644775390625
160608,75,1.0018515586853027,1.0018515586853027,1.0019475221633911,9.595846495358273e-05,1.0,1.0,0.0,0.0,0.0,278,35.55931091308594,fresh_online_exploration,10,13,1.0,1.0,10.1317138671875,3.914069890975952,5.547281742095947
160704,58,1.0003981590270996,1.0003981590270996,1.0062506198883057,0.005852315109223127,1.0,1.0,0.0,0.0,0.0,274,35.848907470703125,fresh_online_exploration,10,13,1.0,1.0,10.150618553161621,3.8948261737823486,6.192111015319824
160800,7,1.000167965888977,1.000167965888977,1.0035789012908936,0.003410907695069909,1.0,1.0,0.0,0.0,0.0,274,35.82341384887695,fresh_online_exploration,10,13,1.0,1.0,10.126684188842773,3.911712646484375,6.1743645668029785
160800,24,1.0057439804077148,1.0057439804077148,1.0057703256607056,2.632036921568215e-05,1.0,1.0,0.0,0.0,0.0,283,35.79328536987305,fresh_online_exploration,10,13,1.0,1.0,10.120016098022461,3.887005567550659,5.427555084228516
160800,48,1.001266598701477,1.001266598701477,1.002671718597412,0.0014051381731405854,1.0,1.0,0.0,0.0,0.0,276,35.87737274169922,fresh_online_exploration,10,13,1.0,1.0,10.073159217834473,3.908661127090454,6.088850021362305
160896,8,1.0019623041152954,1.0019623041152954,1.0020307302474976,6.842501170467585e-05,1.0,1.0,0.0,0.0,0.0,277,35.93873596191406,fresh_online_exploration,10,13,1.0,1.0,10.136025428771973,3.889646053314209,6.076598644256592
160896,54,1.0061430931091309,1.0061430931091309,1.006246566772461,0.000103526639577467,1.0,1.0,0.0,0.0,0.0,280,35.75980758666992,fresh_online_exploration,10,13,1.0,1.0,10.135234832763672,3.9071078300476074,5.570765972137451
160896,62,1.0024150609970093,1.0024150609970093,1.0257916450500488,0.02337646484375,1.0,1.0,0.0,0.0,0.0,267,35.25666046142578,fresh_online_exploration,10,13,1.0,1.0,10.247426986694336,3.9261207580566406,5.913381099700928
160896,86,1.004773497581482,1.004773497581482,1.0048749446868896,0.00010143829422304407,1.0,1.0,0.0,0.0,0.0,277,36.00328063964844,fresh_online_exploration,10,13,1.0,1.0,10.056957244873047,3.873563289642334,6.064861297607422
161088,3,1.0041354894638062,1.0041354894638062,1.0041718482971191,3.636873225332238e-05,1.0,1.0,0.0,0.0,0.0,286,35.7867317199707,fresh_online_exploration,10,13,1.0,1.0,10.064824104309082,3.8926150798797607,5.3206868171691895
161088,25,1.004754900932312,1.004754900932312,1.0063494443893433,0.0015946143539622426,1.0,1.0,0.0,0.0,0.0,279,35.62947082519531,fresh_online_exploration,10,13,1.0,1.0,10.11878490447998,3.9184629917144775,5.534736633300781
161088,27,1.0059598684310913,1.0059598684310913,1.0059841871261597,2.4300601580762304e-05,1.0,1.0,0.0,0.0,0.0,288,35.95564270019531,fresh_online_exploration,10,13,1.0,1.0,9.971750259399414,3.902921199798584,5.313440799713135
161088,46,1.0029995441436768,1.0029995441436768,1.0251474380493164,0.0221477672457695,1.0,1.0,0.0,0.0,0.0,273,35.863590240478516,fresh_online_exploration,10,13,1.0,1.0,10.171677589416504,3.883263111114502,6.264523029327393
161088,47,1.0012398958206177,1.0012398958206177,1.0076677799224854,0.0064279986545443535,1.0,1.0,0.0,0.0,0.0,272,35.83052444458008,fresh_online_exploration,10,13,1.0,1.0,10.145746231079102,3.903536796569824,6.259922504425049
161088,89,1.0017621517181396,1.0017621517181396,1.0041879415512085,0.002425828482955694,1.0,1.0,0.0,0.0,0.0,278,35.547943115234375,fresh_online_exploration,10,13,1.0,1.0,10.158085823059082,3.8805744647979736,5.578667163848877
161088,93,1.0020473003387451,1.0020473003387451,1.0020555257797241,8.220618838095106e-06,1.0,1.0,0.0,0.0,0.0,283,36.076416015625,fresh_online_exploration,10,13,1.0,1.0,9.966415405273438,3.8939602375030518,5.8699235916137695
161184,5,1.0032398700714111,1.0032398700714111,1.005930781364441,0.0026908672880381346,1.0,1.0,0.0,0.0,0.0,284,35.738441467285156,fresh_online_exploration,10,13,1.0,1.0,10.070133209228516,3.8895068168640137,5.376044273376465
161184,30,1.0022103786468506,1.0022103786468506,1.0026562213897705,0.00044576695654541254,1.0,1.0,0.0,0.0,0.0,281,35.70994567871094,fresh_online_exploration,10,13,1.0,1.0,10.186634063720703,3.914691925048828,5.563334941864014
161184,36,1.0024290084838867,1.0024290084838867,1.0223020315170288,0.019873032346367836,1.0,1.0,0.0,0.0,0.0,282,35.83348846435547,fresh_online_exploration,10,13,1.0,1.0,10.209390640258789,3.8957102298736572,5.564380168914795
161184,67,1.002670168876648,1.002670168876648,1.002760648727417,9.040859004016966e-05,1.0,1.0,0.0,0.0,0.0,281,36.07717514038086,fresh_online_exploration,10,13,1.0,1.0,10.072428703308105,3.8928730487823486,5.939713001251221
161184,92,1.0005991458892822,1.0005991458892822,1.0006330013275146,3.396757529117167e-05,1.0,1.0,0.0,0.0,0.0,280,35.60126876831055,fresh_online_exploration,10,13,1.0,1.0,10.176916122436523,3.8985989093780518,5.510866641998291
161280,83,1.0002237558364868,1.0002237558364868,1.000234603881836,1.0787548490043264e-05,1.0,1.0,0.0,0.0,0.0,286,35.68037033081055,fresh_online_exploration,10,13,1.0,1.0,10.071823120117188,3.8839566707611084,5.289290904998779
161376,26,1.0051392316818237,1.0051392316818237,1.0051581859588623,1.897306901810225e-05,1.0,1.0,0.0,0.0,0.0,276,35.96366500854492,fresh_online_exploration,10,13,1.0,1.0,10.146623611450195,3.9046757221221924,6.162511348724365
161376,31,1.0003668069839478,1.0003668069839478,1.0006048679351807,0.0002381129452260211,1.0,1.0,0.0,0.0,0.0,283,35.711944580078125,fresh_online_exploration,10,13,1.0,1.0,10.06596565246582,3.9205808639526367,5.456589221954346
161376,68,1.0023977756500244,1.0023977756500244,1.006158709526062,0.0037609986029565334,1.0,1.0,0.0,0.0,0.0,288,36.19355773925781,fresh_online_exploration,10,13,1.0,1.0,9.976798057556152,3.917288303375244,5.691393852233887
161472,12,1.0025171041488647,1.0025171041488647,1.002524971961975,7.889535481808707e-06,1.0,1.0,0.0,0.0,0.0,281,36.04345703125,fresh_online_exploration,10,13,1.0,1.0,10.044904708862305,3.92632794380188,5.976683616638184
161472,66,1.0049577951431274,1.0049577951431274,1.0067763328552246,0.0018184820655733347,1.0,1.0,0.0,0.0,0.0,287,35.83458709716797,fresh_online_exploration,10,13,1.0,1.0,10.02266788482666,3.8971266746520996,5.281987190246582
161568,39,1.000593662261963,1.000593662261963,1.0049083232879639,0.004314627964049578,1.0,1.0,0.0,0.0,0.0,281,35.632259368896484,fresh_online_exploration,10,13,1.0,1.0,10.068587303161621,3.884777069091797,5.50780725479126
161568,90,1.003920078277588,1.003920078277588,1.0044745206832886,0.0005544449668377638,1.0,1.0,0.0,0.0,0.0,283,35.78783416748047,fresh_online_exploration,10,13,1.0,1.0,10.0840482711792,3.894360303878784,5.490453720092773
161664,14,1.0024601221084595,1.0024601221084595,1.0178627967834473,0.015402697026729584,1.0,1.0,0.0,0.0,0.0,271,35.812660217285156,fresh_online_exploration,10,13,1.0,1.0,10.193804740905762,3.8862621784210205,6.3279829025268555
161664,65,1.0014418363571167,1.0014418363571167,1.001450777053833,9.053936082636937e-06,1.0,1.0,0.0,0.0,0.0,283,35.65987777709961,fresh_online_exploration,10,13,1.0,1.0,10.088537216186523,3.929194688796997,5.3737101554870605
161856,6,1.0055664777755737,1.0055664777755737,1.0196945667266846,0.014128054492175579,1.0,1.0,0.0,0.0,0.0,281,36.14402770996094,fresh_online_exploration,10,13,1.0,1.0,10.078008651733398,3.878142833709717,5.954915523529053
161856,9,1.002869725227356,1.002869725227356,1.0030364990234375,0.00016672967467457056,1.0,1.0,0.0,0.0,0.0,281,36.038124084472656,fresh_online_exploration,10,13,1.0,1.0,10.058465957641602,3.8771684169769287,5.903720855712891
161856,32,1.0029367208480835,1.0029367208480835,1.003147006034851,0.00021027965703979135,1.0,1.0,0.0,0.0,0.0,284,36.21723175048828,fresh_online_exploration,10,13,1.0,1.0,9.999449729919434,3.904921293258667,5.837358474731445
161856,33,1.0054682493209839,1.0054682493209839,1.0141544342041016,0.008686164394021034,1.0,1.0,0.0,0.0,0.0,271,35.522918701171875,fresh_online_exploration,10,13,1.0,1.0,10.233567237854004,3.9710352420806885,5.869017601013184
161856,40,1.002941370010376,1.002941370010376,1.0029511451721191,9.831068382482044e-06,1.0,1.0,0.0,0.0,0.0,283,35.660823822021484,fresh_online_exploration,10,13,1.0,1.0,10.120465278625488,3.9007723331451416,5.391679286956787
161856,57,1.0029140710830688,1.0029140710830688,1.0040194988250732,0.001105473842471838,1.0,1.0,0.0,0.0,0.0,286,36.16649627685547,fresh_online_exploration,10,13,1.0,1.0,10.022988319396973,3.8665003776550293,5.7694783210754395
161856,64,1.0046098232269287,1.0046098232269287,1.0046278238296509,1.8011225620284677e-05,1.0,1.0,0.0,0.0,0.0,276,36.01288986206055,fresh_online_exploration,10,13,1.0,1.0,10.103562355041504,3.8965373039245605,6.1531171798706055
161856,80,1.0043036937713623,1.0043036937713623,1.0043139457702637,1.0194475180469453e-05,1.0,1.0,0.0,0.0,0.0,277,35.60221481323242,fresh_online_exploration,10,13,1.0,1.0,10.061389923095703,3.905125141143799,5.651705741882324
161952,59,1.0062192678451538,1.0062192678451538,1.0062358379364014,1.6578092981944792e-05,1.0,1.0,0.0,0.0,0.0,283,35.76055908203125,fresh_online_exploration,10,13,1.0,1.0,10.086323738098145,3.8860340118408203,5.403844833374023
161952,77,1.0027943849563599,1.0027943849563599,1.0030784606933594,0.00028411202947609127,1.0,1.0,0.0,0.0,0.0,284,35.763023376464844,fresh_online_exploration,10,13,1.0,1.0,10.152558326721191,3.921450138092041,5.406461715698242
162048,11,1.0022188425064087,1.0022188425064087,1.002352237701416,0.00013347258209250867,1.0,1.0,0.0,0.0,0.0,281,36.02594757080078,fresh_online_exploration,10,13,1.0,1.0,10.05638599395752,3.828411817550659,5.9248528480529785
162048,28,1.0005618333816528,1.0005618333816528,1.0007810592651367,0.0002191810344811529,1.0,1.0,0.0,0.0,0.0,276,35.86713409423828,fresh_online_exploration,10,13,1.0,1.0,10.091893196105957,3.9048285484313965,6.0909576416015625
162144,23,1.0025298595428467,1.0025298595428467,1.0063793659210205,0.0038494826294481754,1.0,1.0,0.0,0.0,0.0,289,36.19455337524414,fresh_online_exploration,10,13,1.0,1.0,9.904118537902832,3.8923985958099365,5.637394905090332
162240,61,1.002443552017212,1.002443552017212,1.002457857131958,1.4318547073344234e-05,1.0,1.0,0.0,0.0,0.0,286,35.75926208496094,fresh_online_exploration,10,13,1.0,1.0,10.042171478271484,3.9123222827911377,5.315170764923096
162336,0,1.0016592741012573,1.0016592741012573,1.0017778873443604,0.00011867513239849359,1.0,1.0,0.0,0.0,0.0,281,35.650333404541016,fresh_online_exploration,10,13,1.0,1.0,10.10304069519043,3.8833866119384766,5.465875148773193
162336,82,1.0019612312316895,1.0019612312316895,1.006834864616394,0.0048736147582530975,1.0,1.0,0.0,0.0,0.0,279,35.962615966796875,fresh_online_exploration,10,13,1.0,1.0,10.119325637817383,3.896240472793579,6.009438514709473
162432,10,1.0044039487838745,1.0044039487838745,1.004413366317749,9.456071893509943e-06,1.0,1.0,0.0,0.0,0.0,284,35.761314392089844,fresh_online_exploration,10,13,1.0,1.0,10.116646766662598,3.91894793510437,5.40483283996582
162432,87,1.0019643306732178,1.0019643306732178,1.0020127296447754,4.834250648855232e-05,1.0,1.0,0.0,0.0,0.0,285,35.72101593017578,fresh_online_exploration,10,13,1.0,1.0,10.089607238769531,3.8367598056793213,5.357457637786865
162528,38,1.005151629447937,1.005151629447937,1.0051602125167847,8.575846550229471e-06,1.0,1.0,0.0,0.0,0.0,286,35.80385971069336,fresh_online_exploration,10,13,1.0,1.0,10.068358421325684,3.8497982025146484,5.31980037689209
162528,45,1.0045005083084106,1.0045005083084106,1.004542589187622,4.205838922644034e-05,1.0,1.0,0.0,0.0,0.0,283,35.7034912109375,fresh_online_exploration,10,13,1.0,1.0,10.190587043762207,3.9024531841278076,5.410879135131836
162624,35,1.0044426918029785,1.0044426918029785,1.0078718662261963,0.003429181408137083,1.0,1.0,0.0,0.0,0.0,285,35.79813766479492,fresh_online_exploration,10,13,1.0,1.0,10.076271057128906,3.8871819972991943,5.366274356842041
162720,60,1.0000816583633423,1.0000816583633423,1.000227689743042,0.00014604888565372676,1.0,1.0,0.0,0.0,0.0,280,35.955162048339844,fresh_online_exploration,10,13,1.0,1.0,10.066152572631836,3.9534082412719727,5.947464942932129
162816,55,1.0060913562774658,1.0060913562774658,1.0061018466949463,1.0475786439201329e-05,1.0,1.0,0.0,0.0,0.0,289,35.88551330566406,fresh_online_exploration,10,13,1.0,1.0,9.992915153503418,3.8604817390441895,5.243946075439453
162912,20,1.0014525651931763,1.0014525651931763,1.0014606714248657,8.120815436996054e-06,1.0,1.0,0.0,0.0,0.0,288,35.80647659301758,fresh_online_exploration,10,13,1.0,1.0,10.022014617919922,3.908918619155884,5.231141090393066
162912,34,1.0063039064407349,1.0063039064407349,1.0063787698745728,7.484072557417676e-05,1.0,1.0,0.0,0.0,0.0,281,35.704261779785156,fresh_online_exploration,10,13,1.0,1.0,10.11467170715332,3.915351390838623,5.53455924987793
162912,71,1.005399465560913,1.005399465560913,1.0057697296142578,0.0003702191461343318,1.0,1.0,0.0,0.0,0.0,279,36.02377700805664,fresh_online_exploration,10,13,1.0,1.0,10.046609878540039,3.86067533493042,6.00926399230957
163200,21,1.0032575130462646,1.0032575130462646,1.0032683610916138,1.0810452295118012e-05,1.0,1.0,0.0,0.0,0.0,281,35.639163970947266,fresh_online_exploration,10,13,1.0,1.0,10.061537742614746,3.9113149642944336,5.49672794342041
163296,53,1.0027021169662476,1.0027021169662476,1.002711296081543,9.189784577756654e-06,1.0,1.0,0.0,0.0,0.0,285,35.764766693115234,fresh_online_exploration,10,13,1.0,1.0,10.014348983764648,3.911550760269165,5.351169109344482
163392,16,1.000209927558899,1.000209927558899,1.0002264976501465,1.6538928321097046e-05,1.0,1.0,0.0,0.0,0.0,285,36.07349395751953,fresh_online_exploration,10,13,1.0,1.0,9.970600128173828,3.9183528423309326,5.765970230102539
163392,85,1.0032085180282593,1.0032085180282593,1.0033982992172241,0.0001897409383673221,1.0,1.0,0.0,0.0,0.0,284,36.145530700683594,fresh_online_exploration,10,13,1.0,1.0,10.023037910461426,3.882110595703125,5.8513593673706055
163392,94,1.0059914588928223,1.0059914588928223,1.006249189376831,0.00025773796369321644,1.0,1.0,0.0,0.0,0.0,286,35.878448486328125,fresh_online_exploration,10,13,1.0,1.0,10.149107933044434,3.8991587162017822,5.380864143371582
163488,44,1.001190185546875,1.001190185546875,1.0012433528900146,5.3108717111172155e-05,1.0,1.0,0.0,0.0,0.0,284,35.717994689941406,fresh_online_exploration,10,13,1.0,1.0,10.117862701416016,3.9478797912597656,5.355069160461426
163488,78,1.0031170845031738,1.0031170845031738,1.0032241344451904,0.00010701965220505372,1.0,1.0,0.0,0.0,0.0,285,36.1535530090332,fresh_online_exploration,10,13,1.0,1.0,10.075876235961914,3.8953545093536377,5.829433441162109
163776,19,1.0032888650894165,1.0032888650894165,1.003298282623291,9.411217433807906e-06,1.0,1.0,0.0,0.0,0.0,286,35.77081298828125,fresh_online_exploration,10,13,1.0,1.0,10.093094825744629,3.906507968902588,5.317872524261475
163776,42,1.0060497522354126,1.0060497522354126,1.0060639381408691,1.411730863765115e-05,1.0,1.0,0.0,0.0,0.0,285,35.81169891357422,fresh_online_exploration,10,13,1.0,1.0,10.092586517333984,3.892711877822876,5.354830741882324
164448,1,1.001255750656128,1.001255750656128,1.0050477981567383,0.003791957860812545,1.0,1.0,0.0,0.0,0.0,279,35.55207061767578,fresh_online_exploration,10,13,1.0,1.0,10.197019577026367,3.946619749069214,5.53290319442749
164448,41,1.001729965209961,1.001729965209961,1.0017390251159668,8.962418178271037e-06,1.0,1.0,0.0,0.0,0.0,284,36.07898712158203,fresh_online_exploration,10,13,1.0,1.0,10.013805389404297,3.9081671237945557,5.781403541564941
183264,84,1.0059717893600464,1.0059717893600464,1.005981683731079,9.900107215798926e-06,1.0,1.0,0.0,0.0,0.0,266,35.43698501586914,fresh_online_exploration,12,15,1.0,1.0,10.013202667236328,4.134449005126953,6.206821441650391
184800,22,1.002967119216919,1.002967119216919,1.0031359195709229,0.0001688099146122113,1.0,1.0,0.0,0.0,0.0,269,35.332763671875,fresh_online_exploration,12,15,1.0,1.0,10.108214378356934,4.191134929656982,5.941029071807861
185664,4,1.0051182508468628,1.0051182508468628,1.020735263824463,0.015617085620760918,1.0,1.0,0.0,0.0,0.0,275,35.921295166015625,fresh_online_exploration,12,15,1.0,1.0,10.20103931427002,4.184389114379883,6.174378871917725
185664,81,1.0001031160354614,1.0001031160354614,1.0043506622314453,0.004247566219419241,1.0,1.0,0.0,0.0,0.0,282,35.98783874511719,fresh_online_exploration,12,15,1.0,1.0,10.091728210449219,4.205986022949219,5.868128299713135
186048,13,1.0036258697509766,1.0036258697509766,1.0036449432373047,1.9116312614642084e-05,1.0,1.0,0.0,0.0,0.0,275,35.54676818847656,fresh_online_exploration,12,15,1.0,1.0,10.327524185180664,4.2255940437316895,5.670486927032471
186048,91,1.003125548362732,1.003125548362732,1.0041608810424805,0.0010353318648412824,1.0,1.0,0.0,0.0,0.0,282,36.092071533203125,fresh_online_exploration,12,15,1.0,1.0,10.140735626220703,4.205743312835693,5.943060398101807
186144,73,1.0032349824905396,1.0032349824905396,1.005216360092163,0.00198128679767251,1.0,1.0,0.0,0.0,0.0,286,35.789920806884766,fresh_online_exploration,12,15,1.0,1.0,10.160215377807617,4.175039768218994,5.327504634857178
186240,56,1.0038033723831177,1.0038033723831177,1.0044233798980713,0.0006199802737683058,1.0,1.0,0.0,0.0,0.0,281,35.77243423461914,fresh_online_exploration,12,15,1.0,1.0,10.232853889465332,4.200957775115967,5.518143653869629
186336,63,1.0042260885238647,1.0042260885238647,1.0073672533035278,0.003141127759590745,1.0,1.0,0.0,0.0,0.0,273,35.407840728759766,fresh_online_exploration,13,15,1.0,1.0,10.147915840148926,4.211337089538574,5.795431613922119
186720,69,1.0023179054260254,1.0023179054260254,1.0023338794708252,1.6027881429181434e-05,1.0,1.0,0.0,0.0,0.0,282,35.70763397216797,fresh_online_exploration,12,15,1.0,1.0,10.178312301635742,4.2265753746032715,5.45670223236084
186816,2,1.0020993947982788,1.0020993947982788,1.0021114349365234,1.2028394849039614e-05,1.0,1.0,0.0,0.0,0.0,278,35.56523895263672,fresh_online_exploration,13,15,1.0,1.0,10.319889068603516,4.204140663146973,5.5743608474731445
186816,43,1.001946210861206,1.001946210861206,1.0091053247451782,0.007159131579101086,1.0,1.0,0.0,0.0,0.0,280,35.568809509277344,fresh_online_exploration,12,15,1.0,1.0,10.241974830627441,4.1830315589904785,5.44284725189209
186912,72,1.0025607347488403,1.0025607347488403,1.0071778297424316,0.004617056343704462,1.0,1.0,0.0,0.0,0.0,274,35.491355895996094,fresh_online_exploration,13,15,1.0,1.0,10.113913536071777,4.173226833343506,5.774932384490967
187008,17,1.0019867420196533,1.0019867420196533,1.023101568222046,0.021114736795425415,1.0,1.0,0.0,0.0,0.0,278,35.91507339477539,fresh_online_exploration,13,15,0.9994413435459137,0.994413435459137,10.128449440002441,4.192292213439941,6.031236171722412
187104,49,1.005010962486267,1.005010962486267,1.0056867599487305,0.0006759222596883774,1.0,1.0,0.0,0.0,0.0,282,36.156822204589844,fresh_online_exploration,12,15,1.0,1.0,10.257944107055664,4.170651435852051,5.9778056144714355
187104,51,1.003539800643921,1.003539800643921,1.0073760747909546,0.003836339106783271,1.0,1.0,0.0,0.0,0.0,276,35.96873474121094,fresh_online_exploration,13,15,1.0,1.0,10.245996475219727,4.197270393371582,6.198366641998291
187104,70,1.0034595727920532,1.0034595727920532,1.003469705581665,1.0113753887708299e-05,1.0,1.0,0.0,0.0,0.0,289,36.2205696105957,fresh_online_exploration,12,15,1.0,1.0,10.179230690002441,4.202083587646484,5.698118686676025
187200,50,1.0012863874435425,1.0012863874435425,1.0018408298492432,0.0005544379819184542,1.0,1.0,0.0,0.0,0.0,283,35.70699691772461,fresh_online_exploration,12,15,1.0,1.0,10.213961601257324,4.190793514251709,5.425168037414551
187296,74,1.0010392665863037,1.0010392665863037,1.0116900205612183,0.010650701820850372,1.0,1.0,0.0,0.0,0.0,281,36.015506744384766,fresh_online_exploration,13,15,1.0,1.0,10.143379211425781,4.200833797454834,5.944877624511719
187296,79,1.0036925077438354,1.0036925077438354,1.0104939937591553,0.006801464129239321,1.0,1.0,0.0,0.0,0.0,283,36.167110443115234,fresh_online_exploration,13,15,1.0,1.0,10.186982154846191,4.199654579162598,5.906585216522217
187296,95,1.0034571886062622,1.0034571886062622,1.008284330368042,0.00482709426432848,1.0,1.0,0.0,0.0,0.0,281,36.0084228515625,fresh_online_exploration,13,15,1.0,1.0,10.126458168029785,4.1921610832214355,5.949009895324707
187392,24,1.0007258653640747,1.0007258653640747,1.0066838264465332,0.005957980174571276,1.0,1.0,0.0,0.0,0.0,277,35.45704650878906,fresh_online_exploration,13,15,1.0,1.0,10.276335716247559,4.198309421539307,5.571805000305176
187392,92,1.003760814666748,1.003760814666748,1.0082670450210571,0.00450626527890563,1.0,1.0,0.0,0.0,0.0,273,35.850669860839844,fresh_online_exploration,13,15,1.0,1.0,10.231115341186523,4.227411270141602,6.23243522644043
187488,3,1.005126953125,1.005126953125,1.0190708637237549,0.013944065198302269,1.0,1.0,0.0,0.0,0.0,275,35.92536544799805,fresh_online_exploration,13,15,1.0,1.0,10.243399620056152,4.180891990661621,6.1357598304748535
187488,8,1.002862811088562,1.002862811088562,1.0067057609558105,0.003843007842078805,1.0,1.0,0.0,0.0,0.0,277,35.962974548339844,fresh_online_exploration,13,15,1.0,1.0,10.237870216369629,4.247657775878906,6.114116668701172
187488,37,1.0051757097244263,1.0051757097244263,1.007546067237854,0.0023703675251454115,1.0,1.0,0.0,0.0,0.0,281,36.093868255615234,fresh_online_exploration,13,15,1.0,1.0,10.174254417419434,4.194620609283447,5.99148416519165
187488,76,1.0054579973220825,1.0054579973220825,1.0093498229980469,0.0038918594364076853,1.0,1.0,0.0,0.0,0.0,287,36.21141815185547,fresh_online_exploration,12,15,1.0,1.0,10.133647918701172,4.18994140625,5.734087944030762
187488,88,1.001322865486145,1.001322865486145,1.0023491382598877,0.0010263435542583466,1.0,1.0,0.0,0.0,0.0,281,35.97477722167969,fresh_online_exploration,13,15,1.0,1.0,10.138533592224121,4.194117546081543,5.940053939819336
187680,27,1.0035572052001953,1.0035572052001953,1.00373113155365,0.00017392906011082232,1.0,1.0,0.0,0.0,0.0,277,35.955535888671875,fresh_online_exploration,13,15,1.0,1.0,10.172810554504395,4.159751892089844,6.133364677429199
187680,52,1.0045099258422852,1.0045099258422852,1.0080769062042236,0.0035670162178575993,1.0,1.0,0.0,0.0,0.0,282,36.004066467285156,fresh_online_exploration,13,15,1.0,1.0,10.115251541137695,4.1942362785339355,5.947455406188965
187680,62,1.0019402503967285,1.0019402503967285,1.0059025287628174,0.003962190821766853,1.0,1.0,0.0,0.0,0.0,279,35.99163055419922,fresh_online_exploration,13,15,1.0,1.0,10.147337913513184,4.254021167755127,6.004857063293457
187680,75,1.0027633905410767,1.0027633905410767,1.0027709007263184,7.5880534495809115e-06,1.0,1.0,0.0,0.0,0.0,282,36.09151077270508,fresh_online_exploration,13,15,1.0,1.0,10.15573787689209,4.170279026031494,5.928396224975586
187776,39,1.0011241436004639,1.0011241436004639,1.0258066654205322,0.02468249388039112,1.0,1.0,0.0,0.0,0.0,273,35.76266098022461,fresh_online_exploration,13,15,1.0,1.0,10.150861740112305,4.222968578338623,6.249978542327881
187872,29,1.0026788711547852,1.0026788711547852,1.0027203559875488,4.143401747569442e-05,1.0,1.0,0.0,0.0,0.0,287,36.062583923339844,fresh_online_exploration,13,15,1.0,1.0,10.034924507141113,4.190467357635498,5.695284843444824
187872,47,1.0046700239181519,1.0046700239181519,1.025803804397583,0.021133840084075928,1.0,1.0,0.0,0.0,0.0,279,36.01760482788086,fresh_online_exploration,13,15,0.9994382023811341,0.9943820238113403,10.155115127563477,4.190225601196289,6.017165184020996
187968,58,1.002366542816162,1.002366542816162,1.005758285522461,0.0033918311819434166,1.0,1.0,0.0,0.0,0.0,284,36.078914642333984,fresh_online_exploration,13,15,1.0,1.0,10.125008583068848,4.238532543182373,5.846442699432373
187968,90,1.003204584121704,1.003204584121704,1.0105998516082764,0.007395368069410324,1.0,1.0,0.0,0.0,0.0,275,35.918846130371094,fresh_online_exploration,13,15,1.0,1.0,10.230074882507324,4.217763900756836,6.2075934410095215
188064,86,1.0006500482559204,1.0006500482559204,1.0021030902862549,0.001453119213692844,1.0,1.0,0.0,0.0,0.0,283,36.04985046386719,fresh_online_exploration,13,15,1.0,1.0,10.11123275756836,4.208937168121338,5.879207134246826
188160,5,1.0033173561096191,1.0033173561096191,1.004995584487915,0.0016782893799245358,1.0,1.0,0.0,0.0,0.0,281,35.635826110839844,fresh_online_exploration,13,15,1.0,1.0,10.207371711730957,4.216919898986816,5.441781997680664
188160,48,1.002251386642456,1.002251386642456,1.0060492753982544,0.0037979416083544493,1.0,1.0,0.0,0.0,0.0,285,36.09807586669922,fresh_online_exploration,13,15,1.0,1.0,10.077500343322754,4.182213306427002,5.830564022064209
188160,80,1.0020887851715088,1.0020887851715088,1.0235145092010498,0.021425804123282433,1.0,1.0,0.0,0.0,0.0,274,35.811134338378906,fresh_online_exploration,13,15,1.0,1.0,10.185178756713867,4.18035364151001,6.18591833114624
188160,93,1.0037567615509033,1.0037567615509033,1.0075571537017822,0.00380045548081398,1.0,1.0,0.0,0.0,0.0,282,36.06789016723633,fresh_online_exploration,13,15,1.0,1.0,10.098357200622559,4.176642417907715,5.919524192810059
188256,18,1.005255937576294,1.005255937576294,1.0053925514221191,0.00013670798216480762,1.0,1.0,0.0,0.0,0.0,290,35.83525085449219,fresh_online_exploration,13,15,1.0,1.0,10.176468849182129,4.222580909729004,5.156414985656738
188256,30,1.0018177032470703,1.0018177032470703,1.01825749874115,0.01643988862633705,1.0,1.0,0.0,0.0,0.0,282,36.01667404174805,fresh_online_exploration,13,15,1.0,1.0,10.105454444885254,4.233477592468262,5.941872596740723
188256,31,1.0050510168075562,1.0050510168075562,1.0245275497436523,0.019476519897580147,1.0,1.0,0.0,0.0,0.0,280,35.73401641845703,fresh_online_exploration,13,15,1.0,1.0,10.210970878601074,4.208652019500732,5.572452068328857
188256,54,1.0008244514465332,1.0008244514465332,1.0008498430252075,2.5362900487380102e-05,1.0,1.0,0.0,0.0,0.0,285,35.99436950683594,fresh_online_exploration,13,15,1.0,1.0,10.06997013092041,4.247668266296387,5.78230094909668
188352,15,1.0032495260238647,1.0032495260238647,1.0033397674560547,9.03075560927391e-05,1.0,1.0,0.0,0.0,0.0,289,35.95647430419922,fresh_online_exploration,13,15,1.0,1.0,10.116730690002441,4.176206111907959,5.241665840148926
188448,7,1.004068374633789,1.004068374633789,1.0041687488555908,0.00010031829151557758,1.0,1.0,0.0,0.0,0.0,288,36.17491149902344,fresh_online_exploration,13,15,1.0,1.0,10.021388053894043,4.176811695098877,5.737710475921631
188448,9,1.0020736455917358,1.0020736455917358,1.0059640407562256,0.0038904102984815836,1.0,1.0,0.0,0.0,0.0,277,35.88609313964844,fresh_online_exploration,13,15,1.0,1.0,10.161298751831055,4.210914134979248,6.077569484710693
188448,25,1.0005543231964111,1.0005543231964111,1.0005688667297363,1.4573651242244523e-05,1.0,1.0,0.0,0.0,0.0,285,36.09030532836914,fresh_online_exploration,13,15,1.0,1.0,10.198633193969727,4.196552276611328,5.848380088806152
188544,26,1.0000077486038208,1.0000077486038208,1.0000442266464233,3.648372512543574e-05,1.0,1.0,0.0,0.0,0.0,283,35.92237091064453,fresh_online_exploration,13,15,1.0,1.0,10.11243724822998,4.2035698890686035,5.874802589416504
188544,68,1.0030252933502197,1.0030252933502197,1.0049028396606445,0.0018775875214487314,1.0,1.0,0.0,0.0,0.0,283,36.03815460205078,fresh_online_exploration,13,15,1.0,1.0,10.07023811340332,4.201338768005371,5.869139671325684
188736,23,1.0039896965026855,1.0039896965026855,1.0040558576583862,6.616478640353307e-05,1.0,1.0,0.0,0.0,0.0,277,35.91522979736328,fresh_online_exploration,13,15,1.0,1.0,10.2123384475708,4.234616279602051,6.129546165466309
188736,33,1.00332510471344,1.00332510471344,1.0147204399108887,0.011395376175642014,1.0,1.0,0.0,0.0,0.0,280,35.959407806396484,fresh_online_exploration,13,15,1.0,1.0,10.129260063171387,4.215686798095703,5.9613542556762695
188736,67,1.0014584064483643,1.0014584064483643,1.0026016235351562,0.0011432591127231717,1.0,1.0,0.0,0.0,0.0,287,35.747066497802734,fresh_online_exploration,13,15,1.0,1.0,10.11098575592041,4.217621326446533,5.26057767868042
188736,83,1.001397728919983,1.001397728919983,1.0067598819732666,0.005362200550734997,1.0,1.0,0.0,0.0,0.0,286,35.98320770263672,fresh_online_exploration,13,15,1.0,1.0,10.059524536132812,4.207603454589844,5.735044956207275
188832,40,1.0051116943359375,1.0051116943359375,1.007215976715088,0.0021042204461991787,1.0,1.0,0.0,0.0,0.0,281,36.08769989013672,fresh_online_exploration,13,15,1.0,1.0,10.155349731445312,4.212893962860107,5.967207431793213
188832,89,1.0016764402389526,1.0016764402389526,1.0021235942840576,0.0004471983411349356,1.0,1.0,0.0,0.0,0.0,289,35.82006072998047,fresh_online_exploration,13,15,1.0,1.0,10.103163719177246,4.182475566864014,5.218960762023926
188928,32,1.0023690462112427,1.0023690462112427,1.00604248046875,0.0036733942106366158,1.0,1.0,0.0,0.0,0.0,282,36.138885498046875,fresh_online_exploration,13,15,1.0,1.0,10.19804859161377,4.179053783416748,5.952227592468262
188928,64,1.0027244091033936,1.0027244091033936,1.0121135711669922,0.009389138780534267,1.0,1.0,0.0,0.0,0.0,282,36.020084381103516,fresh_online_exploration,13,15,1.0,1.0,10.125221252441406,4.176093578338623,5.931964874267578
189024,6,1.0022130012512207,1.0022130012512207,1.0026240348815918,0.0004109326400794089,1.0,1.0,0.0,0.0,0.0,283,36.10661315917969,fresh_online_exploration,13,15,1.0,1.0,10.185606956481934,4.195379734039307,5.923747539520264
189024,28,1.0021657943725586,1.0021657943725586,1.0024828910827637,0.0003170347190462053,1.0,1.0,0.0,0.0,0.0,281,35.9973258972168,fresh_online_exploration,13,15,1.0,1.0,10.11083698272705,4.213089942932129,5.948788166046143
189024,36,1.0027413368225098,1.0027413368225098,1.0027703046798706,2.897774538723752e-05,1.0,1.0,0.0,0.0,0.0,290,35.868900299072266,fresh_online_exploration,13,15,1.0,1.0,10.133548736572266,4.199215888977051,5.173807144165039
189120,20,1.0011510848999023,1.0011510848999023,1.0092159509658813,0.008064939640462399,1.0,1.0,0.0,0.0,0.0,273,35.784629821777344,fresh_online_exploration,13,15,1.0,1.0,10.204224586486816,4.204912185668945,6.193892478942871
189216,45,1.0013035535812378,1.0013035535812378,1.0013190507888794,1.5509407603531145e-05,1.0,1.0,0.0,0.0,0.0,278,35.938232421875,fresh_online_exploration,13,15,1.0,1.0,10.221895217895508,4.235117435455322,6.030717372894287
189216,57,1.0004888772964478,1.0004888772964478,1.0005053281784058,1.6491752830916084e-05,1.0,1.0,0.0,0.0,0.0,285,35.770565032958984,fresh_online_exploration,13,15,1.0,1.0,10.19459056854248,4.189655780792236,5.3848676681518555
189312,14,1.0048613548278809,1.0048613548278809,1.0048754215240479,1.4088741409068462e-05,1.0,1.0,0.0,0.0,0.0,288,35.91276168823242,fresh_online_exploration,13,15,1.0,1.0,10.096701622009277,4.2651848793029785,5.3320722579956055
189312,46,1.0023638010025024,1.0023638010025024,1.0023796558380127,1.5755562344565988e-05,1.0,1.0,0.0,0.0,0.0,294,35.93568420410156,fresh_online_exploration,13,15,1.0,1.0,10.06125259399414,4.18585729598999,5.040472030639648
189408,12,1.0047093629837036,1.0047093629837036,1.0048794746398926,0.00017001910600811243,1.0,1.0,0.0,0.0,0.0,291,35.9102668762207,fresh_online_exploration,13,15,1.0,1.0,10.067163467407227,4.204968452453613,5.143455505371094
189408,77,1.0024831295013428,1.0024831295013428,1.0060476064682007,0.00356443808414042,1.0,1.0,0.0,0.0,0.0,286,36.165374755859375,fresh_online_exploration,13,15,1.0,1.0,10.122285842895508,4.2157697677612305,5.7743330001831055
189504,0,1.0006327629089355,1.0006327629089355,1.0006468296051025,1.4091242519498337e-05,1.0,1.0,0.0,0.0,0.0,283,36.05756378173828,fresh_online_exploration,13,15,1.0,1.0,10.132293701171875,4.2010955810546875,5.885313034057617
189504,34,1.0014313459396362,1.0014313459396362,1.0057129859924316,0.004281749948859215,1.0,1.0,0.0,0.0,0.0,277,35.88838195800781,fresh_online_exploration,13,15,1.0,1.0,10.130237579345703,4.210022449493408,6.084167957305908
189504,38,1.0013459920883179,1.0013459920883179,1.0013542175292969,8.17637555883266e-06,1.0,1.0,0.0,0.0,0.0,281,36.02937698364258,fresh_online_exploration,13,15,1.0,1.0,10.186159133911133,4.2319769859313965,5.980334281921387
189600,82,1.0023422241210938,1.0023422241210938,1.007319450378418,0.004977203439921141,1.0,1.0,0.0,0.0,0.0,284,36.080562591552734,fresh_online_exploration,13,15,1.0,1.0,10.148130416870117,4.232545375823975,5.824503421783447
189696,59,1.006409764289856,1.006409764289856,1.0064254999160767,1.5744763004477136e-05,1.0,1.0,0.0,0.0,0.0,289,35.89189910888672,fresh_online_exploration,13,15,1.0,1.0,10.108075141906738,4.225851535797119,5.220068454742432
189696,61,1.0002751350402832,1.0002751350402832,1.0003185272216797,4.3479230953380466e-05,1.0,1.0,0.0,0.0,0.0,286,35.72965621948242,fresh_online_exploration,13,15,1.0,1.0,10.103074073791504,4.199337005615234,5.307197093963623
189696,65,1.001293420791626,1.001293420791626,1.0015532970428467,0.00025990669382736087,1.0,1.0,0.0,0.0,0.0,292,35.775108337402344,fresh_online_exploration,13,15,1.0,1.0,10.139069557189941,4.294140338897705,5.052483081817627
189696,66,1.0019997358322144,1.0019997358322144,1.0020172595977783,1.7502672562841326e-05,1.0,1.0,0.0,0.0,0.0,294,35.92665481567383,fresh_online_exploration,13,15,1.0,1.0,10.009598731994629,4.217470169067383,5.065424919128418
189696,94,1.0013326406478882,1.0013326406478882,1.0174674987792969,0.016134807839989662,1.0,1.0,0.0,0.0,0.0,274,35.86541748046875,fresh_online_exploration,13,15,1.0,1.0,10.218099594116211,4.275030136108398,6.220380783081055
189888,35,1.004788875579834,1.004788875579834,1.0090018510818481,0.004212941043078899,1.0,1.0,0.0,0.0,0.0,284,36.17007827758789,fresh_online_exploration,13,15,1.0,1.0,10.149721145629883,4.255120754241943,5.881801605224609
189984,87,1.0011451244354248,1.0011451244354248,1.0046968460083008,0.0035516663920134306,1.0,1.0,0.0,0.0,0.0,287,36.11687088012695,fresh_online_exploration,13,15,1.0,1.0,10.100744247436523,4.226675987243652,5.715978145599365
190080,44,1.0006599426269531,1.0006599426269531,1.004609227180481,0.00394930224865675,1.0,1.0,0.0,0.0,0.0,277,35.875953674316406,fresh_online_exploration,13,15,1.0,1.0,10.181330680847168,4.225653648376465,6.070152759552002
190080,71,1.0053921937942505,1.0053921937942505,1.005608081817627,0.000215947104152292,1.0,1.0,0.0,0.0,0.0,283,35.743873596191406,fresh_online_exploration,13,15,1.0,1.0,10.1903076171875,4.22158670425415,5.380392551422119
190176,11,1.0006146430969238,1.0006146430969238,1.000629186630249,1.461634565202985e-05,1.0,1.0,0.0,0.0,0.0,293,35.87602233886719,fresh_online_exploration,13,16,1.0,1.0,10.058151245117188,4.218008518218994,5.139716148376465
190176,85,1.005009412765503,1.005009412765503,1.0050246715545654,1.5161233022809029e-05,1.0,1.0,0.0,0.0,0.0,279,35.66172790527344,fresh_online_exploration,13,16,1.0,1.0,10.190112113952637,4.270419120788574,5.569211006164551
190272,10,1.0008316040039062,1.0008316040039062,1.0009267330169678,9.518423757981509e-05,1.0,1.0,0.0,0.0,0.0,290,36.21025848388672,fresh_online_exploration,13,16,1.0,1.0,9.997550010681152,4.233513355255127,5.598677635192871
190272,60,1.0010606050491333,1.0010606050491333,1.00498366355896,0.003923093434423208,1.0,1.0,0.0,0.0,0.0,287,36.09992980957031,fresh_online_exploration,13,16,1.0,1.0,10.050663948059082,4.21706485748291,5.750027656555176
190368,21,1.0048445463180542,1.0048445463180542,1.0048620700836182,1.7440364899812266e-05,1.0,1.0,0.0,0.0,0.0,283,36.125526428222656,fresh_online_exploration,13,16,1.0,1.0,10.09241771697998,4.232737064361572,5.912821292877197
190656,55,1.0015190839767456,1.0015190839767456,1.001862645149231,0.00034359292476437986,1.0,1.0,0.0,0.0,0.0,290,35.82187271118164,fresh_online_exploration,13,16,1.0,1.0,10.108322143554688,4.216969966888428,5.196680068969727
190752,53,1.0038108825683594,1.0038108825683594,1.0136406421661377,0.009829717688262463,1.0,1.0,0.0,0.0,0.0,286,36.13599395751953,fresh_online_exploration,13,16,1.0,1.0,10.05160903930664,4.22831916809082,5.760881423950195
190944,78,1.0045589208602905,1.0045589208602905,1.0045744180679321,1.549909939058125e-05,1.0,1.0,0.0,0.0,0.0,286,35.86191177368164,fresh_online_exploration,13,16,1.0,1.0,10.08689022064209,4.2195844650268555,5.370278358459473
191040,16,1.0043874979019165,1.0043874979019165,1.0043959617614746,8.400858860113658e-06,1.0,1.0,0.0,0.0,0.0,288,35.87710189819336,fresh_online_exploration,13,16,1.0,1.0,10.211142539978027,4.244922161102295,5.297420978546143
191520,19,1.0055532455444336,1.0055532455444336,1.0055627822875977,9.526281246508006e-06,1.0,1.0,0.0,0.0,0.0,289,35.887813568115234,fresh_online_exploration,13,16,1.0,1.0,10.144179344177246,4.205909252166748,5.236416816711426
191616,42,1.0050894021987915,1.0050894021987915,1.005125880241394,3.646868572104722e-05,1.0,1.0,0.0,0.0,0.0,290,35.92873764038086,fresh_online_exploration,13,16,1.0,1.0,10.120738983154297,4.208948135375977,5.216246604919434
192096,1,1.0035539865493774,1.0035539865493774,1.0035688877105713,1.481668914493639e-05,1.0,1.0,0.0,0.0,0.0,288,35.86878967285156,fresh_online_exploration,13,16,1.0,1.0,10.17616081237793,4.2324066162109375,5.295511722564697
192288,41,1.0062977075576782,1.0062977075576782,1.006306767463684,9.085210876946803e-06,1.0,1.0,0.0,0.0,0.0,290,35.91276931762695,fresh_online_exploration,13,16,1.0,1.0,10.126152038574219,4.218418121337891,5.199092388153076
209952,84,1.0019811391830444,1.0019811391830444,1.0023620128631592,0.0003808922483585775,1.0,1.0,0.0,0.0,0.0,278,35.96687316894531,fresh_online_exploration,15,17,1.0,1.0,10.306056022644043,4.379878044128418,6.090115070343018
211968,81,1.0046433210372925,1.0046433210372925,1.0252320766448975,0.020588789135217667,1.0,1.0,0.0,0.0,0.0,274,35.90752029418945,fresh_online_exploration,15,18,1.0,1.0,10.347298622131348,4.461890697479248,6.204221725463867
212064,22,1.0030266046524048,1.0030266046524048,1.0031051635742188,7.864992949180305e-05,1.0,1.0,0.0,0.0,0.0,284,36.14582824707031,fresh_online_exploration,15,18,1.0,1.0,10.227038383483887,4.440888404846191,5.829614162445068
212544,13,1.0001604557037354,1.0001604557037354,1.0186867713928223,0.018526345491409302,1.0,1.0,0.0,0.0,0.0,276,35.84829330444336,fresh_online_exploration,15,18,1.0,1.0,10.241408348083496,4.46568489074707,6.112339019775391
212640,4,1.0041334629058838,1.0041334629058838,1.0041413307189941,7.793489203322679e-06,1.0,1.0,0.0,0.0,0.0,281,36.05946731567383,fresh_online_exploration,15,18,1.0,1.0,10.206365585327148,4.47189474105835,5.922082901000977
212832,63,1.0006221532821655,1.0006221532821655,1.016200065612793,0.015577984042465687,1.0,1.0,0.0,0.0,0.0,276,35.853145599365234,fresh_online_exploration,15,18,1.0,1.0,10.306509017944336,4.42269229888916,6.130857467651367
213024,73,1.0034682750701904,1.0034682750701904,1.0071625709533691,0.0036943599116057158,1.0,1.0,0.0,0.0,0.0,280,35.97624969482422,fresh_online_exploration,15,18,1.0,1.0,10.280168533325195,4.481097221374512,5.982705116271973
213312,91,1.00137197971344,1.00137197971344,1.0056536197662354,0.004281487315893173,1.0,1.0,0.0,0.0,0.0,284,36.09898376464844,fresh_online_exploration,15,18,1.0,1.0,10.25088119506836,4.460686206817627,5.884490966796875
213408,17,1.0044487714767456,1.0044487714767456,1.0045469999313354,9.825196320889518e-05,1.0,1.0,0.0,0.0,0.0,275,35.9089241027832,fresh_online_exploration,15,18,1.0,1.0,10.343239784240723,4.49835205078125,6.217181205749512
213600,43,1.0012351274490356,1.0012351274490356,1.0230560302734375,0.021820928901433945,1.0,1.0,0.0,0.0,0.0,279,36.12052917480469,fresh_online_exploration,15,18,0.9994285702705383,0.9942857027053833,10.190378189086914,4.491273403167725,5.900607585906982
213696,50,1.0007563829421997,1.0007563829421997,1.0202361345291138,0.019479932263493538,1.0,1.0,0.0,0.0,0.0,276,35.82734680175781,fresh_online_exploration,15,18,1.0,1.0,10.301464080810547,4.4490966796875,6.126896858215332
213696,56,1.0055499076843262,1.0055499076843262,1.0056428909301758,9.303434489993379e-05,1.0,1.0,0.0,0.0,0.0,286,36.13662338256836,fresh_online_exploration,15,18,1.0,1.0,10.200763702392578,4.459247589111328,5.816079616546631
213696,69,1.0033575296401978,1.0033575296401978,1.0035052299499512,0.0001477699406677857,1.0,1.0,0.0,0.0,0.0,281,36.052764892578125,fresh_online_exploration,15,18,1.0,1.0,10.22555923461914,4.465386867523193,5.941694259643555
213984,49,1.0047686100006104,1.0047686100006104,1.0052287578582764,0.000460168783320114,1.0,1.0,0.0,0.0,0.0,280,36.0772590637207,fresh_online_exploration,15,18,1.0,1.0,10.303018569946289,4.458697319030762,6.038674831390381
214080,2,1.0040887594223022,1.0040887594223022,1.0079563856124878,0.0038675968535244465,1.0,1.0,0.0,0.0,0.0,284,36.11397171020508,fresh_online_exploration,15,18,1.0,1.0,10.193175315856934,4.485749244689941,5.853030204772949
214080,92,1.002555251121521,1.002555251121521,1.0026066303253174,5.1330374844837934e-05,1.0,1.0,0.0,0.0,0.0,278,35.93644714355469,fresh_online_exploration,15,18,1.0,1.0,10.269576072692871,4.471977710723877,6.0574212074279785
214176,8,1.005225658416748,1.005225658416748,1.009182333946228,0.003956695087254047,1.0,1.0,0.0,0.0,0.0,278,35.97733688354492,fresh_online_exploration,15,18,1.0,1.0,10.287942886352539,4.494071960449219,6.091230392456055
214176,70,1.0004441738128662,1.0004441738128662,1.0005853176116943,0.00014112483768258244,1.0,1.0,0.0,0.0,0.0,282,35.89318084716797,fresh_online_exploration,15,18,1.0,1.0,10.217928886413574,4.441379547119141,5.955418109893799
214176,76,1.0008361339569092,1.0008361339569092,1.018892526626587,0.018056131899356842,1.0,1.0,0.0,0.0,0.0,278,35.93064880371094,fresh_online_exploration,15,18,1.0,1.0,10.237523078918457,4.485450744628906,6.073481559753418
214368,24,1.005410075187683,1.005410075187683,1.0055205821990967,0.00011053922935388982,1.0,1.0,0.0,0.0,0.0,281,35.72516632080078,fresh_online_exploration,15,18,1.0,1.0,10.317510604858398,4.470505237579346,5.498491287231445
214368,39,1.001879334449768,1.001879334449768,1.011094093322754,0.009214884601533413,1.0,1.0,0.0,0.0,0.0,277,35.889366149902344,fresh_online_exploration,15,18,1.0,1.0,10.225655555725098,4.463958263397217,6.100095272064209
214368,90,1.0005033016204834,1.0005033016204834,1.0214130878448486,0.02090972289443016,1.0,1.0,0.0,0.0,0.0,275,35.88184356689453,fresh_online_exploration,15,18,1.0,1.0,10.257774353027344,4.51163387298584,6.20004415512085
214560,51,1.0035072565078735,1.0035072565078735,1.0078539848327637,0.004346666391938925,1.0,1.0,0.0,0.0,0.0,286,36.202213287353516,fresh_online_exploration,15,18,1.0,1.0,10.20915412902832,4.456788063049316,5.837978839874268
214656,27,1.0012478828430176,1.0012478828430176,1.0012625455856323,1.4633482351200655e-05,1.0,1.0,0.0,0.0,0.0,281,35.984859466552734,fresh_online_exploration,15,18,1.0,1.0,10.2345552444458,4.468448638916016,5.967132091522217
214656,47,1.0035403966903687,1.0035403966903687,1.0042123794555664,0.0006720095407217741,1.0,1.0,0.0,0.0,0.0,279,36.02647399902344,fresh_online_exploration,15,18,1.0,1.0,10.313482284545898,4.499100685119629,6.047004699707031
214656,79,1.0025088787078857,1.0025088787078857,1.0025173425674438,8.487660124956165e-06,1.0,1.0,0.0,0.0,0.0,285,36.155517578125,fresh_online_exploration,15,18,1.0,1.0,10.234519004821777,4.492441177368164,5.823929786682129
214752,29,1.0003712177276611,1.0003712177276611,1.0036072731018066,0.0032360441982746124,1.0,1.0,0.0,0.0,0.0,280,35.891517639160156,fresh_online_exploration,15,18,1.0,1.0,10.242561340332031,4.483771324157715,5.968457221984863
214752,67,1.0051486492156982,1.0051486492156982,1.0305471420288086,0.02539842389523983,1.0,1.0,0.0,0.0,0.0,271,35.79970169067383,fresh_online_exploration,15,18,1.0,1.0,10.270103454589844,4.492202281951904,6.304381847381592
214752,72,1.003648042678833,1.003648042678833,1.0083458423614502,0.004697734490036964,1.0,1.0,0.0,0.0,0.0,290,36.226715087890625,fresh_online_exploration,15,18,1.0,1.0,10.154881477355957,4.4653801918029785,5.6696929931640625
214752,93,1.005098819732666,1.005098819732666,1.0083024501800537,0.003203741507604718,1.0,1.0,0.0,0.0,0.0,277,35.971412658691406,fresh_online_exploration,15,18,1.0,1.0,10.260486602783203,4.473464012145996,6.151021957397461
214752,95,1.000002145767212,1.000002145767212,1.0000770092010498,7.49161044950597e-05,1.0,1.0,0.0,0.0,0.0,286,35.7523193359375,fresh_online_exploration,15,18,1.0,1.0,10.171666145324707,4.512491226196289,5.344568252563477
214848,3,1.00374436378479,1.00374436378479,1.0037522315979004,7.91868478700053e-06,1.0,1.0,0.0,0.0,0.0,285,35.7359619140625,fresh_online_exploration,15,18,1.0,1.0,10.323074340820312,4.512065410614014,5.298508167266846
214848,52,1.005787968635559,1.005787968635559,1.0100228786468506,0.004234857391566038,1.0,1.0,0.0,0.0,0.0,283,35.78183364868164,fresh_online_exploration,15,18,1.0,1.0,10.276963233947754,4.452479362487793,5.4330596923828125
214944,88,1.0002087354660034,1.0002087354660034,1.0002727508544922,6.395363743649796e-05,1.0,1.0,0.0,0.0,0.0,286,35.77431106567383,fresh_online_exploration,15,18,1.0,1.0,10.23128604888916,4.481150150299072,5.332065105438232
215040,37,1.0011769533157349,1.0011769533157349,1.001537561416626,0.0003605359233915806,1.0,1.0,0.0,0.0,0.0,287,36.1294059753418,fresh_online_exploration,15,18,1.0,1.0,10.182439804077148,4.492660045623779,5.773588180541992
215136,18,1.0004453659057617,1.0004453659057617,1.0192127227783203,0.01876729167997837,1.0,1.0,0.0,0.0,0.0,280,35.592994689941406,fresh_online_exploration,15,18,1.0,1.0,10.317076683044434,4.4881086349487305,5.484417915344238
215136,75,1.0020370483398438,1.0020370483398438,1.0024917125701904,0.0004546126874629408,1.0,1.0,0.0,0.0,0.0,286,35.757965087890625,fresh_online_exploration,15,18,1.0,1.0,10.230645179748535,4.458053112030029,5.300642013549805
215232,48,1.0015407800674438,1.0015407800674438,1.0047059059143066,0.0031651814933866262,1.0,1.0,0.0,0.0,0.0,282,35.97835159301758,fresh_online_exploration,15,18,1.0,1.0,10.203776359558105,4.456990718841553,5.876847743988037
215232,54,1.0051932334899902,1.0051932334899902,1.0154197216033936,0.010226638987660408,1.0,1.0,0.0,0.0,0.0,281,36.03779602050781,fresh_online_exploration,15,18,1.0,1.0,10.271702766418457,4.4878387451171875,5.956848621368408
215232,74,1.0004785060882568,1.0004785060882568,1.0004949569702148,1.636498018342536e-05,1.0,1.0,0.0,0.0,0.0,291,35.830833435058594,fresh_online_exploration,15,18,1.0,1.0,10.160714149475098,4.501402854919434,5.153355121612549
215328,15,1.006956696510315,1.006956696510315,1.0202016830444336,0.01324499398469925,1.0,1.0,0.0,0.0,0.0,281,36.04480743408203,fresh_online_exploration,15,18,1.0,1.0,10.24404525756836,4.4895782470703125,5.965304374694824
215424,7,1.0014816522598267,1.0014816522598267,1.005466341972351,0.003984665032476187,1.0,1.0,0.0,0.0,0.0,281,35.98594284057617,fresh_online_exploration,15,18,1.0,1.0,10.195906639099121,4.509688377380371,5.982415676116943
215424,62,1.002897024154663,1.002897024154663,1.002959966659546,6.296157516771927e-05,1.0,1.0,0.0,0.0,0.0,289,36.24867630004883,fresh_online_exploration,15,18,1.0,1.0,10.17375373840332,4.481014728546143,5.65831184387207
215424,86,1.00285005569458,1.00285005569458,1.0052378177642822,0.0023877406492829323,1.0,1.0,0.0,0.0,0.0,285,36.13190841674805,fresh_online_exploration,15,18,1.0,1.0,10.175589561462402,4.492042064666748,5.8350934982299805
215520,58,1.0041180849075317,1.0041180849075317,1.0043392181396484,0.00022117132903076708,1.0,1.0,0.0,0.0,0.0,287,35.862571716308594,fresh_online_exploration,15,18,1.0,1.0,10.2359619140625,4.511808395385742,5.383609771728516
215616,5,1.0010088682174683,1.0010088682174683,1.0010311603546143,2.2363936295732856e-05,1.0,1.0,0.0,0.0,0.0,286,36.1126708984375,fresh_online_exploration,15,18,1.0,1.0,10.195725440979004,4.4569902420043945,5.73919677734375
215616,25,1.005957007408142,1.005957007408142,1.009751796722412,0.0037946703378111124,1.0,1.0,0.0,0.0,0.0,283,36.14630889892578,fresh_online_exploration,15,18,1.0,1.0,10.183978080749512,4.5015645027160645,5.96367073059082
215616,83,1.0044219493865967,1.0044219493865967,1.0058493614196777,0.001427408424206078,1.0,1.0,0.0,0.0,0.0,280,35.569602966308594,fresh_online_exploration,15,18,1.0,1.0,10.367319107055664,4.470041275024414,5.458468437194824
215712,30,1.0018301010131836,1.0018301010131836,1.0022742748260498,0.000444213452283293,1.0,1.0,0.0,0.0,0.0,286,35.81134033203125,fresh_online_exploration,15,18,1.0,1.0,10.381145477294922,4.497570037841797,5.381490707397461
215712,36,1.0021268129348755,1.0021268129348755,1.0022400617599487,0.00011330209963489324,1.0,1.0,0.0,0.0,0.0,278,35.92811584472656,fresh_online_exploration,15,18,1.0,1.0,10.31494140625,4.4256911277771,6.025168418884277
215808,31,1.0027376413345337,1.0027376413345337,1.0107414722442627,0.00800398550927639,1.0,1.0,0.0,0.0,0.0,287,36.12902069091797,fresh_online_exploration,15,18,1.0,1.0,10.16226577758789,4.480889320373535,5.77597713470459
215904,23,1.0049922466278076,1.0049922466278076,1.0054723024368286,0.00048004116979427636,1.0,1.0,0.0,0.0,0.0,283,36.047698974609375,fresh_online_exploration,15,18,1.0,1.0,10.208663940429688,4.415623664855957,5.871466159820557
215904,26,1.0059765577316284,1.0059765577316284,1.010321855545044,0.00434525590389967,1.0,1.0,0.0,0.0,0.0,285,36.17778015136719,fresh_online_exploration,15,18,1.0,1.0,10.213424682617188,4.474085807800293,5.879149913787842
216096,40,1.005336046218872,1.005336046218872,1.0358026027679443,0.030466552823781967,1.0,1.0,0.0,0.0,0.0,284,36.119842529296875,fresh_online_exploration,15,18,0.9994382023811341,0.9943820238113403,10.20857048034668,4.509514331817627,5.816562175750732
216192,9,1.003741979598999,1.003741979598999,1.0037710666656494,2.9021013688179664e-05,1.0,1.0,0.0,0.0,0.0,289,36.18877410888672,fresh_online_exploration,15,18,1.0,1.0,10.186508178710938,4.505476474761963,5.6485090255737305
216192,46,1.002048134803772,1.002048134803772,1.0210039615631104,0.01895572803914547,1.0,1.0,0.0,0.0,0.0,280,35.90742492675781,fresh_online_exploration,15,18,1.0,1.0,10.2664155960083,4.430673599243164,5.969536781311035
216288,80,1.0028162002563477,1.0028162002563477,1.0028254985809326,9.360611329611856e-06,1.0,1.0,0.0,0.0,0.0,293,35.880126953125,fresh_online_exploration,15,18,1.0,1.0,10.196224212646484,4.486706256866455,5.0915913581848145
216576,33,1.0000635385513306,1.0000635385513306,1.0000747442245483,1.1225592061236966e-05,1.0,1.0,0.0,0.0,0.0,290,35.766483306884766,fresh_online_exploration,15,18,1.0,1.0,10.138111114501953,4.473537921905518,5.170283317565918
216576,82,1.0042492151260376,1.0042492151260376,1.0043506622314453,0.0001014565204968676,1.0,1.0,0.0,0.0,0.0,281,36.05809020996094,fresh_online_exploration,15,18,1.0,1.0,10.185227394104004,4.473785400390625,5.895009517669678
216672,32,1.0029419660568237,1.0029419660568237,1.002960205078125,1.81710856850259e-05,1.0,1.0,0.0,0.0,0.0,289,35.919708251953125,fresh_online_exploration,15,18,1.0,1.0,10.264728546142578,4.480801582336426,5.240844249725342
216672,77,1.0061062574386597,1.0061062574386597,1.0189602375030518,0.012853970751166344,1.0,1.0,0.0,0.0,0.0,284,35.818077087402344,fresh_online_exploration,15,18,1.0,1.0,10.236149787902832,4.491903305053711,5.398968696594238
216768,64,1.0005666017532349,1.0005666017532349,1.000580906867981,1.4300345355877653e-05,1.0,1.0,0.0,0.0,0.0,290,35.821754455566406,fresh_online_exploration,15,18,1.0,1.0,10.159309387207031,4.515696048736572,5.2085490226745605
216768,68,1.0024189949035645,1.0024189949035645,1.0024720430374146,5.303582292981446e-05,1.0,1.0,0.0,0.0,0.0,294,36.31410217285156,fresh_online_exploration,15,18,1.0,1.0,10.11384105682373,4.472262859344482,5.534040451049805
216864,89,1.004018783569336,1.004018783569336,1.0053226947784424,0.0013039439218118787,1.0,1.0,0.0,0.0,0.0,292,35.885719299316406,fresh_online_exploration,15,18,1.0,1.0,10.20649242401123,4.501266956329346,5.125572204589844
216960,20,1.0007904767990112,1.0007904767990112,1.00083327293396,4.2779040086315945e-05,1.0,1.0,0.0,0.0,0.0,290,35.8582878112793,fresh_online_exploration,15,18,1.0,1.0,10.18746566772461,4.482935905456543,5.193917751312256
216960,38,1.0009886026382446,1.0009886026382446,1.001024842262268,3.623431985033676e-05,1.0,1.0,0.0,0.0,0.0,286,36.085697174072266,fresh_online_exploration,15,18,1.0,1.0,10.17655086517334,4.483102321624756,5.711792469024658
216960,45,1.0049654245376587,1.0049654245376587,1.0049810409545898,1.5501436791964807e-05,1.0,1.0,0.0,0.0,0.0,289,35.870361328125,fresh_online_exploration,15,18,1.0,1.0,10.174294471740723,4.512305736541748,5.228543758392334
216960,65,1.0029093027114868,1.0029093027114868,1.0029172897338867,8.00179986981675e-06,1.0,1.0,0.0,0.0,0.0,284,36.08172607421875,fresh_online_exploration,15,18,1.0,1.0,10.278782844543457,4.478780746459961,5.848382472991943
217056,34,1.0033503770828247,1.0033503770828247,1.0044105052947998,0.0010600655805319548,1.0,1.0,0.0,0.0,0.0,287,36.12294387817383,fresh_online_exploration,15,18,1.0,1.0,10.198016166687012,4.504222393035889,5.761193752288818
217152,6,1.0038350820541382,1.0038350820541382,1.0081455707550049,0.00431054225191474,1.0,1.0,0.0,0.0,0.0,293,36.420433044433594,fresh_online_exploration,15,18,1.0,1.0,10.136826515197754,4.423531532287598,5.5680646896362305
217248,28,1.0037420988082886,1.0037420988082886,1.0037498474121094,7.699235538893845e-06,1.0,1.0,0.0,0.0,0.0,294,35.978267669677734,fresh_online_exploration,15,18,1.0,1.0,10.104863166809082,4.40955924987793,5.0558366775512695
217344,11,1.0046616792678833,1.0046616792678833,1.0048823356628418,0.00022066751262173057,1.0,1.0,0.0,0.0,0.0,283,36.1357421875,fresh_online_exploration,16,18,1.0,1.0,10.241719245910645,4.47835636138916,5.949254989624023
217344,94,1.001489520072937,1.001489520072937,1.001641035079956,0.00015149552200455219,1.0,1.0,0.0,0.0,0.0,288,35.77829360961914,fresh_online_exploration,15,18,1.0,1.0,10.210143089294434,4.479094505310059,5.215847969055176
217440,0,1.001168966293335,1.001168966293335,1.025442361831665,0.024273479357361794,1.0,1.0,0.0,0.0,0.0,291,36.245941162109375,fresh_online_exploration,15,18,1.0,1.0,10.10282039642334,4.506392955780029,5.569580078125
217440,35,1.0023689270019531,1.0023689270019531,1.0026826858520508,0.0003137516905553639,1.0,1.0,0.0,0.0,0.0,287,36.2158203125,fresh_online_exploration,15,18,1.0,1.0,10.223431587219238,4.512669563293457,5.708451271057129
217440,57,1.0009219646453857,1.0009219646453857,1.0009382963180542,1.6348911231034435e-05,1.0,1.0,0.0,0.0,0.0,294,35.90781784057617,fresh_online_exploration,15,18,1.0,1.0,10.117581367492676,4.493443489074707,5.058952331542969
217440,59,1.000665545463562,1.000665545463562,1.0007567405700684,9.126444638241082e-05,1.0,1.0,0.0,0.0,0.0,289,35.85791015625,fresh_online_exploration,15,18,1.0,1.0,10.152642250061035,4.460238933563232,5.277950763702393
217632,12,1.005026936531067,1.005026936531067,1.0050355195999146,8.594340215495322e-06,1.0,1.0,0.0,0.0,0.0,294,36.03036117553711,fresh_online_exploration,15,18,1.0,1.0,10.13232707977295,4.517797470092773,5.120676040649414
217632,66,1.0033001899719238,1.0033001899719238,1.0033574104309082,5.717711610486731e-05,1.0,1.0,0.0,0.0,0.0,291,35.8624153137207,fresh_online_exploration,15,18,1.0,1.0,10.169438362121582,4.467471122741699,5.147231101989746
217632,71,1.00045907497406,1.00045907497406,1.0058629512786865,0.005403883755207062,1.0,1.0,0.0,0.0,0.0,287,36.10260772705078,fresh_online_exploration,15,18,1.0,1.0,10.171546936035156,4.436787128448486,5.660969257354736
217632,87,1.005398154258728,1.005398154258728,1.0054242610931396,2.621613020892255e-05,1.0,1.0,0.0,0.0,0.0,288,35.934146881103516,fresh_online_exploration,15,18,1.0,1.0,10.146790504455566,4.446559429168701,5.295959949493408
217728,14,1.002639651298523,1.002639651298523,1.0027133226394653,7.367098442045972e-05,1.0,1.0,0.0,1.0,0.0,296,36.028533935546875,fresh_online_exploration,15,18,1.0,1.0,10.055070877075195,4.4218220710754395,5.034759521484375
217824,21,1.0020116567611694,1.0020116567611694,1.0020233392715454,1.169676488643745e-05,1.0,1.0,0.0,0.0,0.0,286,36.1763916015625,fresh_online_exploration,16,18,1.0,1.0,10.1628999710083,4.476791858673096,5.6971049308776855
217824,53,1.0026987791061401,1.0026987791061401,1.0027823448181152,8.349910785909742e-05,1.0,1.0,0.0,0.0,0.0,282,36.10375213623047,fresh_online_exploration,16,18,1.0,1.0,10.215518951416016,4.456197261810303,5.889836311340332
217824,60,1.0010898113250732,1.0010898113250732,1.0011234283447266,3.359984839335084e-05,1.0,1.0,0.0,0.0,0.0,287,36.188819885253906,fresh_online_exploration,16,18,1.0,1.0,10.150833129882812,4.473247528076172,5.700498580932617
217920,85,1.000848650932312,1.000848650932312,1.000864863395691,1.623747630219441e-05,1.0,1.0,0.0,0.0,0.0,289,35.82202911376953,fresh_online_exploration,16,18,1.0,1.0,10.15288257598877,4.476013660430908,5.223188400268555
218016,10,1.0051811933517456,1.0051811933517456,1.0052069425582886,2.5750836357474327e-05,1.0,1.0,0.0,0.0,0.0,289,35.875186920166016,fresh_online_exploration,16,18,1.0,1.0,10.187159538269043,4.46549654006958,5.202354431152344
218208,61,1.0039767026901245,1.0039767026901245,1.0039923191070557,1.5607660316163674e-05,1.0,1.0,0.0,1.0,0.0,297,36.05391311645508,fresh_online_exploration,15,18,1.0,1.0,10.066486358642578,4.448493480682373,4.973654747009277
218304,44,1.002490758895874,1.002490758895874,1.0024983882904053,7.6051205724070314e-06,1.0,1.0,0.0,0.0,0.0,294,35.90723419189453,fresh_online_exploration,15,18,1.0,1.0,10.130764961242676,4.469220161437988,5.072412967681885
218496,42,1.0026074647903442,1.0026074647903442,1.006411075592041,0.0038037323392927647,1.0,1.0,0.0,0.0,0.0,280,35.97370147705078,fresh_online_exploration,16,18,1.0,1.0,10.206113815307617,4.5100274085998535,5.953328609466553
218496,55,1.0013943910598755,1.0013943910598755,1.0022481679916382,0.0008537585381418467,1.0,1.0,0.0,0.0,0.0,290,36.197879791259766,fresh_online_exploration,16,18,1.0,1.0,10.166420936584473,4.476171970367432,5.620006561279297
218592,78,1.005144715309143,1.005144715309143,1.0052542686462402,0.000109591826912947,1.0,1.0,0.0,0.0,0.0,288,36.22641372680664,fresh_online_exploration,16,18,1.0,1.0,10.183963775634766,4.477304935455322,5.718565940856934
218688,16,1.001366376876831,1.001366376876831,1.0013878345489502,2.1508836653083563e-05,1.0,1.0,0.0,0.0,0.0,288,36.209781646728516,fresh_online_exploration,16,18,1.0,1.0,10.114569664001465,4.519564628601074,5.655513763427734
218784,41,1.0013296604156494,1.0013296604156494,1.009892225265503,0.008562511764466763,1.0,1.0,0.0,0.0,0.0,276,35.83721160888672,fresh_online_exploration,16,18,1.0,1.0,10.158469200134277,4.472540855407715,6.083733081817627
219552,19,1.003452181816101,1.003452181816101,1.0034701824188232,1.80255501618376e-05,1.0,1.0,0.0,0.0,0.0,292,35.96567916870117,fresh_online_exploration,16,18,1.0,1.0,10.147027969360352,4.478802680969238,5.180913925170898
220032,1,1.0022884607315063,1.0022884607315063,1.0034154653549194,0.0011269841343164444,1.0,1.0,0.0,0.0,0.0,291,36.23459243774414,fresh_online_exploration,16,18,1.0,1.0,10.110084533691406,4.518648624420166,5.61332893371582
235872,84,1.000800609588623,1.000800609588623,1.0194411277770996,0.01864054799079895,1.0,1.0,0.0,0.0,0.0,270,35.440147399902344,fresh_online_exploration,17,20,1.0,1.0,10.250288963317871,4.694424152374268,5.95609712600708
238848,22,1.0000333786010742,1.0000333786010742,1.0000884532928467,5.5071919632609934e-05,1.0,1.0,0.0,0.0,0.0,279,35.95653533935547,fresh_online_exploration,18,20,1.0,1.0,10.236125946044922,4.679253101348877,5.982767105102539
239232,81,1.0031623840332031,1.0031623840332031,1.0032031536102295,4.085028194822371e-05,1.0,1.0,0.0,0.0,0.0,284,36.086639404296875,fresh_online_exploration,18,20,1.0,1.0,10.187094688415527,4.651693344116211,5.772085666656494
239328,4,1.0040255784988403,1.0040255784988403,1.0040701627731323,4.460411946638487e-05,1.0,1.0,0.0,0.0,0.0,278,35.98418426513672,fresh_online_exploration,18,20,1.0,1.0,10.279443740844727,4.706636428833008,6.039699554443359
239520,13,1.0008299350738525,1.0008299350738525,1.0008385181427002,8.640252417535521e-06,1.0,1.0,0.0,0.0,0.0,281,35.67345428466797,fresh_online_exploration,18,20,1.0,1.0,10.30757999420166,4.655821800231934,5.512977123260498
239616,63,1.0031973123550415,1.0031973123550415,1.0068235397338867,0.0036263088695704937,1.0,1.0,0.0,0.0,0.0,279,36.02630615234375,fresh_online_exploration,18,20,1.0,1.0,10.26462459564209,4.709079742431641,6.058414459228516
240096,56,1.0027881860733032,1.0027881860733032,1.0044960975646973,0.0017079967074096203,1.0,1.0,0.0,0.0,0.0,275,35.54450988769531,fresh_online_exploration,18,21,1.0,1.0,10.331878662109375,4.690849781036377,5.729846000671387
240288,69,1.0035128593444824,1.0035128593444824,1.003847599029541,0.00033470673952251673,1.0,1.0,0.0,0.0,0.0,277,35.58203887939453,fresh_online_exploration,18,21,1.0,1.0,10.360553741455078,4.689115524291992,5.601608753204346
240288,73,1.0023105144500732,1.0023105144500732,1.0023192167282104,8.69613722898066e-06,1.0,1.0,0.0,0.0,0.0,284,36.10816955566406,fresh_online_exploration,18,21,1.0,1.0,10.24439811706543,4.679007053375244,5.8843464851379395
240384,91,1.001617431640625,1.001617431640625,1.0020978450775146,0.00048045816947706044,1.0,1.0,0.0,0.0,0.0,282,36.05891418457031,fresh_online_exploration,18,21,1.0,1.0,10.30167007446289,4.710273742675781,5.9527506828308105
240480,8,1.0021705627441406,1.0021705627441406,1.0172491073608398,0.015078318305313587,1.0,1.0,0.0,0.0,0.0,274,35.83716583251953,fresh_online_exploration,18,21,1.0,1.0,10.298441886901855,4.701182842254639,6.2179365158081055
240480,17,1.0050926208496094,1.0050926208496094,1.0055763721466064,0.00048372973105870187,1.0,1.0,0.0,0.0,0.0,282,35.66939163208008,fresh_online_exploration,18,21,1.0,1.0,10.263983726501465,4.66701602935791,5.441444396972656
240480,43,1.0061018466949463,1.0061018466949463,1.006763219833374,0.0006612954312004149,1.0,1.0,0.0,0.0,0.0,280,35.68553924560547,fresh_online_exploration,18,21,1.0,1.0,10.389971733093262,4.725836277008057,5.5221381187438965
240672,70,1.0052170753479004,1.0052170753479004,1.008162260055542,0.002945089479908347,1.0,1.0,0.0,0.0,0.0,276,35.87220764160156,fresh_online_exploration,18,21,1.0,1.0,10.309537887573242,4.717339992523193,6.166144847869873
240768,50,1.0058529376983643,1.0058529376983643,1.0062994956970215,0.00044654138037003577,1.0,1.0,0.0,0.0,0.0,282,35.70663070678711,fresh_online_exploration,18,21,1.0,1.0,10.300887107849121,4.677960395812988,5.4379167556762695
240864,92,1.0048527717590332,1.0048527717590332,1.0048930644989014,4.0236707718577236e-05,1.0,1.0,0.0,0.0,0.0,279,36.018428802490234,fresh_online_exploration,18,21,1.0,1.0,10.316240310668945,4.714515686035156,6.01186990737915
240960,24,1.0033257007598877,1.0033257007598877,1.0151647329330444,0.011839071288704872,1.0,1.0,0.0,0.0,0.0,277,35.636959075927734,fresh_online_exploration,18,21,1.0,1.0,10.379921913146973,4.684205055236816,5.620607376098633
241152,2,1.0038514137268066,1.0038514137268066,1.0038610696792603,9.628068255551625e-06,1.0,1.0,0.0,0.0,0.0,282,35.72887420654297,fresh_online_exploration,18,21,1.0,1.0,10.343996047973633,4.684094429016113,5.479418754577637
241152,47,1.0004740953445435,1.0004740953445435,1.0020172595977783,0.0015431609936058521,1.0,1.0,0.0,0.0,0.0,276,35.901771545410156,fresh_online_exploration,18,21,1.0,1.0,10.309257507324219,4.711733341217041,6.120712757110596
241248,29,1.0018107891082764,1.0018107891082764,1.0021212100982666,0.0003104246861767024,1.0,1.0,0.0,0.0,0.0,276,35.85892105102539,fresh_online_exploration,18,21,1.0,1.0,10.285407066345215,4.768064498901367,6.095109939575195
241248,39,1.006500482559204,1.006500482559204,1.0065149068832397,1.4389202078746166e-05,1.0,1.0,0.0,0.0,0.0,280,36.1300048828125,fresh_online_exploration,18,21,1.0,1.0,10.262683868408203,4.69916296005249,6.031116485595703
241248,52,1.0007072687149048,1.0007072687149048,1.0060453414916992,0.005338124930858612,1.0,1.0,0.0,0.0,0.0,275,35.51311492919922,fresh_online_exploration,18,21,1.0,1.0,10.280019760131836,4.691515922546387,5.717240810394287
241248,72,1.001367211341858,1.001367211341858,1.0082710981369019,0.006903897970914841,1.0,1.0,0.0,0.0,0.0,276,35.58338165283203,fresh_online_exploration,18,21,1.0,1.0,10.328167915344238,4.748282432556152,5.676581382751465
241248,76,1.0041649341583252,1.0041649341583252,1.0085718631744385,0.0044069550931453705,1.0,1.0,0.0,0.0,0.0,282,36.080787658691406,fresh_online_exploration,18,21,1.0,1.0,10.233708381652832,4.731245040893555,5.955225944519043
241344,90,1.0025743246078491,1.0025743246078491,1.0070018768310547,0.004427566658705473,1.0,1.0,0.0,0.0,0.0,281,36.072296142578125,fresh_online_exploration,18,21,1.0,1.0,10.272944450378418,4.688912868499756,6.006180763244629
241440,27,1.0052841901779175,1.0052841901779175,1.0093772411346436,0.00409315712749958,1.0,1.0,0.0,0.0,0.0,279,36.07776641845703,fresh_online_exploration,18,21,1.0,1.0,10.29831314086914,4.708824157714844,6.071135997772217
241440,49,1.001488208770752,1.001488208770752,1.005415439605713,0.003927231300622225,1.0,1.0,0.0,0.0,0.0,286,36.166603088378906,fresh_online_exploration,18,21,1.0,1.0,10.292669296264648,4.708883762359619,5.815616130828857
241632,79,1.001434326171875,1.001434326171875,1.0051512718200684,0.0037169542629271746,1.0,1.0,0.0,0.0,0.0,281,36.069881439208984,fresh_online_exploration,18,21,1.0,1.0,10.288827896118164,4.706023216247559,5.983893871307373
241728,18,1.0019948482513428,1.0019948482513428,1.0066041946411133,0.00460929935798049,1.0,1.0,0.0,0.0,0.0,277,35.93946838378906,fresh_online_exploration,18,21,1.0,1.0,10.285099983215332,4.698264122009277,6.087136745452881
241824,3,1.0056226253509521,1.0056226253509521,1.0173977613449097,0.011775078251957893,1.0,1.0,0.0,0.0,0.0,281,35.74042510986328,fresh_online_exploration,18,21,1.0,1.0,10.466578483581543,4.707483768463135,5.496791362762451
241824,58,1.003462553024292,1.003462553024292,1.0185775756835938,0.015114923939108849,1.0,1.0,0.0,0.0,0.0,274,35.87480926513672,fresh_online_exploration,18,21,1.0,1.0,10.373197555541992,4.736166954040527,6.215787887573242
241824,67,1.0027904510498047,1.0027904510498047,1.004305362701416,0.0015148764941841364,1.0,1.0,0.0,0.0,0.0,282,36.12084197998047,fresh_online_exploration,18,21,1.0,1.0,10.302836418151855,4.746403217315674,5.933617115020752
241824,93,1.0056134462356567,1.0056134462356567,1.0057233572006226,0.00010991559975082055,1.0,1.0,0.0,0.0,0.0,282,36.09110641479492,fresh_online_exploration,18,21,1.0,1.0,10.240571975708008,4.751616954803467,5.96265172958374
241920,37,1.0013874769210815,1.0013874769210815,1.0014235973358154,3.61802194674965e-05,1.0,1.0,0.0,0.0,0.0,280,35.96662139892578,fresh_online_exploration,18,21,1.0,1.0,10.273569107055664,4.737804889678955,6.001612663269043
241920,51,1.0022673606872559,1.0022673606872559,1.0067163705825806,0.0044490620493888855,1.0,1.0,0.0,0.0,0.0,285,36.16022491455078,fresh_online_exploration,18,21,1.0,1.0,10.258089065551758,4.717568874359131,5.850211143493652
241920,75,1.0042901039123535,1.0042901039123535,1.0043234825134277,3.341195406392217e-05,1.0,1.0,0.0,0.0,0.0,279,36.016258239746094,fresh_online_exploration,18,21,1.0,1.0,10.229979515075684,4.699552059173584,6.061898708343506
241920,88,1.0015584230422974,1.0015584230422974,1.0017404556274414,0.00018211003043688834,1.0,1.0,0.0,0.0,0.0,281,36.05400085449219,fresh_online_exploration,18,21,1.0,1.0,10.302639961242676,4.712089538574219,5.991761684417725
242112,54,1.0025242567062378,1.0025242567062378,1.0027697086334229,0.00024548708461225033,1.0,1.0,0.0,0.0,0.0,280,35.99211120605469,fresh_online_exploration,18,21,1.0,1.0,10.302483558654785,4.731888771057129,6.013097286224365
242112,74,1.0023568868637085,1.0023568868637085,1.0023971796035767,4.030614218208939e-05,1.0,1.0,0.0,0.0,0.0,280,35.65085983276367,fresh_online_exploration,18,21,1.0,1.0,10.367399215698242,4.739105224609375,5.517509460449219
242112,95,1.0034562349319458,1.0034562349319458,1.0079562664031982,0.004500021692365408,1.0,1.0,0.0,0.0,0.0,285,36.14094543457031,fresh_online_exploration,18,21,1.0,1.0,10.229165077209473,4.723927021026611,5.851258754730225
242304,15,1.0026153326034546,1.0026153326034546,1.0027010440826416,8.578276174375787e-05,1.0,1.0,0.0,0.0,0.0,281,35.70714569091797,fresh_online_exploration,18,21,1.0,1.0,10.3128662109375,4.717798709869385,5.494784832000732
242304,62,1.003747820854187,1.003747820854187,1.003755807876587,8.032703590288293e-06,1.0,1.0,0.0,0.0,0.0,280,36.04051208496094,fresh_online_exploration,18,21,1.0,1.0,10.268263816833496,4.721370697021484,6.016105651855469
242496,5,1.0006637573242188,1.0006637573242188,1.0054895877838135,0.004825802519917488,1.0,1.0,0.0,0.0,0.0,280,35.643699645996094,fresh_online_exploration,18,21,1.0,1.0,10.36648178100586,4.7008819580078125,5.539753437042236
242496,48,1.0039618015289307,1.0039618015289307,1.0039781332015991,1.6325604519806802e-05,1.0,1.0,0.0,0.0,0.0,284,35.760520935058594,fresh_online_exploration,18,21,1.0,1.0,10.300683975219727,4.713913440704346,5.375846862792969
242592,30,1.0005460977554321,1.0005460977554321,1.000680923461914,0.00013475427113007754,1.0,1.0,0.0,0.0,0.0,280,35.606170654296875,fresh_online_exploration,18,21,1.0,1.0,10.291732788085938,4.7409563064575195,5.516664028167725
242688,23,1.000523328781128,1.000523328781128,1.0005581378936768,3.4803146263584495e-05,1.0,1.0,0.0,0.0,0.0,279,35.911041259765625,fresh_online_exploration,18,21,1.0,1.0,10.279241561889648,4.740072250366211,6.007845401763916
242688,86,1.0057514905929565,1.0057514905929565,1.0057640075683594,1.2569473256007768e-05,1.0,1.0,0.0,0.0,0.0,284,35.84165573120117,fresh_online_exploration,18,21,1.0,1.0,10.272150993347168,4.7353386878967285,5.444486618041992
242784,31,1.0021196603775024,1.0021196603775024,1.0021376609802246,1.7993326764553785e-05,1.0,1.0,0.0,0.0,0.0,281,35.60468292236328,fresh_online_exploration,18,21,1.0,1.0,10.413061141967773,4.7204155921936035,5.495242118835449
242880,7,1.0016846656799316,1.0016846656799316,1.001746654510498,6.19769562035799e-05,1.0,1.0,0.0,0.0,0.0,286,35.75541687011719,fresh_online_exploration,18,21,1.0,1.0,10.228153228759766,4.7443952560424805,5.290947437286377
242880,83,1.0050960779190063,1.0050960779190063,1.0052592754364014,0.0001632264320505783,1.0,1.0,0.0,0.0,0.0,284,35.72576904296875,fresh_online_exploration,18,21,1.0,1.0,10.34699821472168,4.714049816131592,5.376548767089844
242976,9,1.0019761323928833,1.0019761323928833,1.0021815299987793,0.00020545492589008063,1.0,1.0,0.0,0.0,0.0,279,35.97528839111328,fresh_online_exploration,18,21,1.0,1.0,10.350654602050781,4.697127342224121,6.0077900886535645
242976,36,1.0009297132492065,1.0009297132492065,1.0009751319885254,4.5366941776592284e-05,1.0,1.0,0.0,0.0,0.0,284,35.64188766479492,fresh_online_exploration,18,21,1.0,1.0,10.349507331848145,4.755568504333496,5.348025321960449
242976,40,1.0021711587905884,1.0021711587905884,1.0026870965957642,0.0005159213906154037,1.0,1.0,0.0,0.0,0.0,280,35.53188705444336,fresh_online_exploration,18,21,1.0,1.0,10.375120162963867,4.730393409729004,5.446045398712158
243072,77,1.0014349222183228,1.0014349222183228,1.0148069858551025,0.013371934182941914,1.0,1.0,0.0,0.0,0.0,275,35.8556022644043,fresh_online_exploration,18,21,1.0,1.0,10.373242378234863,4.741347312927246,6.14288330078125
243168,26,1.0030689239501953,1.0030689239501953,1.0031687021255493,9.979466994991526e-05,1.0,1.0,0.0,0.0,0.0,284,36.08856964111328,fresh_online_exploration,18,21,1.0,1.0,10.230169296264648,4.723158359527588,5.84037971496582
243168,45,1.001528024673462,1.001528024673462,1.0078233480453491,0.006295312661677599,1.0,1.0,0.0,0.0,0.0,273,35.80044937133789,fresh_online_exploration,18,21,1.0,1.0,10.351040840148926,4.748163223266602,6.2119646072387695
243456,28,1.0053400993347168,1.0053400993347168,1.0250279903411865,0.019687853753566742,1.0,1.0,0.0,0.0,0.0,273,35.42138671875,fresh_online_exploration,18,21,1.0,1.0,10.438995361328125,4.738508701324463,5.704512596130371
243552,11,1.0058207511901855,1.0058207511901855,1.00982666015625,0.004005987662822008,1.0,1.0,0.0,0.0,0.0,273,35.93935775756836,fresh_online_exploration,18,21,1.0,1.0,10.423578262329102,4.706105709075928,6.249725341796875
243552,46,1.0026789903640747,1.0026789903640747,1.002746820449829,6.778253009542823e-05,1.0,1.0,0.0,0.0,0.0,285,35.7904052734375,fresh_online_exploration,18,21,1.0,1.0,10.359307289123535,4.708291530609131,5.403794288635254
243552,80,1.001253604888916,1.001253604888916,1.001405119895935,0.00015153386630117893,1.0,1.0,0.0,0.0,0.0,284,35.67988204956055,fresh_online_exploration,18,21,1.0,1.0,10.24594783782959,4.715249538421631,5.3691840171813965
243552,87,1.0030337572097778,1.0030337572097778,1.0114061832427979,0.008372439071536064,1.0,1.0,0.0,0.0,0.0,270,35.42038345336914,fresh_online_exploration,18,21,1.0,1.0,10.40323257446289,4.7657599449157715,5.883106708526611
243648,25,1.0038392543792725,1.0038392543792725,1.0038528442382812,1.3624472558149137e-05,1.0,1.0,0.0,0.0,0.0,292,36.371559143066406,fresh_online_exploration,18,21,1.0,1.0,10.247654914855957,4.7087788581848145,5.625425338745117
243648,32,1.0055540800094604,1.0055540800094604,1.00922691822052,0.0036727560218423605,1.0,1.0,0.0,0.0,0.0,281,36.13222122192383,fresh_online_exploration,18,21,1.0,1.0,10.299229621887207,4.766197204589844,5.9874043464660645
243744,20,1.0050517320632935,1.0050517320632935,1.0054512023925781,0.000399528507841751,1.0,1.0,0.0,0.0,0.0,279,36.02611541748047,fresh_online_exploration,18,21,1.0,1.0,10.292455673217773,4.738367080688477,6.025920391082764
243744,33,1.0029621124267578,1.0029621124267578,1.0029704570770264,8.354933925147634e-06,1.0,1.0,0.0,0.0,0.0,283,36.07487106323242,fresh_online_exploration,18,21,1.0,1.0,10.178777694702148,4.684409141540527,5.8941802978515625
243744,35,1.0003925561904907,1.0003925561904907,1.0176682472229004,0.017275495454669,1.0,1.0,0.0,0.0,0.0,274,35.860416412353516,fresh_online_exploration,18,21,1.0,1.0,10.372536659240723,4.7496747970581055,6.214869499206543
243744,68,1.000182867050171,1.000182867050171,1.0038199424743652,0.0036371212918311357,1.0,1.0,0.0,0.0,0.0,281,35.995750427246094,fresh_online_exploration,18,21,1.0,1.0,10.313314437866211,4.702094554901123,5.944320201873779
243840,34,1.0027191638946533,1.0027191638946533,1.0027281045913696,8.952638381742872e-06,1.0,1.0,0.0,0.0,0.0,279,35.94115447998047,fresh_online_exploration,18,21,1.0,1.0,10.246956825256348,4.742931365966797,6.049999713897705
243840,57,1.0003087520599365,1.0003087520599365,1.0022605657577515,0.001951850950717926,1.0,1.0,0.0,0.0,0.0,275,35.843040466308594,fresh_online_exploration,18,21,1.0,1.0,10.33473014831543,4.750134468078613,6.13327693939209
244032,71,1.0040385723114014,1.0040385723114014,1.0041115283966064,7.301723962882534e-05,1.0,1.0,0.0,0.0,0.0,275,35.958030700683594,fresh_online_exploration,18,21,1.0,1.0,10.378506660461426,4.741316795349121,6.170732498168945
244032,82,1.0030667781829834,1.0030667781829834,1.0037277936935425,0.0006609881529584527,1.0,1.0,0.0,0.0,0.0,286,35.76897430419922,fresh_online_exploration,18,21,1.0,1.0,10.36315631866455,4.703755855560303,5.357567310333252
244128,64,1.0003361701965332,1.0003361701965332,1.000352144241333,1.591831460245885e-05,1.0,1.0,0.0,0.0,0.0,285,35.686790466308594,fresh_online_exploration,18,21,1.0,1.0,10.280861854553223,4.697195053100586,5.348875522613525
244320,60,1.0048606395721436,1.0048606395721436,1.0049562454223633,9.566114022163674e-05,1.0,1.0,0.0,0.0,0.0,276,35.9871940612793,fresh_online_exploration,18,21,1.0,1.0,10.31817626953125,4.7733473777771,6.106729984283447
244320,65,1.0020869970321655,1.0020869970321655,1.0021443367004395,5.723562935600057e-05,1.0,1.0,0.0,0.0,0.0,285,35.75571823120117,fresh_online_exploration,18,21,1.0,1.0,10.324971199035645,4.726041316986084,5.326716899871826
244320,66,1.0024776458740234,1.0024776458740234,1.0087623596191406,0.006284754723310471,1.0,1.0,0.0,0.0,0.0,278,35.49993133544922,fresh_online_exploration,18,21,1.0,1.0,10.374143600463867,4.747494697570801,5.535140514373779
244416,0,1.0000760555267334,1.0000760555267334,1.0000931024551392,1.704332316876389e-05,1.0,1.0,0.0,0.0,0.0,281,35.55409240722656,fresh_online_exploration,18,21,1.0,1.0,10.352899551391602,4.743789196014404,5.435353755950928
244416,89,1.0018055438995361,1.0018055438995361,1.0018168687820435,1.1303548490104731e-05,1.0,1.0,0.0,0.0,0.0,287,36.16372299194336,fresh_online_exploration,18,21,1.0,1.0,10.213068008422852,4.704769611358643,5.727421760559082
244512,38,1.0022096633911133,1.0022096633911133,1.0037903785705566,0.0015806396258994937,1.0,1.0,0.0,0.0,0.0,287,36.15111541748047,fresh_online_exploration,18,21,1.0,1.0,10.226326942443848,4.740516662597656,5.748477935791016
244512,85,1.0002087354660034,1.0002087354660034,1.00022292137146,1.412609162798617e-05,1.0,1.0,0.0,0.0,0.0,277,35.88198471069336,fresh_online_exploration,18,21,1.0,1.0,10.317214012145996,4.707221508026123,6.114180564880371
244608,6,1.0002657175064087,1.0002657175064087,1.0047955513000488,0.004529784899204969,1.0,1.0,0.0,0.0,0.0,286,36.1513671875,fresh_online_exploration,18,21,1.0,1.0,10.289673805236816,4.722452640533447,5.776174545288086
244608,10,1.0051178932189941,1.0051178932189941,1.018770694732666,0.013652769848704338,1.0,1.0,0.0,0.0,0.0,277,35.653167724609375,fresh_online_exploration,18,21,1.0,1.0,10.368828773498535,4.708929061889648,5.641885280609131
244608,94,1.0057368278503418,1.0057368278503418,1.0057610273361206,2.4159246095223352e-05,1.0,1.0,0.0,0.0,0.0,284,35.843666076660156,fresh_online_exploration,18,21,1.0,1.0,10.326876640319824,4.685623645782471,5.435513496398926
244704,12,1.0001866817474365,1.0001866817474365,1.000209093093872,2.2490135961561464e-05,1.0,1.0,0.0,0.0,0.0,282,35.62543487548828,fresh_online_exploration,18,21,1.0,1.0,10.288810729980469,4.74442195892334,5.432765483856201
244704,59,1.0040080547332764,1.0040080547332764,1.0040223598480225,1.4262991498981137e-05,1.0,1.0,0.0,0.0,0.0,284,35.734275817871094,fresh_online_exploration,18,21,1.0,1.0,10.321352005004883,4.738307476043701,5.3990702629089355
244800,21,1.0046191215515137,1.0046191215515137,1.0085182189941406,0.003899022936820984,1.0,1.0,0.0,0.0,0.0,281,36.12965393066406,fresh_online_exploration,18,21,1.0,1.0,10.311063766479492,4.769775867462158,5.972855567932129
244896,61,1.0046688318252563,1.0046688318252563,1.0106635093688965,0.005994688253849745,1.0,1.0,0.0,0.0,0.0,278,35.97455978393555,fresh_online_exploration,18,21,1.0,1.0,10.287031173706055,4.7370405197143555,6.083083152770996
245088,16,1.002585530281067,1.002585530281067,1.0063236951828003,0.003738170489668846,1.0,1.0,0.0,0.0,0.0,275,35.90277099609375,fresh_online_exploration,18,21,1.0,1.0,10.276211738586426,4.744024276733398,6.163910865783691
245088,42,1.0046968460083008,1.0046968460083008,1.0047111511230469,1.4362933143274859e-05,1.0,1.0,0.0,0.0,0.0,277,36.02436447143555,fresh_online_exploration,18,21,1.0,1.0,10.3297700881958,4.732234954833984,6.081533908843994
245280,14,1.0002106428146362,1.0002106428146362,1.0004298686981201,0.00021919983555562794,1.0,1.0,0.0,0.0,0.0,287,35.73790740966797,fresh_online_exploration,18,21,1.0,1.0,10.343765258789062,4.7282395362854,5.275461196899414
245280,53,1.0037044286727905,1.0037044286727905,1.0037147998809814,1.0255787856294774e-05,1.0,1.0,0.0,0.0,0.0,286,35.767608642578125,fresh_online_exploration,18,21,1.0,1.0,10.268322944641113,4.755904674530029,5.296476364135742
245280,55,1.0005676746368408,1.0005676746368408,1.0005824565887451,1.471924679208314e-05,1.0,1.0,0.0,0.0,0.0,279,35.984134674072266,fresh_online_exploration,18,21,1.0,1.0,10.312092781066895,4.719987869262695,6.045230388641357
245856,44,1.002315640449524,1.002315640449524,1.0024019479751587,8.631490345578641e-05,1.0,1.0,0.0,0.0,0.0,287,35.76540756225586,fresh_online_exploration,18,21,1.0,1.0,10.315848350524902,4.745038032531738,5.289893627166748
246336,78,1.0043282508850098,1.0043282508850098,1.0043530464172363,2.478263559169136e-05,1.0,1.0,0.0,0.0,0.0,289,36.23631286621094,fresh_online_exploration,18,21,1.0,1.0,10.259645462036133,4.768899440765381,5.697742938995361
246720,19,1.0053246021270752,1.0053246021270752,1.0054302215576172,0.00010567343269940466,1.0,1.0,0.0,0.0,0.0,283,35.791481018066406,fresh_online_exploration,18,21,1.0,1.0,10.284354209899902,4.743305206298828,5.429310321807861
246720,41,1.0056322813034058,1.0056322813034058,1.0056452751159668,1.2917770618514623e-05,1.0,1.0,0.0,0.0,0.0,291,35.93513488769531,fresh_online_exploration,18,21,1.0,1.0,10.242122650146484,4.751479148864746,5.147599220275879
247584,1,1.0042927265167236,1.0042927265167236,1.0043344497680664,4.178590461378917e-05,1.0,1.0,0.0,0.0,0.0,287,35.83619689941406,fresh_online_exploration,18,21,1.0,1.0,10.303177833557129,4.791483402252197,5.30476188659668
261984,84,1.0049270391464233,1.0049270391464233,1.0132882595062256,0.008361167274415493,1.0,1.0,0.0,0.0,0.0,272,35.46844482421875,fresh_online_exploration,20,22,1.0,1.0,10.43566608428955,4.86775541305542,5.80009651184082
265152,22,1.0018441677093506,1.0018441677093506,1.0102837085723877,0.008439469151198864,1.0,1.0,0.0,0.0,0.0,274,35.85121154785156,fresh_online_exploration,20,22,1.0,1.0,10.37442398071289,4.901517391204834,6.141220569610596
265920,4,1.0006417036056519,1.0006417036056519,1.0026438236236572,0.0020022508688271046,1.0,1.0,0.0,0.0,0.0,277,35.513694763183594,fresh_online_exploration,20,22,1.0,1.0,10.432506561279297,4.920291423797607,5.559990882873535
266208,13,1.004315972328186,1.004315972328186,1.004367470741272,5.152425728738308e-05,1.0,1.0,0.0,0.0,0.0,278,35.98487091064453,fresh_online_exploration,20,22,1.0,1.0,10.354108810424805,4.90022087097168,6.052547931671143
266688,63,1.0035059452056885,1.0035059452056885,1.007354736328125,0.003848773194476962,1.0,1.0,0.0,0.0,0.0,282,36.08708953857422,fresh_online_exploration,20,22,1.0,1.0,10.353758811950684,4.872964859008789,5.907077312469482
266688,81,1.0025666952133179,1.0025666952133179,1.0026743412017822,0.00010769683285616338,1.0,1.0,0.0,0.0,0.0,286,35.83061218261719,fresh_online_exploration,20,22,1.0,1.0,10.357027053833008,4.856414794921875,5.348206996917725
267072,43,1.0021690130233765,1.0021690130233765,1.0021791458129883,1.0089186616824009e-05,1.0,1.0,0.0,0.0,0.0,277,35.88774108886719,fresh_online_exploration,21,22,1.0,1.0,10.338373184204102,4.9060587882995605,6.0313262939453125
267072,70,1.0027252435684204,1.0027252435684204,1.027022361755371,0.024297071620821953,1.0,1.0,0.0,0.0,0.0,275,35.581443786621094,fresh_online_exploration,21,22,1.0,1.0,10.413727760314941,4.8935980796813965,5.757247447967529
267168,91,1.0020229816436768,1.0020229816436768,1.0064265727996826,0.004403720609843731,1.0,1.0,0.0,0.0,0.0,279,36.02326965332031,fresh_online_exploration,21,22,1.0,1.0,10.360831260681152,4.87102746963501,6.0329484939575195
267264,56,1.0018610954284668,1.0018610954284668,1.0046319961547852,0.0027708373963832855,1.0,1.0,0.0,0.0,0.0,283,36.04139709472656,fresh_online_exploration,21,22,1.0,1.0,10.346399307250977,4.919837951660156,5.869587421417236
267264,69,1.0019853115081787,1.0019853115081787,1.0019996166229248,1.4254914276534691e-05,1.0,1.0,0.0,0.0,0.0,281,36.022300720214844,fresh_online_exploration,21,22,1.0,1.0,10.341259956359863,4.9144511222839355,5.96267557144165
267456,50,1.0023794174194336,1.0023794174194336,1.0130276679992676,0.010648333467543125,1.0,1.0,0.0,0.0,0.0,278,35.88041687011719,fresh_online_exploration,21,22,1.0,1.0,10.369287490844727,4.9096360206604,6.030397415161133
267552,73,1.0054289102554321,1.0054289102554321,1.0054371356964111,8.192164386855438e-06,1.0,1.0,0.0,0.0,0.0,284,36.16267776489258,fresh_online_exploration,21,22,1.0,1.0,10.303339004516602,4.916049003601074,5.8841986656188965
267648,8,1.0002732276916504,1.0002732276916504,1.0003373622894287,6.408937042579055e-05,1.0,1.0,0.0,0.0,0.0,283,35.7567024230957,fresh_online_exploration,21,22,1.0,1.0,10.254697799682617,4.8938164710998535,5.449385643005371
267648,17,1.0048660039901733,1.0048660039901733,1.0049247741699219,5.8751804317580536e-05,1.0,1.0,0.0,0.0,0.0,283,35.71569061279297,fresh_online_exploration,21,22,1.0,1.0,10.296951293945312,4.912727355957031,5.409050941467285
267648,52,1.0047459602355957,1.0047459602355957,1.0047955513000488,4.9621266953181475e-05,1.0,1.0,0.0,0.0,0.0,275,35.87158966064453,fresh_online_exploration,21,22,1.0,1.0,10.322388648986816,4.933434963226318,6.11324405670166
267840,18,1.000720739364624,1.000720739364624,1.0103881359100342,0.009667323902249336,1.0,1.0,0.0,0.0,0.0,272,35.35240936279297,fresh_online_exploration,21,22,1.0,1.0,10.455375671386719,4.91799259185791,5.748775959014893
267936,47,1.0000712871551514,1.0000712871551514,1.010948657989502,0.010877327993512154,1.0,1.0,0.0,0.0,0.0,279,35.57221221923828,fresh_online_exploration,21,22,1.0,1.0,10.339167594909668,4.887128829956055,5.542629241943359
267936,76,1.0043355226516724,1.0043355226516724,1.0045695304870605,0.00023408076958730817,1.0,1.0,0.0,0.0,0.0,278,35.66706085205078,fresh_online_exploration,21,22,1.0,1.0,10.341390609741211,4.909821033477783,5.631955146789551
268032,2,1.0014280080795288,1.0014280080795288,1.0033032894134521,0.0018753111362457275,1.0,1.0,0.0,0.0,0.0,280,35.62781524658203,fresh_online_exploration,21,22,1.0,1.0,10.327225685119629,4.886417865753174,5.518856048583984
268032,24,1.0005147457122803,1.0005147457122803,1.0022404193878174,0.001725688693113625,1.0,1.0,0.0,0.0,0.0,282,35.53089904785156,fresh_online_exploration,21,22,1.0,1.0,10.397259712219238,4.868851184844971,5.3737711906433105
268032,29,1.0034188032150269,1.0034188032150269,1.009820818901062,0.006402123719453812,1.0,1.0,0.0,0.0,0.0,279,35.68326187133789,fresh_online_exploration,21,22,1.0,1.0,10.310630798339844,4.922522068023682,5.551763534545898
268032,39,1.0020276308059692,1.0020276308059692,1.0093728303909302,0.007345208432525396,1.0,1.0,0.0,0.0,0.0,279,35.948341369628906,fresh_online_exploration,21,22,1.0,1.0,10.247199058532715,4.930416107177734,6.016300678253174
268032,72,1.0001496076583862,1.0001496076583862,1.0011749267578125,0.0010253171203657985,1.0,1.0,0.0,0.0,0.0,279,35.60621643066406,fresh_online_exploration,21,22,1.0,1.0,10.286406517028809,4.903848171234131,5.602246284484863
268320,92,1.0014255046844482,1.0014255046844482,1.0015320777893066,0.00010657579696271569,1.0,1.0,0.0,0.0,0.0,286,35.7152099609375,fresh_online_exploration,21,22,1.0,1.0,10.297680854797363,4.901704788208008,5.266472339630127
268416,27,1.0056359767913818,1.0056359767913818,1.0092228651046753,0.003586874343454838,1.0,1.0,0.0,0.0,0.0,281,36.08854675292969,fresh_online_exploration,21,22,1.0,1.0,10.300625801086426,4.903078079223633,5.965854167938232
268704,37,1.0014731884002686,1.0014731884002686,1.001488447189331,1.5297295249183662e-05,1.0,1.0,0.0,0.0,0.0,279,35.971885681152344,fresh_online_exploration,21,22,1.0,1.0,10.329252243041992,4.865283489227295,5.991189956665039
268704,49,1.0045958757400513,1.0045958757400513,1.005469560623169,0.0008736604359000921,1.0,1.0,0.0,0.0,0.0,284,36.15369415283203,fresh_online_exploration,21,22,1.0,1.0,10.365043640136719,4.911111831665039,5.90141487121582
268704,51,1.0024970769882202,1.0024970769882202,1.0030510425567627,0.0005540226702578366,1.0,1.0,0.0,0.0,0.0,279,36.03730010986328,fresh_online_exploration,21,22,1.0,1.0,10.369410514831543,4.862130641937256,6.033046245574951
268800,62,1.004220724105835,1.004220724105835,1.022233009338379,0.018012309446930885,1.0,1.0,0.0,0.0,0.0,276,35.96047592163086,fresh_online_exploration,21,22,1.0,1.0,10.31110668182373,4.930431365966797,6.155978202819824
268800,90,1.0030663013458252,1.0030663013458252,1.0071523189544678,0.00408593425527215,1.0,1.0,0.0,0.0,0.0,286,36.15157699584961,fresh_online_exploration,21,22,1.0,1.0,10.289030075073242,4.917324066162109,5.765810012817383
268896,3,1.0011039972305298,1.0011039972305298,1.0011506080627441,4.662683204514906e-05,1.0,1.0,0.0,0.0,0.0,282,35.655189514160156,fresh_online_exploration,21,22,1.0,1.0,10.341352462768555,4.898968696594238,5.421550273895264
268896,30,1.0025179386138916,1.0025179386138916,1.0028709173202515,0.00035301264142617583,1.0,1.0,0.0,0.0,0.0,274,35.849430084228516,fresh_online_exploration,21,22,1.0,1.0,10.363687515258789,4.907954216003418,6.2394304275512695
268896,75,1.0001111030578613,1.0001111030578613,1.0046063661575317,0.00449528219178319,1.0,1.0,0.0,0.0,0.0,281,35.95842742919922,fresh_online_exploration,21,22,1.0,1.0,10.279605865478516,4.8766255378723145,5.922753810882568
268896,79,1.0011826753616333,1.0011826753616333,1.0013790130615234,0.00019635916396509856,1.0,1.0,0.0,0.0,0.0,284,36.111995697021484,fresh_online_exploration,21,22,1.0,1.0,10.32834243774414,4.907356262207031,5.84797477722168
269184,54,1.0059325695037842,1.0059325695037842,1.0059423446655273,9.841612154559698e-06,1.0,1.0,0.0,0.0,0.0,282,35.72312545776367,fresh_online_exploration,21,22,1.0,1.0,10.376213073730469,4.882201194763184,5.490284442901611
269184,88,1.0038642883300781,1.0038642883300781,1.0042548179626465,0.0003904445329681039,1.0,1.0,0.0,0.0,0.0,284,35.66939163208008,fresh_online_exploration,21,22,1.0,1.0,10.355687141418457,4.849618434906006,5.38338565826416
269280,5,1.0002893209457397,1.0002893209457397,1.003614902496338,0.0033256043680012226,1.0,1.0,0.0,0.0,0.0,279,35.997066497802734,fresh_online_exploration,21,22,1.0,1.0,10.381207466125488,4.892901420593262,6.016171455383301
269280,23,1.0030851364135742,1.0030851364135742,1.0031410455703735,5.5894925026223063e-05,1.0,1.0,0.0,0.0,0.0,277,35.94469451904297,fresh_online_exploration,21,22,1.0,1.0,10.373953819274902,4.924060821533203,6.07098913192749
269280,67,1.004119873046875,1.004119873046875,1.0041359663009644,1.6041769413277507e-05,1.0,1.0,0.0,0.0,0.0,286,35.776710510253906,fresh_online_exploration,21,22,1.0,1.0,10.246528625488281,4.8856706619262695,5.344629287719727
269280,95,1.001752495765686,1.001752495765686,1.001802682876587,5.022136610932648e-05,1.0,1.0,0.0,0.0,0.0,283,36.07164764404297,fresh_online_exploration,21,22,1.0,1.0,10.30036449432373,4.908889293670654,5.870824337005615
269376,7,1.0012404918670654,1.0012404918670654,1.001265048980713,2.450672945997212e-05,1.0,1.0,0.0,0.0,0.0,276,35.56913757324219,fresh_online_exploration,21,22,1.0,1.0,10.362972259521484,4.933267116546631,5.676807403564453
269376,58,1.0038989782333374,1.0038989782333374,1.0039770603179932,7.808965165168047e-05,1.0,1.0,0.0,0.0,0.0,287,36.24635696411133,fresh_online_exploration,21,22,1.0,1.0,10.309837341308594,4.893035411834717,5.7461042404174805
269472,74,1.0004682540893555,1.0004682540893555,1.0005578994750977,8.958950638771057e-05,1.0,1.0,0.0,0.0,0.0,285,35.74451446533203,fresh_online_exploration,21,22,1.0,1.0,10.367179870605469,4.908745765686035,5.357339382171631
269472,93,1.003751516342163,1.003751516342163,1.0074572563171387,0.0037057192530483007,1.0,1.0,0.0,0.0,0.0,288,36.20111083984375,fresh_online_exploration,21,22,1.0,1.0,10.294893264770508,4.890363693237305,5.724930286407471
269568,9,1.0040802955627441,1.0040802955627441,1.006957769393921,0.0028775318060070276,1.0,1.0,0.0,0.0,0.0,277,35.98016357421875,fresh_online_exploration,21,22,1.0,1.0,10.363414764404297,4.897482395172119,6.061794757843018
269568,31,1.0012212991714478,1.0012212991714478,1.001534104347229,0.0003127719974145293,1.0,1.0,0.0,0.0,0.0,279,35.583961486816406,fresh_online_exploration,21,22,1.0,1.0,10.330862045288086,4.858633041381836,5.546047210693359
269760,32,1.00282621383667,1.00282621383667,1.004544734954834,0.0017186078475788236,1.0,1.0,0.0,0.0,0.0,272,35.9185791015625,fresh_online_exploration,21,22,1.0,1.0,10.362271308898926,4.893846035003662,6.369430065155029
269856,86,1.002034306526184,1.002034306526184,1.0049254894256592,0.0028910983819514513,1.0,1.0,0.0,0.0,0.0,283,35.68804168701172,fresh_online_exploration,21,22,1.0,1.0,10.238985061645508,4.911215305328369,5.428636074066162
269952,15,1.0020910501480103,1.0020910501480103,1.002161979675293,7.097193883964792e-05,1.0,1.0,0.0,0.0,0.0,288,35.7620849609375,fresh_online_exploration,21,22,1.0,1.0,10.302380561828613,4.950897693634033,5.203609466552734
269952,48,1.0045067071914673,1.0045067071914673,1.0045218467712402,1.515466192358872e-05,1.0,1.0,0.0,0.0,0.0,286,36.16293716430664,fresh_online_exploration,21,22,1.0,1.0,10.275361061096191,4.9126081466674805,5.733219146728516
269952,87,1.0064550638198853,1.0064550638198853,1.0069127082824707,0.00045757487532682717,1.0,1.0,0.0,0.0,0.0,275,35.59423065185547,fresh_online_exploration,21,22,1.0,1.0,10.42284107208252,4.926499843597412,5.721310615539551
270144,68,1.0006457567214966,1.0006457567214966,1.0023751258850098,0.0017293962882831693,1.0,1.0,0.0,0.0,0.0,275,35.83112716674805,fresh_online_exploration,21,22,1.0,1.0,10.332307815551758,4.921227931976318,6.158908367156982
270240,25,1.0017842054367065,1.0017842054367065,1.0054759979248047,0.0036918302066624165,1.0,1.0,0.0,0.0,0.0,277,35.9200325012207,fresh_online_exploration,21,22,1.0,1.0,10.344100952148438,4.895087718963623,6.094905376434326
270240,36,1.000205397605896,1.000205397605896,1.0002164840698242,1.110529228753876e-05,1.0,1.0,0.0,0.0,0.0,284,35.566471099853516,fresh_online_exploration,21,22,1.0,1.0,10.401084899902344,4.912849426269531,5.290735244750977
270336,11,1.0031464099884033,1.0031464099884033,1.0031646490097046,1.820132092689164e-05,1.0,1.0,0.0,0.0,0.0,279,35.96092987060547,fresh_online_exploration,21,22,1.0,1.0,10.313163757324219,4.928079605102539,6.041779041290283
270336,26,1.0009814500808716,1.0009814500808716,1.0046751499176025,0.0036936893593519926,1.0,1.0,0.0,0.0,0.0,283,36.023841857910156,fresh_online_exploration,21,22,1.0,1.0,10.25963306427002,4.8818359375,5.864870548248291
270336,77,1.001025915145874,1.001025915145874,1.0010364055633545,1.0438024219183717e-05,1.0,1.0,0.0,0.0,0.0,284,35.75189208984375,fresh_online_exploration,21,22,1.0,1.0,10.387716293334961,4.927494049072266,5.372470378875732
270432,20,1.0056380033493042,1.0056380033493042,1.0234489440917969,0.017810896039009094,1.0,1.0,0.0,0.0,0.0,278,35.68586730957031,fresh_online_exploration,21,22,1.0,1.0,10.395047187805176,4.91882848739624,5.61594295501709
270432,28,1.0024782419204712,1.0024782419204712,1.0067505836486816,0.0042723482474684715,1.0,1.0,0.0,0.0,0.0,281,36.0386962890625,fresh_online_exploration,21,22,1.0,1.0,10.324782371520996,4.881137847900391,5.932979106903076
270432,33,1.0023906230926514,1.0023906230926514,1.008751630783081,0.00636108685284853,1.0,1.0,0.0,0.0,0.0,278,35.90113830566406,fresh_online_exploration,21,22,1.0,1.0,10.375449180603027,4.91938591003418,6.037549018859863
270432,40,1.0035842657089233,1.0035842657089233,1.0035995244979858,1.5246578186633997e-05,1.0,1.0,0.0,0.0,0.0,286,35.8021354675293,fresh_online_exploration,21,22,1.0,1.0,10.317801475524902,4.910494327545166,5.314787864685059
270528,83,1.005480170249939,1.005480170249939,1.0059291124343872,0.00044889916898682714,1.0,1.0,0.0,0.0,0.0,288,35.81105041503906,fresh_online_exploration,21,22,1.0,1.0,10.321320533752441,4.943361759185791,5.199852466583252
270624,65,1.0016182661056519,1.0016182661056519,1.015502691268921,0.013884357176721096,1.0,1.0,0.0,0.0,0.0,274,35.83912658691406,fresh_online_exploration,21,22,1.0,1.0,10.368913650512695,4.927621841430664,6.193126678466797
270720,34,1.0040127038955688,1.0040127038955688,1.0101237297058105,0.0061109792441129684,1.0,1.0,0.0,0.0,0.0,280,36.040122985839844,fresh_online_exploration,21,22,1.0,1.0,10.315705299377441,4.915201187133789,5.95431661605835
270720,45,1.004842758178711,1.004842758178711,1.0051155090332031,0.00027278263587504625,1.0,1.0,0.0,0.0,0.0,287,36.181610107421875,fresh_online_exploration,21,22,1.0,1.0,10.30405044555664,4.88929557800293,5.75986385345459
270720,80,1.0024813413619995,1.0024813413619995,1.0024900436401367,8.615247679699678e-06,1.0,1.0,0.0,0.0,0.0,283,35.721153259277344,fresh_online_exploration,21,22,1.0,1.0,10.221155166625977,4.915816307067871,5.441895008087158
270816,35,1.0006202459335327,1.0006202459335327,1.0006346702575684,1.4458591977017932e-05,1.0,1.0,0.0,0.0,0.0,282,36.039058685302734,fresh_online_exploration,21,22,1.0,1.0,10.330618858337402,4.924691677093506,5.904328346252441
271008,60,1.0016639232635498,1.0016639232635498,1.005036473274231,0.0033725311513990164,1.0,1.0,0.0,0.0,0.0,278,35.931640625,fresh_online_exploration,21,22,1.0,1.0,10.344907760620117,4.907466888427734,6.049831390380859
271008,64,1.0005069971084595,1.0005069971084595,1.0117487907409668,0.011241852305829525,1.0,1.0,0.0,0.0,0.0,280,35.666770935058594,fresh_online_exploration,21,22,1.0,1.0,10.3860445022583,4.912080764770508,5.56889533996582
271104,46,1.0029973983764648,1.0029973983764648,1.0030429363250732,4.5571461669169366e-05,1.0,1.0,0.0,0.0,0.0,287,35.83018112182617,fresh_online_exploration,21,22,1.0,1.0,10.302812576293945,4.922900676727295,5.2848334312438965
271200,85,1.0034772157669067,1.0034772157669067,1.003490924835205,1.3620870959130116e-05,1.0,1.0,0.0,0.0,0.0,278,36.029136657714844,fresh_online_exploration,21,22,1.0,1.0,10.317827224731445,4.947346210479736,6.0478515625
271200,89,1.0050946474075317,1.0050946474075317,1.0061770677566528,0.0010824089404195547,1.0,1.0,0.0,0.0,0.0,279,35.66070556640625,fresh_online_exploration,21,22,1.0,1.0,10.35023021697998,4.884231090545654,5.59072208404541
271296,12,1.004776120185852,1.004776120185852,1.013373851776123,0.00859787780791521,1.0,1.0,0.0,0.0,0.0,277,35.8436164855957,fresh_online_exploration,21,22,1.0,1.0,10.22494888305664,4.904078006744385,6.088554859161377
271296,57,1.0056198835372925,1.0056198835372925,1.00575852394104,0.0001385692594340071,1.0,1.0,0.0,0.0,0.0,286,35.86514663696289,fresh_online_exploration,21,22,1.0,1.0,10.335190773010254,4.921416282653809,5.344982147216797
271296,59,1.005767583847046,1.005767583847046,1.019331693649292,0.013564151711761951,1.0,1.0,0.0,0.0,0.0,277,36.04612350463867,fresh_online_exploration,21,22,1.0,1.0,10.353641510009766,4.8936333656311035,6.0961833000183105
271488,71,1.0013822317123413,1.0013822317123413,1.0013904571533203,8.284326213470194e-06,1.0,1.0,0.0,0.0,0.0,286,35.77363967895508,fresh_online_exploration,21,22,1.0,1.0,10.350170135498047,4.924647331237793,5.34816312789917
271680,66,1.0029284954071045,1.0029284954071045,1.003028392791748,9.991428669309244e-05,1.0,1.0,0.0,0.0,0.0,285,35.78030014038086,fresh_online_exploration,21,22,1.0,1.0,10.33476448059082,4.928454399108887,5.40596342086792
271680,82,1.0061938762664795,1.0061938762664795,1.0062451362609863,5.1200993766542524e-05,1.0,1.0,0.0,0.0,0.0,288,35.90754318237305,fresh_online_exploration,21,22,1.0,1.0,10.288979530334473,4.919964790344238,5.302107810974121
271776,0,1.0057644844055176,1.0057644844055176,1.007554531097412,0.001790141686797142,1.0,1.0,0.0,0.0,0.0,285,36.21144485473633,fresh_online_exploration,21,22,1.0,1.0,10.226173400878906,4.8877177238464355,5.813351154327393
271776,61,1.0033713579177856,1.0033713579177856,1.0034122467041016,4.0979542973218486e-05,1.0,1.0,0.0,0.0,0.0,280,35.66212844848633,fresh_online_exploration,21,22,1.0,1.0,10.366377830505371,4.8880934715271,5.537822246551514
271872,55,1.0046201944351196,1.0046201944351196,1.0052745342254639,0.0006542688934132457,1.0,1.0,0.0,0.0,0.0,277,35.91946029663086,fresh_online_exploration,21,22,1.0,1.0,10.352068901062012,4.91686487197876,6.0661091804504395
271968,10,1.001232385635376,1.001232385635376,1.0018205642700195,0.0005882690893486142,1.0,1.0,0.0,0.0,0.0,285,35.72368240356445,fresh_online_exploration,21,22,1.0,1.0,10.356830596923828,4.885498046875,5.365612030029297
271968,94,1.0036429166793823,1.0036429166793823,1.004169225692749,0.0005263324710540473,1.0,1.0,0.0,0.0,0.0,285,36.15358352661133,fresh_online_exploration,21,22,1.0,1.0,10.305307388305664,4.895265579223633,5.809122085571289
272160,6,1.0008423328399658,1.0008423328399658,1.0045108795166016,0.003668534569442272,1.0,1.0,0.0,0.0,0.0,287,36.20111083984375,fresh_online_exploration,21,22,1.0,1.0,10.291772842407227,4.9050517082214355,5.7750067710876465
272256,21,1.0005474090576172,1.0005474090576172,1.0005576610565186,1.0278113222739194e-05,1.0,1.0,0.0,0.0,0.0,286,35.76626968383789,fresh_online_exploration,21,22,1.0,1.0,10.327250480651855,4.911645889282227,5.322843074798584
272256,38,1.0006874799728394,1.0006874799728394,1.0006959438323975,8.439285011263564e-06,1.0,1.0,0.0,0.0,0.0,289,35.8655891418457,fresh_online_exploration,21,22,1.0,1.0,10.25421142578125,4.959468364715576,5.287171840667725
272256,53,1.0041507482528687,1.0041507482528687,1.0042788982391357,0.00012813365901820362,1.0,1.0,0.0,0.0,0.0,281,36.11238479614258,fresh_online_exploration,21,22,1.0,1.0,10.315299987792969,4.904638290405273,5.955451011657715
272448,42,1.0027867555618286,1.0027867555618286,1.0028716325759888,8.490365871693939e-05,1.0,1.0,0.0,0.0,0.0,285,35.73571014404297,fresh_online_exploration,21,22,1.0,1.0,10.3655424118042,4.921753883361816,5.349698543548584
272736,16,1.0042277574539185,1.0042277574539185,1.0043259859085083,9.82038036454469e-05,1.0,1.0,0.0,0.0,0.0,288,35.84900665283203,fresh_online_exploration,21,22,1.0,1.0,10.268115043640137,4.905284404754639,5.250583648681641
273120,14,1.0002930164337158,1.0002930164337158,1.0003812313079834,8.820896618999541e-05,1.0,1.0,0.0,0.0,0.0,290,35.740325927734375,fresh_online_exploration,21,22,1.0,1.0,10.305130004882812,4.921186447143555,5.142446994781494
273216,44,1.0056911706924438,1.0056911706924438,1.0056991577148438,7.895999260654207e-06,1.0,1.0,0.0,0.0,0.0,285,35.858970642089844,fresh_online_exploration,21,22,1.0,1.0,10.337467193603516,4.897747039794922,5.417050361633301
273408,78,1.0043593645095825,1.0043593645095825,1.0057637691497803,0.0014044673880562186,1.0,1.0,0.0,0.0,0.0,282,35.7043571472168,fresh_online_exploration,21,22,1.0,1.0,10.33852481842041,4.898584365844727,5.475834846496582
273888,1,1.0026196241378784,1.0026196241378784,1.002633810043335,1.4218981050362345e-05,1.0,1.0,0.0,0.0,0.0,274,35.89177703857422,fresh_online_exploration,21,22,1.0,1.0,10.385133743286133,4.878847122192383,6.211699485778809
274080,19,1.0003588199615479,1.0003588199615479,1.0003684759140015,9.669034625403583e-06,1.0,1.0,0.0,0.0,0.0,285,35.708126068115234,fresh_online_exploration,21,22,1.0,1.0,10.298020362854004,4.9088454246521,5.333013534545898
274272,41,1.002995252609253,1.002995252609253,1.0030896663665771,9.442841110285372e-05,1.0,1.0,0.0,0.0,0.0,287,35.709320068359375,fresh_online_exploration,21,22,1.0,1.0,10.363380432128906,4.93558406829834,5.226455211639404
288192,84,1.001085877418518,1.001085877418518,1.004547357559204,0.0034615471959114075,1.0,1.0,0.0,0.0,0.0,273,35.85748291015625,fresh_online_exploration,22,22,1.0,1.0,10.393108367919922,4.987325191497803,6.223788738250732
291264,22,1.003218173980713,1.003218173980713,1.006209373474121,0.002991133602336049,1.0,1.0,0.0,0.0,0.0,272,35.49098205566406,fresh_online_exploration,22,23,1.0,1.0,10.257514953613281,4.9459004402160645,5.8657073974609375
292608,4,1.0025070905685425,1.0025070905685425,1.006356954574585,0.0038498048670589924,1.0,1.0,0.0,0.0,0.0,278,35.96183395385742,fresh_online_exploration,22,23,1.0,1.0,10.347689628601074,4.964676380157471,6.024175643920898
292896,13,1.0029546022415161,1.0029546022415161,1.0029628276824951,8.311275450978428e-06,1.0,1.0,0.0,0.0,0.0,278,35.975486755371094,fresh_online_exploration,22,23,1.0,1.0,10.364301681518555,4.958599090576172,6.07410192489624
293568,69,1.0033338069915771,1.0033338069915771,1.0033694505691528,3.5638920962810516e-05,1.0,1.0,0.0,0.0,0.0,274,35.947174072265625,fresh_online_exploration,22,23,1.0,1.0,10.383820533752441,4.971947193145752,6.240523815155029
293568,91,1.0049346685409546,1.0049346685409546,1.0098857879638672,0.004951103590428829,1.0,1.0,0.0,0.0,0.0,275,35.98181915283203,fresh_online_exploration,22,23,1.0,1.0,10.406603813171387,4.960549354553223,6.229190826416016
293760,17,1.0029269456863403,1.0029269456863403,1.0251235961914062,0.022196466103196144,1.0,1.0,0.0,0.0,0.0,272,35.520015716552734,fresh_online_exploration,22,23,1.0,1.0,10.469979286193848,4.965707778930664,5.864231109619141
293760,70,1.0042308568954468,1.0042308568954468,1.006412386894226,0.002181572373956442,1.0,1.0,0.0,0.0,0.0,278,35.59886169433594,fresh_online_exploration,22,23,1.0,1.0,10.49394702911377,4.99948787689209,5.568084239959717
293856,73,1.0003128051757812,1.0003128051757812,1.0019047260284424,0.0015918330755084753,1.0,1.0,0.0,0.0,0.0,274,35.83522033691406,fresh_online_exploration,22,23,1.0,1.0,10.413947105407715,4.9950361251831055,6.198444843292236
293856,81,1.0012362003326416,1.0012362003326416,1.0012450218200684,8.802788215689361e-06,1.0,1.0,0.0,0.0,0.0,283,35.682559967041016,fresh_online_exploration,22,23,1.0,1.0,10.405044555664062,4.9414191246032715,5.39124870300293
293952,56,1.0015419721603394,1.0015419721603394,1.0015496015548706,7.6159267337061465e-06,1.0,1.0,0.0,0.0,0.0,278,35.89311599731445,fresh_online_exploration,22,23,1.0,1.0,10.379997253417969,4.967418670654297,6.069815158843994
293952,63,1.0050398111343384,1.0050398111343384,1.0087387561798096,0.0036989219952374697,1.0,1.0,0.0,0.0,0.0,284,36.1800537109375,fresh_online_exploration,22,23,1.0,1.0,10.284933090209961,4.95166540145874,5.885127544403076
294048,43,1.0061949491500854,1.0061949491500854,1.0062247514724731,2.9825188903487287e-05,1.0,1.0,0.0,0.0,0.0,281,35.67230224609375,fresh_online_exploration,22,23,1.0,1.0,10.409453392028809,4.993013858795166,5.465684413909912
294144,8,1.001683235168457,1.001683235168457,1.0020556449890137,0.0003724542912095785,1.0,1.0,0.0,0.0,0.0,276,35.472469329833984,fresh_online_exploration,22,23,1.0,1.0,10.419681549072266,4.964478015899658,5.636837959289551
294240,50,1.0041759014129639,1.0041759014129639,1.0042386054992676,6.268765719141811e-05,1.0,1.0,0.0,0.0,0.0,279,35.9930534362793,fresh_online_exploration,22,23,1.0,1.0,10.389371871948242,4.985893249511719,6.029214859008789
294336,2,1.0053821802139282,1.0053821802139282,1.0158253908157349,0.010443207807838917,1.0,1.0,0.0,0.0,0.0,274,35.86326599121094,fresh_online_exploration,22,23,1.0,1.0,10.343719482421875,4.959416389465332,6.204318046569824
294432,47,1.00248122215271,1.00248122215271,1.0024895668029785,8.376257937925402e-06,1.0,1.0,0.0,0.0,0.0,276,35.948909759521484,fresh_online_exploration,22,23,1.0,1.0,10.347739219665527,5.015864372253418,6.170693874359131
294528,18,1.0009108781814575,1.0009108781814575,1.0010645389556885,0.00015359825920313597,1.0,1.0,0.0,0.0,0.0,278,35.54844284057617,fresh_online_exploration,22,23,1.0,1.0,10.458620071411133,4.973747730255127,5.563206672668457
294528,29,1.0041754245758057,1.0041754245758057,1.004245638847351,7.02407633070834e-05,1.0,1.0,0.0,0.0,0.0,276,35.92113494873047,fresh_online_exploration,22,23,1.0,1.0,10.323724746704102,4.944708347320557,6.162994384765625
294624,76,1.002051591873169,1.002051591873169,1.003588080406189,0.0015364730497822165,1.0,1.0,0.0,0.0,0.0,278,35.65066909790039,fresh_online_exploration,22,23,1.0,1.0,10.362499237060547,4.982548713684082,5.617547035217285
294720,90,1.0012601613998413,1.0012601613998413,1.0057306289672852,0.004470511805266142,1.0,1.0,0.0,0.0,0.0,270,35.7844352722168,fresh_online_exploration,22,23,1.0,1.0,10.427889823913574,5.014326095581055,6.3429155349731445
294816,52,1.0006731748580933,1.0006731748580933,1.0044578313827515,0.0037846036721020937,1.0,1.0,0.0,0.0,0.0,283,35.996856689453125,fresh_online_exploration,22,23,1.0,1.0,10.334623336791992,4.972069263458252,5.888526439666748
295008,27,1.002435326576233,1.002435326576233,1.0025566816329956,0.00012137107114540413,1.0,1.0,0.0,0.0,0.0,277,35.619850158691406,fresh_online_exploration,22,23,1.0,1.0,10.427845001220703,5.001481533050537,5.607340335845947
295104,24,1.004640817642212,1.004640817642212,1.0048654079437256,0.0002246081130579114,1.0,1.0,0.0,0.0,0.0,282,35.734710693359375,fresh_online_exploration,22,23,1.0,1.0,10.424640655517578,4.983394145965576,5.460814952850342
295104,37,1.0037678480148315,1.0037678480148315,1.0038259029388428,5.7984263548860326e-05,1.0,1.0,0.0,0.0,0.0,275,35.93653106689453,fresh_online_exploration,22,23,1.0,1.0,10.346413612365723,4.981610298156738,6.175047874450684
295200,39,1.0036263465881348,1.0036263465881348,1.0036561489105225,2.987713560287375e-05,1.0,1.0,0.0,0.0,0.0,283,36.064308166503906,fresh_online_exploration,22,23,1.0,1.0,10.302560806274414,4.958499431610107,5.901775360107422
295200,51,1.0023313760757446,1.0023313760757446,1.002863883972168,0.000532599282450974,1.0,1.0,0.0,0.0,0.0,276,35.94525146484375,fresh_online_exploration,22,23,1.0,1.0,10.355851173400879,4.947072505950928,6.169897079467773
295296,67,1.0058784484863281,1.0058784484863281,1.0231276750564575,0.017249135300517082,1.0,1.0,0.0,0.0,0.0,271,35.45906448364258,fresh_online_exploration,22,23,1.0,1.0,10.464604377746582,4.99042272567749,5.786183834075928
295296,72,1.0045204162597656,1.0045204162597656,1.0055214166641235,0.0010010161204263568,1.0,1.0,0.0,0.0,0.0,284,35.81279754638672,fresh_online_exploration,22,23,1.0,1.0,10.460075378417969,4.942198753356934,5.462167263031006
295296,88,1.0059311389923096,1.0059311389923096,1.0269300937652588,0.020999152213335037,1.0,1.0,0.0,0.0,0.0,272,35.903785705566406,fresh_online_exploration,22,23,1.0,1.0,10.363273620605469,5.001053333282471,6.308352470397949
295392,49,1.0025713443756104,1.0025713443756104,1.002915382385254,0.000344039814081043,1.0,1.0,0.0,0.0,0.0,278,36.00293731689453,fresh_online_exploration,22,23,1.0,1.0,10.358244895935059,4.964756965637207,6.130311965942383
295488,86,1.004159927368164,1.004159927368164,1.0170230865478516,0.012863236479461193,1.0,1.0,0.0,0.0,0.0,267,35.400882720947266,fresh_online_exploration,22,23,1.0,1.0,10.354236602783203,4.99260950088501,6.059747695922852
295488,92,1.0057255029678345,1.0057255029678345,1.005894660949707,0.00016917710308916867,1.0,1.0,0.0,0.0,0.0,283,35.809532165527344,fresh_online_exploration,22,23,1.0,1.0,10.422603607177734,4.945699214935303,5.437945365905762
295584,7,1.002051591873169,1.002051591873169,1.0054829120635986,0.003431250574067235,1.0,1.0,0.0,0.0,0.0,273,35.444759368896484,fresh_online_exploration,22,23,1.0,1.0,10.418784141540527,4.977049827575684,5.75532865524292
295680,5,1.0032708644866943,1.0032708644866943,1.0055038928985596,0.0022331401705741882,1.0,1.0,0.0,0.0,0.0,275,35.51389694213867,fresh_online_exploration,22,23,1.0,1.0,10.474054336547852,4.993899822235107,5.658310890197754
295680,9,1.0010521411895752,1.0010521411895752,1.0062768459320068,0.0052247121930122375,1.0,1.0,0.0,0.0,0.0,272,35.80274963378906,fresh_online_exploration,22,23,1.0,1.0,10.399811744689941,4.996546745300293,6.274506092071533
295680,54,1.0001546144485474,1.0001546144485474,1.000232219696045,7.763894973322749e-05,1.0,1.0,0.0,0.0,0.0,276,35.86071014404297,fresh_online_exploration,22,23,1.0,1.0,10.382145881652832,4.996075630187988,6.1454362869262695
295680,58,1.0010348558425903,1.0010348558425903,1.004551887512207,0.003517113858833909,1.0,1.0,0.0,0.0,0.0,274,35.85017395019531,fresh_online_exploration,22,23,1.0,1.0,10.387680053710938,4.947844505310059,6.189457893371582
295776,79,1.0013257265090942,1.0013257265090942,1.0013349056243896,9.240386134479195e-06,1.0,1.0,0.0,0.0,0.0,280,36.03668212890625,fresh_online_exploration,22,23,1.0,1.0,10.394665718078613,4.993565082550049,6.003264427185059
295872,3,1.0051814317703247,1.0051814317703247,1.0169998407363892,0.011818465776741505,1.0,1.0,0.0,0.0,0.0,281,35.745887756347656,fresh_online_exploration,22,23,1.0,1.0,10.423638343811035,4.991868495941162,5.537360668182373
295872,30,1.0020309686660767,1.0020309686660767,1.002070426940918,3.9450678741559386e-05,1.0,1.0,0.0,0.0,0.0,281,35.71411895751953,fresh_online_exploration,22,23,1.0,1.0,10.40034294128418,4.985525608062744,5.544271945953369
295968,23,1.002658486366272,1.002658486366272,1.0029489994049072,0.00029056158382445574,1.0,1.0,0.0,0.0,0.0,278,35.98631286621094,fresh_online_exploration,22,23,1.0,1.0,10.40262508392334,4.981219291687012,6.039811134338379
295968,31,1.0035074949264526,1.0035074949264526,1.0036544799804688,0.00014695637219119817,1.0,1.0,0.0,0.0,0.0,275,35.595733642578125,fresh_online_exploration,22,23,1.0,1.0,10.408757209777832,5.006424427032471,5.726578235626221
295968,62,1.004760503768921,1.004760503768921,1.0069265365600586,0.0021660099737346172,1.0,1.0,0.0,0.0,0.0,283,36.16530990600586,fresh_online_exploration,22,23,1.0,1.0,10.330405235290527,4.9938225746154785,5.871264457702637
295968,74,1.0027209520339966,1.0027209520339966,1.0152127742767334,0.012491938658058643,1.0,1.0,0.0,0.0,0.0,276,35.887481689453125,fresh_online_exploration,22,23,1.0,1.0,10.4158296585083,4.993888854980469,6.138158321380615
295968,75,1.0016778707504272,1.0016778707504272,1.0016875267028809,9.631817192712333e-06,1.0,1.0,0.0,0.0,0.0,282,35.72813034057617,fresh_online_exploration,22,23,1.0,1.0,10.350872039794922,4.984755992889404,5.496530532836914
296160,87,1.0038750171661377,1.0038750171661377,1.0295207500457764,0.02564568817615509,1.0,1.0,0.0,0.0,0.0,273,35.85187530517578,fresh_online_exploration,22,23,1.0,1.0,10.360187530517578,4.994390487670898,6.288684844970703
296160,93,1.004569172859192,1.004569172859192,1.0046586990356445,8.955162775237113e-05,1.0,1.0,0.0,0.0,0.0,278,35.72113800048828,fresh_online_exploration,22,23,1.0,1.0,10.395641326904297,5.002317428588867,5.676666736602783
296352,15,1.0051556825637817,1.0051556825637817,1.009732961654663,0.004577292129397392,1.0,1.0,0.0,0.0,0.0,275,35.93575668334961,fresh_online_exploration,22,23,1.0,1.0,10.390569686889648,5.007045269012451,6.208738803863525
296352,26,1.0000110864639282,1.0000110864639282,1.0050246715545654,0.005013716407120228,1.0,1.0,0.0,0.0,0.0,271,35.68990707397461,fresh_online_exploration,22,23,1.0,1.0,10.33675765991211,4.948651313781738,6.296916961669922
296352,32,1.005598545074463,1.005598545074463,1.0092428922653198,0.0036442968994379044,1.0,1.0,0.0,0.0,0.0,277,36.06003189086914,fresh_online_exploration,22,23,1.0,1.0,10.380578994750977,4.945976734161377,6.187448501586914
296352,36,1.0005871057510376,1.0005871057510376,1.0115869045257568,0.010999856516718864,1.0,1.0,0.0,0.0,0.0,272,35.779296875,fresh_online_exploration,22,23,1.0,1.0,10.358925819396973,4.936472415924072,6.255153179168701
296448,95,1.0056068897247314,1.0056068897247314,1.0056366920471191,2.9805174563080072e-05,1.0,1.0,0.0,0.0,0.0,283,36.17643356323242,fresh_online_exploration,22,23,1.0,1.0,10.29550552368164,4.963759899139404,5.8854756355285645
296544,45,1.0002541542053223,1.0002541542053223,1.0224415063858032,0.02218734100461006,1.0,1.0,0.0,0.0,0.0,269,35.71737289428711,fresh_online_exploration,22,23,1.0,1.0,10.434354782104492,4.947501182556152,6.390554904937744
296640,33,1.0043820142745972,1.0043820142745972,1.0045326948165894,0.0001506637199781835,1.0,1.0,0.0,0.0,0.0,273,35.464820861816406,fresh_online_exploration,22,23,1.0,1.0,10.423983573913574,4.926753520965576,5.7975263595581055
296640,68,1.0018165111541748,1.0018165111541748,1.0044832229614258,0.002666663145646453,1.0,1.0,0.0,0.0,0.0,276,35.57976150512695,fresh_online_exploration,22,23,1.0,1.0,10.303594589233398,4.963300704956055,5.710136890411377
296736,83,1.0043516159057617,1.0043516159057617,1.019472599029541,0.01512097381055355,1.0,1.0,0.0,0.0,0.0,273,35.47071838378906,fresh_online_exploration,22,23,1.0,1.0,10.525075912475586,4.961126804351807,5.727883815765381
296832,28,1.0050421953201294,1.0050421953201294,1.0050787925720215,3.6631736293202266e-05,1.0,1.0,0.0,0.0,0.0,275,35.963462829589844,fresh_online_exploration,22,23,1.0,1.0,10.337388038635254,4.9463982582092285,6.1934123039245605
296832,65,1.0033555030822754,1.0033555030822754,1.0130995512008667,0.009744027629494667,1.0,1.0,0.0,0.0,0.0,273,35.48257827758789,fresh_online_exploration,22,23,1.0,1.0,10.45119857788086,4.898258209228516,5.725045204162598
296928,20,1.0030972957611084,1.0030972957611084,1.003568410873413,0.0004711673245765269,1.0,1.0,0.0,0.0,0.0,276,35.954627990722656,fresh_online_exploration,22,23,1.0,1.0,10.333881378173828,4.937629222869873,6.154086589813232
297024,35,1.0045045614242554,1.0045045614242554,1.0160737037658691,0.011569219641387463,1.0,1.0,0.0,0.0,0.0,273,35.48640441894531,fresh_online_exploration,22,23,1.0,1.0,10.526339530944824,4.946140289306641,5.728991985321045
297024,48,1.0048673152923584,1.0048673152923584,1.0051000118255615,0.00023271673126146197,1.0,1.0,0.0,0.0,0.0,282,35.6875114440918,fresh_online_exploration,22,23,1.0,1.0,10.396566390991211,5.008824825286865,5.4338812828063965
297216,77,1.0036931037902832,1.0036931037902832,1.0039445161819458,0.0002514166117180139,1.0,1.0,0.0,0.0,0.0,280,36.04860305786133,fresh_online_exploration,22,23,1.0,1.0,10.378783226013184,4.92619514465332,5.9962310791015625
297312,25,1.0006815195083618,1.0006815195083618,1.000741958618164,6.0368693084456027e-05,1.0,1.0,0.0,0.0,0.0,282,36.05257034301758,fresh_online_exploration,22,23,1.0,1.0,10.328721046447754,4.91298770904541,5.920342445373535
297312,46,1.0016772747039795,1.0016772747039795,1.002789855003357,0.001112560392357409,1.0,1.0,0.0,0.0,0.0,273,35.828590393066406,fresh_online_exploration,22,23,1.0,1.0,10.405272483825684,4.930165767669678,6.2768964767456055
297504,40,1.0017834901809692,1.0017834901809692,1.0017926692962646,9.09164737095125e-06,1.0,1.0,0.0,0.0,0.0,282,35.69266891479492,fresh_online_exploration,22,23,1.0,1.0,10.421955108642578,4.940413951873779,5.435362815856934
297504,71,1.0041091442108154,1.0041091442108154,1.0233871936798096,0.019278081133961678,1.0,1.0,0.0,0.0,0.0,271,35.835182189941406,fresh_online_exploration,22,23,1.0,1.0,10.361247062683105,4.98608922958374,6.355029582977295
297504,89,1.0031145811080933,1.0031145811080933,1.003126859664917,1.2353374586382415e-05,1.0,1.0,0.0,0.0,0.0,274,35.90496063232422,fresh_online_exploration,22,23,1.0,1.0,10.42431926727295,4.936160564422607,6.192206382751465
297600,11,1.0045264959335327,1.0045264959335327,1.0071518421173096,0.0026252688840031624,1.0,1.0,0.0,0.0,0.0,284,35.83583068847656,fresh_online_exploration,22,23,1.0,1.0,10.311312675476074,4.956348419189453,5.451183795928955
297696,59,1.0016281604766846,1.0016281604766846,1.0016365051269531,8.425853593507782e-06,1.0,1.0,0.0,0.0,0.0,275,35.90569305419922,fresh_online_exploration,22,23,1.0,1.0,10.404834747314453,4.955636978149414,6.1522955894470215
297696,60,1.0010085105895996,1.0010085105895996,1.0010254383087158,1.700840948615223e-05,1.0,1.0,0.0,0.0,0.0,278,36.00391387939453,fresh_online_exploration,22,23,1.0,1.0,10.334662437438965,4.977677345275879,6.053094863891602
297792,0,1.003307580947876,1.003307580947876,1.0142488479614258,0.01094124373048544,1.0,1.0,0.0,0.0,0.0,271,35.83777618408203,fresh_online_exploration,22,23,1.0,1.0,10.379410743713379,4.927882671356201,6.3094868659973145
297792,34,1.0029281377792358,1.0029281377792358,1.006955862045288,0.004027645569294691,1.0,1.0,0.0,0.0,0.0,282,36.08965301513672,fresh_online_exploration,22,23,1.0,1.0,10.354134559631348,4.942342281341553,5.890405654907227
297888,12,1.0000501871109009,1.0000501871109009,1.0002751350402832,0.0002248371602036059,1.0,1.0,0.0,0.0,0.0,277,35.90956115722656,fresh_online_exploration,22,23,1.0,1.0,10.320511817932129,4.955779075622559,6.1159844398498535
297984,64,1.0002721548080444,1.0002721548080444,1.0002880096435547,1.5905072359601036e-05,1.0,1.0,0.0,0.0,0.0,281,35.6655158996582,fresh_online_exploration,22,23,1.0,1.0,10.330581665039062,4.981123924255371,5.48378849029541
298080,80,1.0044214725494385,1.0044214725494385,1.005332350730896,0.0009108646190725267,1.0,1.0,0.0,0.0,0.0,285,35.78998565673828,fresh_online_exploration,22,23,1.0,1.0,10.312740325927734,4.942190647125244,5.3656158447265625
298176,55,1.0017061233520508,1.0017061233520508,1.00174880027771,4.2710904381237924e-05,1.0,1.0,0.0,0.0,0.0,274,35.528846740722656,fresh_online_exploration,22,23,1.0,1.0,10.408763885498047,4.978802680969238,5.746764183044434
298368,57,1.0048385858535767,1.0048385858535767,1.008754849433899,0.003916292451322079,1.0,1.0,0.0,0.0,0.0,282,36.05036163330078,fresh_online_exploration,22,23,1.0,1.0,10.340205192565918,4.933929443359375,5.941310882568359
298368,61,1.002525806427002,1.002525806427002,1.0118296146392822,0.009303692728281021,1.0,1.0,0.0,0.0,0.0,277,35.91252136230469,fresh_online_exploration,22,23,1.0,1.0,10.31937026977539,4.915899753570557,6.078484535217285
298560,85,1.0014318227767944,1.0014318227767944,1.0014679431915283,3.606954123824835e-05,1.0,1.0,0.0,0.0,0.0,285,36.12858581542969,fresh_online_exploration,22,23,1.0,1.0,10.272761344909668,4.9437971115112305,5.801675319671631
298752,66,1.0030707120895386,1.0030707120895386,1.0030879974365234,1.7302438209298998e-05,1.0,1.0,0.0,0.0,0.0,282,35.61610412597656,fresh_online_exploration,22,23,1.0,1.0,10.410222053527832,4.935914993286133,5.454069137573242
299040,82,1.004888892173767,1.004888892173767,1.0049104690551758,2.155935362679884e-05,1.0,1.0,0.0,0.0,0.0,285,35.81550216674805,fresh_online_exploration,22,23,1.0,1.0,10.35145092010498,4.918946266174316,5.357944488525391
299136,16,1.0027694702148438,1.0027694702148438,1.0058729648590088,0.003103477880358696,1.0,1.0,0.0,0.0,0.0,275,35.52665710449219,fresh_online_exploration,22,23,1.0,1.0,10.436298370361328,4.94942569732666,5.680300235748291
299328,6,1.0030814409255981,1.0030814409255981,1.004128098487854,0.0010466482490301132,1.0,1.0,0.0,0.0,0.0,283,35.74858856201172,fresh_online_exploration,22,23,1.0,1.0,10.423226356506348,4.950141429901123,5.421084403991699
299328,53,1.0046762228012085,1.0046762228012085,1.0046857595443726,9.54630013438873e-06,1.0,1.0,0.0,0.0,0.0,282,35.761802673339844,fresh_online_exploration,22,23,1.0,1.0,10.353910446166992,4.932604789733887,5.4881439208984375
299328,94,1.0010197162628174,1.0010197162628174,1.001086950302124,6.716853386024013e-05,1.0,1.0,0.0,0.0,0.0,285,35.78770065307617,fresh_online_exploration,22,23,1.0,1.0,10.28804874420166,4.935454368591309,5.3493332862854
299424,21,1.0047178268432617,1.0047178268432617,1.0071625709533691,0.0024447136092931032,1.0,1.0,0.0,0.0,0.0,283,35.76713943481445,fresh_online_exploration,22,23,1.0,1.0,10.359830856323242,4.937444686889648,5.467164993286133
299424,42,1.0007879734039307,1.0007879734039307,1.0007965564727783,8.502555829181802e-06,1.0,1.0,0.0,0.0,0.0,281,35.6729736328125,fresh_online_exploration,22,23,1.0,1.0,10.406723022460938,4.962686061859131,5.515678405761719
299520,10,1.0025886297225952,1.0025886297225952,1.0025968551635742,8.222361429943703e-06,1.0,1.0,0.0,0.0,0.0,287,35.804710388183594,fresh_online_exploration,22,23,1.0,1.0,10.324251174926758,4.928504467010498,5.28730583190918
299520,38,1.0018507242202759,1.0018507242202759,1.0018596649169922,9.000038517115172e-06,1.0,1.0,0.0,0.0,0.0,284,35.737823486328125,fresh_online_exploration,22,23,1.0,1.0,10.34634780883789,4.943475723266602,5.396534442901611
299520,78,1.001960277557373,1.001960277557373,1.0019772052764893,1.6923480870900676e-05,1.0,1.0,0.0,0.0,0.0,272,35.840232849121094,fresh_online_exploration,22,23,1.0,1.0,10.398284912109375,4.960181713104248,6.354279041290283
299616,14,1.0047557353973389,1.0047557353973389,1.0050327777862549,0.00027709471760317683,1.0,1.0,0.0,0.0,0.0,276,35.975433349609375,fresh_online_exploration,22,23,1.0,1.0,10.414886474609375,4.940869331359863,6.1630473136901855
